date,base_top20_equal,spy_trend_overlay,sector_trend_overlay,spy_sector_credit_overlay,spy_sector_credit_overlay_vt25,spy_sector_credit_overlay_vt30
2012-01-03,0.0,0.0,0.0,0.0,0.0,0.0
2012-01-04,0.0,0.0,0.0,0.0,0.0,0.0
2012-01-05,0.0,0.0,0.0,0.0,0.0,0.0
2012-01-06,0.0,0.0,0.0,0.0,0.0,0.0
2012-01-09,0.0,0.0,0.0,0.0,0.0,0.0
2012-01-10,0.0,0.0,0.0,0.0,0.0,0.0
2012-01-11,0.0,0.0,0.0,0.0,0.0,0.0
2012-01-12,0.0,0.0,0.0,0.0,0.0,0.0
2012-01-13,0.0,0.0,0.0,0.0,0.0,0.0
2012-01-17,0.0,0.0,0.0,0.0,0.0,0.0
2012-01-18,0.0,0.0,0.0,0.0,0.0,0.0
2012-01-19,0.0,0.0,0.0,0.0,0.0,0.0
2012-01-20,0.0,0.0,0.0,0.0,0.0,0.0
2012-01-23,0.0,0.0,0.0,0.0,0.0,0.0
2012-01-24,0.0,0.0,0.0,0.0,0.0,0.0
2012-01-25,0.0,0.0,0.0,0.0,0.0,0.0
2012-01-26,0.0,0.0,0.0,0.0,0.0,0.0
2012-01-27,0.0,0.0,0.0,0.0,0.0,0.0
2012-01-30,0.0,0.0,0.0,0.0,0.0,0.0
2012-01-31,0.0,0.0,0.0,0.0,0.0,0.0
2012-02-01,0.0,0.0,0.0,0.0,0.0,0.0
2012-02-02,0.0,0.0,0.0,0.0,0.0,0.0
2012-02-03,0.0,0.0,0.0,0.0,0.0,0.0
2012-02-06,0.0,0.0,0.0,0.0,0.0,0.0
2012-02-07,0.0,0.0,0.0,0.0,0.0,0.0
2012-02-08,0.0,0.0,0.0,0.0,0.0,0.0
2012-02-09,0.0,0.0,0.0,0.0,0.0,0.0
2012-02-10,0.0,0.0,0.0,0.0,0.0,0.0
2012-02-13,0.0,0.0,0.0,0.0,0.0,0.0
2012-02-14,0.0,0.0,0.0,0.0,0.0,0.0
2012-02-15,0.0,0.0,0.0,0.0,0.0,0.0
2012-02-16,0.0,0.0,0.0,0.0,0.0,0.0
2012-02-17,0.0,0.0,0.0,0.0,0.0,0.0
2012-02-21,0.0,0.0,0.0,0.0,0.0,0.0
2012-02-22,0.0,0.0,0.0,0.0,0.0,0.0
2012-02-23,0.0,0.0,0.0,0.0,0.0,0.0
2012-02-24,0.0,0.0,0.0,0.0,0.0,0.0
2012-02-27,0.0,0.0,0.0,0.0,0.0,0.0
2012-02-28,0.0,0.0,0.0,0.0,0.0,0.0
2012-02-29,0.0,0.0,0.0,0.0,0.0,0.0
2012-03-01,0.0,0.0,0.0,0.0,0.0,0.0
2012-03-02,0.0,0.0,0.0,0.0,0.0,0.0
2012-03-05,0.0,0.0,0.0,0.0,0.0,0.0
2012-03-06,0.0,0.0,0.0,0.0,0.0,0.0
2012-03-07,0.0,0.0,0.0,0.0,0.0,0.0
2012-03-08,0.0,0.0,0.0,0.0,0.0,0.0
2012-03-09,0.0,0.0,0.0,0.0,0.0,0.0
2012-03-12,0.0,0.0,0.0,0.0,0.0,0.0
2012-03-13,0.0,0.0,0.0,0.0,0.0,0.0
2012-03-14,0.0,0.0,0.0,0.0,0.0,0.0
2012-03-15,0.0,0.0,0.0,0.0,0.0,0.0
2012-03-16,0.0,0.0,0.0,0.0,0.0,0.0
2012-03-19,0.0,0.0,0.0,0.0,0.0,0.0
2012-03-20,0.0,0.0,0.0,0.0,0.0,0.0
2012-03-21,0.0,0.0,0.0,0.0,0.0,0.0
2012-03-22,0.0,0.0,0.0,0.0,0.0,0.0
2012-03-23,0.0,0.0,0.0,0.0,0.0,0.0
2012-03-26,0.0,0.0,0.0,0.0,0.0,0.0
2012-03-27,0.0,0.0,0.0,0.0,0.0,0.0
2012-03-28,0.0,0.0,0.0,0.0,0.0,0.0
2012-03-29,0.0,0.0,0.0,0.0,0.0,0.0
2012-03-30,0.0,0.0,0.0,0.0,0.0,0.0
2012-04-02,0.0,0.0,0.0,0.0,0.0,0.0
2012-04-03,0.0,0.0,0.0,0.0,0.0,0.0
2012-04-04,0.0,0.0,0.0,0.0,0.0,0.0
2012-04-05,0.0,0.0,0.0,0.0,0.0,0.0
2012-04-09,0.0,0.0,0.0,0.0,0.0,0.0
2012-04-10,0.0,0.0,0.0,0.0,0.0,0.0
2012-04-11,0.0,0.0,0.0,0.0,0.0,0.0
2012-04-12,0.0,0.0,0.0,0.0,0.0,0.0
2012-04-13,0.0,0.0,0.0,0.0,0.0,0.0
2012-04-16,0.0,0.0,0.0,0.0,0.0,0.0
2012-04-17,0.0,0.0,0.0,0.0,0.0,0.0
2012-04-18,0.0,0.0,0.0,0.0,0.0,0.0
2012-04-19,0.0,0.0,0.0,0.0,0.0,0.0
2012-04-20,0.0,0.0,0.0,0.0,0.0,0.0
2012-04-23,0.0,0.0,0.0,0.0,0.0,0.0
2012-04-24,0.0,0.0,0.0,0.0,0.0,0.0
2012-04-25,0.0,0.0,0.0,0.0,0.0,0.0
2012-04-26,0.0,0.0,0.0,0.0,0.0,0.0
2012-04-27,0.0,0.0,0.0,0.0,0.0,0.0
2012-04-30,0.0,0.0,0.0,0.0,0.0,0.0
2012-05-01,0.0,0.0,0.0,0.0,0.0,0.0
2012-05-02,0.0,0.0,0.0,0.0,0.0,0.0
2012-05-03,0.0,0.0,0.0,0.0,0.0,0.0
2012-05-04,0.0,0.0,0.0,0.0,0.0,0.0
2012-05-07,0.0,0.0,0.0,0.0,0.0,0.0
2012-05-08,0.0,0.0,0.0,0.0,0.0,0.0
2012-05-09,0.0,0.0,0.0,0.0,0.0,0.0
2012-05-10,0.0,0.0,0.0,0.0,0.0,0.0
2012-05-11,0.0,0.0,0.0,0.0,0.0,0.0
2012-05-14,0.0,0.0,0.0,0.0,0.0,0.0
2012-05-15,0.0,0.0,0.0,0.0,0.0,0.0
2012-05-16,0.0,0.0,0.0,0.0,0.0,0.0
2012-05-17,0.0,0.0,0.0,0.0,0.0,0.0
2012-05-18,0.0,0.0,0.0,0.0,0.0,0.0
2012-05-21,0.0,0.0,0.0,0.0,0.0,0.0
2012-05-22,0.0,0.0,0.0,0.0,0.0,0.0
2012-05-23,0.0,0.0,0.0,0.0,0.0,0.0
2012-05-24,0.0,0.0,0.0,0.0,0.0,0.0
2012-05-25,0.0,0.0,0.0,0.0,0.0,0.0
2012-05-29,0.0,0.0,0.0,0.0,0.0,0.0
2012-05-30,0.0,0.0,0.0,0.0,0.0,0.0
2012-05-31,0.0,0.0,0.0,0.0,0.0,0.0
2012-06-01,0.0,0.0,0.0,0.0,0.0,0.0
2012-06-04,0.0,0.0,0.0,0.0,0.0,0.0
2012-06-05,0.0,0.0,0.0,0.0,0.0,0.0
2012-06-06,0.0,0.0,0.0,0.0,0.0,0.0
2012-06-07,0.0,0.0,0.0,0.0,0.0,0.0
2012-06-08,0.0,0.0,0.0,0.0,0.0,0.0
2012-06-11,0.0,0.0,0.0,0.0,0.0,0.0
2012-06-12,0.0,0.0,0.0,0.0,0.0,0.0
2012-06-13,0.0,0.0,0.0,0.0,0.0,0.0
2012-06-14,0.0,0.0,0.0,0.0,0.0,0.0
2012-06-15,0.0,0.0,0.0,0.0,0.0,0.0
2012-06-18,0.0,0.0,0.0,0.0,0.0,0.0
2012-06-19,0.0,0.0,0.0,0.0,0.0,0.0
2012-06-20,0.0,0.0,0.0,0.0,0.0,0.0
2012-06-21,0.0,0.0,0.0,0.0,0.0,0.0
2012-06-22,0.0,0.0,0.0,0.0,0.0,0.0
2012-06-25,0.0,0.0,0.0,0.0,0.0,0.0
2012-06-26,0.0,0.0,0.0,0.0,0.0,0.0
2012-06-27,0.0,0.0,0.0,0.0,0.0,0.0
2012-06-28,0.0,0.0,0.0,0.0,0.0,0.0
2012-06-29,0.0,0.0,0.0,0.0,0.0,0.0
2012-07-02,0.0,0.0,0.0,0.0,0.0,0.0
2012-07-03,0.0,0.0,0.0,0.0,0.0,0.0
2012-07-05,0.0,0.0,0.0,0.0,0.0,0.0
2012-07-06,0.0,0.0,0.0,0.0,0.0,0.0
2012-07-09,0.0,0.0,0.0,0.0,0.0,0.0
2012-07-10,0.0,0.0,0.0,0.0,0.0,0.0
2012-07-11,0.0,0.0,0.0,0.0,0.0,0.0
2012-07-12,0.0,0.0,0.0,0.0,0.0,0.0
2012-07-13,0.0,0.0,0.0,0.0,0.0,0.0
2012-07-16,0.0,0.0,0.0,0.0,0.0,0.0
2012-07-17,0.0,0.0,0.0,0.0,0.0,0.0
2012-07-18,0.0,0.0,0.0,0.0,0.0,0.0
2012-07-19,0.0,0.0,0.0,0.0,0.0,0.0
2012-07-20,0.0,0.0,0.0,0.0,0.0,0.0
2012-07-23,0.0,0.0,0.0,0.0,0.0,0.0
2012-07-24,0.0,0.0,0.0,0.0,0.0,0.0
2012-07-25,0.0,0.0,0.0,0.0,0.0,0.0
2012-07-26,0.0,0.0,0.0,0.0,0.0,0.0
2012-07-27,0.0,0.0,0.0,0.0,0.0,0.0
2012-07-30,0.0,0.0,0.0,0.0,0.0,0.0
2012-07-31,0.0,0.0,0.0,0.0,0.0,0.0
2012-08-01,0.0,0.0,0.0,0.0,0.0,0.0
2012-08-02,0.0,0.0,0.0,0.0,0.0,0.0
2012-08-03,0.0,0.0,0.0,0.0,0.0,0.0
2012-08-06,0.0,0.0,0.0,0.0,0.0,0.0
2012-08-07,0.0,0.0,0.0,0.0,0.0,0.0
2012-08-08,0.0,0.0,0.0,0.0,0.0,0.0
2012-08-09,0.0,0.0,0.0,0.0,0.0,0.0
2012-08-10,0.0,0.0,0.0,0.0,0.0,0.0
2012-08-13,0.0,0.0,0.0,0.0,0.0,0.0
2012-08-14,0.0,0.0,0.0,0.0,0.0,0.0
2012-08-15,0.0,0.0,0.0,0.0,0.0,0.0
2012-08-16,0.0,0.0,0.0,0.0,0.0,0.0
2012-08-17,0.0,0.0,0.0,0.0,0.0,0.0
2012-08-20,0.0,0.0,0.0,0.0,0.0,0.0
2012-08-21,0.0,0.0,0.0,0.0,0.0,0.0
2012-08-22,0.0,0.0,0.0,0.0,0.0,0.0
2012-08-23,0.0,0.0,0.0,0.0,0.0,0.0
2012-08-24,0.0,0.0,0.0,0.0,0.0,0.0
2012-08-27,0.0,0.0,0.0,0.0,0.0,0.0
2012-08-28,0.0,0.0,0.0,0.0,0.0,0.0
2012-08-29,0.0,0.0,0.0,0.0,0.0,0.0
2012-08-30,0.0,0.0,0.0,0.0,0.0,0.0
2012-08-31,0.0,0.0,0.0,0.0,0.0,0.0
2012-09-04,0.0,0.0,0.0,0.0,0.0,0.0
2012-09-05,0.0,0.0,0.0,0.0,0.0,0.0
2012-09-06,0.0,0.0,0.0,0.0,0.0,0.0
2012-09-07,0.0,0.0,0.0,0.0,0.0,0.0
2012-09-10,0.0,0.0,0.0,0.0,0.0,0.0
2012-09-11,0.0,0.0,0.0,0.0,0.0,0.0
2012-09-12,0.0,0.0,0.0,0.0,0.0,0.0
2012-09-13,0.0,0.0,0.0,0.0,0.0,0.0
2012-09-14,0.0,0.0,0.0,0.0,0.0,0.0
2012-09-17,0.0,0.0,0.0,0.0,0.0,0.0
2012-09-18,0.0,0.0,0.0,0.0,0.0,0.0
2012-09-19,0.0,0.0,0.0,0.0,0.0,0.0
2012-09-20,0.0,0.0,0.0,0.0,0.0,0.0
2012-09-21,0.0,0.0,0.0,0.0,0.0,0.0
2012-09-24,0.0,0.0,0.0,0.0,0.0,0.0
2012-09-25,0.0,0.0,0.0,0.0,0.0,0.0
2012-09-26,0.0,0.0,0.0,0.0,0.0,0.0
2012-09-27,0.0,0.0,0.0,0.0,0.0,0.0
2012-09-28,0.0,0.0,0.0,0.0,0.0,0.0
2012-10-01,0.0,0.0,0.0,0.0,0.0,0.0
2012-10-02,0.0,0.0,0.0,0.0,0.0,0.0
2012-10-03,0.0,0.0,0.0,0.0,0.0,0.0
2012-10-04,0.0,0.0,0.0,0.0,0.0,0.0
2012-10-05,0.0,0.0,0.0,0.0,0.0,0.0
2012-10-08,0.0,0.0,0.0,0.0,0.0,0.0
2012-10-09,0.0,0.0,0.0,0.0,0.0,0.0
2012-10-10,0.0,0.0,0.0,0.0,0.0,0.0
2012-10-11,0.0,0.0,0.0,0.0,0.0,0.0
2012-10-12,0.0,0.0,0.0,0.0,0.0,0.0
2012-10-15,0.0,0.0,0.0,0.0,0.0,0.0
2012-10-16,0.0,0.0,0.0,0.0,0.0,0.0
2012-10-17,0.0,0.0,0.0,0.0,0.0,0.0
2012-10-18,0.0,0.0,0.0,0.0,0.0,0.0
2012-10-19,0.0,0.0,0.0,0.0,0.0,0.0
2012-10-22,0.0,0.0,0.0,0.0,0.0,0.0
2012-10-23,0.0,0.0,0.0,0.0,0.0,0.0
2012-10-24,0.0,0.0,0.0,0.0,0.0,0.0
2012-10-25,0.0,0.0,0.0,0.0,0.0,0.0
2012-10-26,0.0,0.0,0.0,0.0,0.0,0.0
2012-10-31,0.0,0.0,0.0,0.0,0.0,0.0
2012-11-01,0.0,0.0,0.0,0.0,0.0,0.0
2012-11-02,0.0,0.0,0.0,0.0,0.0,0.0
2012-11-05,0.0,0.0,0.0,0.0,0.0,0.0
2012-11-06,0.0,0.0,0.0,0.0,0.0,0.0
2012-11-07,0.0,0.0,0.0,0.0,0.0,0.0
2012-11-08,0.0,0.0,0.0,0.0,0.0,0.0
2012-11-09,0.0,0.0,0.0,0.0,0.0,0.0
2012-11-12,0.0,0.0,0.0,0.0,0.0,0.0
2012-11-13,0.0,0.0,0.0,0.0,0.0,0.0
2012-11-14,0.0,0.0,0.0,0.0,0.0,0.0
2012-11-15,0.0,0.0,0.0,0.0,0.0,0.0
2012-11-16,0.0,0.0,0.0,0.0,0.0,0.0
2012-11-19,0.0,0.0,0.0,0.0,0.0,0.0
2012-11-20,0.0,0.0,0.0,0.0,0.0,0.0
2012-11-21,0.0,0.0,0.0,0.0,0.0,0.0
2012-11-23,0.0,0.0,0.0,0.0,0.0,0.0
2012-11-26,0.0,0.0,0.0,0.0,0.0,0.0
2012-11-27,0.0,0.0,0.0,0.0,0.0,0.0
2012-11-28,0.0,0.0,0.0,0.0,0.0,0.0
2012-11-29,0.0,0.0,0.0,0.0,0.0,0.0
2012-11-30,0.0,0.0,0.0,0.0,0.0,0.0
2012-12-03,0.0,0.0,0.0,0.0,0.0,0.0
2012-12-04,0.0,0.0,0.0,0.0,0.0,0.0
2012-12-05,0.0,0.0,0.0,0.0,0.0,0.0
2012-12-06,0.0,0.0,0.0,0.0,0.0,0.0
2012-12-07,0.0,0.0,0.0,0.0,0.0,0.0
2012-12-10,0.0,0.0,0.0,0.0,0.0,0.0
2012-12-11,0.0,0.0,0.0,0.0,0.0,0.0
2012-12-12,0.0,0.0,0.0,0.0,0.0,0.0
2012-12-13,0.0,0.0,0.0,0.0,0.0,0.0
2012-12-14,0.0,0.0,0.0,0.0,0.0,0.0
2012-12-17,0.0,0.0,0.0,0.0,0.0,0.0
2012-12-18,0.0,0.0,0.0,0.0,0.0,0.0
2012-12-19,0.0,0.0,0.0,0.0,0.0,0.0
2012-12-20,0.0,0.0,0.0,0.0,0.0,0.0
2012-12-21,0.0,0.0,0.0,0.0,0.0,0.0
2012-12-24,0.0,0.0,0.0,0.0,0.0,0.0
2012-12-26,0.0,0.0,0.0,0.0,0.0,0.0
2012-12-27,0.0,0.0,0.0,0.0,0.0,0.0
2012-12-28,0.0,0.0,0.0,0.0,0.0,0.0
2012-12-31,0.0,0.0,0.0,0.0,0.0,0.0
2013-01-02,0.0,0.0,0.0,0.0,0.0,0.0
2013-01-03,0.0,0.0,0.0,0.0,0.0,0.0
2013-01-04,0.0,0.0,0.0,0.0,0.0,0.0
2013-01-07,0.0,0.0,0.0,0.0,0.0,0.0
2013-01-08,0.0,0.0,0.0,0.0,0.0,0.0
2013-01-09,0.0,0.0,0.0,0.0,0.0,0.0
2013-01-10,0.0,0.0,0.0,0.0,0.0,0.0
2013-01-11,0.0,0.0,0.0,0.0,0.0,0.0
2013-01-14,0.0,0.0,0.0,0.0,0.0,0.0
2013-01-15,0.0,0.0,0.0,0.0,0.0,0.0
2013-01-16,0.0,0.0,0.0,0.0,0.0,0.0
2013-01-17,0.0,0.0,0.0,0.0,0.0,0.0
2013-01-18,0.0,0.0,0.0,0.0,0.0,0.0
2013-01-22,0.0,0.0,0.0,0.0,0.0,0.0
2013-01-23,0.0,0.0,0.0,0.0,0.0,0.0
2013-01-24,0.0,0.0,0.0,0.0,0.0,0.0
2013-01-25,0.0,0.0,0.0,0.0,0.0,0.0
2013-01-28,0.0,0.0,0.0,0.0,0.0,0.0
2013-01-29,0.0,0.0,0.0,0.0,0.0,0.0
2013-01-30,0.0,0.0,0.0,0.0,0.0,0.0
2013-01-31,0.0,0.0,0.0,0.0,0.0,0.0
2013-02-01,0.0,0.0,0.0,0.0,0.0,0.0
2013-02-04,0.0,0.0,0.0,0.0,0.0,0.0
2013-02-05,0.0,0.0,0.0,0.0,0.0,0.0
2013-02-06,0.0,0.0,0.0,0.0,0.0,0.0
2013-02-07,0.0,0.0,0.0,0.0,0.0,0.0
2013-02-08,0.0,0.0,0.0,0.0,0.0,0.0
2013-02-11,0.0,0.0,0.0,0.0,0.0,0.0
2013-02-12,0.0,0.0,0.0,0.0,0.0,0.0
2013-02-13,0.0,0.0,0.0,0.0,0.0,0.0
2013-02-14,0.0,0.0,0.0,0.0,0.0,0.0
2013-02-15,0.0,0.0,0.0,0.0,0.0,0.0
2013-02-19,0.0,0.0,0.0,0.0,0.0,0.0
2013-02-20,0.0,0.0,0.0,0.0,0.0,0.0
2013-02-21,0.0,0.0,0.0,0.0,0.0,0.0
2013-02-22,0.0,0.0,0.0,0.0,0.0,0.0
2013-02-25,0.0,0.0,0.0,0.0,0.0,0.0
2013-02-26,0.0,0.0,0.0,0.0,0.0,0.0
2013-02-27,0.0,0.0,0.0,0.0,0.0,0.0
2013-02-28,0.0,0.0,0.0,0.0,0.0,0.0
2013-03-01,0.0,0.0,0.0,0.0,0.0,0.0
2013-03-04,0.0,0.0,0.0,0.0,0.0,0.0
2013-03-05,0.0,0.0,0.0,0.0,0.0,0.0
2013-03-06,0.0,0.0,0.0,0.0,0.0,0.0
2013-03-07,0.0,0.0,0.0,0.0,0.0,0.0
2013-03-08,0.0,0.0,0.0,0.0,0.0,0.0
2013-03-11,0.0,0.0,0.0,0.0,0.0,0.0
2013-03-12,0.0,0.0,0.0,0.0,0.0,0.0
2013-03-13,0.0,0.0,0.0,0.0,0.0,0.0
2013-03-14,0.0,0.0,0.0,0.0,0.0,0.0
2013-03-15,0.0,0.0,0.0,0.0,0.0,0.0
2013-03-18,0.0,0.0,0.0,0.0,0.0,0.0
2013-03-19,0.0,0.0,0.0,0.0,0.0,0.0
2013-03-20,0.0,0.0,0.0,0.0,0.0,0.0
2013-03-21,0.0,0.0,0.0,0.0,0.0,0.0
2013-03-22,0.0,0.0,0.0,0.0,0.0,0.0
2013-03-25,0.0,0.0,0.0,0.0,0.0,0.0
2013-03-26,0.0,0.0,0.0,0.0,0.0,0.0
2013-03-27,0.0,0.0,0.0,0.0,0.0,0.0
2013-03-28,0.0,0.0,0.0,0.0,0.0,0.0
2013-04-01,0.0,0.0,0.0,0.0,0.0,0.0
2013-04-02,0.0,0.0,0.0,0.0,0.0,0.0
2013-04-03,0.0,0.0,0.0,0.0,0.0,0.0
2013-04-04,0.0,0.0,0.0,0.0,0.0,0.0
2013-04-05,0.0,0.0,0.0,0.0,0.0,0.0
2013-04-08,0.0,0.0,0.0,0.0,0.0,0.0
2013-04-09,0.0,0.0,0.0,0.0,0.0,0.0
2013-04-10,0.0,0.0,0.0,0.0,0.0,0.0
2013-04-11,0.0,0.0,0.0,0.0,0.0,0.0
2013-04-12,0.0,0.0,0.0,0.0,0.0,0.0
2013-04-15,0.0,0.0,0.0,0.0,0.0,0.0
2013-04-16,0.0,0.0,0.0,0.0,0.0,0.0
2013-04-17,0.0,0.0,0.0,0.0,0.0,0.0
2013-04-18,0.0,0.0,0.0,0.0,0.0,0.0
2013-04-19,0.0,0.0,0.0,0.0,0.0,0.0
2013-04-22,0.0,0.0,0.0,0.0,0.0,0.0
2013-04-23,0.0,0.0,0.0,0.0,0.0,0.0
2013-04-24,0.0,0.0,0.0,0.0,0.0,0.0
2013-04-25,0.0,0.0,0.0,0.0,0.0,0.0
2013-04-26,0.0,0.0,0.0,0.0,0.0,0.0
2013-04-29,0.0,0.0,0.0,0.0,0.0,0.0
2013-04-30,0.0,0.0,0.0,0.0,0.0,0.0
2013-05-01,0.0,0.0,0.0,0.0,0.0,0.0
2013-05-02,0.0,0.0,0.0,0.0,0.0,0.0
2013-05-03,0.0,0.0,0.0,0.0,0.0,0.0
2013-05-06,0.0,0.0,0.0,0.0,0.0,0.0
2013-05-07,0.0,0.0,0.0,0.0,0.0,0.0
2013-05-08,0.0,0.0,0.0,0.0,0.0,0.0
2013-05-09,0.0,0.0,0.0,0.0,0.0,0.0
2013-05-10,0.0,0.0,0.0,0.0,0.0,0.0
2013-05-13,0.0,0.0,0.0,0.0,0.0,0.0
2013-05-14,0.0,0.0,0.0,0.0,0.0,0.0
2013-05-15,0.0,0.0,0.0,0.0,0.0,0.0
2013-05-16,0.0,0.0,0.0,0.0,0.0,0.0
2013-05-17,0.0,0.0,0.0,0.0,0.0,0.0
2013-05-20,0.0,0.0,0.0,0.0,0.0,0.0
2013-05-21,0.0,0.0,0.0,0.0,0.0,0.0
2013-05-22,0.0,0.0,0.0,0.0,0.0,0.0
2013-05-23,0.0,0.0,0.0,0.0,0.0,0.0
2013-05-24,0.0,0.0,0.0,0.0,0.0,0.0
2013-05-28,0.0,0.0,0.0,0.0,0.0,0.0
2013-05-29,0.0,0.0,0.0,0.0,0.0,0.0
2013-05-30,0.0,0.0,0.0,0.0,0.0,0.0
2013-05-31,0.0,0.0,0.0,0.0,0.0,0.0
2013-06-03,0.0,0.0,0.0,0.0,0.0,0.0
2013-06-04,0.0,0.0,0.0,0.0,0.0,0.0
2013-06-05,0.0,0.0,0.0,0.0,0.0,0.0
2013-06-06,0.0,0.0,0.0,0.0,0.0,0.0
2013-06-07,0.0,0.0,0.0,0.0,0.0,0.0
2013-06-10,0.0,0.0,0.0,0.0,0.0,0.0
2013-06-11,0.0,0.0,0.0,0.0,0.0,0.0
2013-06-12,0.0,0.0,0.0,0.0,0.0,0.0
2013-06-13,0.0,0.0,0.0,0.0,0.0,0.0
2013-06-14,0.0,0.0,0.0,0.0,0.0,0.0
2013-06-17,0.0,0.0,0.0,0.0,0.0,0.0
2013-06-18,0.0,0.0,0.0,0.0,0.0,0.0
2013-06-19,0.0,0.0,0.0,0.0,0.0,0.0
2013-06-20,0.0,0.0,0.0,0.0,0.0,0.0
2013-06-21,0.0,0.0,0.0,0.0,0.0,0.0
2013-06-24,0.0,0.0,0.0,0.0,0.0,0.0
2013-06-25,0.0,0.0,0.0,0.0,0.0,0.0
2013-06-26,0.0,0.0,0.0,0.0,0.0,0.0
2013-06-27,0.0,0.0,0.0,0.0,0.0,0.0
2013-06-28,0.0,0.0,0.0,0.0,0.0,0.0
2013-07-01,0.0,0.0,0.0,0.0,0.0,0.0
2013-07-02,0.0,0.0,0.0,0.0,0.0,0.0
2013-07-03,0.0,0.0,0.0,0.0,0.0,0.0
2013-07-05,0.0,0.0,0.0,0.0,0.0,0.0
2013-07-08,0.0,0.0,0.0,0.0,0.0,0.0
2013-07-09,0.0,0.0,0.0,0.0,0.0,0.0
2013-07-10,0.0,0.0,0.0,0.0,0.0,0.0
2013-07-11,0.0,0.0,0.0,0.0,0.0,0.0
2013-07-12,0.0,0.0,0.0,0.0,0.0,0.0
2013-07-15,0.0,0.0,0.0,0.0,0.0,0.0
2013-07-16,0.0,0.0,0.0,0.0,0.0,0.0
2013-07-17,0.0,0.0,0.0,0.0,0.0,0.0
2013-07-18,0.0,0.0,0.0,0.0,0.0,0.0
2013-07-19,0.0,0.0,0.0,0.0,0.0,0.0
2013-07-22,0.0,0.0,0.0,0.0,0.0,0.0
2013-07-23,0.0,0.0,0.0,0.0,0.0,0.0
2013-07-24,0.0,0.0,0.0,0.0,0.0,0.0
2013-07-25,0.0,0.0,0.0,0.0,0.0,0.0
2013-07-26,0.0,0.0,0.0,0.0,0.0,0.0
2013-07-29,0.0,0.0,0.0,0.0,0.0,0.0
2013-07-30,0.0,0.0,0.0,0.0,0.0,0.0
2013-07-31,0.0,0.0,0.0,0.0,0.0,0.0
2013-08-01,0.0,0.0,0.0,0.0,0.0,0.0
2013-08-02,0.0,0.0,0.0,0.0,0.0,0.0
2013-08-05,0.0,0.0,0.0,0.0,0.0,0.0
2013-08-06,0.0,0.0,0.0,0.0,0.0,0.0
2013-08-07,0.0,0.0,0.0,0.0,0.0,0.0
2013-08-08,0.0,0.0,0.0,0.0,0.0,0.0
2013-08-09,0.0,0.0,0.0,0.0,0.0,0.0
2013-08-12,0.0,0.0,0.0,0.0,0.0,0.0
2013-08-13,0.0,0.0,0.0,0.0,0.0,0.0
2013-08-14,0.0,0.0,0.0,0.0,0.0,0.0
2013-08-15,0.0,0.0,0.0,0.0,0.0,0.0
2013-08-16,0.0,0.0,0.0,0.0,0.0,0.0
2013-08-19,0.0,0.0,0.0,0.0,0.0,0.0
2013-08-20,0.0,0.0,0.0,0.0,0.0,0.0
2013-08-21,0.0,0.0,0.0,0.0,0.0,0.0
2013-08-22,0.0,0.0,0.0,0.0,0.0,0.0
2013-08-23,0.0,0.0,0.0,0.0,0.0,0.0
2013-08-26,0.0,0.0,0.0,0.0,0.0,0.0
2013-08-27,0.0,0.0,0.0,0.0,0.0,0.0
2013-08-28,0.0,0.0,0.0,0.0,0.0,0.0
2013-08-29,0.0,0.0,0.0,0.0,0.0,0.0
2013-08-30,0.0,0.0,0.0,0.0,0.0,0.0
2013-09-03,0.0,0.0,0.0,0.0,0.0,0.0
2013-09-04,0.0,0.0,0.0,0.0,0.0,0.0
2013-09-05,0.0,0.0,0.0,0.0,0.0,0.0
2013-09-06,0.0,0.0,0.0,0.0,0.0,0.0
2013-09-09,0.0,0.0,0.0,0.0,0.0,0.0
2013-09-10,0.0,0.0,0.0,0.0,0.0,0.0
2013-09-11,0.0,0.0,0.0,0.0,0.0,0.0
2013-09-12,0.0,0.0,0.0,0.0,0.0,0.0
2013-09-13,0.0,0.0,0.0,0.0,0.0,0.0
2013-09-16,0.0,0.0,0.0,0.0,0.0,0.0
2013-09-17,0.0,0.0,0.0,0.0,0.0,0.0
2013-09-18,0.0,0.0,0.0,0.0,0.0,0.0
2013-09-19,0.0,0.0,0.0,0.0,0.0,0.0
2013-09-20,0.0,0.0,0.0,0.0,0.0,0.0
2013-09-23,0.0,0.0,0.0,0.0,0.0,0.0
2013-09-24,0.0,0.0,0.0,0.0,0.0,0.0
2013-09-25,0.0,0.0,0.0,0.0,0.0,0.0
2013-09-26,0.0,0.0,0.0,0.0,0.0,0.0
2013-09-27,0.0,0.0,0.0,0.0,0.0,0.0
2013-09-30,0.0,0.0,0.0,0.0,0.0,0.0
2013-10-01,0.0,0.0,0.0,0.0,0.0,0.0
2013-10-02,0.0,0.0,0.0,0.0,0.0,0.0
2013-10-03,0.0,0.0,0.0,0.0,0.0,0.0
2013-10-04,0.0,0.0,0.0,0.0,0.0,0.0
2013-10-07,0.0,0.0,0.0,0.0,0.0,0.0
2013-10-08,0.0,0.0,0.0,0.0,0.0,0.0
2013-10-09,0.0,0.0,0.0,0.0,0.0,0.0
2013-10-10,0.0,0.0,0.0,0.0,0.0,0.0
2013-10-11,0.0,0.0,0.0,0.0,0.0,0.0
2013-10-14,0.0,0.0,0.0,0.0,0.0,0.0
2013-10-15,0.0,0.0,0.0,0.0,0.0,0.0
2013-10-16,0.0,0.0,0.0,0.0,0.0,0.0
2013-10-17,0.0,0.0,0.0,0.0,0.0,0.0
2013-10-18,0.0,0.0,0.0,0.0,0.0,0.0
2013-10-21,0.0,0.0,0.0,0.0,0.0,0.0
2013-10-22,0.0,0.0,0.0,0.0,0.0,0.0
2013-10-23,0.0,0.0,0.0,0.0,0.0,0.0
2013-10-24,0.0,0.0,0.0,0.0,0.0,0.0
2013-10-25,0.0,0.0,0.0,0.0,0.0,0.0
2013-10-28,0.0,0.0,0.0,0.0,0.0,0.0
2013-10-29,0.0,0.0,0.0,0.0,0.0,0.0
2013-10-30,0.0,0.0,0.0,0.0,0.0,0.0
2013-10-31,0.0,0.0,0.0,0.0,0.0,0.0
2013-11-01,0.0,0.0,0.0,0.0,0.0,0.0
2013-11-04,0.0,0.0,0.0,0.0,0.0,0.0
2013-11-05,0.0,0.0,0.0,0.0,0.0,0.0
2013-11-06,0.0,0.0,0.0,0.0,0.0,0.0
2013-11-07,0.0,0.0,0.0,0.0,0.0,0.0
2013-11-08,0.0,0.0,0.0,0.0,0.0,0.0
2013-11-11,0.0,0.0,0.0,0.0,0.0,0.0
2013-11-12,0.0,0.0,0.0,0.0,0.0,0.0
2013-11-13,0.0,0.0,0.0,0.0,0.0,0.0
2013-11-14,0.0,0.0,0.0,0.0,0.0,0.0
2013-11-15,0.0,0.0,0.0,0.0,0.0,0.0
2013-11-18,0.0,0.0,0.0,0.0,0.0,0.0
2013-11-19,0.0,0.0,0.0,0.0,0.0,0.0
2013-11-20,0.0,0.0,0.0,0.0,0.0,0.0
2013-11-21,0.0,0.0,0.0,0.0,0.0,0.0
2013-11-22,0.0,0.0,0.0,0.0,0.0,0.0
2013-11-25,0.0,0.0,0.0,0.0,0.0,0.0
2013-11-26,0.0,0.0,0.0,0.0,0.0,0.0
2013-11-27,0.0,0.0,0.0,0.0,0.0,0.0
2013-11-29,0.0,0.0,0.0,0.0,0.0,0.0
2013-12-02,0.0,0.0,0.0,0.0,0.0,0.0
2013-12-03,0.0,0.0,0.0,0.0,0.0,0.0
2013-12-04,0.0,0.0,0.0,0.0,0.0,0.0
2013-12-05,0.0,0.0,0.0,0.0,0.0,0.0
2013-12-06,0.0,0.0,0.0,0.0,0.0,0.0
2013-12-09,0.0,0.0,0.0,0.0,0.0,0.0
2013-12-10,0.0,0.0,0.0,0.0,0.0,0.0
2013-12-11,0.0,0.0,0.0,0.0,0.0,0.0
2013-12-12,0.0,0.0,0.0,0.0,0.0,0.0
2013-12-13,0.0,0.0,0.0,0.0,0.0,0.0
2013-12-16,0.0,0.0,0.0,0.0,0.0,0.0
2013-12-17,0.0,0.0,0.0,0.0,0.0,0.0
2013-12-18,0.0,0.0,0.0,0.0,0.0,0.0
2013-12-19,0.0,0.0,0.0,0.0,0.0,0.0
2013-12-20,0.0,0.0,0.0,0.0,0.0,0.0
2013-12-23,0.0,0.0,0.0,0.0,0.0,0.0
2013-12-24,0.0,0.0,0.0,0.0,0.0,0.0
2013-12-26,0.0,0.0,0.0,0.0,0.0,0.0
2013-12-27,0.0,0.0,0.0,0.0,0.0,0.0
2013-12-30,0.0,0.0,0.0,0.0,0.0,0.0
2013-12-31,0.0,0.0,0.0,0.0,0.0,0.0
2014-01-02,0.0,0.0,0.0,0.0,0.0,0.0
2014-01-03,0.0,0.0,0.0,0.0,0.0,0.0
2014-01-06,0.0,0.0,0.0,0.0,0.0,0.0
2014-01-07,0.0,0.0,0.0,0.0,0.0,0.0
2014-01-08,0.0,0.0,0.0,0.0,0.0,0.0
2014-01-09,0.0,0.0,0.0,0.0,0.0,0.0
2014-01-10,0.0,0.0,0.0,0.0,0.0,0.0
2014-01-13,0.0,0.0,0.0,0.0,0.0,0.0
2014-01-14,0.0,0.0,0.0,0.0,0.0,0.0
2014-01-15,0.0,0.0,0.0,0.0,0.0,0.0
2014-01-16,0.0,0.0,0.0,0.0,0.0,0.0
2014-01-17,0.0,0.0,0.0,0.0,0.0,0.0
2014-01-21,0.0,0.0,0.0,0.0,0.0,0.0
2014-01-22,0.0,0.0,0.0,0.0,0.0,0.0
2014-01-23,0.0,0.0,0.0,0.0,0.0,0.0
2014-01-24,0.0,0.0,0.0,0.0,0.0,0.0
2014-01-27,0.0,0.0,0.0,0.0,0.0,0.0
2014-01-28,0.0,0.0,0.0,0.0,0.0,0.0
2014-01-29,0.0,0.0,0.0,0.0,0.0,0.0
2014-01-30,0.0,0.0,0.0,0.0,0.0,0.0
2014-01-31,0.0,0.0,0.0,0.0,0.0,0.0
2014-02-03,0.0,0.0,0.0,0.0,0.0,0.0
2014-02-04,0.0,0.0,0.0,0.0,0.0,0.0
2014-02-05,0.0,0.0,0.0,0.0,0.0,0.0
2014-02-06,0.0,0.0,0.0,0.0,0.0,0.0
2014-02-07,0.0,0.0,0.0,0.0,0.0,0.0
2014-02-10,0.0,0.0,0.0,0.0,0.0,0.0
2014-02-11,0.0,0.0,0.0,0.0,0.0,0.0
2014-02-12,0.0,0.0,0.0,0.0,0.0,0.0
2014-02-13,0.0,0.0,0.0,0.0,0.0,0.0
2014-02-14,0.0,0.0,0.0,0.0,0.0,0.0
2014-02-18,0.0,0.0,0.0,0.0,0.0,0.0
2014-02-19,0.0,0.0,0.0,0.0,0.0,0.0
2014-02-20,0.0,0.0,0.0,0.0,0.0,0.0
2014-02-21,0.0,0.0,0.0,0.0,0.0,0.0
2014-02-24,0.0,0.0,0.0,0.0,0.0,0.0
2014-02-25,0.0,0.0,0.0,0.0,0.0,0.0
2014-02-26,0.0,0.0,0.0,0.0,0.0,0.0
2014-02-27,0.0,0.0,0.0,0.0,0.0,0.0
2014-02-28,0.0,0.0,0.0,0.0,0.0,0.0
2014-03-03,0.0,0.0,0.0,0.0,0.0,0.0
2014-03-04,0.0,0.0,0.0,0.0,0.0,0.0
2014-03-05,0.0,0.0,0.0,0.0,0.0,0.0
2014-03-06,0.0,0.0,0.0,0.0,0.0,0.0
2014-03-07,0.0,0.0,0.0,0.0,0.0,0.0
2014-03-10,0.0,0.0,0.0,0.0,0.0,0.0
2014-03-11,0.0,0.0,0.0,0.0,0.0,0.0
2014-03-12,0.0,0.0,0.0,0.0,0.0,0.0
2014-03-13,0.0,0.0,0.0,0.0,0.0,0.0
2014-03-14,0.0,0.0,0.0,0.0,0.0,0.0
2014-03-17,0.0,0.0,0.0,0.0,0.0,0.0
2014-03-18,0.0,0.0,0.0,0.0,0.0,0.0
2014-03-19,0.0,0.0,0.0,0.0,0.0,0.0
2014-03-20,0.0,0.0,0.0,0.0,0.0,0.0
2014-03-21,0.0,0.0,0.0,0.0,0.0,0.0
2014-03-24,0.0,0.0,0.0,0.0,0.0,0.0
2014-03-25,0.0,0.0,0.0,0.0,0.0,0.0
2014-03-26,0.0,0.0,0.0,0.0,0.0,0.0
2014-03-27,0.0,0.0,0.0,0.0,0.0,0.0
2014-03-28,0.0,0.0,0.0,0.0,0.0,0.0
2014-03-31,0.0,0.0,0.0,0.0,0.0,0.0
2014-04-01,0.0,0.0,0.0,0.0,0.0,0.0
2014-04-02,0.0,0.0,0.0,0.0,0.0,0.0
2014-04-03,0.0,0.0,0.0,0.0,0.0,0.0
2014-04-04,0.0,0.0,0.0,0.0,0.0,0.0
2014-04-07,0.0,0.0,0.0,0.0,0.0,0.0
2014-04-08,0.0,0.0,0.0,0.0,0.0,0.0
2014-04-09,0.0,0.0,0.0,0.0,0.0,0.0
2014-04-10,0.0,0.0,0.0,0.0,0.0,0.0
2014-04-11,0.0,0.0,0.0,0.0,0.0,0.0
2014-04-14,0.0,0.0,0.0,0.0,0.0,0.0
2014-04-15,0.0,0.0,0.0,0.0,0.0,0.0
2014-04-16,0.0,0.0,0.0,0.0,0.0,0.0
2014-04-17,0.0,0.0,0.0,0.0,0.0,0.0
2014-04-21,0.0,0.0,0.0,0.0,0.0,0.0
2014-04-22,0.0,0.0,0.0,0.0,0.0,0.0
2014-04-23,0.0,0.0,0.0,0.0,0.0,0.0
2014-04-24,0.0,0.0,0.0,0.0,0.0,0.0
2014-04-25,0.0,0.0,0.0,0.0,0.0,0.0
2014-04-28,0.0,0.0,0.0,0.0,0.0,0.0
2014-04-29,0.0,0.0,0.0,0.0,0.0,0.0
2014-04-30,0.0,0.0,0.0,0.0,0.0,0.0
2014-05-01,0.0,0.0,0.0,0.0,0.0,0.0
2014-05-02,0.0,0.0,0.0,0.0,0.0,0.0
2014-05-05,0.0,0.0,0.0,0.0,0.0,0.0
2014-05-06,0.0,0.0,0.0,0.0,0.0,0.0
2014-05-07,0.0,0.0,0.0,0.0,0.0,0.0
2014-05-08,0.0,0.0,0.0,0.0,0.0,0.0
2014-05-09,0.0,0.0,0.0,0.0,0.0,0.0
2014-05-12,0.0,0.0,0.0,0.0,0.0,0.0
2014-05-13,0.0,0.0,0.0,0.0,0.0,0.0
2014-05-14,0.0,0.0,0.0,0.0,0.0,0.0
2014-05-15,0.0,0.0,0.0,0.0,0.0,0.0
2014-05-16,0.0,0.0,0.0,0.0,0.0,0.0
2014-05-19,0.0,0.0,0.0,0.0,0.0,0.0
2014-05-20,0.0,0.0,0.0,0.0,0.0,0.0
2014-05-21,0.0,0.0,0.0,0.0,0.0,0.0
2014-05-22,0.0,0.0,0.0,0.0,0.0,0.0
2014-05-23,0.0,0.0,0.0,0.0,0.0,0.0
2014-05-27,0.0,0.0,0.0,0.0,0.0,0.0
2014-05-28,0.0,0.0,0.0,0.0,0.0,0.0
2014-05-29,0.0,0.0,0.0,0.0,0.0,0.0
2014-05-30,0.0,0.0,0.0,0.0,0.0,0.0
2014-06-02,0.0,0.0,0.0,0.0,0.0,0.0
2014-06-03,0.0,0.0,0.0,0.0,0.0,0.0
2014-06-04,0.0,0.0,0.0,0.0,0.0,0.0
2014-06-05,0.0,0.0,0.0,0.0,0.0,0.0
2014-06-06,0.0,0.0,0.0,0.0,0.0,0.0
2014-06-09,0.0,0.0,0.0,0.0,0.0,0.0
2014-06-10,0.0,0.0,0.0,0.0,0.0,0.0
2014-06-11,0.0,0.0,0.0,0.0,0.0,0.0
2014-06-12,0.0,0.0,0.0,0.0,0.0,0.0
2014-06-13,0.0,0.0,0.0,0.0,0.0,0.0
2014-06-16,0.0,0.0,0.0,0.0,0.0,0.0
2014-06-17,0.0,0.0,0.0,0.0,0.0,0.0
2014-06-18,0.0,0.0,0.0,0.0,0.0,0.0
2014-06-19,0.0,0.0,0.0,0.0,0.0,0.0
2014-06-20,0.0,0.0,0.0,0.0,0.0,0.0
2014-06-23,0.0,0.0,0.0,0.0,0.0,0.0
2014-06-24,0.0,0.0,0.0,0.0,0.0,0.0
2014-06-25,0.0,0.0,0.0,0.0,0.0,0.0
2014-06-26,0.0,0.0,0.0,0.0,0.0,0.0
2014-06-27,0.0,0.0,0.0,0.0,0.0,0.0
2014-06-30,0.0,0.0,0.0,0.0,0.0,0.0
2014-07-01,0.0,0.0,0.0,0.0,0.0,0.0
2014-07-02,0.0,0.0,0.0,0.0,0.0,0.0
2014-07-03,0.0,0.0,0.0,0.0,0.0,0.0
2014-07-07,0.0,0.0,0.0,0.0,0.0,0.0
2014-07-08,0.0,0.0,0.0,0.0,0.0,0.0
2014-07-09,0.0,0.0,0.0,0.0,0.0,0.0
2014-07-10,0.0,0.0,0.0,0.0,0.0,0.0
2014-07-11,0.0,0.0,0.0,0.0,0.0,0.0
2014-07-14,0.0,0.0,0.0,0.0,0.0,0.0
2014-07-15,0.0,0.0,0.0,0.0,0.0,0.0
2014-07-16,0.0,0.0,0.0,0.0,0.0,0.0
2014-07-17,0.0,0.0,0.0,0.0,0.0,0.0
2014-07-18,0.0,0.0,0.0,0.0,0.0,0.0
2014-07-21,0.0,0.0,0.0,0.0,0.0,0.0
2014-07-22,0.0,0.0,0.0,0.0,0.0,0.0
2014-07-23,0.0,0.0,0.0,0.0,0.0,0.0
2014-07-24,0.0,0.0,0.0,0.0,0.0,0.0
2014-07-25,0.0,0.0,0.0,0.0,0.0,0.0
2014-07-28,0.0,0.0,0.0,0.0,0.0,0.0
2014-07-29,0.0,0.0,0.0,0.0,0.0,0.0
2014-07-30,0.0,0.0,0.0,0.0,0.0,0.0
2014-07-31,0.0,0.0,0.0,0.0,0.0,0.0
2014-08-01,0.0,0.0,0.0,0.0,0.0,0.0
2014-08-04,0.0,0.0,0.0,0.0,0.0,0.0
2014-08-05,0.0,0.0,0.0,0.0,0.0,0.0
2014-08-06,0.0,0.0,0.0,0.0,0.0,0.0
2014-08-07,0.0,0.0,0.0,0.0,0.0,0.0
2014-08-08,0.0,0.0,0.0,0.0,0.0,0.0
2014-08-11,0.0,0.0,0.0,0.0,0.0,0.0
2014-08-12,0.0,0.0,0.0,0.0,0.0,0.0
2014-08-13,0.0,0.0,0.0,0.0,0.0,0.0
2014-08-14,0.0,0.0,0.0,0.0,0.0,0.0
2014-08-15,0.0,0.0,0.0,0.0,0.0,0.0
2014-08-18,0.0,0.0,0.0,0.0,0.0,0.0
2014-08-19,0.0,0.0,0.0,0.0,0.0,0.0
2014-08-20,0.0,0.0,0.0,0.0,0.0,0.0
2014-08-21,0.0,0.0,0.0,0.0,0.0,0.0
2014-08-22,0.0,0.0,0.0,0.0,0.0,0.0
2014-08-25,0.0,0.0,0.0,0.0,0.0,0.0
2014-08-26,0.0,0.0,0.0,0.0,0.0,0.0
2014-08-27,0.0,0.0,0.0,0.0,0.0,0.0
2014-08-28,0.0,0.0,0.0,0.0,0.0,0.0
2014-08-29,0.0,0.0,0.0,0.0,0.0,0.0
2014-09-02,0.0,0.0,0.0,0.0,0.0,0.0
2014-09-03,0.0,0.0,0.0,0.0,0.0,0.0
2014-09-04,0.0,0.0,0.0,0.0,0.0,0.0
2014-09-05,0.0,0.0,0.0,0.0,0.0,0.0
2014-09-08,0.0,0.0,0.0,0.0,0.0,0.0
2014-09-09,0.0,0.0,0.0,0.0,0.0,0.0
2014-09-10,0.0,0.0,0.0,0.0,0.0,0.0
2014-09-11,0.0,0.0,0.0,0.0,0.0,0.0
2014-09-12,0.0,0.0,0.0,0.0,0.0,0.0
2014-09-15,0.0,0.0,0.0,0.0,0.0,0.0
2014-09-16,0.0,0.0,0.0,0.0,0.0,0.0
2014-09-17,0.0,0.0,0.0,0.0,0.0,0.0
2014-09-18,0.0,0.0,0.0,0.0,0.0,0.0
2014-09-19,0.0,0.0,0.0,0.0,0.0,0.0
2014-09-22,0.0,0.0,0.0,0.0,0.0,0.0
2014-09-23,0.0,0.0,0.0,0.0,0.0,0.0
2014-09-24,0.0,0.0,0.0,0.0,0.0,0.0
2014-09-25,0.0,0.0,0.0,0.0,0.0,0.0
2014-09-26,0.0,0.0,0.0,0.0,0.0,0.0
2014-09-29,0.0,0.0,0.0,0.0,0.0,0.0
2014-09-30,0.0,0.0,0.0,0.0,0.0,0.0
2014-10-01,0.0,0.0,0.0,0.0,0.0,0.0
2014-10-02,0.0,0.0,0.0,0.0,0.0,0.0
2014-10-03,0.0,0.0,0.0,0.0,0.0,0.0
2014-10-06,0.0,0.0,0.0,0.0,0.0,0.0
2014-10-07,0.0,0.0,0.0,0.0,0.0,0.0
2014-10-08,0.0,0.0,0.0,0.0,0.0,0.0
2014-10-09,0.0,0.0,0.0,0.0,0.0,0.0
2014-10-10,0.0,0.0,0.0,0.0,0.0,0.0
2014-10-13,0.0,0.0,0.0,0.0,0.0,0.0
2014-10-14,0.0,0.0,0.0,0.0,0.0,0.0
2014-10-15,0.0,0.0,0.0,0.0,0.0,0.0
2014-10-16,0.0,0.0,0.0,0.0,0.0,0.0
2014-10-17,0.0,0.0,0.0,0.0,0.0,0.0
2014-10-20,0.0,0.0,0.0,0.0,0.0,0.0
2014-10-21,0.0,0.0,0.0,0.0,0.0,0.0
2014-10-22,0.0,0.0,0.0,0.0,0.0,0.0
2014-10-23,0.0,0.0,0.0,0.0,0.0,0.0
2014-10-24,0.0,0.0,0.0,0.0,0.0,0.0
2014-10-27,0.0,0.0,0.0,0.0,0.0,0.0
2014-10-28,0.0,0.0,0.0,0.0,0.0,0.0
2014-10-29,0.0,0.0,0.0,0.0,0.0,0.0
2014-10-30,0.0,0.0,0.0,0.0,0.0,0.0
2014-10-31,0.0,0.0,0.0,0.0,0.0,0.0
2014-11-03,0.0,0.0,0.0,0.0,0.0,0.0
2014-11-04,0.0,0.0,0.0,0.0,0.0,0.0
2014-11-05,0.0,0.0,0.0,0.0,0.0,0.0
2014-11-06,0.0,0.0,0.0,0.0,0.0,0.0
2014-11-07,0.0,0.0,0.0,0.0,0.0,0.0
2014-11-10,0.0,0.0,0.0,0.0,0.0,0.0
2014-11-11,0.0,0.0,0.0,0.0,0.0,0.0
2014-11-12,0.0,0.0,0.0,0.0,0.0,0.0
2014-11-13,0.0,0.0,0.0,0.0,0.0,0.0
2014-11-14,0.0,0.0,0.0,0.0,0.0,0.0
2014-11-17,0.0,0.0,0.0,0.0,0.0,0.0
2014-11-18,0.0,0.0,0.0,0.0,0.0,0.0
2014-11-19,0.0,0.0,0.0,0.0,0.0,0.0
2014-11-20,0.0,0.0,0.0,0.0,0.0,0.0
2014-11-21,0.0,0.0,0.0,0.0,0.0,0.0
2014-11-24,0.0,0.0,0.0,0.0,0.0,0.0
2014-11-25,0.0,0.0,0.0,0.0,0.0,0.0
2014-11-26,0.0,0.0,0.0,0.0,0.0,0.0
2014-11-28,0.0,0.0,0.0,0.0,0.0,0.0
2014-12-01,0.0,0.0,0.0,0.0,0.0,0.0
2014-12-02,0.0,0.0,0.0,0.0,0.0,0.0
2014-12-03,0.0,0.0,0.0,0.0,0.0,0.0
2014-12-04,0.0,0.0,0.0,0.0,0.0,0.0
2014-12-05,0.0,0.0,0.0,0.0,0.0,0.0
2014-12-08,0.0,0.0,0.0,0.0,0.0,0.0
2014-12-09,0.0,0.0,0.0,0.0,0.0,0.0
2014-12-10,0.0,0.0,0.0,0.0,0.0,0.0
2014-12-11,0.0,0.0,0.0,0.0,0.0,0.0
2014-12-12,0.0,0.0,0.0,0.0,0.0,0.0
2014-12-15,0.0,0.0,0.0,0.0,0.0,0.0
2014-12-16,0.0,0.0,0.0,0.0,0.0,0.0
2014-12-17,0.0,0.0,0.0,0.0,0.0,0.0
2014-12-18,0.0,0.0,0.0,0.0,0.0,0.0
2014-12-19,0.0,0.0,0.0,0.0,0.0,0.0
2014-12-22,0.0,0.0,0.0,0.0,0.0,0.0
2014-12-23,0.0,0.0,0.0,0.0,0.0,0.0
2014-12-24,0.0,0.0,0.0,0.0,0.0,0.0
2014-12-26,0.0,0.0,0.0,0.0,0.0,0.0
2014-12-29,0.0,0.0,0.0,0.0,0.0,0.0
2014-12-30,0.0,0.0,0.0,0.0,0.0,0.0
2014-12-31,0.0,0.0,0.0,0.0,0.0,0.0
2015-01-02,0.0,0.0,0.0,0.0,0.0,0.0
2015-01-05,0.0,0.0,0.0,0.0,0.0,0.0
2015-01-06,0.0,0.0,0.0,0.0,0.0,0.0
2015-01-07,0.0,0.0,0.0,0.0,0.0,0.0
2015-01-08,0.0,0.0,0.0,0.0,0.0,0.0
2015-01-09,0.0,0.0,0.0,0.0,0.0,0.0
2015-01-12,0.0,0.0,0.0,0.0,0.0,0.0
2015-01-13,0.0,0.0,0.0,0.0,0.0,0.0
2015-01-14,0.0,0.0,0.0,0.0,0.0,0.0
2015-01-15,0.0,0.0,0.0,0.0,0.0,0.0
2015-01-16,0.0,0.0,0.0,0.0,0.0,0.0
2015-01-20,0.0,0.0,0.0,0.0,0.0,0.0
2015-01-21,0.0,0.0,0.0,0.0,0.0,0.0
2015-01-22,0.0,0.0,0.0,0.0,0.0,0.0
2015-01-23,0.0,0.0,0.0,0.0,0.0,0.0
2015-01-26,0.0,0.0,0.0,0.0,0.0,0.0
2015-01-27,0.0,0.0,0.0,0.0,0.0,0.0
2015-01-28,0.0,0.0,0.0,0.0,0.0,0.0
2015-01-29,0.0,0.0,0.0,0.0,0.0,0.0
2015-01-30,0.0,0.0,0.0,0.0,0.0,0.0
2015-02-02,0.0,0.0,0.0,0.0,0.0,0.0
2015-02-03,0.0,0.0,0.0,0.0,0.0,0.0
2015-02-04,0.0,0.0,0.0,0.0,0.0,0.0
2015-02-05,0.0,0.0,0.0,0.0,0.0,0.0
2015-02-06,0.0,0.0,0.0,0.0,0.0,0.0
2015-02-09,0.0,0.0,0.0,0.0,0.0,0.0
2015-02-10,0.0,0.0,0.0,0.0,0.0,0.0
2015-02-11,0.0,0.0,0.0,0.0,0.0,0.0
2015-02-12,0.0,0.0,0.0,0.0,0.0,0.0
2015-02-13,0.0,0.0,0.0,0.0,0.0,0.0
2015-02-17,0.0,0.0,0.0,0.0,0.0,0.0
2015-02-18,0.0,0.0,0.0,0.0,0.0,0.0
2015-02-19,0.0,0.0,0.0,0.0,0.0,0.0
2015-02-20,0.0,0.0,0.0,0.0,0.0,0.0
2015-02-23,0.0,0.0,0.0,0.0,0.0,0.0
2015-02-24,0.0,0.0,0.0,0.0,0.0,0.0
2015-02-25,0.0,0.0,0.0,0.0,0.0,0.0
2015-02-26,0.0,0.0,0.0,0.0,0.0,0.0
2015-02-27,0.0,0.0,0.0,0.0,0.0,0.0
2015-03-02,0.0,0.0,0.0,0.0,0.0,0.0
2015-03-03,0.0,0.0,0.0,0.0,0.0,0.0
2015-03-04,0.0,0.0,0.0,0.0,0.0,0.0
2015-03-05,0.0,0.0,0.0,0.0,0.0,0.0
2015-03-06,0.0,0.0,0.0,0.0,0.0,0.0
2015-03-09,0.0,0.0,0.0,0.0,0.0,0.0
2015-03-10,0.0,0.0,0.0,0.0,0.0,0.0
2015-03-11,0.0,0.0,0.0,0.0,0.0,0.0
2015-03-12,0.0,0.0,0.0,0.0,0.0,0.0
2015-03-13,0.0,0.0,0.0,0.0,0.0,0.0
2015-03-16,0.0,0.0,0.0,0.0,0.0,0.0
2015-03-17,0.0,0.0,0.0,0.0,0.0,0.0
2015-03-18,0.0,0.0,0.0,0.0,0.0,0.0
2015-03-19,0.0,0.0,0.0,0.0,0.0,0.0
2015-03-20,0.0,0.0,0.0,0.0,0.0,0.0
2015-03-23,0.0,0.0,0.0,0.0,0.0,0.0
2015-03-24,0.0,0.0,0.0,0.0,0.0,0.0
2015-03-25,0.0,0.0,0.0,0.0,0.0,0.0
2015-03-26,0.0,0.0,0.0,0.0,0.0,0.0
2015-03-27,0.0,0.0,0.0,0.0,0.0,0.0
2015-03-30,0.0,0.0,0.0,0.0,0.0,0.0
2015-03-31,0.0,0.0,0.0,0.0,0.0,0.0
2015-04-01,0.0,0.0,0.0,0.0,0.0,0.0
2015-04-02,0.0,0.0,0.0,0.0,0.0,0.0
2015-04-06,0.0,0.0,0.0,0.0,0.0,0.0
2015-04-07,0.0,0.0,0.0,0.0,0.0,0.0
2015-04-08,0.0,0.0,0.0,0.0,0.0,0.0
2015-04-09,0.0,0.0,0.0,0.0,0.0,0.0
2015-04-10,0.0,0.0,0.0,0.0,0.0,0.0
2015-04-13,0.0,0.0,0.0,0.0,0.0,0.0
2015-04-14,0.0,0.0,0.0,0.0,0.0,0.0
2015-04-15,0.0,0.0,0.0,0.0,0.0,0.0
2015-04-16,0.0,0.0,0.0,0.0,0.0,0.0
2015-04-17,0.0,0.0,0.0,0.0,0.0,0.0
2015-04-20,0.0,0.0,0.0,0.0,0.0,0.0
2015-04-21,0.0,0.0,0.0,0.0,0.0,0.0
2015-04-22,0.0,0.0,0.0,0.0,0.0,0.0
2015-04-23,0.0,0.0,0.0,0.0,0.0,0.0
2015-04-24,0.0,0.0,0.0,0.0,0.0,0.0
2015-04-27,0.0,0.0,0.0,0.0,0.0,0.0
2015-04-28,0.0,0.0,0.0,0.0,0.0,0.0
2015-04-29,0.0,0.0,0.0,0.0,0.0,0.0
2015-04-30,0.0,0.0,0.0,0.0,0.0,0.0
2015-05-01,0.0,0.0,0.0,0.0,0.0,0.0
2015-05-04,0.0,0.0,0.0,0.0,0.0,0.0
2015-05-05,0.0,0.0,0.0,0.0,0.0,0.0
2015-05-06,0.0,0.0,0.0,0.0,0.0,0.0
2015-05-07,0.0,0.0,0.0,0.0,0.0,0.0
2015-05-08,0.0,0.0,0.0,0.0,0.0,0.0
2015-05-11,0.0,0.0,0.0,0.0,0.0,0.0
2015-05-12,0.0,0.0,0.0,0.0,0.0,0.0
2015-05-13,0.0,0.0,0.0,0.0,0.0,0.0
2015-05-14,0.0,0.0,0.0,0.0,0.0,0.0
2015-05-15,0.0,0.0,0.0,0.0,0.0,0.0
2015-05-18,0.0,0.0,0.0,0.0,0.0,0.0
2015-05-19,0.0,0.0,0.0,0.0,0.0,0.0
2015-05-20,0.0,0.0,0.0,0.0,0.0,0.0
2015-05-21,0.0,0.0,0.0,0.0,0.0,0.0
2015-05-22,0.0,0.0,0.0,0.0,0.0,0.0
2015-05-26,0.0,0.0,0.0,0.0,0.0,0.0
2015-05-27,0.0,0.0,0.0,0.0,0.0,0.0
2015-05-28,0.0,0.0,0.0,0.0,0.0,0.0
2015-05-29,0.0,0.0,0.0,0.0,0.0,0.0
2015-06-01,0.0,0.0,0.0,0.0,0.0,0.0
2015-06-02,0.0,0.0,0.0,0.0,0.0,0.0
2015-06-03,0.0,0.0,0.0,0.0,0.0,0.0
2015-06-04,0.0,0.0,0.0,0.0,0.0,0.0
2015-06-05,0.0,0.0,0.0,0.0,0.0,0.0
2015-06-08,0.0,0.0,0.0,0.0,0.0,0.0
2015-06-09,0.0,0.0,0.0,0.0,0.0,0.0
2015-06-10,0.0,0.0,0.0,0.0,0.0,0.0
2015-06-11,0.0,0.0,0.0,0.0,0.0,0.0
2015-06-12,0.0,0.0,0.0,0.0,0.0,0.0
2015-06-15,0.0,0.0,0.0,0.0,0.0,0.0
2015-06-16,0.0,0.0,0.0,0.0,0.0,0.0
2015-06-17,0.0,0.0,0.0,0.0,0.0,0.0
2015-06-18,0.0,0.0,0.0,0.0,0.0,0.0
2015-06-19,0.0,0.0,0.0,0.0,0.0,0.0
2015-06-22,0.0,0.0,0.0,0.0,0.0,0.0
2015-06-23,0.0,0.0,0.0,0.0,0.0,0.0
2015-06-24,0.0,0.0,0.0,0.0,0.0,0.0
2015-06-25,0.0,0.0,0.0,0.0,0.0,0.0
2015-06-26,0.0,0.0,0.0,0.0,0.0,0.0
2015-06-29,0.0,0.0,0.0,0.0,0.0,0.0
2015-06-30,0.0,0.0,0.0,0.0,0.0,0.0
2015-07-01,0.0,0.0,0.0,0.0,0.0,0.0
2015-07-02,0.0,0.0,0.0,0.0,0.0,0.0
2015-07-06,0.0,0.0,0.0,0.0,0.0,0.0
2015-07-07,0.0,0.0,0.0,0.0,0.0,0.0
2015-07-08,0.0,0.0,0.0,0.0,0.0,0.0
2015-07-09,0.0,0.0,0.0,0.0,0.0,0.0
2015-07-10,0.0,0.0,0.0,0.0,0.0,0.0
2015-07-13,0.0,0.0,0.0,0.0,0.0,0.0
2015-07-14,0.0,0.0,0.0,0.0,0.0,0.0
2015-07-15,0.0,0.0,0.0,0.0,0.0,0.0
2015-07-16,0.0,0.0,0.0,0.0,0.0,0.0
2015-07-17,0.0,0.0,0.0,0.0,0.0,0.0
2015-07-20,0.0,0.0,0.0,0.0,0.0,0.0
2015-07-21,0.0,0.0,0.0,0.0,0.0,0.0
2015-07-22,0.0,0.0,0.0,0.0,0.0,0.0
2015-07-23,0.0,0.0,0.0,0.0,0.0,0.0
2015-07-24,0.0,0.0,0.0,0.0,0.0,0.0
2015-07-27,0.0,0.0,0.0,0.0,0.0,0.0
2015-07-28,0.0,0.0,0.0,0.0,0.0,0.0
2015-07-29,0.0,0.0,0.0,0.0,0.0,0.0
2015-07-30,0.0,0.0,0.0,0.0,0.0,0.0
2015-07-31,0.0,0.0,0.0,0.0,0.0,0.0
2015-08-03,0.0,0.0,0.0,0.0,0.0,0.0
2015-08-04,0.0,0.0,0.0,0.0,0.0,0.0
2015-08-05,0.0,0.0,0.0,0.0,0.0,0.0
2015-08-06,0.0,0.0,0.0,0.0,0.0,0.0
2015-08-07,0.0,0.0,0.0,0.0,0.0,0.0
2015-08-10,0.0,0.0,0.0,0.0,0.0,0.0
2015-08-11,0.0,0.0,0.0,0.0,0.0,0.0
2015-08-12,0.0,0.0,0.0,0.0,0.0,0.0
2015-08-13,0.0,0.0,0.0,0.0,0.0,0.0
2015-08-14,0.0,0.0,0.0,0.0,0.0,0.0
2015-08-17,0.0,0.0,0.0,0.0,0.0,0.0
2015-08-18,0.0,0.0,0.0,0.0,0.0,0.0
2015-08-19,0.0,0.0,0.0,0.0,0.0,0.0
2015-08-20,0.0,0.0,0.0,0.0,0.0,0.0
2015-08-21,0.0,0.0,0.0,0.0,0.0,0.0
2015-08-24,0.0,0.0,0.0,0.0,0.0,0.0
2015-08-25,0.0,0.0,0.0,0.0,0.0,0.0
2015-08-26,0.0,0.0,0.0,0.0,0.0,0.0
2015-08-27,0.0,0.0,0.0,0.0,0.0,0.0
2015-08-28,0.0,0.0,0.0,0.0,0.0,0.0
2015-08-31,0.0,0.0,0.0,0.0,0.0,0.0
2015-09-01,0.0,0.0,0.0,0.0,0.0,0.0
2015-09-02,0.0,0.0,0.0,0.0,0.0,0.0
2015-09-03,0.0,0.0,0.0,0.0,0.0,0.0
2015-09-04,0.0,0.0,0.0,0.0,0.0,0.0
2015-09-08,0.0,0.0,0.0,0.0,0.0,0.0
2015-09-09,0.0,0.0,0.0,0.0,0.0,0.0
2015-09-10,0.0,0.0,0.0,0.0,0.0,0.0
2015-09-11,0.0,0.0,0.0,0.0,0.0,0.0
2015-09-14,0.0,0.0,0.0,0.0,0.0,0.0
2015-09-15,0.0,0.0,0.0,0.0,0.0,0.0
2015-09-16,0.0,0.0,0.0,0.0,0.0,0.0
2015-09-17,0.0,0.0,0.0,0.0,0.0,0.0
2015-09-18,0.0,0.0,0.0,0.0,0.0,0.0
2015-09-21,0.0,0.0,0.0,0.0,0.0,0.0
2015-09-22,0.0,0.0,0.0,0.0,0.0,0.0
2015-09-23,0.0,0.0,0.0,0.0,0.0,0.0
2015-09-24,0.0,0.0,0.0,0.0,0.0,0.0
2015-09-25,0.0,0.0,0.0,0.0,0.0,0.0
2015-09-28,0.0,0.0,0.0,0.0,0.0,0.0
2015-09-29,0.0,0.0,0.0,0.0,0.0,0.0
2015-09-30,0.0,0.0,0.0,0.0,0.0,0.0
2015-10-01,0.0,0.0,0.0,0.0,0.0,0.0
2015-10-02,0.0,0.0,0.0,0.0,0.0,0.0
2015-10-05,0.0,0.0,0.0,0.0,0.0,0.0
2015-10-06,0.0,0.0,0.0,0.0,0.0,0.0
2015-10-07,0.0,0.0,0.0,0.0,0.0,0.0
2015-10-08,0.0,0.0,0.0,0.0,0.0,0.0
2015-10-09,0.0,0.0,0.0,0.0,0.0,0.0
2015-10-12,0.0,0.0,0.0,0.0,0.0,0.0
2015-10-13,0.0,0.0,0.0,0.0,0.0,0.0
2015-10-14,0.0,0.0,0.0,0.0,0.0,0.0
2015-10-15,0.0,0.0,0.0,0.0,0.0,0.0
2015-10-16,0.0,0.0,0.0,0.0,0.0,0.0
2015-10-19,0.0,0.0,0.0,0.0,0.0,0.0
2015-10-20,0.0,0.0,0.0,0.0,0.0,0.0
2015-10-21,0.0,0.0,0.0,0.0,0.0,0.0
2015-10-22,0.0,0.0,0.0,0.0,0.0,0.0
2015-10-23,0.0,0.0,0.0,0.0,0.0,0.0
2015-10-26,0.0,0.0,0.0,0.0,0.0,0.0
2015-10-27,0.0,0.0,0.0,0.0,0.0,0.0
2015-10-28,0.0,0.0,0.0,0.0,0.0,0.0
2015-10-29,0.0,0.0,0.0,0.0,0.0,0.0
2015-10-30,0.0,0.0,0.0,0.0,0.0,0.0
2015-11-02,0.0,0.0,0.0,0.0,0.0,0.0
2015-11-03,0.0,0.0,0.0,0.0,0.0,0.0
2015-11-04,0.0,0.0,0.0,0.0,0.0,0.0
2015-11-05,0.0,0.0,0.0,0.0,0.0,0.0
2015-11-06,0.0,0.0,0.0,0.0,0.0,0.0
2015-11-09,0.0,0.0,0.0,0.0,0.0,0.0
2015-11-10,0.0,0.0,0.0,0.0,0.0,0.0
2015-11-11,0.0,0.0,0.0,0.0,0.0,0.0
2015-11-12,0.0,0.0,0.0,0.0,0.0,0.0
2015-11-13,0.0,0.0,0.0,0.0,0.0,0.0
2015-11-16,0.0,0.0,0.0,0.0,0.0,0.0
2015-11-17,0.0,0.0,0.0,0.0,0.0,0.0
2015-11-18,0.0,0.0,0.0,0.0,0.0,0.0
2015-11-19,0.0,0.0,0.0,0.0,0.0,0.0
2015-11-20,0.0,0.0,0.0,0.0,0.0,0.0
2015-11-23,0.0,0.0,0.0,0.0,0.0,0.0
2015-11-24,0.0,0.0,0.0,0.0,0.0,0.0
2015-11-25,0.0,0.0,0.0,0.0,0.0,0.0
2015-11-27,0.0,0.0,0.0,0.0,0.0,0.0
2015-11-30,0.0,0.0,0.0,0.0,0.0,0.0
2015-12-01,0.0,0.0,0.0,0.0,0.0,0.0
2015-12-02,0.0,0.0,0.0,0.0,0.0,0.0
2015-12-03,0.0,0.0,0.0,0.0,0.0,0.0
2015-12-04,0.0,0.0,0.0,0.0,0.0,0.0
2015-12-07,0.0,0.0,0.0,0.0,0.0,0.0
2015-12-08,0.0,0.0,0.0,0.0,0.0,0.0
2015-12-09,0.0,0.0,0.0,0.0,0.0,0.0
2015-12-10,0.0,0.0,0.0,0.0,0.0,0.0
2015-12-11,0.0,0.0,0.0,0.0,0.0,0.0
2015-12-14,0.0,0.0,0.0,0.0,0.0,0.0
2015-12-15,0.0,0.0,0.0,0.0,0.0,0.0
2015-12-16,0.0,0.0,0.0,0.0,0.0,0.0
2015-12-17,0.0,0.0,0.0,0.0,0.0,0.0
2015-12-18,0.0,0.0,0.0,0.0,0.0,0.0
2015-12-21,0.0,0.0,0.0,0.0,0.0,0.0
2015-12-22,0.0,0.0,0.0,0.0,0.0,0.0
2015-12-23,0.0,0.0,0.0,0.0,0.0,0.0
2015-12-24,0.0,0.0,0.0,0.0,0.0,0.0
2015-12-28,0.0,0.0,0.0,0.0,0.0,0.0
2015-12-29,0.0,0.0,0.0,0.0,0.0,0.0
2015-12-30,0.0,0.0,0.0,0.0,0.0,0.0
2015-12-31,0.0,0.0,0.0,0.0,0.0,0.0
2016-01-04,0.0,0.0,0.0,0.0,0.0,0.0
2016-01-05,0.0,0.0,0.0,0.0,0.0,0.0
2016-01-06,0.0,0.0,0.0,0.0,0.0,0.0
2016-01-07,0.0,0.0,0.0,0.0,0.0,0.0
2016-01-08,0.0,0.0,0.0,0.0,0.0,0.0
2016-01-11,0.0,0.0,0.0,0.0,0.0,0.0
2016-01-12,0.0,0.0,0.0,0.0,0.0,0.0
2016-01-13,0.0,0.0,0.0,0.0,0.0,0.0
2016-01-14,0.0,0.0,0.0,0.0,0.0,0.0
2016-01-15,0.0,0.0,0.0,0.0,0.0,0.0
2016-01-19,0.0,0.0,0.0,0.0,0.0,0.0
2016-01-20,0.0,0.0,0.0,0.0,0.0,0.0
2016-01-21,0.0,0.0,0.0,0.0,0.0,0.0
2016-01-22,0.0,0.0,0.0,0.0,0.0,0.0
2016-01-25,0.0,0.0,0.0,0.0,0.0,0.0
2016-01-26,0.0,0.0,0.0,0.0,0.0,0.0
2016-01-27,0.0,0.0,0.0,0.0,0.0,0.0
2016-01-28,0.0,0.0,0.0,0.0,0.0,0.0
2016-01-29,0.0,0.0,0.0,0.0,0.0,0.0
2016-02-01,-0.004729600040121017,-0.0022702080192580883,-0.003074240026078661,-0.0011067264093883179,-0.001770762255021309,-0.001770762255021309
2016-02-02,-0.020872193212848833,-0.010018652742167438,-0.013566925588351743,-0.004884093211806627,-0.007814549138890603,-0.007814549138890603
2016-02-03,0.010351720217867566,0.0049688257045764316,0.006728618141613918,0.0024223025309810103,0.003875684049569617,0.003875684049569617
2016-02-04,0.012266270667174228,0.0058878099202436295,0.007973075933663249,0.002870307336118769,0.004592491737790031,0.004592491737790031
2016-02-05,-0.035899232766117395,-0.017231631727736348,-0.023334501297976307,-0.00840042046727147,-0.013440672747634351,-0.013440672747634351
2016-02-08,-0.02252205875291341,-0.010810588201398437,-0.014639338189393718,-0.005270161748181738,-0.00843225879709078,-0.00843225879709078
2016-02-09,-0.0071357042861499576,-0.0034251380573519794,-0.004638207785997472,-0.0016697548029590901,-0.002671607684734544,-0.002671607684734544
2016-02-10,0.0015887784654486925,0.0007626136634153724,0.0010327060025416505,0.00037177416091499396,0.0005948386574639905,0.0005948386574639905
2016-02-11,-0.01130702852534926,-0.005427373692167645,-0.007349568541477019,-0.002645844674931727,-0.004233351479890763,-0.004233351479890763
2016-02-12,0.020442208472390977,0.009812260066747668,0.013287435507054135,0.004783476782539488,0.007653562852063182,0.007653562852063182
2016-02-16,0.032952455847210294,0.01581717880666094,0.021419096300686693,0.007710874668247208,0.012337399469195535,0.012337399469195535
2016-02-17,0.02012495881745502,0.009659980232378408,0.013081223231345761,0.004709240363284474,0.0075347845812551596,0.0075347845812551596
2016-02-18,0.005346598441472006,0.0025663672519065624,0.0034752889869568036,0.0012511040353044493,0.0020017664564871192,0.0020017664564871192
2016-02-19,0.040690348377571905,0.019531367221234514,0.02644872644542174,0.009521541520351826,0.015234466432562922,0.015234466432562922
2016-02-22,0.008410587279330972,0.004037081894078866,0.005466881731565132,0.0019680774233634475,0.003148923877381516,0.003148923877381516
2016-02-23,-0.006391045906597614,-0.003067702035166855,-0.0041541798392884495,-0.0014955047421438418,-0.002392807587430147,-0.002392807587430147
2016-02-24,0.006222926470827339,0.0029870047059971224,0.004044902206037771,0.0014561647941735974,0.0023298636706777557,0.0023298636706777557
2016-02-25,0.009081716318350419,0.0043592238328082015,0.005903115606927772,0.002125121618493998,0.003400194589590397,0.003400194589590397
2016-02-26,0.010206755586045557,0.004899242681301867,0.0066343911309296125,0.00238838080713466,0.0038214092914154564,0.0038214092914154564
2016-02-29,-0.008398964401105269,-0.004031502912530529,-0.005459326860718425,-0.001965357669858633,-0.0031445722717738126,-0.0031445722717738126
2016-03-01,0.030844998451499794,0.014805599256719901,0.020049248993474867,0.007217729637650952,0.011548367420241524,0.011548367420241524
2016-03-02,0.0017163259713114387,0.0008238364662294906,0.0011156118813524353,0.00040162027728687667,0.0006425924436590028,0.0006425924436590028
2016-03-03,-0.007297034673239389,-0.003502576643154907,-0.009306441607887267,-0.003350318978839415,-0.005360510366143064,-0.005360510366143064
2016-03-04,-0.004768827767043432,-0.0022890373281808474,-0.005722593320452118,-0.002060133595362762,-0.00329621375258042,-0.00329621375258042
2016-03-07,-0.006050117393856441,-0.0029040563490510913,-0.007260140872627729,-0.0026136507141459823,-0.004181841142633572,-0.004181841142633572
2016-03-08,-0.015662154570833947,-0.007517834194000294,-0.018794585485000737,-0.006766050774600263,-0.010825681239360424,-0.010825681239360424
2016-03-09,0.011466835822783017,0.005504081194935848,0.01376020298733962,0.004953673075442262,0.00792587692070762,0.00792587692070762
2016-03-10,0.0013340445422752312,0.0006403413802921108,0.0016008534507302775,0.0005763072422628996,0.0009220915876206395,0.0009220915876206395
2016-03-11,0.01651526053406882,0.007927325056353034,0.019818312640882584,0.00713459255071773,0.011415348081148368,0.011415348081148368
2016-03-14,0.004304518801905494,0.002066169024914637,0.005165422562286592,0.002335402829897564,0.0037366445278361033,0.0037366445278361033
2016-03-15,-7.7976570849847e-05,-0.0005117384451818592,-9.357188501981652e-05,-0.0006140861342182311,-0.0009825378147491695,-0.0009825378147491695
2016-03-16,0.011647619971352163,0.01071581037364399,0.013977143965622597,0.012858972448372787,0.020574355917396463,0.020574355917396463
2016-03-17,0.014942211994802168,0.013746835035217994,0.017930654393762603,0.018035422246487753,0.028856675594380404,0.028856675594380404
2016-03-18,0.025159896608122234,0.02314710487947245,0.03019187592974668,0.03055417844090364,0.048886685505445816,0.048886685505445816
2016-03-21,-0.002937498117345616,-0.002702498267957967,-0.003524997740814739,-0.0033533979215495595,-0.005365436674479296,-0.005365436674479296
2016-03-22,0.002713004084723525,0.002889954697432053,0.0032556049016682297,0.002237703676251172,0.0035803258820018757,0.0035803258820018757
2016-03-23,-0.01010564121999305,-0.011621487402992006,-0.01212676946399166,-0.013759446410390827,-0.02201511425662532,-0.02201511425662532
2016-03-24,0.001927155982939105,0.0022162293803799703,0.002312587179526926,0.0025438458974796187,0.004070153435967391,0.004070153435967391
2016-03-28,-0.0010203851167549238,-0.0011734428842681624,-0.0012244621401059086,-0.0013444621401059087,-0.0021511394241694537,-0.0021511394241694537
2016-03-29,0.012357460802427667,0.014211079922791815,0.0148289529629132,0.010821714722184898,0.017314743555495837,0.017314743555495837
2016-03-30,0.0077424052394668985,0.00890376602538693,0.00929088628736028,0.006968164715520208,0.011149063544832333,0.011149063544832333
2016-03-31,0.002190386315606435,0.0025189442629474004,0.002590678368144226,0.002195211167537119,0.00351233786805939,0.00351233786805939
2016-04-01,0.010294786260519351,0.011839004199597254,0.011588515998434945,0.009462397135818854,0.015139835417310166,0.015139835417310166
2016-04-04,-0.006210469907797323,-0.007142040393966922,-0.007417583613440214,-0.006056696297264688,-0.009690714075623504,-0.009690714075623504
2016-04-05,-0.00774873680148577,-0.008911047321708632,-0.008274878098235168,-0.006756704898760568,-0.010810727838016907,-0.010810727838016907
2016-04-06,0.008874460979707278,0.01020563012666337,0.009623403206840925,0.007857819150747125,0.012572510641195404,0.012572510641195404
2016-04-07,-0.014840733141190977,-0.017066843112369626,-0.015925477442077177,-0.013003666056534786,-0.020805865690455665,-0.020805865690455665
2016-04-08,0.0035121433416107264,0.004038964842852336,0.004096892269122159,0.0032323241410292017,0.0051717186256467216,0.0051717186256467216
2016-04-11,-0.0023723954188976724,-0.0027282547317323234,-0.003333465872758872,-0.002743895326807607,-0.004390232522892172,-0.004390232522892172
2016-04-12,0.004651053980875019,0.00534871207800627,0.0042246420681411965,0.0034495565274136764,0.005519290443861883,0.005519290443861883
2016-04-13,0.014366158800197286,0.01652108262022688,0.015234901107288024,0.01229374812832478,0.019669997005319646,0.019669997005319646
2016-04-14,-6.881014281527722e-05,-7.913166423756905e-05,-0.0005625561206655632,-0.0009057433801782733,-0.0014491894082852372,-0.0014491894082852372
2016-04-15,0.003119725134977579,0.0035876839052242154,0.003937556898110923,0.004096749184092243,0.006554798694547589,0.006554798694547589
2016-04-18,0.009651754235781301,0.0110995173711485,0.0111257659194235,0.012706210492261154,0.02032993678761784,0.02032993678761784
2016-04-19,-0.0010874607482718511,-0.0012505798605126285,-0.000939395108380327,-0.001104518890878945,-0.0017672302254063122,-0.0017672302254063122
2016-04-20,-0.00113106578321155,-0.0013007256506932822,-0.0021720346349645924,-0.002624004994020316,-0.004198407990432506,-0.004198407990432506
2016-04-21,0.000672994497156619,0.0007739436717301117,0.0008940247888331991,0.0009502050448526884,0.0015203280717643014,0.0015203280717643014
2016-04-22,0.0027146686272227494,0.0031218689213061606,0.0030625391365782786,0.003403457899209536,0.005445532638735261,0.005445532638735261
2016-04-25,-0.0015851593220897354,-0.0018229332204031954,-0.0013600073966070546,-0.0016094343600483237,-0.0025750949760773175,-0.0025750949760773175
2016-04-26,0.004936323542426565,0.005676772073790548,0.005948508152813124,0.006528254284301825,0.01044520685488292,0.01044520685488292
2016-04-27,0.002943503271463367,0.0033850287621828715,0.003501203930514552,0.003990032464486858,0.006384051943178971,0.006384051943178971
2016-04-28,-0.015984438040831658,-0.018382103746956407,-0.010942297868894214,-0.013779009387848418,-0.022046415020557462,-0.022046415020557462
2016-04-29,-0.0033672829860121375,-0.0038723754339139572,-0.0015624518915676973,-0.0019765016428331377,-0.0031624026285330207,-0.0031624026285330207
2016-05-02,0.007709280095646976,0.008865672109994026,0.004902546414005391,0.006201721213716822,0.009922753941946914,0.009922753941946914
2016-05-03,-0.012880442842517126,-0.013030442842517125,-0.009802269424761732,-0.010905879700571242,-0.017449407520913986,-0.017449407520913986
2016-05-04,-0.010343646632370565,-0.012045193627226149,-0.007234743356762189,-0.009278862846304168,-0.014846180554086671,-0.014846180554086671
2016-05-05,0.0009910209369727628,0.0011396740775186775,0.00040617490879247723,0.0005138112596224839,0.0008220980153959738,0.0008220980153959738
2016-05-06,0.00829451396807086,0.00814451396807086,0.007175423398577125,0.006972808815243791,0.011156494104390069,0.011156494104390069
2016-05-09,0.0005985531862130163,0.0005985531862130163,4.8018555133912295e-05,-2.3637922686030246e-05,-3.7820676297647455e-05,-3.7820676297647455e-05
2016-05-10,0.013611041930295227,0.013611041930295227,0.00958966616421005,0.010548632780631053,0.016877812449009683,0.016877812449009683
2016-05-11,-0.006917957117717784,-0.006917957117717784,-0.006123899272861229,-0.006736289200147351,-0.010778062720235761,-0.010778062720235761
2016-05-12,-0.004748173112503408,-0.0056103990793789195,-0.0028464851801518285,-0.003726960002892063,-0.005963136004627296,-0.005963136004627296
2016-05-13,0.011465892333015352,0.01318577618296765,0.004829411344907833,0.006109205351308409,0.009774728562093453,0.009774728562093453
2016-05-16,0.016088875271305387,0.018502206562001196,0.012599014823851853,0.015937753752172597,0.025500406003476153,0.025500406003476153
2016-05-17,-0.009245332714786888,-0.009395332714786887,-0.007164587592886514,-0.008007202602175167,-0.012811524163480267,-0.012811524163480267
2016-05-18,0.004659683418405263,0.005208635931166053,0.004237387074433968,0.004812825873095122,0.007700521396952203,0.007700521396952203
2016-05-19,0.009531000983709726,0.010960651131266184,0.01190209857155094,0.013494754093806622,0.02159160655009059,0.02159160655009059
2016-05-20,0.0286168281785446,0.03290935240532628,0.018998967291429053,0.024108850309426617,0.038574160495082575,0.038574160495082575
2016-05-23,0.0005581866906551518,0.000641914694253425,0.00025975958583742407,0.0003285958760843404,0.0005257534017349453,0.0005257534017349453
2016-05-24,0.022158742739090607,0.022008742739090606,0.01497718466130119,0.016348746877431312,0.026157995003890096,0.026157995003890096
2016-05-25,0.0038415011389120574,0.0038415011389120574,0.0034554070497106893,0.0038009477546817583,0.006081516407490811,0.006081516407490811
2016-05-26,0.0010293539801202937,0.0010337570771383371,0.0008156180443202652,0.0009056005760651357,0.0014489609217042173,0.0014489609217042173
2016-05-27,0.008699922041817418,0.01000491034809003,0.009516224800741562,0.010900623541666418,0.017440997666666267,0.017440997666666267
2016-05-31,0.0009305996123973432,0.0010701895542569448,0.001000138152540457,0.00114289039613428,0.0018286246338148457,0.0018286246338148457
2016-06-01,0.0019755100243988607,0.0022718365280586907,0.002173491011169311,0.002546456924328546,0.004074331078925673,0.004074331078925673
2016-06-02,0.005166511037127813,0.0059414876926969845,0.005570649782061231,0.0040123252834758346,0.006419720453561334,0.006419720453561334
2016-06-03,-0.007781874898127033,-0.008949156132846088,-0.008434743676704506,-0.009080558861691278,-0.014528894178706052,-0.014528894178706052
2016-06-06,0.004015008862898373,0.004617260192333128,0.004163959061222731,0.0029599317043280554,0.0047358907269248905,0.0047358907269248905
2016-06-07,-0.0008156242618637948,-0.0009379679011433642,-0.00065850999991077,-0.0005170354892185131,-0.000827256782749623,-0.000827256782749623
2016-06-08,0.003673352243568742,0.004224355080104053,0.004418609746415471,0.003411450125002985,0.005458320200004776,0.005458320200004776
2016-06-09,-0.0002490046376664605,-0.00028635533331643084,6.11266511270714e-05,-0.0003457725512408561,-0.0005532360819853707,-0.0005532360819853707
2016-06-10,-0.012640134827340088,-0.014536155051441098,-0.01439941730669439,-0.01646835885473208,-0.026349374167571334,-0.026349374167571334
2016-06-13,-0.0033223594763800747,-0.0038207133978370843,-0.0034734843465582714,-0.003731420548046149,-0.005970272876873839,-0.005970272876873839
2016-06-14,-0.0013524841948530215,-0.001555356824080974,-0.0008326172746338321,-0.0009492611239021952,-0.001518817798243511,-0.001518817798243511
2016-06-15,0.004081561099964423,0.0046937952649590865,0.0045913468617943785,0.0035802560366338864,0.005728409658614219,0.005728409658614219
2016-06-16,0.0011956087015907698,0.001374950006829385,0.0014442966046740973,0.0011104055740855864,0.0017766489185369377,0.0017766489185369377
2016-06-17,-0.00772034924720989,-0.008878401634291374,-0.009058221879121892,-0.007007793430839295,-0.01121246948934287,-0.01121246948934287
2016-06-20,0.012960976870622897,0.01490512340121633,0.015374842878113021,0.01211706818818078,0.01938730910108925,0.01938730910108925
2016-06-21,0.00555738757788309,0.006390995714565556,0.0037020497368494094,0.0032281784353453665,0.005165085496552588,0.005165085496552588
2016-06-22,-0.013780533685181612,-0.01584761373795885,-0.01700538397526715,-0.013412455589724906,-0.021459928943559848,-0.021459928943559848
2016-06-23,0.01945599372020695,0.022374392778237995,0.02231420463812347,0.02492527231145245,0.03988043569832394,0.03988043569832394
2016-06-24,-0.04119905385823239,-0.04737891193696723,-0.04638571473201482,-0.05371439663256997,-0.08594303461211195,-0.08594303461211195
2016-06-27,-0.021370201781709033,-0.02457573204896539,-0.023813785157359175,-0.02704556700481891,-0.04327290720771024,-0.04327290720771024
2016-06-28,0.018144052852766237,0.017994052852766236,0.012481837112540405,0.013689687490461113,0.019452989152745355,0.02190349998473778
2016-06-29,0.01988079196829532,0.011528475180977188,0.014556501798439966,0.006050467475964653,0.0082694969391827,0.009680747961543446
2016-06-30,0.014251460941832847,0.016299180083107778,0.010543998079748068,0.00904227959378271,0.012341322354280098,0.014467647350052331
2016-07-01,-0.0005688148055304125,-0.000654137026359974,-0.00020279914951882585,-0.0005565375908079815,-0.0007567499692473808,-0.0008904601452927707
2016-07-05,-0.0031307392472515257,-0.003600350134339254,-0.0028579394032184754,-0.003615293345071374,-0.004927639793969444,-0.005784469352114196
2016-07-06,0.009895479126024575,0.011379800994928255,0.011683554211454911,0.01307576317312873,0.01787205471883368,0.020921221077005985
2016-07-07,0.0032944384833143115,0.003788604255811459,0.003569688213776284,0.004025047074759136,0.005508961231770441,0.00644007531961462
2016-07-08,0.017261769175961523,0.019851034552355755,0.020061584879712456,0.022620693657078972,0.030785853194701285,0.03619310985132635
2016-07-11,0.006564177434884151,0.0075488040501167745,0.007774015831813461,0.008765689833138187,0.012051929371058243,0.014025103733021101
2016-07-12,0.00790723037560543,0.009093314931946244,0.009412659399999511,0.010358807033980158,0.013842582352396056,0.01657409125436826
2016-07-13,0.0038577911919501664,0.004436459870742692,0.004611774674676387,0.005088500337620087,0.006806215448870002,0.00814160054019214
2016-07-14,0.00392195038831715,0.00451024294656472,0.004645881949347861,0.005126133329455987,0.006824418150759946,0.008197040339886339
2016-07-15,-0.0012009617408442147,-0.0013811060019708475,-0.0014549946904239607,-0.001605399546970991,-0.002162227541573614,-0.002569616658468369
2016-07-18,0.0029566295722544935,0.0034001240080926663,0.0035323035573879835,0.0038974427660229643,0.0052226380489515415,0.006235908425636745
2016-07-19,-0.0012669880870746623,-0.0014570363001358614,-0.001039091642734749,-0.0011465040137168016,-0.0015365447964304714,-0.0018344064219468852
2016-07-20,0.005428206954685661,0.00624243799788851,0.0064254277121270475,0.007089633251608554,0.009551333975209676,0.011343413202573696
2016-07-21,-0.011308138145004707,-0.013004358866755411,-0.013489683713105886,-0.014884131374728146,-0.020077733805430088,-0.023814610199565028
2016-07-22,0.009690209194335522,0.011143740573485853,0.011632515192523207,0.012834984720644167,0.017300654569254146,0.020535975553030668
2016-07-25,0.0006071736293249396,0.0006982496737236801,0.0006530465683846105,0.000720552914684608,0.0009282775568015798,0.0011372017689276397
2016-07-26,0.005384213667743159,0.006191845717904635,0.006304200362926362,0.006955874460069213,0.00915280769144382,0.01098336922973258
2016-07-27,-0.00042104336112831623,-0.0004841998652975638,-0.0005305230644152879,-0.0005853639830271778,-0.0007726568502548504,-0.00092718822030582
2016-07-28,-0.0026421951731728397,-0.0030385244491487637,-0.003155097281803648,-0.003481244144871119,-0.004588729338276719,-0.005506475205932063
2016-07-29,-0.0008294283125212126,-0.0009538425593993915,-0.0009793110806004773,-0.0010805438504257175,-0.0014242857088843305,-0.0017091428506611995
2016-08-01,-0.0011878014045719712,-0.0013659716152577663,-0.001529225552190786,-0.0015703065187046067,-0.002073781203993348,-0.0024882930809480347
2016-08-02,-0.007128761074300926,-0.008198075235446066,-0.008528286628653077,-0.006412543206506375,-0.008558605592791138,-0.0102600691304102
2016-08-03,0.0027648187711199,0.0031795415867878853,0.0033328054102318067,0.002505985038094931,0.0033456683465926977,0.004009576060951889
2016-08-04,0.004094499297898782,0.004708674192583599,0.0049022404912671845,0.0049862304048506985,0.006687921271122849,0.007977968647761116
2016-08-05,0.009468174854993738,0.010888401083242797,0.011244414161395815,0.012400430748422574,0.016756629655925302,0.01984068919747613
2016-08-08,-0.00072335420358095,-0.0008318573341180929,-0.0008075625222494218,-0.0008905864715082965,-0.0012046182116801428,-0.001424938354413275
2016-08-09,0.003912619148656877,0.004499512020955408,0.004731124551491131,0.005217522364512844,0.007009395017427781,0.008348035783220553
2016-08-10,0.00042959290352945255,0.0004940318390588706,0.0005174622149752684,0.0005706615097615396,0.0007669526718550241,0.0009130584156184633
2016-08-11,0.007608969836774436,0.008750315312290603,0.009067004705404553,0.00999916601533591,0.013489810319170297,0.01599866562453746
2016-08-12,0.00333574469412131,0.0038361063982395066,0.003980587774563245,0.0043898243454918865,0.005943601099689747,0.007023718952787019
2016-08-15,0.002929463925354324,0.003368883514157473,0.003555848675189255,0.003921418636458421,0.005305451798987127,0.0062742698183334755
2016-08-16,-0.005599727562884636,-0.00643968669731733,-0.006713581823976585,-0.007403792255172135,-0.010029329803093796,-0.011846067608275416
2016-08-17,-0.0030438186768045198,-0.003500391478325197,-0.0036927363693852076,-0.004072379491139128,-0.0055985201262633835,-0.006515807185822606
2016-08-18,0.009246250011466972,0.01063318751318702,0.01110215835000229,0.012243549890742835,0.016781884149761735,0.01958967982518854
2016-08-19,0.0036610796133083666,0.004210241555304625,0.0044025105912986135,0.004855124235286845,0.006640195903767146,0.007768198776458947
2016-08-22,-0.0014888583336341097,-0.0017121870836792259,-0.0017671882047355187,-0.0019488694242058911,-0.0026741693376431657,-0.0031181910787294238
2016-08-23,0.005307288378307506,0.006103381635053627,0.00634693445542547,0.0069994505760459114,0.009837224596099101,0.011199120921673451
2016-08-24,-0.009602779544306411,-0.011043196475952373,-0.011499130441881122,-0.012681333919660961,-0.017913844369258407,-0.020290134271457535
2016-08-25,-0.007966259438814696,-0.009161198354636904,-0.009628211794922566,-0.007659592995021843,-0.010931732677759752,-0.012255348792034947
2016-08-26,0.00467759534922207,0.00537923465160538,0.005604951193468904,0.004214444619828092,0.005937255340233136,0.006743111391724945
2016-08-29,0.004745995437902298,0.005457894753587643,0.005703962520285992,0.005870375933255749,0.008257548750768947,0.009392601493209201
2016-08-30,-0.00276798166935965,-0.003183178919763596,-0.00332517917415557,-0.0036661788310834126,-0.005171866597135887,-0.005865886129733459
2016-08-31,0.0016237419672059839,0.0018673032622868822,0.0019484903606471807,0.002148027552083509,0.0030287857030958975,0.0034368440833336144
2016-09-01,0.004367501000237456,0.005022626150273074,0.00524288249875818,0.005779785359537748,0.008145250920173304,0.009247656575260398
2016-09-02,0.0026782152207295066,0.0030799475038389324,0.003213858264875408,0.0035429767787769455,0.004996038796587962,0.005668762846043113
2016-09-06,0.0026793614341123024,0.003081265649229148,0.0031423479465357337,0.0034641433715637514,0.004901349211809579,0.005542629394502003
2016-09-07,-0.005241705743877952,-0.006027961605459644,-0.006265450017757431,-0.006907069973841157,-0.009790440432146472,-0.011051311958145852
2016-09-08,-0.005135634259829382,-0.005905979398803789,-0.006176232669026041,-0.006808716229286209,-0.009649449030309624,-0.010893945966857936
2016-09-09,-0.028064172635655943,-0.032273798531004344,-0.033593962908261596,-0.037034187783535934,-0.05229031744949221,-0.0592547004536575
2016-09-12,0.016676015274249063,0.019177417565386417,0.019942010301224868,0.021984192704313104,0.03091156507447201,0.03517470832690098
2016-09-13,-0.016706139195630885,-0.019212060074975515,-0.01996909980837954,-0.02201405634075484,-0.02904886474077744,-0.03474289575872875
2016-09-14,-0.006554218953573652,-0.0075373517966097,-0.007890138443712749,-0.008698136315757297,-0.011204515132613663,-0.013445418159136397
2016-09-15,0.012997661983650913,0.01494731128119855,0.015588285139112815,0.01718461976759622,0.02142288108269845,0.02570745729923814
2016-09-16,-0.004266114914170217,-0.004906032151295746,-0.005176917054515824,-0.005707064655047867,-0.0071083621269160185,-0.008530034552299217
2016-09-19,0.0014577315972827585,0.0016763913368751718,0.0017866628466892032,0.0019696279224587264,0.0023955591388736047,0.002874670966648327
2016-09-20,0.0016840853238831435,0.0019366981224656133,0.0020158277358071222,0.0022222606815101797,0.002728943603668637,0.0032747323244023663
2016-09-21,0.019456072678456664,0.02237448358022516,0.0234371211871769,0.025837224072719957,0.03193836443550831,0.038326037322609995
2016-09-22,0.004685218326304182,0.00538800107524981,0.0055960383168842135,0.006169106468245392,0.007629632959469772,0.009155559551363726
2016-09-23,-0.005603441086804269,-0.0064439572498249074,-0.00672713553228008,-0.007416034875911865,-0.009020091670077428,-0.010824110004092911
2016-09-26,-0.009085290833472046,-0.010448084458492851,-0.010864676771928442,-0.011977285349686078,-0.0149503187894426,-0.017940382547331116
2016-09-27,0.010534863664363903,0.012115093214018487,0.012572316569520079,0.013859797785130107,0.02025623895481824,0.02203514259539965
2016-09-28,0.0052845454000927244,0.006077227210106633,0.006330392162819376,0.006978662587128776,0.010773118798718602,0.011165860139406044
2016-09-29,-0.014380205032554626,-0.016537235787437817,-0.017236876213606304,-0.018997203335384218,-0.029580765065761593,-0.03039552533661475
2016-09-30,0.011437036127130162,0.013152591546199683,0.013679875988113365,0.015076655811564846,0.02345822643828148,0.02412264929850376
2016-10-03,-0.002817858870893896,-0.0032405377015279797,-0.00346525377439002,-0.003975799864667644,-0.005962527599523588,-0.006361279783468231
2016-10-04,-0.0024827720543440994,-0.0028551878624957132,-0.003009517754528679,-0.0033541977429002636,-0.005030660173642696,-0.005366716388640422
2016-10-05,0.00493827824173884,0.005679019977999663,0.005837706728577847,0.006433764103717039,0.00960013893446147,0.010294022565947261
2016-10-06,-0.003369291766026382,-0.0038746855309303393,-0.0029448308175631056,-0.003384125747593298,-0.005103658298213635,-0.005414601196149276
2016-10-07,-0.0028519534324688072,-0.0032797464473391267,-0.0031145142210283884,-0.0035600976155631204,-0.005344988888724776,-0.005696156184900992
2016-10-10,0.0023297264801937123,0.0026791854522227694,0.0031367640567071258,0.00358035256049295,0.005491798775037113,0.005728564096788718
2016-10-11,-0.023495036790799805,-0.027019292309419782,-0.02774530447022233,-0.03166893336756058,-0.04932759821545519,-0.050670293388096935
2016-10-12,0.0017217075075910138,0.001979963633729666,0.0019640170179723382,0.0022417603721622678,0.0035008663426323284,0.003586816595459629
2016-10-13,-0.005829616346336477,-0.006704058798286949,-0.0074769236072229975,-0.00853427994512069,-0.012563817635638175,-0.013654847912193105
2016-10-14,-0.0012513665196792084,-0.0014390714976310892,-0.0015453228864020978,-0.0017471757307695541,-0.0025426347038035825,-0.0027954811692312846
2016-10-17,-0.005935489388442353,-0.006825812796708703,-0.007026479434533411,-0.008056375285163456,-0.011670526241628362,-0.012890200456261528
2016-10-18,0.009174554060658237,0.010550737169756973,0.008246473805159183,0.010371670877930677,0.015047128184656646,0.01659467340468908
2016-10-19,0.0003864598601643563,0.00044442883918901,0.000652811638028647,0.0008258067221062385,0.0011853689350477133,0.0013212907553699818
2016-10-20,0.002125619316235257,0.002444462213670544,0.0019174819792698253,0.0024256147037763284,0.003483665745990897,0.0038809835260421267
2016-10-21,-0.0035361720717856913,-0.004066597882553546,-0.0035742720672858976,-0.004521454165116659,-0.006633362420705913,-0.007234326664186656
2016-10-24,0.009136075148767247,0.010506486421082336,0.011444746975201295,0.01447760492362964,0.021366002085311753,0.02316416787780742
2016-10-25,-0.006287240854369008,-0.0072303269825243575,-0.006169730903709536,-0.007804709593192566,-0.01151650267386654,-0.012487535349108106
2016-10-26,-0.00046665246203894065,-0.0005366503313447829,0.0005978399761116576,0.0007465815457178106,0.0010694506905831623,0.0011945304731484992
2016-10-27,-0.001730801508732737,-0.001990421735042647,-0.002882495818731323,-0.0036528351978822485,-0.0052985571686235125,-0.0058445363166116
2016-10-28,-0.02936667931661248,-0.03377168121410436,-0.0200274683462124,-0.02533474745795868,-0.03683046185636354,-0.04053559593273389
2016-10-31,-0.00039013367185675857,-0.00044865372263527294,-0.0024092202353380335,-0.0030476635977026117,-0.0044283505485351185,-0.004876261756324182
2016-11-01,-0.006546314557148263,-0.0075282617407205045,-0.0078099111743999295,-0.009815782744348137,-0.013759227231420871,-0.015705252390957023
2016-11-02,-0.003420469227877119,-0.003933539612058686,-0.0074399698520923345,-0.009295107987129042,-0.012977214101144332,-0.01487217277940647
2016-11-03,-0.005451737410886415,-0.006269498022519379,-0.003969001142950421,-0.004954648011725149,-0.00689448329627673,-0.007927436818760238
2016-11-04,0.0007377007879218606,0.0008483559061101395,-0.00014010599795075997,-0.000192484502533871,-0.0002628026245536897,-0.00030797520405419194
2016-11-07,0.028405627582049606,0.03266647171935705,0.030056313706077194,0.038021236838187644,0.05323320092814768,0.06083397894110025
2016-11-08,-0.00014631022404786804,-0.00016825675765504846,0.0011928645866994914,0.0012539405710007112,0.0017560619065573144,0.0020063049136011374
2016-11-09,0.015245078811883441,0.017531840633665953,0.013358456455822919,0.016780593712912288,0.021697329214657623,0.025941791583355352
2016-11-10,-0.01052478789789382,-0.012103506082577892,-0.015005571936579917,-0.01898204849977359,-0.024387157214352008,-0.029264588657222413
2016-11-11,0.022568397470069723,0.02595365709058018,0.027067143981163208,0.03067428071657746,0.039003480594884316,0.04680417671386119
2016-11-14,-0.004169362134653664,-0.0047947664548517125,-0.004717186541233969,-0.005361841120382033,-0.0067379462778338305,-0.008085535533400598
2016-11-15,0.011916711315015878,0.013704218012268262,0.013872869199337876,0.014215224431782726,0.01690665297665707,0.020287983571988483
2016-11-16,0.00796215314532043,0.009156476117118494,0.009544426607510995,0.010728775770744433,0.0128298325977647,0.015395799117317636
2016-11-17,0.008852652533758958,0.010180550413822802,0.011619355848988894,0.013207266543070143,0.015640655659768053,0.018768786791721667
2016-11-18,-0.0012992900709389243,-0.001494183581579764,-3.748018191192601e-05,-0.00012230071850663962,-0.0001464629267801855,-0.0001757555121362229
2016-11-21,0.003077526971539878,0.0035391560172708583,0.0031238358782770576,0.0034588605033144338,0.004070745016687482,0.004884894020024976
2016-11-22,-0.019913207081034015,-0.022900188143189112,-0.019070715775989854,-0.024199343745015218,-0.028537221597627213,-0.034244665917152646
2016-11-23,0.0044941959841824685,0.005168325381809838,0.003333458213156528,0.0042168246396430105,0.004978452441005991,0.005974142929207191
2016-11-25,0.005956820022174445,0.006850343025500611,0.006344002940550272,0.008025163719796094,0.00927435597665085,0.01112922717198102
2016-11-28,-0.007827311693387228,-0.00900140844739531,-0.008093454309190517,-0.010238219701126004,-0.011890888301472237,-0.01426906596176669
2016-11-29,-0.003970530640344314,-0.004566110236395962,-0.0037613428892211555,-0.004758098754864762,-0.005516820966644817,-0.006620185159973779
2016-11-30,-0.0030308612749292353,-0.003485490466168621,-0.003688841040744667,-0.004658271825371431,-0.005386608887045084,-0.006463930664454101
2016-12-01,-0.02663395902018132,-0.030629052873208513,-0.030673478961565262,-0.0387084055729122,-0.044707329084155444,-0.05364879490098655
2016-12-02,0.004344159291592722,0.00499578318533163,0.004795855790202143,0.006052131589930051,0.006985084849320385,0.00838210181918446
2016-12-05,0.009665748254511502,0.011115610492688228,0.011658509597152132,0.014712459529866937,0.015950282831951094,0.019140339398341314
2016-12-06,0.008315993027967627,0.009563391982162769,0.009126261211469297,0.01151688795328822,0.01253663370357066,0.015043960444284792
2016-12-07,0.01660949759640812,0.019100922235869337,0.020993922306309788,0.02649328627564908,0.028583681885405686,0.03430041826248683
2016-12-08,0.007753618567972426,0.008916661353168287,0.008781408380795485,0.01108170082471324,0.01190588152353589,0.014287057828243067
2016-12-09,0.00010472634768871294,0.0001204352998420193,-0.001965553733302481,-0.0024804310974754066,-0.002635828717559491,-0.0031629944610713895
2016-12-12,-0.005167843388651317,-0.005943019896949012,-0.007199297520716169,-0.009085155571075858,-0.010066756692114343,-0.012080108030537216
2016-12-13,0.005073656286307603,0.005834704729253744,0.0055940634278535,0.007059429947195626,0.007883844495444827,0.009460613394533794
2016-12-14,-0.0067602610616626715,-0.007774300220912073,-0.006052178172243433,-0.007637547980268961,-0.008732304985612937,-0.010478765982735522
2016-12-15,0.006478289369236015,0.007450032774621415,0.008171074548623555,0.010311489870155925,0.011775731186085015,0.014130877423302017
2016-12-16,-0.004059889744605152,-0.004668873206295925,-0.0049403530309498275,-0.006234479924334395,-0.007197889510970344,-0.008637467413164415
2016-12-19,0.004136940024165851,0.004757481027790728,0.005122773642087978,0.00646468566687967,0.007428350518933098,0.008914020622719718
2016-12-20,0.0023504654014478567,0.0027030352116650352,0.0034275733963825745,0.004325427230616636,0.004960056346440346,0.005952067615728413
2016-12-21,-0.0017597153155389032,-0.0020236726128697387,-0.001635816305658431,-0.0020643188560890346,-0.0023674404460054515,-0.0028409285352065422
2016-12-22,0.010130037756477769,0.011649543419949428,0.013170241478781396,0.0166201900114641,0.019534895223223492,0.02344187426786819
2016-12-23,0.0030089511961407145,0.0034602938755618202,0.0029982675368330366,0.003783664578030219,0.004460807210863671,0.005352968653036403
2016-12-27,0.005902029372852481,0.00678733377878035,0.006745519026145576,0.0085125096697057,0.009934845623666535,0.011921814748399847
2016-12-28,-0.014558853333242644,-0.016742681333229037,-0.016977517935103107,-0.021424783627472386,-0.025219288188350203,-0.030263145826020254
2016-12-29,-0.001488329770478912,-0.0017115792360507488,-0.001751012693461055,-0.0022096909707156735,-0.0026210102725223237,-0.0031452123270267873
2016-12-30,-0.009690645607204179,-0.011144242448284805,-0.010798847307613857,-0.013465055137783294,-0.015646116919162307,-0.018775340302994777
2017-01-03,0.0069980153856501245,0.00804771769349764,0.006260788043727342,0.007796453035584994,0.009166061022398123,0.01099927322687775
2017-01-04,0.00850117088447319,0.009776346517144168,0.00892201536277035,0.011110434225336663,0.013113632353523537,0.015736358824228247
2017-01-05,-0.0013691101246085379,-0.0015744766432998188,-0.0009029094534282657,-0.0011243778099295381,-0.0013277416225652985,-0.001593289947078358
2017-01-06,0.007362486880403876,0.00846685991246446,0.00759102489126515,0.009452974392896225,0.011080479372646192,0.013296575247175434
2017-01-09,0.005320706495682651,0.006118812470035047,0.005502209285641424,0.006851807789666684,0.008046429313818857,0.009655715176582631
2017-01-10,0.0032023026931089185,0.003682648097075256,0.003390502738673933,0.004222135485895839,0.0049405165683194955,0.005928619881983394
2017-01-11,0.0016554356357237991,0.0019037509810823688,0.0035397959626827192,0.004408047802586028,0.005156624146318057,0.006187948975581666
2017-01-12,-0.005091877513726155,-0.005855659140785077,-0.006961094445501863,-0.008668532705719302,-0.01014188557144743,-0.01217026268573692
2017-01-13,0.004562790089162147,0.0052472086025364675,0.004848821216201321,0.006038154722062024,0.007343970913459765,0.008812765096151722
2017-01-17,-0.007107243147802427,-0.00817332961997279,-0.010003761111134784,-0.012457513836507466,-0.015248341867555906,-0.01829801024106709
2017-01-18,0.007437469796122941,0.008553090265541382,0.008712379857570472,0.010849378690559458,0.013314886958815301,0.01597786435057836
2017-01-19,-0.0015781157068467746,-0.0018148330628737907,-0.0006593086188100809,-0.0008210258271974596,-0.0010133649943074173,-0.0012160379931689007
2017-01-20,0.003072972638721736,0.0035339185345299984,0.003176860124354344,0.00395608996617711,0.004814457570008374,0.005777349084010046
2017-01-23,-0.005955943412255082,-0.006849334924093345,-0.00655056884569627,-0.008157312147470825,-0.009969548492578192,-0.011963458191093833
2017-01-24,0.023438265747443815,0.02695400560956038,0.0287557781434087,0.03580908221632027,0.04372440820859769,0.05246928985031725
2017-01-25,0.014386618696327411,0.01654461150077652,0.015929696440114792,0.01983698047259579,0.0241126217587289,0.028935146110474676
2017-01-26,-0.013120974058104877,-0.01508912016682061,-0.011069022514198461,-0.013784065772398088,-0.015992646122474738,-0.01919117534696969
2017-01-27,0.0032750169004328727,0.0037662694354978045,0.004318628306727525,0.0053779144951701255,0.006153653388311385,0.007384384065973659
2017-01-30,-0.0034239887519902563,-0.003937587064788794,-0.004310368269811588,-0.005367628411463491,-0.0061227934371885255,-0.007347352124626229
2017-01-31,0.004609760978837981,0.005301225125663678,0.003765956597886713,0.00462425758246699,0.005263333232297197,0.006315999878756637
2017-02-01,0.00280360686602181,0.0032241478959250808,0.0032341369083343204,0.004015598817919891,0.004568067768724742,0.005481681322469689
2017-02-02,-0.0011815061425495058,-0.001358732063931931,-0.0012990451159452063,-0.0016176788236298796,-0.001950046991936063,-0.002340056390323275
2017-02-03,0.00914723628386423,0.010519321726443865,0.0106821069373924,0.013302246374866012,0.01564517305410342,0.018774207664924096
2017-02-06,-0.0019028124017485156,-0.002188234262010792,-0.002326906301812751,-0.0028976569041441786,-0.00343891206427285,-0.004126694477127421
2017-02-07,0.005392565755892057,0.006201450619275867,0.006055128445203468,0.0075403486298760165,0.008935777129205342,0.010722932555046409
2017-02-08,0.008203086313626179,0.009433549260670105,0.009387256239476895,0.011689790788782545,0.013872974190892806,0.016647569029071368
2017-02-09,0.006109786679423973,0.007026254681337565,0.007188648289745667,0.008951901643834227,0.010619951629215437,0.012743941955058525
2017-02-10,0.0005555332495856267,0.0006388632370234699,0.0008481874030295425,0.0010562333698103704,0.0012351292307159522,0.0014821550768591438
2017-02-13,0.004237471482905267,0.004873092205341059,0.0043514888155376345,0.0054188351287827174,0.006783143082069837,0.008139771698483806
2017-02-14,0.0017756318883486982,0.0020419766716010023,3.328360318388424e-05,4.1447505851629856e-05,3.5677465676798145e-05,4.281295881215956e-05
2017-02-15,0.0064143746491419655,0.007376530846513261,0.005713772733349255,0.007115264158510395,0.009185417406801193,0.011022500888161433
2017-02-16,0.0005279264789382134,0.0006071154507789452,0.0005105041848914938,0.0006357221925063887,0.0007842685813820772,0.0009593638008335079
2017-02-17,0.004241350385971113,0.004877552943866779,0.004929781692527786,0.005341217765994221,0.0072617813506779955,0.008545948425590751
2017-02-21,0.009527699677850937,0.010956854629528577,0.00997547189827508,0.011015490439812974,0.01508216874978091,0.01762478470370076
2017-02-22,-0.006098176233619873,-0.007012902668662856,-0.006130811918103748,-0.007567243925058541,-0.0104110021177822,-0.012107590280093661
2017-02-23,-0.009308601234072645,-0.010704891419183536,-0.011347262590312001,-0.012625682259576101,-0.017402377955746614,-0.020201091615321763
2017-02-24,0.002289539167813082,0.0026329700429850436,0.0017394918541309764,0.0019205431518010774,0.002622763996454971,0.0030728690428817257
2017-02-27,0.0032023024307882577,0.0036826477954064953,0.0037317071036835335,0.003664168654150375,0.004942537740919884,0.005862669846640604
2017-02-28,-0.007757118980746746,-0.008920686827858754,-0.009250610243761526,-0.009289315725952998,-0.013197945056446038,-0.014862905161524798
2017-03-01,-0.004833740764858031,-0.00555880187958674,-0.005789274694432973,-0.005811813184124838,-0.008213138164265832,-0.009298901094599736
2017-03-02,-0.007031558004517241,-0.00808629170519483,-0.008389408927609072,-0.008424789462300807,-0.01182297068895713,-0.013479663139681292
2017-03-03,0.00505522750826295,0.005813511634502391,0.006061927353086273,0.0060872910658606935,0.008587703062805239,0.00973966570537711
2017-03-06,-0.002306621886735583,-0.0026526151697459205,-0.00277328725353284,-0.002784890965890717,-0.003924061559652222,-0.004455825545425148
2017-03-07,-0.003950220938681521,-0.004542754079483748,-0.004735619678590438,-0.004755433986869057,-0.006705832251364297,-0.007608694378990496
2017-03-08,-0.00048745541486884807,-0.0005605737270991758,-0.0004641918413104357,-0.00046613406658788564,-0.0009613046862926166,-0.000745814506540617
2017-03-09,-0.0005006904659903277,-0.0005757940358888769,-0.0005810497454852345,-0.0005834809159684362,-0.0009326088971142241,-0.0009335694655494972
2017-03-10,0.0047723773098072115,0.005488233906278289,0.005731048756343184,0.005761400010787969,0.009201692047186254,0.009218240017260751
2017-03-13,0.0022801258509586447,0.0026221447286024417,0.002686662021634969,0.0027016713066720342,0.004322674090675253,0.004322674090675253
2017-03-14,-0.006422611467688468,-0.007386003187841738,-0.007682396515091502,-0.007725314931376932,-0.012360503890203092,-0.012360503890203092
2017-03-15,0.01124613905531381,0.012933059913610876,0.013350516727137864,0.01342510061946824,0.02148016099114918,0.02148016099114918
2017-03-16,0.0015182411784707519,0.001745977355241365,0.0018752035604956065,0.001885679558040274,0.0030170872928644383,0.0030170872928644383
2017-03-17,0.008324587826718731,0.009573276000726536,0.009965332770050381,0.010005360607863325,0.016008576972581314,0.016008576972581314
2017-03-20,0.0010840635717472786,0.0012466731075093708,0.0012920999545032773,0.0012976526122897394,0.002076244179663584,0.002076244179663584
2017-03-21,-0.0165467930174307,-0.019028811970045304,-0.019799824971219453,-0.019910438518544692,-0.03185670162967152,-0.03185670162967152
2017-03-22,0.011041359525070517,0.012697563453831086,0.013228751988998592,0.013302655631395231,0.021284249010232365,0.021284249010232365
2017-03-23,0.0031197533397802606,0.003587716340747299,0.003753280305377274,0.002530686263832022,0.004049098022131237,0.004049098022131237
2017-03-24,0.010823288116095047,0.012446781333509299,0.013009525292465247,0.009811653153535242,0.01569864504565639,0.01569864504565639
2017-03-27,0.004569367650112564,0.005254772797629447,0.005511337196202861,0.004156595092108301,0.006650552147373284,0.006650552147373284
2017-03-28,0.00635510802321302,0.007308374226694972,0.007572927642604207,0.005711425875707082,0.009138281401131335,0.009138281401131335
2017-03-29,0.002276408153413017,0.0026178693764249694,0.0026516491511317823,0.001999847125155254,0.0031997554002484063,0.0031997554002484063
2017-03-30,0.003929488839079449,0.004518912164941366,0.004691255970814447,0.0035380980785472086,0.005660956925675534,0.005660956925675534
2017-03-31,-0.004606002462923654,-0.005296902832362201,-0.0055205362888417165,-0.004136260520338754,-0.006618016832542007,-0.006618016832542007
2017-04-03,-0.009298119624089945,-0.010692837567703431,-0.011145036322969322,-0.011275951081729957,-0.01804152173076793,-0.01804152173076793
2017-04-04,-0.005266416204559351,-0.00605637863524325,-0.0063389182119497015,-0.006405484509917354,-0.010248775215867765,-0.010248775215867765
2017-04-05,-0.009803055407129961,-0.011273513718199452,-0.011715746941886948,-0.011827022693031045,-0.018923236308849685,-0.018923236308849685
2017-04-06,0.0065711659640644605,0.007556840858674128,0.007874374192942483,0.007875468299440046,0.012600749279104073,0.012600749279104073
2017-04-07,-0.0005095343618959032,-0.0005859645161802908,-0.0006121228381290142,-0.0006226070771801272,-0.0009961713234882027,-0.0009961713234882027
2017-04-10,-0.0045434833712967694,-0.005225005876991284,-0.005466971775722204,-0.005480707390807294,-0.008769131825291666,-0.008769131825291666
2017-04-11,-0.002333741241701748,-0.002683802427957008,-0.0028060957095515874,-0.002809872419793242,-0.004495795871669191,-0.004495795871669191
2017-04-12,-0.010680570209779049,-0.0122826557412459,-0.012810873996165976,-0.012828116087681677,-0.020524985740290685,-0.020524985740290685
2017-04-13,-0.005409816108347237,-0.006221288524599324,-0.006396000961226313,-0.006445618340487825,-0.010312989344780518,-0.010312989344780518
2017-04-17,0.007649721989905654,0.0087971802883915,0.009124349114731182,0.006551527024796585,0.010482443239674535,0.010482443239674535
2017-04-18,-0.00515704550760289,-0.005930602333743325,-0.006113219804221979,-0.004620692935868686,-0.0073931086973899,-0.0073931086973899
2017-04-19,-0.002583394391732372,-0.0029709035504922278,-0.002979412612461667,-0.002249678264889864,-0.003599485223823783,-0.003599485223823783
2017-04-20,0.011439113379859193,0.013154980386838074,0.013695745076603094,0.0103413068372727,0.01654609093963632,0.01654609093963632
2017-04-21,-0.00469853009735586,-0.005403309611959237,-0.0056344167739141165,-0.004254404005201726,-0.006807046408322762,-0.006807046408322762
2017-04-24,0.01075943619849536,0.012373351628269665,0.012825544918178687,0.009684240953103792,0.015494785524966075,0.015494785524966075
2017-04-25,0.00645772996817155,0.007426389463397282,0.007606210133688268,0.005743254742351898,0.00918920758776303,0.00918920758776303
2017-04-26,-0.00852103160795855,-0.009799186349152328,-0.010154854594240441,-0.010523561323565475,-0.016837698117704764,-0.016837698117704764
2017-04-27,0.008313543389365529,0.009560574897770357,0.009967825896713136,0.010035267208598878,0.016056427533758206,0.016056427533758206
2017-04-28,-0.004175654896986609,-0.004802003131534599,-0.0049694257794676774,-0.004052286312507393,-0.006483658100011828,-0.006483658100011828
2017-05-01,0.0058248221799503215,0.006698545506942869,0.006976081054809363,0.00526746039050558,0.00842793662480893,0.00842793662480893
2017-05-02,-0.007385585700457757,-0.00849342355552642,-0.008845160319659264,-0.006675451554340274,-0.010680722486944435,-0.010680722486944435
2017-05-03,0.0025932989757886595,0.0029822938221569584,0.0031133323838906544,0.002832630623619494,0.004532208997791191,0.004532208997791191
2017-05-04,0.011554262423305173,0.013287401786800955,0.013997302178994041,0.01409150012989724,0.022546400207835587,0.022546400207835587
2017-05-05,0.00709504187614846,0.008159298157570724,0.008371109008498029,0.006020810320354394,0.009633296512567032,0.009633296512567032
2017-05-08,-0.003619716330502061,-0.004162673780077369,-0.004391269542122949,-0.0033157353240928344,-0.005305176518548533,-0.005305176518548533
2017-05-09,0.010001132329674695,0.011501302179125896,0.0120317077874567,0.009084834838160805,0.014535735741057296,0.014535735741057296
2017-05-10,0.012650626060222154,0.014548219969255477,0.01501244345012589,0.014814016139233636,0.023702425822773817,0.023702425822773817
2017-05-11,-0.00023035398642543497,-0.0002649070843892499,-0.00022918310653747648,-0.0002307337364869857,-0.00036917397837917616,-0.00036917397837917616
2017-05-12,0.0014116097464734597,0.0016233512084444777,0.0017063456081354794,0.0017178905716546628,0.0027486249146474627,0.0027486249146474627
2017-05-15,0.009419310846910355,0.010832207473946904,0.01130553969395261,0.011382031843438079,0.018211250949500924,0.018211250949500924
2017-05-16,0.0023281720222373113,0.00267739782557291,0.0028648493975229282,0.001863174511255472,0.002981079218008754,0.002981079218008754
2017-05-17,-0.03208093393585592,-0.036893074026234304,-0.038374065638626234,-0.028975275543103425,-0.04636044086896547,-0.04636044086896547
2017-05-18,0.005342753388915948,0.006144166397253338,0.006421499611428847,0.00484871012608565,0.007757936201737042,0.007757936201737042
2017-05-19,0.02080781387054867,0.02392898595113096,0.024842430237592104,0.018757883724731247,0.03001261395956999,0.03001261395956999
2017-05-22,0.014663524887384548,0.016863053620492223,0.017632363302993913,0.013313746580609737,0.02130199452897558,0.02130199452897558
2017-05-23,0.0038123605611655943,0.004384214645340435,0.004584717214979904,0.003461802714423256,0.005538884343077209,0.005538884343077209
2017-05-24,0.007877831475956935,0.00905950619735047,0.00948459799275579,0.00716157737477365,0.011458523799637844,0.011458523799637844
2017-05-25,0.005106178691838256,0.005872105495613993,0.006232813006692324,0.004706237696528165,0.007529980314445066,0.007529980314445066
2017-05-26,0.00334508820270133,0.003846851433106528,0.00400690274240135,0.0030255097838429662,0.004840815654148748,0.004840815654148748
2017-05-30,0.0037300470702440634,0.004289554130780671,0.004536769301928783,0.003425598471551096,0.005480957554481752,0.005480957554481752
2017-05-31,-0.00035011113339292947,-0.00040262780340186865,-0.00041370459312450625,-0.0003123777577313592,-0.0004998044123701742,-0.0004998044123701742
2017-06-01,0.023445202224552823,0.026961982558235748,0.028099121783826723,0.021216928221076195,0.033947085153721905,0.033947085153721905
2017-06-02,0.0020404579316192425,0.002346526621362129,0.0024786619217571737,0.0018715742250886365,0.0029945187601418174,0.0029945187601418174
2017-06-05,-0.0006407961340212679,-0.0007369155541244582,-0.0007517376510207439,-0.0005676178745190468,-0.0009081885992304738,-0.0009081885992304738
2017-06-06,0.0019165495592328215,0.002204031993117745,0.0022296601019210958,0.0016835593191772272,0.0026936949106835637,0.0026936949106835637
2017-06-07,0.004550504704349294,0.0052330804100016864,0.005575291594118933,0.004209760094070857,0.006735616150513371,0.006735616150513371
2017-06-08,0.004408339788662573,0.00506959075696196,0.005281688416565506,0.0039880678436313285,0.006380908549810124,0.006380908549810124
2017-06-09,-0.02178043395039785,-0.025047499042957538,-0.026250211396315858,-0.01982086327353754,-0.03171338123766006,-0.03171338123766006
2017-06-12,0.0043154768548314786,0.004962798383056201,0.005182415600865773,0.003913109479408795,0.006260975167054074,0.006260975167054074
2017-06-13,0.00940037822027162,0.01081043495331236,0.01118851091550209,0.008448158444993453,0.013517053511989527,0.013517053511989527
2017-06-14,-0.004800508096240871,-0.005520584310677002,-0.005620717298039102,-0.004244059881333988,-0.006790495810134382,-0.006790495810134382
2017-06-15,-0.0054696702965634685,-0.006290120841047987,-0.006528139454801404,-0.004929231144491451,-0.007886769831186321,-0.007886769831186321
2017-06-16,0.0006556447760718396,0.0007539914924826154,0.0006567954805920362,0.0004959294697839741,0.0007934871516543584,0.0007934871516543584
2017-06-19,0.014721477216691708,0.01692969879919547,0.017670046434346276,0.013342200149344003,0.02134752023895041,0.02134752023895041
2017-06-20,-0.008570631647793071,-0.009856226394962033,-0.010193698277513707,-0.007697000864482605,-0.012315201383172167,-0.012315201383172167
2017-06-21,0.009577801143839203,0.01101447131541508,0.011547636506414292,0.008719324994017825,0.013950919990428521,0.013950919990428521
2017-06-22,0.0017660562372553415,0.0020309646728436433,0.002121407881773459,0.0016018208363052636,0.0025629133380884227,0.0025629133380884227
2017-06-23,0.006647729533540579,0.007644888963571664,0.007928938068680658,0.005986938352264961,0.00957910136362394,0.00957910136362394
2017-06-26,-0.0011427289244225391,-0.0013141382630859197,-0.0013298342807237442,-0.0010041238547278063,-0.00160659816756449,-0.00160659816756449
2017-06-27,-0.017890344971471097,-0.02057389671719175,-0.021412828197493215,-0.01616827893667282,-0.025869246298676513,-0.025869246298676513
2017-06-28,0.012795826141816125,0.014715200063088546,0.015291384141361844,0.011546133086441007,0.01847381293830561,0.01847381293830561
2017-06-29,-0.01723637342741037,-0.019821829441521922,-0.02066241961143961,-0.015601664605119485,-0.024962663368191175,-0.024962663368191175
2017-06-30,-0.004513819439456128,-0.0051908923553745465,-0.004990945723210461,-0.0038815017068234013,-0.0062104027309174414,-0.0062104027309174414
2017-07-03,-0.00840519178901923,-0.00966597055737211,-0.010107054953395969,-0.007968878217399713,-0.01275020514783954,-0.01275020514783954
2017-07-05,0.012447497518525676,0.014314622146304523,0.014514835024253481,0.011439658112335365,0.01830345297973658,0.01830345297973658
2017-07-06,-0.008803063441770837,-0.010123522958036457,-0.009989872087818383,-0.007873373764128045,-0.01259739802260487,-0.01259739802260487
2017-07-07,0.014823035176749705,0.017046490453262165,0.01687457162328924,0.013299450516660156,0.02127912082665625,0.02127912082665625
2017-07-10,0.006341907796371376,0.007293193965827083,0.007402603809637683,0.005834255544883935,0.009334808871814298,0.009334808871814298
2017-07-11,0.006053438587015669,0.006961454375068017,0.006953979340866765,0.005480678633056007,0.008769085812889611,0.008769085812889611
2017-07-12,0.008812331723005096,0.010134181481455857,0.009488291779642739,0.0074780604703963945,0.011964896752634232,0.011964896752634232
2017-07-13,0.0009909729593791713,0.0011396189032860475,0.0019659352213056884,0.001549423521876517,0.002479077635002427,0.002479077635002427
2017-07-14,0.006525928400756723,0.007504817660870228,0.007759828799026513,0.0061157972738090285,0.009785275638094445,0.009785275638094445
2017-07-17,-0.005278385387244524,-0.006070143195331202,-0.006535248059960706,-0.0071675488087722655,-0.011468078094035623,-0.011468078094035623
2017-07-18,0.001545864074762308,0.0017777436859766536,0.001297034448599215,0.0013629853527652761,0.002180776564424441,0.002180776564424441
2017-07-19,0.004468795103293046,0.005139114368786999,0.004699660381514753,0.004938626163625673,0.007901801861801075,0.007901801861801075
2017-07-20,-0.0006239939131996647,-0.0007175930001796155,-0.0008226407864345506,-0.0008644699789651209,-0.001383151966344193,-0.001383151966344193
2017-07-21,0.00801833756157786,0.009221088195814544,0.009534526012040315,0.01001933241943219,0.0160309318710915,0.0160309318710915
2017-07-24,0.0038410393197122424,0.004417195217669077,0.003918545671294601,0.0027883453172067607,0.004461352507530821,0.004461352507530821
2017-07-25,-0.0037968726887621903,-0.0043664035920765185,-0.004634843085285168,-0.00365288480450441,-0.005844615687207057,-0.005844615687207057
2017-07-26,0.0015027441955922619,0.001728155824931103,-0.00014992311088382788,-0.0001181597399338653,-0.00018905558389418283,-0.00018905558389418283
2017-07-27,-0.010820121218352872,-0.012443139401105807,-0.012811853550598284,-0.01009747779835288,-0.016155964477364598,-0.016155964477364598
2017-07-28,-0.008142855472746999,-0.009364283793659046,-0.010092512785266062,-0.00795426855109952,-0.012726829681759234,-0.012726829681759234
2017-07-31,-0.006454568060011287,-0.00742275326901298,-0.007131344632138181,-0.005620466532108902,-0.008992746451374243,-0.008992746451374243
2017-08-01,0.004158447204989613,0.0047822142857380555,0.00500297097522895,0.0039233103723598645,0.006277296595775783,0.006277296595775783
2017-08-02,-0.005973571089329237,-0.006869606752728622,-0.00708467105549416,-0.005586164797759665,-0.008937863676415464,-0.008937863676415464
2017-08-03,-0.0009726662981211173,-0.0011185662428392854,-0.0019318879796497357,-0.001522589678876487,-0.0024361434862023783,-0.0024361434862023783
2017-08-04,-0.004384299233570856,-0.005041944118606484,-0.0046332992466317285,-0.003651668050311445,-0.005842668880498314,-0.005842668880498314
2017-08-07,0.008185815295519252,0.009413687589847137,0.009978736128588503,0.007864597118294328,0.012583355389270922,0.012583355389270922
2017-08-08,-0.002009518617469433,-0.0023109464100898483,-0.0022441453333113598,-0.001768690813542004,-0.0028299053016672057,-0.0028299053016672057
2017-08-09,-0.0035094381146163218,-0.00403585383180877,-0.003998312032720891,-0.003151212025788499,-0.005041939241261596,-0.005041939241261596
2017-08-10,-0.02428285520411753,-0.027925283484735167,-0.028087255032282706,-0.022136565406799074,-0.035418504650878535,-0.035418504650878535
2017-08-11,0.003265914166755205,0.003755801291768485,0.003294548744411472,0.002596551129070059,0.004154481806512092,0.004154481806512092
2017-08-14,0.021614614978559054,0.024856807225342902,0.025227024528580246,0.019882315942016622,0.031811705507226604,0.031811705507226604
2017-08-15,0.0021584973682185612,0.002482271973451346,0.00248532611971232,0.0019587739757054717,0.0031340383611287554,0.0031340383611287554
2017-08-16,0.007568528290936082,0.008703807534576492,0.008410739460087465,0.0066288031337977445,0.010606085014076392,0.010606085014076392
2017-08-17,-0.022344689037981678,-0.02569639239367893,-0.025470948832431534,-0.020074561367933313,-0.032119298188693315,-0.032119298188693315
2017-08-18,0.0016448168761658897,0.0018915394075907713,0.001772017969955569,0.0013965904339480327,0.002234544694316851,0.002234544694316851
2017-08-21,-0.001352401393395715,-0.0015552616024050718,-0.0015648435710549553,-0.0012333089161704301,-0.0019732942658726893,-0.0019732942658726893
2017-08-22,0.01604599643378132,0.01845289589884852,0.01822691127663391,0.014365277531584345,0.022984444050534958,0.022984444050534958
2017-08-23,-0.0035538462452790907,-0.004086923182070955,-0.003960698614537628,-0.003121567552135587,-0.0049945080834169365,-0.0049945080834169365
2017-08-24,-0.00028012973076672095,-0.00032214919038172924,-0.00018301106072975257,-0.00014423753091412687,-0.00023078004946260316,-0.00023078004946260316
2017-08-25,-0.0026892414153425223,-0.0030926276276438992,-0.0028639389907145576,-0.002257172255393674,-0.0036114756086298803,-0.0036114756086298803
2017-08-28,0.006540121685509415,0.007521139938335827,0.0070784742307660724,0.005585423151008266,0.008936677041613232,0.008936677041613232
2017-08-29,0.0007809024471401489,0.0008980378142111714,0.0007084606204215499,0.0005570960947281643,0.0008913537515650632,0.0008913537515650632
2017-08-30,0.011226743644349111,0.012910755191001483,0.01234343444077764,0.009683454877572332,0.015493527804115729,0.015493527804115729
2017-08-31,0.004240036001804944,0.004876041402075684,0.005233175293481475,0.0041655825372095825,0.006664932059535335,0.006664932059535335
2017-09-01,0.013118736343987917,0.015086546795586105,0.016549887471307836,0.013032462877101988,0.02085194060336318,0.02085194060336318
2017-09-05,-0.008628970877175986,-0.009923316508752385,-0.009605955596080169,-0.007679218763930121,-0.012286750022288195,-0.012286750022288195
2017-09-06,0.0006366897658935009,0.0007321932307775266,0.0011619103606485127,0.0009046504085315098,0.0014474406536504158,0.0014474406536504158
2017-09-07,0.003196834319293363,0.003676359467187364,0.003122041973599169,0.002481328652208745,0.003970125843533995,0.003970125843533995
2017-09-08,-0.002430557613012448,-0.0027951412549643154,-0.0026129497368621545,-0.0020858740388685,-0.003337398462189601,-0.003337398462189601
2017-09-11,0.015637481518773817,0.017983103746589894,0.017114673030176896,0.013662357011214168,0.021859771217942674,0.021859771217942674
2017-09-12,0.0025969998680804157,0.0029865498482924777,0.003175947116073893,0.0025353054231319486,0.004056488677011118,0.004056488677011118
2017-09-13,0.0007037565639193783,0.0008093200485072855,0.0010744265574297274,0.0008576967368323144,0.0013723147789317025,0.0013723147789317025
2017-09-14,-0.0030803986134370263,-0.003542458405452581,-0.0035412070480458687,-0.0028020438203547383,-0.004483270112567583,-0.004483270112567583
2017-09-15,0.001416251000215444,0.0016286886502477611,0.0015057565340239729,0.001282320425584512,0.00205171268093522,0.00205171268093522
2017-09-18,0.008856793467126919,0.010185312487195957,0.010320444727340623,0.010845213103307083,0.017352340965291337,0.017352340965291337
2017-09-19,0.001088566649102045,0.001251851646467351,0.001162985217208123,0.0012221200587610758,0.0019553920940177227,0.0019553920940177227
2017-09-20,-0.010276186265581121,-0.011817614205418287,-0.01244383716261531,-0.013076574645460151,-0.020922519432736236,-0.020922519432736236
2017-09-21,-0.006372381546863212,-0.007328238778892693,-0.006682794298094111,-0.0070225973979972,-0.011236155836795521,-0.011236155836795521
2017-09-22,0.0016358725295322796,0.0018812534089621214,0.0017232289843844505,0.0018108507971497613,0.0028973612754396175,0.0028973612754396175
2017-09-25,-0.018062947152451218,-0.0207723892253189,-0.01990008024815836,-0.02091194873535284,-0.033459117976564555,-0.033459117976564555
2017-09-26,-0.001361427166329491,-0.0015656412412789148,-0.001496309667471245,-0.0015763040970364487,-0.002522086555258319,-0.002522086555258319
2017-09-27,0.018726315198047107,0.021535262477754162,0.021540471561165894,0.022500296541083264,0.03600047446573322,0.03600047446573322
2017-09-28,0.004074350456066879,0.004685503024476913,0.0046245433072663305,0.004832387950289534,0.007731820720463257,0.007731820720463257
2017-09-29,0.009306582638064501,0.010702570033774176,0.010612471303878077,0.011122608121232662,0.01779617299397226,0.01779617299397226
2017-10-02,0.004099576847813445,0.004714513374985459,0.004979234914911737,0.005229501899960751,0.008367203039937201,0.008367203039937201
2017-10-03,0.0017658448100731888,0.002030721531584167,0.0021379302052092638,0.0022466385207283767,0.003594621633165402,0.003594621633165402
2017-10-04,0.0004234274496420725,0.00048694156708838337,0.0001803750166106482,-0.0001581804544795441,-0.00025308872716727073,-0.00025308872716727073
2017-10-05,0.004891532314532909,0.0056252621617128434,0.005372262461220231,0.005354155604285086,0.008566648966856133,0.008566648966856133
2017-10-06,0.003332029486546018,0.0038318339095279206,0.0037601449354710713,0.003949649496921228,0.006319439195073966,0.006319439195073966
2017-10-09,-0.0007961191603760955,-0.0009155370344325101,-0.0003082402408901326,-0.00032391347347776746,-0.0005182615575644276,-0.0005182615575644276
2017-10-10,0.00644316096747336,0.007409635112594364,0.00807667770303556,0.008497674125957977,0.013596278601532766,0.013596278601532766
2017-10-11,0.000532275072210541,0.0006121163330421225,0.0014030342150338142,0.0014764603337838157,0.002362336534054105,0.002362336534054105
2017-10-12,-0.0019115138400175229,-0.00219824091602015,-0.002752502170239931,-0.0028941491565377874,-0.00463063865046046,-0.00463063865046046
2017-10-13,0.004358615243429549,0.00501240752994398,0.004585442474785503,0.0033203350791093486,0.005312536126574959,0.005312536126574959
2017-10-16,-0.0012413538660638393,-0.0014275569459734152,-0.0010429476278420082,-0.0008235808350111602,-0.0013177293360178536,-0.0013177293360178536
2017-10-17,-0.0016283487089516183,-0.0018726010152943628,-0.0012901469074050893,-0.0010110982785562354,-0.001617757245689977,-0.001617757245689977
2017-10-18,0.005460121554430144,0.006279139787594664,0.007800119474720097,0.007862311527332385,0.012579698443731812,0.012579698443731812
2017-10-19,0.009390656256174624,0.010799254694600817,0.011374443710205092,0.008626778608009053,0.013802845772814496,0.013802845772814496
2017-10-20,0.007131244400299357,0.008200931060344257,0.008301860749516138,0.008387179180928274,0.01341948668948525,0.01341948668948525
2017-10-23,-0.0011307277092671797,-0.0013003368656572555,-0.0013580745865384787,-0.001421107584225918,-0.0022737721347614688,-0.0022737721347614688
2017-10-24,0.0037481525979298365,0.004310375487619312,0.004598463228414256,0.004811894011167661,0.007699030417868257,0.007699030417868257
2017-10-25,-0.004155924885501662,-0.0047793136183269126,-0.00546119684610325,-0.0045860025880810305,-0.0073376041409296475,-0.0073376041409296475
2017-10-26,0.00670803134456973,0.007714236046255189,0.00748442035518298,0.007531798515128177,0.012050877624205083,0.012050877624205083
2017-10-27,0.010096393412120144,0.011610852423938164,0.011637255224447089,0.012177380994358134,0.01948380959097301,0.01948380959097301
2017-10-30,-0.0004902447723858079,-0.0005637814882436797,-0.0008551076560927853,-0.0008947961970928719,-0.0014316739153485945,-0.0014316739153485945
2017-10-31,0.00598706552768689,0.006885125356839923,0.006416818461729844,0.0066850308702322515,0.010696049392371607,0.010696049392371607
2017-11-01,-0.006975139158244053,-0.008021410031980659,-0.00640348008660888,-0.006674871011470411,-0.010679793618352662,-0.010679793618352662
2017-11-02,-0.0027931921157357763,-0.0032121709330961436,-0.0025658817477913036,-0.0026880019696086557,-0.00430080315137385,-0.00430080315137385
2017-11-03,0.007612629465535309,0.008754523885365604,0.008905481077695444,0.009318815642482992,0.014910105027972785,0.014910105027972785
2017-11-06,0.0005486905534933101,0.0006309941365173066,0.0009924796635683779,0.0004789080903954359,0.0007662529446326972,0.0007662529446326972
2017-11-07,0.001633859219924894,0.0018789381029136276,0.0023188104610755867,0.0018198259314770426,0.0029117214903632673,0.0029117214903632673
2017-11-08,0.007366361715286549,0.008471315972579531,0.007737318627772266,0.006072326011669371,0.009715721618670996,0.009715721618670996
2017-11-09,-0.013668715873833457,-0.015719023254908475,-0.015381819103710758,-0.012071807397848947,-0.019314891836558313,-0.019314891836558313
2017-11-10,0.008222650710977893,0.009456048317624574,0.00948969154184538,0.009630141360243266,0.015408226176389232,0.015408226176389232
2017-11-13,0.0011395537908432509,0.0013104868594697387,0.0016622465863380916,0.001004547953834958,0.0016072767261359336,0.0016072767261359336
2017-11-14,-0.0017200375376262458,-0.001978043168270183,-0.0021729939982096246,-0.002573850259729901,-0.004118160415567842,-0.004118160415567842
2017-11-15,-0.006367006816573929,-0.00732205783906002,-0.007260617852985379,-0.005990465845220596,-0.009584745352352953,-0.009584745352352953
2017-11-16,0.009505958822262284,0.010931852645601625,0.011324884703499134,0.00887540121425915,0.014200641942814635,0.014200641942814635
2017-11-17,0.001119877239077278,0.0012878588249388692,0.002607132482926111,0.0020448459090087927,0.0032717534544140676,0.0032717534544140676
2017-11-20,0.005841208292579666,0.006717389536466617,0.007542501029137899,0.007583175232694658,0.012133080372311452,0.012133080372311452
2017-11-21,0.016290809101758747,0.018734430467022563,0.019484238610656582,0.020386892940607318,0.03261902870497171,0.03261902870497171
2017-11-22,-0.0009376160269829179,-0.0010782584310303552,-0.0009476530213507435,-0.000991636916856474,-0.0015866190669703588,-0.0015866190669703588
2017-11-24,0.005156782889028289,0.005930300322382532,0.005909562223203172,0.00618384570191724,0.009894153123067585,0.009894153123067585
2017-11-27,-0.008660702112378989,-0.00995980742923584,-0.009939804206134063,-0.008100858997219133,-0.012961374395550616,-0.012961374395550616
2017-11-28,0.00562544395466409,0.006469260547863702,0.005554869904016257,0.005512690870025447,0.008820305392040715,0.008820305392040715
2017-11-29,-0.02992472506556841,-0.034413433825403655,-0.033999363370494404,-0.026983044670514583,-0.04317287147282334,-0.04317287147282334
2017-11-30,0.004791907825828451,0.005510693999702724,0.0053845511237640906,0.005516610908694202,0.008826577453910725,0.008826577453910725
2017-12-01,-0.007459975074952464,-0.008578971336195337,-0.00880092355722443,-0.009213240248371994,-0.014741184397395198,-0.014741184397395198
2017-12-04,-0.021535862409147996,-0.02476624177052018,-0.023385375248924704,-0.024470772412376898,-0.03915323585980305,-0.03915323585980305
2017-12-05,0.0023927572965835274,0.002751670891071055,0.0015922130100241472,0.0009495848939430015,0.0015193358303088038,0.0015193358303088038
2017-12-06,0.006188571575259986,0.007116857311548985,0.0075118481815997055,0.007551144729087326,0.01208183156653973,0.01208183156653973
2017-12-07,0.004704207332592131,0.005409838432480951,0.005069264147336027,0.0036728221828841333,0.005876515492614615,0.005876515492614615
2017-12-08,0.005019551101527063,0.005772483766756121,0.005563207539053867,0.004359929503921427,0.006975887206274283,0.006975887206274283
2017-12-11,0.0077439026161755286,0.008905488008601853,0.008053866050347176,0.006311878168670958,0.010099005069873533,0.010099005069873533
2017-12-12,-0.0014640845285427537,-0.0016836972078241666,-0.0016322131416576962,-0.001279178276748587,-0.0020466852427977393,-0.0020466852427977393
2017-12-13,-0.0016279792880194391,-0.0018721761812223545,-0.0009874786227933078,-0.0007738947633689123,-0.0012382316213902604,-0.0012382316213902604
2017-12-14,-0.0012184458156415559,-0.0014012126879877883,-0.0018936243570160897,-0.0014840483022682271,-0.002374477283629162,-0.002374477283629162
2017-12-15,0.009809361210878973,0.011280765392510815,0.010422729754419645,0.008168375285064833,0.013069400456103724,0.013069400456103724
2017-12-18,0.003531004112008778,0.004060654728810096,0.005122277626379363,0.004014369263370342,0.0064229908213925485,0.0064229908213925485
2017-12-19,-0.0030770384424628166,-0.0035385942088322388,-0.003505267724889379,-0.0027471058855172378,-0.00439536941682758,-0.00439536941682758
2017-12-20,8.678840546475077e-05,9.980666628446299e-05,-0.0005889363856367364,-0.0004615540775074423,-0.0007384865240119069,-0.0007384865240119069
2017-12-21,-0.0003825574399956085,-0.00043994105599494957,-0.0002360661734838131,-0.0001850069168595055,-0.00029601106697520776,-0.00029601106697520776
2017-12-22,-0.0012148401117469565,-0.0013970661285090012,-0.0005660671644195477,-0.0004436312889692519,-0.0007098100623508031,-0.0007098100623508031
2017-12-26,-0.001199940360031981,-0.001379931414036777,-0.0009686764090005471,-0.0007591593205369449,-0.0012146549128591116,-0.0012146549128591116
2017-12-27,0.0022953578977215595,0.0026396615823797943,0.0026865781510368976,0.002105492427357568,0.003368787883772108,0.003368787883772108
2017-12-28,0.0011759379742228388,0.0013523286703562645,0.001317094650666522,0.0010322174368987626,0.0016515478990380209,0.0016515478990380209
2017-12-29,-0.006196574763746204,-0.007126060978308134,-0.007310926485384417,-0.005729630588264753,-0.009167408941223606,-0.009167408941223606
2018-01-02,0.01472408194454364,0.016932694236225187,0.01568785775178035,0.012245676236924205,0.019593081979078743,0.019593081979078743
2018-01-03,0.012741458724420408,0.014652677533083462,0.015125087602880392,0.011851059138044741,0.01896169462087158,0.01896169462087158
2018-01-04,0.0027503998718812366,0.0031629598526634215,0.004462200133577399,0.0034970613406407154,0.005595298145025142,0.005595298145025142
2018-01-05,0.015444870072945953,0.01776160058388784,0.016074039261139688,0.012597350993983061,0.020155761590372905,0.020155761590372905
2018-01-08,0.004352783777682728,0.005005701344335134,0.004838266818876489,0.004755717012983297,0.007609147220773274,0.007609147220773274
2018-01-09,0.0009010292586138076,0.001036183647405878,0.001561359548730591,0.0016315330115948864,0.0026104528185518167,0.0026104528185518167
2018-01-10,-0.0017820625166071354,-0.002049371894098205,-0.0021944091988008855,-0.002293034331331262,-0.0036688549301300195,-0.0036688549301300195
2018-01-11,0.004988245136378644,0.005736481906835441,0.00606143063594671,0.006333854484753302,0.010134167175605287,0.010134167175605287
2018-01-12,0.0075532077408324415,0.008686188901957305,0.008575765389265402,0.006442362094662102,0.010307779351459365,0.010307779351459365
2018-01-16,-0.005744921626603626,-0.006606659870594167,-0.006393958459443923,-0.005025111014605223,-0.00804017762336836,-0.00804017762336836
2018-01-17,0.01567632831608867,0.018027777563501962,0.018293807434284066,0.014377386687789442,0.02300381870046312,0.02300381870046312
2018-01-18,0.006787576588681041,0.007805713076983196,0.007193978507666167,0.007238478886906517,0.011581566219050429,0.011581566219050429
2018-01-19,0.004068970442888487,0.004679316009321761,0.004474410829064928,0.004688678389893387,0.00750188542382942,0.00750188542382942
2018-01-22,0.004006396271247662,0.004607355711934809,0.003924100987063462,0.004403217250440474,0.00704514760070476,0.00704514760070476
2018-01-23,0.0059104144113443745,0.006796976573046031,0.007020973590202564,0.008092908149608138,0.01294865303937302,0.01294865303937302
2018-01-24,-0.005530544852790402,-0.006360126580708961,-0.0054094464925482,-0.006235339450002037,-0.009976543120003255,-0.009976543120003255
2018-01-25,-0.0034018625534676856,-0.003912141936487839,-0.004067533172768595,-0.004372893020151367,-0.00699662883224219,-0.00699662883224219
2018-01-26,0.014961584368216154,0.017205822023448572,0.017618906976211053,0.020131844760296523,0.03221095161647444,0.03221095161647444
2018-01-29,-0.007115833368014477,-0.00818320837321665,-0.00956792575356158,-0.00793704587392586,-0.012699273398281379,-0.012699273398281379
2018-01-30,-0.01191107576524261,-0.013697737130029006,-0.014670011595453199,-0.01145994193952569,-0.0183359071032411,-0.0183359071032411
2018-01-31,0.013996046578318667,0.016095453565066465,0.013546324325312088,0.01060166113211139,0.016962657811378224,0.016962657811378224
2018-02-01,-0.003689523793868447,-0.004242952362948715,-0.004766403528348375,-0.003748957164603421,-0.005998331463365475,-0.005998331463365475
2018-02-02,-0.025242631906486197,-0.029029026692459117,-0.028884962532483474,-0.030479792309224298,-0.04876766769475886,-0.04876766769475886
2018-02-05,-0.03610216390769274,-0.041517488493846656,-0.04199922617465327,-0.048533704240613686,-0.0776539267849819,-0.0776539267849819
2018-02-06,0.024222392039529392,0.02205460067636704,0.028380045563988328,0.02855950933656265,0.04569521493850023,0.04569521493850023
2018-02-07,-0.006626270486753798,-0.0060961688478134955,-0.00784816877137526,-0.005783978387732801,-0.00833619512846658,-0.00925436542037248
2018-02-08,-0.040860847013672784,-0.03759197925257898,-0.04617569416074996,-0.047098025071324115,-0.06316992426792556,-0.07535684011411857
2018-02-09,0.024997806853723152,0.02299798230542529,0.02814957462466362,0.02848736952015959,0.03813963953886474,0.04557979123225535
2018-02-12,0.014581847626506758,0.01341529981638621,0.016564763964726222,0.01676354113230294,0.019818027336332384,0.02378944613288486
2018-02-13,0.0049354587537696285,0.004540622053468059,0.005930657408350082,0.006001825297250284,0.006866867125420747,0.008240240550504893
2018-02-14,0.021107641112212923,0.01941902982323589,0.0247001754330428,0.02499657753823932,0.028651811719791396,0.034382174063749674
2018-02-15,0.01720313116953134,0.015826880675968828,0.01940204730048197,0.01963487186808775,0.022558163602865774,0.02706979632343891
2018-02-16,0.0010188058011228035,0.0009373013370329784,0.0014322947837582458,0.0014494823211633448,0.001592986626582647,0.0019115839518991774
2018-02-20,-0.0002823927238503441,-0.00025980130594231607,-0.0004082035675019155,-0.0004131020103119373,-0.00047404649107189484,-0.00056885578928627
2018-02-21,-0.007816030415126955,-0.007190747981916798,-0.008764388693102585,-0.008869561357419817,-0.009838708211182446,-0.011806449853418936
2018-02-22,-0.001006738014898155,-0.0009261989737063023,-0.0011431978417844814,-0.0011569162158858951,-0.0012883759032831152,-0.0015460510839397376
2018-02-23,0.018454130652666264,0.01697780020045296,0.02089815138850841,0.021148929205170516,0.023402362408201538,0.02808283488984184
2018-02-26,0.016215461489964382,0.014918224570767226,0.018815653394293134,0.019041441235024645,0.021104516131790596,0.025325419358148717
2018-02-27,-0.009738932272733055,-0.00895981769091441,-0.010491172356975232,-0.010617066425258935,-0.011755858386296836,-0.014107030063556205
2018-02-28,-0.00527893579843628,-0.0048566209345613795,-0.0055025485479114015,-0.00556857913048634,-0.006105000802037029,-0.007326000962444434
2018-03-01,-0.014944029768249023,-0.0137485073867891,-0.017359703180307957,-0.017568019618471653,-0.01912988412439462,-0.022955860949273533
2018-03-02,0.012697622461533178,0.011681812664610521,0.013904627167714647,0.01407148269372722,0.015341368757752435,0.018409642509302923
2018-03-05,0.009049655478541503,0.008325683040258184,0.010287813210646876,0.010411266969174639,0.011198120388421164,0.013437744466105397
2018-03-06,0.007409818565570546,0.0068170330803249,0.009406554914147623,0.009519433573117396,0.010470634511329223,0.012564761413595062
2018-03-07,0.006124211297461733,0.005634274393664794,0.006287375152691897,0.0063628236545242,0.00699779204886322,0.008397350458635863
2018-03-08,0.004030444774376981,0.0037080091924268214,0.004175078390364782,0.004225179331049161,0.004656263401850022,0.005587516082220024
2018-03-09,0.017464565398207843,0.016067400166351203,0.020866828893766898,0.021117230840492107,0.023905765969130115,0.028686919162956133
2018-03-12,0.0023661331069153506,0.002176842458362123,0.0030606412150320783,0.0030973689096124644,0.0035111185963031836,0.004213342315563821
2018-03-13,-0.00843734215485059,-0.007762354782462539,-0.00952719774594455,-0.009641524118895883,-0.010802124826182383,-0.01296254979141886
2018-03-14,-0.002766518528016766,-0.002545197045775424,-0.0038880726630578996,-0.003934729535014594,-0.004401649792822129,-0.005281979751386556
2018-03-15,0.003385502632415904,0.003114662421822631,0.0036350369427650448,0.0036786573860782264,0.004084282628536205,0.004901139154243445
2018-03-16,-0.0014683841753727288,-0.0013509134413429095,-0.0015192856750565712,-0.0015375171031572496,-0.0017097793030901663,-0.002051735163708199
2018-03-19,-0.015574628007790626,-0.014328657767167373,-0.017298728177647864,-0.017506312915779646,-0.01946334701627826,-0.02335601641953391
2018-03-20,0.0005645228946030229,0.0005193610630347828,0.00012150435411934091,0.00012296240636877067,0.00013641628218775652,0.00016369953862530268
2018-03-21,0.0011389423015247158,0.0010478269174027392,0.0015665658861528054,0.00158536467678664,0.001717770148454692,0.00206132417814563
2018-03-22,-0.02917561891222555,-0.026841569399247502,-0.033628013847035454,-0.03403155001319987,-0.03733091904818635,-0.044797102857823595
2018-03-23,-0.024462300037454154,-0.022505316034457823,-0.028644086725842594,-0.02898781576655271,-0.03180294843211835,-0.03816353811854201
2018-03-26,0.040186841957854325,0.03697189460122596,0.04454518806379783,0.04507973032056339,0.04715006324227306,0.05658007589072768
2018-03-27,-0.035394325228149184,-0.03256277920989725,-0.0394308437329462,-0.03990401385774155,-0.04054267790177441,-0.0486512134821293
2018-03-28,-0.00974963985725797,-0.00896966866867733,-0.011589103609804302,-0.011728172853121959,-0.011269331557749738,-0.013523197869299688
2018-03-29,0.02205502962536863,0.020290627255339144,0.024345437025436532,0.02463758226974178,0.02239084950049956,0.02686901940059947
2018-04-02,-0.026127399187575565,-0.02403720725256953,-0.02818130147069583,-0.028519477088344194,-0.025871548476745707,-0.031045858172094844
2018-04-03,0.014183405427702817,0.013048732993486595,0.015781478304070888,0.015970856043719745,0.014259627584554254,0.017111553101465102
2018-04-04,0.01513007850784175,0.013919672227214408,0.01730964794036228,0.017517363715646616,0.015294301555476382,0.018353161866571658
2018-04-05,0.004928307277380958,0.004534042695190479,0.004697783583989162,0.004754156986997034,0.004140821015961871,0.004968985219154244
2018-04-06,-0.02502841581716464,-0.02302614255179147,-0.027198893943285982,-0.02752528067060542,-0.023871959575713864,-0.028646351490856634
2018-04-09,0.0023939256430655282,0.0022024115916202845,0.0020406192101396,0.0020651066406612737,0.0017928860176262872,0.002151463221151548
2018-04-10,0.020005349758045354,0.018404921777401727,0.022286643486175872,0.022554083208009983,0.01921979376124002,0.023063752513488033
2018-04-11,-0.0058269574843444185,-0.005360800885596868,-0.005729988582998184,-0.00579874844599416,-0.004966623552521726,-0.005959948263026067
2018-04-12,0.014816345983536278,0.01363103830485337,0.01596858404178719,0.016160207050288634,0.013669314633890645,0.016403177560668773
2018-04-13,-0.004488058611173447,-0.004129013922279572,-0.004969782634257034,-0.005029420025868119,-0.004254411520569068,-0.00510529382468288
2018-04-16,0.008401468822374997,0.007729351316584995,0.008706305939862631,0.008810781611140983,0.00740644148972737,0.008887729787672842
2018-04-17,0.01613551338122535,0.01484467231072732,0.01814399303120236,0.018361720947576793,0.015445454063853108,0.018534544876623725
2018-04-18,-0.0021077397628865443,-0.0019391205818556204,-0.0028187312978400583,-0.002852556073414139,-0.002398289616300468,-0.0028779475395605625
2018-04-19,-0.014812293639511729,-0.01362731014835079,-0.017056586385827546,-0.017261265422457487,-0.014424032882512396,-0.017308839459014878
2018-04-20,-0.007878375978126956,-0.007248105899876797,-0.008483859828719017,-0.008585666146663645,-0.007202894988228842,-0.00864347398587461
2018-04-23,-0.004091467864533464,-0.003764150435370787,-0.0045267983597674505,-0.004581119940084659,-0.003823714256107164,-0.004588457107328593
2018-04-24,-0.015488777526034765,-0.014249675323951981,-0.017499816051281453,-0.017709813843896836,-0.014740890600862764,-0.017689068721035314
2018-04-25,-0.003351955631430856,-0.003083799180916388,-0.003301777872118588,-0.003341399206584011,-0.0027809197310113237,-0.0033371036772135883
2018-04-26,0.017848103367450203,0.016420255098054188,0.019204336342006145,0.019434788378110215,0.01608454501294237,0.019301454015530843
2018-04-27,-0.0014651011927858879,-0.0013478930973630163,-0.0013320028150349056,-0.0013479868488153238,-0.0011170929877867336,-0.0013405115853440798
2018-04-30,-0.006023063376829094,-0.005541218306682766,-0.007439165367963061,-0.00752843535237862,-0.006191872715228353,-0.007430247258274022
2018-05-01,0.009825514603900059,0.009039473435588051,0.010992286007715898,0.011124193439808486,0.009214682165498075,0.011057618598597694
2018-05-02,-0.006442346218164903,-0.00592695852071171,-0.007046908452153463,-0.007131471353579308,-0.005913590414103745,-0.007096308496924491
2018-05-03,0.0018290708499804245,0.0016827451819819896,0.0017246117464752137,0.0017453070874329155,0.0014472731803652104,0.001736727816438252
2018-05-04,0.017429266392496222,0.016034925081096527,0.01798159725362259,0.018197376420666066,0.015111247234177677,0.018133496681013214
2018-05-07,0.010909551644934939,0.010036787513340145,0.010374888858816881,0.010499387525122686,0.008720884049887339,0.010465060859864804
2018-05-08,0.004204788838260269,0.0038684057311994475,0.005807334718614599,0.005877022735237974,0.004937947796863451,0.00592553735623614
2018-05-09,0.01922490848413917,0.01768691580540803,0.019623921466897995,0.01985940852450078,0.01767176620105814,0.021206119441269766
2018-05-10,0.012046919064156725,0.01108316553902419,0.012292836931088224,0.012440350974261284,0.011298180402994226,0.013557816483593076
2018-05-11,-0.003475698827115921,-0.003197642920946648,-0.0038027788057591536,-0.0038484121514282647,-0.003481529995882931,-0.004177835995059518
2018-05-14,-2.5613922685391606e-05,-2.356480887056011e-05,-0.0003643449012053204,-0.00036871704001978513,-0.000422203550571811,-0.0005066442606861732
2018-05-15,-0.00945157460849778,-0.008695448639817957,-0.010418759221638787,-0.010543784332298451,-0.010385479140161212,-0.012462574968193457
2018-05-16,0.004491617202117576,0.0041322878259481685,0.005091404896937924,0.0051525017557011825,0.005091693072807686,0.006110031687369222
2018-05-17,-0.0020917633793775233,-0.0019244223090273216,-0.002487763883505005,-0.002517617050107064,-0.0024862967405114796,-0.0029835560886137765
2018-05-18,-0.005347505124003954,-0.004919704714083638,-0.006878314773892868,-0.0069608545511795844,-0.007003298819172124,-0.008403958583006556
2018-05-21,0.009839881115088843,0.009052690625881732,0.011390811469138708,0.011527501206768376,0.011680600581884993,0.014016720698261992
2018-05-22,-0.004329385756781706,-0.0039830348962391696,-0.004897530905165153,-0.004956301276027136,-0.0050201858208508065,-0.006024222985020967
2018-05-23,0.00892642686805491,0.00821231271861052,0.010122972677075626,0.010244448349200535,0.010327882713275047,0.012393459255930056
2018-05-24,0.0025814536697987803,0.0023749373762148767,0.003846147835140279,0.003892301609161964,0.003931275846805688,0.004717531016166825
2018-05-25,-0.0019468406172512224,-0.0017910933678711245,-0.0024820988307415735,-0.002511884016710473,-0.0025349122498243746,-0.0030418946997892485
2018-05-29,-0.008262848078671399,-0.007601820232377686,-0.009645698916907617,-0.009761447303910507,-0.009986821119058156,-0.01198418534286979
2018-05-30,0.010496147568880454,0.009656455763370016,0.012433350947104176,0.012582551158469426,0.012984981787859002,0.015581978145430801
2018-05-31,-0.0032660159755272537,-0.003004734697485072,-0.003798430548382724,-0.0029896590138679497,-0.003089663875742441,-0.0037075966508909293
2018-06-01,0.017235980604692436,0.015857102156317048,0.018671252435396937,0.018554264453869013,0.019113271260810253,0.022935925512972303
2018-06-04,0.004509578058674349,0.004148811813980402,0.005447121069309803,0.0055124865221415215,0.005733496621107663,0.006880195945329195
2018-06-05,0.0005099304424652993,0.00046913600706807604,-0.0003330208274696405,-0.00033701707739927715,-0.00035373262898608614,-0.0004244791547833038
2018-06-06,0.0064816601100536435,0.0059631273012493505,0.007724157111497841,0.007816846996835814,0.008120615979481554,0.009744739175377864
2018-06-07,-0.01098701001276386,-0.010108049211742753,-0.013117194689687138,-0.013274601025963378,-0.01383350814507113,-0.016600209774085356
2018-06-08,0.004279751879667765,0.003937371729294342,0.004712189909227619,0.00476873618813835,0.004964469733511914,0.005957363680214296
2018-06-11,-0.002099898998707536,-0.0019319070788109327,-0.003021932370701851,-0.003058195559150274,-0.0031715101353237156,-0.0038058121623884573
2018-06-12,0.008198815049891577,0.009198637307375314,0.009588729419781752,0.010891602038692914,0.0114136408366585,0.0136963690039902
2018-06-13,0.0034822924491299803,0.004004636316499478,0.00286411459763693,0.003301396319304314,0.003464337237713049,0.004157204685255661
2018-06-14,-0.0011962547388222862,-0.0013756929496456286,-0.0019010053446787034,-0.002191243343781763,-0.0022991975369046373,-0.002759037044285563
2018-06-15,-0.0013434120372668242,-0.0015449238428568476,-0.0024021650716345546,-0.002768918161444676,-0.002906835006837529,-0.0034882020082050327
2018-06-18,-0.004425972790099799,-0.005089868708614767,-0.004828338968312461,-0.005734295288570089,-0.006018866219342455,-0.0072226394632109465
2018-06-19,-0.005267412006909508,-0.006057523807945934,-0.005541471507349584,-0.006547363255459431,-0.0068708966336226765,-0.00824507596034721
2018-06-20,-0.003519116745309414,-0.004046984257105827,-0.004447695136158285,-0.005157070983353149,-0.00545483916665183,-0.006545806999982194
2018-06-21,-0.004848679555808674,-0.005575981489179973,-0.005189995726217408,-0.006321784511184692,-0.006688721028273664,-0.008026465233928397
2018-06-22,-0.00565717858590901,-0.0065057553737953595,-0.006354286827493987,-0.007677679635267347,-0.008118055071635552,-0.009741666085962655
2018-06-25,-0.016929570640311708,-0.01946900623635846,-0.01876935416554242,-0.022678404698444753,-0.0251167740447626,-0.030140128853715118
2018-06-26,0.004269382425284364,0.004909789789077017,0.004848257881104089,0.005857993479176553,0.006645434911649598,0.007974521893979519
2018-06-27,-0.01655647564700781,-0.01903994699405898,-0.018503028361358236,-0.02235661182716866,-0.02734110644929516,-0.0328093277391542
2018-06-28,0.014506030969436106,0.016681935614851515,0.015963647475278012,0.0192883598825308,0.025437396958182933,0.03052487634981952
2018-06-29,0.0014658600697829184,0.0016857390802503555,0.0016125694024356416,0.0019484155496358193,0.0024924457624710713,0.002990934914965283
2018-07-02,0.007522808141716692,0.0086512293629742,0.007364453504742879,0.009250172506528835,0.012179856039867924,0.014615827247841502
2018-07-03,-0.008133902301085457,-0.009353987646248271,-0.008340558726580561,-0.010042220211854578,-0.013969446351413114,-0.016091105628156226
2018-07-05,0.011159879118593754,0.012833860986382813,0.012329289496024343,0.014897082465865635,0.020798138749023927,0.023835331945385018
2018-07-06,0.011166417440947572,0.012841380057089706,0.012345815961354676,0.013440955327629742,0.01899122543162964,0.021505528524207576
2018-07-09,0.006602380009531425,0.0075927370109611396,0.006990996489253371,0.007679086694888545,0.010692217779501672,0.01228653871182167
2018-07-10,0.002911399678984709,0.003348109630832415,0.0034775284821261516,0.004081785398285496,0.00587616483220074,0.006530856637256794
2018-07-11,-0.0055086877042987495,-0.0063349908599435656,-0.006706334905873112,-0.008103047963041175,-0.011790090293336443,-0.012964876740865881
2018-07-12,0.0080507322099418,0.00925834204143307,0.008052567560357538,0.00872514310763682,0.013153177271973914,0.013960228972218911
2018-07-13,0.0010022875020267604,0.0011526306273307743,0.0012474518755091941,0.00137023257191758,0.0020454502619778967,0.0021923721150681284
2018-07-16,-0.004785655169155297,-0.005503503444528593,-0.004772228887429784,-0.005241936455090195,-0.007963903080646977,-0.008387098328144308
2018-07-17,0.01190196144197922,0.013687255658276104,0.013289849196078429,0.014597905219314498,0.022174077778647515,0.02335664835090319
2018-07-18,0.0015663952629406095,0.0018013545523817012,0.001248998954084333,0.001372197564352739,0.002085242316358664,0.002195516102964381
2018-07-19,-0.004815195881470792,-0.00553747526369141,-0.00498308598034014,-0.005481640171571802,-0.008431272127243893,-0.008770624274514888
2018-07-20,-0.001665441825529291,-0.0019152580993586842,-0.0014911248544181976,-0.0017569782550259777,-0.0027017206870862563,-0.002811165208041564
2018-07-23,0.000613131953042776,0.0007051017459991926,0.0010440977986638162,0.0012007124684633884,0.001845671780887517,0.0019211399495414206
2018-07-24,-0.004780895221516139,-0.005498029504743559,-0.005497043022247951,-0.006321599475585141,-0.010025757378559997,-0.010114559160936225
2018-07-25,0.014595888259019845,0.014445888259019846,0.015593213589313188,0.015438052298990607,0.024526966641243132,0.024700883678384966
2018-07-26,0.000520401173195869,0.0004484613491752498,0.0022390377606174234,0.0024197321343874556,0.0038595567388255087,0.003871571415019929
2018-07-27,-0.013914241467997307,-0.016001377688196903,-0.013479037603527455,-0.014872610153983258,-0.02379617624637321,-0.02379617624637321
2018-07-30,-0.022150206098455333,-0.02547273701322363,-0.02309874691427709,-0.026605743623863698,-0.04256918979818193,-0.04256918979818193
2018-07-31,0.008819750672282788,0.008697023399555515,0.007887816368153897,0.0077501404150747185,0.012400224664119552,0.012400224664119552
2018-08-01,-0.002105632065831671,-0.002105632065831671,-0.0018253785087189783,-0.0018253785087189783,-0.0028606363843262134,-0.002920605613950365
2018-08-02,0.011343721929748397,0.012945280219210655,0.01323228612751044,0.014435872060671411,0.022132267254422227,0.023097395297074254
2018-08-03,0.004744053016805425,0.0054556609693262375,0.0046380059674439355,0.005094502617782905,0.007839966523526299,0.00815120418845265
2018-08-06,0.003873232836405886,0.004454217761866768,0.005236408937181329,0.005751803517612562,0.008719252063942928,0.0092028856281801
2018-08-07,0.0030732675737519246,0.003534257709814713,0.0031124838464913623,0.003418830681775946,0.005268801698413615,0.005470129090841511
2018-08-08,0.0018205077117730555,0.0020935838685390133,0.0020242477675824658,0.0020680544140665616,0.0032362678962041098,0.0033088870625064995
2018-08-09,-0.002797011145285551,-0.003216562817078383,-0.003177056756533249,-0.003337236625828338,-0.005218374563929331,-0.0053395786013253396
2018-08-10,-0.004015090211810177,-0.004617353743581703,-0.006150472537431943,-0.00644668671455842,-0.010353828621222128,-0.01031469874329347
2018-08-13,-0.002588423523112348,-0.0029766870515791992,-0.003083068020113205,-0.003227846149206558,-0.005164553838730494,-0.005164553838730494
2018-08-14,0.0055755811904619965,0.006411918369031295,0.00648621262231342,0.006795140219420133,0.010872224351072211,0.010872224351072211
2018-08-15,-0.013951160821490862,-0.01604383494471449,-0.01487788949355922,-0.01603181336381005,-0.02565090138209608,-0.02565090138209608
2018-08-16,0.007034807776315279,0.008090028942762572,0.007538527103041745,0.008108912045295987,0.012974259272473579,0.012974259272473579
2018-08-17,-0.006081120780784642,-0.006993288897902338,-0.006974337946771825,-0.00601846608394933,-0.009621691533657004,-0.009629545734318928
2018-08-20,0.0015242150597645757,0.001752847318729263,0.001588978080455646,0.001307709978078979,0.0020794927033524345,0.0020923359649263652
2018-08-21,0.008540253178799511,0.009821291155619439,0.010352622073255581,0.008514790551648896,0.013568441671930683,0.013623664882638236
2018-08-22,0.005798567711615106,0.006668352868357373,0.0063686839375407915,0.005112805462174174,0.008186189484027953,0.008180488739478678
2018-08-23,0.0016866636804940501,0.0019396632325681573,0.002646865485209026,0.002132267960654432,0.0034116287370470903,0.0034116287370470903
2018-08-24,0.011792287719482228,0.013561130877404567,0.01260395591027673,0.013238031564840064,0.0211808505037441,0.0211808505037441
2018-08-27,0.0069199306941095965,0.007957920298226033,0.007555074937547807,0.008263384061858847,0.013221414498974163,0.013221414498974163
2018-08-28,0.0004366022086068715,0.0005020925398979021,0.001067027067501597,0.0011703215796872552,0.001862255521482852,0.0018725145274996083
2018-08-29,0.007763529911154506,0.008928059397827684,0.008776195161264636,0.009403005158108215,0.015049742585262357,0.01504480825297315
2018-08-30,-0.012927357311982222,-0.014866460908779558,-0.010908634776787707,-0.011637013272642003,-0.018619221236227206,-0.018619221236227206
2018-08-31,-0.0005162635309348161,-0.000593703060575039,0.0004919684795573303,0.0005290973141222128,0.0008465557025955387,0.0008465557025955387
2018-09-04,0.0012692211293137033,0.0014596042987107584,0.0015205267292534381,0.0015910996998095045,0.0025457595196952086,0.0025457595196952086
2018-09-05,-0.012021668617246926,-0.013824918909833967,-0.012803977676186603,-0.013759846249462701,-0.022015753999140325,-0.022015753999140325
2018-09-06,-0.006514843040184141,-0.007492069496211762,-0.00864661725755722,-0.00928913718595417,-0.014862619497526671,-0.014862619497526671
2018-09-07,0.00611290766103142,0.0070298438101861335,0.006713550538133809,0.007211089894665381,0.01153774383146461,0.01153774383146461
2018-09-10,0.01045811031417559,0.012026826861301926,0.013262455419292017,0.014245332288671688,0.02279253166187471,0.02279253166187471
2018-09-11,-0.0023492497943584127,-0.0027016372635121754,-0.002720076290823228,-0.0030064623959908574,-0.004810339833585374,-0.004810339833585374
2018-09-12,-0.00099393432578215,-0.0011430244746494726,-0.0016772517891473818,-0.001653874623356881,-0.0026461993973710095,-0.0026461993973710095
2018-09-13,0.00719476614262957,0.008273981064024003,0.008122730964302034,0.008424704288894193,0.013479526862230704,0.013479526862230704
2018-09-14,0.004156127267519029,0.0047795463576468826,0.0046780447740856785,0.0034685500249371616,0.005549680039899458,0.005549680039899458
2018-09-17,-0.009971543545554405,-0.01146727507738757,-0.010879562356537646,-0.011967267265637689,-0.0191476276250203,-0.0191476276250203
2018-09-18,0.0073030982482801725,0.008398562985522197,0.008469960940482135,0.009084552051492611,0.014535283282388175,0.014535283282388175
2018-09-19,-0.0035774108058836047,-0.004114022426766145,-0.0046069908390253145,-0.0049412799388296475,-0.007887804253446816,-0.00790604790212744
2018-09-20,0.00743126931712257,0.008545959714690955,0.008361935399846013,0.008968688040584476,0.014273058311463114,0.014349900864935162
2018-09-21,0.0013996678562055386,0.0016096180346363697,0.0010152892117744113,0.0010348856172209787,0.0016480936459191005,0.0016558169875535661
2018-09-24,0.0014789252218305544,0.0017007640051051372,0.0016314170204163774,0.0017071367977352797,0.0027111256417042206,0.002731418876376449
2018-09-25,0.0007737125840297452,0.0008897694716342075,0.00047550965463707387,0.0004975797229957567,0.000784210408876399,0.0007961275567932117
2018-09-26,-0.0020357967426755134,-0.002341166254076841,-0.0032655790591605677,-0.003417146019712324,-0.005467995804838828,-0.00546743363153972
2018-09-27,0.00027155101908378146,0.0003122836719463486,-0.0002517484834335561,-0.000263433012200514,-0.00042149281952082206,-0.00042149281952082206
2018-09-28,0.0034828391187929813,0.004005264986611932,0.0037365277742319072,0.003913780322275563,0.006262048515640902,0.006262048515640902
2018-10-01,0.003383510920470347,0.0038910375585408997,0.005175372352043653,0.005396881500940588,0.00863501040150494,0.00863501040150494
2018-10-02,-0.008477862517658833,-0.009749541895307655,-0.009854013644354592,-0.010609753617409576,-0.016975605787855317,-0.016975605787855317
2018-10-03,-0.0009468012360746737,-0.0010888214214858746,-0.0009264113276527201,-0.001214574153827218,-0.0019433186461235482,-0.0019433186461235482
2018-10-04,-0.015466742342229268,-0.017786753693563657,-0.01715103041191616,-0.020264297337505562,-0.03242287574000891,-0.03242287574000891
2018-10-05,-0.011641105644589554,-0.013387271491277986,-0.013762367623288033,-0.015893870931898202,-0.025430193491037117,-0.025430193491037117
2018-10-08,-0.011494571065322198,-0.01321875672512052,-0.012406637074153338,-0.014300833495052232,-0.022881333592083577,-0.022881333592083577
2018-10-09,-0.004393709720079872,-0.005052766178091852,-0.004764633947909588,-0.005492079468970711,-0.008787327150353135,-0.008787327150353135
2018-10-10,-0.041986723107979934,-0.04828473157417691,-0.048135185940503755,-0.05548427630099755,-0.08877484208159608,-0.08877484208159608
2018-10-11,-0.016824089797611925,-0.019347703267253713,-0.019483416922620966,-0.022458068182356333,-0.03593290909177013,-0.03593290909177013
2018-10-12,0.024213184808056086,0.02784516252926449,0.0268090690013845,0.028705910496193556,0.039777640418633714,0.04592945679390968
2018-10-15,-0.011034935051038553,-0.007170961030623131,-0.008104107571435785,-0.005392141962216308,-0.007367502265045922,-0.008627427139546093
2018-10-16,0.028543560357463665,0.03227509441108321,0.031769270210316045,0.034543249688725366,0.04463358020420086,0.05354766826603219
2018-10-17,0.0005117108589940924,0.0005884674878432056,-0.00025551385922049615,-0.0002806628611122777,-0.00038677388738828696,-0.00046412866486594443
2018-10-18,-0.021120016435655843,-0.024288018901004217,-0.022540203494149195,-0.024723990976072127,-0.030376318405614566,-0.03645158208673746
2018-10-19,-0.013462075736991267,-0.015481387097539958,-0.014445241272314419,-0.01757488302378468,-0.0215465323280141,-0.025855838793616914
2018-10-22,0.0023403771611393617,0.0026914337353102645,0.002974871706015383,0.00328010825833612,0.003871368756751884,0.004645642508102261
2018-10-23,-0.006349339216076952,-0.007301740098488493,-0.005217495856699654,-0.005900912466254684,-0.006975465047358887,-0.008370558056830667
2018-10-24,-0.04221731070417054,-0.04854990730979611,-0.04632096399981576,-0.05238834134663729,-0.061788225374301696,-0.07414587044916204
2018-10-25,0.02684322784878606,0.015555936709271632,0.029044198168107955,0.016863131804090575,0.020148032386568215,0.02417763886388186
2018-10-26,-0.02040024044914415,-0.012240144269486488,-0.01478241574309534,-0.008869449445857205,-0.009610150374306476,-0.011532180449167768
2018-10-29,-0.020081605355873725,-0.012048963213524229,-0.013130103752742518,-0.00787806225164551,-0.00840824116944566,-0.01008988940333479
2018-10-30,0.019685581596565804,0.011811348957939482,0.0133212906031475,0.0079927743618885,0.008719327789575968,0.010463193347491158
2018-10-31,0.0117241498215891,0.007034489892953455,0.007277466708732181,0.004366480025239309,0.004767990348226816,0.005721588417872178
2018-11-01,0.02842477098639646,0.017054862591837867,0.019636837235570546,0.01178210234134233,0.012821247625124849,0.015385497150149823
2018-11-02,-0.009165124237760152,-0.005499074542656092,-0.006162239324931074,-0.0036973435949586436,-0.004062705482624101,-0.004875246579148919
2018-11-05,-0.0006463251957661657,-0.00038779511745969895,-0.0018165270247979622,-0.0010899162148787778,-0.0011895540843689183,-0.001427464901242702
2018-11-06,0.0069029971190386645,0.004141798271423201,0.00463568974446062,0.0027814138466763713,0.003044024674390249,0.003652829609268298
2018-11-07,0.02213533660397056,0.013281201962382328,0.016025009472218535,0.009615005683331122,0.010531682613084476,0.012638019135701376
2018-11-08,-0.0030169169783920407,-0.004019454525150846,-0.0014707020635163,-0.002098041244011487,-0.002297491343576829,-0.0027569896122921953
2018-11-09,-0.022578609882984116,-0.02596540136543172,-0.02390054074979942,-0.02624806967959568,-0.028598172575487472,-0.03431780709058497
2018-11-12,-0.03430034533177808,-0.03944539713154478,-0.0388550797695012,-0.047067338508897306,-0.0513264001146813,-0.0615916801376176
2018-11-13,0.007297723942705009,0.008392382534110765,0.008847656593476775,0.009598488935354409,0.01020451842636045,0.01224542211163254
2018-11-14,-0.006647786462401531,-0.003860937501952734,-0.004768398759435226,-0.0029644443077547133,-0.003041999793827971,-0.003650399752593564
2018-11-15,0.018697792296887894,0.011098675378132732,0.01257296091089047,0.007458808804598795,0.0074548396261181005,0.008945807551341717
2018-11-16,-0.008812437490004214,-0.005287462494002529,-0.005187164755803562,-0.003112298853482136,-0.0031241292093582805,-0.003748955051229937
2018-11-19,-0.040827226949585994,-0.019717068935801278,-0.028298097434869655,-0.01366805451067292,-0.013673729143349477,-0.01640847497201938
2018-11-20,-0.004142534342218004,-0.0019884164842646416,-0.0017953437251437246,-0.0008617649880689876,-0.0008626200253337073,-0.0010351440304004484
2018-11-21,0.004656676325880158,0.0022352046364224757,0.003361903207551864,0.0016137135396248948,0.001615383915468683,0.0019384606985624188
2018-11-23,-0.005548505296972434,-0.0026632825425467683,-0.004096471265740986,-0.0019663062075556724,-0.0019730880750582253,-0.0023677056900698705
2018-11-26,0.01790391541422181,0.008593879398826467,0.01170864781564111,0.0056201509515077285,0.005638472914146776,0.006766167496976133
2018-11-27,-0.0009491308919947077,-0.00045558282815745955,6.562144463305414e-05,3.149829342386613e-05,2.8850628396926552e-05,3.4620754076311536e-05
2018-11-28,0.031820513219857044,0.015273846345531375,0.0220527353569418,0.01058531297133206,0.010733144437819813,0.012879773325383781
2018-11-29,-0.0036398712727423173,-0.0017471382109163118,-0.0017054755193200853,-0.0008186282492736405,-0.0008304629250701142,-0.000996555510084137
2018-11-30,0.005661890339362183,0.004922272445546542,0.004275018147711342,0.0037300382012707793,0.003779864896079831,0.004535837875295799
2018-12-03,0.016609779955000025,0.0076126943784000116,0.011351931701068376,0.0051961530229644335,0.005277809533179158,0.0063333714398149926
2018-12-04,-0.02756671422289483,-0.02580137708506324,-0.019271002060777937,-0.018040870283012465,-0.01829838360152737,-0.021958060321832847
2018-12-06,-0.0012565467712748611,-0.0011560230295728719,-0.0016349202553205397,-0.0015041266348948968,-0.0015239990893983907,-0.0018287989072780706
2018-12-07,-0.025733460326550904,-0.012792060956744433,-0.018070616827062878,-0.009021283173764378,-0.009105425220867908,-0.010926510265041491
2018-12-10,0.016736125721584297,0.008033340346360463,0.011527474401620844,0.0040649230426480195,0.004106976027773035,0.004928371233327642
2018-12-11,0.0006214631841708647,0.00029830232840201496,0.0004290956950887745,0.00015447445023195874,0.00015581223193745488,0.0001869746783249458
2018-12-12,0.009202137212110337,0.004417025861812961,0.0061373672016984335,0.002209452192611436,0.002254482727495021,0.0027053792729940253
2018-12-13,-0.0049755392611858865,-0.002388258845369225,-0.0034944360287244114,-0.0012579969703407886,-0.0012844659447884012,-0.001541359133746081
2018-12-14,-0.023394898387253945,-0.011229551225881894,-0.016344297393126442,-0.005883947061525518,-0.006001789225089374,-0.007202147070107248
2018-12-17,-0.017641028676135522,-0.008467693764545047,-0.012589218717807977,-0.004532118738410871,-0.004645159459802995,-0.005574191351763591
2018-12-18,0.007596810294440515,0.0036464689413314468,0.004945171314855437,0.0017802616733479568,0.00182653048942871,0.0021918365873144527
2018-12-19,-0.015577573584972521,-0.007477235320786813,-0.010238230060481612,-0.0036857628217733807,-0.0037918426412676272,-0.0045502111695211525
2018-12-20,-0.012621647733226497,-0.006058390911948716,-0.008211574404710311,-0.0029561667856957113,-0.003055850456500277,-0.0036670205478003333
2018-12-21,-0.022061313234935778,-0.010589430352769168,-0.01434146650593406,-0.00516292794213626,-0.005335452645490955,-0.006402543174589145
2018-12-24,-0.024874048857265692,-0.011939543451487525,-0.016168131757222693,-0.005820527432600168,-0.006049993843616417,-0.007259992612339699
2018-12-26,0.053359903554293875,0.02561275370606106,0.03468393731029103,0.012486217431704761,0.012985382211195476,0.015582458653434576
2018-12-27,0.010739654250131686,0.00515503404006321,0.006980775262585598,0.0025130790945308143,0.0026159518790136315,0.0031391422548163583
2018-12-28,0.0010398513258212646,0.0004991286363942072,0.0006759033617838221,0.00024332521024217593,0.0002490002354332115,0.00029880028251985376
2018-12-31,0.009687605770599619,0.004650050769887817,0.006296943750889751,0.0022668997503203104,0.00233594649009931,0.0028031357881191706
2019-01-02,-0.0014420246742372698,-0.0006921718436338896,-0.000937316038254225,-0.0003374337737715211,-0.0003477418062236451,-0.00041729016746837425
2019-01-03,-0.033267105171789255,-0.015968210482458844,-0.02162361836166302,-0.007784502610198684,-0.008028103246577312,-0.009633723895892775
2019-01-04,0.0380414791343128,0.01825990998447014,0.024726961437303317,0.008901706117429192,0.009202643075940178,0.011043171691128215
2019-01-07,0.01076271910380312,0.005166105169825498,0.00699576741747203,0.0025184762702899297,0.0026062565974559657,0.0031275079169471596
2019-01-08,0.0036075878354790863,0.0017316421610299613,0.0023449320930614068,0.0008441755535021061,0.0008677993968563368,0.0010413592762276039
2019-01-09,0.01255244273755538,0.006025172514026585,0.008159087779411002,0.0029372716005879596,0.0030479663730429334,0.0036575596476515213
2019-01-10,0.011082551127527028,0.005319624541212972,0.007203658232892568,0.0025933169638413236,0.0027056347618357513,0.003246761714202902
2019-01-11,0.0037884916586916634,0.001818475996171999,0.002405938124484202,0.0008661377248143124,0.0009063615880374416,0.0010876339056449295
2019-01-14,-0.008077894734444802,-0.003877389472533505,-0.0053951229562162915,-0.0019422442642378648,-0.0020331141308727774,-0.0024397369570473325
2019-01-15,0.010516408644581969,0.005047876149399344,0.007665073013921241,0.002759426285011645,0.003201548363496872,0.003841858036196246
2019-01-16,-0.00016288085779579494,-7.818281174198154e-05,-0.00016232417047049253,-5.843670136937724e-05,-7.375866421311186e-05,-8.85103970557344e-05
2019-01-17,0.00817990505589551,0.003926354426829845,0.0056654142485344965,0.002039549129472417,0.002534078421563601,0.0030408941058763213
2019-01-18,0.016223199642732836,0.0077871358285117615,0.010524628913326275,0.0037888664087974587,0.004733048328182484,0.00567965799381898
2019-01-22,-0.018529643207520024,-0.008894228739609608,-0.012263981782883621,-0.004415033441838103,-0.005949027937251478,-0.007089716575735307
2019-01-23,-0.0019086326719098266,-0.0009161436825167171,-0.0011802971658262768,-0.00042490697969745984,-0.0005698354893093283,-0.0006798511675159356
2019-01-24,0.015221118926892109,0.007306137084908213,0.009858060979545787,0.003548901952636483,0.004891938940103053,0.005678243124218374
2019-01-25,0.010430494617346808,0.005006637416326467,0.006598547275941669,0.0023754770193390004,0.0033281826196917145,0.0038007632309423997
2019-01-28,-0.014479752135900796,-0.006950281025232381,-0.009895490782071841,-0.0035623766815458618,-0.0049986967482426765,-0.005699802690473381
2019-01-29,-0.009520376367582916,-0.004569780656439801,-0.006122845171732433,-0.002204224261823675,-0.003093925947327053,-0.0035267588189178793
2019-01-30,0.020466056695331056,0.009823707213758907,0.013979988072119075,0.0050327957059628685,0.00806750390956806,0.008052473129540591
2019-01-31,0.01766549872508362,0.008479439388040137,0.011910725080135468,0.004287861028848768,0.0068605776461580295,0.0068605776461580295
2019-02-01,0.002916172163329533,0.0013997626383981758,0.0018578902115274553,0.0006688404761498839,0.0010701447618398144,0.0010701447618398144
2019-02-04,0.004901722754855939,0.0023528269223308494,0.0028739692907401473,0.001034628944666453,0.0016554063114663253,0.0016554063114663253
2019-02-05,0.005709693318439427,0.002740652792850925,0.0038336774816700946,0.0013801238934012339,0.0022081982294419734,0.0022081982294419734
2019-02-06,-0.006131272926740138,-0.005225018341392113,-0.003470391728761783,-0.002252170521128037,-0.003603472833804858,-0.003603472833804858
2019-02-07,-0.006859961269726861,-0.005487969015781487,-0.004537997862823365,-0.0027227987176940177,-0.004356477948310429,-0.004356477948310429
2019-02-08,0.021145311690949097,0.01691624935275927,0.013821464043917403,0.00829287842635044,0.013268605482160703,0.013268605482160703
2019-02-11,0.005125352608888879,0.002140169252266661,0.0036569246779840814,0.0011465574002033014,0.0018344918403252817,0.0018344918403252817
2019-02-12,0.01281777292274781,0.006152531002918949,0.0087336938071152,0.0031441297705614717,0.005030607632898352,0.005030607632898352
2019-02-13,0.001546473900751444,0.0007423074723606928,0.0012964373456166272,0.0004667174444219857,0.0007467479110751777,0.0007467479110751777
2019-02-14,0.006542019864878166,0.004913615891902533,0.004454949363587609,0.0025030341342815983,0.004004854614850557,0.004004854614850557
2019-02-15,0.00885969178803369,0.007087753430426952,0.006501586688442302,0.0039009520130653804,0.0062415232209046085,0.0062415232209046085
2019-02-19,0.00015454558780975754,0.00012363647024780678,7.654452466883199e-05,4.592671480129908e-05,7.348274368207833e-05,7.348274368207833e-05
2019-02-20,0.001735200692552689,0.0013881605540421505,0.0013853042281682553,0.0008311825369009524,0.001329892059041524,0.001329892059041524
2019-02-21,-0.005508910225573463,-0.004407128180458769,-0.0038121981786035587,-0.0022873189071621358,-0.003659710251459417,-0.003659710251459417
2019-02-22,0.012066258526186587,0.00965300682094927,0.008590418982131101,0.005154251389278658,0.008246802222845854,0.008246802222845854
2019-02-25,0.0012225730701541102,0.0009780584561232884,-3.858384900246015e-05,-2.3150309401476018e-05,-3.704049504236104e-05,-3.704049504236104e-05
2019-02-26,0.00599910756777455,0.004799286054219642,0.0033914029529840814,0.0020348417717904483,0.003255746834864716,0.003255746834864716
2019-02-27,0.002521150812063667,0.0020169206496509335,0.001445763321004822,0.0008674579926028924,0.0013879327881646288,0.0013879327881646288
2019-02-28,-0.004001222946022243,-0.0032009783568177942,-0.002794263569863021,-0.001676558141917812,-0.0026824930270684996,-0.0026824930270684996
2019-03-01,0.005053765142163351,0.004043012113730681,0.004116240224982091,0.003237478983504735,0.005179966373607576,0.005179966373607576
2019-03-04,-0.005529897510505694,-0.004423918008404554,-0.0035739897644403206,-0.0022862218156534386,-0.0036579549050455035,-0.0036579549050455035
2019-03-05,-0.00991687061488634,-0.007933496491909072,-0.006339260438263214,-0.005168720178567562,-0.008269952285708093,-0.008269952285708093
2019-03-06,-0.008522946535793286,-0.006818357228634631,-0.0056190329492070085,-0.003513032672750012,-0.005620852276400017,-0.005620852276400017
2019-03-07,-0.0028851707336125603,-0.002308136586890049,-0.0018792796347423756,-0.0011275677808454253,-0.0018041084493526812,-0.0018041084493526812
2019-03-08,-0.0034839395801079167,-0.002787151664086334,-0.0022902247052978752,-0.0013741348231787252,-0.0021986157170859606,-0.0021986157170859606
2019-03-11,0.02024957176401385,0.016199657411211082,0.013177656074296246,0.007906593644577747,0.012650549831324399,0.012650549831324399
2019-03-12,0.0008191099242154921,0.000619109924215492,0.000507116896811851,0.00028259573712501723,0.0004521531794000275,0.0004521531794000275
2019-03-13,0.007449910686408409,0.007449910686408409,0.004830123599613037,0.0036225926997097775,0.005796148319535644,0.005796148319535644
2019-03-14,-0.0015432984926167642,-0.0015432984926167642,-0.0010058425983000745,-0.000754381948725056,-0.0012070111179600899,-0.0012070111179600899
2019-03-15,0.0045049021770862075,0.0045049021770862075,0.003226832632237504,0.002420124474178127,0.0038721991586850055,0.0038721991586850055
2019-03-18,0.0006345575156694865,0.0006345575156694865,-0.0006154843080436146,-0.0007925004370758727,-0.0012680006993213966,-0.0012680006993213966
2019-03-19,0.004517903237762368,0.004517903237762368,0.0033145091817678015,0.0023088657572935918,0.003694185211669748,0.003694185211669748
2019-03-20,-0.007486229966000575,-0.007486229966000575,-0.004962043903299046,-0.003721532927474285,-0.0059544526839588555,-0.0059544526839588555
2019-03-21,0.026803243252045292,0.026803243252045292,0.017835231291915644,0.017672328066109196,0.028275724905774707,0.028275724905774707
2019-03-22,-0.02769275491612785,-0.02769275491612785,-0.028822786966266493,-0.028822786966266493,-0.046116459146026405,-0.046116459146026405
2019-03-25,0.0003752605780124879,0.0003752605780124879,-0.00017878397275746915,-0.00017878397275746915,-0.0002860543564119496,-0.0002860543564119496
2019-03-26,0.0077203483109925305,0.0077203483109925305,0.004713573219500909,0.004713573219500909,0.007541717151201451,0.007541717151201451
2019-03-27,-0.008388120275100087,-0.008388120275100087,-0.005473737095832036,-0.005473737095832036,-0.008757979353331261,-0.008757979353331261
2019-03-28,0.0018862526956859723,0.0018862526956859723,0.0012137205470013175,0.001269931311378869,0.0020318900982061907,0.0020318900982061907
2019-03-29,0.01138091797794689,0.01138091797794689,0.007401150722028341,0.008141265794231176,0.013026025270769884,0.013026025270769884
2019-04-01,0.014051498669419009,0.014051498669419009,0.009095057516481908,0.009029896226159326,0.014447833961854928,0.014447833961854928
2019-04-02,-0.0017294993363795267,-0.0017294993363795267,-0.0011154836466073224,-0.0011154836466073224,-0.001784773834571716,-0.001784773834571716
2019-04-03,0.004792706670191238,0.004792706670191238,0.006077955778204051,0.0066201738190620925,0.010592278110499346,0.010592278110499346
2019-04-04,-0.005163463791744797,-0.005163463791744797,-0.005965897560283453,-0.006562487316311801,-0.010499979706098879,-0.010499979706098879
2019-04-05,0.005484430474992922,0.005484430474992922,0.005240163838610631,0.005764180222471694,0.009222688355954712,0.009222688355954712
2019-04-08,0.0004273625971398802,0.0004273625971398802,0.0011929254259408725,0.0013122179685349602,0.0020995487496559373,0.0020995487496559373
2019-04-09,-0.0044553680820450135,-0.0044553680820450135,-0.00509783276038589,-0.005204594124022254,-0.008327350598435607,-0.008327350598435607
2019-04-10,0.007907763862272047,0.008943928441612852,0.009402300411222414,0.007296205099397112,0.011673928159035377,0.011673928159035377
2019-04-11,-0.0004440777169879498,-0.0005106893745361428,0.0001505575898072507,0.00011994629561407565,0.00019191407298252034,0.00019191407298252034
2019-04-12,0.004817977974955628,0.0055406746711989694,0.0062343081718169695,0.00496675173854298,0.007946802781668772,0.007946802781668772
2019-04-15,-0.002858648363817399,-0.003287445618390009,-0.0035007207326450485,-0.0027889559363811203,-0.004462329498209793,-0.004462329498209793
2019-04-16,0.005651289971601776,0.006498983467342043,0.007375652374992889,0.005802139636519035,0.009283423418430456,0.009283423418430456
2019-04-17,-0.004647791773607287,-0.005344960539648379,-0.0056351626283287415,-0.004264543966722868,-0.00682327034675659,-0.00682327034675659
2019-04-18,-0.0005959484759627285,-0.0006853407473571379,-0.0004456531075565682,-0.0003871349135030975,-0.0006194158616049563,-0.0006194158616049563
2019-04-22,0.00041950442005684035,0.00048243008306536643,0.0005592486974028826,0.00044066655226273667,0.0007050664836203784,0.0007050664836203784
2019-04-23,0.01375533891068487,0.015818639747287602,0.015773490602898697,0.012428906412133584,0.01988625025941373,0.01988625025941373
2019-04-24,0.0015660834742182229,0.0018009959953509554,0.0016274026473809804,0.0012823309506038915,0.0020517295209662263,0.0020517295209662263
2019-04-25,-0.005585268897724927,-0.006423059232383666,-0.0075517170342965,-0.005950463764370429,-0.009520742022992685,-0.009520742022992685
2019-04-26,0.00212771663544761,0.00244687413076475,0.002181180665215769,0.0017186868169142041,0.0027498989070627255,0.0027498989070627255
2019-04-29,0.0018392455363432896,0.0021151323667947834,0.00215264857800873,0.0016962046250793826,0.002713927400127012,0.002713927400127012
2019-04-30,0.004416029366692456,0.005078433771696321,0.004576390432434639,0.0036060203681017116,0.005769632588962738,0.005769632588962738
2019-05-01,-0.010264595677321587,-0.011804285028919824,-0.012029021816130137,-0.009478408435144947,-0.015165453496231919,-0.015165453496231919
2019-05-02,0.004553058687421655,0.005236017490534903,0.005036683308867681,0.0051640812301444825,0.008262529968231173,0.008262529968231173
2019-05-03,0.008477042881242295,0.009748599313428636,0.009809159546839814,0.007396777249149373,0.011834843598638995,0.011834843598638995
2019-05-06,-0.008543861890479074,-0.009825441174050936,-0.010609868998536763,-0.011372166330670815,-0.018195466129073315,-0.018195466129073315
2019-05-07,-0.02247070780919865,-0.02584131398057844,-0.02702266187103836,-0.02707355786500679,-0.04331769258401088,-0.04331769258401088
2019-05-08,-0.0040543802200589734,-0.004662537253067823,-0.004865256264070767,-0.003948942198053078,-0.006318307516884928,-0.006318307516884928
2019-05-09,-0.00605566718902888,-0.0069640172673832105,-0.006835540253340289,-0.005438399650226222,-0.008701439440361954,-0.008701439440361954
2019-05-10,0.0007618505435103434,0.0008761281250368945,0.000808673597228706,0.0006389519780572489,0.0010223231648915985,0.0010223231648915985
2019-05-13,-0.03849293573171065,-0.04426687609146723,-0.0453845941234404,-0.03585943239382945,-0.05737509183012711,-0.05737509183012711
2019-05-14,0.019421128420158973,0.022334297683182826,0.023067997131889454,0.01817425173768355,0.02907880278029367,0.02907880278029367
2019-05-15,0.00541423236065209,0.006226367214749903,0.006143566591692144,0.004884976756079935,0.007815962809727897,0.007815962809727897
2019-05-16,0.004080847156896015,0.004692974230430418,0.0047764757167452895,0.0038053250523447965,0.006088520083751673,0.006088520083751673
2019-05-17,-0.007908791469430684,-0.009095110189845285,-0.00920806861253996,-0.007335888687168764,-0.011737421899470028,-0.011737421899470028
2019-05-20,-0.018109162041562273,-0.02082553634779662,-0.021588067549178802,-0.01702016224627562,-0.027232259594041006,-0.027232259594041006
2019-05-21,0.02073676635354285,0.023847281306574288,0.02457476740004663,0.019414660510687656,0.031063456817100262,0.031063456817100262
2019-05-22,-0.007679740634231767,-0.008831701729366533,-0.009789939688925272,-0.007735260988780463,-0.012376417582048741,-0.012376417582048741
2019-05-23,-0.017702773407159363,-0.020358189418233266,-0.022882355997753626,-0.01807988622044731,-0.028927817952715703,-0.028927817952715703
2019-05-24,0.0024528930273880023,0.0028208269814962036,0.002194916742734981,0.0017342552041362822,0.002774808326618052,0.002774808326618052
2019-05-28,-0.00607185296603636,-0.006982630910941815,-0.006200620069602778,-0.004899255363636763,-0.007838808581818823,-0.007838808581818823
2019-05-29,-0.0053490689825048685,-0.006151429329880601,-0.006459061003206571,-0.005103455607471859,-0.00816552897195497,-0.00816552897195497
2019-05-30,0.0004511998683794801,0.0005188798486364028,-9.805764797822514e-05,-7.747764778526508e-05,-0.00012396423645642135,-0.00012396423645642135
2019-05-31,-0.017684452008260174,-0.0203371198094992,-0.02114117414630152,-0.016752537495802102,-0.026804059993283374,-0.026804059993283374
2019-06-03,-0.0096282408887652,-0.011072477022079972,-0.012130547420703427,-0.009587083141201684,-0.015339333025922698,-0.015339333025922698
2019-06-04,0.02908363851445932,0.016900183108675592,0.033658842690809,0.014759057335864051,0.02348255569019871,0.02361449173738248
2019-06-05,0.004883896247575077,0.002930337748545046,0.0024393050005259713,0.001097687250236686,0.001732916483654914,0.0017562996003786988
2019-06-06,0.017721811929518376,0.019830083718946127,0.021246196209240058,0.01639794645728081,0.025477208884889562,0.02623671433164929
2019-06-07,0.008980532983491801,0.01032761293101557,0.010329335026718156,0.008139120349370258,0.012640501627338365,0.013022592558992414
2019-06-10,0.009929402134483855,0.011418812454656431,0.011574965687104278,0.009120629597499404,0.013815240966375122,0.014593007355999051
2019-06-11,9.900674429273956e-05,0.00011385775593664961,0.0001961379498357611,0.000154549191662652,0.0002255917958181712,0.0002472787066602436
2019-06-12,-0.00810022567480271,-0.009315259526023113,-0.009729670738739647,-0.0076666078598003244,-0.011556914782566154,-0.012266572575680515
2019-06-13,0.005655722581638152,0.006504080968883876,0.006729054597965779,0.005008618952998031,0.007548850273305065,0.008013790324796852
2019-06-14,-0.010545712988336143,-0.012127569936586566,-0.012654855586003363,-0.009491141689502528,-0.014274326950904503,-0.015185826703204052
2019-06-17,0.0009505503561222517,0.001093132909540589,0.0011406604273467018,0.0008554953205100265,0.0012801522232653254,0.0013687925128160426
2019-06-18,0.014507396829729435,0.01668350635418885,0.017408876195675313,0.013056657146756486,0.019483584940922914,0.020890651434810385
2019-06-19,0.009126984166878488,0.01049603179191026,0.010952381000254184,0.008214285750190639,0.012259158005763025,0.013142857200305029
2019-06-20,0.016086573339863686,0.01849955934084324,0.019303888007836414,0.014477916005877322,0.02131435100230266,0.023164665609403716
2019-06-21,-0.004463811396302291,-0.005133383105747633,-0.005356573675562747,-0.004017430256672062,-0.005898074090243554,-0.0064278884106753024
2019-06-24,-0.0011386355115416402,-0.001309430838272885,-0.0013663626138499655,-0.0010247719603874753,-0.0015239902457454058,-0.00163963513661996
2019-06-25,-0.012820298272042745,-0.014743343012849158,-0.015384357926451292,-0.011538268444838478,-0.01819267222592679,-0.01846122951174156
2019-06-26,0.008051310448202453,0.00925900701543282,0.00966157253784294,0.007246179403382209,0.011372310275258757,0.011593887045411535
2019-06-27,0.009831772571108625,0.01130653845677492,0.011798127085330345,0.008848595313997766,0.01376126438892694,0.014157752502396422
2019-06-28,0.005128001483890551,0.005897201706474134,0.006153601780668661,0.0046152013355014974,0.00716434342566139,0.007384322136802397
2019-07-01,0.012777918120869645,0.014694605839000082,0.015333501745043566,0.011500126308782681,0.01774341365937621,0.018400202094052288
2019-07-02,0.0012320748307277829,0.0014168860553369516,0.0014784897968733374,0.0011088673476550054,0.0017217204933140595,0.0017741877562480078
2019-07-03,0.0009988074462768419,0.0011486285632183687,0.0011985689355322102,0.0008989267016491582,0.0013814823059194628,0.0014382827226386535
2019-07-05,-0.0070354023368975884,-0.008090712687432226,-0.008442482804277101,-0.00633186210320783,-0.009769670299664688,-0.010130979365132527
2019-07-08,-0.006291742202197845,-0.007235503532527519,-0.007550090642637409,-0.005662567981978058,-0.008771263671751309,-0.009060108771164895
2019-07-09,0.0052734697534069855,0.0060644902164180324,0.00632816370408838,0.0047461227780662895,0.007349121789071974,0.007593796444906064
2019-07-10,0.00663962091016386,0.00763556404668844,0.007967545092196632,0.0059756588191474756,0.009256552469345,0.009561054110635958
2019-07-11,0.005232849617947527,0.006017777060639655,0.006279419541537027,0.004709564656152775,0.007280584005111098,0.007535303449844442
2019-07-12,0.005617519654243077,0.006460147602379539,0.006741023585091691,0.0050557676888187695,0.007810281681286566,0.008089228302110032
2019-07-15,0.0032226240032874245,0.003706017603780537,0.003867148803944907,0.002900361602958682,0.004488802390682583,0.004640578564733893
2019-07-16,-0.003464349705581503,-0.003984002161418727,-0.004157219646697803,-0.003117914735023353,-0.004822234675479973,-0.004988663576037366
2019-07-17,0.0028254586233382663,0.0032492774168390074,0.0033905503480059188,0.0025429127610044405,0.003933858307473436,0.004068660417607105
2019-07-18,0.005483078968875204,0.006305540814206485,0.006579694762650243,0.004934771071987683,0.007636111913966484,0.0078956337151803
2019-07-19,-0.006362135474669799,-0.007316455795870267,-0.007634562569603755,-0.005725921927202818,-0.008882684812628718,-0.009161475083524512
2019-07-22,0.009579601749336353,0.01101654201173681,0.011495522099203624,0.008621641574402723,0.013362943698130222,0.013794626519044348
2019-07-23,0.0061322492972793515,0.007052086691871254,0.007358699156735221,0.005519024367551417,0.00852913135243158,0.00883043898808227
2019-07-24,0.013120395539183156,0.015088454870060629,0.015744474647019786,0.011808355985264843,0.018145074605741662,0.018893369576423753
2019-07-25,-0.009215802631987097,-0.010598173026785162,-0.011058963158384514,-0.008294222368788389,-0.012886561701558592,-0.013270755790061423
2019-07-26,0.004737033133399555,0.005447588103409491,0.005684439760079466,0.0042633298200596,0.006532905835216108,0.006821327712095363
2019-07-29,-0.0010605427220669174,-0.0012196241303769552,-0.0012726512664803004,-0.000954488449860226,-0.0014656730412440145,-0.0015271815197763616
2019-07-30,-0.0015264470115898211,-0.0017554140633282934,-0.0018317364139077827,-0.0013738023104308379,-0.002103300347922981,-0.002198083696689341
2019-07-31,-0.00933038038791135,-0.010729937446098056,-0.01119645646549361,-0.008397342349120221,-0.012850078924851417,-0.01343574775859235
2019-08-01,-0.005037360884995625,-0.005792965017744968,-0.006044833061994742,-0.004533624796496063,-0.0069440490094142375,-0.007253799674393703
2019-08-02,-0.01995755740249896,-0.022951191012873805,-0.023949068882998737,-0.017961801662249074,-0.027549642391209665,-0.0287388826595985
2019-08-05,-0.03754255002500823,-0.04317393252875947,-0.04505106003000987,-0.03378829502250743,-0.051847674430066874,-0.05406127203601187
2019-08-06,0.01643069992777455,0.018895304916940744,0.019716839913329457,0.0147876299349971,0.022237878007479284,0.02366020789599536
2019-08-07,0.00023998961692894746,0.0002759880594682893,0.00018329420933658116,0.00010845148120340457,0.00017875144978669928,0.0001735223699254493
2019-08-08,0.024989585823151673,0.028738023696624423,0.029929690487781994,0.0224090958703602,0.03257028705853951,0.03585455339257632
2019-08-09,-0.011248532116653337,-0.012935811934151343,-0.013498238539984005,-0.01012367890498801,-0.01471391101953712,-0.016197886247980815
2019-08-12,-0.010389165027871836,-0.011947539782052607,-0.012466998033446194,-0.009350248525084651,-0.013212707380899157,-0.014960397640135441
2019-08-13,0.017641234847231606,0.02028742007431635,0.021169481816677924,0.015877111362508443,0.022205987642253705,0.02540337818001352
2019-08-14,-0.031053811496133447,-0.035711883220553464,-0.037264573795360134,-0.02794843034652011,-0.042650882880658714,-0.04471748855443218
2019-08-15,-0.0014186116608410956,-0.0016314034099672611,-0.0017023339930093144,-0.0012767504947569868,-0.0019623921023131257,-0.0020428007916111785
2019-08-16,0.012805647875121139,0.014726495056389302,0.014294213426432367,0.011346226898010254,0.01648181303194892,0.0181539630368164
2019-08-19,0.013775454634765464,0.015841772829980283,0.01567019832610694,0.012484141405031256,0.018088524953585674,0.01997462624805002
2019-08-20,-0.0007829012150985199,-0.0009003363973632984,-0.0021198795236867167,-0.0016822286465707468,-0.0024319237779572077,-0.0026915658345131955
2019-08-21,0.009522749324383066,0.010951161723040522,0.01095464685195941,0.008629395703155896,0.012573786908520419,0.013807033125049438
2019-08-22,-0.0009914263431211434,-0.001140140294589314,-0.0011539568516324534,-0.0009142080338489,-0.0013991960676119645,-0.001462732854158239
2019-08-23,-0.029478958829926457,-0.03390080265441544,-0.03543568809591176,-0.026616690051310923,-0.03978850117158964,-0.042586704082097505
2019-08-26,0.012059216913163837,0.013868099450138406,0.01383280411629697,0.010892144049240255,0.01668778013316563,0.01742743047878441
2019-08-27,-0.004980108507641588,-0.005727124783787823,-0.0062352695778305,-0.004990805125777515,-0.007301280385595208,-0.007985288201244027
2019-08-28,-0.0007269058363478304,-0.0008359417118000037,-0.0012168003341204692,-0.0009713490733691967,-0.0014117618755487547,-0.0015541585173907161
2019-08-29,0.015434003327172761,0.017749103826248662,0.018384659140185337,0.014641899465235114,0.021181239933769778,0.023427039144376178
2019-08-30,0.006039585936307957,0.006945523826754153,0.007163400035870922,0.005625899028510168,0.00813721765351814,0.009001438445616274
2019-09-03,-0.00626655123900129,-0.007206533924851485,-0.007298815393800323,-0.005741369295771921,-0.00838698125582339,-0.009186190873235075
2019-09-04,0.015103557533231523,0.017369091163216256,0.01806147400592934,0.014230748749263547,0.020899532515208357,0.022769197998821666
2019-09-05,0.017611880563590112,0.020253662648128622,0.02104915214911886,0.016628989201312627,0.024647814936922623,0.026606382722100207
2019-09-06,0.0014548915230963664,0.0016731252515608207,0.001684932327715638,0.0012237752664096256,0.0017792787325674724,0.0019580404262554006
2019-09-09,-0.0018259752979636111,-0.002099871592658154,-0.0021911703575563345,-0.0016433777681672517,-0.00240748179235185,-0.002629404429067601
2019-09-10,0.00402685135923232,0.004630879063117165,0.004832221631078781,0.0036241662233090868,0.00532108585519922,0.005798665957294541
2019-09-11,0.014970725334779599,0.017216334134996538,0.017964870401735514,0.013473652801301637,0.019872344222142815,0.02155784448208262
2019-09-12,-0.010032769559928338,-0.011537684993917587,-0.012039323471914,-0.009029492603935506,-0.013316267496100695,-0.014447188166296808
2019-09-13,-0.0005695579852694612,-0.0006549916830598807,-0.0006834695823233534,-0.000512602186742515,-0.0007587314587808063,-0.000820163498788024
2019-09-16,0.003380227736756466,0.003887261897269937,0.004056273284107759,0.003042204963080822,0.00442694681815132,0.004867527940929315
2019-09-17,0.00020694284908950053,0.0002379842764529263,4.232605317606908e-05,-2.626026250021686e-06,-1.2018747957560734e-05,-4.201642000032464e-06
2019-09-18,-0.0018358321188253854,-0.002111206936649193,-0.002438069202442878,-0.0019211051444693544,-0.002822717619419654,-0.0030737682311509675
2019-09-19,0.00015037534228479313,0.00017293164362751145,-0.0003330260730046501,-0.00026241178939901316,-0.0004022337310690271,-0.0004198588630384209
2019-09-20,-0.008271116462315115,-0.009511783931662379,-0.010035729313876722,-0.007907770293834465,-0.01177089603932535,-0.01265243247013514
2019-09-23,-0.0008747156090064978,-0.0010059229503574729,-0.0008615495876490832,-0.0006788680745360762,-0.0010418067199670256,-0.001086188919257722
2019-09-24,-0.01504391618356683,-0.01730050361110185,-0.018110511920280188,-0.01362105593568646,-0.020467121211804818,-0.021793689497098347
2019-09-25,0.009499801468361732,0.010924771688615989,0.01139976176203407,0.008549821321525559,0.012845075159690003,0.013679714114440895
2019-09-26,-0.00014278859325470714,-0.00016420688224291375,-0.0001713463119056479,-0.00012850973392923644,-0.0001977489879862068,-0.00020561557428677875
2019-09-27,-0.014928789106738566,-0.017168107472749338,-0.01791454692808626,-0.01343591019606471,-0.020078947590930117,-0.021497456313703533
2019-09-30,0.0054459837029521025,0.006262881258394916,0.005815033273960468,0.004546046147719627,0.006821156645291775,0.007273673836351405
2019-10-01,-0.014421579584321432,-0.016584816521969643,-0.017099153731510962,-0.013420666431173104,-0.019916777037943336,-0.02147306628987696
2019-10-02,-0.015374368927773607,-0.017680524266939647,-0.017366461307012266,-0.013626629646278665,-0.02037434560220643,-0.021802607434045874
2019-10-03,0.01152034625371992,0.013248398191777906,0.013214714013951872,0.010436507228526189,0.015409295712011701,0.016698411565641908
2019-10-04,0.012671794242393342,0.014572563378752342,0.014336842959521262,0.011356592975936445,0.016535249673131858,0.018170548761498317
2019-10-07,-0.003642703697444107,-0.004189109252060723,-0.003785423605101499,-0.0029991801878108152,-0.004353727887308098,-0.004798688300497306
2019-10-08,-0.021663485183523176,-0.024913007961051642,-0.02477724383156893,-0.019630938716621332,-0.028281809119215937,-0.031409501946594136
2019-10-09,0.013326129797497213,0.015325049267121794,0.015065357529931664,0.011936239253425919,0.017202809532303413,0.019097982805481462
2019-10-10,0.006479064275625125,0.007450923916968895,0.007281073699449995,0.0057687736600869274,0.00809799246390606,0.009230037856139083
2019-10-11,0.013905508359874901,0.015991334613856135,0.01637985848159509,0.012977714560383465,0.018129190347361834,0.020764343296613537
2019-10-14,0.0010402178755718797,0.0011962505569076617,0.001216307878232263,0.0009636772185168964,0.0013456330727830092,0.001541883549627034
2019-10-15,0.011289423105371604,0.012982836571177337,0.013495828020550093,0.010108286597662657,0.013967575143514079,0.016173258556260256
2019-10-16,-0.00715654766562494,-0.008230029815468679,-0.008590378741252087,-0.006459605946424553,-0.008938651791801483,-0.010335369514279283
2019-10-17,0.001580098984009669,0.00181711383161112,0.0018861619573868414,0.0014183149966773125,0.0019438904848824155,0.0022693039946837
2019-10-18,-0.007930762763965267,-0.00912037717856006,-0.009520040316758318,-0.0071423595234101885,-0.009815141222914756,-0.0114277752374563
2019-10-21,0.0057483150127277316,0.006610562264636888,0.006897978015273273,0.005173483511454958,0.007119832594004188,0.008277573618327934
2019-10-22,-0.008946636125137509,-0.010288631543908137,-0.01078939402465789,-0.008115496741067221,-0.011190605207685908,-0.012984794785707549
2019-10-23,0.0010269898255027424,0.001181038299328153,0.0012093592516276253,0.0009093876356886586,0.00125377308179289,0.001455020217101853
2019-10-24,0.02073178401403098,0.023841551616135635,0.024875015816837168,0.01865393257678645,0.025861222367780105,0.029846292122858317
2019-10-25,0.010297263050129981,0.011841852507649478,0.012356715660155972,0.009267536745116987,0.012892665747686325,0.014828058792187177
2019-10-28,0.011791550387611425,0.013560282945753135,0.013856988168405329,0.01082652236054622,0.014779275601710586,0.01732243577687394
2019-10-29,-0.007206484102059951,-0.008287456717368942,-0.007450010120653164,-0.005838375278226157,-0.007924389322444304,-0.00934140044516185
2019-10-30,0.00826049216441811,0.009499565989080831,0.009879778097301721,0.007375265652057933,0.009929528487076117,0.011800425043292692
2019-10-31,-0.011320833280217582,-0.013018958272250218,-0.013584999936261083,-0.01018874995219583,-0.013760867486389404,-0.016301999923513326
2019-11-01,0.007544483742417289,0.008676156303779882,0.009053380490900743,0.009608718539990825,0.012957811303910344,0.01537394966398532
2019-11-04,0.006034165300566666,0.006939290095651664,0.007240998360679994,0.00501074877051,0.006873690109489412,0.008017198032816
2019-11-05,0.004702538615611773,0.0054079194079535405,0.005643046338734132,0.005787350972607547,0.008424530857312339,0.009259761556172074
2019-11-06,-0.0003588534936000123,-0.00041268151764001427,-0.0004306241923200148,-0.00047368661155201646,-0.0007293708432070471,-0.0007578985784832269
2019-11-07,0.00519226313698785,0.0059711026075360265,0.006230715764385417,0.006853787340823966,0.010194196259640197,0.010966059745318345
2019-11-08,0.0023369842477768913,0.002687531884943425,0.002804381097332269,0.0030848192070654975,0.004679633783609431,0.0049357107313047965
2019-11-11,-0.0007203252621029935,-0.0008283740514184424,-0.0008643903145235922,-0.0009508293459759528,-0.001487667238718754,-0.0015213269535615233
2019-11-12,0.0002888970895821353,0.0003322316530194551,0.0003466765074985612,0.0003813441582484187,0.0005783894262621848,0.0006101506531974682
2019-11-13,-0.0023903542017364105,-0.002748907331996873,-0.0028684250420836915,-0.003155267546292063,-0.005051431162806436,-0.005048428074067301
2019-11-14,0.0015149946156471225,0.0017422438079941903,0.0018179935387765455,0.0019997928926542034,0.003186143402861158,0.0031996686282467256
2019-11-15,0.010995713516333678,0.01264507054378373,0.013194856219600416,0.014514341841560462,0.023222946946496743,0.023222946946496743
2019-11-18,0.00012601527181613876,0.00014491756258855912,0.00015121832617936602,0.00016634015879730306,0.00026614425407568503,0.00026614425407568503
2019-11-19,-0.004403937624892591,-0.005064528268626478,-0.005284725149871107,-0.005813197664858221,-0.009301116263773154,-0.009301116263773154
2019-11-20,-0.0013135248574035643,-0.0015105535860141005,-0.0015762298288842774,-0.0017338528117727052,-0.0027741644988363255,-0.0027741644988363255
2019-11-21,-0.009504590420713357,-0.010930278983820358,-0.011405508504856022,-0.012546059355341635,-0.020073694968546614,-0.020073694968546614
2019-11-22,-0.0026368837941992064,-0.0030324163633290878,-0.0031642605530390463,-0.0034806866083429526,-0.005569098573348725,-0.005569098573348725
2019-11-25,0.014087118088192144,0.016200185801420963,0.016904541705830566,0.018594995876413632,0.02975199340226181,0.02975199340226181
2019-11-26,0.00016438060167469086,0.00018903769192589502,0.00019725672200962877,0.00021698239421059158,0.0003471718307369487,0.0003471718307369487
2019-11-27,0.0046610501843993325,0.005360207712059231,0.005593260221279196,0.006152586243407117,0.009844137989451388,0.009844137989451388
2019-11-29,-0.007291262540003352,-0.008384951921003855,-0.008749515048004017,-0.009624466552804429,-0.015399146484487088,-0.015399146484487088
2019-12-02,-0.015261367681859749,-0.017550572834138713,-0.018313641218231688,-0.02014500534005488,-0.03223200854408781,-0.03223200854408781
2019-12-03,-0.010692465501555653,-0.012296335326789004,-0.012830958601866777,-0.014114054462053466,-0.022582487139285543,-0.022582487139285543
2019-12-04,0.005570933649514942,0.006406573696942183,0.006685120379417928,0.007353632417359726,0.01176581186777556,0.01176581186777556
2019-12-05,0.0037999751459342483,0.004369971417824386,0.004559970175121096,0.005015967192633208,0.008025547508213136,0.008025547508213136
2019-12-06,0.010425033781106343,0.011988788848272298,0.01251004053732761,0.013761044591060374,0.022017671345696606,0.022017671345696606
2019-12-09,-0.005800951079987553,-0.006671093741985687,-0.006961141295985062,-0.00765725542558357,-0.012251608680933713,-0.012251608680933713
2019-12-10,0.002161652223690048,0.0024859000572435555,0.0025939826684280567,0.002853380935270864,0.004565409496433382,0.004565409496433382
2019-12-11,0.015473127231554437,0.017794096316287606,0.018567752677865323,0.013505814508398998,0.021609303213438395,0.021609303213438395
2019-12-12,0.02735573202360013,0.031459091827140157,0.03282687842832015,0.024620158821240114,0.03939225411398418,0.03939225411398418
2019-12-13,0.001735080501959993,0.001995342577253991,0.002082096602351989,0.0015615724517639936,0.0024985159228223907,0.0024985159228223907
2019-12-16,0.012304380772993465,0.014150037888942474,0.014765256927592148,0.011073942695694113,0.01771830831311058,0.01771830831311058
2019-12-17,7.070313855466327e-05,8.130860933786282e-05,8.484376626559582e-05,6.363282469919694e-05,0.00010181251951871533,0.00010181251951871533
2019-12-18,0.003280893375270564,0.0037730273815611472,0.003937072050324674,0.002952804037743508,0.004724486460389613,0.004724486460389613
2019-12-19,0.008540716669751687,0.009821824170214438,0.01020249059727162,0.010818046802456526,0.017308874883930448,0.017308874883930448
2019-12-20,0.008513793457616136,0.009790862476258554,0.010214989649139361,0.011234775160663473,0.01797564025706156,0.01797564025706156
2019-12-23,0.0017523434754598654,0.002015194996778845,0.0021028121705518378,0.002313093387607023,0.0037009494201712366,0.0037009494201712366
2019-12-24,0.00020759280649823743,0.00023873172747297314,0.00024911136779788426,0.000274022504577674,0.00043843600732427807,0.00043843600732427807
2019-12-26,0.003743604512034538,0.004305145188839718,0.004492325414441444,0.00494155795588559,0.007906492729416946,0.007906492729416946
2019-12-27,-0.004230146176932593,-0.004864668103472482,-0.005076175412319112,-0.0055837929535510235,-0.008934068725681641,-0.008934068725681641
2019-12-30,-0.007777927916466881,-0.008944617103936913,-0.009333513499760256,-0.010266864849736285,-0.016426983759578063,-0.016426983759578063
2019-12-31,0.003997710287285411,0.004597366830378224,0.004797252344742489,0.005276977579216746,0.008443164126746793,0.008443164126746793
2020-01-02,0.017490321073332916,0.020113869234332855,0.020988385287999473,0.02308722381679946,0.03693955810687913,0.03693955810687913
2020-01-03,-0.011553027928314653,-0.013285982117561853,-0.013863633513977583,-0.015249996865375351,-0.024399994984600562,-0.024399994984600562
2020-01-06,0.0010862360735423545,0.001249171484573706,0.0013034832882508238,0.0014338316170759069,0.0022941305873214516,0.0022941305873214516
2020-01-07,0.013860046158144325,0.015939053081865974,0.016632055389773182,0.018295260928750515,0.02927241748600082,0.02927241748600082
2020-01-08,0.009324303396506169,0.0107229489059821,0.011189164075807402,0.01230808048338815,0.01969292877342105,0.01969292877342105
2020-01-09,0.004245662493199739,0.0048825118671796995,0.005094794991839685,0.005604274491023657,0.008966839185637853,0.008966839185637853
2020-01-10,-0.0041789125362764875,-0.004805749416717959,-0.0050146950435317845,-0.0055161645478849644,-0.008825863276615945,-0.008825863276615945
2020-01-13,0.010585975828759092,0.012173872203072953,0.012703170994510906,0.013973488093962008,0.022357580950339205,0.022357580950339205
2020-01-14,-0.0012694499874295363,-0.0014598674855439663,-0.0015233399849154431,-0.0016756739834069884,-0.0026810783734511827,-0.0026810783734511827
2020-01-15,-0.005896542893697415,-0.006781024327752026,-0.007075851472436894,-0.007783436619680589,-0.012453498591488943,-0.012453498591488943
2020-01-16,0.01578089196759209,0.018148025762730897,0.018937070361110503,0.020830777397221563,0.03332924383555451,0.03332924383555451
2020-01-17,0.004482907088707176,0.005155343152013254,0.005379488506448612,0.005917437357093475,0.009467899771349556,0.009467899771349556
2020-01-21,0.002130387096500952,0.0024499451609760934,0.0025564645158011406,0.0028121109673812567,0.0044993775478100115,0.0044993775478100115
2020-01-22,0.004495546067261191,0.00516987797735037,0.005394655280713429,0.005934120808784774,0.009494593294055638,0.009494593294055638
2020-01-23,0.003506165892478361,0.004032090776350114,0.004207399070974031,0.004628138978071437,0.007405022364914299,0.007405022364914299
2020-01-24,-0.011684229420445627,-0.01343686383351247,-0.014021075304534746,-0.010935806478401065,-0.017497290365441703,-0.017497290365441703
2020-01-27,-0.025132105612059703,-0.028901921453868665,-0.030158526734471645,-0.022618895050853738,-0.036190232081365986,-0.036190232081365986
2020-01-28,0.016723443443777422,0.019231959960344026,0.020068132132532893,0.01505109909939968,0.024081758559039487,0.024081758559039487
2020-01-29,-0.007556705424932999,-0.008690211238672946,-0.009068046509919594,-0.006801034882439699,-0.010763583490662287,-0.010881655811903519
2020-01-30,0.002895010120689533,0.003329261638792963,0.0034740121448274368,0.0026055091086205806,0.00406961377763672,0.00416881457379293
2020-01-31,-0.026070538135380045,-0.02998111885568704,-0.03128464576245604,-0.023463484321842035,-0.03669615230027845,-0.03754157491494725
2020-02-03,0.013122759463955087,0.01509117338354835,0.0157473113567461,0.011810483517559577,0.018563911584812215,0.018896773628095328
2020-02-04,0.02896144413451027,0.03330566075468681,0.0347537329614123,0.026065299721059244,0.0389854139414782,0.04170447955369481
2020-02-05,0.0058771784856134135,0.006758755258455425,0.007052614182736092,0.005289460637052072,0.00795277883725523,0.008463137019283315
2020-02-06,0.010126049008020369,0.011644956359223423,0.012151258809624442,0.00911344410721833,0.013179221381471545,0.014581510571549331
2020-02-07,-0.014070192517761718,-0.016180721395425975,-0.016884231021314058,-0.012663173265985548,-0.018377443908834973,-0.020261077225576875
2020-02-10,0.009373147861354807,0.010779120040558032,0.011247777433625764,0.008435833075219326,0.01221251861989419,0.013497332920350926
2020-02-11,0.00659639223211299,0.007585851066929937,0.007915670678535585,0.005936753008901689,0.008450418685015504,0.009498804814242706
2020-02-12,0.011511767526305767,0.013238532655251635,0.013814121031566916,0.010360590773675191,0.014763434885729322,0.016576945237880305
2020-02-13,-0.000848232330097859,-0.0009754671796125375,-0.0010178787961174298,-0.0007634090970880729,-0.001088080535693098,-0.0012214545553409163
2020-02-14,0.004979939566393455,0.005726930501352472,0.005975927479672141,0.0044819456097541085,0.006358140447460042,0.007171112975606574
2020-02-18,-0.010634719476178962,-0.012229927397605807,-0.01276166337141475,-0.009571247528561064,-0.013581244290465042,-0.015313996045697711
2020-02-19,0.016711098358337867,0.01921776311208855,0.020053318030005436,0.015039988522504082,0.02138159402969119,0.02406398163600654
2020-02-20,-0.007076777293761189,-0.008138293887825368,-0.008492132752513428,-0.0063690995643850695,-0.008980333703037384,-0.010190559303016116
2020-02-21,-0.021037627098056934,-0.024193271162765474,-0.0252451525176683,-0.01893386438825123,-0.02663863436839052,-0.030294183021201977
2020-02-24,-0.038294902631666856,-0.04403913802641689,-0.045953883158000225,-0.034465412368500176,-0.048265730064605286,-0.05514465978960026
2020-02-25,-0.03257191967607724,-0.037457707627488825,-0.039086303611292686,-0.02931472770846952,-0.040099748861158656,-0.046903564333551244
2020-02-26,0.0017827083180537403,0.0020501145657618007,0.0021392499816644873,0.0016044374862483667,0.0019481046088201423,0.0023739563976213607
2020-02-27,-0.04300440707950387,-0.04945506814142946,-0.0512701476338862,-0.03865853824468147,-0.04725574567632699,-0.05670689481159239
2020-02-28,0.00471465564071065,0.00542185398681725,0.005675165323111756,0.004278658672921951,0.005231772319234098,0.006278126783080916
2020-03-02,0.04172961715481877,0.01943294350704029,0.04503137950299091,0.015806501166531275,0.018169810541287412,0.021803772649544882
2020-03-03,-0.029322296945497515,-0.014074702533838801,-0.03311363095237891,-0.011920907142856403,-0.013742904609709998,-0.016491485531651997
2020-03-04,0.04778526649147718,0.043522445172158995,0.05664718959566793,0.038736451446010886,0.044287109920114254,0.05314453190413713
2020-03-05,-0.026205942833403138,-0.013018852560033503,-0.029596255498207723,-0.011042401979354778,-0.012597152371556833,-0.015116582845868204
2020-03-06,-0.028744200840280246,-0.026884664773057832,-0.03377871700698776,-0.023677017859821563,-0.025976158512816455,-0.031171390215379745
2020-03-09,-0.07872515427626273,-0.03822807405260609,-0.08874582450966353,-0.03233624682347886,-0.03562034470953416,-0.04274441365144098
2020-03-10,0.05482447136128261,0.026315746253415657,0.06297379954669576,0.022670567836810474,0.02438887789152748,0.029266653469832978
2020-03-11,-0.05595858290879791,-0.026860119796222985,-0.036844953890718624,-0.013264183400658701,-0.013735986498019876,-0.016483183797623854
2020-03-12,-0.10279910299006915,-0.049343569435233194,-0.11713184549158388,-0.04216746437697021,-0.04314894809030673,-0.05177873770836806
2020-03-13,0.10799999571155731,0.05183999794154749,0.06972812221251225,0.025102123996504404,0.025575494891111328,0.030690593869333597
2020-03-16,-0.13803565064226644,-0.06625711230828787,-0.08972317291747318,-0.03230034225029034,-0.031081175175208225,-0.03729741021024987
2020-03-17,0.07307369023936193,0.035075371314893716,0.04749789865558523,0.01709924351601069,0.01622870772559835,0.019474449270718022
2020-03-18,-0.07127931921696257,-0.03421407322414202,-0.04633155749102567,-0.016679360696769237,-0.015645763280688646,-0.018774915936826366
2020-03-19,0.024455472867863287,0.011738626976574372,0.01589605736411114,0.005722580651080007,0.005318838779593336,0.006382606535512
2020-03-20,-0.028639255838435598,-0.013746842802449087,-0.01861551629498313,-0.006701585866193929,-0.006210452588682961,-0.007452543106419553
2020-03-23,0.015398650263602265,0.007391352126529086,0.010009122671341474,0.003603284161682929,0.0033346967526322433,0.004001636103158692
2020-03-24,0.10688312736319432,0.051303901134333287,0.06947403278607635,0.025010651802987484,0.02313474113019424,0.02776168935623309
2020-03-25,-0.001020448160087426,-0.0004898151168419656,-0.0006632913040568286,-0.0002387848694604582,-0.00022231477319370127,-0.0002667777278324414
2020-03-26,0.07252182369739589,0.034810475374750016,0.047139185403307325,0.016970106745190634,0.015519788015641354,0.01862374561876962
2020-03-27,-0.04433559948087041,-0.021281087750817794,-0.028818139662565762,-0.010374530278523671,-0.00949227565865417,-0.011390730790385002
2020-03-30,0.03161444867159345,0.015174935362364854,0.02054939163653574,0.007397780989152866,0.006710267601075659,0.00805232112129079
2020-03-31,-0.02001692038325247,-0.009608121783961183,-0.013010998249114098,-0.0046839593696810745,-0.004243028124644653,-0.0050916337495735845
2020-04-01,-0.04586787380965272,-0.022016579428633307,-0.029814117976274274,-0.01073308247145874,-0.009711419120250125,-0.01165370294430014
2020-04-02,0.019872551465508613,0.009538824703444136,0.012917158452580601,0.004650177042929014,0.004215792139682821,0.005058950567619387
2020-04-03,-0.01464120300985659,-0.007027777444731161,-0.009516781956406779,-0.003426041504306441,-0.0031010723959401043,-0.003721286875128128
2020-04-06,0.08768251123811054,0.04208760539429304,0.05699363230477186,0.020517707629717857,0.01884159571371023,0.022609914856452272
2020-04-07,-0.002076022566390823,-0.0009964908318675946,-0.0013494146681540344,-0.0004857892805354525,-0.0004498017920521345,-0.0005397621504625613
2020-04-08,0.033827134772807216,0.016237024690947465,0.021987637602324694,0.007915549536836887,0.007218549029747498,0.008662258835696999
2020-04-09,-0.0018298491799020134,-0.0008783276063529661,-0.0011894019669363087,-0.00042818470809707107,-0.0003966158138160163,-0.00047593897657921986
2020-04-13,-0.00042884072868532236,-0.0002058435497689548,-0.002448797557597947,-0.0008815671207352607,-0.0008149657438605703,-0.0009779588926326845
2020-04-14,0.035038946761118385,0.01681869444533683,0.04002514407926799,0.014409051868536471,0.01332649557741307,0.015991794692895675
2020-04-15,-0.023492029477803544,-0.011276174149345699,-0.02827350373523744,-0.010178461344685476,-0.009419647299005166,-0.011303576758806201
2020-04-16,0.01346817661577481,0.006464724775571905,0.013949835468396678,0.005021940768622804,0.0046456024756512705,0.005574722970781524
2020-04-17,0.01518493803925483,0.007288770258842318,0.018771611292389943,0.006757780065260378,0.006236189404946535,0.007483427285935841
2020-04-20,-0.01584169602350886,-0.007604014091284249,-0.018582096590018533,-0.0066895547724066685,-0.0061759567396117284,-0.007411148087534075
2020-04-21,-0.04511944712925886,-0.021657334622044257,-0.0523477193336261,-0.01884517896010539,-0.017606553505834475,-0.021127864207001364
2020-04-22,0.03509664032065573,0.016846387353914746,0.04114887466976534,0.014813594881115515,0.013844359156496417,0.016613230987795706
2020-04-23,-0.006009121489102472,-0.0028843783147691855,-0.004382256938489567,-0.0015776124978562438,-0.0014656885890848633,-0.0017588263069018358
2020-04-24,0.022164738875340838,0.010639074660163604,0.025206724069989528,0.00907442066519623,0.008364397707356792,0.01003727724882815
2020-04-27,0.016799663315634247,0.00806383839150444,0.019509370474266232,0.007023373370735842,0.006479902356050513,0.007775882827260615
2020-04-28,-0.014545457224908541,-0.006981819467956104,-0.015393767717580189,-0.005541756378328864,-0.00511055570011662,-0.006132666840139945
2020-04-29,0.03973491822301383,0.019072760747046627,0.04624453409499261,0.016648032274197342,0.015520546393434633,0.01862465567212156
2020-04-30,-0.01809633467732951,-0.008686240645118167,-0.021966757645609868,-0.007908032752419551,-0.0074267153424942105,-0.008912058410993054
2020-05-01,-0.03898191472296567,-0.018711319067023516,-0.045537085988304506,-0.016393350955789626,-0.015272536216620801,-0.018327043459944955
2020-05-04,0.0077037447928449436,0.0036977975005655734,0.007615460837938855,0.002741565901657989,0.002551264503024573,0.003061517403629487
2020-05-05,0.018765709932021098,0.009007540767370125,0.02127520421800519,0.007659073518481871,0.007178488196705815,0.00861418583604698
2020-05-06,0.0011823671137471713,0.0005675362145986427,0.003436183171610407,0.0012370259417797463,0.00116320240451056,0.0013958428854126716
2020-05-07,0.01675092574652057,0.00804044435832987,0.01914495514924712,0.006892183853728962,0.006609867674858037,0.007931841209829643
2020-05-08,0.021066324012826477,0.010111835526156708,0.02486865361261637,0.008952715300541892,0.008604795797852092,0.01032575495742251
2020-05-11,0.004521338869823376,0.0021702426575152195,0.005318162849390531,0.0019145386257805913,0.0018420420128511502,0.0022104504154213792
2020-05-12,-0.018382584444407584,-0.008823640533315634,-0.021467360166815466,-0.007728249660053564,-0.007444383421220684,-0.00893326010546482
2020-05-13,-0.017764496761550428,-0.008526958445544209,-0.020994001476616186,-0.007557840531581829,-0.00729885725978644,-0.008758628711743726
2020-05-14,0.018728276219723693,0.008989572585467372,0.021976027788491937,0.0079113700038571,0.00764122983318615,0.009169475799823381
2020-05-15,-0.002051187186633745,-0.0009845698495841975,-0.002848094608645577,-0.0010253140591124075,-0.0009946569262239168,-0.0011935883114687002
2020-05-18,0.028111308561462857,0.01349342810950217,0.03293472484580126,0.011856500944488452,0.011455686669813678,0.013746824003776411
2020-05-19,-0.0015194878686185288,-0.0007293541769368948,-0.001623607911866201,-0.0005844988482718315,-0.0005658329321306119,-0.0006789995185567333
2020-05-20,0.021790807008701885,0.010459587364176902,0.025653773452418354,0.009235358442870602,0.008902878813371849,0.010683454576046225
2020-05-21,-0.0180383812377381,-0.008658422994114281,-0.021497461462235603,-0.0077390861264048155,-0.0075261907947372945,-0.00903142895368475
2020-05-22,0.0018919718165736582,0.0009081464719553557,0.002151127591555888,0.0007744059329601196,0.0007496759570100039,0.0008996111484120045
2020-05-26,0.0048025671590365086,0.002305232236337524,0.005019946404597727,0.0018071807056551808,0.0017633235920440783,0.0021159883104528935
2020-05-27,0.01393147563834681,0.006687108306406466,0.0160606530804469,0.005781835108960883,0.005847381100413782,0.007016857320496539
2020-05-28,-0.003957989596485396,-0.0034863916771883195,-0.0045643915586438075,-0.003022509935186285,-0.0031675052908294974,-0.003801006348995396
2020-05-29,0.02088573788310524,0.016708590306484195,0.025194347358249557,0.01511660841494974,0.01576052989863924,0.01891263587836708
2020-06-01,-0.0068151266676004865,-0.005452101334080388,-0.008397095252706474,-0.005038257151623885,-0.0056012283820065,-0.006721474058407799
2020-06-02,0.0036359251157999264,0.0029087400926399412,0.004165963916682109,0.0024995783500092656,0.0027305986839365227,0.0032767184207238283
2020-06-03,0.00954082932626677,0.007632663461013418,0.011068273248567328,0.006640963949140398,0.0073212338353292805,0.008785480602395136
2020-06-04,-0.00108868000499687,-0.0008709440039974974,-0.0014096979078368544,-0.0015717216588964332,-0.001749523433154833,-0.0020994281197857993
2020-06-05,0.02862988660106204,0.026219495672977076,0.0339296541787155,0.023186727008313705,0.027423723373214078,0.032908468047856895
2020-06-08,0.005395021340536967,0.0049634196332940085,0.006178565937700005,0.0058718431039524056,0.006960394124924616,0.008352472949909538
2020-06-09,-0.0031752040316037873,-0.0029211877090754837,-0.0035494621178600466,-0.0035920556632743684,-0.0042848721694893725,-0.005141846603387245
2020-06-10,0.004653228695239966,0.004280970399620769,0.005881390357118854,0.0059519670414042766,0.007406967242080635,0.008888360690496757
2020-06-11,-0.058624348628328396,-0.05393440073806212,-0.06924738172507826,-0.07007835030577918,-0.09016535801253855,-0.10819842961504626
2020-06-12,0.014083823217954775,0.012957117360518394,0.016454855843211946,0.010972984906816242,0.014280184895161129,0.01713622187419336
2020-06-15,0.013681441410799584,0.010825153128639674,0.015865609500729037,0.009412912575437422,0.01037204284346593,0.01244645141215912
2020-06-16,0.021325466016778975,0.017060372813423184,0.02366796777785064,0.01420078066671038,0.01617631840532488,0.019411582086389864
2020-06-17,-0.0027693770173741654,-0.002215501613899333,-0.003154561984528982,-0.0030892645463855037,-0.003728105990807107,-0.004473727188968529
2020-06-18,0.004832154850892926,0.0038657238807143415,0.00579262825111574,0.003204724677942172,0.003847826485436354,0.0046173917825236225
2020-06-19,0.006474556989900206,0.005179645591920167,0.007743133740776082,0.00464588024446565,0.0056463058432710675,0.006775567011925277
2020-06-22,0.009507721117320584,0.0076061768938564716,0.011823069227543254,0.0070938415365259504,0.00864147126408152,0.010369765516897821
2020-06-23,-0.0017734146100813622,-0.0014187316880650896,-0.0022744803283563752,-0.0013646881970138247,-0.001670228800961336,-0.002004274561153604
2020-06-24,-0.01789750326240751,-0.014318002609926012,-0.018271724920014023,-0.016332032702339617,-0.019934239928984607,-0.02392108791478152
2020-06-25,0.008435056042356675,0.006748044833885341,0.009180623139789418,0.008078948363014688,0.010093544079948334,0.012112252895937996
2020-06-26,-0.014864194822143514,-0.01189135585771481,-0.01694098180485552,-0.014908063988272869,-0.018413778962829204,-0.022096534755395046
2020-06-29,0.009567037571620848,0.007653630057296678,0.01026911480261236,0.009036821026298877,0.011250825826038875,0.013500990991246648
2020-06-30,0.023694254350268465,0.018955403480214777,0.026483541107884135,0.015576874664730475,0.019285770345684763,0.02314292441482171
2020-07-01,-0.004513549415468259,-0.0036108395323746077,-0.007122373815803268,-0.0042734242894819615,-0.005287777285866253,-0.0063453327430395045
2020-07-02,0.007701031527015063,0.007534364860348397,0.008640481498550377,0.006335517373912783,0.007778347834106447,0.009334017400927735
2020-07-06,0.021620003668918874,0.021620003668918874,0.025500139027804215,0.02765859043058463,0.03411919151730844,0.04094302982077011
2020-07-07,-0.01544397977430584,-0.01544397977430584,-0.018436295366328227,-0.020279924902961044,-0.025005594494138993,-0.0300067133929668
2020-07-08,0.009044961514372995,0.009044961514372995,0.010607921697322784,0.011668713867055064,0.01390223776232578,0.01668268531479094
2020-07-09,0.005829865661106066,0.005829865661106066,0.007311870811386755,0.008043057892525428,0.009549673026916075,0.01145960763229929
2020-07-10,0.0015868412453840385,0.0015868412453840385,0.0015786722300613562,0.0017365394530674916,0.0020473423920904237,0.002456810870508509
2020-07-13,-0.01971193811433278,-0.01971193811433278,-0.024750280318593925,-0.027225308350453326,-0.032206443751878186,-0.03864773250225383
2020-07-14,0.007833521241544749,0.007833521241544749,0.00768758385166731,0.005374125388750482,0.006358792023692037,0.0076305504284304455
2020-07-15,0.0078771675323442,0.0078771675323442,0.007956576395255918,0.005967432296441939,0.00677770404134515,0.008133244849614179
2020-07-16,-0.005537446721645237,-0.005537446721645237,-0.0065965543629227215,-0.0049474157721920405,-0.0056929299471655485,-0.006831515936598657
2020-07-17,0.005974191880784722,0.005974191880784722,0.00715529166903805,0.0074568364609418495,0.008605272169367613,0.010326326603241138
2020-07-20,0.018487879091076263,0.018487879091076263,0.022237013221648356,0.016263775541236265,0.0187580147117607,0.02250961765411283
2020-07-21,-0.002793494273545137,-0.002793494273545137,-0.003408792317268876,-0.0025565942379516572,-0.0029482256948497668,-0.0035378708338197206
2020-07-22,0.0014180945614136143,0.0014180945614136143,0.0017273043598669054,0.0014860504208535957,0.0017087958058198877,0.002050554966983866
2020-07-23,-0.009455509407056969,-0.009455509407056969,-0.011241433686533502,-0.012365577055186861,-0.014437014410884992,-0.017324417293062
2020-07-24,-0.014435813708010826,-0.014435813708010826,-0.017259044586167047,-0.018984949044783758,-0.022307317323386682,-0.026768780788064023
2020-07-27,0.020976362574257324,0.020976362574257324,0.025044877609552405,0.02754936537050765,0.032079805804012713,0.03849576696481525
2020-07-28,-0.01339975553028323,-0.01339975553028323,-0.016089571185338315,-0.017698528303872148,-0.02033357072893289,-0.024400284874719468
2020-07-29,0.016396738291023925,0.018706249034677512,0.01957240651655896,0.021823589159760917,0.024363406319710606,0.029236087583652714
2020-07-30,0.006064520079269671,0.005914520079269671,0.007576157153397189,0.008314925651101507,0.009148997159466054,0.010978796591359263
2020-07-31,0.0045262609562167246,0.0050552000996492335,0.005546689884882699,0.006164664234497241,0.006757237556022373,0.008108685067226847
2020-08-03,0.014995717417389302,0.014845717417389303,0.017939988021050762,0.019716799323155836,0.021610159810828977,0.025932191772994776
2020-08-04,0.005692051308495799,0.006395859004770168,0.0068044772743708236,0.007566505889034925,0.008375049390830842,0.010050059268997009
2020-08-05,-0.007243529775556123,-0.008330059241889542,-0.008919211427850186,-0.009940567037266285,-0.010906667055702616,-0.01308800046684314
2020-08-06,-0.007627880672149883,-0.008772062772972369,-0.009068719876817224,-0.010107195978806327,-0.011071513472655649,-0.01328581616718678
2020-08-07,-0.004322497408831025,-0.004970872020155681,-0.005380480049090848,-0.006006264130155028,-0.006547467414451174,-0.007856960897341404
2020-08-10,0.00019733691052622218,0.0002269374471051556,0.00015546282627282608,0.00017349404971635837,0.00018191827261153032,0.00021830192713383635
2020-08-11,-0.01044829970771479,-0.012015544663872006,-0.012561427932466413,-0.009965231715429498,-0.010808950038812803,-0.012970740046575356
2020-08-12,0.01838267009378006,0.021140070607847075,0.021916144847501852,0.01665395703451329,0.01806318614708907,0.02167582337650688
2020-08-13,-0.011026792063105187,-0.01268081087257096,-0.013079221716629398,-0.00995313940248342,-0.01077577696509406,-0.012930932358112868
2020-08-14,-0.002780956344828301,-0.0031980997965525455,-0.0034055039879355557,-0.00421373320449599,-0.004531402554506586,-0.005437683065407905
2020-08-17,0.006839216815118526,0.007865099337386303,0.008289742706246604,0.009239016673136062,0.009908440893508631,0.011890129072210357
2020-08-18,0.003300835328793003,0.0037959606281119523,0.0039866816540507785,0.004443204038709893,0.004761600273465608,0.005713920328158726
2020-08-19,-0.0008811449182790229,-0.0010133166560208765,-0.0009910142902984202,-0.0011044971931980288,-0.0011886787912034672,-0.001426414549444161
2020-08-20,-0.003275845000164922,-0.003767221750189661,-0.0038989071970934206,-0.00434537836425399,-0.0046657941949562395,-0.00559895303394749
2020-08-21,0.0017248322300682161,0.0019835570645784484,0.002055355095381046,0.0022907176577544974,0.0024617011850405026,0.002954041422048602
2020-08-24,0.012572112479345728,0.014457929351247584,0.014864015936850907,0.016566122247297692,0.01785529518193403,0.021426354218320846
2020-08-25,0.006470355772234004,0.007440909138069104,0.007741712115065705,0.008628230072305423,0.00930076214337415,0.011160914572048982
2020-08-26,0.01559055162673466,0.017929134370744858,0.018635731009113424,0.020711634237998645,0.022123091363752373,0.026547709636502853
2020-08-27,-0.005102296893596381,-0.005867641427635839,-0.006249978810376488,-0.006947344867113235,-0.007417682632766725,-0.008901219159320066
2020-08-28,0.02041336608632869,0.02347537099927799,0.024426126471276066,0.027151567951228986,0.028611936095691615,0.03433432331482995
2020-08-31,-0.0022132972165203203,-0.002545291798998369,-0.0025670913782050997,-0.002849478182749394,-0.0030134650042467188,-0.0036161580050960633
2020-09-01,0.011353738223133658,0.013056798956603707,0.013615371798255829,0.015131763303834946,0.015657059211646226,0.018788471053975467
2020-09-02,0.024498091565165137,0.028172805299939905,0.029195156136629718,0.021706855177235154,0.022472886072926353,0.02696746328751162
2020-09-03,-0.054687764279516486,-0.06289092892144398,-0.06530988863474536,-0.049498020860017526,-0.05098781681132491,-0.06118538017358991
2020-09-04,-0.008207097735262963,-0.009438162395552403,-0.009739101223716412,-0.007381213559027176,-0.007521459896681304,-0.009025751876017566
2020-09-08,-0.04217634071367568,-0.04850279182072702,-0.05023376636961583,-0.03807190714328779,-0.03621580568389237,-0.043458966820670866
2020-09-09,0.016974546956406638,0.01952072899986763,0.02026291868971358,0.015314504411348122,0.014519046536403651,0.017422855843684373
2020-09-10,-0.015152386566848378,-0.01742524455187564,-0.018003805886583683,-0.013647331019825439,-0.012438328825909036,-0.014925994591090836
2020-09-11,0.004965279558323783,0.0057100714920723505,0.00592515126115452,0.006152451161972886,0.005569830957809398,0.006683797149371273
2020-09-14,0.02707749029519587,0.03113911383947524,0.03239590436151892,0.03591608924489659,0.037546928490494604,0.045056314188593516
2020-09-15,0.007068742735688437,0.008129054146041701,0.008504380425347624,0.009449856341518618,0.009950300672029275,0.011940360806435133
2020-09-16,-0.0026987411064127043,-0.0031035522723746115,-0.0033437034369821718,-0.0037104780085431863,-0.0038131505439636345,-0.004575780652756359
2020-09-17,-0.006375999550076334,-0.007332399482587785,-0.00754557932157186,-0.008365492665175734,-0.008510526842396253,-0.010212632210875504
2020-09-18,-0.01122415057176436,-0.012907773157529013,-0.013439386696337593,-0.01489972950271129,-0.015147487738096405,-0.018176985285715683
2020-09-21,-0.0043896518366458945,-0.005048099612142777,-0.005099827282229834,-0.0056539817428185885,-0.005732821975744443,-0.00687938637089333
2020-09-22,0.01406192294425902,0.01617121138589788,0.016881071411559895,0.01871539255706799,0.018785553445791196,0.022542664134949427
2020-09-23,-0.017725594646013382,-0.020384433842915377,-0.02095733977987697,-0.023299171591867895,-0.023388213372732176,-0.028065856047278608
2020-09-24,0.002262148789059216,0.002601471107418097,0.0025890010288257543,0.0024962536712344464,0.002469675469222121,0.0029636105630665467
2020-09-25,0.01806693284289437,0.020776972769328522,0.021550472064424932,0.023835051052666045,0.023488919111615415,0.028186702933938497
2020-09-28,0.018495113756923857,0.02126938082046244,0.02194383612215059,0.024392306257885302,0.024057788473265923,0.028869346167919106
2020-09-29,0.0020204151634335386,0.00232347743794857,0.0024912883984484348,0.002765786083849035,0.0027014698800437702,0.003241763856052523
2020-09-30,-0.008298420140008787,-0.009543183161010105,-0.010080688244096464,-0.01117189723601337,-0.010811986765523529,-0.01297438411862824
2020-10-01,0.01231858002519098,0.014166367028969621,0.014783148106133534,0.016429433018200146,0.01595687974689726,0.01914825569627671
2020-10-02,-0.018070803001554607,-0.020781423451787795,-0.021741297907616718,-0.02410718116968764,-0.023331239738995643,-0.027997487686794772
2020-10-05,0.026411034784878246,0.030372690002609976,0.03158082211536201,0.03501243900663758,0.033676539464495774,0.040411847357394906
2020-10-06,-0.008767563477068537,-0.010082697998628813,-0.010431293775866003,-0.011564772942062469,-0.011130836091034916,-0.0133570033092419
2020-10-07,0.023011237526740225,0.02646292315575126,0.027459187142061334,0.030442941335450693,0.02873600971797758,0.034483211661573095
2020-10-08,0.012416326670253301,0.014278775670791296,0.014771913868144488,0.0163770509656279,0.015429178347882423,0.018515014017458906
2020-10-09,0.011102694726250834,0.012768098935188453,0.013313858671500992,0.01463512396778496,0.013465500457865558,0.01615860054943866
2020-10-12,0.013553343973483274,0.015586345569505758,0.01626401276817991,0.017890414044997922,0.01639578923233936,0.019674947078807223
2020-10-13,-0.002773174482591178,-0.003189150654979856,-0.0033278093791094137,-0.003660590317020355,-0.0034527688548735076,-0.004143322625848208
2020-10-14,-0.0026367837662611224,-0.00303230133120029,-0.003164140519513346,-0.0034805545714646806,-0.0032463998765656695,-0.003895679851878802
2020-10-15,0.001539059182904742,0.0017699180603404543,0.001846871019485691,0.00203155812143426,0.0018872096233832087,0.0022646515480598513
2020-10-16,-0.0009429190326338439,-0.0010843568875289198,-0.001131502839160612,-0.0012446531230766737,-0.0011584487093623799,-0.001390138451234856
2020-10-19,-0.007757772587148824,-0.008921438475221146,-0.009309327104578591,-0.010240259815036455,-0.009530611314273518,-0.011436733577128223
2020-10-20,0.003796221514118608,0.0043656547412364,0.004555465816942329,0.005011012398636564,0.004679350478604503,0.005615220574325406
2020-10-21,-0.0031845123988090912,-0.003662189258630455,-0.0038214148785709083,-0.0042035563664280014,-0.003919527135651552,-0.004703432562781865
2020-10-22,0.0009662622450152997,0.001111201581767597,0.0011595146940183633,0.0012754661634201976,0.0011875076623159508,0.0014250091947791423
2020-10-23,0.0005467628509681748,0.0006287772786134002,0.0006561154211618089,0.0007217269632779905,0.000669204869533222,0.000803045843439867
2020-10-26,-0.02309923747385114,-0.026564123094928803,-0.027719084968621348,-0.03049099346548351,-0.028950009416424716,-0.03474001129970966
2020-10-27,-0.00788311883399356,-0.009065586659092592,-0.009459742600792267,-0.010405716860871498,-0.010076139992428798,-0.012091367990914561
2020-10-28,-0.03799635551766567,-0.04369580884531552,-0.04559562662119879,-0.05015518928331871,-0.04750959035602951,-0.05701150842723539
2020-10-29,0.018161283441833362,0.02088547595810837,0.02173392720765345,0.024145712769770584,0.023003793523154643,0.02760455222778556
2020-10-30,-0.01629859188010497,-0.018743380662120702,-0.019462767708401545,-0.02163440284218108,-0.01927437572562363,-0.02312925087074837
2020-11-02,0.00874815977220456,0.010060383738035243,0.010337224725688552,0.011490641379291703,0.010047337277020382,0.012056804732424457
2020-11-03,0.025733686974896773,0.029593740021131288,0.030637022657076525,0.034055469395655596,0.029698673052001665,0.035638407662402
2020-11-04,0.024899591568344908,0.028634530303596643,0.029828484481323594,0.03288685571709643,0.028632918353460206,0.03435950202415226
2020-11-05,0.04408508271587977,0.05069784512326173,0.05289897425905569,0.058185455399060525,0.049469439220463325,0.059363327064556
2020-11-06,0.009977083652413885,0.011473646200275965,0.011972500382896661,0.013169750421186328,0.010969374167996732,0.013163249001596086
2020-11-09,0.0046808129724553674,0.00538293491832367,0.005616975566946442,0.006178673123641086,0.004768328680168545,0.005721994416202254
2020-11-10,-0.013977334000523102,-0.016073934100601574,-0.01677280080062772,-0.018450080880690507,-0.014418677551054396,-0.017302413061265277
2020-11-11,0.016766753052875578,0.019281766010806913,0.020120103663450687,0.022132114029795757,0.017349914906770885,0.020819897888125067
2020-11-12,-0.009053331768685885,-0.010411331533988766,-0.01086399812242306,-0.011950397934665367,-0.009321495881667034,-0.011185795058000438
2020-11-13,0.019271067325277356,0.022161727424068946,0.02312528079033281,0.02543780886936611,0.019754919191236717,0.023705903029484072
2020-11-16,0.01742141372753965,0.0200346257866706,0.020905696473047578,0.022996266120352354,0.01779627147455329,0.02135552576946394
2020-11-17,-0.0007971187010455379,-0.0009166865062023693,-0.0009565424412546456,-0.0010521966853801119,-0.0008162168904513472,-0.000979460268541617
2020-11-18,-0.009848079519201487,-0.01132529144708171,-0.011817695423041775,-0.012999464965345969,-0.009913000465024684,-0.011895600558029622
2020-11-19,0.012108318840893806,0.013924566667027873,0.014529982609072567,0.01598298086997983,0.012179572266174835,0.014615486719409805
2020-11-20,-0.00709728638055663,-0.008161879337640123,-0.008516743656667953,-0.00936841802233475,-0.007114035971983292,-0.008536843166379949
2020-11-23,0.013746962036845294,0.01580900634237209,0.016496354444214354,0.01814598988863579,0.013732145203507294,0.016478574244208757
2020-11-24,0.011527532801134202,0.013256662721304331,0.013833039361361038,0.013713039361361038,0.01037693783422125,0.012452325401065494
2020-11-25,-0.0018522922947165283,-0.0021301361389240063,-0.002222750753659833,-0.002222750753659833,-0.001679393490428089,-0.0020152721885137066
2020-11-27,0.007932779514812225,0.009122696442034062,0.00951933541777467,0.009519335417774673,0.007201051841831084,0.008641262210197299
2020-11-30,-0.0003484454498124128,-0.00040071226728427453,-0.0004181345397748947,-0.0006136009048311717,-0.0004637243000987329,-0.0005564691601184801
2020-12-01,0.013929095037708141,0.01601845929336436,0.016714914045249746,0.012536185533937328,0.009601548531825996,0.011521858238191194
2020-12-02,0.004660999896900127,0.005360149881435146,0.005593199876280152,0.005343199876280154,0.004091089819762311,0.004909307783714774
2020-12-03,0.003951748957787778,0.004544511301455941,0.004742098749345332,0.0047420987493453325,0.003633860140819767,0.004360632168983722
2020-12-04,0.017651900285288655,0.020299685328081955,0.02118228034234639,0.023180508376581033,0.017876277198802464,0.02145153263856295
2020-12-07,0.0023013238916282795,0.002646522475372522,0.002761588669953936,0.0030377475369493326,0.0024222660210546426,0.002906719225265571
2020-12-08,0.002977613640358578,0.0034242556864123638,0.0035961013714625933,0.0039626324263859,0.0032238716534271736,0.0038686459841126104
2020-12-09,-0.016530310489036193,-0.019009857062391625,-0.019839497586843426,-0.021826863631428564,-0.018542347614419006,-0.022250817137302807
2020-12-10,-0.004976587980133558,-0.005723076177153589,-0.005971905576160266,-0.006569096133776293,-0.005584864590850964,-0.006701837509021158
2020-12-11,-0.00024018763904458032,-0.0002762157849012675,-0.0002882251668534965,-0.0003170476835388451,-0.00027674527529189286,-0.00033209433035027064
2020-12-14,0.0024293185414183947,0.0027937163226311535,0.0029151822497020716,0.003206700474672282,0.00269036670800436,0.0032284400496052313
2020-12-15,0.008109155901794347,0.009325529287063499,0.009730987082153211,0.01070408579036854,0.009173169882274741,0.011007803858729685
2020-12-16,0.0023354964198730663,0.0026858208828540254,0.0027729630866080747,0.0030548162083113605,0.002626234829363106,0.0031514817952357265
2020-12-17,0.013798884643217076,0.01586871733969963,0.01655553657186049,0.018207673943145753,0.015665020741632354,0.018798024889958822
2020-12-18,-0.004066688299938768,-0.004676691544929585,-0.004880025959926522,-0.005368028555919177,-0.004640463715950765,-0.005568556459140916
2020-12-21,-0.00535052717779441,-0.006153106254463574,-0.006420632613353291,-0.007062695874688624,-0.006135109023248052,-0.007362130827897661
2020-12-22,0.0015595994153375147,0.0017935393276381406,0.0018715192984050165,0.0020586712282455173,0.00178676086122244,0.002144113033466928
2020-12-23,-0.00642737723333358,-0.007391483818333616,-0.007712852680000291,-0.008484137948000329,-0.007375916619029536,-0.008851099942835443
2020-12-24,0.0046139842794520654,0.005306081921369874,0.005536781135342478,0.006090459248876729,0.005375475195635969,0.006450570234763159
2020-12-28,-0.000341550226931384,-0.0003927827609710915,-0.00040986027231766176,-0.0004508462995494283,-0.0004029616505755069,-0.00048355398069060865
2020-12-29,-0.005839488664452092,-0.006715411964119905,-0.00700738639734251,-0.007708125037076757,-0.006877026314147134,-0.00825243157697656
2020-12-30,0.005910450972428578,0.006797018618292868,0.007092541166914288,0.007801795283605723,0.007029298526144908,0.00843515823137389
2020-12-31,0.0053338943963377366,0.006133978555788397,0.00640067327560528,0.007040740603165814,0.006314822635270421,0.007577787162324506
2021-01-04,-0.01421459424548473,-0.01634678338230745,-0.017057513094581672,-0.018763264404039845,-0.01692431571352761,-0.020309178856233127
2021-01-05,0.010843848637349544,0.012470425932951973,0.013012618364819447,0.0143138802013014,0.012950163285352354,0.015540195942422822
2021-01-06,0.00016262040350697714,0.00018701346403302515,0.00019514448420837393,0.00021465893262921122,0.00018691827536190185,0.0002243019304342828
2021-01-07,0.018389656679492754,0.021148105181416674,0.02206758801539131,0.024274346816930442,0.022632250062506028,0.027158700075007234
2021-01-08,0.0037554340293904096,0.004318749133798969,0.004506520835268491,0.00495717291879534,0.004649695014565722,0.005579634017478868
2021-01-11,-0.0006358762481412027,-0.0007312576853623834,-0.0007630514977694424,-0.0008393566475463882,-0.0008056613643696289,-0.0009667936372435535
2021-01-12,0.0032443605878483485,0.0037310146760255983,0.003893232705418015,0.004282555975959821,0.004070442737562348,0.004884531285074816
2021-01-13,-0.0021943980772408146,-0.0025235577888269383,-0.002633277692688976,-0.002896605461957877,-0.0027690785426791827,-0.0033228942512150187
2021-01-14,0.008732189566883429,0.010042018001915943,0.010478627480260114,0.011526490228286125,0.011065083835739826,0.013278100602887788
2021-01-15,-0.010957292510527164,-0.01260088638710624,-0.013148751012632595,-0.01446362611389586,-0.013899123701216428,-0.016678948441459715
2021-01-19,0.01712514464524685,0.01969391634203388,0.020550173574296216,0.022605190931725836,0.02170963265603998,0.02605155918724798
2021-01-20,0.0087707757552107,0.010086392118492304,0.010524930906252838,0.011577423996878127,0.011002941586510927,0.013203529903813117
2021-01-21,-0.001027853664108015,-0.0011820317137242172,-0.0012334243969296184,-0.001356766836622581,-0.0012904867394919212,-0.0015485840873903061
2021-01-22,-0.007194430066059878,-0.00827359457596886,-0.008633316079271853,-0.009496647687199043,-0.008985538970898564,-0.010782646765078282
2021-01-25,-0.0020428666410416568,-0.002349296637197906,-0.0024514399692499877,-0.0026965839661749875,-0.002549027993865702,-0.0030588335926388425
2021-01-26,-0.0074793479719174666,-0.008601250167705084,-0.008975217566300958,-0.009872739322931059,-0.009302490039053183,-0.011162988046863819
2021-01-27,-0.03975897061156713,-0.0457228162033022,-0.04771076473388053,-0.052481841207268634,-0.04937934785546389,-0.05925521742655665
2021-01-28,0.015258755797604396,0.01754756916724505,0.01831050695712527,0.020141557652837812,0.01884973138866322,0.022619677666395867
2021-01-29,-0.022175324756641936,-0.02550162347013822,-0.02661038970797031,-0.02927142867876735,-0.02604448283941266,-0.03125337940729518
2021-02-01,0.02304005788752977,0.026496066570659234,0.027648069465035716,0.030412876411539294,0.026931962822099493,0.0323183553865194
2021-02-02,0.02060129414427693,0.023691488265918468,0.02472155297313232,0.027193708270445552,0.025227878615348476,0.030273454338418174
2021-02-03,-0.008384423035315764,-0.009642086490613131,-0.010061307642378916,-0.01106743840661681,-0.01021797071151733,-0.012261564853820794
2021-02-04,0.018772092719239325,0.02158790662712522,0.02252651126308719,0.024779162389395912,0.02295810422129665,0.02754972506555597
2021-02-05,0.004700105133006707,0.005405120902957711,0.005640126159608044,0.006204138775568852,0.005710208222235168,0.0068522498666822
2021-02-08,0.015936352232653793,0.01832680506755186,0.01912362267918455,0.021035984947103008,0.01962128410402432,0.02354554092482919
2021-02-09,0.0008854006685707626,0.0010182107688563773,0.0010624808022849153,0.0011687288825134082,0.001087614798957582,0.0013051377587491
2021-02-10,0.0003873407383181686,0.0004454418490658943,0.0004648088859818028,0.0005112897745799842,0.000419051978372855,0.0005028623740474271
2021-02-11,0.015242638276127882,0.01752903401754707,0.018291165931353458,0.02012028252448881,0.02103289274921648,0.02523947129905978
2021-02-12,0.005137714181674593,0.00590837130892578,0.006165257018009507,0.006781782719810461,0.007091334327722468,0.008509601193266964
2021-02-16,0.005447529141631581,0.006264658512876315,0.006537034969957894,0.007190738466953686,0.007563125827150786,0.009075750992580942
2021-02-17,-0.008916905902269366,-0.010254441787609767,-0.010700287082723232,-0.011770315790995566,-0.0125647237897386,-0.015077668547686322
2021-02-18,-0.012941957565448359,-0.014883251200265612,-0.015530349078538022,-0.01708338398639183,-0.018380902775209387,-0.022057083330251255
2021-02-19,0.008802519003677588,0.010122896854229223,0.010563022804413099,0.011619325084854415,0.01259848408628986,0.015118180903547832
2021-02-22,-0.011802990834581908,-0.013573439459769193,-0.014163589001498285,-0.015579947901648121,-0.016915097978929827,-0.020298117574715797
2021-02-23,0.0007906421567049516,0.0009092384802106934,0.0009487705880459421,0.0010436476468505362,0.001126559113278702,0.0013518709359344415
2021-02-24,0.021985052193649036,0.025282810022696396,0.02638206263237884,0.02902026889561673,0.03131715404593247,0.037580584855118955
2021-02-25,-0.03712793123921375,-0.042697120925095804,-0.04455351748705648,-0.049008869235762156,-0.05326274740066364,-0.06391529688079638
2021-02-26,0.006962001043490221,0.008006301200013752,0.008354401252188259,0.009189841377407092,0.009756024083139109,0.011707228899766933
2021-03-01,0.028922032966231255,0.03326033791116592,0.0347064395594775,0.03817708351542524,0.03733859817092895,0.04480631780511474
2021-03-02,-0.012795952440542772,-0.014715345306624193,-0.015362363589677755,-0.01691750321854614,-0.016636721879771735,-0.01996406625572608
2021-03-03,-0.020828382135104122,-0.023952639455369726,-0.025005458211919636,-0.02754196139106425,-0.026036712921108214,-0.031244055505329854
2021-03-04,-0.028739037963402,-0.03304989365791229,-0.034459445588990716,-0.037954810474027836,-0.03560464769093467,-0.04272557722912159
2021-03-05,0.019801414464639185,0.022771626634335063,0.023731336925415535,0.026138505129844915,0.02389845058845346,0.028678140706144144
2021-03-08,-0.026364416343200935,-0.030319078794681067,-0.03169894059081875,-0.03491429597278185,-0.03083656378789012,-0.037003876545468134
2021-03-09,0.030448576522733962,0.035015863001144044,0.03651230556729251,0.04021590057789924,0.0349172065310602,0.04190064783727224
2021-03-10,-0.00011971692860656799,-0.00013767446789755207,-0.0001452228143278815,-0.00016145854915049852,-0.00017018932335532782,-0.00020422718802639257
2021-03-11,0.026644143022346963,0.030640764475699016,0.03197297162681637,0.035170268789498006,0.028918046760121614,0.03470165611214596
2021-03-12,-0.0040659622525476445,-0.004675856590429789,-0.004879154703057171,-0.005367070173362891,-0.00441736952847407,-0.005300843434168883
2021-03-15,0.008278334936196115,0.009520085176625535,0.009934001923435336,0.010927402115778877,0.008747328999181708,0.010496794799018052
2021-03-16,-0.0013187588525807575,-0.0015165726804678725,-0.0015825106230969097,-0.0017407616854066001,-0.001423705570311812,-0.001708446684374173
2021-03-17,0.008052618584918002,0.0092605113726557,0.009663142301901597,0.010629456532091762,0.008621968146929115,0.010346361776314936
2021-03-18,-0.022424490883518337,-0.025788164516046073,-0.02690938906022199,-0.029600327966244205,-0.024006820615716542,-0.02880818473885985
2021-03-19,0.008686881966265726,0.009989914261205582,0.010424258359518861,0.011466684195470754,0.009283430900461548,0.011140117080553855
2021-03-22,0.007782665481165625,0.008950065303340471,0.009339198577398745,0.010273118435138626,0.008144070021709656,0.009772884026051584
2021-03-23,-0.013545388654568799,-0.015577196952754122,-0.01625446638548255,-0.017879913024030823,-0.01418255167653047,-0.017019062011836558
2021-03-24,-0.005804420709326138,-0.006675083815725059,-0.006965304851191361,-0.0076618353363105025,-0.00610635205577365,-0.00732762246692838
2021-03-25,0.0037471943701108124,0.004309273525627435,0.004496633244132975,0.004946296568546271,0.003906406399179354,0.004687687679015221
2021-03-26,0.030575339551916842,0.03516164048470439,0.0366904074623002,0.040359448208530255,0.031924093619838716,0.038308912343806456
2021-03-29,-0.00836799121436887,-0.009623189896524203,-0.01004158945724264,-0.011045748402966913,-0.008735088304437786,-0.010482105965325342
2021-03-30,-0.0009806351263652424,-0.0011277303953200284,-0.00117676215163829,-0.0012944383668021192,-0.0010241738916181844,-0.0012290086699418225
2021-03-31,0.010885036937254271,0.012517792477842411,0.013062044324705117,0.014368248757175642,0.011017423440365529,0.013220908128438635
2021-04-01,0.018879077708374555,0.021710939364630737,0.022654893250049456,0.024920382575054405,0.01911201515258497,0.022934418183101962
2021-04-05,0.014067045921104818,0.01617710280927054,0.016880455105325775,0.018568500615858363,0.014221923237378012,0.01706630788485362
2021-04-06,-0.0024040171880501315,-0.00276461976625765,-0.0028848206256601554,-0.0031733026882261725,-0.0024177307513207013,-0.002901276901584842
2021-04-07,-1.956985582815633e-05,-2.250533420237985e-05,-2.3483826993787482e-05,-2.5832209693166327e-05,-2.398617526833607e-05,-2.8783410322003465e-05
2021-04-08,0.010192968830827678,0.01172191415545183,0.012231562596993213,0.013454718856692539,0.010239429194381283,0.012287315033257537
2021-04-09,0.00674514709897622,0.007756919163822651,0.008094176518771456,0.00890359417064861,0.006795286367676673,0.008154343641212012
2021-04-12,0.0014171935731090509,0.0016297726090754071,0.0017006322877308594,0.0018706955165039459,0.001423116242944729,0.0017077394915336755
2021-04-13,0.0017220413221435075,0.0019803475204650334,0.002066449586572207,0.0022730945452294313,0.0017377787416786481,0.002085334490014377
2021-04-14,-0.004421608640492905,-0.0050848499365668395,-0.005305930368591483,-0.005836523405450638,-0.0044838391865327535,-0.005380607023839303
2021-04-15,0.01651569464120719,0.01899304883738827,0.019818833569448625,0.02180071692639349,0.01675099637537153,0.020101195650445824
2021-04-16,-0.001214118870465019,-0.0013962367010347716,-0.0014569426445580228,-0.0016026369090138255,-0.001231163957340192,-0.0014773967488082302
2021-04-19,-0.01585897591643818,-0.018237822303903903,-0.019030771099725802,-0.020933848209698395,-0.015967565707022437,-0.019161078848426934
2021-04-20,-0.009187428443192485,-0.010565542709671364,-0.011024914131830984,-0.012127405545014087,-0.00925849143723371,-0.01111018972468045
2021-04-21,0.011882143122758945,0.013664464591172784,0.014258571747310728,0.015684428922041808,0.011908849113144788,0.014290618935773746
2021-04-22,-0.011924850266316176,-0.0137135778062636,-0.014309820319579402,-0.015740802351537356,-0.012009396511041472,-0.014411275813249762
2021-04-23,0.01645454206010492,0.018922723369120667,0.0197454504721259,0.021719995519338505,0.01653360087934473,0.01984032105521368
2021-04-26,0.004673840517036515,0.00537491659459199,0.005608608620443816,0.005488608620443817,0.004149616016559864,0.004979539219871835
2021-04-27,0.0017176275104015576,0.0019752716369617917,0.0020611530124818697,0.0021472683137300557,0.001622158638461814,0.0019465903661541756
2021-04-28,-0.0046595839129273215,-0.005358521499866419,-0.005591500695512784,-0.0061506507650640665,-0.004635448178049991,-0.0055625378136599886
2021-04-29,0.005504109592885601,0.006329726031818439,0.006604931511462719,0.0072654246626089915,0.005487833406214236,0.0065854000874570814
2021-04-30,-0.01692638755565199,-0.019465345688999772,-0.020311665066782374,-0.022342831573460637,-0.0179662968157554,-0.02155955617890648
2021-05-03,0.0012589958222745262,0.001447845195615704,0.0015107949867294297,0.0016618744854023741,0.0013334274411195115,0.001600112929343416
2021-05-04,-0.014294511480287386,-0.016438688202330496,-0.01715341377634486,-0.01886875515397936,-0.015346191194482248,-0.018415429433378712
2021-05-05,-0.004519795968845421,-0.005197765364172236,-0.005423755162614504,-0.005966130678875958,-0.004948343942622937,-0.005938012731147528
2021-05-06,0.0013374752294159499,0.0015380965138283428,0.0016049702752991384,0.0014849702752991398,0.001235950941614732,0.0014831411299376792
2021-05-07,0.013962891547920518,0.016057325280108597,0.01675546985750461,0.016755469857504614,0.013930368027777966,0.01671644163333356
2021-05-10,-0.020088240495008177,-0.023101476569259417,-0.024105888594009816,-0.024105888594009826,-0.020297850702449473,-0.024357420842939372
2021-05-11,0.0003646399347244126,0.00041933592493307366,0.00043756792166929355,0.0004375679216692939,0.00036176297224433095,0.0004341155666931982
2021-05-12,-0.028130263672814577,-0.03234980322373677,-0.033756316407377494,-0.033756316407377515,-0.02810576368063733,-0.033726916416764806
2021-05-13,0.014903016072447862,0.017138468483315048,0.01788361928693743,0.017883619286937436,0.014886590304127853,0.017863908364953416
2021-05-14,0.022257369153228998,0.025595974526213344,0.026708842983874777,0.02925972728226228,0.023750728616785552,0.02850087434014266
2021-05-17,-0.005774497898280123,-0.006640672583022143,-0.006929397477936144,-0.007049397477936149,-0.005724121643394242,-0.006868945972073089
2021-05-18,-0.007816459474768143,-0.008988928395983364,-0.00937975136972177,-0.009379751369721771,-0.00751068516463403,-0.009012822197560838
2021-05-19,0.005280914267179347,0.006073051407256247,0.006337097120615214,0.006337097120615218,0.005061084969462394,0.006073301963354872
2021-05-20,0.015310477847898825,0.017607049525083646,0.018372573417478583,0.018372573417478586,0.014689650949041396,0.017627581138849678
2021-05-21,-5.499375415415783e-05,-6.324281727728189e-05,-6.599250498498954e-05,-6.599250498498912e-05,-5.899800043226509e-05,-7.079760051871773e-05
2021-05-24,0.012511335933006231,0.014388036322957171,0.015013603119607479,0.015013603119607486,0.012027657590282752,0.014433189108339309
2021-05-25,0.0014003924508468458,0.0016104513184738724,0.0016804709410162143,0.0016804709410162147,0.0013489755146541534,0.0016187706175849843
2021-05-26,0.0036805672546754912,0.004232652342876813,0.0044166807056105865,0.004416680705610588,0.0035432648304024594,0.0042519177964829525
2021-05-27,0.0002586669646938262,0.000297467009397901,0.00031040035763259315,0.0003104003576325935,0.0002375951107305339,0.00028511413287664105
2021-05-28,0.005146994451571341,0.005919043619307042,0.006176393341885605,0.004332295006414206,0.003809166603481932,0.004570999924178319
2021-06-01,-0.005217428207107402,-0.006000042438173512,-0.0062609138485288825,-0.006560913848528883,-0.005686682432542175,-0.0068240189190506085
2021-06-02,-0.002013669756614446,-0.0023157202201066125,-0.0024164037079373343,-0.0024164037079373343,-0.0022008320334794417,-0.0026409984401753288
2021-06-03,-0.007888376475497,-0.009071632946821551,-0.009466051770596397,-0.0094660517705964,-0.008551821402495833,-0.010262185682995001
2021-06-04,0.009537990578326407,0.010968689165075367,0.011445588693991683,0.01144558869399169,0.010543871887053902,0.012652646264464685
2021-06-07,-0.0013029831118914076,-0.0014984305786751185,-0.0015635797342696892,-0.0015635797342696902,-0.0015550297013604177,-0.0018660356416325015
2021-06-08,-4.2878201331947565e-05,-4.930993153174086e-05,-5.145384159833748e-05,-0.00033859038119875306,-0.0003138486884706944,-0.0003766184261648333
2021-06-09,-0.004194676067529567,-0.004823877477659003,-0.005033611281035477,-0.00377520846077661,-0.0039021604713918192,-0.004682592565670185
2021-06-10,0.009231155744618132,0.010615829106310851,0.011077386893541761,0.008308040170156319,0.008894921957760238,0.01067390634931228
2021-06-11,0.004365409927147879,0.00502022141622006,0.005238491912577451,0.003928868934433091,0.004223532411342096,0.005068238893610515
2021-06-14,0.0055689702663742555,0.006404315806330393,0.006682764319649105,0.00501207323973683,0.005579087940570796,0.006694905528684957
2021-06-15,-0.004342205075456475,-0.0049935358367749465,-0.005210646090547768,-0.003907984567910827,-0.00439219211867751,-0.005270630542413013
2021-06-16,-0.005404511577403321,-0.006215188314013817,-0.006485413892883982,-0.004864060419662986,-0.005484359482834165,-0.006581231379400997
2021-06-17,-0.002203527258643968,-0.0025340563474405635,-0.0026442327103727604,-0.0019831745327795716,-0.0022338494327295956,-0.0026806193192755175
2021-06-18,-0.011000963111877305,-0.012651107578658895,-0.013201155734252758,-0.009900866800689575,-0.011170394056171045,-0.013404472867405252
2021-06-21,0.01440896292845921,0.016570307367728094,0.017290755514151036,0.012968066635613285,0.015202800292068561,0.018243360350482265
2021-06-22,0.00789444661211007,0.009078613603926578,0.009473335934532073,0.0071050019508990606,0.00833788700667116,0.010005464408005389
2021-06-23,0.0024245723587066233,0.002788258212512616,0.0029094868304479463,0.002182115122835961,0.00255244080359456,0.0030629289643134714
2021-06-24,0.0125756360423832,0.014461981448740679,0.015090763250859845,0.01131807243814488,0.013449061505544178,0.016138873806653003
2021-06-25,-0.0019547607225490348,-0.0022479748309313886,-0.0023457128670588403,-0.0017592846502941322,-0.0021067326343244992,-0.0025280791611893994
2021-06-28,0.005239723083228138,0.006025681545712356,0.006287667699873761,0.004715750774905322,0.005610915799910723,0.0067330989598928664
2021-06-29,0.005381638040646147,0.00618888374674307,0.006457965648775376,0.004843474236581531,0.006122443834784916,0.007346932601741897
2021-06-30,-0.0024731562789437854,-0.0028441297207853506,-0.002967787534732539,-0.0022258406510494064,-0.002864657180148191,-0.003437588616177829
2021-07-01,0.0011858037856251585,0.0013636743534689317,0.0014229645427501886,0.0010672234070626414,0.0013779941844024048,0.0016535930212828866
2021-07-02,0.006827119220745254,0.007851187103857038,0.008192543064894305,0.006144407298670727,0.007987667979058165,0.009585201574869803
2021-07-06,-0.0007707477758964418,-0.000886359942280909,-0.0009248973310757309,-0.0006936729983067986,-0.0009692489466494431,-0.0011442571476576874
2021-07-07,0.0012291039451053348,0.001413469536871136,0.0014749247341264023,0.0011061935505948027,0.0014904920021757008,0.0017699096809516833
2021-07-08,-0.007013509182124963,-0.008065535559443707,-0.008416211018549955,-0.0063121582639124665,-0.008630024702859878,-0.01009945322225995
2021-07-09,0.010587451590460453,0.012175569329029516,0.012704941908552541,0.009528706431414409,0.013026862906754384,0.015245930290263056
2021-07-12,0.0038216401870008266,0.004394886215050951,0.004585968224400988,0.0034394761683007443,0.004724868324651879,0.0055031618692811925
2021-07-13,-0.0015032551221860688,-0.0017287433905139784,-0.0018039061466232813,-0.001352929609967461,-0.001861296460694561,-0.0021646873759479384
2021-07-14,-0.0017696800149127076,-0.0020351320171496123,-0.002123616017895247,-0.0015927120134214359,-0.0021898752929206716,-0.0025483392214742974
2021-07-15,-0.006710514359772876,-0.0077170915137388055,-0.00805261723172745,-0.006039462923795588,-0.008301293437819974,-0.009663140678072939
2021-07-16,-0.009835578278221804,-0.011310915019955072,-0.011802693933866161,-0.008852020450399624,-0.012198159094121688,-0.014163232720639398
2021-07-19,-0.012480056331034876,-0.014352064780690104,-0.014976067597241842,-0.011232050697931388,-0.01591206169315412,-0.017971281116690222
2021-07-20,0.01736909904915547,0.019974463906528794,0.020842918858986554,0.015632189144239923,0.02198027823718588,0.025011502630783874
2021-07-21,0.012167435145853285,0.013992550417731271,0.014600922175023933,0.010950691631267957,0.01570026162827788,0.017521106610028734
2021-07-22,0.0027841567548433205,0.0032017802680698185,0.0033409881058119803,0.002505741079358986,0.0035775222274910456,0.004009185726974379
2021-07-23,0.01006106021299295,0.011570219244941891,0.012073272255591537,0.009054954191693651,0.01304143136552381,0.014487926706709845
2021-07-26,-0.0015173858686244306,-0.001744993748918094,-0.0018208630423493168,-0.0013656472817619874,-0.0020304764727975813,-0.00218503565081918
2021-07-27,-0.011161614767819074,-0.012835856982991932,-0.01339393772138288,-0.010045453291037164,-0.015184454075572064,-0.016072725265659463
2021-07-28,0.0037235941061887,0.004282133222117006,0.004468312927426439,0.00335123469556983,0.005058718652364467,0.0053619755129117284
2021-07-29,0.004970730064851699,0.005716339574579452,0.005964876077822037,0.0044736570583665276,0.00668929497059532,0.007157851293386446
2021-07-30,0.0004615260067981147,0.0005307549078178314,0.0005538312081577368,0.00041537340611830237,0.0006201086705163868,0.0006645974497892842
2021-08-02,-0.005588150168453375,-0.006426372693721381,-0.006705780202144047,-0.005029335151608037,-0.0075720970886380655,-0.008046936242572864
2021-08-03,0.002260636184227848,0.0025997316118620247,0.0027127634210734174,0.002034572565805064,0.00313390524782883,0.003255316105288101
2021-08-04,-0.0011663415574435431,-0.0013412927910600747,-0.001399609868932252,-0.001049707401699188,-0.0016455578238204192,-0.0016795318427187025
2021-08-05,0.003121045068333878,0.00358920182858396,0.003745254082000656,0.0028089405615004935,0.004461803919683908,0.004494304898400788
2021-08-06,-0.00013298372674484013,-0.00015293128575656566,-0.0001595804720938086,-0.00011968535407035613,-0.00019149656651256923,-0.00019149656651256923
2021-08-09,-0.0034258140681149986,-0.003939686178332248,-0.004110976881737997,-0.003083232661303499,-0.0049331722580855985,-0.0049331722580855985
2021-08-10,-0.004029372924613979,-0.004633778863306074,-0.004835247509536772,-0.0036264356321525806,-0.005802297011444133,-0.005802297011444133
2021-08-11,0.0024326514321180302,0.0027975491469357347,0.002919181718541635,0.0021893862889062277,0.003503018062249965,0.003503018062249965
2021-08-12,0.0012890501484112888,0.001482407670672981,0.0015468601780935488,0.0011601451335701612,0.001856232213712256,0.001856232213712256
2021-08-13,0.0006255646309849238,0.0007193993256326628,0.0007506775571819085,0.0005630081678864317,0.0009008130686182906,0.0009008130686182906
2021-08-16,0.0024876160268310953,0.0028607584308557588,0.0029851392321973147,0.002238854424147986,0.003582167078636778,0.003582167078636778
2021-08-17,-0.009899100716740824,-0.01138396582425195,-0.01187892086008899,-0.008909190645066744,-0.014254705032106792,-0.014254705032106792
2021-08-18,-0.00900709559864908,-0.010358159938446444,-0.010808514718378895,-0.008106386038784172,-0.012970217662054681,-0.012970217662054681
2021-08-19,0.0011058590394882764,0.0012717378954115166,0.0013270308473859308,0.0009952731355394478,0.0015924370168631185,0.0015924370168631185
2021-08-20,0.0015799125340969394,0.001816899414211479,0.0018958950409163258,0.0014219212806872447,0.0022750740490995944,0.0022750740490995944
2021-08-23,0.01562839109542159,0.017972649759734827,0.018471137153502407,0.013928122053977724,0.022284995286364365,0.022284995286364365
2021-08-24,0.006885685814005227,0.007918538686106006,0.00811692723321369,0.006122773816567687,0.009796438106508298,0.009796438106508298
2021-08-25,0.005505267949582817,0.006331058142020238,0.006599446539499382,0.0049444988811829455,0.007911198209892712,0.007911198209892712
2021-08-26,-0.00468769290572147,-0.005390846841579692,-0.0055419631169526425,-0.004185478988167525,-0.006696766381068042,-0.006696766381068042
2021-08-27,0.013222861946409238,0.015206291238370615,0.015860559335691082,0.011890333478326721,0.019024533565322754,0.019024533565322754
2021-08-30,0.0004731366507944864,0.0005441071484136597,0.0005677639809533843,0.00042582298571503826,0.0006813167771440628,0.0006813167771440628
2021-08-31,-0.0017324764327013443,-0.0019923478976065453,-0.0020789717192416127,-0.0015592287894312094,-0.0024947660630899354,-0.0024947660630899354
2021-09-01,-0.001938719254128373,-0.002229527142247629,-0.0023264631049540467,-0.0017448473287155362,-0.0027917557259448567,-0.0027917557259448567
2021-09-02,0.0006290588153183375,0.000723417637616088,0.0005709167227469921,0.0004265296389500627,0.0006824474223201006,0.0006824474223201006
2021-09-03,0.003140712297284116,0.003611819141876732,0.0038050163097895664,0.0028702061215803982,0.004592329794528633,0.004592329794528633
2021-09-07,-0.00943759014395921,-0.010853228665553095,-0.01127746613363624,-0.008506836685403979,-0.013610938696646358,-0.013610938696646358
2021-09-08,-0.0029127965607184227,-0.0033497160448261874,-0.0033950979550494927,-0.0025609958382772505,-0.004097593341243601,-0.004097593341243601
2021-09-09,0.00017795455458504854,0.00020464773777280595,0.00015704054838557423,0.00011845908311955296,0.00018953453299128497,0.00018953453299128497
2021-09-10,-0.0007313692381125613,-0.0008410746238294452,-0.0008998508877123866,-0.0006787769923026909,-0.0010860431876843052,-0.0010860431876843052
2021-09-13,-0.003467692955383382,-0.003987846898690891,-0.004313550722316684,-0.0032538046307679547,-0.005206087409228726,-0.005206087409228726
2021-09-14,-0.0038538503521874283,-0.004431927905015542,-0.004519027393272386,-0.0034088001290268405,-0.0054540802064429435,-0.0054540802064429435
2021-09-15,0.004707086196167383,0.00541314912559249,0.005463615709623123,0.004121323531617232,0.0065941176505875726,0.0065941176505875726
2021-09-16,-0.0004398237845227914,-0.0005057973522012095,-0.00045144394754693495,-0.00034053393633713273,-0.0005448542981394122,-0.0005448542981394122
2021-09-17,-0.01219258875292761,-0.014021477065866754,-0.01458730497232681,-0.011003519727684973,-0.017605631564295957,-0.017605631564295957
2021-09-20,-0.0171150711169393,-0.01968233178448019,-0.020544960340327153,-0.015413806278686961,-0.02466209004589914,-0.02466209004589914
2021-09-21,-0.00435918142783266,-0.00501305864200756,-0.005231017713399191,-0.005531017713399192,-0.008849628341438718,-0.008849628341438718
2021-09-22,0.009602288645738368,0.011042631942599124,0.011294318760409264,0.008224734947610971,0.013159575916177557,0.013159575916177557
2021-09-23,0.015904123751041038,0.018289742313697184,0.019078073501249244,0.014303469102495341,0.02288555056399255,0.02288555056399255
2021-09-24,-0.00037245330186197294,-0.0004283212971412688,-0.00044694396223436813,-0.0003352079716757761,-0.000536332754681242,-0.000536332754681242
2021-09-27,-0.002478166708655763,-0.002849891714954131,-0.0029738000503869164,-0.0022303500377901897,-0.003568560060464303,-0.003568560060464303
2021-09-28,-0.021565924333712523,-0.02480081298376939,-0.025879109200455032,-0.01940933190034128,-0.03105493104054604,-0.03105493104054604
2021-09-29,-0.0005655152435863526,-0.000650342530124306,-0.0006786182923036232,-0.000508963719227718,-0.0008143419507643487,-0.0008143419507643487
2021-09-30,-0.01096635687060685,-0.012611310401197878,-0.013159628244728222,-0.013405082790182772,-0.021448132464292436,-0.021448132464292436
2021-10-01,0.015560850057895498,0.017894977566579824,0.0186730200694746,0.018673020069474605,0.029876832111159376,0.029876832111159376
2021-10-04,-0.019310086811400916,-0.022206599833111046,-0.022800675816412687,-0.023540073536051746,-0.0376641176576828,-0.0376641176576828
2021-10-05,0.011998544039707543,0.01379832564566367,0.014377146468300985,0.014822994345086798,0.023716790952138883,0.023716790952138883
2021-10-06,-0.006112206443364342,-0.007029037409868993,-0.007394003964657562,-0.007623298489538204,-0.012197277583261123,-0.012197277583261123
2021-10-07,0.013059928086973357,0.015018917300019361,0.01563581995436803,0.015602371819551281,0.02496379491128205,0.02496379491128205
2021-10-08,-1.615141533506249e-05,-1.8574127635321683e-05,-1.938169840207612e-05,-1.938169840207514e-05,-3.101071744331944e-05,-3.101071744331944e-05
2021-10-11,-0.006782163891203672,-0.0077994884748842225,-0.008138596669444408,-0.00813859666944441,-0.01302175467111105,-0.01302175467111105
2021-10-12,-0.0014174681791588103,-0.0016300884060326322,-0.001700961814990573,-0.001700961814990573,-0.0027215389039849176,-0.0027215389039849176
2021-10-13,0.010179104498074142,0.011705970172785265,0.012214925397688967,0.012214925397688968,0.01954388063630236,0.01954388063630236
2021-10-14,0.015088291169486918,0.017351534844909946,0.018035519153647286,0.018562487528528803,0.029699980045646092,0.029699980045646092
2021-10-15,0.0035615718964780744,0.004095807680949786,0.0039022949219384793,0.0040233084978503865,0.006437293596560619,0.006437293596560619
2021-10-18,0.00833487635143776,0.009585107804153429,0.009965757871725314,0.009932309736908562,0.0158916955790537,0.0158916955790537
2021-10-19,0.011480761701919367,0.013202875957207271,0.013776914042303239,0.013776914042303239,0.022043062467685188,0.022043062467685188
2021-10-20,0.00047976451908306807,0.0005517291969455284,0.0005757174228996812,0.0005757174228996812,0.0009211478766394918,0.0009211478766394918
2021-10-21,0.006318958136355104,0.007266801856808366,0.0075827497636261265,0.0075827497636261265,0.0121323996218018,0.0121323996218018
2021-10-22,0.005949870451545664,0.006842351019277514,0.0071398445418547965,0.007139844541854797,0.011423751266967675,0.011423751266967675
2021-10-25,0.00776960430741774,0.008935044953530404,0.009323525168901288,0.00932352516890129,0.014917640270242066,0.014917640270242066
2021-10-26,-7.976990319053307e-05,-9.173538866911286e-05,-9.572388382863959e-05,-9.572388382863966e-05,-0.00015315821412582306,-0.00015315821412582306
2021-10-27,-0.007638682949706743,-0.00878448539216275,-0.009166419539648087,-0.009166419539648089,-0.014666271263436942,-0.014666271263436942
2021-10-28,0.010574996516162697,0.012161245993587103,0.012689995819395238,0.012689995819395242,0.02030399331103239,0.02030399331103239
2021-10-29,-0.0007885114452030384,-0.0009067881619834979,-0.0009462137342436479,-0.0009462137342436487,-0.001513941974789835,-0.001513941974789835
2021-11-01,-0.0009132034715262955,-0.0010501839922552408,-0.0010958441658315537,-0.0010958441658315554,-0.0017533506653304913,-0.0017533506653304913
2021-11-02,0.004349043618057363,0.00500140016076597,0.005218852341668837,0.005218852341668838,0.00835016374667014,0.00835016374667014
2021-11-03,0.00383768441907455,0.004413337081935731,0.00460522130288946,0.00460522130288946,0.0073683540846231355,0.0073683540846231355
2021-11-04,0.01184065678507631,0.013616755302837751,0.014208788142091564,0.014208788142091566,0.02273406102734651,0.02273406102734651
2021-11-05,0.0032442962187268633,0.003730940651535893,0.0038931554624722364,0.0038931554624722356,0.006229048739955579,0.006229048739955579
2021-11-08,0.006345871164230299,0.007297751838864843,0.007615045397076357,0.007615045397076357,0.012184072635322177,0.012184072635322177
2021-11-09,0.0015265466585418833,0.0017555286573231659,0.00183185599025026,0.00183185599025026,0.0029309695844004177,0.0029309695844004177
2021-11-10,-0.015632150135617376,-0.017976972655959978,-0.018758580162740845,-0.01875858016274085,-0.03001372826038536,-0.03001372826038536
2021-11-11,0.007812967902339527,0.008984913087690453,0.00937556148280743,0.00937556148280743,0.015000898372491894,0.015000898372491894
2021-11-12,0.009001997732350197,0.01035229739220272,0.010802397278820234,0.010802397278820234,0.017283835646112376,0.017283835646112376
2021-11-15,-0.007691701161472729,-0.00884545633569364,-0.009230041393767277,-0.009230041393767279,-0.014768066230027644,-0.014768066230027644
2021-11-16,0.009048230155126492,0.010405464678395471,0.0108578761861518,0.0108578761861518,0.017372601897842874,0.017372601897842874
2021-11-17,-0.004473653225770439,-0.005144701209636004,-0.005368383870924525,-0.005368383870924525,-0.008589414193479241,-0.008589414193479241
2021-11-18,-9.260183524411464e-08,-1.064921105301894e-07,-1.1112220229250372e-07,-1.1112220229282982e-07,-1.7779552366882926e-07,-1.7779552366882926e-07
2021-11-19,-0.008447888158834129,-0.00971507138265925,-0.010137465790600951,-0.010137465790600955,-0.016219945264961535,-0.016219945264961535
2021-11-22,-0.01134401571201805,-0.013045618068820762,-0.01361281885442166,-0.01361281885442166,-0.02178051016707466,-0.02178051016707466
2021-11-23,-0.0006642073802053545,-0.0007638384872361572,-0.0007970488562464233,-0.0007970488562464237,-0.0012752781699942803,-0.0012752781699942803
2021-11-24,0.006445131021993243,0.007411900675292226,0.008391345299824505,0.008905758402483383,0.014249213443973426,0.014249213443973426
2021-11-26,-0.022008229541002268,-0.025309463972152616,-0.02571174637585468,-0.027469101200950197,-0.04395056192152031,-0.04395056192152031
2021-11-29,0.014075419474291005,0.016186732395434653,0.01741722826288228,0.018607666659408675,0.0297722666550539,0.0297722666550539
2021-11-30,-0.01906006020812173,-0.021919069239339985,-0.021802365985737038,-0.0181594439598261,-0.028377317781535648,-0.029055110335721758
2021-12-01,-0.019572389651510758,-0.022508248099237353,-0.020882765258966755,-0.0231352592105645,-0.03515952904623718,-0.0370164147369032
2021-12-02,0.014599260987920623,0.016789150136108714,0.01422618407802316,0.011769110122240916,0.017409571694141476,0.01883057619558547
2021-12-03,-0.015454026333149516,-0.017772130283121936,-0.019533146754413585,-0.01686888768653042,-0.02407749101025612,-0.026990220298448667
2021-12-06,0.005274404296904421,0.006065564941440087,0.004417881964184804,0.0036281601367543098,0.005128729379624429,0.0058050562188069
2021-12-07,0.02689221400607168,0.03092604610698243,0.03157722423666017,0.026141639189837966,0.03633755789015176,0.04182662270374073
2021-12-08,0.0008173986772598208,0.0009400084788487937,0.0004973533166688012,0.0004117407805316381,0.0005700946430901586,0.0006587852488506214
2021-12-09,-0.011547700149610896,-0.013279855172052527,-0.013170322868861937,-0.014331931693340396,-0.019178210084802166,-0.022931090709344647
2021-12-10,0.032636700182864624,0.037532205210294316,0.03892928059066837,0.04159003175410363,0.0557968173386234,0.06654405080656584
2021-12-13,-0.00833857980076309,-0.009589366770877555,-0.010167424023354266,-0.010862350435782358,-0.014410199533346414,-0.017280347580994802
2021-12-14,-0.01875524998231439,-0.02156853747966155,-0.022342107037510075,-0.02386915265437411,-0.0291354667928411,-0.03496256015140933
2021-12-15,0.028080440334721145,0.03229250638492931,0.03262298458506656,0.03485271097282453,0.04209614099780226,0.050515369197362735
2021-12-16,-0.024144636814772663,-0.027766332336988563,-0.02900576330697279,-0.030988258675352542,-0.03646070185737806,-0.04375284222885365
2021-12-17,-0.007390326138815502,-0.008498875059637824,-0.008052590450630835,-0.00860297152844915,-0.00969153401239213,-0.011629840814870555
2021-12-20,-0.009792011882296415,-0.011260813664640879,-0.012495074493457835,-0.013349091919190793,-0.014472350263164707,-0.017366820315797647
2021-12-21,0.018290619903980305,0.021034212889577356,0.02034254507973108,0.021732923983910045,0.023636520577451536,0.028363824692941842
2021-12-22,0.005744338407898505,0.00660598916908328,0.007157757007542237,0.007911382362733808,0.00856148491642772,0.010273781899713263
2021-12-23,0.008748706481083298,0.007818809962596637,0.009739572873291066,0.00877362914508231,0.00933594681664366,0.011203136179972394
2021-12-27,0.010747325705903251,0.00988753964943099,0.012795294646479787,0.011771671074761403,0.012603968045558396,0.015124761654670084
2021-12-28,-0.0038272994995981443,-0.003521115539630292,-0.005049607362617929,-0.004645638773608496,-0.004967631078982301,-0.005961157294778757
2021-12-29,0.0028563649097806056,0.002627855716998157,0.0036355715869187764,0.0033447258599652746,0.0035571684362078445,0.004268602123449414
2021-12-30,-0.002497206242943539,-0.002899665967263856,-0.003641411089177786,-0.0038163787537685437,-0.004140451043639843,-0.004968541252367814
2021-12-31,-0.0051822875172671205,-0.005959630644857187,-0.005058533223062118,-0.005308268290685923,-0.005736401990861637,-0.006883682389033962
2022-01-03,0.0029358271867953186,0.003376201264814617,0.0021349794065363926,0.002244270714782301,0.0024337664190236595,0.0029205197028283904
2022-01-04,-0.0008422528809681287,-0.0009685908131133475,-0.0014192877362551334,-0.0014919422138570252,-0.001652902112803325,-0.0019834825353639896
2022-01-05,-0.030133672277303104,-0.03465372311889856,-0.03527838256980045,-0.03708431126965064,-0.04184678929122819,-0.050216147149473825
2022-01-06,0.002661555138026085,0.003060788408729999,0.004973864388761304,0.0052284804962615394,0.005926603601284363,0.007111924321541238
2022-01-07,-0.0034851570836511247,-0.004007930646198791,-0.005320563148165321,-0.005592927043239758,-0.006082449948326205,-0.007298939937991444
2022-01-10,-0.002053075560564794,-0.0023610368946495133,-0.0011738033005836879,-0.0012338912330252842,-0.0013453609149399791,-0.0016144330979279754
2022-01-11,0.008162606642912986,0.009386997639349935,0.008975865101428821,0.00943534683533717,0.010196405046031353,0.012235686055237624
2022-01-12,0.0005348982468081188,0.0006151329838293372,-6.803925700811782e-05,-7.152224114732286e-05,-8.12738743038691e-05,-9.752864916464293e-05
2022-01-13,-0.022772122139673417,-0.026187940460624427,-0.026612675283376366,-0.027974999476639815,-0.03025250544565386,-0.036303006534784625
2022-01-14,-0.0019933602506954063,-0.002292364288299717,-0.002353152612365375,-0.00247361238201014,-0.002693938158579572,-0.0032327257902954863
2022-01-18,-0.01503908999608995,-0.017294953495503446,-0.019376461942757415,-0.0203683585710891,-0.021756721136457942,-0.026108065363749537
2022-01-19,-0.0023374475316065547,-0.002688064661347538,-0.003992686188637201,-0.004197074997089201,-0.004480370801548262,-0.005376444961857915
2022-01-20,-0.009969756194819766,-0.009402175699234183,-0.012664177533696799,-0.01180080583100106,-0.012471998272167934,-0.01496639792660152
2022-01-21,-0.022475712887018603,-0.020677655856057114,-0.02656653536907945,-0.02444121253955308,-0.025994507793353334,-0.031193409352024005
2022-01-24,0.012016673602900133,0.011055339714668122,0.015708386088688416,0.01445171520159334,0.015294903567944064,0.01835388428153287
2022-01-25,-0.02576781606707543,-0.01280855171219621,-0.028272359539738497,-0.01404907216240781,-0.014646933523850093,-0.01757632022862011
2022-01-26,0.0005430396627492592,5.959648972931854e-05,0.0019998556903040757,0.0013877443184130843,0.001439270775396424,0.001727124930475709
2022-01-27,-0.0036629785934140257,-0.0021982297248387328,-0.0028177864201101967,-0.001804660398319561,-0.0018663271136138198,-0.002239592536336584
2022-01-28,0.016631947236959106,0.007983334673740369,0.011996867522130233,0.005758496410622511,0.005949618463765823,0.007139542156518985
2022-01-31,0.027088053042493128,0.0130022654603967,0.01913338384005689,0.009184024243227307,0.009506906703069765,0.011408288043683719
2022-02-01,0.0015754753786154686,0.0010974373483262309,0.0018612499532608714,0.001451787457000002,0.0015093396974820246,0.0018112076369784296
2022-02-02,0.009868323710388092,0.009078857813557044,0.009311109417799014,0.008566220664375089,0.008874556472500596,0.01064946776700072
2022-02-03,-0.02240050322749829,-0.020608462969298424,-0.02647774625340448,-0.02435952655313213,-0.02524064975710891,-0.03028877970853069
2022-02-04,0.009596693408778079,0.008828957936075828,0.011447887773742298,0.011505040343693868,0.011899433046349238,0.014279319655619089
2022-02-07,-0.004596791601082372,-0.004229048272995781,-0.005427987992681585,-0.00509376541160039,-0.005201134253322896,-0.006241361103987472
2022-02-08,0.00759934269835211,0.00699139528248394,0.008614410572866868,0.008620244333074602,0.008791958833961895,0.010550350600754276
2022-02-09,0.027615108908624373,0.02540590019593442,0.030849819642771854,0.031220017478485126,0.03187838855587979,0.038254066267055735
2022-02-10,-0.01763915719887124,-0.016228024622961537,-0.020755207211429923,-0.021004269697967076,-0.021433585326719785,-0.025720302392063743
2022-02-11,-0.025866955561414468,-0.023797599116501315,-0.03007678183442382,-0.0304377032164369,-0.030021802228794362,-0.03602616267455321
2022-02-14,-0.0020382073740569536,-0.001875150784132397,-0.0019159774301438556,-0.0019389691593055824,-0.001907875001147899,-0.002289450001377478
2022-02-15,0.02409176686710366,0.011124048096209755,0.016221727403919906,0.0072233126955482205,0.006927812631983779,0.00831337515838053
2022-02-16,-0.0008747757434981942,-0.00041989235687913345,-0.0006323649305383051,-0.00036855368332422493,-0.00035821617487139825,-0.0004298594098456784
2022-02-17,-0.030600073857832314,-0.02859206794920572,-0.03346457315223832,-0.03421568678006518,-0.03304761813593437,-0.039657141763121226
2022-02-18,-0.015652786191048096,-0.014400563295764253,-0.018226085886399797,-0.0184447989170366,-0.017913165014108723,-0.021495798016930464
2022-02-22,-0.011945226200036707,-0.006173708576017621,-0.009382104958799117,-0.005463564751579269,-0.005180559465670965,-0.006216671358805159
2022-02-23,-0.019107876486948037,-0.009171780713735055,-0.013378536575809948,-0.007063867312027651,-0.006617797398762794,-0.007941356878515353
2022-02-24,0.04816380823157491,0.02311862795115596,0.03228774421859175,0.01704792894741644,0.015985219808811787,0.019182263770574148
2022-02-25,0.019575835289115683,0.009396400938775532,0.01455691068481031,0.007686048841579844,0.007225957794282836,0.008671149353139406
2022-02-28,0.006086392483593553,0.0029214683921249054,0.004228699919982022,0.0022327535577505078,0.002072205124077583,0.0024866461488930983
2022-03-01,-0.012942823889630351,-0.006212555467022569,-0.008627342080152024,-0.004555236618320268,-0.004238768476354787,-0.005086522171625742
2022-03-02,0.022304648495087044,0.010706231277641783,0.015257452733793354,0.008055935043442892,0.007623385600783806,0.009148062720940568
2022-03-03,-0.014230038497370874,-0.00683041847873802,-0.008691668210792636,-0.004589200815298511,-0.004406083666960912,-0.005287300400353095
2022-03-04,-0.02505967892106309,-0.012028645882110283,-0.016852988773731477,-0.008898378072530222,-0.008571564255096312,-0.010285877106115577
2022-03-07,-0.035637693023745906,-0.01710609265139803,-0.022748494092548383,-0.012011204880865546,-0.011728951602187012,-0.01407474192262441
2022-03-08,-0.008482572177783481,-0.004071634645336071,-0.005965943108587556,-0.003150017961334228,-0.0030902297895428745,-0.0037082757474514493
2022-03-09,0.039048963858851836,0.018743502652248882,0.025594663674258503,0.013513982420008494,0.013298594413165526,0.01595831329579863
2022-03-10,-0.0013941638092146327,-0.0006691986284230238,-7.876305561424786e-05,-4.158689336432318e-05,-4.1357202210728465e-05,-4.962864265287499e-05
2022-03-11,-0.014870666145113325,-0.007137919749654393,-0.010202100853827422,-0.00538670925082088,-0.005410067474299236,-0.006492080969159085
2022-03-14,-0.021813907294244005,-0.010470675501237122,-0.014490188442918113,-0.007650819497860766,-0.007675073333953603,-0.009210088000744321
2022-03-15,0.02967378800624546,0.01424341824299782,0.018956840739772846,0.010009211910600063,0.010083984008750843,0.012100780810501012
2022-03-16,0.02792488924348052,0.013403946836870644,0.01810715823627332,0.009560579548752316,0.010290929500854444,0.012349115401025335
2022-03-17,0.01504405723484055,0.0072211474727234635,0.010957500098398871,0.005785560051954605,0.006216736231975187,0.007460083478370219
2022-03-18,0.017573748378740636,0.008435399221795505,0.012441863984588885,0.006569304183862933,0.007139238459387318,0.008567086151264782
2022-03-21,-0.008816682990072591,-0.0042320078352348425,-0.006516500333921106,-0.0034407121763103433,-0.0039713801619730895,-0.004765656194367708
2022-03-22,0.02171763091619787,0.01954022044290204,0.015397578970899406,0.015216450960216866,0.018024328860701353,0.02162919463284162
2022-03-23,-0.022476451544163008,-0.020678335420629964,-0.015839263183872698,-0.01602933434207917,-0.019040460733367466,-0.022848552880040958
2022-03-24,0.022007395098659628,0.020246803490766855,0.015530415197996,0.01571678018037195,0.018528879313519157,0.022234655176222997
2022-03-25,-0.0008619616983781759,-0.0007930047625079219,-0.0004691474037290794,-0.00047477717257382834,-0.00058394420614092,-0.0007007330473691035
2022-03-28,0.013391311343511318,0.012320006436030411,0.014707536749506804,0.01488402719050089,0.01766527731423692,0.02119833277708431
2022-03-29,0.015603795785019544,0.014355492122217981,0.01618378113626075,0.016377986509895876,0.019535046849986786,0.023442056219984148
2022-03-30,-0.010422538024641477,-0.009588734982670162,-0.011989106960936163,-0.0121329762444674,-0.014417853780188094,-0.017301424536225712
2022-03-31,-0.008683934937748916,-0.007989220142729004,-0.00983356205660497,-0.009951564801284228,-0.011666814366040246,-0.014000177239248296
2022-04-01,-0.004660152443605484,-0.004287340248117046,-0.005054302230985434,-0.0051149538577572595,-0.005970486327898969,-0.007164583593478762
2022-04-04,0.015258366933521466,0.01403769757883975,0.01629355590434862,0.016489078575200808,0.01917917132625675,0.023015005591508104
2022-04-05,-0.021752840229568596,-0.020012613011203113,-0.02359131606526687,-0.023874411858050074,-0.02777592364397648,-0.03333110837277178
2022-04-06,-0.013976075187942562,-0.012857989172907158,-0.016125902273960914,-0.01631941310124844,-0.018735966643848603,-0.022483159972618325
2022-04-07,0.008485621972096487,0.007806772214328772,0.010728770856969085,0.010857516107252711,0.012184072282571179,0.014620886739085417
2022-04-08,-0.009710619114693363,-0.00893376958551789,-0.007311542679341559,-0.007399281191493664,-0.008672397389586403,-0.010406876867503691
2022-04-11,-0.013771471216267662,-0.012669753518966244,-0.010456315072213033,-0.01058179085307959,-0.012375573436176669,-0.014850688123412004
2022-04-12,-0.0006659132073297799,-0.0006126401507433974,-0.0007970078225862053,-0.0008065719164572393,-0.0009429020334011828,-0.0011314824400814193
2022-04-13,0.015505809598878088,0.007002788607461482,0.011080517723427018,0.0055060666913028,0.006408775913390612,0.007690531096068735
2022-04-14,-0.01544983600142613,-0.007415921280684546,-0.010171020395857558,-0.005370298769012789,-0.006292638576995045,-0.0075511662923940575
2022-04-18,-0.0037462889410193353,-0.0017982186916892804,-0.003270769718531993,-0.0017269664113848929,-0.002018921423489182,-0.002422705708187019
2022-04-19,0.022159548269230073,0.010636583169230433,0.015706880890401842,0.008293233110132173,0.009976609362372246,0.011971931234846698
2022-04-20,-0.0027032315035579392,-0.0012975511217078112,-0.0007131931353259987,-0.0003765659754521272,-0.0004536419291774802,-0.0005443703150129768
2022-04-21,-0.02181763734667686,-0.01047246592640489,-0.015341263048458552,-0.008100186889586112,-0.00988518988322147,-0.011862227859865763
2022-04-22,-0.021397822545113503,-0.010270954821654481,-0.015921207420769953,-0.008406397518166537,-0.010257106914403881,-0.012308528297284656
2022-04-25,0.01640904310211264,0.007876340689014064,0.010391836097069774,0.00548688945925284,0.006714393598782268,0.008057272318538722
2022-04-26,-0.03339137837991044,-0.01602786162235701,-0.02303945048939834,-0.012164829858402325,-0.015272258755995341,-0.018326710507194414
2022-04-27,-0.0009180636116149388,-0.0004406705335751704,-0.0005050139490414809,-0.0002666473650939018,-0.0003427321100824334,-0.0004112785320989199
2022-04-28,0.02731731246828375,0.013112309984776195,0.018664841792151925,0.009855036466256217,0.01251796209351258,0.015021554512215101
2022-04-29,-0.03867457768385497,-0.018563797288250385,-0.028237816284071803,-0.01490956699798991,-0.01894532887793127,-0.022734394653517526
2022-05-02,0.015244176756525733,0.007317204843132353,0.009519007109315891,0.005026035753718793,0.006344976755197466,0.007613972106236961
2022-05-03,0.004588539383290405,0.0022024989039793933,0.0029262590692551082,0.0015450647885666968,0.0019331683487952972,0.0023198020185543574
2022-05-04,0.027761039984883468,0.013325299192744054,0.01974022943860056,0.010422841143581099,0.013110160767074719,0.01573219292048966
2022-05-05,-0.04479760506347186,-0.021502850430466493,-0.03196777162896343,-0.016878983420092693,-0.021232519943707402,-0.025479023932448885
2022-05-06,-0.02377184716203104,-0.011410486637774898,-0.016972937248066283,-0.008961710866978995,-0.01125107215252226,-0.013501286583026708
2022-05-09,-0.04283440786822189,-0.020560515776746516,-0.02834067902872183,-0.014963878527165126,-0.019078491859753972,-0.022894190231704775
2022-05-10,0.019767774565459546,0.00948853179142058,0.013139042130662816,0.006937414244989966,0.008888148796365162,0.010665778555638196
2022-05-11,-0.017594768225895282,-0.008445488748429736,-0.012794443356804418,-0.0067554660923927375,-0.008585135457488508,-0.01030216254898621
2022-05-12,0.002708453854841133,0.001300057850323744,0.0014343721496853038,0.0007573484950338404,0.0009628096691641913,0.0011553716029970304
2022-05-13,0.03780037975215778,0.018144182281035735,0.02582482112972952,0.013635505556497183,0.018393099040931737,0.021789558164102694
2022-05-16,-0.014634478142912813,-0.00702454950859815,-0.00981545930872503,-0.005182562515006817,-0.007163589028267484,-0.008292100024010905
2022-05-17,0.02482725295389766,0.011917081417870876,0.01568617840402681,0.008282302197326154,0.011865293474042743,0.01325168351572185
2022-05-18,-0.05088388940948974,-0.024424266916555075,-0.03992276269255336,-0.021079218701668186,-0.030219883439216562,-0.03372674992266908
2022-05-19,-0.0030198156812273917,-0.001449511526989149,-0.002791590665419825,-0.001473959871341668,-0.002111078771589346,-0.002358335794146671
2022-05-20,0.00941087858876492,0.0045172217226071626,0.006062071082697198,0.0028759541196946552,0.00400217332114993,0.004601526591511451
2022-05-23,0.022949686899243177,0.01101584971163672,0.014917296484508066,0.00716030231256387,0.010731330730590101,0.011456483700102191
2022-05-24,-0.016122654274112927,-0.007738874051574206,-0.010479725278173401,-0.005030268133523233,-0.007742913409536635,-0.008048429013637172
2022-05-25,0.021915073086825235,0.01051923508167611,0.014244797506436403,0.00749005308339842,0.011483011873263246,0.011984084933437469
2022-05-26,0.025305791573326995,0.012146779955196956,0.016448764522662536,0.00786420697087802,0.012077119829657,0.012582731153404835
2022-05-27,0.0326704430172974,0.015681812648302745,0.02123578796124331,0.010193178221396784,0.01594533614095215,0.01630908515423486
2022-05-31,-0.009294588252256786,-0.004461402361083258,-0.0066268991975639655,-0.003530202776313773,-0.005524120005664081,-0.005648324442102039
2022-06-01,-0.007119032590011436,-0.00341713564320549,-0.005795499901068563,-0.0030600239477642007,-0.004752873558885759,-0.004896038316422721
2022-06-02,0.03572406328983545,0.017147550379121013,0.026900839608150373,0.014203643313103392,0.022051200989066325,0.022725829300965446
2022-06-03,-0.018059512556355347,-0.008668566027050567,-0.011824558555312076,-0.0062433669172047785,-0.009746800168014009,-0.00998938706752764
2022-06-06,0.0013073354578494374,0.0006275210197677301,0.00040318866864995595,0.0002128836170471771,0.0003205246196814342,0.0003406137872754834
2022-06-07,0.008466274229288263,0.004063811630058365,0.005445687082358553,0.002875322779485318,0.004430236743268605,0.004600516447176508
2022-06-08,-0.01479555241238173,-0.007101865157943231,-0.010174444075805145,-0.005372106472025118,-0.008377428285634102,-0.00859537035524019
2022-06-09,-0.018791262750082565,-0.009019806120039626,-0.011800225984367016,-0.006230519319745784,-0.009709604831438706,-0.009968830911593252
2022-06-10,-0.03898776067812389,-0.018714125125499456,-0.025400377774113858,-0.012226181331574645,-0.0192902107728061,-0.01956189013051944
2022-06-13,-0.04662888806173251,-0.022381866269631605,-0.03030877724012613,-0.014548213075260543,-0.022900259552448586,-0.02327714092041687
2022-06-14,0.010108616921394373,0.004852136122269303,0.006570600998906344,0.0031538884794750453,0.004914690946034199,0.005046221567160073
2022-06-15,0.016073772519367372,0.007715410809296337,0.010447952137588793,0.005015017026042619,0.007728055672205644,0.008024027241668192
2022-06-16,-0.03864988756602207,-0.018551946031690594,-0.025122426917914338,-0.012058764920598881,-0.018743984591556045,-0.019294023872958217
2022-06-17,0.005303138562316535,0.0025455065099119364,0.003447040065505748,0.0016545792314427595,0.0025834383352864145,0.002647326770308415
2022-06-21,0.023653015149857327,0.011353447271931515,0.01537445984740727,0.007379740726755483,0.011460980753662591,0.011807585162808783
2022-06-22,-0.007465267775557815,-0.003583328532267752,-0.00485242405411258,-0.0023291635459740385,-0.003634876906624259,-0.0037266616735584625
2022-06-23,0.015714407893309593,0.007542915788788604,0.010214365130651232,0.004902895262712592,0.007605235209486647,0.007844632420340147
2022-06-24,0.03154391790967923,0.015141080596646038,0.020503546641291507,0.007303276790864941,0.011586103001373969,0.011685242865383904
2022-06-27,-0.010860817669497423,-0.005213192481358764,-0.007059531485173325,-0.003466575112883198,-0.005550029715904834,-0.005546520180613116
2022-06-28,-0.02850918243744804,-0.013684407569975054,-0.01853096858434122,-0.008894864920483785,-0.014231783872774056,-0.014231783872774056
2022-06-29,-0.005656218752447423,-0.002714985001174762,-0.0036765421890908225,-0.0017647402507635962,-0.0028235844012217534,-0.0028235844012217534
2022-06-30,-0.004317579977091932,-0.0020724383890041273,-0.002806426985109756,-0.0010883137146395119,-0.0017413019434232195,-0.0017413019434232195
2022-07-01,-0.00538629228050613,-0.002585420294642942,-0.0035010899823289814,-0.0012603923936384343,-0.0020166278298214936,-0.0020166278298214936
2022-07-05,0.011638481930176565,0.005586471326484751,0.0075650132546147665,0.0027234047716613165,0.004357447634658105,0.004357447634658105
2022-07-06,0.0007299248467301945,0.00035036392643049343,0.00047445115037462587,0.0001708024141348654,0.0002732838626157844,0.0002732838626157844
2022-07-07,0.021244155772647714,0.010197194770870905,0.013808701252221018,0.0049711324507995674,0.007953811921279304,0.007953811921279304
2022-07-08,0.003315319001103156,0.001591353120529515,0.002154957350717051,0.0007757846462581382,0.0012412554340130216,0.0012412554340130216
2022-07-11,-0.014084554985097145,-0.006760586392846628,-0.009154960740313143,-0.0032957858665127325,-0.005273257386420371,-0.005273257386420371
2022-07-12,-0.011987043467259699,-0.005753780864284656,-0.007791578253718805,-0.003817957561785028,-0.006108732098856044,-0.006108732098856044
2022-07-13,-0.0009078898323537322,-0.00043578711952979164,-0.0005901283910299262,-0.00029044622077077333,-0.0004647139532332375,-0.0004647139532332375
2022-07-14,0.006215159712155547,0.0029832766618346626,0.004039853812901107,0.0014543473726443981,0.002326955796231037,0.002326955796231037
2022-07-15,0.02470486732726465,0.011858336317087034,0.016058163762722018,0.005780938954579928,0.009249502327327887,0.009249502327327887
2022-07-18,-0.006762788082933983,-0.003246138279808312,-0.004395812253907089,-0.001582492411406552,-0.002531987858250483,-0.002531987858250483
2022-07-19,0.032739246435527294,0.015714838289053106,0.021280510183092745,0.007660983665913388,0.01225757386546142,0.01225757386546142
2022-07-20,0.016829409041845312,0.00807811634008575,0.010939115877199451,0.003938081715791803,0.006300930745266886,0.006300930745266886
2022-07-21,0.015805424900203226,0.0075866039520975466,0.010273526185132092,0.003698469426647553,0.005917551082636086,0.005917551082636086
2022-07-22,-0.015827721035875146,-0.007597306097220069,-0.010288018673318845,-0.003703686722394784,-0.005925898755831655,-0.005925898755831655
2022-07-25,-0.006605473760168552,-0.003170627404880906,-0.004293557944109559,-0.0015456808598794415,-0.0024730893758071054,-0.0024730893758071054
2022-07-26,-0.023926836235073436,-0.011484881392835253,-0.015552443552797732,-0.005598879679007183,-0.008958207486411495,-0.008958207486411495
2022-07-27,0.03604597011523496,0.01730206565531278,0.023429880574902723,0.008434757006964983,0.013495611211143973,0.013495611211143973
2022-07-28,0.019304486439340792,0.009266153490883581,0.012573777970764038,0.004526560069475052,0.007242496111160085,0.007242496111160085
2022-07-29,0.013440744507517057,0.006451557363608187,0.00874128349346339,0.0031468620576468203,0.005034979292234914,0.005034979292234914
2022-08-01,0.005304804574964428,0.002546306195982927,0.004151685390233801,0.001494606740484168,0.0023913707847746687,0.0023913707847746687
2022-08-02,-0.003526009891848996,-0.0016924847480875177,-0.002524390247570535,-0.0009087804891253922,-0.001454048782600628,-0.001454048782600628
2022-08-03,0.023344788625148553,0.011205498540071308,0.015824833702707847,0.005696940132974825,0.009115104212759718,0.009115104212759718
2022-08-04,-0.0024210609115196094,-0.0011621092375294116,-0.001675204744002896,-0.0006030737078410429,-0.000964917932545669,-0.000964917932545669
2022-08-05,-0.004033434433111788,-0.0019360485278936581,-0.0029251747999392585,-0.0010530629279781327,-0.0016849006847650125,-0.0016849006847650125
2022-08-08,-0.005122903492752791,-0.002458993676521338,-0.0034314024218044642,-0.0012353048718496066,-0.001976487794959371,-0.001976487794959371
2022-08-09,-0.016868045025409346,-0.008096661612196488,-0.010964229266516072,-0.003947122535945789,-0.006315396057513261,-0.006315396057513261
2022-08-10,0.02899991516209546,0.013919959277805819,0.01936481526082347,0.0069713334938964495,0.011154133590234323,0.011154133590234323
2022-08-11,-0.0009400069318679513,-0.00045120332729661706,-0.0006625196572293201,-0.00023850707660255516,-0.0003816113225640883,-0.0003816113225640883
2022-08-12,0.022286621906622093,0.010697578515178609,0.014895843244299475,0.007072004757263746,0.011315207611621993,0.011315207611621993
2022-08-15,0.004815506927506104,0.0023114433252029295,0.0030785643513638154,0.0014777108886546311,0.0023643374218474096,0.0023643374218474096
2022-08-16,-0.000581456823945774,-0.00027909927549397116,0.00025623249412705645,0.00012299159718098698,0.00019678655548957964,0.00019678655548957964
2022-08-17,-0.014991412526945498,-0.00719587801293384,-0.010039306242727595,-0.004818866996509243,-0.007710187194414789,-0.007710187194414789
2022-08-18,0.00846079631709574,0.006448637053676593,0.006207601842358916,0.004717839049644705,0.007548542479431528,0.007548542479431528
2022-08-19,-0.01955569443740465,-0.00970673332995423,-0.013794858568537873,-0.006869774537140604,-0.010991639259424963,-0.010991639259424963
2022-08-22,-0.026245505018246545,-0.015867303010947926,-0.018894076276178166,-0.011417454030169711,-0.01826792644827154,-0.01826792644827154
2022-08-23,0.009944853890950057,0.005966912334570034,0.004707861141440432,0.0028247166848642587,0.004519546695782813,0.004519546695782813
2022-08-24,-0.0027366652282997256,-0.0014335993095838686,-0.001747007893279273,-0.0009314728796831421,-0.001490356607493027,-0.001490356607493027
2022-08-25,0.01942346364799763,0.01153407818879858,0.013320186507371096,0.007908111904422655,0.01265297904707625,0.01265297904707625
2022-08-26,-0.04735223001764465,-0.02841133801058678,-0.03249926904143062,-0.01949956142485837,-0.031199298279773403,-0.031199298279773403
2022-08-29,-0.012096780237589444,-0.007258068142553669,-0.008166635125068827,-0.004899981075041296,-0.007839969720066073,-0.007839969720066073
2022-08-30,-0.00972508597789802,-0.004788041269391048,-0.006394033158360985,-0.0024753064824644994,-0.003960490371943199,-0.003960490371943199
2022-08-31,-0.006204218080469848,-0.0038425308482819085,-0.004256956727826952,-0.001974130527522128,-0.003158608844035406,-0.003158608844035406
2022-09-01,-0.010527598214391577,-0.005093247142907957,-0.006878923687839378,-0.002503582982167629,-0.004005732771468207,-0.004005732771468207
2022-09-02,-0.010807554879329967,-0.006604532927597981,-0.007024910671564478,-0.0032197098022040153,-0.0051515356835264235,-0.0051515356835264235
2022-09-06,-0.008786963718272298,-0.00527217823096338,-0.005711526416876995,-0.0025701868875946474,-0.004112299020151437,-0.004112299020151437
2022-09-07,0.02122524116121045,0.012735144696726269,0.01379640675478679,0.006208383039654057,0.00993341286344649,0.00993341286344649
2022-09-08,0.010488334210509159,0.006293000526305496,0.006817417236830953,0.003992950342098571,0.006388720547357717,0.006388720547357717
2022-09-09,0.023104636607977076,0.013862781964786252,0.015018013795185107,0.009010808277111062,0.014417293243377705,0.014417293243377705
2022-09-12,0.008682181913370545,0.005209309148022327,0.005643418243690856,0.0033860509462145132,0.005417681513943221,0.005417681513943221
2022-09-13,-0.053163545687664515,-0.0318981274125987,-0.03455630469698194,-0.02073378281818916,-0.03317405250910265,-0.03317405250910265
2022-09-14,0.005487088673542618,0.0032922532041255725,0.0033728630252754274,0.0021870895966817822,0.003499343354690851,0.003499343354690851
2022-09-15,-0.0264832107831062,-0.015889926469863723,-0.017315602160534183,-0.01142829742595256,-0.018285275881524097,-0.018285275881524097
2022-09-16,-0.007905472671487905,-0.004743283602892745,-0.00513855723646714,-0.0031221343418802836,-0.0049954149470084535,-0.0049954149470084535
2022-09-19,0.005726101281095995,0.0034356607686575973,0.003721965832712396,0.0022331794996274384,0.0035730871994039018,0.0035730871994039018
2022-09-20,-0.01788824747825487,-0.010732948486952922,-0.011627360860865667,-0.0077130581681713415,-0.012340893069074146,-0.012340893069074146
2022-09-21,-0.016625143697310763,-0.009975086218386463,-0.010806343403252002,-0.007132186646146317,-0.011411498633834113,-0.011411498633834113
2022-09-22,-0.0206056661577717,-0.01236339969466302,-0.013393683002551601,-0.008075209801530961,-0.012920335682449538,-0.012920335682449538
2022-09-23,-0.01790479909588037,-0.010742879457528217,-0.011638119412322234,-0.006982871647393343,-0.011172594635829348,-0.011172594635829348
2022-09-26,-0.00907979969830346,-0.005447879818982074,-0.005901869803897249,-0.003934234070572183,-0.006294774512915491,-0.006294774512915491
2022-09-27,0.003307359472157907,0.0019844156832947444,0.00214978365690264,0.001250870194141584,0.002001392310626534,0.002001392310626534
2022-09-28,0.020982503516930123,0.012589502110158073,0.01363862728600458,0.008183176371602749,0.0130930821945644,0.0130930821945644
2022-09-29,-0.02169097031640268,-0.013014582189841608,-0.014099130705661744,-0.009276176265736751,-0.014841882025178802,-0.014841882025178802
2022-09-30,-0.023059379113709824,-0.013835627468225893,-0.014988596423911382,-0.009892473639781508,-0.015827957823650422,-0.015827957823650422
2022-10-03,0.0342925841417372,0.020575550485042327,0.02229017969212918,0.014711518596805258,0.02353842975488841,0.02353842975488841
2022-10-04,0.03603762157527239,0.021622572945163437,0.023424454023927056,0.015460139655791861,0.024736223449266972,0.024736223449266972
2022-10-05,0.005265170040607302,0.0031591020243643816,0.003422360526394746,0.0022587579474205323,0.0036140127158728512,0.0036140127158728512
2022-10-06,-0.004611242961778587,-0.002766745777067151,-0.0029973079251560805,-0.0019782232306030136,-0.0031651571689648213,-0.0031651571689648213
2022-10-07,-0.04085812484536429,-0.02451487490721857,-0.026557781149486797,-0.01752813555866128,-0.028045016893858053,-0.028045016893858053
2022-10-10,-0.02294639390629183,-0.013767836343775094,-0.014915156039089682,-0.009844002985799192,-0.01575040477727871,-0.01575040477727871
2022-10-11,-0.015092154782160474,-0.009055292869296282,-0.009809900608404304,-0.006474534401546842,-0.010359255042474947,-0.010359255042474947
2022-10-12,-0.009220400708948777,-0.005532240425369268,-0.005993260460816708,-0.003955551904139027,-0.006328883046622443,-0.006328883046622443
2022-10-13,0.025959820935549806,0.015575892561329886,0.016873883608107376,0.01113676318135087,0.017818821090161394,0.017818821090161394
2022-10-14,-0.033363136407102,-0.0200178818442612,-0.021686038664616297,-0.014312785518646762,-0.02290045682983482,-0.02290045682983482
2022-10-17,0.02310704970347887,0.010971383857669856,0.015019582307261267,0.007844539458233948,0.012551263133174319,0.012551263133174319
2022-10-18,0.01096150164928622,0.005261520791657386,0.007124976072036044,0.0037619873660350313,0.00601917978565605,0.00601917978565605
2022-10-19,-0.0015814774466878026,-0.0007591091744101459,-0.0010279603403470724,-0.0005427630597032545,-0.0008684208955252073,-0.0008684208955252073
2022-10-20,-0.0002846148323772914,-0.00013661511954109998,-0.00018499964104523933,-9.767981047188634e-05,-0.00015628769675501804,-0.00015628769675501804
2022-10-21,0.02757157655539531,0.016422945933237194,0.017921524761006957,0.01174240634226459,0.018787850147623342,0.018787850147623342
2022-10-24,0.00986095293475812,0.005916571760854873,0.00640961940759278,0.004230348809011233,0.006768558094417977,0.006768558094417977
2022-10-25,0.022815595410389414,0.010831485796986918,0.014830137016753122,0.0077445123448456445,0.012391219751753037,0.012391219751753037
2022-10-26,-0.0024242283833573906,-0.0011636296240115477,-0.0015757484491823043,-0.0008319951811682563,-0.001331192289869211,-0.001331192289869211
2022-10-27,-0.005442226535349627,-0.0026122687369678215,-0.0035374472479772576,-0.0018677721469319926,-0.0029884354350911873,-0.0029884354350911873
2022-10-28,0.027478244906434048,0.01636694694386043,0.018574032464797045,0.012173061426766043,0.01947689828282568,0.01947689828282568
2022-10-31,-0.01312638992958431,-0.007875833957750582,-0.008583668605744952,-0.005665221279791667,-0.00906435404766667,-0.00906435404766667
2022-11-01,1.3636256136245327e-05,-0.00011345459705460237,0.00034208736020351353,0.00011798576255109131,0.00018877722008174642,0.00018877722008174642
2022-11-02,-0.03308903096838404,-0.015882734864824336,-0.022663299623824892,-0.01196622220137955,-0.019145955522207284,-0.019145955522207284
2022-11-03,-0.01583595903070729,-0.009621575418424374,-0.011331251270544351,-0.007571225838559274,-0.012113961341694842,-0.012113961341694842
2022-11-04,0.02779099963838553,0.013219679826425055,0.018012634613435448,0.009418071075893916,0.015068913721430266,0.015068913721430266
2022-11-07,0.01468252432824441,0.00704761167755732,0.010023009824906353,0.005292149187550559,0.008467438700080892,0.008467438700080892
2022-11-08,0.008020572362846333,0.0038498747341662387,0.0022977667899697703,0.0012132208651040378,0.0019411533841664618,0.0019411533841664618
2022-11-09,-0.019317013876228372,-0.009272166660589621,-0.013584926419830218,-0.007172841149670356,-0.011476545839472569,-0.011476545839472569
2022-11-10,0.0869000954844643,0.04171204583254286,0.060102806391452816,0.03173428177468709,0.05077485083949935,0.05077485083949935
2022-11-11,0.03148206201158296,0.015111389765559813,0.021108178454671656,0.010097162021878756,0.016155459235006015,0.016155459235006015
2022-11-14,-0.013655333585655875,-0.00655456012111482,-0.009807671014464921,-0.004707682086943163,-0.007532291339109062,-0.007532291339109062
2022-11-15,0.020373367581030536,0.00977921643889465,0.013771811454819672,0.006610469498313444,0.010576751197301512,0.010576751197301512
2022-11-16,-0.0313974109548278,-0.015070757258317346,-0.021816702305746862,-0.01047201710675849,-0.016755227370813586,-0.016755227370813586
2022-11-17,-0.00752083165686883,-0.003609999195297039,-0.006358194015198026,-0.0030519331272950536,-0.004883093003672083,-0.004883093003672083
2022-11-18,0.0008966631335847437,0.000430398304120677,0.002250211343586654,0.0010801014449215941,0.0017281623118745506,0.0017281623118745506
2022-11-21,-0.011420797564327997,-0.005481982830877437,-0.0069296557919533725,-0.0033262347801376185,-0.005321975648220191,-0.005321975648220191
2022-11-22,0.0179763266349792,0.00862863678479002,0.010315457614860397,0.004951419655132989,0.007922271448212781,0.007922271448212781
2022-11-23,0.014987582359616607,0.007194039532615968,0.01100024208885348,0.005280116202649672,0.008448185924239474,0.008448185924239474
2022-11-25,-0.005700033358952328,-0.0027360160122971173,-0.0037899005620691973,-0.0018191522697932146,-0.0029106436316691433,-0.0029106436316691433
2022-11-28,-0.020154245140585048,-0.009674037667480826,-0.01630824732370972,-0.007827958715380666,-0.012524733944609066,-0.012524733944609066
2022-11-29,-0.0031715109108014874,-0.0015223252371847136,-0.0017969801035297257,-0.0008625504496942685,-0.0013800807195108295,-0.0013800807195108295
2022-11-30,0.04458456429177655,0.02140059086005274,0.03307205663702913,0.015874587185773986,0.025399339497238375,0.025399339497238375
2022-12-01,-0.0022998569443429097,-0.0011039313332845953,-0.004598629193856343,-0.002207342013051044,-0.003531747220881672,-0.003531747220881672
2022-12-02,-0.00755160216918364,-0.007387473995648948,-0.005924145651778463,-0.00579354733296952,-0.009269675732751233,-0.009269675732751233
2022-12-05,-0.02000832406288078,-0.01612665925030463,-0.014672389496315514,-0.011831547960688778,-0.018930476737102044,-0.018930476737102044
2022-12-06,-0.018846420108825285,-0.015077136087060227,-0.014559238737097309,-0.011647390989677854,-0.018635825583484558,-0.018635825583484558
2022-12-07,-0.0023461940756316605,-0.0014461731563031963,-0.0015944314926181005,-0.0009173286706758495,-0.001467725873081359,-0.001467725873081359
2022-12-08,0.023621562953738885,0.011338350217794665,0.0161094207480698,0.005799391469305126,0.009279026350888207,0.009279026350888207
2022-12-09,-0.007178752100083232,-0.0034458010080399494,-0.004244128230379652,-0.0015278861629366748,-0.0024446178606986804,-0.0024446178606986804
2022-12-12,0.019060734188661842,0.009149152410557682,0.013941630615376299,0.005018987021535466,0.008030379234456748,0.008030379234456748
2022-12-13,0.014335739124432076,0.006881154779727398,0.009985103911795723,0.003594637408246459,0.005751419853194338,0.005751419853194338
2022-12-14,-0.01447749638198019,-0.008806497829188114,-0.010852695135930646,-0.006699617081558389,-0.010719387330493425,-0.010719387330493425
2022-12-15,-0.040016027087218395,-0.04656843115030116,-0.029588503586431347,-0.03445761245772938,-0.055132179932367,-0.055132179932367
2022-12-16,-0.006887765909528573,-0.004682659545717144,-0.005729877179412054,-0.0038687596409805658,-0.006190015425568906,-0.006190015425568906
2022-12-19,-0.013768033500522083,-0.006728656080250597,-0.009209378968757533,-0.0035033764287527103,-0.005605402286004339,-0.005605402286004339
2022-12-20,0.003465911522988468,0.0016636375310344646,0.0025459472924599436,0.0009165410252855795,0.0014664656404569266,0.0014664656404569266
2022-12-21,0.022968708503284318,0.011024980081576473,0.016287174285602807,0.005863382742817008,0.009381412388507215,0.009381412388507215
2022-12-22,-0.023248327365875503,-0.014068996419525305,-0.015815532379734484,-0.009675137609658872,-0.0154802201754542,-0.0154802201754542
2022-12-23,0.0010589465115487173,0.0006353679069292302,0.001503587909415331,0.0009021527456491983,0.0014434443930387176,0.0014434443930387176
2022-12-27,-0.007162914799113195,-0.004297748879467915,-0.004911995761304866,-0.002947197456782921,-0.004715515930852674,-0.004715515930852674
2022-12-28,-0.015210549577021878,-0.009126329746213127,-0.011643132174632649,-0.006985879304779588,-0.011177406887647342,-0.011177406887647342
2022-12-29,0.02986304798001717,0.0179178287880103,0.02134571221964369,0.009488070498839658,0.015180912798143459,0.015180912798143459
2022-12-30,-0.0009773219918699004,-0.0005863931951219401,-0.0007485203327569298,-0.0003368341497406183,-0.0005389346395849894,-0.0005389346395849894
2023-01-03,-0.002455514675727197,-0.0014733088054363177,-0.0015276334507029928,-0.0006874350528163465,-0.0010998960845061548,-0.0010998960845061548
2023-01-04,0.019563602045591214,0.01173816122735473,0.014940169879931874,0.008851085399033504,0.01416173663845361,0.01416173663845361
2023-01-05,-0.015665766957852986,-0.009399460174711794,-0.011634270581543104,-0.006980562348925859,-0.011168899758281378,-0.011168899758281378
2023-01-06,0.03778903956375003,0.022673423738250018,0.029142852670592953,0.01300081262738667,0.020801300203818665,0.020801300203818665
2023-01-09,0.008590616052443873,0.005154369631466322,0.003327486970203407,0.0014973691365915325,0.002395790618546453,0.002395790618546453
2023-01-10,0.007669825404508332,0.004601895242704998,0.006143988211708406,0.0027647946952687836,0.004423671512430054,0.004423671512430054
2023-01-11,0.011405239211753527,0.006843143527052117,0.008884660567817382,0.003998097255517823,0.006396955608828518,0.006396955608828518
2023-01-12,0.004309196715429139,0.0025855180292574825,0.0025065267439315694,0.001127937034769206,0.0018046992556307307,0.0018046992556307307
2023-01-13,0.0013601307931291186,0.0010141504120984852,0.0018579414008790948,0.0012862244582582192,0.0020579591332131504,0.0020579591332131504
2023-01-17,0.0014540811256257193,0.001672193294469576,0.0008475553156506825,0.0007310164597487134,0.0011696263355979422,0.0011696263355979422
2023-01-18,-0.009256518959510943,-0.01064499680343758,-0.007938378345097042,-0.0068468513226461955,-0.010954962116233919,-0.010954962116233919
2023-01-19,-0.014484544702718101,-0.01665722640812582,-0.010162951050258013,-0.008765545280847534,-0.014024872449356062,-0.014024872449356062
2023-01-20,0.031706539420091814,0.01847392365205509,0.02181180692196672,0.00949906311488502,0.015198500983816032,0.015198500983816032
2023-01-23,0.03274789021275558,0.019648734127653344,0.022416212229110534,0.010087295503099742,0.01613967280495958,0.01613967280495958
2023-01-24,-0.008413475858857723,-0.010225497237686386,-0.006492584199557056,-0.00589547887211796,-0.009432766195388735,-0.009432766195388735
2023-01-25,0.0017447556836677589,0.0020064690362179226,0.0011868026462356917,0.0010236172823782843,0.0016377876518052544,0.0016377876518052544
2023-01-26,0.019135516971151782,0.022005844516824545,0.013556395234546362,0.011692390889796239,0.01870782542367398,0.01870782542367398
2023-01-27,0.005655226839068379,0.006503510864928633,0.005673849152700833,0.00458232745689476,0.007331723931031613,0.007331723931031613
2023-01-30,-0.015965295646356268,-0.0183600899933097,-0.010911931987943234,-0.009389062000758062,-0.015022499201212902,-0.015022499201212902
2023-01-31,0.01809296887819826,0.02080691420992801,0.012721689017464023,0.010972456777562718,0.017555930844100353,0.017555930844100353
2023-02-01,0.03166243015167131,0.031512430151671315,0.021947013138918798,0.016380259854189096,0.02620841576670256,0.02620841576670256
2023-02-02,0.02355145979666119,0.02355145979666119,0.016408907029595295,0.012306680272196469,0.019690688435514355,0.019690688435514355
2023-02-03,-0.019523492293828434,-0.022564516137902686,-0.013918667944805972,-0.012066569852395145,-0.019306511763832242,-0.019306511763832242
2023-02-06,-0.013860565629085077,-0.01593965047344784,-0.010386781656564146,-0.008958599178786575,-0.014333758686058528,-0.014333758686058528
2023-02-07,0.01894419719609465,0.021785826775508853,0.013707232221748607,0.01182248779125817,0.018915980466013067,0.018915980466013067
2023-02-08,-0.014389204290140225,-0.014539204290140224,-0.0096310532978939,-0.00730630133705679,-0.011690082139290868,-0.011690082139290868
2023-02-09,-0.007553817850258206,-0.00883689052779694,-0.006832492097310189,-0.005976035797566401,-0.009561657276106245,-0.009561657276106245
2023-02-10,-0.009620768901404298,-0.011063884236614939,-0.006822002397823905,-0.0058839770681231186,-0.009414363308996991,-0.009414363308996991
2023-02-13,0.014445926407312813,0.014295926407312814,0.009527361216852067,0.007062509549002687,0.011300015278404303,0.011300015278404303
2023-02-14,0.0067707949821813095,0.0067707949821813095,0.0038303062209847486,0.0028727296657385624,0.0045963674651817,0.0045963674651817
2023-02-15,0.007458342041547187,0.007458342041547187,0.005660103804931293,0.004245077853698469,0.0067921245659175525,0.0067921245659175525
2023-02-16,-0.021203403609912755,-0.021203403609912755,-0.013949246722647942,-0.01046193504198596,-0.016739096067177533,-0.016739096067177533
2023-02-17,-0.007616715571370764,-0.007616715571370764,-0.005001804643831909,-0.0037513534828739316,-0.006002165572598291,-0.006002165572598291
2023-02-21,-0.02291299452986938,-0.02291299452986938,-0.015231428605925957,-0.011423571454444472,-0.018277714327111165,-0.018277714327111165
2023-02-22,-0.0007488253416356016,-0.0007488253416356016,-0.0007746523155484814,-0.0009409401943363602,-0.001505504310938177,-0.001505504310938177
2023-02-23,0.010457377325551938,0.010457377325551938,0.007034158419427416,0.005096452147903897,0.008154323436646238,0.008154323436646238
2023-02-24,-0.017886478005809753,-0.017886478005809753,-0.01164003217744451,-0.011806320056232389,-0.018890112089971812,-0.018890112089971812
2023-02-27,0.001061735718124407,0.001061735718124407,0.000653288909595767,0.000653288909595767,0.0010452622553532268,0.0010452622553532268
2023-02-28,0.0011923151338141822,0.0011923151338141822,0.0007610113092675043,0.0007610113092675043,0.0012176180948280067,0.0012176180948280067
2023-03-01,-0.005383039365514761,-0.005383039365514761,-0.0035207990231949154,-0.0035207990231949154,-0.005633278437111866,-0.005633278437111866
2023-03-02,0.010210644290297442,0.010210644290297442,0.006787593992171565,0.006787593992171565,0.01086015038747451,0.01086015038747451
2023-03-03,0.012411856975969318,0.012411856975969318,0.008329037887223435,0.008329037887223435,0.013326460619557494,0.013326460619557494
2023-03-06,-0.0019425618689415374,-0.0023839461492827685,-0.001864753002775204,-0.0022442386804642145,-0.0035907818887427395,-0.0035907818887427395
2023-03-07,-0.011291405463436557,-0.012985116282952043,-0.011897406435460115,-0.013197330788467614,-0.021115729261548193,-0.021115729261548193
2023-03-08,0.011867507888447848,0.013647634071715015,0.01496616002043058,0.016554746838241645,0.02648759494118664,0.02648759494118664
2023-03-09,-0.019944336280861508,-0.022935986722990732,-0.02170644263891293,-0.025000416483539428,-0.0400006663736631,-0.0400006663736631
2023-03-10,-0.020545898660767267,-0.023627783459882336,-0.02232938641007392,-0.025678794371585014,-0.04108607099453601,-0.04108607099453601
2023-03-13,-0.002140919429885788,-0.0022909194298857878,-0.0026501718325192057,-0.0028053991052464783,-0.004488638568394366,-0.004488638568394366
2023-03-14,0.022862876127530993,0.0133177256765186,0.02507130143033709,0.014639750555171948,0.023423600888275123,0.023423600888275123
2023-03-15,-0.006812236931232692,-0.004087342158739616,-0.008269793958397085,-0.00496187637503825,-0.007939002200061203,-0.007939002200061203
2023-03-16,0.027643005526754846,0.027243005526754845,0.030581081642738636,0.030179263460920456,0.047990747360013845,0.04828682153747274
2023-03-17,-0.007726859359836609,-0.0050361156159019664,-0.008122943831639771,-0.004145400481813654,-0.006597711170196088,-0.006632640770901845
2023-03-20,0.010330653885675419,0.011330251968526736,0.011115841933524887,0.008883823456293424,0.013221606266389893,0.01421411753006948
2023-03-21,0.014461735178985814,0.016630995455833682,0.013356197624535927,0.011497526148985538,0.017072060509963755,0.01839604183837686
2023-03-22,-0.01986347880615359,-0.02284300062707664,-0.020171954163503873,-0.01689974292629121,-0.027061260401881303,-0.02703958868206594
2023-03-23,0.01370774494948133,0.015763906691903532,0.016975242528617106,0.0185859439363269,0.029737510298123028,0.029737510298123028
2023-03-24,-0.004102665643176122,-0.0047180654896525395,-0.00668929799887488,-0.006039064978575038,-0.00950564430826443,-0.00966250396572006
2023-03-27,-0.0065964232388019415,-0.00758588672462223,-0.006754170572077099,-0.005825472118416499,-0.008936605050994645,-0.009320755389466405
2023-03-28,-0.004276107763989194,-0.004917523928587574,-0.004987054914216567,-0.004185967591053042,-0.006390700414121586,-0.006697548145684865
2023-03-29,0.02359497147686222,0.027134217198391555,0.026948921901038706,0.022482667990473305,0.034476013580707336,0.035972268784757275
2023-03-30,0.011614581321494278,0.013356768519718419,0.01366199455451694,0.011397787591830152,0.01745074572928118,0.01823646014692824
2023-03-31,0.013369842561671508,0.01537531894592223,0.013473164703930963,0.011240252576032292,0.01658443562452728,0.01798440412165166
2023-04-03,-0.00664551170012651,-0.007642338455145483,-0.0064541376719773206,-0.007341318954472403,-0.010822299250966599,-0.011746110327155843
2023-04-04,-0.006511982802089141,-0.00748878022240251,-0.007561709158995637,-0.006053698907342573,-0.00891038950402993,-0.009685918251748117
2023-04-05,-0.009842605098254284,-0.011318995862992426,-0.011728474625420475,-0.0088909353131957,-0.013014054529213878,-0.014225496501113112
2023-04-06,-0.004425529843117584,-0.005089359319585222,-0.005414168878135587,-0.004105912457768252,-0.005997161740854332,-0.006569459932429205
2023-04-10,0.014162846966356793,0.01628727401131031,0.015913221679640464,0.012613316777532937,0.01837573311834183,0.020181306844052695
2023-04-11,-4.6742782079699403e-05,-5.3754199391654975e-05,-0.0009630158558515176,-0.0007654100049105574,-0.0011209645279051132,-0.0012246560078568907
2023-04-12,-0.009937789610837671,-0.011428458052463317,-0.011788699008752707,-0.009369719212151496,-0.013692287430620884,-0.0149915507394424
2023-04-13,0.012435490210860602,0.014300813742489692,0.01475167011504873,0.011150562869340032,0.01629201232685938,0.017840900590944057
2023-04-14,-0.005100839730956102,-0.005865965690599519,-0.0059330818605654746,-0.004750238763513868,-0.0068891525423793384,-0.0076003820216221886
2023-04-17,0.002132154971988444,0.00245197821778671,0.0022970340714714706,0.001705411371608575,0.0024508588041576105,0.0027286581945737205
2023-04-18,0.0022046684917125816,0.0025353687654694687,0.0026125628563461755,0.0023416992450786627,0.0033723150295408362,0.0037467187921258584
2023-04-19,-0.0021443731897793712,-0.0024660291682462774,-0.0026912959190702425,-0.0027213103716992788,-0.00391608126062526,-0.004354096594718848
2023-04-20,-0.0036026296896066986,-0.0041430241430477025,-0.004009568263341475,-0.0033407134785191877,-0.004806613914333453,-0.005345141565630699
2023-04-21,0.00035758536540811615,0.00041122317021933304,0.0006718992840656369,0.0003793925846314249,0.0005435995253270219,0.0006070281354102786
2023-04-24,0.004624366498407058,0.0053180214731681184,0.005030241902437857,0.005284623887536558,0.007656302381851041,0.00845539822005849
2023-04-25,-0.02444561793314647,-0.02811246062311844,-0.029105815415120712,-0.02947918531004758,-0.04297256856654534,-0.04716669649607613
2023-04-26,-0.004168587877939388,-0.004793876059630292,-0.004885888988728888,-0.004005283842753508,-0.00585946261257318,-0.006408454148405616
2023-04-27,0.014692760716187676,0.016896674823615825,0.016501291511121723,0.013212788826039172,0.01836039292676195,0.02114046212166268
2023-04-28,0.015192071999721782,0.017470882799680044,0.017282192908496388,0.013880186430445918,0.019211406919186918,0.02220829828871347
2023-05-01,0.0015768776773615184,0.0018134093289657457,0.0021055628406492053,0.0019059315118520066,0.002634867729518985,0.0030494904189632085
2023-05-02,-0.008720254706621225,-0.010028292912614412,-0.009569030671328718,-0.009757257087952342,-0.013349715603917565,-0.015611611340723747
2023-05-03,-0.011419237715063226,-0.013132123372322706,-0.013224803106517951,-0.013482277149299697,-0.018535403272063985,-0.021571643438879524
2023-05-04,-0.013603127081100678,-0.01564359614326578,-0.015812674146773058,-0.01612053151954207,-0.022177965364479902,-0.025792850431267323
2023-05-05,0.020293000957704067,0.023336951101359697,0.02124314000690956,0.017347369557842007,0.02402251760584998,0.02775579129254721
2023-05-08,0.0013433731558736093,0.001544879129254651,0.000968394746277318,0.0007955135365392197,0.001091101271757404,0.0012728216584627524
2023-05-09,-0.008477235232582519,-0.009748820517469893,-0.010280294047537993,-0.010717922331403005,-0.014582327768390756,-0.01714867573024482
2023-05-10,0.0028664738479365643,0.0032964449251270504,0.0035248484555517657,0.0035998452312018046,0.0049170914775424936,0.005759752369922891
2023-05-11,-0.009449029310033306,-0.010866383706538299,-0.011060738397134085,-0.00877205494248568,-0.012028654625389542,-0.014035287907977093
2023-05-12,-0.001115647000856026,-0.0012829940509844306,-0.001306074913652698,-0.001000397806202067,-0.0013768137617417016,-0.0016006364899233073
2023-05-15,0.017632823156496995,0.02027774662997154,0.020917050288836583,0.0160215704340025,0.02196119468114456,0.02563451269440399
2023-05-16,-0.011013348871059111,-0.01266535120171798,-0.012561906396363719,-0.009621885750406258,-0.013216255409051879,-0.015395017200650011
2023-05-17,0.018708089272531623,0.021514302663411373,0.021669417700153702,0.022981546659398885,0.031168509972602964,0.036770474655038216
2023-05-18,0.020324983423491934,0.023373730937015717,0.023919596668239864,0.019068244921908457,0.02572961624088129,0.030509191875053545
2023-05-19,-0.005339154734238908,-0.006140027944374746,-0.006538612667925226,-0.0052699814883226575,-0.006937778252611675,-0.00830785777311932
2023-05-22,0.0001802073812638637,0.00020723848845344316,-0.0002831155517247821,-0.0006039766976413444,-0.0007638877921390121,-0.000916665350566812
2023-05-23,-0.01429773154654916,-0.01644239127853153,-0.015552265823376318,-0.016698222252467212,-0.021552901112361376,-0.02586348133483365
2023-05-24,-0.01795999000912699,-0.020653988510496022,-0.02152403597884483,-0.02311001757728604,-0.030062901910286752,-0.03607548229234411
2023-05-25,0.022436796099293065,0.025802315514187033,0.02906093822965872,0.02323028332877135,0.02971793503618283,0.03566152204341941
2023-05-26,0.027790788769278672,0.03195940708467047,0.03206769881681087,0.027147973505115587,0.033883069826060715,0.04065968379127286
2023-05-30,0.0007352548469499699,0.0008455430739924654,0.0001660491377501343,0.00014075079266354844,0.00015000513122669044,0.00018000615747203096
2023-05-31,-0.007580228929958914,-0.008717263269452751,-0.009085461313652557,-0.007701249756170869,-0.0091427067784749,-0.010971248134169878
2023-06-01,0.008784322238641123,0.010101970574437298,0.009879365353461837,0.008374198886867934,0.009902134762146854,0.011882561714576214
2023-06-02,0.015495305077283444,0.017819600838875963,0.016680160952825103,0.014138862192699404,0.016676470966046925,0.02001176515925631
2023-06-05,-0.005729652340680481,-0.006589100191782554,-0.007054279956283134,-0.005979528162389587,-0.007047812572647132,-0.008457375087176557
2023-06-06,0.002079510319197702,0.0023914368670773564,0.00248209845328344,0.0020874537123792784,0.002440772566786098,0.0029289270801433165
2023-06-07,-0.004938425938172771,-0.0056791898288986835,-0.005775710174953095,-0.004900620603332729,-0.005732726826189541,-0.0068792721914274465
2023-06-08,0.009852891162472465,0.01133082483684333,0.010827994744343655,0.009178300254208203,0.010824633038601272,0.012989559646321525
2023-06-09,0.0020941970418432865,0.0024083265981197787,0.002564662859399431,0.0025892078419696117,0.003076236617702814,0.0036914839412433747
2023-06-12,0.020606392978779385,0.023697351925596275,0.024183339119925706,0.02718127372156938,0.03330016434330908,0.039960197211970895
2023-06-13,0.01198282320320318,0.013780246683683665,0.012880239517621319,0.015804659767240915,0.020061381978688984,0.02407365837442679
2023-06-14,0.012337598898969236,0.014188238733814614,0.01323512756493568,0.016363430443920492,0.020124089128341432,0.02414890695400972
2023-06-15,0.005244009188060876,0.006030610566270004,0.005501513645962717,0.006757462204036601,0.008317126280502317,0.009980551536602777
2023-06-16,-0.0012862056938407222,-0.0014791365479168302,-0.0015596215349714354,-0.0019176935476580299,-0.002355687918992923,-0.002826825502791508
2023-06-20,-0.01113006989498175,-0.012799580379229012,-0.012409858932450765,-0.015350197150402858,-0.01955899697223354,-0.023470796366680258
2023-06-21,-0.010296842691808512,-0.011841369095579786,-0.012081469817259322,-0.014862381572111501,-0.018898163298175428,-0.02267779595781051
2023-06-22,0.0026349276333975415,0.0030301667784071716,0.0032619494606081155,0.004010857309372393,0.005014019379817343,0.006016823255780813
2023-06-23,-0.00536127267933955,-0.006165463581240482,-0.00638142368586378,-0.006970075103367071,-0.008689422281603123,-0.010427306737923745
2023-06-26,0.002450546599080115,0.0028181285889421325,0.0029063469314612655,0.0032945772325649633,0.004145762672841296,0.0049749152074095564
2023-06-27,0.02159925032787626,0.024839137877057674,0.02530272304517926,0.029727387703341508,0.03806808959247548,0.04568170751097056
2023-06-28,-0.005345058768507259,-0.006146817583783346,-0.006409187071421495,-0.007930206743339425,-0.010190893330172932,-0.012229071996207515
2023-06-29,0.0025949778578492908,0.0029842245365266835,0.00245049755961803,0.0028217022561457528,0.0034338166397552133,0.004120579967706255
2023-06-30,0.011368529381187495,0.013073808788365624,0.012236510637519488,0.014919902379908525,0.018394473657133318,0.022073368388559982
2023-07-03,0.0010640401690822407,0.0012236461944445769,0.0011895335881163037,0.001446618966277331,0.0017873255290057285,0.0021447906348068735
2023-07-05,-0.007764262185661566,-0.008928901513510798,-0.00915235437063382,-0.009657105123129596,-0.01212603580732324,-0.014551242968787886
2023-07-06,-0.012046707257233783,-0.013853713345818851,-0.013697768790840177,-0.01462293567610777,-0.018448927517977946,-0.02213871302157354
2023-07-07,-0.0005448829945592427,-0.0006266154437431284,-0.0011391733781125433,-0.001456630096985384,-0.0018291236015588986,-0.002194948321870678
2023-07-10,0.012898109119491312,0.01483282548741501,0.014971915746340964,0.017567047809040073,0.02186176444298055,0.02623411733157666
2023-07-11,0.006616675850771596,0.007609177228387333,0.006469942251620049,0.007894998857803225,0.009874388209449109,0.011849265851338931
2023-07-12,0.011647210883469166,0.013394292515989541,0.013616758410997808,0.015924779481307213,0.01968955307824787,0.02362746369389745
2023-07-13,0.013701496862509419,0.015756721391885827,0.015391649464658987,0.018850025389162674,0.023415165986066678,0.02809819918328001
2023-07-14,-0.005768141357471284,-0.006633362561091975,-0.007115991241989495,-0.00873777529248943,-0.010768016157143652,-0.012921619388572381
2023-07-17,0.008064863541903718,0.00927459307318927,0.00962416348825851,0.011817577492559288,0.014426165035806635,0.01731139804296796
2023-07-18,0.006921856040692409,0.00796013444679627,0.007727421624672298,0.009014624318685271,0.010989655426487525,0.01318758651178503
2023-07-19,2.1759415971035496e-06,2.502332836669288e-06,-8.329787088225294e-05,-9.958198886406577e-05,-0.00012047750719518455,-0.00014457300863422203
2023-07-20,-0.014266324867120119,-0.016406273597188138,-0.018991075579376647,-0.020403661875355167,-0.02477708971198342,-0.029732507654380083
2023-07-21,0.0042884695928798655,0.0049317400318118435,0.005392303525310855,0.005759318948499553,0.006990322458748569,0.00838838695049828
2023-07-24,0.002981435015281984,0.003428650267574281,0.003344247720877163,0.003320907889592499,0.003911473084257663,0.004693767701109195
2023-07-25,0.0068981933470735465,0.007932922349134577,0.00822272118984169,0.009014547698022157,0.010702228184660031,0.012842673821592031
2023-07-26,-0.002287980612382369,-0.002631177704239725,-0.002774060837081066,-0.002921526785963057,-0.003469070723225086,-0.004162884867870098
2023-07-27,0.007908347540429584,0.00909459967149402,0.009872008887838077,0.010961943476207062,0.01299783841377386,0.015597406096528637
2023-07-28,0.015199333874191069,0.01747923395531973,0.018071739110291123,0.02008783511497871,0.024934784068285757,0.029921740881942906
2023-07-31,0.00832695439888023,0.009575997558712265,0.009733929702459778,0.01092249324643539,0.013571442380320257,0.016285730856384316
2023-08-01,-0.002635741575900567,-0.003031102812285652,-0.0030363987816485406,-0.0034069684277336907,-0.004206007390930862,-0.005047208869117033
2023-08-02,-0.02281269540553001,-0.026234599716359514,-0.026979579495700734,-0.03025533020969196,-0.03734732744373496,-0.044816792932481954
2023-08-03,-0.002737244836056924,-0.0031478315614654633,-0.003470630673980108,-0.0034809148856121785,-0.004291060875008488,-0.005149273050010185
2023-08-04,-0.007926106479657863,-0.009115022451606539,-0.009405951109711116,-0.010686685501973353,-0.01253135334211954,-0.015037624010543454
2023-08-07,0.010363468143004378,0.011917988364455036,0.011858802932021052,0.01381804323750049,0.016440860467141275,0.019729032560569543
2023-08-08,-0.009835451173479923,-0.011310768849501914,-0.011742482412543855,-0.013177180138230854,-0.015808257074837784,-0.01896990848980534
2023-08-09,-0.007866442915892216,-0.009046409353276049,-0.009202595849855848,-0.010242215449760091,-0.012341650581974156,-0.014809980698368988
2023-08-10,0.0015234632174520838,0.001751982700069895,0.0018459399857624435,0.002053179344758823,0.0024282353948159884,0.0029138824737791873
2023-08-11,-0.01115556053192137,-0.01282889461170958,-0.013339877905966952,-0.014837514756376626,-0.017692275692175616,-0.021230730830610736
2023-08-14,0.011183239551888265,0.012860725484671504,0.01356553746390996,0.015088508584393541,0.017991117467628756,0.021589340961154505
2023-08-15,-0.012167017582431293,-0.013992070219795982,-0.014351562845882243,-0.01596277919512256,-0.018894622640277435,-0.022673547168332923
2023-08-16,-0.009099184072616784,-0.010464061683509291,-0.010795221156347536,-0.012007175353082477,-0.014122383723203335,-0.01694686046784399
2023-08-17,-0.008341906421462786,-0.009593192384682201,-0.008972131358656207,-0.010642578264392478,-0.012411909809967021,-0.014894291771960427
2023-08-18,0.0035402944737160293,0.004071338644773435,0.004352596893107815,0.0051338908952083765,0.005970684076199137,0.007164820891438963
2023-08-21,0.010813741623840238,0.012435802867416275,0.01315206272030815,0.015338093484185444,0.01809015173746359,0.021708182084956316
2023-08-22,-0.0027802450876084715,-0.003197281850749743,-0.0027098379619047023,-0.0031630046223740725,-0.003799368515996273,-0.004559242219195528
2023-08-23,0.010184579189871281,0.011712266068351969,0.01176307538841886,0.013652420936765098,0.016193311078247858,0.019431973293897425
2023-08-24,-0.022914571425139037,-0.026351757138909894,-0.026646342003528455,-0.030941470352350772,-0.03669269249783499,-0.04403123099740198
2023-08-25,0.012820292590676446,0.014743336479277905,0.015150147063531806,0.01759220181659269,0.021052666822342397,0.025263200186810872
2023-08-28,0.008774402392641824,0.010090562751538096,0.010194889026399277,0.011838204903099605,0.013851547378429422,0.016621856854115307
2023-08-29,0.019989118458391693,0.022987486227150453,0.022942513027731513,0.026640620561050214,0.03152357354527587,0.03782828825433104
2023-08-30,0.006055737893389817,0.00696409857739829,0.007322277091626464,0.00845723264398829,0.010306980152677376,0.012368376183212852
2023-08-31,0.011797536090596104,0.013567166504185515,0.01356773598490904,0.015682025736737003,0.018465237390132037,0.022158284868158434
2023-09-01,0.0021153994232915078,0.0024327093367852337,0.002977993154861155,0.003449914516483598,0.004079977762377914,0.004895973314853498
2023-09-05,-0.005276846169377423,-0.006068373094784033,-0.006369186781570667,-0.007397535075391164,-0.008707318777313124,-0.010448782532775749
2023-09-06,-0.0035185613548055967,-0.004046345558026435,-0.0042562820507252765,-0.004974771839957926,-0.005896792744018762,-0.007076151292822517
2023-09-07,-0.01289837591081373,-0.014833132297435794,-0.0156795579377395,-0.01830165306230816,-0.0216359669918252,-0.025963160390190254
2023-09-08,-0.0015639561200292674,-0.0017985495380336567,-0.002368969092028203,-0.0029257178034269543,-0.0034471028414153355,-0.0041365234096984015
2023-09-11,0.005516781952702506,0.006344299245607882,0.005851473372394343,0.006022184225601134,0.006963516197384272,0.008356219436861127
2023-09-12,-0.00906779698032327,-0.010427966527371758,-0.010903501913418628,-0.011404126410480664,-0.013243995211871161,-0.0158927942542454
2023-09-13,0.0027976195646582385,0.0032172624993569744,0.0032793927442746826,0.003426356567641666,0.003975745404435852,0.004770894485323023
2023-09-14,0.00941047341140688,0.010822044423117905,0.01081161421442128,0.012305742533757418,0.01456496329156854,0.017477955949882242
2023-09-15,-0.018465179780017694,-0.021234956747020348,-0.0214015187248117,-0.022480613674067042,-0.026906017184472483,-0.03228722062136698
2023-09-18,0.002753520786318436,0.0031665489042662005,0.0027599425814416175,0.003051990347121635,0.003666050877489852,0.0043992610529878205
2023-09-19,-0.004583313299753534,-0.005270810294716565,-0.005644931465010379,-0.006487695880913341,-0.007664964395397788,-0.009197957274477348
2023-09-20,-0.007051791199497205,-0.008109559879421793,-0.008409652782046566,-0.009665178408661972,-0.011364743348882735,-0.013637692018659275
2023-09-21,-0.013420895279170944,-0.015434029571046582,-0.01530171532058274,-0.017586196762810587,-0.020887848780820357,-0.02506541853698442
2023-09-22,0.0032159372065141316,0.0036983277874912505,0.0035146001759112223,0.004053466049496439,0.004831758371284615,0.005798110045541537
2023-09-25,0.0027687278529543464,0.003184037030897497,0.0034016503327253794,0.004064962829832055,0.00480240164694304,0.005762881976331648
2023-09-26,-0.013938126724980808,-0.01602884573372793,-0.015152949817196693,-0.018544074845379774,-0.0218717223100403,-0.02624606677204835
2023-09-27,0.0042350646323417885,0.004870324327193058,0.004646598216141714,0.005607140973592363,0.0066107112549955525,0.007932853505994665
2023-09-28,0.014589054721809044,0.01677741293008039,0.01566547074025771,0.019772805067050703,0.02383877490174394,0.02860652988209273
2023-09-29,-8.959245694406797e-05,-0.00010303132548567851,0.000707441526730892,0.0008949135313145789,0.0010843388890775301,0.0013012066668930335
2023-10-02,0.005429974916699575,0.006244471154204513,0.006587974911406916,0.007933078387046587,0.0094007964584941,0.011280955750192924
2023-10-03,-0.019925039676657975,-0.02291379562815666,-0.021101715011580948,-0.026729224531942417,-0.03207963527536995,-0.03849556233044395
2023-10-04,0.003848470103689431,0.004425740619242842,0.004081755603894056,0.00516342083892598,0.00617446273529795,0.007409355282357546
2023-10-05,-0.004418030523298647,-0.005080735101793447,-0.004886415058587223,-0.0061813150491128385,-0.007232891357652716,-0.00867946962918326
2023-10-06,0.011654597755508873,0.013402787418835205,0.014833628094576935,0.018764539539639823,0.022002171595890047,0.026402605915068048
2023-10-09,0.0004332460682504008,0.0004982329784879602,0.0014044423202952204,0.0017766195351734547,0.0020780908276153707,0.002493708993138444
2023-10-10,0.011192782777683714,0.012871700194336264,0.011883347021895646,0.015032433982697983,0.017569382335431562,0.02108325880251786
2023-10-11,0.004274172141634546,0.0049152979628797255,0.006949098994486763,0.008460431509590685,0.009917840411161618,0.011901408493393934
2023-10-12,-0.005964503108597221,-0.006859178574886806,-0.0054762984307415346,-0.006696901187239243,-0.00785937155164899,-0.009431245861978792
2023-10-13,-0.01755341910926675,-0.020186431975656765,-0.021720290525089076,-0.02656148879471384,-0.03158445222774872,-0.0379013426732985
2023-10-16,0.014627845222796003,0.0168220220062154,0.01689296666093849,0.020658211001169484,0.02458290842904098,0.029499490114849165
2023-10-17,0.0026972211720603205,0.00310180434786937,0.0018052351056395061,0.0022484354796389445,0.0026403572098502004,0.00316842865182024
2023-10-18,-0.015636171610931292,-0.017981597352570988,-0.018242502390170525,-0.022346082663254545,-0.025571698621736385,-0.03068603834608365
2023-10-19,-0.010579983362394595,-0.012166980866753782,-0.01157680130724972,-0.014018362277345856,-0.01602526298565713,-0.019230315582788562
2023-10-20,-0.01594984514672105,-0.018342321918729202,-0.017365587264090897,-0.022011483308450274,-0.02507130044758616,-0.030085560537103397
2023-10-23,-0.003644065935050309,-0.004190675825307853,-0.0033661294416398864,-0.004258153743674456,-0.004830578873047465,-0.00579669464765696
2023-10-24,0.0076696841608587755,0.008820136784987588,0.007979375785196544,0.01009391036827363,0.011205591724444283,0.013446710069333137
2023-10-25,-0.028293600989812113,-0.03253764113828393,-0.031309719189800744,-0.039606794775097924,-0.04423969084239734,-0.053087629010876804
2023-10-26,-0.010572114898935451,-0.012157932133775765,-0.009915708388777549,-0.012543371111803595,-0.013946062675974726,-0.016735275211169676
2023-10-27,-0.003755372408380544,-0.0028032234450283263,-0.0029829907533968853,-0.002570215073712532,-0.002785547866088725,-0.0033426574393064703
2023-10-30,0.01720853758614353,0.01032512255168611,0.01650359634176241,0.010892373585563187,0.011672952947869408,0.014007543537443292
2023-10-31,0.00838584376272192,0.0050315062576331525,0.008913306489861734,0.005882782283308747,0.006357443167923692,0.007628931801508429
2023-11-01,0.0069827627337804565,0.004189657640268271,0.0068920618431360554,0.004548760816469794,0.004874392375617877,0.0058492708507414505
2023-11-02,0.02584432860591122,0.01550659716354673,0.027729462961088747,0.018301445554318573,0.020169554080677568,0.02420346489681307
2023-11-03,0.015268085585232408,0.017099965089683925,0.016159115587550052,0.019950460139819434,0.02197823808126278,0.026373885697515326
2023-11-06,-0.002453478911729823,-0.002821500748489297,-0.0037075168382886135,-0.0046900088004350965,-0.005120726600641605,-0.006144871920769926
2023-11-07,0.005523717772387124,0.006352275438245184,0.007491315175762118,0.00947651369733908,0.010217635805877564,0.012261162967053074
2023-11-08,0.0028435206950188884,0.003270048799271723,0.004114966720853981,0.005205432901880281,0.005640356169754961,0.006768427403705954
2023-11-09,-0.011035835183223028,-0.012691210460706481,-0.01074978091286813,-0.013598472854778184,-0.014744590479841443,-0.01769350857580973
2023-11-10,0.026581469560341946,0.03056868999439324,0.028739704344627446,0.0329329541139686,0.03566816563201298,0.042801798758415575
2023-11-13,0.00040899675822672973,0.0004703462719607383,-0.0006469697172574912,-0.0007440151748461135,-0.0008085227119959364,-0.0009702272543951227
2023-11-14,0.03031734735606327,0.03486494945947275,0.03440499758884327,0.03821448019114933,0.04008957911095083,0.048107494933141044
2023-11-15,0.006794159369242749,0.007813283274629157,0.006592484935000422,0.007237351778060663,0.007678795723910115,0.00921455486869214
2023-11-16,-0.012474104516838858,-0.014345220194364681,-0.01407942037839754,-0.015483567424221554,-0.015741489616991747,-0.018889787540390095
2023-11-17,0.008198140867700522,0.009427861997855603,0.010013768039323535,0.010947045417651529,0.011127836703309113,0.013353404043970939
2023-11-20,0.01294493021115943,0.014886669742833343,0.01482292892529819,0.01637718053565366,0.016514770658373052,0.019817724790047658
2023-11-21,-0.0011996982660084192,-0.001379653005909684,-0.004044761197531269,-0.004436835342186664,-0.004483523988097321,-0.005380228785716787
2023-11-22,0.003639842292586613,0.004185818636474602,0.004097538187148216,0.004474424314335975,0.0044827530590304775,0.005379303670836571
2023-11-24,0.0038678876790453915,0.004448070830902198,0.0040565353063045356,0.004435576165954573,0.004467736604020406,0.005361283924824489
2023-11-27,-0.0026645352540092173,-0.0030642155421106007,-0.003549687486686239,-0.0037529635200570267,-0.0038794269470955323,-0.004655312336514639
2023-11-28,-4.717511689132427e-05,-5.4251384425022413e-05,1.9019401053763294e-05,1.984633153436235e-05,9.15993585214785e-06,1.0991923022577208e-05
2023-11-29,0.007472036562804329,0.008592842047224976,0.009483290746633125,0.009895607735617179,0.010457506599472886,0.012549007919367467
2023-11-30,0.004420087396659258,0.005083100506158146,0.004641987077381238,0.005078660186174808,0.005540226411491647,0.006648271693789976
2023-12-01,0.01270156901679268,0.01460680436931158,0.01453524716591398,0.01575657480888183,0.017069401348923458,0.02048328161870815
2023-12-04,-0.004847675661608214,-0.005574827010849447,-0.005818558833145546,-0.005734646861681439,-0.006274206750264011,-0.007529048100316816
2023-12-05,-0.004152567645534267,-0.004775452792364409,-0.00498308117464112,-0.004037310880980842,-0.004383047104469273,-0.005259656525363129
2023-12-06,-0.0036459977705672634,-0.004192897436152352,-0.004375197324680717,-0.0032813979935105387,-0.003557017591095993,-0.004268421109315191
2023-12-07,0.013351209915933693,0.015353891403323742,0.01607799222885229,0.012169355526544526,0.013192635016719897,0.015831162020063873
2023-12-08,0.00564431320536297,0.006490960186167416,0.0066322411600478965,0.005023430185580835,0.005505201978414891,0.00660624237409787
2023-12-11,0.011454948447994757,0.013173190715193968,0.01372662008048805,0.010396895407498382,0.011364444828117135,0.013637333793740571
2023-12-12,0.005206856831282636,0.00598788535597503,0.006401980724712874,0.004849025004361733,0.0053039339933439,0.006364720792012679
2023-12-13,0.013984007116944445,0.016081608184486118,0.016617142481730594,0.012586251483687036,0.013801575954490271,0.016561891145388325
2023-12-14,0.004380395231637436,0.005037454516383053,0.004885711152181843,0.0037005633974446644,0.004057015422500979,0.004868418507001169
2023-12-15,-0.0005202684521398195,-0.0005983087199607932,-0.0005713956532641218,-0.00043278977697728063,-0.00047464094513978243,-0.0005695691341677395
2023-12-18,0.0021051989003217065,0.0024209787353699623,0.002514473974503694,0.001877238442703366,0.002101845747170191,0.0025222148966042284
2023-12-19,0.005753510816333149,0.006616537438783122,0.006904212979599779,0.005178159734699839,0.005805574925302706,0.006966689910363247
2023-12-20,-0.029124026545052823,-0.03349263052681074,-0.03494883185406341,-0.02621162389054756,-0.029470956763350764,-0.03536514811602092
2023-12-21,0.010982949639212322,0.01263039208509416,0.013179539567054782,0.009884654675291088,0.011163593508865267,0.013396312210638315
2023-12-22,0.002310953285312687,0.0026575962781095904,0.002773143942375223,0.0020798579567814185,0.002294075580942035,0.002752890697130443
2023-12-26,0.005776171184338171,0.006642596861988893,0.006931405421205803,0.005198554065904353,0.005760139471599094,0.006912167365918913
2023-12-27,-0.0017745516153567789,-0.0020407343576602957,-0.002129461938428135,-0.0015970964538211017,-0.001770866611740474,-0.0021250399340885687
2023-12-28,0.0008972468899049508,0.0010318339233906931,0.00107669626788594,0.0008075222009144555,0.0008935432943913802,0.0010722519532696565
2023-12-29,-0.00436505613022831,-0.005019814549762558,-0.005238067356273974,-0.003928550517205481,-0.004429342718749644,-0.005315211262499574
2024-01-02,-0.016950077766336367,-0.019492589431286823,-0.020340093319603635,-0.015255069989702717,-0.01741361008881411,-0.020896332106576928
2024-01-03,-0.012865601790958277,-0.014795442059602015,-0.015438722149149937,-0.011579041611862443,-0.013211023606371216,-0.015853228327645456
2024-01-04,-0.0025718139763981534,-0.002957586072857876,-0.0030861767716777837,-0.0023146325787583395,-0.0026050695975356458,-0.003126083517042775
2024-01-05,0.0039459076798068074,0.0045377938317778315,0.004735089215768173,0.0035513169118261303,0.00409124327271212,0.00490949192725454
2024-01-08,0.017928582558574248,0.020617869942360385,0.021514299070289098,0.016135724302716835,0.018711659199177118,0.022453991039012536
2024-01-09,0.002079347337409744,0.0023912494380212055,0.0024952168048916925,0.0018714126036687695,0.00217299615116878,0.0026075953814025357
2024-01-10,0.009008353142816061,0.010359606114238465,0.01081002377137927,0.008107517828534454,0.00945609188464812,0.011347310261577747
2024-01-11,0.004384481313579337,0.005042153510616233,0.005233487007846211,0.003955448106673586,0.004615248950171907,0.005538298740206287
2024-01-12,-0.0007665882409460844,-0.0008815764770879971,-0.0010436711790893054,-0.0007905034178250688,-0.0009345447502547275,-0.0011214537003056734
2024-01-16,0.010047370181893828,0.0115544757091779,0.012329566994791426,0.009338731436648953,0.010982669172818994,0.013179203007382793
2024-01-17,-0.008041014606697044,-0.009247166797701602,-0.009158703353748571,-0.007598536451287251,-0.008964769871850535,-0.01075772384622064
2024-01-18,0.015073381080073197,0.01733438824208417,0.016294224784482763,0.013427377335866401,0.016367203776062305,0.01964064453127477
2024-01-19,0.017146574543055224,0.019718560724513508,0.01978982091562186,0.01663448260887205,0.020573482029523447,0.024688178435428136
2024-01-22,0.006375660624885885,0.007332009718618764,0.007031027836919608,0.005916116915024935,0.007265208946917631,0.00871825073630116
2024-01-23,-0.0011353653951327624,-0.0013056702044026772,-0.0016693941183132958,-0.001347331842835629,-0.0016718212949579441,-0.0020061855539495305
2024-01-24,-0.00025209081317892974,-0.00028990443515576625,2.2053062403797177e-05,1.702667055230255e-05,5.95133985403699e-06,7.141607824847195e-06
2024-01-25,0.00799493019156727,0.009194169720302356,0.008893597119182932,0.0068665451265012105,0.008981137375656938,0.01077736485078833
2024-01-26,-0.0052116802977579665,-0.005993432342421658,-0.006241002111164176,-0.004818536533262166,-0.006348308163070855,-0.007617969795685021
2024-01-29,0.011080858529203739,0.012742987308584293,0.012360909523040193,0.010349071494420013,0.013653184966868175,0.016383821960241813
2024-01-30,-0.0036185451156213765,-0.0041613268829645824,-0.0043781575970458335,-0.0033964085532577383,-0.004922526178843324,-0.005424332993328812
2024-01-31,-0.013278683263418292,-0.015270485752931034,-0.015511419679842866,-0.011954684941281128,-0.017968376903829787,-0.019127495906049802
2024-02-01,0.012405686974396292,0.014266540020555735,0.014556986560953606,0.011211617419804571,0.016816267992153994,0.017938587871687305
2024-02-02,0.006617662774736898,0.0076103121909474325,0.0075804372167899954,0.006343908818830482,0.009387243193355726,0.010150254110128773
2024-02-05,-0.006489826184239704,-0.007463300111875663,-0.007886665574617495,-0.006039860912923363,-0.008900781691527793,-0.00966377746067738
2024-02-06,0.0070902028102348994,0.00815373323177013,0.008483741027478663,0.006425803847545726,0.009461173661798127,0.01028128615607316
2024-02-07,0.01803628413531024,0.02074172675560677,0.021754899043809055,0.016780497437872043,0.024915583322556438,0.026848795900595274
2024-02-08,-0.00991372564927452,-0.011400784496665695,-0.01231788678349788,-0.009510361705005098,-0.014432679018806972,-0.015216578728008153
2024-02-09,0.011301140873695983,0.012996312004750382,0.013648130176387996,0.010321146823786648,0.015490568545452941,0.01651383491805864
2024-02-12,-0.003256902248748005,-0.003745437586060204,-0.004028376605400759,-0.0030511961417144374,-0.004552538512147097,-0.0048819138267431035
2024-02-13,-0.019650385033314104,-0.022597942788311207,-0.023489943270942698,-0.017791887725020956,-0.026390089233754223,-0.028467020360033544
2024-02-14,0.010065450134418901,0.011575267654581726,0.012093307823323485,0.009159782658259874,0.013806579871256773,0.014655652253215794
2024-02-15,0.000491073482886496,0.0005647345053194707,0.0003308922536593524,0.0002506263109400048,0.00034349775490570534,0.0004010020975040075
2024-02-16,-0.009671705125336653,-0.01112246089413715,-0.011643177224096253,-0.008818842154884786,-0.013762142582059052,-0.014110147447815656
2024-02-20,-0.0061478218668541565,-0.00706999514688228,-0.007389150946107342,-0.005550480247754912,-0.008888707306566285,-0.008880768396407862
2024-02-21,-0.025071107923555068,-0.028831774112088326,-0.030299887582176253,-0.022958444528343433,-0.0367335112453495,-0.0367335112453495
2024-02-22,0.023715016821135214,0.02727226934430549,0.028395779467921562,0.02837692579928712,0.045403081278859427,0.045403081278859427
2024-02-23,0.00473130565377454,0.005441001501840722,0.005679260212133341,0.005735490511263371,0.009176784818021403,0.009176784818021403
2024-02-26,0.005897752768663031,0.006782415683962482,0.007065538616513284,0.007054049232280745,0.01128647877164919,0.01128647877164919
2024-02-27,0.008845470574470509,0.01017229116064109,0.01061456468936462,0.010614564689364621,0.016983303502983382,0.016983303502983382
2024-02-28,-0.00040580468408415624,-0.0004666753866967804,-0.0004869656209009883,-0.00048696562090098824,-0.0007791449934415811,-0.0007791449934415811
2024-02-29,0.009479987297435549,0.01090198539205087,0.011289348356048272,0.011400628514264688,0.018241005622823492,0.018241005622823492
2024-03-01,0.015659323041218202,0.01800822149740093,0.01866681862812221,0.01883609728014969,0.030137755648239492,0.030137755648239492
2024-03-04,0.00854417447795678,0.0098258006496503,0.010244447673198586,0.01034522077505382,0.01651450723967163,0.016552353240086116
2024-03-05,-0.01157488193398527,-0.01331111422408306,-0.014007489213514164,-0.014146177225529154,-0.02222067501808213,-0.02263388356084665
2024-03-06,0.002389070136025151,0.0027474306564289237,0.002779879443166687,0.0028074030020099204,0.00437584326187176,0.004491844803215875
2024-03-07,0.005899228102323336,0.0067841123176718325,0.00694540801044539,0.0070141744263903984,0.010863214409669971,0.011222679082224638
2024-03-08,-0.013139230664986701,-0.015110115264734702,-0.01574540492139611,-0.015901300019627754,-0.024785363230285688,-0.02544208003140441
2024-03-11,0.00016420896991071088,0.00018884031539731706,6.0115705948095096e-05,6.071091095748186e-05,9.211050065554987e-05,9.713745753197088e-05
2024-03-12,0.011378476646672716,0.013085248143673619,0.013619155231247853,0.01375399835234932,0.020926214473938318,0.022006397363758902
2024-03-13,-0.0013737228673893693,-0.0015797812974977742,-0.0018669344672537947,-0.001885418966929574,-0.0029096020810513525,-0.0030166703470873185
2024-03-14,-0.008885042143390202,-0.010217798464898726,-0.010740296651946635,-0.010846636222757994,-0.016516601618752774,-0.01735461795641279
2024-03-15,-0.018738247500065985,-0.021548984625075884,-0.022575820925026538,-0.02279934390448224,-0.0348313537565334,-0.03647895024717159
2024-03-18,0.0071256286210617525,0.008194472914221013,0.00853898963939175,0.008527500255159214,0.012858364988299016,0.013644000408254742
2024-03-19,0.004097036457350158,0.00471159192595268,0.0047396333733353314,0.004775187534441581,0.006952469602249885,0.007640300055106529
2024-03-20,0.010796870643133448,0.012416401239603459,0.012944480065877782,0.014131869248936155,0.02058658707359615,0.022610990798297845
2024-03-21,0.009877130845009002,0.011358700471760356,0.011852557014010806,0.01303781271541189,0.018973425375283164,0.020860500344659028
2024-03-22,0.0038147284683406448,0.004386937738591739,0.004577674162008771,0.005035441578209654,0.007226560605189177,0.008056706525135444
2024-03-25,-0.003882519281608469,-0.004464897173849738,-0.004659023137930165,-0.005124925451723183,-0.007333100659549489,-0.008199880722757093
2024-03-26,-0.003492179950145463,-0.004016006942667279,-0.004190615940174553,-0.004310615940174554,-0.006393828498036656,-0.006896985504279289
2024-03-27,0.007299303577866138,0.008394199114546058,0.008759164293439366,0.00875916429343937,0.01321652792976807,0.014014662869502991
2024-03-28,-0.0012280245908112089,-0.0014122282794328909,-0.0014736295089734523,-0.001473629508973452,-0.0022226699203147337,-0.0023578072143575234
2024-04-01,-0.004674751227710874,-0.0053759639118675035,-0.005609701473253049,-0.0056097014732530495,-0.008424114228145152,-0.00897552235720488
2024-04-02,-0.012884201257050587,-0.014816831445608173,-0.015461041508460708,-0.015461041508460694,-0.023205707084823095,-0.02473766641353711
2024-04-03,0.0004264529893862506,0.000490420937794188,0.0005117435872635008,0.0004429179459898505,0.0006692038349386854,0.0007086687135837613
2024-04-04,-0.017685076061251897,-0.0203378374704397,-0.02122209127350229,-0.023344300400852495,-0.0342944896474261,-0.03735088064136398
2024-04-05,0.0054308318816307915,0.006245456663875411,0.006516998257956948,0.006587907348866043,0.009865058609996178,0.01054065175818567
2024-04-08,-0.0005679246678756218,-0.000653113368056965,-0.0006815096014507463,-0.0006815096014507458,-0.001044970833972697,-0.0010904153623211947
2024-04-09,0.0079208298021722,0.00910895427249803,0.00950499576260664,0.009504995762606643,0.013780198018774654,0.015207993220170624
2024-04-10,-0.014686338325686577,-0.016889289074539564,-0.017623605990823892,-0.017623605990823892,-0.025548721341182332,-0.02819776958531824
2024-04-11,0.005451103615068419,0.006268769157328682,0.0065413243380821025,0.0065413243380821025,0.009562664604096174,0.010466118940931367
2024-04-12,-0.02378938250280776,-0.02735778987822892,-0.028547259003369296,-0.03152198490370624,-0.04500262196059356,-0.050435175845930005
2024-04-15,-0.014118940425223261,-0.016236781489006747,-0.01694272851026791,-0.01706272851026791,-0.024411426500277562,-0.027300365616428676
2024-04-16,0.003960213229128972,0.004554245213498316,0.004752255874954767,0.004752255874954767,0.006262742191984795,0.007603609399927627
2024-04-17,-0.007396207596648603,-0.008505638736145887,-0.00888294972332288,-0.009917177801570209,-0.013034462775190152,-0.015651741137161976
2024-04-18,-0.00018767673818126152,-0.00021582824890845076,-0.00021054445801657091,-0.0002321679428939485,-0.00031290279237754335,-0.0003754833508530524
2024-04-19,-0.01238050826228297,-0.014237584501625421,-0.014859923603556082,-0.015016434472360892,-0.019804433614865603,-0.023765320337838725
2024-04-22,0.011397590683132843,0.013107229285602767,0.01364789606503644,0.013681428979201151,0.018205485865859957,0.021846583039031947
2024-04-23,0.016146933058285382,0.018568973017028187,0.01922353547690044,0.020939424366608273,0.027985043528872443,0.03350169967001224
2024-04-24,0.0025933985547151876,0.0029824083379224654,0.002452049910359193,0.002827714285096088,0.0037599886699775857,0.004507206493922535
2024-04-25,6.445220766435639e-05,7.41200388140097e-05,-1.703582808922439e-05,-0.00010470103809235025,-0.0001687650869629152,-0.00020251810435549774
2024-04-26,0.013969504560627378,0.016064930244721477,0.016777509613893234,0.018500605195860654,0.02389870288192604,0.028678443458311245
2024-04-29,0.0033239074581856466,0.003822493576913493,0.003934907618617189,0.004339033265934633,0.005615138641619976,0.006738166369943969
2024-04-30,-0.013763008535045662,-0.01582745981530252,-0.01644312306564724,-0.01660352385942034,-0.02117553550103085,-0.025410642601237016
2024-05-01,-0.01190915676307242,-0.013695530277533275,-0.01429285977344091,-0.015620086927255578,-0.01999092116716279,-0.02398910540059533
2024-05-02,0.014604580159808112,0.01320621374702346,0.01749010854135268,0.0175943898438489,0.022171758814968946,0.026606110577962746
2024-05-03,0.009023865374074447,0.010185778513518946,0.010795359382988666,0.011813613807166301,0.01483207060891779,0.017798484730701357
2024-05-06,0.012302469035745408,0.014147839391107218,0.014760021666423904,0.016232807327790966,0.020167448875477858,0.024200938650573423
2024-05-07,-0.0070032305275828,-0.008053715106720217,-0.008403876633099364,-0.009244264296409304,-0.011445548885532978,-0.013734658662639577
2024-05-08,0.0011142138324454329,0.00128134590731225,0.0013370565989345214,0.0012170565989345202,0.0014733238335942625,0.001767988600313114
2024-05-09,0.004324167233086069,0.004972792318048979,0.00518900067970328,0.0051890006797032815,0.006332057628831045,0.007598469154597259
2024-05-10,0.0023944131799167093,0.0027535751569042147,0.0028732958159000507,0.0028732958159000507,0.003536299813958921,0.004243559776750704
2024-05-13,0.002144312277926895,0.0024659591196159293,0.0025731747335122736,0.0025731747335122736,0.0031905758924460985,0.0038286910709353153
2024-05-14,0.0032368657466066066,0.0037223956085975975,0.00388423889592793,0.00388423889592793,0.004839867296372058,0.005807840755646466
2024-05-15,0.019796889084457765,0.02276642244712643,0.02375626690134933,0.02375626690134933,0.02965173001340895,0.035582076016090716
2024-05-16,-0.0010411640240035314,-0.001197338627604061,-0.0012493968288042362,-0.0012493968288042367,-0.0016101656814051764,-0.001932198817686212
2024-05-17,0.003556513079508671,0.004089990041434972,0.004267815695410403,0.004267815695410404,0.005254048010321187,0.006304857612385426
2024-05-20,0.004674012520712148,0.0053751143988189694,0.005608815024854579,0.005608815024854581,0.006949803389351993,0.00833976406722239
2024-05-21,-0.008570387936404501,-0.009855946126865174,-0.010284465523685398,-0.0102844655236854,-0.012803221328523908,-0.015363865594228695
2024-05-22,0.0015561117837629831,0.0017895285513274298,0.0018673341405155794,0.00186733414051558,0.0023245249504968437,0.002789429940596214
2024-05-23,-0.005890518035780803,-0.006774095741147922,-0.007068621642936964,-0.007068621642936965,-0.009050294275845494,-0.010860353131014593
2024-05-24,0.009274962860516054,0.010666207289593457,0.011129955432619259,0.011129955432619259,0.01472101988339497,0.01766522386007396
2024-05-28,-0.004259455326305426,-0.00489837362525124,-0.00511134639156651,-0.005111346391566512,-0.006778156808177707,-0.008133788169813248
2024-05-29,-0.008134790943106828,-0.009355009584572853,-0.009761749131728193,-0.009761749131728193,-0.012894636520511166,-0.015473563824613392
2024-05-30,-0.015005095794299794,-0.01725586016344475,-0.018006114953159742,-0.018006114953159746,-0.02386714835867866,-0.028640578030414376
2024-05-31,-0.004842574404598057,-0.005568960565287765,-0.0058110892855176705,-0.005811089285517672,-0.007664672663093257,-0.009197607195711907
2024-06-03,0.004012591726315839,0.004614480485263216,0.00481511007157901,0.004815110071579011,0.00625296873019173,0.007503562476230081
2024-06-04,-0.004689950554155353,-0.005393443137278658,-0.005627940664986424,-0.005627940664986426,-0.007497451944579056,-0.008996942333494866
2024-06-05,0.016767445145841456,0.019282561917717683,0.02012093417500975,0.02012093417500975,0.026828426356767403,0.03218429007144142
2024-06-06,-0.002853701316083817,-0.0032817565134963885,-0.0034244415793005805,-0.003424441579300581,-0.004625539905664806,-0.00547910652688093
2024-06-07,0.0031045325441830317,0.0035702124258104873,0.003725439053019638,0.003725439053019638,0.004862617272595809,0.005853866688198982
2024-06-10,0.010402707329530391,0.011963113428959955,0.012483248795436476,0.012483248795436476,0.016453514408426316,0.019744217290111568
2024-06-11,-0.0015423790489302665,-0.0017737359062698077,-0.00185085485871632,-0.0018508548587163208,-0.0024943621414059186,-0.0029829522005194085
2024-06-12,0.011033122368448786,0.012688090723716102,0.013239746842138541,0.013239746842138547,0.017521536108870465,0.021029887719372517
2024-06-13,-0.0020018065943503177,-0.0023020775835028632,-0.00240216791322038,-0.00240216791322038,-0.0032320207148915535,-0.003856242338951496
2024-06-14,0.0069173821491246845,0.007954989471493382,0.008300858578949617,0.008300858578949619,0.010987287546585386,0.013192134778798046
2024-06-17,0.012919003718541523,0.01485685427632275,0.015502804462249824,0.015502804462249824,0.020676801973593832,0.02479321587015226
2024-06-18,0.004506204215982238,0.005182134848379575,0.0054081484416616055,0.0037682885089642534,0.005224381307065804,0.0060292616143428025
2024-06-20,-0.007797061749162446,-0.008966621011536818,-0.009360270984528475,-0.007037451895001754,-0.009589353323918885,-0.011259923032002808
2024-06-21,0.010387415771537976,0.011945528137268676,0.012460553650153324,0.009368376945815526,0.012754717088092202,0.014989403113304843
2024-06-24,-0.009991202502981593,-0.01148988287842883,-0.012044229844641154,-0.009055366910221607,-0.012425916864535074,-0.014488587056354564
2024-06-25,0.003626883517815039,0.004170916045487294,0.004405259360342034,0.004116083093414128,0.005665347229205359,0.006585732949462606
2024-06-26,0.012354536711395914,0.014207717218105305,0.014828305264053028,0.014864738446519985,0.02038744468307393,0.02378358151443199
2024-06-27,0.009629090634279082,0.011073454229420942,0.01151256192048621,0.011540848313411244,0.015848594569762085,0.018465357301457992
2024-06-28,0.006004826040420575,0.0069055499464836636,0.007193334058978005,0.007211008098434956,0.009779289685053864,0.011537612957495932
2024-07-01,-0.00365994880107337,-0.0042089411212343775,-0.00433806409449512,-0.0043487227286339355,-0.005894974568235224,-0.00695795636581429
2024-07-02,0.005856222161417806,0.006734655485630476,0.0070282782380288325,0.007043903576515981,0.009518052363649535,0.01127024572242557
2024-07-03,0.0009198674973902642,0.0010578476219988049,0.0010800354000842895,0.0010825254339740286,0.00146351823483825,0.0017320406943584455
2024-07-05,0.0015656131998517593,0.0018004551798295224,0.0018938423975434367,0.0018984955729673767,0.0025822416467749633,0.003037592916747804
2024-07-08,0.004872802891841631,0.005603723325617878,0.005835528203846283,0.0058498661109810425,0.008030489325232017,0.009359785777569662
2024-07-09,-0.008539335126507381,-0.009820235395483492,-0.010252636854343723,-0.010277827608285595,-0.014743635479031661,-0.016444524173256952
2024-07-10,0.008045705973793161,0.009252561869862135,0.00964009838148532,0.009663784126894375,0.013805714905670136,0.015462054603031006
2024-07-11,-0.0027361991683422368,-0.003146629043593572,-0.0033649555059120755,-0.0028299174073933547,-0.004022157272051045,-0.004527867851829367
2024-07-12,0.008453968175072027,0.00972206340133283,0.010113839259447407,0.009838688987357604,0.013928141145154184,0.015741902379772167
2024-07-15,0.003865888678397544,0.004445771980157175,0.0046361252376064645,0.003176643094532091,0.004644334503972621,0.005082628951251345
2024-07-16,0.012901067559129767,0.014836227692999231,0.015481281070955717,0.011610960803216792,0.01677685423467272,0.018577537285146866
2024-07-17,-0.01834407054328786,-0.021095681124781038,-0.022012884651945435,-0.022312884651945444,-0.035170002679310516,-0.0357006154431127
2024-07-18,-0.013696709646583193,-0.015751216093570667,-0.01643605157589983,-0.012627038681924874,-0.02016863105227415,-0.020203261891079797
2024-07-19,-0.008449583237711635,-0.009717020723368384,-0.010139499885253962,-0.0076046249139404744,-0.011720316956839621,-0.012167399862304754
2024-07-22,0.005005713416246484,0.005756570428683455,0.006006856099495778,0.004505142074621833,0.006861164901652905,0.0072082273193949335
2024-07-23,-0.007052847091279044,-0.008110774154970905,-0.008463416509534857,-0.006347562382151139,-0.00962063725860553,-0.010156099811441832
2024-07-24,-0.025747638728023138,-0.029609784537226593,-0.030897166473627755,-0.031197166473627764,-0.04836439147671033,-0.04991546635780443
2024-07-25,-0.010040791165633379,-0.011546909840478384,-0.012048949398760056,-0.012048949398760054,-0.018746222625906642,-0.019278319038016096
2024-07-26,0.016562671915414273,0.019047072702726417,0.01987520629849713,0.01987520629849713,0.029177882707539866,0.03180033007759543
2024-07-29,-0.00046121540367075124,-0.0005303977142213633,-0.000553458484404901,-0.0007150938633036755,-0.0010620991967466387,-0.001144150181285881
2024-07-30,-0.010564349640808688,-0.012149002086929992,-0.012677219568970425,-0.009507914676727817,-0.013545113371197435,-0.015212663482764507
2024-07-31,0.019402303509409812,0.022312649035821294,0.02328276421129178,0.01746207315846883,0.025292383465540438,0.027939317053550114
2024-08-01,-0.02073243314172088,-0.023842298112979013,-0.024878919770065053,-0.01865918982754878,-0.02687435758228801,-0.029854703724078058
2024-08-02,-0.038240860118906705,-0.043976989136742695,-0.04588903214268806,-0.034416774107016046,-0.04975113935207936,-0.05506683857122565
2024-08-05,-0.027967020262766516,-0.03216207330218149,-0.033560424315319824,-0.02517031823648987,-0.03611512853538626,-0.04027250917838379
2024-08-06,0.012302056695656066,0.014147365200004477,0.014762468034787285,0.011071851026090462,0.014847835806394044,0.017714961641744745
2024-08-07,-0.016519021610973385,-0.015427499882095512,-0.01408004755791117,-0.009787232814958713,-0.0128403164142729,-0.015392469945087051
2024-08-08,0.038179633012451496,0.035125262371455364,0.02732944268070207,0.01885731544968442,0.02486006819360713,0.02983208183232854
2024-08-09,0.0039042614495556614,0.00359192053359121,0.0020412944929750045,0.001408493200152753,0.001855768563025352,0.002226922275630421
2024-08-12,0.0041075541190776586,0.003778949789551446,0.003794037458090077,0.0026178858460821535,0.0033825816498531066,0.00405909797982373
2024-08-13,0.024947165210256295,0.02295139199343579,0.025409261259638955,0.017532390269150874,0.02268987834237316,0.027227854010847766
2024-08-14,0.004244222299210252,0.003904684515273431,0.004916965079999525,0.0033927059051996732,0.0043912173235509085,0.00526946078826109
2024-08-15,0.03015779084464719,0.027745167577075406,0.03611588502355099,0.024919960666250168,0.03174007649959606,0.038088091799515285
2024-08-16,0.0037400031650788217,0.003440802911872512,0.004413984190251445,0.0030456490912734962,0.003881565297230813,0.004657878356676976
2024-08-19,0.00888764664613928,0.008176634914448134,0.010665175975367135,0.007358971423003323,0.009348626899708962,0.011218352279650757
2024-08-20,0.008057854037164499,0.0074132257141913335,0.009669424844597397,0.0066719031427722,0.008476870110061777,0.010172244132074133
2024-08-21,0.010101189305352882,0.009293094160924657,0.012121427166423462,0.008363784744832188,0.010606825082071248,0.0127281900984855
2024-08-22,-0.013568256908745116,-0.012482796356045513,-0.01628190829049414,-0.011234516720440959,-0.0142417060882668,-0.017090047305920158
2024-08-23,0.012448467625351662,0.011452590215323532,0.014938161150421996,0.010307331193791179,0.013105887917127423,0.0157270655005529
2024-08-26,-0.0042811236543464064,-0.003938633761998691,-0.005137348385215685,-0.0035447703857988226,-0.004482647462427496,-0.005379176954912996
2024-08-27,0.0045866840913072375,0.004219749364002658,0.005504020909568685,0.0037977744276023917,0.004785824971853261,0.005742989966223911
2024-08-28,-0.007991380055178599,-0.007352069650764312,-0.009589656066214324,-0.006616862685687882,-0.008383179833020655,-0.01005981579962479
2024-08-29,0.0064344881714604035,0.005919729117743569,0.0077213858057524854,0.005327756205969213,0.006753897005118737,0.00810467640614249
2024-08-30,0.00931734098068142,0.00857195370222691,0.011180809176817704,0.007714758332004219,0.009814411683883608,0.011777294020660325
2024-09-03,-0.03320751867013359,-0.030550917176522904,-0.039849022404160314,-0.027495825458870606,-0.03564128503794257,-0.04276954204553111
2024-09-04,0.0015677429023684107,0.0014423234701789382,0.001881291482842092,0.0012980911231610433,0.0016822651471334802,0.0020187181765601767
2024-09-05,-0.00887282832235363,-0.008163002056565335,-0.010647393986824356,-0.007346701850908805,-0.009172535497203966,-0.011007042596644761
2024-09-06,-0.022871322249077466,-0.02104161646915128,-0.02744558669889297,-0.018937454822236143,-0.023583500692605446,-0.028300200831126544
2024-09-09,0.011184522478042408,0.010289760679799021,0.013421426973650894,0.009260784611819116,0.011695473186874751,0.014034567824249698
2024-09-10,0.00301244545678244,0.0027714498202398435,0.0014882893371030602,0.0010269196426011113,0.0012555311425222013,0.001506637371026641
2024-09-11,0.01468223028793855,0.01350765186490346,0.017306911639643905,0.011941769031354289,0.014774460021533733,0.017729352025840476
2024-09-12,0.006158062240042518,0.005665417260839115,0.0073896746880510195,0.005098875534755206,0.006347174311084174,0.007616609173301008
2024-09-13,0.0027715194134640925,0.002549797860386963,0.0033258232961569044,0.0022948180743482672,0.002835241880339851,0.0034022902564078213
2024-09-16,-0.0005064148349732974,-0.0004659016481754346,-0.0006076978019679568,-0.00041931148335789116,-0.0005302712175197845,-0.0006363254610237429
2024-09-17,0.0011185420041925635,0.0010290586438571584,0.0013422504050310763,0.0009261527794714422,0.0011551160069900525,0.0013861392083880635
2024-09-18,-0.004556114328159608,-0.0041916251819068395,-0.005467337193791531,-0.003772462663716155,-0.004724013845054118,-0.005668816614064944
2024-09-19,0.02132828468451006,0.019622021909749255,0.025593941621412063,0.017659819718774325,0.02235316017472451,0.026823792209669396
2024-09-20,0.008073219904608877,0.007427362312240166,0.009687863885530654,0.006684626081016151,0.008465419641783328,0.010158503570139995
2024-09-23,0.005791855521969665,0.0053285070802120945,0.006950226626363598,0.004795656372190882,0.005981248572892053,0.007177498287470463
2024-09-24,0.0009954510391801635,0.0009158149560457504,0.001194541247016196,0.0008242334604411759,0.00103032077863461,0.0012363849343615316
2024-09-25,0.0006803123993240544,0.0006258874073781281,0.0008163748791888641,0.0005632986666403167,0.0007044041462501147,0.0008452849755001368
2024-09-26,0.017805756360062857,0.016381295851257832,0.02136690763207544,0.014743166266132047,0.01854764210446034,0.022257170525352393
2024-09-27,-0.003085585360618504,-0.002838738531769024,-0.003702702432742205,-0.0025548646785921213,-0.003260816789983149,-0.003912980147979778
2024-09-30,-0.003914604766697818,-0.0036014363853619944,-0.00469752572003738,-0.003241292746825793,-0.004109284441710951,-0.004931141330053138
2024-10-01,-0.015892811121057428,-0.014621386231372838,-0.019071373345268917,-0.01315924760823555,-0.016697769067795666,-0.020037322881354798
2024-10-02,-0.0005670625885096419,-0.0005216975814288713,-0.0006804751062115695,-0.0004695278232859848,-0.0005965442668613911,-0.000715853120233671
2024-10-03,-0.004229097166311442,-0.0038907693930065254,-0.005074916599573731,-0.003501692453705873,-0.004423863971142065,-0.005308636765370479
2024-10-04,0.01048808252302049,0.009649035921178847,0.012585699027624592,0.008684132329060965,0.010954836075488012,0.013145803290585605
2024-10-07,-0.010384579014278278,-0.00955381269313602,-0.01246149481713393,-0.008598431423822411,-0.01084341853317462,-0.013012102239809538
2024-10-08,0.015564783196765419,0.01431960054102419,0.018677739836118513,0.016907520649229034,0.021276979522343004,0.025532375426811596
2024-10-09,0.013193881563866574,0.012138371038757251,0.015832657876639896,0.014566045246508697,0.01835564321236967,0.0220267718548436
2024-10-10,0.004015213421645987,0.00369399634791431,0.004818256105975184,0.004432795617497169,0.005517890490127402,0.006621468588152884
2024-10-11,0.007079260839964128,0.006512919972766999,0.008495113007956955,0.007815503967320397,0.009641396074638741,0.011569675289566483
2024-10-14,0.007210763938448076,0.0066339028233722295,0.00865291672613769,0.007960683388046674,0.009866276690313093,0.011839532028375715
2024-10-15,-0.024107727551428093,-0.02217910934731384,-0.028929273061713695,-0.0266149312167766,-0.03292535391986976,-0.03951042470384372
2024-10-16,0.0011153092226442193,0.0010260844848326818,0.0013383710671730615,0.001231301381799218,0.001523640045921395,0.0018283680551056734
2024-10-17,0.0005802895977516838,0.0005338664299315488,0.0006963475173020202,0.0006406397159178579,0.0007726277653963167,0.0009271533184755794
2024-10-18,0.0031711528443209426,0.0029174606167752656,0.0038053834131851305,0.0023497145550977405,0.002920756633566204,0.0035049079602794456
2024-10-21,-0.003325267962768619,-0.0030592465257471293,-0.003990321555322343,-0.003947095830896557,-0.0049067084014792145,-0.005888050081775057
2024-10-22,-0.005035878011520997,-0.0046330077705993185,-0.006043053613825196,-0.00555960932471918,-0.0069120137719493316,-0.008294416526339193
2024-10-23,-0.009965276998493798,-0.009168054838614298,-0.011958332398192564,-0.011001665806337154,-0.013696416669394258,-0.01643570000327311
2024-10-24,0.0018916890204249465,0.0017403538987909516,0.002270026824509937,0.002088424678549141,0.0026647089975083017,0.0031976507970099626
2024-10-25,-0.00013215887181723476,-0.00012158616207185459,-0.00015859064618068148,-0.00014590339448622614,-0.00019364620193261468,-0.0002323754423191386
2024-10-28,-0.0021614778269936695,-0.0019885596008341762,-0.002593773392392404,-0.002386271521001011,-0.003229281317115714,-0.0038452318724679453
2024-10-29,0.010748737583147488,0.00988883857649569,0.012898485099776986,0.012942866920974308,0.017350656691370397,0.020708587073558903
2024-10-30,-0.009340382053164006,-0.00859315148891089,-0.011208458463796808,-0.01134295996536237,-0.015282894120091725,-0.018148735944579792
2024-10-31,-0.0147189650301732,-0.013541447827759342,-0.017662758036207836,-0.017874711132642336,-0.024296985874718197,-0.028599537812227734
2024-11-01,0.009306113911670468,0.008561624798736827,0.011167336694004557,0.011301344734332613,0.015554445986137233,0.018082151574932176
2024-11-04,-0.003360281258442932,-0.003091458757767497,-0.004032337510131518,-0.004080725560253094,-0.006061523794041675,-0.006529160896404953
2024-11-05,0.014995918143784008,0.01701530586535161,0.01799510177254082,0.019689011949794902,0.029961762074989,0.03150241911967185
2024-11-06,0.022481120551329305,0.0258532886340287,0.02697734466159518,0.029675079127754696,0.04547848346500652,0.047480126604407535
2024-11-07,0.007615770375247602,0.00875813593153474,0.009138924450297119,0.010052816895326836,0.015151893434065767,0.01608450703252294
2024-11-08,-0.003740851993968096,-0.0043019797930633095,-0.004489022392761718,-0.004937924632037888,-0.007271271814563354,-0.007900679411260629
2024-11-11,0.0050825404165537914,0.004445937183229487,0.006099048499864547,0.006066637081862925,0.008803070277228221,0.009706619330980677
2024-11-12,-0.0028982871825902934,-0.002666424207983068,-0.003477944619108351,-0.0035196799545376503,-0.005100957509631313,-0.005631487927260238
2024-11-13,-0.0014399324219977806,-0.0018859222852974484,-0.0017279189063973371,-0.002006310797037071,-0.0029779555077209976,-0.0032100972752593126
2024-11-14,-0.009803290950099242,-0.011273784592614126,-0.011763949140119087,-0.012940344054130998,-0.018997660561581364,-0.0207045504866096
2024-11-15,-0.019538288036545295,-0.02246903124202708,-0.023445945643854355,-0.025790540208239794,-0.03943870893232777,-0.04126486433318366
2024-11-18,0.008997829295064012,0.010347503689323618,0.010705625065303807,0.012270509351167719,0.018479425739959088,0.019632814961868358
2024-11-19,-0.003224763214112965,-0.0037084776962299074,-0.0024665409632384774,-0.002909027410552224,-0.004203309143413535,-0.004654443856883557
2024-11-20,-0.002959575263251736,-0.0034035115527394954,-0.0030529424337357486,-0.0035348687823850504,-0.005053478902624415,-0.005655790051816082
2024-11-21,0.01679771085790713,0.019317367486593195,0.01975278587176538,0.022730898203200785,0.032520046716142316,0.036369437125121244
2024-11-22,0.01288945616037413,0.01482287458443024,0.014562510560180215,0.0167580890754074,0.024160151260992888,0.026812942520651844
2024-11-25,0.009165379827083984,0.010540186801146581,0.011230551574339689,0.012923773196317054,0.018116816685689884,0.0206780371141073
2024-11-26,-0.0026009211303274077,-0.002991059299876521,-0.0030717962259508946,-0.00353492858001734,-0.004923436345973523,-0.005655885728027745
2024-11-27,-0.012645848126015357,-0.014542725344917663,-0.015539801937680202,-0.017882725922130457,-0.024584247689390135,-0.028612361475408733
2024-11-29,0.007654727235330913,0.008802936320630547,0.009004845462250478,0.01036249908578978,0.014267016162231494,0.01657999853726366
2024-12-02,0.007899577898407976,0.009084514583169173,0.009445803638517375,0.010338501649427932,0.013914492541057552,0.016541602639084687
2024-12-03,-0.008016675299013265,-0.009219176593865251,-0.00962001035881592,-0.010582011394697513,-0.014236118392463616,-0.01693121823151602
2024-12-04,0.007209534010894341,0.008290964112528488,0.008651440813073213,0.009516584894380536,0.013322726173158016,0.015226535831008853
2024-12-05,-0.018063395998677876,-0.02077290539847956,-0.021093796945565072,-0.024323287055186025,-0.03393486072313622,-0.03891725928829764
2024-12-06,0.008653130058659373,0.009951099567458273,0.010479132818042377,0.012059063612147234,0.01684393684161751,0.019294501779435577
2024-12-09,-0.007006487846917447,-0.008057461023955064,-0.008374596185278764,-0.009637227610136185,-0.013282407160740571,-0.015419564176217896
2024-12-10,-0.009606130291370394,-0.011047049835075953,-0.011299606385313188,-0.013003239348021953,-0.01783290889598043,-0.02080518295683513
2024-12-11,0.01273166327426352,0.014641412765403048,0.01569174608093496,0.018057578566983624,0.024558180392473178,0.02889212570717379
2024-12-12,-0.008509744487100677,-0.009786206160165786,-0.009989954365423047,-0.011717308979857712,-0.015852950376569398,-0.018747694367772336
2024-12-13,-0.004229714927173101,-0.004864172166249065,-0.004951797644907903,-0.005797478564438267,-0.0077523343167595765,-0.009270561069021646
2024-12-16,0.003671114245407878,0.0042217813822190585,0.005439245607905,0.006368174162159387,0.008389459299973291,0.01006735115996795
2024-12-17,-0.00781557217723303,-0.008987908003817985,-0.009347866267691081,-0.010944319254625462,-0.014414820917240315,-0.017297785100688377
2024-12-18,-0.0366048054826702,-0.04209552630507073,-0.04237576802555092,-0.049612812234436345,-0.06522093213454816,-0.07826511856145775
2024-12-19,0.0026916414013843522,0.0030953876115920086,0.0034181469794632526,0.004001907037521156,0.005214355155311789,0.006257226186374148
2024-12-20,0.0062145605868944515,0.007146744674928619,0.006572468864763243,0.007694932243058469,0.008832773225949697,0.010599327871139645
2024-12-23,0.006703568456596676,0.007709103725086175,0.007848290401892506,0.009209261791951995,0.010796355625078288,0.012955626750093943
2024-12-24,0.007303112124534996,0.008398578943215242,0.008519599107627212,0.009971176278056295,0.011669707049536867,0.01400364845944424
2024-12-26,0.0001559568210848265,0.0001793503442475507,0.00021554840360278076,0.00025236032227024703,0.00028839364262067744,0.00034607237114481324
2024-12-27,-0.009416660448828988,-0.01082915951615334,-0.011049502862154165,-0.012936565785742937,-0.01502710460061482,-0.018032525520737783
2024-12-30,-0.014361916150209736,-0.016516203572741195,-0.016197019720379423,-0.018963189001320754,-0.022245913203093035,-0.026695095843711648
2024-12-31,-0.0009877925896138464,-0.0011108903945659513,-0.0014812073860191622,-0.0016601985839438053,-0.0019424735901515566,-0.0023309683081818673
2025-01-02,-0.004244651786888552,-0.0039050796439374664,-0.004792295987902519,-0.004849803539757351,-0.00558354106229256,-0.006700249274751072
2025-01-03,0.011040274213363404,0.01015705227629433,0.012800591248103217,0.012954198343080458,0.014959142449571725,0.01795097093948607
2025-01-06,0.0047053435960977205,0.004328916108409903,0.006336478109539955,0.0064125158468544404,0.007400859912504482,0.008881031895005376
2025-01-07,-0.0096719603796798,-0.00889820354930542,-0.011831309590651458,-0.011973285305739281,-0.013732123467287189,-0.016478548160744625
2025-01-08,-0.0012968910103412583,-0.0011931397295139583,-0.0032890376878010295,-0.0033285061400546425,-0.003822564898093057,-0.004587077877711671
2025-01-10,-0.015699149160522046,-0.014443217227680289,-0.01797470517893579,-0.018190401641083015,-0.020823057146314695,-0.024987668575577625
2025-01-13,-0.00019708375429285154,-0.00018131705394942307,0.0005342216705591766,0.000540632330605886,0.0006332639876509426,0.0007599167851811322
2025-01-14,0.01073834241493629,0.009879275021741383,0.006764615383044036,0.0068457907676405675,0.00790996569459902,0.00949195883351883
2025-01-15,0.011799745225216126,0.010855765607198833,0.008482435822404377,0.008584225052273228,0.009932812122221822,0.011919374546666181
2025-01-16,0.011024291671767715,0.010142348338026293,0.00791806683036734,0.008013083632331747,0.009278988103738797,0.01113478572448656
2025-01-17,0.008978567086980712,0.008260281720022255,0.00642826461359396,0.006505403788957087,0.007529320731059078,0.0090351848772709
2025-01-21,0.018110577474323524,0.01666173127637764,0.02103102607796172,0.021283398390897258,0.02526087968927777,0.03031305562713334
2025-01-22,0.012503773636384437,0.011503471745473682,0.015555343850635322,0.01574200797684295,0.018658306885123876,0.022389968262148653
2025-01-23,0.00595722649174657,0.005480648372406841,0.0059677586871925955,0.006039371791438908,0.00698296001549103,0.008379552018589236
2025-01-24,-0.008441121035309326,-0.007765831352484578,-0.01091023329892935,-0.011041156098516499,-0.012696013250035788,-0.015235215900042943
2025-01-27,-0.01558524509678398,-0.014338425489041262,-0.019845759534234033,-0.020083908648644833,-0.023050727341630987,-0.027660872809957195
2025-01-28,0.007241887544200997,0.00666253654066492,0.00900066901370757,0.009108677041872062,0.010407500286913203,0.01248900034429585
2025-01-29,-1.2748075857429205e-05,-1.1728229788834879e-05,0.00023204227793109287,0.00010975340550052661,0.00010861082811247684,0.0001303329937349724
2025-01-30,0.018327768021891306,0.016861546580139997,0.0212490845011666,0.02158131142367733,0.024304503125224846,0.029165403750269814
2025-01-31,-0.003985276928250483,-0.003666454773990443,-0.004149982622056394,-0.0039222657116382885,-0.00441649984993957,-0.005299799819927484
2025-02-03,-0.009327071640670299,-0.008580905909416675,-0.01118076493731664,-0.010286303742331308,-0.011358443375226289,-0.013630132050271547
2025-02-04,0.009790507572789351,0.009007266966966203,0.011614999411387583,0.010685799458476579,0.01187655890987509,0.014251870691850101
2025-02-05,0.014997925322113059,0.01379809129634401,0.01760689779331202,0.016198345969847053,0.018029061547081806,0.02163487385649817
2025-02-06,-0.004422722474114744,-0.004068904676185567,-0.004540237797374792,-0.0041770187735848075,-0.004703525973847173,-0.005644231168616609
2025-02-07,-0.00972996149927424,-0.008951564579332305,-0.010871413659370322,-0.0100017005666207,-0.011183394645174762,-0.013420073574209717
2025-02-10,0.01696796590551279,0.015610528633071772,0.020293289318749554,0.018669826173249585,0.02086472983629872,0.025037675803558465
2025-02-11,0.0013520511130648118,0.001243887024019628,0.0017433183028855539,0.00160385283865471,0.0017986139551517688,0.0021583367461821224
2025-02-12,0.006358051844192089,0.007081759620820898,0.00728480174311408,0.007616522520551326,0.008775971635175886,0.010531165962211058
2025-02-13,0.009557222142489838,0.010990805463863315,0.010580496581172072,0.011261328535090974,0.013058755346315943,0.015670506415579127
2025-02-14,0.0030238644861008456,0.0034774441590159724,0.003344154874771579,0.0035593439710612314,0.004121389175669606,0.004945667010803529
2025-02-18,0.012287612936467386,0.014130754876937492,0.01828723629467287,0.01946398019537356,0.022456750322081217,0.026948100386497472
2025-02-19,0.006391409003586591,0.007350120354124573,0.0071046953671703335,0.007561867069057819,0.0087277452910634,0.01047329434927608
2025-02-20,-0.005781073572647828,-0.006648234608545001,-0.007530202060481183,-0.007897419453644574,-0.008998601428899541,-0.010798321714679442
2025-02-21,-0.028861467217468077,-0.0331906873000883,-0.03542021113484374,-0.03771873758196396,-0.043152809954457534,-0.051783371945349065
2025-02-24,-0.0062884895082486025,-0.00723176293448589,-0.00764449623485595,-0.008136402949098856,-0.009611742317794499,-0.011534090781353395
2025-02-25,-0.008487138829383636,-0.009760209653791185,-0.010746459018621382,-0.011437970294602239,-0.01278127239334524,-0.015337526872014293
2025-02-26,0.007364946466779706,0.00846968843679666,0.00892884615727489,0.009503397996960405,0.010524120535900006,0.012628944643080005
2025-02-27,-0.023930851242306372,-0.02752047892865233,-0.02866162453058156,-0.030505937761245085,-0.033634208794696197,-0.04036105055363544
2025-02-28,0.007033989635740784,0.008089088081101899,0.007481801548094394,0.00567242940969622,0.006382485166324753,0.0076589821995897015
2025-03-03,-0.016800404974908062,-0.01932046572114425,-0.012950411817044108,-0.014744472750002695,-0.016132816824456407,-0.019359380189347686
2025-03-04,-0.001837073633825728,-0.0019201077431196683,-0.003214152610822609,-0.003130910924832616,-0.0034387794338742077,-0.004126535320649048
2025-03-05,0.011228178179380021,0.010329923925029622,0.008416570990283558,0.0077432453110608725,0.008460742968124128,0.01015289156174896
2025-03-06,-0.02877897965756785,-0.02647666128496241,-0.021376890553112777,-0.019666739308863753,-0.02172865918468367,-0.026074391021620406
2025-03-07,0.012078129265604804,0.01111187892435642,0.008404355307122845,0.007732006882553019,0.008555150249533284,0.010266180299439936
2025-03-10,-0.04316073625410164,-0.039707877353773506,-0.03247836315983492,-0.02988009410704814,-0.03279043459271312,-0.03934852151125577
2025-03-11,-0.0031430630717747612,-0.0028916180260327804,-0.003591119279752908,-0.003303829737372674,-0.00362679267920537,-0.004352151215046445
2025-03-12,0.008838536749912024,0.003802497639957771,0.006446655002114915,0.0027587865578779045,0.002928035842762306,0.003513643011314765
2025-03-13,-0.026734153556501068,-0.012832393707120518,-0.017856528398062368,-0.00857113363106994,-0.009348213223147855,-0.011217855867777427
2025-03-14,0.02528101036103594,0.012134884973297245,0.0168907042160084,0.008107538023684033,0.008890976021583492,0.010669171225900187
2025-03-17,0.01717697888839022,0.008244949866427305,0.011458254836703801,0.005499962321617825,0.006036572186868201,0.00724388662424184
2025-03-18,-0.013277891200919236,-0.006373387776441236,-0.008862379840066145,-0.004253942323231748,-0.0046792765949724546,-0.005615131913966944
2025-03-19,0.01067689452092132,0.005124909370042232,0.007868602605646688,0.003776929250710409,0.004203540939855464,0.005044249127826554
2025-03-20,-0.018090625471155922,-0.008683500226154845,-0.011701872112035834,-0.005616898613777201,-0.006285350966265215,-0.007542421159518263
2025-03-21,-0.007991245144830614,-0.003835797669518693,-0.005193594154202801,-0.0024929251940173443,-0.002788818201433673,-0.003346581841720408
2025-03-24,0.01804603387438114,0.00866209625970295,0.01291796731296753,0.006200624310224417,0.006945951776395637,0.008335142131674765
2025-03-25,-0.00014426882954561823,-6.924903818189654e-05,-0.00016910317128379862,-8.116952221622328e-05,-9.272610372667618e-05,-0.00011127132447201054
2025-03-26,-0.016301829864327252,-0.015437683475181069,-0.012133974328200452,-0.011466295597630682,-0.014403682456389339,-0.017284418947667215
2025-03-27,-0.014484696399634695,-0.01332592068766392,-0.009653539571918609,-0.008881256406165121,-0.011134477963509434,-0.013361373556211328
2025-03-28,-0.024626227505387677,-0.01226058920258609,-0.01959740432236277,-0.007482202810952558,-0.009354865804357395,-0.011225838965228878
2025-03-31,0.0012007993364762143,0.0005763836815085828,0.001022481094261325,0.0003680931939340769,0.00046035623475228216,0.000552427481702739
2025-04-01,0.005570414450588336,0.0026737989362824,0.0035807394856828103,0.001289066214845812,0.0016213047512090592,0.0019455657014508694
2025-04-02,0.014329232196725163,0.006878031454428078,0.00974656126622159,0.003508762055839773,0.004409754300446123,0.005291705160535347
2025-04-03,-0.08816538033975808,-0.04231938256308389,-0.05927518807875469,-0.021339067708351693,-0.027012536938235885,-0.032415044325883074
2025-04-04,-0.0604709828735401,-0.029026071779299254,-0.040206962982743344,-0.014474506673787593,-0.01863459504423923,-0.022361514053087072
2025-04-07,0.010657208648453171,0.00511546015125752,0.006961927294193359,0.0025062938259096095,0.003147575242730539,0.0037770902912766463
2025-04-08,-0.019772790759858702,-0.009490939564732178,-0.012858028279622446,-0.00462889018066408,-0.00577841104680359,-0.006934093256164308
2025-04-09,0.13234946134027675,0.06352774144333284,0.08602714987117989,0.03096977395362476,0.03900535111764856,0.04680642134117826
2025-04-10,-0.05716934547062492,-0.027441285825899966,-0.03716007455590621,-0.013377626840126233,-0.01689145498038362,-0.02026974597646035
2025-04-11,0.01112587013488908,0.00534041766474676,0.00744720385472342,0.0026809933877004295,0.0032248738579101145,0.00386984862949214
2025-04-14,0.008219082892983945,0.003945159788632293,0.005335261023296706,0.0019206939683868145,0.0023005753786185692,0.0027606904543422835
2025-04-15,0.0005777996666583262,0.00027734383999599625,0.00037556978332791243,0.00013520512199804817,0.00016041008938968426,0.000192492107267621
2025-04-16,-0.021377101668168367,-0.010261008800720822,-0.01422471227727127,-0.005120896419817658,-0.00622501619699548,-0.00747001943639458
2025-04-17,0.004406120296245689,0.0021149377421979297,0.002935353761697958,0.0010567273542112648,0.0012871420642380231,0.0015445704770856276
2025-04-21,-0.0172491956267943,-0.00827961390086126,-0.011217691443130581,-0.004038368919527007,-0.004938234192212437,-0.005925881030654922
2025-04-22,0.02180663446962417,0.0104671845454196,0.014174312405255714,0.005102752465892054,0.006260364450634493,0.007512437340761388
2025-04-23,0.02656142335977627,0.012749483212692612,0.017264925183854567,0.006215373066187646,0.007643353157705536,0.00917202378924664
2025-04-24,0.0418371142308,0.020081814830784,0.027194124250020005,0.0097898847300072,0.01231844671311199,0.01478213605573439
2025-04-25,0.007411023272542706,0.0035572911708205,0.0048932535630450075,0.0017615712826962024,0.002241550498154781,0.002689860597785738
2025-04-28,0.0018844324609942993,0.0009045275812772638,0.001229234192911927,0.0004425243094482938,0.0005608379833084143,0.0006730055799700969
2025-04-29,0.005121278802730373,0.002458213825310579,0.003392122479583446,0.0012211640926500405,0.001556352310145046,0.001867622772174055
2025-04-30,-0.0011313740192128669,-0.0005430595292221763,-0.0007921909932466558,-0.0002851887575687962,-0.00037687322769102007,-0.0004522478732292244
2025-05-01,0.005379626799648267,0.0025822208638311703,0.003409042589977616,0.001227255332391942,0.0016031324095079462,0.0019237588914095354
2025-05-02,0.023923488619296225,0.011483274537262191,0.01567593456573004,0.00564333644366282,0.0073795903016026,0.008855508361923118
2025-05-05,-0.0051532629469622625,-0.002473566214541885,-0.003453524052705813,-0.0012432686589740928,-0.0016832535653889102,-0.0019965107973133065
2025-05-06,-0.006417043001648257,-0.0030801806407911633,-0.004298809599811053,-0.0015475714559319796,-0.002078387244974442,-0.002476114329491167
2025-05-07,0.008664178576624826,0.0041588057167799165,0.005950629179451177,0.002142226504602423,0.0028904181523910625,0.003427562407363878
2025-05-08,0.010196728083648831,0.004894429480151436,0.007413588102758315,0.0026688917169929937,0.003630404708460903,0.004270226747188788
2025-05-09,0.006880694211075729,0.0033027332213163493,0.004550605229312981,0.0016382178825526715,0.0022647405240175207,0.002621148612084275
2025-05-12,0.05587319869680576,0.026819135374466757,0.03772214185483796,0.018024399518893647,0.02497187622518531,0.02883903923022984
2025-05-13,0.014054275194668632,0.006746052093440944,0.010018107528384328,0.004808691613624476,0.006688843588896496,0.007693906581799164
2025-05-14,-0.004222818136271012,-0.00369825450901681,-0.0031895187084403365,-0.0027708911572284587,-0.0038622630232962385,-0.004433425851565533
2025-05-15,0.005828909241719978,0.004663127393375984,0.004321164023221398,0.003456931218577119,0.0048076805552415515,0.005531089949723391
2025-05-16,0.005961752159724689,0.004769401727779752,0.004577910203405656,0.0036623281627245255,0.005115692635210649,0.005859725060359241
2025-05-19,-0.0005017932546626904,-0.00040143460373015256,-0.00041495557851512616,-0.0003319644628121011,-0.0004719939405611371,-0.000531143140499362
2025-05-20,0.000346000503830502,0.0001983204635240619,0.0006317479995532941,0.0004989795881604586,0.0007035613511245497,0.0007983673410567342
2025-05-21,-0.023828126477637806,-0.021921876359426783,-0.024548023868576685,-0.022584181959090545,-0.03280431510030702,-0.036134691134544865
2025-05-22,0.00030188783615272364,0.0002777368092605058,0.001342972067442801,0.0012355343020473775,0.0018080217299260338,0.0019768548832758033
2025-05-23,-0.00877007025701776,-0.008068464636456336,-0.009884044638539096,-0.009093321067455959,-0.012927215266176163,-0.014549313707929537
2025-05-27,0.0255674185455137,0.020333934836410966,0.0268880565344083,0.021384330941812354,0.03349152829961149,0.03421492950689976
2025-05-28,-0.004710177165565583,-0.0037681417324524676,-0.0034832334037570418,-0.002786586723005634,-0.00434360371215265,-0.004458538756809014
2025-05-29,-0.0001324186834153544,-0.00024182518874212594,-0.0014536123329672082,-0.0016163261571532906,-0.0024157939967370183,-0.002586121851445265
2025-05-30,-0.0001089972689689695,-0.00020719781517517546,-0.0011997713018500023,-0.0012046444599137169,-0.0018206737769630305,-0.0019274311358619474
2025-06-02,0.007693241301785456,0.006154593041428367,0.004862161153008585,0.0038295453726233182,0.006178270512573552,0.006127272596197309
2025-06-03,0.02077753761502163,0.0166220300920173,0.013975539419695654,0.011180431535756525,0.017888690457210435,0.017888690457210435
2025-06-04,0.001988190173945888,0.0015905521391567099,0.0013718027424965806,0.0011523673657779425,0.0018437877852447093,0.0018437877852447093
2025-06-05,-0.0051217016550892626,-0.00483196552268212,-0.006565964638273513,-0.006735207642504224,-0.01077633222800675,-0.01077633222800675
2025-06-06,0.0079240930003828,0.00621927440030624,0.007967148452082616,0.006150916856904191,0.009841466971046705,0.009841466971046705
2025-06-09,0.002394572091514447,0.0019156576732115575,0.003301474400348403,0.002641179520278722,0.004225887232445955,0.004225887232445955
2025-06-10,0.010307298102193574,0.008245838481754858,0.010044484826513772,0.008035587861211014,0.012856940577937626,0.012856940577937626
2025-06-11,0.0010127897522043752,0.0008102318017635001,0.0005212096815546978,0.0005022558617594764,0.0008036093788151621,0.0008036093788151621
2025-06-12,0.0024468993072084715,0.0021311473626317947,0.00283702339639489,0.0025826520008737745,0.00413224320139804,0.00413224320139804
2025-06-13,-0.023019078886374063,-0.018535263109099243,-0.0246884330376086,-0.019876860715801165,-0.031802977145281866,-0.031802977145281866
2025-06-16,0.019739120137481858,0.018039990526483307,0.0219935073495682,0.020107912475888463,0.032172659961421525,0.032172659961421525
2025-06-17,-0.009494492108522986,-0.007715593686818391,-0.008229160900252216,-0.006709443005916054,-0.010735108809465684,-0.010735108809465684
2025-06-18,-0.004631202785084667,-0.003704962228067733,-0.005027620220024159,-0.004022096176019328,-0.006435353881630927,-0.006435353881630927
2025-06-20,-0.006632314364017845,-0.005305851491214276,-0.008482276771432618,-0.006785821417146094,-0.010857314267433756,-0.010857314267433756
2025-06-23,0.0108275408086375,0.008662032646910005,0.012127958232536337,0.009702366586029064,0.015523786537646514,0.015523786537646514
2025-06-24,0.016260299207948574,0.013008239366358856,0.010822866028443264,0.008658292822754612,0.013853268516407375,0.013853268516407375
2025-06-25,0.0019506971642652023,0.0016746413911239853,0.002726340386328362,0.0024271578307467666,0.0038834525291948255,0.0038834525291948255
2025-06-26,0.009059832943869304,0.00833504630835976,0.008909154217148222,0.008196421879776362,0.013114275007642178,0.013114275007642178
2025-06-27,0.0121743993379624,0.011200447390925409,0.006511740045872853,0.005990800842203025,0.009585281347524843,0.009585281347524843
2025-06-30,0.005130918997370243,0.004720445477580625,0.006240759679802033,0.005741498905417871,0.009186398248668591,0.009186398248668591
2025-07-01,0.00216757884109139,0.001994172533804077,-0.0007431823189005806,-0.0006837277333885343,-0.0010939643734216532,-0.0010939643734216532
2025-07-02,0.0070297825688719635,0.006467399963362206,0.00621369088462926,0.0057165956138589165,0.009146552982174273,0.009146552982174273
2025-07-03,0.00948903535608335,0.008729912527596681,0.011126265861133468,0.010236164592242792,0.01637786334758847,0.01637786334758847
2025-07-07,-0.008760118950625607,-0.00805930943457556,-0.009956392053237735,-0.00915988068897872,-0.01465580910236595,-0.01465580910236595
2025-07-08,0.002137455214949286,0.001966458797753343,0.003656131468725272,0.003621462535527464,0.005794340056843946,0.005794340056843946
2025-07-09,0.0015332206707403698,0.0014105630170811393,0.0017028178321798796,0.0017232516461660392,0.002757202633865662,0.002757202633865662
2025-07-10,-0.009597169390232248,-0.00882939583901367,-0.012581680665286338,-0.012732660833269769,-0.02037225733323163,-0.02037225733323163
2025-07-11,-0.011717309942080424,-0.010779925146713994,-0.012835645294906831,-0.012989673038445712,-0.02078347686151315,-0.02078347686151315
2025-07-14,0.002396410749844114,0.0022046978898565854,0.0034685516590414033,0.0035101742789498984,0.005616278846319836,0.005616278846319836
2025-07-15,-0.0008000371210058606,-0.0007360341513253917,-0.0007215223753163141,-0.0007301806438201098,-0.0011682890301121765,-0.0011682890301121765
2025-07-16,0.0018572265988593374,0.0019058105886882364,0.001886904872541123,0.002015435699078314,0.0032246971185253014,0.0032246971185253014
2025-07-17,0.009717991510979046,0.011175690237625897,0.010873794272353158,0.013520010328916438,0.021632016526266312,0.021632016526266312
2025-07-18,0.0027858810628374584,0.003203763222263076,0.0034811850617383787,0.004351677560829212,0.006962684097326741,0.006962684097326741
2025-07-21,0.005331537916248534,0.006131268603685814,0.005421451653675393,0.00677712017316265,0.010843392277060238,0.010843392277060238
2025-07-22,-0.002549305953010836,-0.00293170184596246,-0.006004712417182163,-0.0075062290058304105,-0.012009966409328656,-0.012009966409328656
2025-07-23,0.007162720334320931,0.008237128384469068,0.007312837162305013,0.008190416978132413,0.013104667165011857,0.013104667165011857
2025-07-24,-0.0012758302415775945,-0.0014672047778142322,9.285480021097215e-05,0.0001055215767899214,0.0001688345228638733,0.0001688345228638733
2025-07-25,0.008136360825338921,0.00935681494913976,0.008362948990255416,0.009503779686784047,0.015206047498854475,0.015206047498854475
2025-07-28,0.006103876434795276,0.007019457900014564,0.005842902551138036,0.006639961410988876,0.010623938257582207,0.010623938257582207
2025-07-29,-0.008991660539252915,-0.010340409620140854,-0.010069584814497694,-0.011443226034964678,-0.018309161655943484,-0.018309161655943484
2025-07-30,-0.009488555129933136,-0.010911838399423106,-0.009610602487336462,-0.010921631687976484,-0.01747461070076237,-0.01747461070076237
2025-07-31,-0.02231393176121616,-0.025661021525398578,-0.023999137155590145,-0.02719558019661387,-0.043512928314582214,-0.043512928314582214
2025-08-01,-0.016938738621126652,-0.019479549414295652,-0.018915475493135412,-0.021499353184289294,-0.034398965094862864,-0.034398965094862864
2025-08-04,0.010968215595597,0.012613447934936546,0.011801656525284645,0.013146130440889305,0.021033808705422888,0.021033808705422888
2025-08-05,-0.013482829956005624,-0.015505254449406465,-0.016187055940054346,-0.018128151751986475,-0.02900504280317836,-0.02900504280317836
2025-08-06,0.009833066710587849,0.011308026717176024,0.011374654640744821,0.009187059374646712,0.01469929499943475,0.01469929499943475
2025-08-07,-0.005196867553952469,-0.005976397687045339,-0.005765933013943469,-0.004730249569292186,-0.007563815025186321,-0.007568399310867506
2025-08-08,0.0031011430613410904,0.003566314520542253,0.0035940642355068845,0.002981159603729135,0.004746076597771567,0.004769855365966619
2025-08-11,-0.004120480921154193,-0.004738553059327325,-0.0043019783448632,-0.0050846640281236415,-0.008062189343683931,-0.00813546244499783
2025-08-12,0.020810514448868982,0.023932091616199344,0.023216860904137913,0.019066359551754897,0.030238616658147175,0.03050617528280784
2025-08-13,0.011234077828238272,0.012919189502474018,0.011260956093176655,0.00918745267540331,0.01453348011423074,0.01469992428064529
2025-08-14,-0.007217426581201209,-0.008300040568381394,-0.00877874460647046,-0.0066693117011843205,-0.010523536088017142,-0.010670898721894913
2025-08-15,-0.005820843105757721,-0.0066939695716213745,-0.007046754499667491,-0.005308236749450599,-0.008340980332561069,-0.008493178799120963
2025-08-18,0.004400233746938774,0.00506026880897959,0.005236643267503882,0.003944701385246048,0.00616915880138529,0.006311522216393677
2025-08-19,-0.0013402256045048962,-0.0015412594451806273,-0.0016608256183381761,-0.001251080278461201,-0.00195705047561725,-0.002001728445537921
2025-08-20,-0.007776222863832878,-0.008942656293407809,-0.009385537325730001,-0.00707001416724978,-0.011044056205119624,-0.01131202266759965
2025-08-21,-0.003715180547338235,-0.004272457629438972,-0.004560816872060886,-0.0035160089838982404,-0.005491198956520503,-0.005625614374237184
2025-08-22,0.01958814143427246,0.022526362649413323,0.02336072605059173,0.017581441063994913,0.02733959184279696,0.028130305702391844
2025-08-25,-0.0013088085448093088,-0.001505129826530704,-0.0016025485618894394,-0.0012071808616863453,-0.0019716808787032013,-0.0019314893786981542
2025-08-26,0.001173665513490622,0.001349715340514214,0.0013884739962026064,0.0010459210254375928,0.001640219292167047,0.00167347364070015
2025-08-27,0.006062313922455482,0.006971661010823803,0.007176039124916765,0.005405625327258941,0.008611398459636736,0.008649000523614302
2025-08-28,0.010129135392546337,0.01164850570142828,0.012146372766909674,0.009120449115901789,0.014596643960823791,0.014592718585442869
2025-08-29,-0.015536187679980896,-0.017866615831978034,-0.018667870717350293,-0.014021304406858677,-0.02243408705097388,-0.02243408705097388
2025-09-02,-0.014763960895620622,-0.01697855502996372,-0.0177391899893452,-0.013323778942851671,-0.021318046308562676,-0.021318046308562676
2025-09-03,0.0028534429529120824,0.0032814593958488954,0.003442277600726795,0.0031472935039733173,0.005035669606357307,0.005035669606357307
2025-09-04,0.018877111581570332,0.021708678318805883,0.02264372271976033,0.022676717944282436,0.03604041937705627,0.0362827487108519
2025-09-05,0.011522919515876053,0.013251357443257453,0.013825322702832595,0.010286156867234511,0.016470030014911943,0.016457850987575216
2025-09-08,0.011704661444718325,0.01346036066142608,0.014139308542997766,0.010621868394203123,0.016322901998027942,0.016994989430724996
2025-09-09,-0.00362633941780145,-0.004170290330471669,-0.004393263988046905,-0.0033003503502394395,-0.005077351514223764,-0.00528056056038311
2025-09-10,0.009449191619301408,0.010866570362196619,0.011278253727487456,0.008472559067899357,0.012950029764600747,0.013556094508638969
2025-09-11,0.01170166495884147,0.013456914702667694,0.014023409206293894,0.010534801371250744,0.016092633517096153,0.016855682194001194
2025-09-12,-0.0044320467755167925,-0.005096853791844316,-0.005326611235793784,-0.004001508515188653,-0.0061107822658574,-0.006402413624301846
2025-09-15,0.01106138714079026,0.012720595211908799,0.01331348513031948,0.010001485326697004,0.015155300052653448,0.016002376522715207
2025-09-16,0.002517247846447671,0.0028948350234148214,0.0030201623166689895,0.0022688356053080505,0.003432574536861105,0.003630136968492879
2025-09-17,0.006285209840847867,0.007227991316975047,0.00749384160987232,0.005645198898559701,0.008747356871744518,0.00903231823769552
2025-09-18,0.021887855219897178,0.025171033502881763,0.02625034905075882,0.01971711330842373,0.031517339792510264,0.031547381293477963
2025-09-19,0.002519956823038526,0.002897950346494304,0.0030107509183099897,0.0022617654834226194,0.0036188247734761916,0.0036188247734761916
2025-09-22,0.004732423076086506,0.0054422865374994835,0.005604372809847983,0.004221103975257371,0.006597664969855032,0.006753766360411795
2025-09-23,-0.009835269905812186,-0.011310560391684016,-0.011922734378955229,-0.008986179343492497,-0.014176943041343917,-0.014377886949587993
2025-09-24,-0.008871995308494534,-0.010202794604768707,-0.010671334955161966,-0.008042998081952493,-0.012747770532693681,-0.01286879693112399
2025-09-25,-0.00719005644765621,-0.008268564914804644,-0.00865780330726157,-0.006525396839927972,-0.010293992993037277,-0.010440634943884749
2025-09-26,0.010913481682790672,0.01255050393520927,0.013029512756480545,0.009820359547280088,0.015365163480573268,0.015712575275648143
2025-09-29,0.011892814365059033,0.013676736519817892,0.014337542333704423,0.010806223024057168,0.016906918154644027,0.017289956838491473
2025-09-30,0.0054570851044268495,0.0062756478700908775,0.006549252336566286,0.004917064502412343,0.0076554724586133036,0.007867303203859748
2025-10-01,0.01292672919587916,0.01486573857526103,0.015503847960617297,0.011682350387681088,0.018099745112020595,0.01869176062028973
2025-10-02,0.008938883532850042,0.010279716062777545,0.01074734859949089,0.00810028965775895,0.01253769494965053,0.012960463452414316
2025-10-03,-0.009727215715236374,-0.011186298072521828,-0.011632535254461934,-0.008754529589413345,-0.013468355684962467,-0.014007247343061356
2025-10-06,0.009851341568955767,0.011329042804299133,0.011775487178852587,0.008864466411926075,0.013660548749188654,0.014183146259081719
2025-10-07,-0.002136062172349439,-0.002456471498201854,-0.002567764402737694,-0.0019291607578959668,-0.0029745364391295134,-0.003086657212633546
2025-10-08,0.023114015697632422,0.02658111805227729,0.02773681883715892,0.02080261412786917,0.03195195109881844,0.03328418260459068
2025-10-09,-0.007234902236710983,-0.00832013757221763,-0.00868188268405318,-0.00651141201303988,-0.009996027371440687,-0.010418259220863807
2025-10-10,-0.03538556304442589,-0.04069339750108975,-0.04246267565331103,-0.03184700673998327,-0.048295320441759326,-0.05095521078397323
2025-10-13,0.025566089873218324,0.029401003354201063,0.030679307847861968,0.02300948088589647,0.0352653425300621,0.036815169417434346
2025-10-14,-0.011157141518716367,-0.012830712746523821,-0.01340048099920129,-0.010091430170906709,-0.01439335719111224,-0.01614628827345074
2025-10-15,0.0035009802333013855,0.0040261272682965915,0.004196686484043295,0.0031441774071897686,0.0042924272288526214,0.00503068385150363
2025-10-16,-0.0076747960623097106,-0.008826015471656169,-0.009209755274771652,-0.006907316456078735,-0.009439240605713498,-0.011051706329725979
2025-10-17,0.004729093850454195,0.0054384579280223255,0.005674912620545034,0.004256184465408771,0.00584986291884962,0.006809895144654033
2025-10-20,0.014471593801191417,0.01664233287137012,0.017305368398873266,0.013024444845397257,0.01787428032042442,0.020839111752635614
2025-10-21,0.013108801066147027,0.015075121226069075,0.015726071483458066,0.01179121615675084,0.016201100247469465,0.018865945850801345
2025-10-22,-0.010261925842221752,-0.011801214718555011,-0.012314311010666098,-0.009235733257999564,-0.012648055038788514,-0.014777173212799309
2025-10-23,0.016424533310917803,0.018888213307555482,0.01970943997310137,0.014782079979826017,0.020157405265784557,0.02365132796772163
2025-10-24,0.012277049279703908,0.01411860667165949,0.014732459135644681,0.011049344351733503,0.014960252795156134,0.017678950962773606
2025-10-27,0.013482733243100885,0.015505143229566015,0.016179279891721052,0.012134459918790782,0.01632094016104184,0.019415135870065256
2025-10-28,0.006695153852753722,0.007699426930666782,0.00803418462330447,0.006025638467478345,0.008073400847783432,0.009641021547965352
2025-10-29,-0.010234382176962884,-0.011769539503507315,-0.012281258612355461,-0.009210943959266582,-0.01240131847214725,-0.014737510334826544
2025-10-30,-0.005724664862135937,-0.006583364591456328,-0.006869597834563128,-0.005152198375922339,-0.007008771484241581,-0.008243517401475746
2025-10-31,0.001932189194846465,0.002222017574073435,0.0023186270338157577,0.0017389702753618165,0.0024160368134324532,0.002782352440578907
2025-11-03,-0.0047481070094362214,-0.005460323060851656,-0.005348571888643199,-0.004128376872309413,-0.006128046091639957,-0.0066054029956950635
2025-11-04,-0.022980081415759898,-0.026427093628123892,-0.02768363357476792,-0.021355626432116356,-0.03173702274871907,-0.03416900229138618
2025-11-05,0.018607594562923314,0.021398733747361814,0.022719064224706896,0.017523751075239825,0.026752360447177683,0.028038001720383718
2025-11-06,-0.006995852795975111,-0.008045230715371377,-0.01111504229257857,-0.008573294762470464,-0.012663043482393478,-0.013717271619952743
2025-11-07,0.003994982710059771,0.004594230116568734,0.004688150361001557,0.0036160811517995887,0.00523936619449476,0.005785729842879343
2025-11-10,0.008834041861590257,0.010159148140828791,0.01078490444733123,0.008318651641459398,0.011976670952581155,0.013309842626335028
2025-11-11,-0.0035096515984955356,-0.004036099338269866,-0.004686215028682639,-0.0036145883842511957,-0.005234142678148248,-0.005783341414801911
2025-11-12,0.00644645982405599,0.007413428797664388,0.007736076764524471,0.005967018807625306,0.008754874025355382,0.009547230092200498
2025-11-13,-0.024049607387638533,-0.027657048495784316,-0.02889270346834084,-0.02169273651031235,-0.03193096249079615,-0.034708378416499756
2025-11-14,-0.0035055894097113837,-0.004031427821168088,-0.004206707291653658,-0.0031550304687402385,-0.0046731711606434944,-0.005048048749984385
2025-11-17,-0.019983893850125625,-0.022981477927644465,-0.023980672620150745,-0.017985504465113027,-0.0257196148980598,-0.02877680714418087
2025-11-18,-0.008674615036365652,-0.009975807291820493,-0.010327616791327186,-0.007988436373044977,-0.011382473090091381,-0.012781498196871965
2025-11-19,0.001963179801880414,0.002257656772162475,0.0022225017156629672,0.0017142680897577207,0.0023512797246897994,0.002742828943612352
2025-11-20,-0.023374315569247576,-0.026880462904634708,-0.027764241762953373,-0.02141521572520004,-0.029736780104682278,-0.03426434516032005
2025-11-21,0.020469446414161915,0.023539863376286208,0.023707482550807946,0.01828614148593128,0.025434169008627064,0.029257826377490043
2025-11-24,0.017521258502883226,0.020149447278315694,0.0206689367405086,0.016079038917263234,0.021993870828377823,0.025726462267621167
2025-11-25,0.010575093559385929,0.012161357593293821,0.012355461232293504,0.009522151703255597,0.012789973799943592,0.015235442725208954
2025-11-26,0.010114888932671984,0.011632122272572779,0.012086051348521613,0.009322256991717789,0.012376724978452137,0.014864956506321449
2025-11-28,0.010191864854099732,0.011720644582214694,0.012197063221745075,0.009124588507252044,0.012093370773095245,0.014512044927714286
2025-12-01,-0.0031079047958187853,-0.0035740905151916023,-0.003729485754982542,-0.0027971143162369015,-0.003707665172514732,-0.004449198207017677
2025-12-02,0.00826696179905083,0.00950700606890845,0.009920354158860995,0.007440265619145736,0.00996708578221403,0.011895921789399147
2025-12-03,0.00916730112264982,0.010542396291047284,0.01100076134717978,0.008250571010384821,0.011197377159319113,0.013200913616615718
2025-12-04,0.0009945944947907274,0.001143783669009336,0.0011935133937488723,0.0008951350453116542,0.0012129825118056485,0.001432216072498645
2025-12-05,0.015962327902603077,0.018356677087993552,0.019154793483123704,0.014366095112342776,0.019933629778983625,0.02298575217974844
2025-12-08,-0.0001369821880906681,-0.00015752951630426838,-0.00016437862570879952,-0.0004643786257088014,-0.0006526269915154471,-0.0007430058011340861
2025-12-09,0.0027922025333585155,0.0032110329133622924,0.003350643040030215,0.0033506430400302174,0.004641539500726307,0.005361028864048347
2025-12-10,0.01236107059011232,0.014215231178629164,0.01372502510350542,0.014160755941191669,0.01967727912472803,0.022657209505906675
2025-12-11,0.014334893857180874,0.016485127935758008,0.016071625666869812,0.016623090083940216,0.023153078539141753,0.02659694413430434
2025-12-12,-0.0333666137923241,-0.03837160586117273,-0.04007974607459841,-0.040116326915964715,-0.0556330889409034,-0.06418612306554353
2025-12-15,-0.011255199702462164,-0.012943479657831488,-0.013506239642954576,-0.01350623964295459,-0.018556238905306208,-0.02160998342872735
2025-12-16,-0.0016956599914835122,-0.0019500089902060392,-0.0020347919897802107,-0.0023582711887582377,-0.0027926507447548323,-0.0034063315943839486
2025-12-17,-0.017104762590433736,-0.019670476978998805,-0.02052571510852047,-0.022578286619372546,-0.02786426095102757,-0.0334371131412331
2025-12-18,0.008803363910219431,0.01012386849675234,0.010564036692263305,0.010444036692263315,0.012883318646654256,0.01545998237598511
2025-12-19,0.01845034660884457,0.021217898600171255,0.022140415930613458,0.022140415930613486,0.027021928883628296,0.03242631466035394
2025-12-22,0.0064458193078499385,0.007412692204027432,0.007734983169419923,0.00773498316941993,0.009397243968715226,0.011276692762458273
2025-12-23,-0.0004906361129010809,-0.0005642315298362442,-0.0005887633354812984,-0.0005887633354812987,-0.0007309723543814711,-0.0008771668252577658
2025-12-24,0.0020121880369488566,0.002314016242491185,0.0024146256443386255,0.0024146256443386277,0.0028796809658327063,0.0034556171589992476
2025-12-26,0.0033750230932289844,0.0038812765572133314,0.004050027711874776,0.004050027711874778,0.004850440827408561,0.005820528992890274
2025-12-29,-0.005555245306740952,-0.006388532102752095,-0.00666629436808914,-0.006666294368089145,-0.008021601836915991,-0.009625922204299194
2025-12-30,-0.0014933352913142598,-0.0017173355850113989,-0.0017920023495771103,-0.001792002349577112,-0.0021657037086128973,-0.0025988444503354754
2025-12-31,-0.011685535448192159,-0.013438365765420979,-0.014022642537830582,-0.014022642537830594,-0.016934878423419626,-0.02032185410810355
2026-01-02,0.000313707459777396,0.0003607635787440051,0.00037644895173287365,0.0003764489517328744,0.00045434705229940837,0.0005452164627592882
2026-01-05,-0.00446171619629849,-0.005130973625743266,-0.005354059435558183,-0.005354059435558189,-0.006441431053447445,-0.007729717264136934
2026-01-06,0.018845437900345506,0.02167225358539733,0.02261452548041456,0.02480397802845609,0.02988274409467146,0.035859292913605754
2026-01-07,0.004098005330842334,0.004712706130468681,0.004917606397010789,0.005409367036711884,0.006529656431300713,0.007835587717560858
2026-01-08,-0.02787259104510603,-0.032053479701871945,-0.033447109254127166,-0.03356710925412726,-0.03963097794545608,-0.0475571735345473
2026-01-09,0.010394341908544725,0.01195349319482643,0.012473210290253646,0.012473210290253674,0.014704333236667465,0.017645199884000956
2026-01-12,-0.00018976396157038914,-0.00021822855580594928,-0.00022771675388446645,-0.00037048842927291445,-0.0003763959440530834,-0.0004516751328636991
2026-01-13,-0.003448567235919768,-0.0039658523213077345,-0.00413828068310371,-0.004552108751414095,-0.0051759047335863465,-0.006211085680303625
2026-01-14,-0.01877507349710012,-0.02159133452166514,-0.022530088196520096,-0.024783097016172196,-0.029555486686201,-0.03546658402344121
2026-01-15,0.004012307190089217,0.004614153268602598,0.004814768628107051,0.005296245490917768,0.006406101281608955,0.007687321537930746
2026-01-16,-0.004848821440523305,-0.005576144656601797,-0.005818585728627954,-0.0064004443014907654,-0.007633747156016145,-0.009160496587219371
2026-01-20,-0.028536279783779657,-0.03281672175134661,-0.03424353574053554,-0.03766788931458919,-0.04466331644895287,-0.05359597973874343
2026-01-21,0.005447919049946168,0.006265106907438093,0.006537502859935392,0.007191253145928951,0.008528788428606673,0.010234546114328008
2026-01-22,0.010605876817418468,0.012196758340031241,0.012727052180902134,0.013999757398992386,0.015541432993217651,0.01864971959186118
2026-01-23,-0.005557018990702204,-0.006390571839307533,-0.006668422788842628,-0.007335265067726913,-0.008239329349486057,-0.009887195219383263
2026-01-26,0.01090024343384343,0.012535279948919936,0.01308029212061209,0.014388321332673338,0.016104957669308903,0.019325949203170694
2026-01-27,0.007538954354910445,0.00866979750814701,0.009046745225892515,0.009951419748481795,0.011153022211230053,0.013383626653476073
2026-01-28,0.00777331021144059,0.008939306743156676,0.009327972253728695,0.010260769479101593,0.01150641907357506,0.013807702888290063
2026-01-29,-0.013830719836726672,-0.015905327812235675,-0.01659686380407198,-0.018256550184479227,-0.020495617189781455,-0.02459474062773775
2026-01-30,-0.010659841847186656,-0.012258818124264652,-0.012791810216623963,-0.014070991238286396,-0.01582644801361519,-0.01899173761633823
2026-02-02,0.014120535171827365,0.01623861544760147,0.016944642206192805,0.01863910642681214,0.020717936084228866,0.02486152330107464
2026-02-03,-0.03431885970271968,-0.039466688658127615,-0.0411826316432636,-0.04530089480758999,-0.0501776936248837,-0.060213232349860424
2026-02-04,0.00445926815051538,0.0051281583730926885,0.005351121780618457,0.005886233958680304,0.006410053360841292,0.007692064033009553
2026-02-05,-0.04442726019002411,-0.051091349218527725,-0.05331271222802892,-0.05864398345083185,-0.05976935484615068,-0.07172322581538083
2026-02-06,0.032119292787734885,0.03693718670589511,0.03854315134528186,0.04239746647981006,0.04307843327662516,0.0516941199319502
2026-02-09,0.009019148415465377,0.010372020677785183,0.01082297809855845,0.010702978098558453,0.009841806133001212,0.01181016735960145
2026-02-10,0.00595904981442428,0.006852907286587923,0.007150859777309134,0.007150859777309138,0.006330567847152705,0.007596681416583241
2026-02-11,-0.00887508559487419,-0.010206348434105311,-0.010650102713849018,-0.011835112985233926,-0.01052843114135492,-0.012634117369625913
2026-02-12,-0.020513348606313354,-0.023590350897260345,-0.02461601832757601,-0.024736018327576024,-0.02198589229263592,-0.02638307075116311
2026-02-13,0.02236153352291922,0.025715763551357112,0.026833840227503073,0.026833840227503077,0.02383151790822785,0.028597821489873422
2026-02-17,-0.012691859027968464,-0.014595637882163736,-0.015169872943772181,-0.015459150630518195,-0.013530488721926076,-0.01623658646631129
2026-02-18,0.006200105996873042,0.0071301218964039985,0.007394395044051146,0.007525797863896968,0.006455405093999431,0.0077464861127993145
2026-02-19,-0.0009157193293411882,-0.0010530772287423665,-0.0008530863558733938,-0.000868246210339645,-0.000756297370226776,-0.000907556844272132
2026-02-20,-0.007898613439901453,-0.009083405455886673,-0.009499288508834126,-0.0074269196472614134,-0.00641377256862553,-0.0076965270823506375
2026-02-23,-0.045653223707959746,-0.05250120726415369,-0.053703753836236726,-0.054954944476760685,-0.04779279005486005,-0.05735134806583204
2026-02-24,0.01914215712286819,0.02201348069129843,0.02274834073888718,0.02315259235137145,0.02013668437101641,0.024164021245219693
2026-02-25,0.022255387965051134,0.02559369615980883,0.024497203792631584,0.01902847651858012,0.015419492532681588,0.01850339103921791
2026-02-26,0.00798488715312503,0.009182620226093785,0.009558351216619134,0.009465527086381351,0.007675583707745036,0.009210700449294043
2026-02-27,0.031881219710324836,0.036663402666873554,0.039325635152605336,0.040024475195704956,0.03242264376465763,0.03890717251758914
2026-03-02,0.010987410054633199,0.012635521562828178,0.012574886937921066,0.012798350195299306,0.010404297856709528,0.012485157428051431
2026-03-03,-8.290886245938165e-05,-9.534519182828636e-05,0.00029704149514250003,0.0003023201000642562,0.0002069141106195696,0.00024829693274348093
2026-03-04,0.019916704092226296,0.022904209706060243,0.02237098760374267,0.023466039055938175,0.018446678938067566,0.02213601472568108
2026-03-05,0.00717442193327017,0.008250585223260694,0.008945964484274208,0.009630990671027392,0.007583924293950468,0.00910070915274056
2026-03-06,-0.009554047241198864,-0.0109871543273787,-0.01052186451904862,-0.010854734399335429,-0.008462142627592276,-0.01015457115311073
2026-03-09,0.011985416781418158,0.013783229298630881,0.013997187222273241,0.014373639690353926,0.011184003393932985,0.013420804072719577
2026-03-10,-0.006727992442996193,-0.007737191309445622,-0.007341111173753657,-0.007957979316735872,-0.006187096084678871,-0.007424515301614645
2026-03-11,0.010206632601689214,0.011737627491942598,0.012392196669289963,0.009715502118861668,0.007518641974146143,0.009022370368975378
2026-03-12,-0.007934544442069449,-0.009124726108379866,-0.006349504315478299,-0.007142313822965707,-0.005549773287835609,-0.006659727945402728
2026-03-13,0.0020041725768097846,0.0023047984633312534,0.0025103739798347795,0.0027052137819900085,0.0020950145207509607,0.002514017424901153
2026-03-16,0.00569134501269975,0.006545046764604711,0.005133082912827736,0.005531481265908012,0.004284663442564933,0.005141596131077917
2026-03-17,0.003494736762811564,0.004018947277233298,0.002212201062210099,0.0025800691808561954,0.0020086450854680483,0.002410374102561658
2026-03-18,-0.009183202381249955,-0.01056068273843745,-0.00952156681138848,-0.01032636320615803,-0.008075157249138272,-0.009690188698965927
2026-03-19,0.009061735025203074,0.010420995278983533,0.011383969002856717,0.012354695041859995,0.009942910821232243,0.01193149298547868
2026-03-20,-0.023153219927712604,-0.026626202916869474,-0.025663294128898385,-0.027851637039114484,-0.022520122544346047,-0.02702414705321525
2026-03-23,0.02492130463207726,0.028659500326888868,0.027296828427288037,0.029624464959847455,0.02387302062607699,0.028647624751292393
2026-03-24,0.005835849624506847,0.002951509774704108,0.005701492559251216,0.002884324106979302,0.002306321356661086,0.002767585627993306
2026-03-25,0.010720272805797609,0.006432163683478566,0.007226440467486284,0.004335864280491771,0.003415268060235046,0.004098321672282057
2026-03-26,-0.021334131085060423,-0.012800478651036252,-0.015750169415928363,-0.009450101649557015,-0.007532510155947635,-0.00903901218713716
2026-03-27,-0.029647489864211198,-0.01778849391852672,-0.019311095804652234,-0.011586657482791342,-0.009239522133161395,-0.011087426559793674
2026-03-30,-0.012660755092342622,-0.00759645305540557,-0.010152184127584967,-0.006091310476550978,-0.004849262491217014,-0.005819114989460416
2026-03-31,0.02620223467538762,0.015721340805232565,0.019106743052978513,0.011464045831787107,0.00910227654794922,0.01092273185753907
2026-04-01,0.01576514594211055,0.00945908756526633,0.011294635931483006,0.006776781558889801,0.005380062073894889,0.006456074488673864
2026-04-02,0.010807312848079627,0.006484387708847776,0.007193811056736844,0.004316286634042105,0.003418656850083849,0.00410238822010062
2026-04-06,-0.00505123371897792,-0.003030740231386752,-0.0033775876316213625,-0.0020265525789728176,-0.0016039365343617229,-0.0019247238412340674
2026-04-07,0.043903543795208,0.0263421262771248,0.0285373034668852,0.012744286560098338,0.010123698010741254,0.012148437612889503
2026-04-08,0.025767003697928836,0.012248161775005841,0.016748552403653742,0.008019805153753798,0.006369470939202538,0.007643365127043046
2026-04-09,-0.04812488641957996,-0.028994931851747972,-0.03128117617272697,-0.01884670570363619,-0.014928834701294013,-0.017914601641552817
2026-04-10,-0.029923733946390474,-0.027849835230679236,-0.01945042706515381,-0.0181023928999415,-0.014505342757450697,-0.017406411308940835
2026-04-13,0.06434929922828436,0.059201355290021615,0.04182704449838484,0.038480880938514046,0.0306203711090846,0.036744445330901515
2026-04-14,-0.018571518877249837,-0.017085797367069847,-0.012071487270212395,-0.011105768288595403,-0.00899399963939163,-0.010792799567269955
2026-04-15,-0.0036949157137138866,-0.0033993224566167754,-0.004983898856456665,-0.004585186947940131,-0.00359704062800928,-0.004316448753611136
2026-04-16,0.0531516290331846,0.04889949871052983,0.06378195483982152,0.05867939845263579,0.04607880842287661,0.055294570107451924
2026-04-17,0.015834289056912865,0.014567545932359833,0.01900114686829544,0.0174810551188318,0.013727816870308024,0.01647338024436963
2026-04-20,0.030412754916415485,0.02797973452310224,0.03649530589969858,0.033575681427722694,0.025006434149502085,0.030007720979402505
2026-04-21,0.04048749345939184,0.03724849398264049,0.04858499215127021,0.04469819277916859,0.033201092621929114,0.03984131114631493
2026-04-22,0.024374899173794762,0.022424907239891177,0.029249879008553713,0.026909888687869414,0.019652781599419265,0.02358333791930312
2026-04-23,-0.02865675398716422,-0.02636421366819108,-0.034388104784597064,-0.02400379230137197,-0.01751625633105419,-0.021019507597265022
2026-04-24,0.012385827369123192,0.011394961179593335,0.01486299284294783,0.013397953415512002,0.00969418421689987,0.011633021060279842
2026-04-27,0.006952372190482781,0.006396182415244158,0.008342846628579337,0.007675418898292988,0.005480798577711517,0.00657695829325382
2026-04-28,-0.02282604268483257,-0.020999959270045963,-0.027391251221799084,-0.025199951124055157,-0.018029414291377818,-0.021635297149653388
2026-04-29,-0.003523714787616705,-0.003241817604607368,-0.004228457745140046,-0.003890181125528842,-0.0027891484055015915,-0.0033469780866019097
2026-04-30,0.0006707065827181169,0.0006170500561006676,0.0008048478992617406,0.0007404600673208018,0.0005140394748210747,0.0006168473697852903
2026-05-01,0.014013040459955328,0.012891997223158902,0.016815648551946394,0.01547039666779068,0.010948784319065484,0.01313854118287858
2026-05-04,0.018421207478905632,0.01694751088059318,0.022105448974686758,0.022260314362383,0.015863764979527212,0.019036517975432654
2026-05-05,0.018824419076697407,0.017318465550561612,0.022589302892036887,0.020671758660673934,0.014776904305617476,0.017732285166740972
2026-05-06,-0.001,-0.0009199999999999999,-0.0012,-0.001104,-0.0007890599627150738,-0.0009468719552580886
2026-05-07,0.0,0.0,0.0,0.0,0.0,0.0
2026-05-08,0.0,0.0,0.0,0.0,0.0,0.0
2026-05-11,0.0,0.0,0.0,0.0,0.0,0.0
2026-05-12,0.0,0.0,0.0,0.0,0.0,0.0
2026-05-13,0.0,0.0,0.0,0.0,0.0,0.0
2026-05-14,0.0,0.0,0.0,0.0,0.0,0.0
2026-05-15,0.0,0.0,0.0,0.0,0.0,0.0
