date,price_only_ungated,growth_positive,growth_and_profit,growth_profit_fcf,growth30_profit_fcf,growth_profit_low_debt,growth_profit_fcf_low_debt
2016-01-29,0.0,0.0,0.0,0.0,0.0,0.0,0.0
2016-02-01,-0.007405502336420288,-0.007405502336420288,-0.007405502336420288,-0.007405502336420288,0.028690906483209155,-0.007405502336420288,-0.007405502336420288
2016-02-02,-0.03420623608803819,-0.03420623608803819,-0.03420623608803819,-0.03420623608803819,-0.032248873166284664,-0.03420623608803819,-0.03420623608803819
2016-02-03,0.0074278711450977974,0.0074278711450977974,0.0074278711450977974,0.0074278711450977974,-0.014109591688795553,0.0074278711450977974,0.0074278711450977974
2016-02-04,0.011208843982013383,0.011208843982013383,0.011208843982013383,0.011208843982013383,0.03623637631288101,0.011208843982013383,0.011208843982013383
2016-02-05,-0.03980231165944237,-0.03980231165944237,-0.03980231165944237,-0.03980231165944237,-0.05700822602011557,-0.03980231165944237,-0.03980231165944237
2016-02-08,-0.025065417225938857,-0.025065417225938857,-0.025065417225938857,-0.025065417225938857,-0.05063934304727402,-0.025065417225938857,-0.025065417225938857
2016-02-09,-0.001253638815175484,-0.001253638815175484,-0.001253638815175484,-0.001253638815175484,-0.017643235297919446,-0.001253638815175484,-0.001253638815175484
2016-02-10,-0.006965283392331489,-0.006965283392331489,-0.006965283392331489,-0.006965283392331489,-0.00426035804510172,-0.006965283392331489,-0.006965283392331489
2016-02-11,-0.012169775519917436,-0.012169775519917436,-0.012169775519917436,-0.012169775519917436,-0.024244763330597774,-0.012169775519917436,-0.012169775519917436
2016-02-12,0.02161719137205853,0.02161719137205853,0.02161719137205853,0.02161719137205853,0.045997996722398016,0.02161719137205853,0.02161719137205853
2016-02-16,0.045024251569839135,0.045024251569839135,0.045024251569839135,0.045024251569839135,0.03764539972278236,0.045024251569839135,0.045024251569839135
2016-02-17,0.018897366391271486,0.018897366391271486,0.018897366391271486,0.018897366391271486,0.035171405678773526,0.018897366391271486,0.018897366391271486
2016-02-18,-0.005667749391549182,-0.005667749391549182,-0.005667749391549182,-0.005667749391549182,-0.027624683064287003,-0.005667749391549182,-0.005667749391549182
2016-02-19,0.035812383871589804,0.035812383871589804,0.035812383871589804,0.035812383871589804,0.01259132681657249,0.035812383871589804,0.035812383871589804
2016-02-22,0.010607192383231046,0.010607192383231046,0.010607192383231046,0.010607192383231046,0.015310653711787303,0.010607192383231046,0.010607192383231046
2016-02-23,-0.010388484821324873,-0.010388484821324873,-0.010388484821324873,-0.010388484821324873,-0.0189836866418982,-0.010388484821324873,-0.010388484821324873
2016-02-24,0.01240538840661698,0.01240538840661698,0.01240538840661698,0.01240538840661698,0.017010343218088364,0.01240538840661698,0.01240538840661698
2016-02-25,0.016738271810428973,0.016738271810428973,0.016738271810428973,0.016738271810428973,0.016341792258586674,0.016738271810428973,0.016738271810428973
2016-02-26,0.007157581468898,0.007157581468898,0.007157581468898,0.007157581468898,0.004831164972963986,0.007157581468898,0.007157581468898
2016-02-29,-0.0076313433337339975,-0.0076313433337339975,-0.0076313433337339975,-0.0076313433337339975,0.006461079217649157,-0.0076313433337339975,-0.0076313433337339975
2016-03-01,0.032599658721126246,0.032599658721126246,0.032599658721126246,0.032599658721126246,0.03329075994478359,0.032599658721126246,0.032599658721126246
2016-03-02,0.0049068238629660366,0.0049068238629660366,0.0049068238629660366,0.0049068238629660366,-0.010546949857285437,0.0049068238629660366,0.0049068238629660366
2016-03-03,-0.0069173612179516675,-0.0069173612179516675,-0.0069173612179516675,-0.0069173612179516675,0.002628517521229279,-0.0069173612179516675,-0.0069173612179516675
2016-03-04,-0.005279270327407132,-0.005279270327407132,-0.005279270327407132,-0.005279270327407132,0.06356945935723313,-0.005279270327407132,-0.005279270327407132
2016-03-07,-0.002381143377265804,-0.002381143377265804,-0.002381143377265804,-0.002381143377265804,-0.017458659170730417,-0.002381143377265804,-0.002381143377265804
2016-03-08,-0.018041896875719526,-0.018041896875719526,-0.018041896875719526,-0.018041896875719526,-0.027036350338359494,-0.018041896875719526,-0.018041896875719526
2016-03-09,0.008792897009192308,0.008792897009192308,0.008792897009192308,0.008792897009192308,0.01668695470306414,0.008792897009192308,0.008792897009192308
2016-03-10,0.003618599366276898,0.003618599366276898,0.003618599366276898,0.003618599366276898,0.017328924436153414,0.003618599366276898,0.003618599366276898
2016-03-11,0.01649979376435312,0.01649979376435312,0.01649979376435312,0.01649979376435312,0.030466655044163238,0.01649979376435312,0.01649979376435312
2016-03-14,0.0030437304387895547,0.0030437304387895547,0.0030437304387895547,0.0030437304387895547,-0.004569707891173613,0.0030437304387895547,0.0030437304387895547
2016-03-15,0.0008159863528748867,0.0008159863528748867,0.0008159863528748867,0.0008159863528748867,0.0022278738581196222,0.0008159863528748867,0.0008159863528748867
2016-03-16,0.01294230819361919,0.01294230819361919,0.01294230819361919,0.01294230819361919,0.0043924591430823945,0.01294230819361919,0.01294230819361919
2016-03-17,0.017459423667335272,0.017459423667335272,0.017459423667335272,0.017459423667335272,0.019646258530775507,0.017459423667335272,0.017459423667335272
2016-03-18,0.026744280156729305,0.026744280156729305,0.026744280156729305,0.026744280156729305,0.0062023659397549835,0.026744280156729305,0.026744280156729305
2016-03-21,-0.002673531931739914,-0.002673531931739914,-0.002673531931739914,-0.002673531931739914,0.0026229313161330037,-0.002673531931739914,-0.002673531931739914
2016-03-22,-0.00047452065088179896,-0.00047452065088179896,-0.00047452065088179896,-0.00047452065088179896,0.012231306838389688,-0.00047452065088179896,-0.00047452065088179896
2016-03-23,-0.008987833300715453,-0.008987833300715453,-0.008987833300715453,-0.008987833300715453,-0.011436912086070228,-0.008987833300715453,-0.008987833300715453
2016-03-24,0.0016791278028487622,0.0016791278028487622,0.0016791278028487622,0.0016791278028487622,6.54811270603961e-05,0.0016791278028487622,0.0016791278028487622
2016-03-28,-0.0013923600170831774,-0.0013923600170831774,-0.0013923600170831774,-0.0013923600170831774,0.0006534653739498353,-0.0013923600170831774,-0.0013923600170831774
2016-03-29,0.011321555196452338,0.011321555196452338,0.011321555196452338,0.011321555196452338,0.006727665228175139,0.011321555196452338,0.011321555196452338
2016-03-30,0.009785560567183105,0.009785560567183105,0.009785560567183105,0.009785560567183105,0.018166525853731574,0.009785560567183105,0.009785560567183105
2016-03-31,-0.00018625881016810688,0.001320243044147386,0.0012054103836625432,0.0011436358593389366,-0.0020162542928906504,0.0009636839032076882,0.0009126218775075619
2016-04-01,0.0061090635006320875,0.00938925982471352,0.008819311032326587,0.008584003249497823,0.028903389460436482,0.01023215573455329,0.010123839143952982
2016-04-04,-0.0074458246382757675,-0.004399594697317548,-0.00550639672600976,-0.005460566763076231,-0.003022919564287685,-0.005969221754874948,-0.005932313033945578
2016-04-05,-0.00605821083421078,-0.005188498884104729,-0.006041632235371527,-0.006258868557510149,-0.004816439432527797,-0.006242267124154276,-0.006334197309315721
2016-04-06,0.010073650433352897,0.012905409235930853,0.011687855417492557,0.011754474537437293,0.022587364196085452,0.011086431318758473,0.011177498898067979
2016-04-07,-0.014079086167815204,-0.014639875489600135,-0.01422313172945091,-0.014307175542976726,-0.015989553955913158,-0.014319190812130457,-0.014738485861449931
2016-04-08,0.006291431871171587,0.0030988749032448385,0.0035170038416296235,0.0036789617437054246,0.0022189322413481982,0.0030835534370297992,0.003248631192469539
2016-04-11,-0.0025544214499927994,-0.003080237805272907,-0.0030675400200734456,-0.0029549042061612803,-0.009301009512153138,-0.0029697652600122765,-0.0028564047115453607
2016-04-12,0.006538126041003526,0.004264663327075987,0.005094199218668092,0.0046987660728949445,-0.003099478871039979,0.0048426384138838775,0.004234970585478038
2016-04-13,0.015766289301957098,0.014955506321842045,0.014300303178595125,0.01407589038645001,0.0237131227810502,0.014988116357814973,0.014802033709359091
2016-04-14,-0.0004541012442905328,-0.0005585511126367108,-0.0006911806152727167,-0.0009107062993613832,-0.003765042565716664,-0.00016414570434654,-0.0003574554428495921
2016-04-15,-0.0004906871166031921,-0.00017516248674112047,0.00010586274474359272,-1.548696610136829e-05,-0.011627183539535027,0.0007800127887788363,0.0007120451691478585
2016-04-18,0.007859926021288304,0.007891054060161797,0.007412186948034486,0.00783886102301328,0.010908465293303832,0.008222689649803501,0.008438007000969782
2016-04-19,-0.0029782205753854105,-0.0058377738290612225,-0.005287446572280826,-0.003808312403013692,-0.020389849510555016,-0.0055614908761048645,-0.003969553196860487
2016-04-20,0.0035956910596638787,0.0032707364260304407,0.002654976574760473,0.002268412435759116,0.00874343747756691,0.003534457258446552,0.0031575654036708153
2016-04-21,-0.0028236152614052315,-0.0001014066610881796,-0.002897998866644216,-0.002936546175755241,-0.0024960731945974507,-0.003747234877339653,-0.0034382910174280278
2016-04-22,0.004193188370864514,-0.0041036967816258105,-0.004430125550276205,-0.004488516804501425,0.0015463073834680041,-0.0040857629974421685,-0.005051332288342585
2016-04-25,-0.0017517188260375298,0.001151018432840067,0.0016035558622582318,0.0018527024495514702,-0.001767119664362965,0.0012093661673276772,0.0016058942897931889
2016-04-26,0.010236527177737752,0.00791931705485447,0.008224042949858155,0.00840226980657487,0.0031261482197340457,0.00810788787931207,0.007823477817910336
2016-04-27,0.005516153553952837,0.0008689447923912095,0.0015585904323999842,0.001664957386944695,0.00784183979722082,0.0007850208092270621,0.000507685158661754
2016-04-28,-0.020848752071437097,-0.021219727808146058,-0.02152532910411115,-0.021527553219436505,-0.02161107487000881,-0.0219469589109999,-0.021589249084821405
2016-04-29,-0.005720405560939758,-0.007921150159272848,-0.007081815060098472,-0.00703393859470008,-0.02122536798565927,-0.00600190019523074,-0.004575511918351838
2016-05-02,0.005488163144719187,0.006388754561937949,0.006785871099527689,0.006458698930290561,0.007033236245515551,0.007050839928681488,0.007108534632113536
2016-05-03,-0.01457855280624744,-0.012251699491596435,-0.011883138485808725,-0.011736247408337968,-0.024638516108596145,-0.011798998638136582,-0.011701133138439611
2016-05-04,-0.010173356471711617,-0.00987117748981011,-0.009230856420155547,-0.009179144236400654,-0.013098278900387186,-0.0100202861920743,-0.009293828682572995
2016-05-05,0.002215649116785668,-0.0007191436454158091,-0.000738479973668084,-0.0002775154683549134,0.00976769049015297,-0.0004473129838644838,2.486550149992476e-05
2016-05-06,0.006838004202946301,0.0055297963086287,0.005316166702784607,0.005084553447611669,-0.0005954821787743092,0.005531448821759617,0.00540615949592334
2016-05-09,-0.0017007447148520514,0.002670886961049146,0.002709132010956965,0.002750316211825158,0.0024606539742429295,0.0023178847034628905,0.002395283928638383
2016-05-10,0.014503790376783446,0.01263314840741609,0.012542888779696932,0.012422067082359302,0.019082552257418173,0.012524480079449798,0.012634766490863631
2016-05-11,-0.00632235213484501,-0.011194095857630612,-0.010827772357288065,-0.010647532011170831,-0.011986774158306332,-0.009948436075475145,-0.010182381296678786
2016-05-12,-0.007493426237011254,-0.006879640872542276,-0.006176537672675671,-0.0059419636538149976,-0.015931226488897984,-0.005540678051141649,-0.005590387092035457
2016-05-13,0.012031035565481896,0.015655373621427222,0.015399488404754485,0.0153664509577932,-0.00019637776990762135,0.015568032132233381,0.015368699500825072
2016-05-16,0.01615506291439909,0.01716109166401377,0.01689116138387779,0.016794601090284772,0.02040715684911787,0.01683735499094895,0.016837699200701387
2016-05-17,-0.006641285114150752,-0.009390058318383738,-0.009162050859424531,-0.009171747190356168,-0.009853093327222243,-0.009703832847071985,-0.009782915160088602
2016-05-18,0.0026239158537377915,0.008272494829396826,0.00785208341199292,0.007708550043963265,0.013496400374300888,0.008670811122617651,0.008704665035092369
2016-05-19,0.008654464671338045,-0.001282811718351427,-0.0016145731270909285,-0.001591428985668963,-0.005096685752988231,-0.0011625434232083705,-0.0011483343115149154
2016-05-20,0.027345024663564477,0.020190002238129206,0.019819301739192427,0.019584362039680146,0.02060004363626458,0.019917663635112902,0.0194868823707938
2016-05-23,0.001745430315855668,0.0010140590027853575,0.0009847869225383529,0.0007350380152922636,0.010334442022145368,0.0008736051848947298,0.0006202972981143047
2016-05-24,0.021164037745024813,0.023472880192615758,0.02320270984689323,0.023009024927249804,0.020285708545307674,0.023523940812425717,0.023071421196321697
2016-05-25,0.005668601555571182,0.0037635082951077044,0.0034481898825642785,0.003231771063574345,0.006474037227563914,0.003175235984612243,0.002914880741982709
2016-05-26,0.002042612583727857,0.0019495698187794366,0.0017767555028166343,0.0015881756055534223,-0.002912902514712226,0.0024220205709536294,0.0019154097052471017
2016-05-27,0.007595765585368039,0.008060321263802787,0.008308942162229386,0.008290213180879764,0.0018668628069366117,0.007853147725631622,0.007886829562658883
2016-05-31,0.001565363652546311,0.000873808969680962,0.0005448406207502842,0.0005827951533269035,0.0077391486257083475,2.1365348205825125e-05,0.00018725251962223134
2016-06-01,0.0005662170759166119,0.0024169323624742976,0.002095031673298468,0.0022134037242580178,0.0047681693294197025,0.002156480215210463,0.0021357015531451983
2016-06-02,0.0031627823654453223,0.0041881175067037864,0.0040721724359382185,0.0040935168214089115,0.003489526924687958,0.002918388234011095,0.0029059016597685634
2016-06-03,-0.006361666837616899,-0.008407108239038277,-0.008199154746352452,-0.008063762273369302,0.021959331010904942,-0.008546783066042528,-0.008713303155651211
2016-06-06,0.0005238989216532126,-0.003375113163862577,-0.0038281148773099704,-0.0039008642806193533,0.0032453337235921614,-0.003374775418190558,-0.003860896226348956
2016-06-07,0.0013744177981573338,0.002240943067173399,0.002107573293667412,0.0021544732316005097,0.002479203042332484,0.001574152516095024,0.0016033683922143513
2016-06-08,0.0021750331228143557,0.001621534381979689,0.001337918355429818,0.0015381685425130249,-0.0037886023948305453,0.001818719518647618,0.0022118575068685938
2016-06-09,0.00011493868017914584,0.001922211424519275,0.0026270182479466915,0.002706133501149062,-0.004199883140611191,0.0026880920032989687,0.002717454432013421
2016-06-10,-0.013348909131866468,-0.013994074129692332,-0.013438302431276762,-0.013192197547362455,-0.021156838109435944,-0.013533929536229568,-0.013308647038808392
2016-06-13,-0.002530028311853425,-0.001945296748087784,-0.0018382443653152155,-0.001918781702707377,-0.005387710746669494,-0.0015962392787540133,-0.0018664677257894848
2016-06-14,-0.0009753486349921038,-0.0007252489668966446,-0.0007170738275849,-0.0007647187757492739,-0.003670221550933439,-0.000658919432530379,-0.0006489922990913099
2016-06-15,0.002199752193911145,0.002753721530541851,0.0026942150685166184,0.0025766978631437463,0.0016427785832962283,0.0021704278831004868,0.002071242334380532
2016-06-16,0.001052592217228188,0.0011718640108977056,0.0014085980995700578,0.0013828688863178416,-0.002546021355907452,0.0015086500423430777,0.0011337463223339327
2016-06-17,-0.00843531001435526,-0.011694999871677733,-0.01086490067811232,-0.010784726923782318,-0.014663448093539144,-0.01159114721283497,-0.011650922498605689
2016-06-20,0.013725521864019288,0.012923179151797767,0.012872740602827277,0.012948910840237237,0.004461220034624638,0.012426735192669222,0.012276503152951822
2016-06-21,0.006069529803486308,0.005985991237305985,0.0062609523654474425,0.006539386827162187,-0.0070145264997351076,0.00627956199682709,0.006513085051175315
2016-06-22,-0.014594819699266745,-0.015462567248574052,-0.014494208136055974,-0.014377011414271246,-0.002446854278535096,-0.014222424121714356,-0.014179849206553826
2016-06-23,0.02009967890144717,0.01864624927493071,0.01831662975834079,0.018268317844944964,0.0224865339631308,0.018171391880301858,0.01793462034612868
2016-06-24,-0.0434331149081658,-0.04123464322330526,-0.04083578376949844,-0.04073951882678662,-0.06265456961216577,-0.040522955715624545,-0.04006343367325547
2016-06-27,-0.02570951854584237,-0.022576447315213428,-0.02215196768281008,-0.02188407857206279,-0.04199211804046188,-0.021231857078827635,-0.0210342985092842
2016-06-28,0.020552681481361478,0.021064836503332057,0.020331767663787557,0.020284611697571238,0.03401866439089729,0.01984743502070765,0.019668975953108247
2016-06-29,0.020439723911653936,0.020149857494621743,0.019898498867278767,0.019696833699584238,0.027944442313603754,0.019905763613691407,0.019709286827575057
2016-06-30,0.014407091674886583,0.014792319397814896,0.014782653913556733,0.014896006970693532,0.006714879160256398,0.014997342013564448,0.015223359882120532
2016-07-01,9.872526773198472e-05,0.0002314373316828983,0.00026594696507809706,-0.00014944857545019742,0.0006372779603775885,-0.00029893361896427017,-0.0007300289244854617
2016-07-05,-0.005727587429055547,-0.00453768969246933,-0.004428456496430308,-0.0045379311316095525,-0.013105849900990993,-0.004210580777386153,-0.004419561903360185
2016-07-06,0.010039423419155718,0.009833925789303866,0.00957590053864038,0.009815706814356642,0.009228017290169033,0.009256349117091518,0.00954309281078155
2016-07-07,0.003759773543521673,0.004171080739933445,0.0039392435348358555,0.0038541006378887523,0.005082417392047275,0.004004071943318573,0.00411156212605093
2016-07-08,0.020238752656569076,0.022038125637428466,0.02194157429298941,0.021873800637592172,0.026216557567223436,0.021698665469400094,0.02149340354500984
2016-07-11,0.0070287206622101795,0.006230968278689661,0.006028526403617213,0.006219481109305553,0.010239805026260526,0.006062952813493654,0.006255317493431681
2016-07-12,0.009330040423025454,0.007677302140490412,0.007818258820235709,0.007694304007795868,0.003619924427265289,0.007247006823580457,0.007370671938137695
2016-07-13,0.005314769123617763,0.004237784593773444,0.004522177626150102,0.004459572278734644,-0.006311965915333909,0.004567209454712432,0.0045734086933330986
2016-07-14,0.004785429289285098,0.00444218858804804,0.004387924270972127,0.004280885199414346,0.010859972297767959,0.004888827905800514,0.004924123726362809
2016-07-15,-0.0008270248059934161,-8.446411525846715e-05,-0.00040745958632709933,-0.0004153128665933998,0.006184382538489103,-0.0005594757142288378,-0.0004967396949868378
2016-07-18,0.003633665405800821,0.004591791114575149,0.004651019620115525,0.0046091352060658244,0.009109035203371113,0.004684327633317567,0.0044003391282146295
2016-07-19,-0.002392441154123556,-0.001155160301053996,-0.0011209783813814008,-0.0002680085921633233,-0.010739622238611302,-0.0010799760499074845,2.9676345606031656e-06
2016-07-20,0.005856670269043231,0.007301800877155366,0.006827193686022326,0.006664501232080394,0.01533306511726748,0.006405724577340291,0.006252472806701409
2016-07-21,-0.011280158951762775,-0.010812166976552016,-0.010605387126891005,-0.010480048664535781,-0.006908558439745013,-0.01169700290465549,-0.011434743144397231
2016-07-22,0.009615864830022481,0.010673171900365415,0.01065653218308657,0.010694285992214031,0.0012299119643439799,0.010450189747816297,0.010520425082690715
2016-07-25,0.000964037680280255,0.0031159498324088973,0.0026205257549197264,0.0024850684045107044,0.008461044853701388,0.0024599772669239733,0.0022160600975147486
2016-07-26,0.010408771120486104,0.010453594701825449,0.010329589474109105,0.010027057710884451,0.0013431613712891338,0.010763710692419472,0.01041820322011378
2016-07-27,-9.405221896478794e-05,0.0001285743723080473,0.00026051993196851036,0.00019719299082599024,0.013249169724876456,0.0005344589436771807,0.0005367197770753099
2016-07-28,-0.0023917623313502124,-0.001942706950991998,-0.0024143537577437824,-0.002356090026866415,-0.006512118748181139,-0.0024025865156200145,-0.0023594223573831594
2016-07-29,-0.0005290217751449079,4.7572162321486016e-05,0.00010460431037433667,5.2740048535841334e-05,-0.01066928867920594,0.0003563784306299869,0.0005379722226102719
2016-08-01,-0.002343268644103356,-0.002232430029991138,-0.002349014886571655,-0.0025340910482082543,0.008274628574584978,-0.001971067622434613,-0.0021129258616011935
2016-08-02,-0.008215067176869392,-0.008766362044768524,-0.009017716051826172,-0.008992776460209552,-0.007841441554738574,-0.008437626117404269,-0.008087133830115415
2016-08-03,0.0027099179662023157,0.0028462973800841345,0.0028332971785498726,0.002903025510825314,0.002301420620192599,0.002929788173205748,0.0027820056125607384
2016-08-04,0.00370862133235986,0.0036493913772450565,0.0038508492149738967,0.003829753142294208,0.00428673351705818,0.0033882874220993444,0.003404727890513499
2016-08-05,0.01044063265137747,0.009246180693113323,0.009144940867542563,0.00894930318522499,0.005044115284800856,0.008432548439685465,0.008422951992624144
2016-08-08,-0.0004053093980617497,-0.0012613456926172427,-0.0011769255826539222,-0.0010403600775464308,-0.004923664777228627,-0.0014888190701364736,-0.0014562725444122124
2016-08-09,0.003775688905383329,0.0030688734713896627,0.002624372607947482,0.002705856178686754,0.009665095477939858,0.0031158505289779767,0.0031807837477915704
2016-08-10,5.079884240893353e-05,-0.0007377017815928268,-0.00035020509608007513,-0.00034265397334900486,-0.0023299477216067914,-0.0005511699998926171,-0.0005005172650859372
2016-08-11,0.008148543717634337,0.009132057709967346,0.009074806494843837,0.008934072973057238,0.005765069761464726,0.009164317901698088,0.00904041101571976
2016-08-12,0.0030870315865552025,0.005370506466478212,0.0053044989102237995,0.005265550185296456,-0.00032383177054084994,0.005131040854757417,0.005034064977776482
2016-08-15,0.004277717904609369,0.004581844697661936,0.004476645899547081,0.0045711621273678,0.011000631941574439,0.004298516216097505,0.004437545319049483
2016-08-16,-0.005676529174380371,-0.007401777884996667,-0.0072766117112964546,-0.007300763601516975,-0.006354551250482065,-0.0071650867555444996,-0.007225224312838173
2016-08-17,-0.0035571487989281753,-0.0030945517081799236,-0.0029458744494574238,-0.003005183960138217,0.0005776437403199052,-0.0030135622578292926,-0.0032270475442345635
2016-08-18,0.006266403209961908,0.0040553118561355486,0.003891385803947593,0.003929211949959895,0.0045612715328982225,0.00390832729539961,0.003829705832125788
2016-08-19,0.0032660683520962137,0.007759904801013084,0.007585697853910171,0.007580850868783502,0.0005458137901666327,0.007640564390777766,0.00768309829887708
2016-08-22,-0.0019576320199002927,-0.001888943019816507,-0.0018017979382445543,-0.0017905443418005662,0.004197559824643676,-0.0019384629305714994,-0.0018484694724015746
2016-08-23,0.004584139293714805,0.005207210113014619,0.005208123428849126,0.0051273251895552615,0.008066521584353725,0.005146050126772543,0.004984883367705369
2016-08-24,-0.009954140191506446,-0.010988401736979687,-0.010766249129378281,-0.010730367022250406,-0.013619160222686534,-0.010626264936887012,-0.010504790737542676
2016-08-25,-0.008138634291516754,-0.0076856410297619195,-0.007719496231494087,-0.007821618379834841,-0.003148349937529031,-0.007758953933926725,-0.008067903099050295
2016-08-26,0.00423617945369805,0.004402937213449266,0.004249731379687633,0.004217058227397508,0.007580496332885108,0.004516110036849865,0.004546729596352343
2016-08-29,0.00454555612337602,0.00330655787498932,0.00355231723663485,0.0036295411423538588,0.0021007334936798032,0.003800179223283312,0.003737867084216736
2016-08-30,-0.00267432413829655,-0.003237630451227781,-0.0031228895509196482,-0.0031004419659113494,-0.002705917314189778,-0.0030581248019949047,-0.0030956111450426587
2016-08-31,0.0007938387015285453,0.001120569167052936,0.001290364980713255,0.0012759081555381044,-0.0009642960170432127,0.0011474005093020084,0.0011958408838027555
2016-09-01,0.005120305955958099,0.003769176114985183,0.004059785389072294,0.004042490990754801,0.001376671470793243,0.0038639539710514877,0.003905569370637909
2016-09-02,0.001955519355701611,0.002388405453288614,0.0021480853009638624,0.00216819727713373,-0.005996296233299013,0.002356592714226805,0.002294440177532991
2016-09-06,0.0024251454816953087,0.002000164324801252,0.0017786270131273502,0.0016709683721004794,-0.001140071006041364,0.0020439549317941242,0.0017458312490940913
2016-09-07,-0.006337074665392307,-0.0052446449469305675,-0.005266181566744614,-0.005212526477320603,-0.006852103974748798,-0.005514476289575769,-0.0054892533787354435
2016-09-08,-0.005134871295053364,-0.00490575999928977,-0.00489629133887986,-0.004935873310035279,-0.000749841258021013,-0.004574711027032188,-0.004624750147884811
2016-09-09,-0.029078515705793943,-0.029378017614631265,-0.029349274049999832,-0.02928496442938254,-0.028088448993933476,-0.028924261143722974,-0.028781195820472904
2016-09-12,0.016679989073455238,0.01616969722746631,0.016101936743419497,0.016012540211577164,0.018581663210211853,0.01584486529171821,0.015718377170993034
2016-09-13,-0.015591046449419872,-0.015220034425161122,-0.015087525389143219,-0.014984162086141554,-0.00761966520009009,-0.015037158042457437,-0.014954177967647832
2016-09-14,-0.005317594937399717,-0.00512842901027947,-0.004889163675601929,-0.004971914255525739,0.011790922908418097,-0.004956102428952268,-0.005167652839376096
2016-09-15,0.01369816891089599,0.014192709204186383,0.013688292379073238,0.013702478325000714,0.015544072168284757,0.014033160075515727,0.014087986880194702
2016-09-16,-0.004497838940218586,-0.003954417133795903,-0.004137774816379186,-0.004271251660626628,-7.817325951221333e-05,-0.004233383191726076,-0.004380579448711939
2016-09-19,0.0015782513318190162,0.0025895570126593143,0.002583022766904986,0.0026545266883321646,-0.004429192492897202,0.002824727253874429,0.002758870760452915
2016-09-20,0.0014809258097752387,0.002363031256496027,0.0026320211302631787,0.002651736247516436,-0.0008036450409225349,0.0021587066237963998,0.0023622423719568157
2016-09-21,0.02006100827958882,0.01924664287477825,0.019215320819648888,0.019434085186102356,0.00938990645486906,0.019436605932361184,0.01952038836044966
2016-09-22,0.00439149243070817,0.005106570224048185,0.005325604193325651,0.0052973445955713265,0.0033517974324482613,0.005123147170909495,0.005197886103740303
2016-09-23,-0.005540444980368895,-0.005265224362795884,-0.005077135748147994,-0.005113686285455371,-0.0041650776942160255,-0.0054247243179937794,-0.005403104589587478
2016-09-26,-0.009333092797592663,-0.009432112265427154,-0.00939048982821901,-0.009328947778211139,-0.007402912137157426,-0.00928316944133062,-0.009358725734557491
2016-09-27,0.011395155420243943,0.011842471534670185,0.01202295683994561,0.011937638751980844,0.013698648588779987,0.012338238164819024,0.012294569053566764
2016-09-28,0.006130124252866584,0.0037592654068096796,0.0036015658889112703,0.0035897369383641473,-0.0008577497750856533,0.0034495469298122675,0.00338667318756575
2016-09-29,-0.012224799777638653,-0.012522301141711356,-0.012167497031515997,-0.012160612020172002,-0.006791452792280493,-0.012223610581698264,-0.01227402894449335
2016-09-30,0.012462972533076414,0.012407979668302609,0.012210752199252385,0.012162498701673026,0.006660428616513281,0.012199217596185804,0.012233541403645846
2016-10-03,-0.0026730906697671358,-0.0030375596219206482,-0.0032498066939911302,-0.003469286475250163,-0.005761585892785192,-0.0029644402661714695,-0.0032631355124651943
2016-10-04,-0.0027390229936545304,-0.0017821414261987678,-0.0018069301249274833,-0.0018292691417733063,-0.005183121156248878,-0.0016299618833862358,-0.0015699569957414233
2016-10-05,0.004933232861659387,0.00459829863722122,0.004523797952158608,0.004361541697779167,0.008112438926669194,0.004834196873592533,0.004711524376395359
2016-10-06,-0.0030479978795206674,0.0021684214234870035,0.0024937819341361604,0.002538763214700194,-0.0038795873317852276,0.002558889099046491,0.0026897004600132573
2016-10-07,-0.002797037285457759,-0.0026423914184773925,-0.00271290346432376,-0.002662412494822345,-0.0026265581365722355,-0.0023257590717240947,-0.0024506033616027126
2016-10-10,0.0007284736561636957,0.0016402648582335717,0.0014932199557350235,0.0015561023621385517,0.0043350328354159195,0.000948121508158368,0.0010199042430892244
2016-10-11,-0.02363751408178568,-0.022731939344081784,-0.022533393590640854,-0.022440549185958204,-0.027384373388094404,-0.02244852224909531,-0.022385815374989224
2016-10-12,0.0005721721451826066,0.000858647562239764,0.00115377724890417,0.0012502458837748546,-0.01235562186436548,0.0011034833911796138,0.0011904595557019264
2016-10-13,-0.006033957605635403,-0.0057636926557141565,-0.005779823865437898,-0.005807373563493692,-0.003823360597339685,-0.006149814675371156,-0.006247868990369108
2016-10-14,-0.0004574957814141953,-0.0002478658085530637,-0.0002517095960696435,-0.000288785665508212,-0.002197588555803487,0.00013670215171553287,0.00014483638624016276
2016-10-17,-0.006173456780268944,-0.0042911055612611035,-0.004302936880606293,-0.004233759799820101,-0.00402601496080542,-0.004463403753631559,-0.0045222933872425776
2016-10-18,0.00915150311621701,0.008427404675091284,0.008177453291659914,0.007381613611058808,0.012649486906461744,0.00793654012951615,0.007183176471913343
2016-10-19,0.0003627740130950817,1.6174866333173037e-05,-0.00011436963460417647,-0.00021398498248722023,0.0005019668245264304,-0.000444239512085326,-0.0005933897865162778
2016-10-20,0.003955412377171102,0.0024183253404104067,0.0022580158705209977,0.002135400689742421,0.006683305307207917,0.0020237877384701648,0.0019399439717012136
2016-10-21,-0.004355603565295197,-0.0023633677887375934,-0.0026098699847945197,-0.0027915807929588757,-0.00013022493575425486,-0.0024032103380843962,-0.0025303441934628234
2016-10-24,0.009641592832184083,0.009198039036304149,0.009187960067414517,0.009204003198954144,0.0031050643995122933,0.009255741915248333,0.009333797029054567
2016-10-25,-0.005115075872533306,-0.006864022514065406,-0.00682556969962487,-0.006805504789653164,-0.00866092046488449,-0.006841974333077267,-0.0069740615196994754
2016-10-26,-0.001138629274148025,-0.00431579810298703,-0.0043592691560358,-0.004354082318678751,-0.007922324817009496,-0.00422950594025644,-0.004296078062893633
2016-10-27,-0.0018071514194726588,-0.0070448084354936,-0.007269751460198045,-0.007274809155663552,-0.0007645679194527855,-0.007153075827063537,-0.007055655342487182
2016-10-28,-0.028870785852184676,-0.030405612403466294,-0.030111960617268313,-0.03011895448980696,-0.000927744511940424,-0.029611173754390558,-0.029842613876719815
2016-10-31,-0.0008745350660259888,0.0002966092232026093,0.000505787570747325,0.0005845810716059777,-0.0002254705878464618,0.0004903115591846404,0.0004370125665486529
2016-11-01,-0.005926190928564008,-0.005206021439102209,-0.00448534248748457,-0.0044764115914513744,-0.007850132734110308,-0.005069502388202221,-0.0049561075009133876
2016-11-02,-0.0031859197187459757,-0.001139914906623604,0.0021973264154764084,0.0022333267722586315,0.002696061885909225,0.0014496558085822107,0.0015520703126116087
2016-11-03,-0.004828035203465613,-0.006565652398934583,-0.0057674219564708,-0.005720117706590609,-0.0014282330511631118,-0.006112711529394837,-0.006227068407196456
2016-11-04,0.00022160124964453837,0.0009224380797671112,-0.0015168836459795512,-0.0015880681975398393,0.004203477417730602,-0.0016718299752337194,-0.0017508264802367662
2016-11-07,0.02783263333236,0.027958543115650505,0.027180904394775555,0.027111281133483312,0.028352622324875437,0.02695904323094705,0.02684455081572467
2016-11-08,5.671819227360232e-05,0.0007324482331705966,0.0006279318389120792,0.0006749521016772579,0.002117086970207025,0.0009904467208064142,0.0003047755513702693
2016-11-09,0.01632833856604966,0.014357702599178368,0.011027834272462815,0.011124209166991958,0.004339985803785167,0.010383667125228115,0.010883957143017885
2016-11-10,-0.010849384870109013,-0.011555366838446766,-0.00786007477883982,-0.00758532599426187,-0.011300457072057903,-0.006583625100714285,-0.006223298370902512
2016-11-11,0.02235574366871381,0.02170977471237997,0.02010395883887549,0.020134629704372478,-0.004085317335366184,0.02084635781874126,0.02085600573995116
2016-11-14,-0.003715330771600909,-0.0028799921049235946,-0.003118717391878418,-0.003017700045607404,-0.01464646673314272,-0.005235586389490585,-0.005270217137385809
2016-11-15,0.0135351453555501,0.013026668099276092,0.01207939410890983,0.012104493974018627,0.009790141226204519,0.01197429732356054,0.0119133559887504
2016-11-16,0.007006132606142009,0.007609500755889058,0.006625678628014962,0.006543381592397153,0.004540507509321935,0.007150353307786528,0.007134943321231176
2016-11-17,0.008046926644388936,0.013314438618439778,0.005252711666143551,0.005313369487316202,-0.0036916529455544946,0.013846344426239181,0.013928227141871644
2016-11-18,-0.0006927216151851439,-9.335010805814676e-05,0.00250786150124501,0.002514448653183962,-0.00567491298121626,0.004270627109154044,0.004184237865644556
2016-11-21,0.004404505051441423,0.0036095683894847392,0.003345998291321746,0.003265821487393735,0.014775385323541147,0.0035354721775681516,0.00357850920083118
2016-11-22,-0.0174757487375371,-0.01718769991389261,-0.002903202341579182,-0.0028959643968163454,-0.020645293584909335,-0.0016637990532243335,-0.0016962066109597294
2016-11-23,0.005518029987479042,0.005083577288214046,0.004400594102866635,0.0044131103210524845,0.011175932348731191,0.003722084030923094,0.0038102974036246197
2016-11-25,0.00592771736519824,0.005449507460078872,0.005405741741815669,0.005413531015194555,-0.003683415711669043,0.004153500468551676,0.004148799846316359
2016-11-28,-0.007579943246777825,-0.009047834895208402,-0.005387173437014681,-0.005372547209902536,-0.013082514041099714,-0.005004700950009809,-0.005010507256354783
2016-11-29,-0.003552034096256067,-0.0032026051137300066,-0.0010660109414821026,-0.0012082836506140243,-0.001720237860804654,-0.0007721159477326087,-0.0007601290216215883
2016-11-30,-0.0008895975596910473,-0.006233460816512645,-0.006906882704003665,-0.006878533446293575,-0.015326779113685915,-0.008918079582352337,-0.008821862523826324
2016-12-01,-0.026650657514626423,-0.02347538734306928,-0.020700268367046016,-0.020686036303193742,-0.026229047751305176,-0.019601996590008063,-0.019604746549851598
2016-12-02,0.005016576103180406,0.002868367781642477,0.004586464746309044,0.004496697004548735,0.0037936357901158795,0.005212692226537414,0.005130584180190264
2016-12-05,0.009636284763629028,0.013439104503906257,0.012404252975969494,0.012437977107164863,0.003044291666014285,0.01260417386413983,0.012678332798899324
2016-12-06,0.007726248931412689,0.003456356373308944,0.0024904138650207915,0.002367028621666571,-0.0005745080269328837,0.002645631093905392,0.0025638546032672118
2016-12-07,0.017710075787780104,0.009462530152136878,0.011776868483708076,0.011787814163346426,0.012836448294325904,0.011422321583168762,0.011331082791106466
2016-12-08,0.007972597008997643,0.009899561015520846,0.008929137410007101,0.008987222454731733,0.002014284056993748,0.010110636300593714,0.009859977405722612
2016-12-09,-0.00024054248888071003,0.000946182852677784,0.001841846711729264,0.001888792052963577,0.02308058473552437,0.0009421720905703942,0.0012101087689963693
2016-12-12,-0.006007219058205167,-0.0033793034244304016,-0.0011210989383963913,-0.0011036449901315284,0.0009011182206387081,-0.00243755900091036,-0.0025363180471026595
2016-12-13,0.004712822890540698,0.003948115195860383,0.004074782818151803,0.004054037614137261,0.005163679431675404,0.004166675617999934,0.004177095452437755
2016-12-14,-0.007134823879139963,-0.0061042809301565535,-0.005857006768117948,-0.00586247590903068,-0.0007179479243087646,-0.005494979025028228,-0.005479325104438104
2016-12-15,0.006993908333332915,0.006470006010395114,0.006494015461034666,0.006494583361032279,0.003928473194722994,0.005994817739717446,0.006050510578534866
2016-12-16,-0.005206091126857062,-0.0027494406567942606,-0.003142058531752344,-0.0030954237306469222,-0.0048907842338638905,-0.003413401965295082,-0.003316087232724705
2016-12-19,0.0044451618420929635,0.005068813566412797,0.006342445364248625,0.006321135575426278,0.0020952820123388283,0.006550831524664987,0.006442891309115387
2016-12-20,0.0027298699710130974,0.00048529783062178835,0.0015338233175163697,0.0015475196106795796,-0.0008479343790892171,0.0024003967777886637,0.002369683747509154
2016-12-21,-0.001083356338187882,-0.0017760738216547965,-0.0018638618968724763,-0.0019024152300500061,-0.003435385506782934,-0.0020986313936427834,-0.0019600200956316205
2016-12-22,0.010896041160196917,-0.002316051237502704,-0.0011876548860181475,-0.001161622747101745,-0.0049961269010629725,-0.0019784531143027637,-0.001961921830666398
2016-12-23,0.002671295124237969,0.0031000626398167653,0.0012118793268994894,0.0012160905918881628,0.007630751934562899,0.0009628513747967434,0.0009183678864920573
2016-12-27,0.006210880494957285,0.006697761854025863,0.0072319884397153995,0.007155604883046651,0.0042206998078572755,0.006712719194131268,0.0066300177870824845
2016-12-28,-0.014547571205708095,-0.013457174779198904,-0.012594765494299652,-0.012538034348416266,-0.006067569516016465,-0.013018979199837277,-0.012981799395559159
2016-12-29,-0.001649112342736121,0.0008913921675925468,0.0010180203677834859,0.001029708021948277,-0.004267699606334255,0.00024484331001189226,0.00020135831335579252
2016-12-30,-0.009891115463018216,-0.009449128799874569,-0.010100874772121281,-0.010070408398514889,-0.009696748908958573,-0.00993538143889046,-0.009936320250709993
2017-01-03,0.006123089665182105,0.0037839053715661296,0.0033924238854043144,0.003304147367319623,0.009160535466256794,0.0020846392530449558,0.0021913312589872816
2017-01-04,0.007590284364952555,0.00841168696116465,0.006759947351344114,0.006722483014451287,0.007548551002572054,0.0072818349703934115,0.007193289339943387
2017-01-05,-0.0029946665661710926,-0.0006058774436131629,-0.0032853629755637192,-0.0033554173381348164,-0.0069478840518846716,-0.0027462002378957845,-0.002764634535648693
2017-01-06,0.007003740047455488,0.008354163191743298,0.00613868532461386,0.006160610216358608,0.01110583964426904,0.007208513573966966,0.007238307670557077
2017-01-09,0.004019067967839153,0.0015809298222896,0.0021038448504788606,0.002063300062988732,0.002039061881843121,0.0026528093583277996,0.002488648848949525
2017-01-10,0.003617650175161813,0.004584656119324295,0.004617336547474616,0.004669228904833536,0.015034888029929742,0.004004013284736836,0.004008622470510526
2017-01-11,0.002101597520528934,-0.0005106748735322693,-0.0031545317537123594,-0.003160955483114149,-0.00496050027215196,-0.001897018110624009,-0.0018914581209939184
2017-01-12,-0.005132537600377265,-0.0020204452947115803,-0.0015806384302327944,-0.0015606436889019758,8.355886357318265e-05,-0.0008318695570294966,-0.0008916261128111861
2017-01-13,0.004784698191085931,0.006805626343666386,0.005304700198853965,0.005207307940203393,0.0031654943164108676,0.00530379067756222,0.005282520134525682
2017-01-17,-0.007172045737641249,-0.004915611042881975,-0.004955701619261681,-0.004938984367781327,-0.012733597697599165,-0.005231399597003366,-0.005234762282597411
2017-01-18,0.008053640003171925,0.005453172359749665,0.005213035070177643,0.005232089718760911,0.009069361009114964,0.004838783761425609,0.004806537946229945
2017-01-19,-0.0009501340869001839,0.001337144700728279,-0.000900995362849268,-0.0010303030543112376,0.0005892290968424127,-0.001042577478734815,-0.0012226103994825216
2017-01-20,0.00414402467585125,0.0014588859735930257,0.001717433636137706,0.0017263386363471835,-0.006485316473795966,0.004743624424524352,0.004704486521947834
2017-01-23,-0.006026936294898562,-0.002980159287960989,-0.0016823152711461888,-0.001671714896434567,-0.0035922886613642957,-0.0016391104702135869,-0.001593538536494642
2017-01-24,0.023463763497226384,0.017812589888953057,0.016509704184668142,0.016462788764380214,0.009878560012037282,0.017053016364400996,0.017021562533035602
2017-01-25,0.016148681105904433,0.010819851747489067,0.009611287633538182,0.009661484290301163,0.009282677569656603,0.011002844186933643,0.010959531117662312
2017-01-26,-0.012820460993088059,-0.011582286453684426,-0.01093660331131983,-0.01090755826245336,-0.002746730684076243,-0.012896722322827976,-0.012924586883717752
2017-01-27,0.005644748917974063,0.004312772181855176,0.005168050950425017,0.005083150596088255,0.004916248754333316,0.0036370636541799657,0.003380670625164798
2017-01-30,-0.004000413699303342,-0.005105832083081488,-0.005260547485294214,-0.005233580186940969,-0.005367553500618176,-0.004579478545855391,-0.0046781803601103605
2017-01-31,0.004216017877637195,0.0050528077157546624,0.00311476930179024,0.003110104467149455,0.005004392210482281,0.0031251652101479603,0.003164882471146749
2017-02-01,0.004001876628745763,0.0018506405681955758,0.002132446725746085,0.00213214911581298,-0.0022652892954964365,0.0008714474497777644,0.0007974748857945091
2017-02-02,-0.0008236165299543281,0.0015331321174051325,0.003787007901284141,0.003908011428925539,-0.00029631996073600786,0.0017004530519377596,0.0016181239204923878
2017-02-03,0.008982641861666254,0.012257242691688626,0.0092831633509966,0.00926343881007355,0.01734708777646002,0.009335881276333178,0.009360155169050857
2017-02-06,-0.0023552120494209784,-0.002212865920816331,-0.0016158119272468394,-0.0016079032946138814,0.0024618870524077308,-0.002111455593674369,-0.002063981967247102
2017-02-07,0.005371865294327109,0.005952240415681719,0.006108320078497244,0.006044740395517057,0.007304678967087678,0.003282390480870922,0.003251334373258962
2017-02-08,0.00694729780844399,0.011405411369536695,0.009791366009113818,0.009770749805440817,-0.00980348358990284,0.009631739634814012,0.009614693189246432
2017-02-09,0.0062924467054930495,0.005559478274909326,0.003910954540074033,0.003937504374927108,0.006134656641629488,0.0026765254240148605,0.0027498368420256552
2017-02-10,0.0004067654286378793,0.0034055350509564286,0.0036143769028394645,0.0036205804708986655,0.006210729944347487,0.004850853478762429,0.004853023733602191
2017-02-13,0.0038346367747101465,0.0024943955173213767,0.003122421058977549,0.00318436113745092,0.008859748644888216,0.0025364640054506282,0.002558013338348035
2017-02-14,0.0011181495479572002,0.00556510400426972,0.006043677149392596,0.006101274882347927,-0.0011173491972773601,0.006112503524559417,0.006211432978480618
2017-02-15,0.004355620851975803,0.007113744980812002,0.00943756324732867,0.009440916204150593,0.008660733507708934,0.008086066759027377,0.008096041093997948
2017-02-16,-2.0956626233952533e-05,-0.0005706515117162879,0.003255974065032776,0.0032648921945183677,-0.0013062912280444503,0.0010630693076996284,0.0011686704149994722
2017-02-17,0.004266247321200067,0.0027556386200772755,0.0019983122689084774,0.001980328549293219,0.018185454366133166,0.002751826490581441,0.0028061107895743496
2017-02-21,0.010738166032459114,0.010543663966517193,0.011014778709307851,0.01101346402673627,0.014948198290540901,0.009494827197803821,0.00945468440610778
2017-02-22,-0.006521806743698518,-0.0058069068308386,-0.005567882410203443,-0.005596161989684185,-0.00685928514881672,-0.00571764587186433,-0.005750565078260115
2017-02-23,-0.010463924960206747,-0.010326929851673158,-0.008662443181055864,-0.008640820977454345,-0.002702004395704209,-0.007491579611054348,-0.007419068064839612
2017-02-24,0.0027856995128870445,0.004597263315495656,0.005254265394378271,0.00527187863958363,0.00260156295665422,0.010226636318333567,0.01009768512111831
2017-02-27,0.0038690910293428405,0.001060413326643643,0.00044352286109606616,0.00045624227205793715,0.0060079812657320986,-0.0017480785281010786,-0.001798960118384318
2017-02-28,-0.00788468413260994,-0.007299604744248152,-0.006417056644597524,-0.006359459053134998,-0.0010168922252391242,-0.006281080720212406,-0.006538240893535613
2017-03-01,-0.004515417505281274,-0.010262935279852958,0.010507202607089199,0.010514957128521959,0.009333926657627018,0.009545512690465403,0.009680439059342624
2017-03-02,-0.007738293543089197,-0.0059906483196433425,-0.007028733104591244,-0.006996902820456091,-0.007615720487906199,-0.005968508439278287,-0.005562748760501143
2017-03-03,0.0059052041248041,-0.002050338328271921,-0.0016448308453892578,-0.0016322832579457219,-0.0010353440992858696,-0.0004136768224882259,-0.00039521423811837486
2017-03-06,-0.0028316190309732262,-0.005229759309054357,-0.004827823459976273,-0.004908053991603953,-0.0038515922799507527,-0.004779883594583154,-0.004947817716459439
2017-03-07,-0.00348086954849459,-0.004187750342604893,-0.0039042801894403315,-0.003888920319959815,-0.006854334630539258,-0.004004428346896527,-0.00399615712844636
2017-03-08,-0.00045197307880225714,-6.76371529529954e-05,-0.000798908980815637,-0.0007874022608313905,0.007251640850921151,-4.1500605577369154e-05,0.00014526808479589374
2017-03-09,-9.739519230971802e-05,0.0023266270350666652,0.002047031487046619,0.0020589314803959296,0.0002763396123333466,0.001152831397656581,0.0010332759170613487
2017-03-10,0.006747086227985845,0.006180648343069735,0.0037455158815459565,0.0037555842089668644,-0.0036575942983596383,0.0042274557964489395,0.00416685252382502
2017-03-13,0.0025162443558202456,0.0004973036348821095,0.0009693726786218135,0.0009146522055906184,0.0040495740822829585,0.0009328562586785525,0.000840517529290914
2017-03-14,-0.007295296129029838,-0.006354252324092693,-0.005652779648405862,-0.005642859273866139,-0.00526018582098331,-0.00579391013566864,-0.005835113669223901
2017-03-15,0.013002198793552204,0.011758632673430426,0.011880515551257676,0.011853144883742346,0.01102423308361942,0.01161556601491768,0.011591821822911892
2017-03-16,0.0017201474358614515,0.0036730123585059895,0.0035964806969493207,0.003624325279412548,-0.003432456540458835,0.0028830210177313307,0.002955416691117296
2017-03-17,0.007942588074265925,0.010658006549480428,0.011649768830983998,0.011633197587170399,0.0027512596769514175,0.011437537020563018,0.011396890569511244
2017-03-20,0.001575082986669852,-0.0017807305751896968,-0.0008934563347602115,-0.0009260499564202866,-0.0014805012853802333,-0.001130525708313122,-0.0011882674953257817
2017-03-21,-0.01781614263056576,-0.018347160281949406,-0.016146170523947956,-0.0161003278973672,-0.021002375968492516,-0.015252397686942231,-0.015318182190389707
2017-03-22,0.011345538814510819,0.007198816893606837,0.007166040845852687,0.00714964711914963,-0.002109393843698404,0.008003353570077988,0.00797260296953288
2017-03-23,0.0033443953209908164,0.001732995838469232,0.0012944380131041581,0.0013071771261038792,-0.006280060514475355,0.0011083912645293986,0.00106433309663954
2017-03-24,0.010328221858756868,0.0028147202124072885,0.0030682483639659077,0.0030543340019988452,0.0010245628076903657,0.0032331972908742645,0.0032288892022731925
2017-03-27,0.0043495351382221515,0.004243041908197728,0.0038425710952988447,0.0038027861442293653,0.0069849995355158725,0.0026459665966318486,0.0026563006861257373
2017-03-28,0.0061869543461714185,0.004995453033140662,0.004168643352759477,0.00417518825238531,0.0035781616454228227,0.003383922665660932,0.003364484265539467
2017-03-29,0.0016847694506672253,0.0020770290324957255,0.00014125136461252242,9.561274969264781e-05,0.011032891120054084,0.0007335463467491121,0.0006994704342935735
2017-03-30,0.003507732485435912,0.000815779085715184,0.0008378596317712879,0.0008142728371067888,-0.0028680036450885733,-0.0008278221885899922,-0.0008969708252390302
2017-03-31,-0.004715372465406554,-0.005429169789709809,-0.004528851606452301,-0.0045288516064523,-0.003292325229545691,-0.004274582957208237,-0.004274582957208237
2017-04-03,-0.009315078051356085,-0.008856974536539771,-0.008105525796562612,-0.008092406640295141,-0.0042254911510706565,-0.007091125826951615,-0.006974590429174334
2017-04-04,-0.005076563439326547,-0.006111181634598541,-0.004725345691611857,-0.004683271004156796,0.005837201893411859,-0.005723141581616873,-0.005670187479546881
2017-04-05,-0.01035542186972238,-0.009649104851650528,-0.009332864519359534,-0.0093188236309232,4.53355894879749e-05,-0.008104712626179834,-0.008046955175592492
2017-04-06,0.007009908248649637,0.007701618609899142,0.005703844080092277,0.005688368695867423,0.004302176507589683,0.006365462126987377,0.006220274212637717
2017-04-07,-3.126391076592938e-05,-0.000896808791889549,-0.002373203302277872,-0.002266438096986172,0.0016620616861664247,-0.0016522156803259408,-0.0015382914133156593
2017-04-10,-0.004073018827972988,-0.000804705725600459,-0.0007310410897633958,-0.000792105991414198,0.0030437191671082407,-0.0014411780993811708,-0.0014756931706457188
2017-04-11,-0.0025036076361061475,-0.0018057871110526472,-0.0029104771493559086,-0.002912757863817651,0.0024687760679782712,-0.003079516132789694,-0.00302874821440871
2017-04-12,-0.010941533643407919,-0.00735039828766059,-0.008020470738130048,-0.007988572254426195,-0.003088630236568795,-0.00789670382009582,-0.007865336544840588
2017-04-13,-0.005658963451623773,-0.006178984536494431,-0.005686486067221436,-0.005589706195255336,-0.004473256567676848,-0.004867831921349088,-0.004763540263042133
2017-04-17,0.008336093464055413,0.008835613625308037,0.011194980683474534,0.011056107762436703,0.011245757225641004,0.010893923447643832,0.01060865101570858
2017-04-18,-0.006010914899512545,-0.005125218224737694,-0.004328631127228946,-0.00417234108029085,-0.0021611431670692603,-0.003381017413022766,-0.0037524899233889724
2017-04-19,-0.0013770763637606857,0.0028965144228687793,0.002750231409093378,0.0027987872782558616,2.6208754652812263e-05,0.0029498436161655623,0.0029284426030220575
2017-04-20,0.011656203803622827,0.009483866631914337,0.010207986526235295,0.010185941113224036,0.009894882129039717,0.009738213320721318,0.009731219286452469
2017-04-21,-0.004518548864083776,-0.001552738316293909,-0.0013607337510108891,-0.0012869233766936345,-0.0034519235315826407,-0.0009167458950077806,-0.0008128604123528374
2017-04-24,0.011057603463282892,0.015034427215788205,0.015210146413432128,0.015163145924307371,0.01236538128722491,0.013265505348356956,0.013201235392658649
2017-04-25,0.007176818844502838,0.005536220466811112,0.005356034541855699,0.005136411541599475,0.008093202125798676,0.0049841856705331615,0.004765103628811711
2017-04-26,-0.007451515702139897,-0.002831880782389886,-0.001955684121322109,-0.002143073521910703,0.004323186946929692,-0.004471657246372796,-0.004596137907347818
2017-04-27,0.00925456426546742,0.007562048688531841,0.007702945517169811,0.0077333270874457094,0.0025375145222081034,0.01464579055393056,0.0144759957784727
2017-04-28,-0.003283629706760091,-0.007607135305539784,-0.00535920686240063,-0.005372992303328846,-0.005287073515582305,-0.006845759799983122,-0.006748722552466032
2017-05-01,0.006867599850139195,0.00739395302290577,0.007007746843119412,0.006876428745453791,0.006700079640485141,0.006953811909167677,0.006767388061623748
2017-05-02,-0.006365819458946911,-0.0033830218074637503,-0.0032685727743349737,-0.0033138864917161594,-0.0050520081143794,-0.005483787148447028,-0.0055015633604814295
2017-05-03,0.001664903220572733,0.0006934189907508162,-0.0017448644658009122,-0.0018446994637232078,-0.0016291078405611251,-0.00116460658895681,-0.001197662885841357
2017-05-04,0.01151694892822765,0.01400242005955069,0.011920291658771653,0.011869618092970316,-0.0014710246798347547,0.01283756529612089,0.012885309833533063
2017-05-05,0.007770819364479538,0.004840489204683855,0.004864739706787155,0.005037685247621239,0.005266420457262716,0.0034867102231977516,0.003488938492868284
2017-05-08,-0.003181768740709275,-0.002565971698962917,-0.0031813486312697605,-0.003143559239870344,-0.0057850975223752285,-0.003927175201200108,-0.004012120763730745
2017-05-09,0.008941454596869102,0.005479053286758601,0.0032164716070521757,0.0032001816082725585,-0.0041175219662830205,0.006695252913737866,0.00667524010268664
2017-05-10,0.004831157591716736,0.0020230212024819325,0.0033235919146035473,0.00338995285913508,0.04565392771755698,0.0115199233391809,0.011587242538910447
2017-05-11,-0.0013499853447633127,-0.0003968464927669006,-0.0002585907362721128,-0.0002038149688233726,0.009123401578533818,0.0028222087643647526,0.002975248755806865
2017-05-12,0.0018693085989791277,0.0017450418590634143,0.00016078438887282475,7.07971405905089e-05,0.004160500762005688,0.00011741280331252019,1.2251458730909719e-05
2017-05-15,0.0075002725593520106,0.009734951994299723,0.009330837756105452,0.009318445209768891,0.0199556694936419,0.009958395398419678,0.009979692213566291
2017-05-16,0.004182506205426835,0.003088265023514946,0.0035926586687706195,0.0034385332179655997,0.003694866320637554,0.002841231126640936,0.0026755007410070152
2017-05-17,-0.03336123597185006,-0.028404581732666922,-0.025951050677276776,-0.025693965848651714,-0.029550058044294395,-0.026985833521451952,-0.0267803620356632
2017-05-18,0.0038266519274719277,0.003462173508699795,-0.0025158836488754833,-0.0025455280307419203,0.01533193512081529,0.00652202538691088,0.0064881408779650885
2017-05-19,0.01968441677775365,0.016018652502274515,0.013285318021930548,0.013216533417628292,0.015293704872060275,0.014965305436404392,0.014856422533441417
2017-05-22,0.013383187390143289,0.011984751536616827,0.012768369608549547,0.012611237252755314,0.011521265034764328,0.01381471317020311,0.013636862802079262
2017-05-23,0.004546653150853148,0.004280773340476436,0.004056439846610281,0.004014442278083463,0.00021243327024824288,0.004913255948821198,0.004860725197880429
2017-05-24,0.00589580397297793,0.003761519449515747,0.0030978909241144827,0.003194215802836565,0.005415452576516711,0.011869715383768813,0.011872095125089386
2017-05-25,0.005984737623959764,0.006878607404999904,0.0070261943745240606,0.006979378565842594,0.006126140431938626,0.00654921694284241,0.006513234990474485
2017-05-26,0.0012643980054596088,0.0016964759066836318,0.0014728829354854112,0.0015046463693637404,0.002739905801428244,0.0038123378287951296,0.0037224591999440284
2017-05-30,0.0016074972924190307,0.00048555015607245857,0.0017686061931578016,0.0018083446790655732,0.005310888835129086,0.004070724303741459,0.004040758401776815
2017-05-31,-0.0013834931713195301,-0.0007719529015167793,-0.002461244637439623,-0.0023641137671427735,-0.0014427567931671046,-0.0010357465493975406,-0.000983923955742674
2017-06-01,0.026985368822129534,0.02571907272983357,0.011107981147577587,0.011071552590939792,0.009402306756534225,0.009860784773220475,0.009841242011960382
2017-06-02,0.0033519114071521115,0.004115599105618263,0.005159230448856012,0.005207027789055973,0.0022082940055827135,0.005643245569386004,0.005654515913549971
2017-06-05,-0.001313862857267238,0.0006853668465130883,-0.0016306851558529185,-0.0017828475094147744,0.00761746384297476,0.0011789230401592625,0.001189265099308058
2017-06-06,0.0006148036093617907,-0.00015667252010602897,-3.109834305849615e-05,-8.883937040218262e-05,-0.004522326774770644,-0.00045075643969568,-0.000513924361475101
2017-06-07,0.003947007653829656,0.0007192734730183375,0.00023541370732946916,0.0003283046675012066,0.003609674187615532,0.0011647396770084332,0.001125663707528037
2017-06-08,0.0017217821065750373,0.0007592460367471705,0.0011222630734187855,0.000976819997967489,0.0218851055953173,0.004348369402583185,0.0043159711732254444
2017-06-09,-0.019242721605621543,-0.014953216905160015,-0.01195610761310024,-0.011753470991418736,-0.017068565177930824,-0.015663231432730965,-0.015330881210129288
2017-06-12,0.0031343392291049723,-0.002230096412436244,-0.00179822237956158,-0.0015010840867597855,-0.0026342941196690153,-0.0014884870607923633,-0.0012574504634754787
2017-06-13,0.009796166559457205,0.007663179948990745,0.007849896938868518,0.007755585069886063,0.007511071217027829,0.005462731410798024,0.0053378325732765415
2017-06-14,-0.003929616920654035,-0.0007631683559451524,-0.0003415963787492111,-0.00024167567285605387,0.002965530141612919,-0.0011734732930693608,-0.0010644353587653318
2017-06-15,-0.005585652541024844,-0.005083499772249445,-0.0037459180845104655,-0.0036566691375790614,0.001843944780515962,-0.0042388220664641,-0.004220371670670295
2017-06-16,0.0002850791332355704,-0.0031243239160925296,-0.0026792634529839965,-0.0027573168751493364,-0.001566766984604025,-0.004978638683960734,-0.005044748872791089
2017-06-19,0.015657267562183982,0.009986792376174761,0.009139731108520302,0.009133421295873915,0.01848813012174662,0.00975020551449849,0.009643572768820389
2017-06-20,-0.008195408468385883,-0.007689749325360992,-0.007018399331176186,-0.007024888912256185,-0.006325854642622733,-0.00612894112744605,-0.006125729441491769
2017-06-21,0.00774741199677699,0.004288214366279798,0.0035090805259834646,0.0034091893067457035,0.006621649425879681,0.0057044994397375285,0.005676823171442603
2017-06-22,0.0006279272705768254,-0.0003826253206476815,-0.00253919610604199,-0.0025319384428084467,0.00032823606728416,-0.0029239591055355255,-0.0028763071766405857
2017-06-23,0.005727402441322313,0.0036549913807847867,0.0027307964206988665,0.002579234158628598,-0.007439788121948371,0.0031394518991400134,0.00311231171269646
2017-06-26,-0.0009752709149021154,-0.0017055145413764278,-0.0003580998272233442,-0.00036974833310851114,-0.0026078598672503494,-0.0026648378813125466,-0.0025818606438804876
2017-06-27,-0.01606560883275194,-0.014358282199735633,-0.014097866380672399,-0.014103611536163171,-0.015081994893994269,-0.016205936165871983,-0.016163748177769714
2017-06-28,0.011496907207249663,0.009846026390964142,0.010030368509751862,0.009926154700758543,0.016337151813501333,0.010221915023096753,0.010030078769551783
2017-06-29,-0.016490013114138436,-0.015642595894188475,-0.016349019831276818,-0.016439873515279972,-0.016292870083200562,-0.017479211858681648,-0.01752594308126348
2017-06-30,-0.0033088244934188016,0.0026552182128875266,0.002976548431738062,0.003044993552022485,0.0008809833676738819,0.0009796813685001048,0.000999686556907828
2017-07-03,-0.005211570907614046,-0.004325135700160857,-0.0034955895858642385,-0.003398621440887677,-0.013049314874019138,-0.006347766615165447,-0.006216132179297012
2017-07-05,0.011288015438029441,0.007601969394145325,0.006846028881012729,0.006885786824175073,0.014443284704285774,0.00851282258420436,0.008477573850417046
2017-07-06,-0.008590266562986136,-0.007930789165929262,-0.008253936192735218,-0.008324978354328967,-0.009237274723936898,-0.006277278739784226,-0.006361623663814865
2017-07-07,0.015011091291736266,0.015053633860580945,0.013091113958380309,0.013049237771390311,0.012225401003009598,0.013743286338612283,0.013592274336468878
2017-07-10,0.005688589390332958,0.002587000725555677,0.0016554728992049868,0.0015832292159321875,0.010964463067793305,0.0020998795426697293,0.001930743047078751
2017-07-11,0.005200615260532466,0.0022172887627496638,0.0015938529779709971,0.0015199950917596239,0.005238756838782832,0.003098134098070684,0.002980770172792869
2017-07-12,0.007152560690491135,0.00888911085228633,0.008645589732749327,0.008540332924824676,0.015528486578316396,0.010743543122941375,0.010611433422431019
2017-07-13,0.0013745089187407172,0.0042496898007735,0.003682452337560041,0.003658543683946303,-0.002889672967653475,0.0023068494451737712,0.002327377584796097
2017-07-14,0.004767133556826183,0.002774359177577002,0.0043927999536660526,0.004382735412864029,0.013430946846564904,0.006196688556469172,0.00620370896976255
2017-07-17,-0.0043624602131383215,-0.004077601240505023,-0.003647450290507938,-0.003673385063635971,-0.005914348620862376,-0.004730805741006301,-0.004798601909800328
2017-07-18,0.00092790514488314,0.0001837112510912123,-0.00024859993201194674,-0.0006404098084371676,0.0028367927787015506,0.001357065769897143,0.001042274863264696
2017-07-19,0.006628747922914652,0.008526304715381378,0.00877957321563481,0.008758707957700477,0.01140099540761769,0.0067932840742273,0.006549502183438586
2017-07-20,-0.005953507237820739,-0.0049464053716960004,-0.004279316730093058,-0.004288440815790995,0.0038210276851702234,0.0013212640848759133,0.0014196157359674633
2017-07-21,0.009643638724057055,0.009757610354336574,0.01023835539163761,0.010214015292080532,-0.004013024666088109,0.00913806053641197,0.009049086947969617
2017-07-24,0.005424224296143164,0.007616116927851629,0.007086800744629712,0.006960863827138473,-0.0023148526135063803,0.007949246427246107,0.008007429276692903
2017-07-25,-0.003500970760367945,0.0024184089552661938,0.003133885944991218,0.003129752040009469,0.0020598545787462266,0.002171034865609621,0.0021155502987829466
2017-07-26,0.0006641802497625408,0.0009928903227539893,-4.111585486760665e-05,-5.0572383104479716e-05,0.0033515208567150958,0.002099462468588451,0.002100738475818234
2017-07-27,-0.010617420458817781,-0.012561603193564749,-0.010128808465765695,-0.010111686276971645,-0.02473021766987072,-0.010998134304066534,-0.0109146706229791
2017-07-28,-0.006432356689457104,-0.001980960937823868,-0.0011052376151208952,-0.0010552362830383002,0.0004788452340305963,-0.003566555264439723,-0.003487990079345033
2017-07-31,-0.006710620605177762,-0.0009815529656152244,0.00016370357669289086,0.0003524765766050527,-0.006288079460568856,0.00022582549544698934,0.0002504231084689768
2017-08-01,0.0031517655427826066,0.002832273879012859,0.0025515703721373587,0.0025176800978903434,0.0029892550505707977,0.002669290476017539,0.0028268097729395375
2017-08-02,-0.00688572767200137,-0.008022157422877329,-0.0070374408995241295,-0.007019449266512534,-0.00045375798780954396,-0.0070149702262878606,-0.007034324072362785
2017-08-03,-0.00038839526617707727,-0.0010626760803843132,-0.0011862268665579997,-0.0011285980503772765,0.0039373262883122305,8.680968287888593e-05,0.0001494007934342685
2017-08-04,-0.0035260603308752345,-0.0021594876526831023,-0.0005514385063364225,-0.0006617154938714999,0.016996254608515893,-0.002565536336416162,-0.0027507066586940215
2017-08-07,0.007307602656494351,0.00850228880143413,0.008147347729846904,0.00811748261685856,0.017483535807993607,0.009452149885884106,0.009384972371116516
2017-08-08,-0.002547312865209809,-0.0035464319450482554,-0.0030194891626516836,-0.002912337265024744,-0.006166817163945515,-0.002944083261335941,-0.0029969165906135555
2017-08-09,-0.001382119025123734,-0.002902814899748714,-0.0031434045824260746,-0.0027453842210379445,-0.0033857784781405704,-0.0024381291877290097,-0.002037643598810316
2017-08-10,-0.024496668110300615,-0.021702525274993868,-0.02176945395278373,-0.021481276224964367,-0.02540651211076726,-0.022208372571696382,-0.021859265993974232
2017-08-11,0.005838562629769662,0.005907137930827971,0.006381634736973671,0.00641845400039117,-0.009763310156764678,0.002829353481279883,0.002823524656237141
2017-08-14,0.01894370195157749,0.014871356958523946,0.01428685404607858,0.014332289826646277,0.030679483613058254,0.018148222611757105,0.0181177333507299
2017-08-15,-0.0011913537646864938,-0.003195338321263624,-0.002897003605037897,-0.002847692583737893,-0.002891492050369991,-0.001848706417962653,-0.0018177188571183583
2017-08-16,0.008804143678179858,0.008393856749917604,0.0081466317063626,0.00811124283848915,-0.002540748421827804,0.006120840546342877,0.006100010961280627
2017-08-17,-0.022449817925207866,-0.01939624954183886,-0.021354387930906327,-0.02130811023112229,-0.021328060406918422,-0.019873361093182496,-0.019780319032353375
2017-08-18,0.0019420012670685121,0.0008136074799188918,-0.0009892083864474958,-0.001000407237213135,0.00040059230441512317,0.0013856667847532832,0.001235859819523564
2017-08-21,-0.0018545955286566496,-0.0005555843066853151,-8.703585157075079e-05,-2.8566384980604633e-06,-0.00046747204277567295,-0.0004957791301838511,-0.00045524309726858374
2017-08-22,0.016470191523971296,0.01466228230584477,0.015405422521138776,0.015469103106983342,0.016574732721837397,0.015230991591571017,0.015251309765768483
2017-08-23,-0.006718140076143303,-0.008692177951976274,-0.008421761139581896,-0.00845256972319042,0.00249043353490915,-0.006157239968048548,-0.006363320451118059
2017-08-24,-0.0006773892613432925,-0.005627645043576959,-0.0055620191305962635,-0.005574152385366198,-0.0011993891653661005,-0.007194326288983087,-0.007248256922389447
2017-08-25,-0.002137319967322258,-0.002243515638369614,0.0004969243779101637,0.0005977531635269846,-0.0018943088384762673,0.00048258553278143394,0.0005682575114058345
2017-08-28,0.006725077637532898,0.00453109024555421,0.004387045623722968,0.004377713758566707,0.004190436644532558,0.00370363985692964,0.00362531976370495
2017-08-29,0.0014556892255778446,0.001366107268640698,0.0006478813196909896,0.0006383273798158942,0.0007901330949926141,0.0011667216099470088,0.0011529807606780428
2017-08-30,0.010135363908253954,0.011705969718567258,0.01112955677910347,0.011003714039536526,0.011648819741285468,0.010807584231832576,0.010681802433925027
2017-08-31,0.0024981724208634542,0.0054514246617376515,0.006146056156285215,0.006153107774026466,0.014528241326918776,0.006724840865462559,0.0067991563512064335
2017-09-01,0.013155169862294216,0.010217068635705711,0.0008489069693814012,0.0008255904594083623,0.004098593057426672,0.0011430861864224528,0.0010297640531589853
2017-09-05,-0.0068747225935442465,-0.004818254557682659,-0.005025009434812728,-0.004995773599810026,-0.01548500647360857,-0.004229860735083341,-0.0041377355039060254
2017-09-06,0.0033923937403728915,0.002052525285476837,0.002333377026668844,0.002316236172386821,-0.0045820727646266645,-0.0007926563440621414,-0.0007451462489303557
2017-09-07,0.004466818087555264,0.004623127083689141,0.005007982812291282,0.0051056933155722815,0.004293234496703602,0.004166123010770133,0.004384792536550545
2017-09-08,-0.0005305947730450285,-0.0007659602992754999,-0.001564142977120754,-0.0015555388767908107,-0.004930609861156922,-0.0029128784290336786,-0.00291260126582323
2017-09-11,0.013456045177312193,0.01147244511398564,0.012903648239957675,0.01268352137929815,0.018440631219055856,0.014116420458517846,0.01390683138509054
2017-09-12,0.0037860649597681465,0.003471500756050894,0.004932653054029634,0.004882783140015123,0.0023044387029721356,0.003255839181422002,0.0031884891515137157
2017-09-13,0.00039271983933193005,0.002526796317312417,0.0015344034925047392,0.0015021982994293584,-0.0022890248347942808,0.0031725497842374894,0.0032175846040414713
2017-09-14,-0.0018867065287817826,-0.0021179987241142628,-0.0010564730104396965,-0.0009374231375914603,0.0024454957089507278,-0.0018141027158118967,-0.0016797107133555568
2017-09-15,-0.002824789998591094,-0.004534505860361492,-0.004555759964527997,-0.0045817215014831965,0.017238031859961714,-0.0014165120857739743,-0.001398154000090124
2017-09-18,0.0071987794214501,0.005649575927808026,0.005855806954554351,0.005912215692843873,0.019151633916365866,0.007859124913946533,0.00783189512820275
2017-09-19,0.0020225555088268345,-0.0010575544346772445,-0.0008961893645632484,-0.0008796932720175202,-0.0014515590659370389,6.930839879501656e-05,-7.170932027932578e-05
2017-09-20,-0.009294391081662294,-0.009711679598452677,-0.00876385017525842,-0.00870968399640428,-0.008278817302606477,-0.008814859115335456,-0.008857358804631609
2017-09-21,-0.005626387119474228,-0.00551548592141662,-0.0040846059931317884,-0.0041825583251758405,-0.004049529262851209,-0.006923879348285726,-0.007039467482795202
2017-09-22,0.0028327063747946093,0.002868244743085716,0.004545414491202493,0.004605540235823145,0.0011383272724946967,0.003333301576586728,0.003363846280258605
2017-09-25,-0.016968196833799087,-0.015442258623304152,-0.013004635540527254,-0.01283280113904633,-0.019454428924962294,-0.01793871253648153,-0.017730591315895345
2017-09-26,-0.0015953905270651022,0.0009901695035443407,6.058371085655259e-05,0.00010814805884116055,0.0008649646913920783,0.0006032500771429568,0.0006715425336494823
2017-09-27,0.01993678915556839,0.01440065918855412,0.013548923986067496,0.013554724305674138,0.008699784202198996,0.015454467587879772,0.01531983913528936
2017-09-28,0.006022451629518758,0.004912608582317138,0.004056355449024527,0.003968456398486876,0.00031810657335539866,0.0022061912308467112,0.0021845066109206805
2017-09-29,0.010727976968126317,0.008679088238933994,0.0073384810145569095,0.007346275703524593,0.008464679254685371,0.005784734435204911,0.005771403546993908
2017-10-02,0.004926393449995979,0.004571577564678204,0.0045753699954724615,0.004679071296557292,0.0014323813133205994,0.003564009574251158,0.003581074253219345
2017-10-03,0.0020454443045297924,0.0007681223886890269,0.0010748887020788555,0.0010630850173301962,0.0011178667095771055,0.0007276832048509991,0.0006092114553200857
2017-10-04,-0.0005565161601478499,0.0018016374078265393,0.0016831258923299462,0.001505361606676192,0.007649012430792812,0.00285240361896891,0.0027295882755561875
2017-10-05,0.004806106019750132,0.006123950840742922,0.005595754612745468,0.005310924007555676,0.000501434991660591,0.004379729396841509,0.0042261841828593345
2017-10-06,0.00377358527154763,-0.0030401004057278368,-0.0037647816914110513,-0.003843931508660685,0.0014429621438414937,-0.0020506055583931677,-0.0023893624829823307
2017-10-09,-0.0011707844864747143,-0.005628763335022362,-0.005106547271105138,-0.005094596513971671,0.004836882674293237,-0.003521982205793907,-0.003713221224341817
2017-10-10,0.004984132929965367,0.004221159723615467,0.0010193157370198041,0.0011124707987141417,0.009602112597843751,0.005384527184351233,0.005362243510875655
2017-10-11,0.0002844647539997993,0.0015516437696362914,0.0025197212603166614,0.0025332175035905377,0.0020515830787010583,0.00374278311929599,0.0037572541974963806
2017-10-12,-0.001479584296763545,0.0009636787030501045,0.00044366796157452836,0.0004400981477063157,0.0008351764778281109,0.00293915182499071,0.003124356458251842
2017-10-13,0.004384454533254895,0.006789520589550532,0.0063312399513259475,0.006254757159779376,0.008292454454735532,0.0062389210012712155,0.00613467596423284
2017-10-16,-0.0006814370971880188,-0.00376193636854232,-0.003020695486017556,-0.003159096800263748,0.003344421468335701,-0.002981791695628507,-0.003072816806059075
2017-10-17,-0.0023060448741545887,-0.0004353046511996561,-0.0003847490243318964,-0.000297189144594761,-0.00043965468808593343,-0.00026150581337238484,0.00038173482800636877
2017-10-18,0.005033680094148867,0.0020369716900189914,0.0017714570319761337,0.0017395693863328726,0.0027871892693053573,0.0028174978828756007,0.002920282264725886
2017-10-19,0.009825862376300268,0.010789890609082321,0.011587673143791095,0.011680286893313106,0.0034983058397901577,0.01190345188654566,0.011891722906591693
2017-10-20,0.0075443484876767325,0.00909473445599758,0.010371037368576244,0.01027610759236877,0.0041006167400592635,0.00999564247008696,0.010020650917311224
2017-10-23,-0.00028078128110592464,-0.0007893069819853302,0.0002608968231802799,0.00019336559891297653,-0.00018111062753415719,-0.0005142659617236507,-0.0004275608191102253
2017-10-24,0.004530410696909021,0.004031439919217288,0.003980040369085728,0.003926722680240404,0.00530724778878983,0.0032676719927936396,0.0028124932131000234
2017-10-25,-0.00395063041136072,-0.0013870554478664784,-0.0013236119789095827,-0.001013092293136594,-0.011426763602086921,-0.0011533162948493497,-0.0008993833580953302
2017-10-26,0.00686254684826446,0.007649596886903361,0.00728394773283604,0.007143820633627047,0.0096185950273664,0.008398833213240175,0.008265931608856358
2017-10-27,0.009356272727407647,0.009772495288427706,0.011558373621169108,0.011583736936183262,0.01214215533198866,0.01372335077586423,0.01375077621399832
2017-10-30,-0.002312109578495964,-0.005193031038252363,-0.0065830481537707325,-0.006497332130873647,-0.0008643252544825267,-0.005443679183175584,-0.005454571300485799
2017-10-31,0.006285918796936295,0.0038286528039470783,0.0043055546548261565,0.004257252763390976,0.0058741210325469265,0.00401064027017267,0.003925212191047184
2017-11-01,-0.005384315012834566,-0.006563100076109751,-0.003527915286711616,-0.003548997396617906,-0.006181331241733701,-0.004178044961683894,-0.004124133178045115
2017-11-02,-0.0037277179812055788,-0.0035481250852672907,-0.0035275066180449253,-0.0034605039489397794,-0.0006731560781204673,-0.0011438812291761176,-0.0009990437181115282
2017-11-03,0.007376415733100712,0.006097004164095902,0.006017150714856148,0.0061008590915551,0.005561145518871755,0.006576107635053699,0.006661838019812433
2017-11-06,-0.002091847833020576,-0.002305179496248067,-0.002547387541165026,-0.0026065127015772924,0.0074572438233935934,-0.0021864484687380103,-0.0022683883679903045
2017-11-07,0.0020200885452150937,0.00039607288392679734,0.00034953523815650926,0.0010076836219035385,-0.005965579929186963,0.0013994141124409189,0.002149910907198754
2017-11-08,0.007443836854719792,0.008583939369315343,0.008607535471077826,0.00865290382119939,0.0032792749107000106,0.008476806563992011,0.00857641186939453
2017-11-09,-0.00879779782998551,-0.008607125174335572,-0.008426135875763359,-0.008437230404926355,-0.023328649409310558,-0.00741314388370728,-0.007418702620369813
2017-11-10,0.005851933115178086,0.004345714717368165,0.004317781082341668,0.0043751047210380395,0.011596766083578833,0.006890080958142544,0.006927444119244971
2017-11-13,0.004320495058584839,0.0013057964332871463,0.0013556898806555456,0.0013636055223839913,-0.008790856623184056,0.0008863803549609388,0.000693959562085487
2017-11-14,0.0009459743497547756,0.001062718903269393,0.0011283265138707327,0.001182199513822884,0.007321213696231018,-0.0006822278942154104,-0.0006474902146092882
2017-11-15,-0.007923489579281216,-0.008518591219059358,-0.008479404847760073,-0.008425197255601534,-0.011822054170929804,-0.008544853446151985,-0.008503763021855905
2017-11-16,0.012600710028680339,0.011957694206383476,0.011875412365044635,0.011763614203335538,0.010640632622319278,0.015925114514802576,0.01584678961720968
2017-11-17,-0.0026038214247103915,-0.004008316791306567,-0.004035655716530928,-0.0042315325402091895,-0.001408343320973382,-0.005270168234675225,-0.005356792871964341
2017-11-20,0.007430983824268678,0.005715708313312047,0.005674800499842552,0.005679031310509376,0.008224862906859212,0.004478606362075061,0.0044252747382072105
2017-11-21,0.010245098576251515,0.00775222321087642,0.007838751553175698,0.00789917199791817,0.00693074302316058,0.007932634152063755,0.007989058791046857
2017-11-22,-0.0025087947626299643,-0.005030641531459897,-0.005007553370495397,-0.0050117976598471545,-0.0025533681212093363,-0.00505202459364155,-0.004995651758751086
2017-11-24,0.00649679965658584,0.005530984674879705,0.005467777738640989,0.005501729572307222,0.007112274268327953,0.005220028709854456,0.00525383245009472
2017-11-27,-0.00633672621030224,-0.003950377261679762,-0.00393699959083638,-0.0039020088693780294,-0.01604842429169816,-0.0057122171548332325,-0.00557676320587977
2017-11-28,0.009149725844335032,0.009478457340605475,0.00966216938867239,0.009706694923483123,0.008354819885249028,0.0075782381329099575,0.007661437954627885
2017-11-29,-0.027933724529088953,-0.01832843423946707,-0.01800894115218977,-0.01775573525785979,-0.03981065755938342,-0.02213289903660647,-0.021880428037895926
2017-11-30,0.0037711465018009653,0.00998811456579277,0.010061221983730564,0.010080511957678086,-0.0032311135752155864,0.010625520628538724,0.010823665327651976
2017-12-01,-0.006047520498630735,-0.006032341130626791,-0.005948068025634157,-0.005963828464920542,-0.00822910762135176,-0.0070174517311051565,-0.007020275494366653
2017-12-04,-0.014737611577368536,-0.016804029406637385,-0.016617979438157043,-0.016414271962553427,-0.030320138839351633,-0.02524070320595881,-0.025343198660075717
2017-12-05,0.001112460651261807,0.0012245360453813948,0.0011763964358742266,0.0010899569699442029,0.006141911744953709,0.0036749676943810803,0.00369994053463899
2017-12-06,0.0037358846806258006,0.0042213144600009396,0.004171691452716965,0.004103528682949979,0.0046526628259052965,0.008641570988462377,0.008625016022764215
2017-12-07,0.00620635918603552,0.006045658339911335,0.005986829522178072,0.0059707483938062885,0.015907613803652267,0.005121816294649707,0.005050401270142325
2017-12-08,0.007231989370453513,0.008081120489081052,0.00816400469462209,0.008112929092336523,0.004247079824129757,0.005006031315306453,0.005029272573718902
2017-12-11,0.00524889823391267,0.003562548051761631,0.003476955793806332,0.0035761604868675186,0.0018389312461860475,0.006768041065651468,0.006854399864041429
2017-12-12,-0.0020250266095426903,-0.002653015416942066,-0.002648072552053483,-0.002552184628408205,-0.012407483656302681,-0.0021321820355570233,-0.0020648962026020264
2017-12-13,-0.0004328059289143813,-0.0006613268820323141,-0.0007166755392277473,-0.0007780371780633223,-0.00019094910308886963,-0.0022826508855426047,-0.0022550820949908115
2017-12-14,-0.0023732493572044757,-0.0009145978698245037,-0.0009983171372673137,-0.0010471049971492606,-0.0016304748533609828,-0.00038070389538849835,-0.0005205577624508777
2017-12-15,0.009383479730828159,0.009933038658058639,0.009846146667729466,0.009988404911193427,0.011232558210352572,0.010781424950490845,0.011019426845581557
2017-12-18,0.004193321498527034,0.00308131835824291,0.002855643964770551,0.0027460959930772915,0.019134540586037384,0.0022438843713952364,0.0020002838830795447
2017-12-19,-0.004139372221171244,-0.004389407611158873,-0.004370661735821687,-0.00438503358928234,-0.0021086326328162673,-0.004097888302238693,-0.004046488662977661
2017-12-20,0.0023675691810596503,0.0018478909572576425,0.0017983999267827107,0.0017694370075253217,0.007874156014764279,0.0006586486339206201,0.000645618505888998
2017-12-21,-0.001975550220809018,-0.0023500450605084696,-0.0023899182160443187,-0.0025216593461018263,-0.0075750964017339915,-0.0029864983414906064,-0.003132542527489611
2017-12-22,0.00015255971701375658,-0.001315361209763119,-0.0012481964288888155,-0.0012844557145399878,-0.002067114090078475,-0.00234210720563813,-0.002410527839691488
2017-12-26,-0.0009393963122674389,-0.001568533845074144,-0.0014911672016833584,-0.0013276165761287072,-0.007567798859194416,-0.002852484201258137,-0.002661418586307446
2017-12-27,0.0014694312562906436,0.001382999881296821,0.0013762432406191653,0.001407605854968821,0.0029958282199236126,0.0023218849711073033,0.0023875475985994433
2017-12-28,0.002470454103169615,0.003461333044565134,0.0034866348239784807,0.003412335697492274,-0.00021022361054310375,0.002110213652559208,0.0020350650176753277
2017-12-29,-0.0054505432664041864,-0.005665177288744836,-0.005587767224460248,-0.005536172589814608,-0.010503943600593231,-0.006319630530196501,-0.00629970864894926
2018-01-02,0.014214039398762753,0.013389696898265274,0.01301972326283752,0.012814284600835377,0.024375308010224545,0.012758940230826816,0.012554504238411878
2018-01-03,0.011845992695618817,0.012168440520143646,0.012056526604105293,0.011842694107372384,0.026941037236728,0.01394774957541704,0.013643794575521633
2018-01-04,0.005979449636490669,0.005640824770120303,0.005522102054750033,0.005571668867917217,0.005127232981624412,0.004973608540099019,0.004981011827967774
2018-01-05,0.015222570909109168,0.01598489434606708,0.016044582218513573,0.01601529870041047,0.007025571163137795,0.01450300094819563,0.014738305136080453
2018-01-08,0.0019466508419643173,0.002511881886725091,0.002326799165528701,0.0021804330829699728,0.010278144995658016,0.006705944194916896,0.00654269569419224
2018-01-09,0.002229724779823525,0.002203901770184766,0.0023815785217635127,0.0023461746928713327,-0.009485359944166952,0.0008600029879630223,0.0008072547740004777
2018-01-10,-0.005136932188208303,-0.0056884201870229046,-0.005675401899367834,-0.005833391357586234,-0.0067844046269943,-0.005191228698588136,-0.005336646320161228
2018-01-11,0.004793567892608035,0.005051790075263874,0.004999487876729717,0.005023342272849216,0.003695147068584562,0.0033594517697852285,0.00325410344176477
2018-01-12,0.012602049737696738,0.012049600940619192,0.012138465804273175,0.012087667717382955,0.0049941557559945665,0.008310506865281314,0.008200299484863973
2018-01-16,-0.003526130074398877,-0.004616663982303799,-0.004602990224108277,-0.004774134762994655,-0.005091579211577052,-0.005970915408613009,-0.005979057930623219
2018-01-17,0.01629419414785211,0.017869715109665014,0.017808150983389618,0.01798635570457397,0.026495598176783215,0.01907352676724202,0.019064947534610712
2018-01-18,0.00169669174135278,0.0015745745911432932,0.0015350445832369994,0.0014342280638985861,0.004222909630238842,0.003486646701482181,0.003445141443002765
2018-01-19,0.007554967746093627,0.007524126162243514,0.007495812402233514,0.007607303845304642,0.0034543926891266244,0.005607618872152827,0.005724930038710481
2018-01-22,0.005548588811034231,0.005358125488385706,0.005346019219410842,0.005347367666754126,-0.006420490457567923,0.005177080520495194,0.005141024917295998
2018-01-23,0.0016263975250893035,0.0025214637067217686,0.002425591918093857,0.0018819114989199284,0.011421998980450298,0.003306802286088088,0.0026472951272550065
2018-01-24,-0.0033532220216754088,-0.004609571080609524,-0.004437592689098761,-0.004527584260864457,-0.0213720056049638,-0.006193892714241793,-0.005783343122370745
2018-01-25,-0.0038034201328350247,-0.003775692003736814,-0.003553932143525302,-0.0035743896639715157,-0.010170975916744082,-0.0018392720652848822,-0.0015452160116145221
2018-01-26,0.013797884622325734,0.014142446345768176,0.014080562477079403,0.014160699727838495,0.021059994054509902,0.015164802497237768,0.015150651606074013
2018-01-29,-0.009234307469871366,-0.007473822077987235,-0.007548430598069159,-0.007708856436714074,-0.009367343259128346,-0.005127280715968612,-0.005285191813431016
2018-01-30,-0.012069401448643411,-0.012190174114727441,-0.012202816677121895,-0.012071804209079252,-0.016366141391842524,-0.012238641808717346,-0.012282959047505702
2018-01-31,0.009416384128582056,0.008639880538967823,0.008448908449304607,0.00839877703771013,0.009081946629118615,0.010523150294508956,0.010151738523515638
2018-02-01,-0.005644629836123199,-0.004532378364883863,-0.004411051325118823,-0.004457481431636511,-0.008624466515010849,-0.005321211571123199,-0.005279628306475817
2018-02-02,-0.023685354523649615,-0.023653889182935504,-0.023452667105215687,-0.023417608436339336,-0.0305154475259694,-0.023127800290052333,-0.023180296522841978
2018-02-05,-0.03664885470603671,-0.035278744093378056,-0.03522409379759369,-0.035375737289337655,-0.05484846960184085,-0.037360464400379656,-0.03744291886737699
2018-02-06,0.025054164886667413,0.023882205423876497,0.02387992198913562,0.02371078155299194,0.05153999696913047,0.023800723112230436,0.023478749718704103
2018-02-07,-0.009132389828435781,-0.009465041863534704,-0.009332768261635404,-0.009176611000456192,-0.026553905336622847,-0.005397964609076077,-0.005520527789108371
2018-02-08,-0.04234755696096431,-0.04207494220168132,-0.04201491431663668,-0.04188240729220042,-0.04506319371681857,-0.042416412757979575,-0.04226868490638204
2018-02-09,0.021401385423584905,0.0218603428439195,0.021804096961404656,0.021976562326922352,0.023703488959361974,0.024542752764315667,0.024765568846554443
2018-02-12,0.017163981540807526,0.016870355748531803,0.01684054191104923,0.016681880593274363,0.016239325161842726,0.015413960557711926,0.015254351438186172
2018-02-13,-0.0007582976793908425,-0.0007040414797710233,-0.0005745525552824384,-0.000479962821768362,0.0020521268601843582,0.005311836156549477,0.005336946734590833
2018-02-14,0.020392640450132542,0.020014704294463437,0.019829700183799297,0.0198402783314722,0.03086446876013006,0.02173005206553051,0.02150889750853127
2018-02-15,0.0173861314694587,0.01838360023275911,0.018335678798137692,0.0183007128945542,0.007292604985039477,0.020337880661399466,0.02021947219502076
2018-02-16,-0.000342120470108436,0.0003156427023242648,0.0004548436331729619,0.0004815091661286706,-0.0029943767921197626,0.0026612621072975716,0.002888032795078687
2018-02-20,0.0008617034358575084,0.0005450006946530646,0.00036752832085639597,0.00026225636326137735,0.015538520520046999,-0.0036444689727807445,-0.0037590259493301918
2018-02-21,-0.006693982942541098,-0.006246951549311359,-0.006154962074614613,-0.006268219666989758,-0.015169374103426888,-0.009134495060459427,-0.009280224370816399
2018-02-22,2.010322093985763e-05,0.00023922124692117518,0.00019952965418990282,0.00025990801432010244,-0.0020194368203436254,-3.2998681074661307e-06,3.451888270566018e-05
2018-02-23,0.014971532406257758,0.014545908657965572,0.01453693884571503,0.014548858546656572,0.024507068152527893,0.01470827784254298,0.014735606621680098
2018-02-26,0.014756311082084233,0.013646561174123084,0.013571325679600711,0.01356327002280828,0.014347581219913414,0.01355026619146682,0.01359457958057996
2018-02-27,-0.022426487228359614,-0.022501622392734868,-0.022488679334543973,-0.022657338732877674,-0.002572960806054511,-0.013004082481121016,-0.012992218634839126
2018-02-28,-0.010756871954060982,-0.010324595394447583,-0.010384899207784657,-0.010690945877188336,-0.0025447248425651266,-0.010672985404093543,-0.010977823251073287
2018-03-01,-0.013674917336201763,-0.01438677809918646,-0.014343795583418783,-0.014338730170431758,-0.012590964663110195,-0.017623601218485756,-0.01762691711212777
2018-03-02,0.01026056607815449,0.010423694335812753,0.010418996418848114,0.010352038317380371,0.01569942530002106,0.013357468387648355,0.013371649955349497
2018-03-05,0.006937547595073526,0.007491325174425946,0.007520555011048011,0.007381004117906752,0.014569971865056375,0.008327067097440417,0.008237669488523953
2018-03-06,0.006197074345057269,0.007245494230300767,0.007171320306940403,0.006962114355413259,0.027937695190022878,0.005754282911069138,0.0055926592823558295
2018-03-07,0.0037875588357806165,0.003293186226479877,0.003152297253418621,0.003193056709340046,-0.00012485100904539382,0.0049693237443765165,0.005093433686050759
2018-03-08,0.003666669422624991,0.004404928098107985,0.004433867717829852,0.0045521560479540365,0.004045750787541406,0.0047190586242604905,0.004860663966402011
2018-03-09,0.019891752307655997,0.020045500453815767,0.020172523876232414,0.02006624390839337,0.03071300103746727,0.020818484358708516,0.020752272517531936
2018-03-12,0.00011443220414734609,3.576844919270251e-05,-2.1735417384556622e-05,-5.067573886894253e-05,0.02257789618718619,0.001589172119777589,0.0015966561392529864
2018-03-13,-0.00918596216098813,-0.007724127800624504,-0.007663729880831972,-0.007612061390742884,-0.00843636344138567,-0.006056029537193727,-0.006002046049263332
2018-03-14,-0.0028416966292994115,-0.0030725457472789586,-0.003064915145051005,-0.0031714146909667517,0.011628743808042949,-0.00377485033010337,-0.003883094446977755
2018-03-15,0.0022762186621566394,0.0027059470645797,0.0027459586208623955,0.0027241935235382078,0.0011235844170254805,0.004195531617223812,0.004151307570209613
2018-03-16,0.0005041488883535296,0.0003741236875887023,0.0003566854372436264,0.00038289263514714063,0.000980121457886991,-0.0006383998419579259,-0.00042861140637499644
2018-03-19,-0.014576123236865218,-0.0142361080040697,-0.014250710537054895,-0.014189718968261362,-0.016111683775053072,-0.016212126193706156,-0.01630026712102899
2018-03-20,-0.0024171104214863893,-0.00274633274539123,-0.002645429854030619,-0.0026744211754269323,0.017661844207027988,0.0007089680098979186,0.0006762962586043752
2018-03-21,0.0006211005366196686,0.00110937019561225,0.0009640336797674638,0.0009422532884134862,0.0009419347199923658,-0.00012780835580769711,-0.000221694480124284
2018-03-22,-0.022034450102238794,-0.021875007741142205,-0.021849500826878532,-0.02184852161469485,-0.025763860391568992,-0.02827998558886436,-0.028146834529907284
2018-03-23,-0.02468807248233842,-0.024405793634044194,-0.02431997181837417,-0.024189438711307333,-0.04479688067310644,-0.025509043626082903,-0.025500877138606243
2018-03-26,0.03815697207282458,0.03730650940905845,0.0373849086657038,0.03720393041394198,0.03282603272076324,0.0398726039884517,0.03968961376447545
2018-03-27,-0.028104512549403382,-0.027924438503038676,-0.02772652045765903,-0.027602261419281078,-0.04025466667343224,-0.031827535079439806,-0.031555552636250504
2018-03-28,-0.008237718036439764,-0.007918359205887954,-0.0077666805783890135,-0.00755470707812111,-0.028248120491750236,-0.00890736488090014,-0.00853392012643974
2018-03-29,0.01828831547029736,0.018133084897572756,0.01796617087812173,0.017941979383062072,0.020870496740566593,0.021121000212420735,0.020927965165530932
2018-04-02,-0.02890192706845123,-0.029235022169562974,-0.02898580774520838,-0.02881285223265843,-0.033349296326652546,-0.028185562164709837,-0.028118270649893237
2018-04-03,0.011820563186101474,0.012033237861731614,0.011907702383400606,0.011908308004729239,0.016919636027259922,0.012459738920443286,0.01257321076389318
2018-04-04,0.015869712736558995,0.016005386029931304,0.015798818011790967,0.015698029733667865,0.015743282054425732,0.013314725306689389,0.013304761911508622
2018-04-05,0.002559337371953606,0.002661692768477629,0.002550435144989601,0.002351648257388335,-0.01660627687532287,0.0005840610439394564,0.000500349383269499
2018-04-06,-0.02500096037753034,-0.02487845742637678,-0.025019382441674114,-0.02498367635733374,-0.030900729643755294,-0.025606163942695187,-0.025543587015815754
2018-04-09,0.0031769926647580125,0.002979828907805346,0.003186763304558791,0.0030889820998609187,0.003845827483484365,0.006545628621068559,0.006543737761467244
2018-04-10,0.01911057651046963,0.018928354790867675,0.018647522896064812,0.018552293295006093,0.04042461596362853,0.02210972235217408,0.022033062384961246
2018-04-11,-0.004354902013551642,-0.004656290139942304,-0.004738267003170951,-0.0047677101038835394,0.001442235012025575,-0.005950875584876603,-0.00598773202636068
2018-04-12,0.011228209080180617,0.011582920729241606,0.011805412533304244,0.011699872076658064,0.015356657927582363,0.013858619330609293,0.013664217252842935
2018-04-13,-0.00435201183054522,-0.004509815825337448,-0.004740267232094766,-0.0045410154397383185,-0.007094162686567593,-0.002563661533319563,-0.0025316464325452993
2018-04-16,0.007716229750196543,0.0084107430243659,0.008469520671007941,0.008481235962075544,-0.006629333791611166,0.009699885769896633,0.009789521862017632
2018-04-17,0.014566476444631929,0.014584039684711914,0.01455034249660548,0.01443712104825663,0.02306350650984301,0.01775032562654729,0.017630420986466888
2018-04-18,-0.0008351144830300059,-0.00022271473700123608,-0.0004169950922885358,-0.00029594095028994614,-0.0016525404194530746,-0.001867800958354212,-0.0016387052234666602
2018-04-19,-0.01696626792551133,-0.015426471317996876,-0.01537422203439383,-0.015282341764886706,-0.03314974364958165,-0.014693851550039709,-0.014789856955783054
2018-04-20,-0.010564406712540551,-0.010153027848651035,-0.010179351429538894,-0.010133214872961482,-0.005527248809133436,-0.009893218478583566,-0.009870496120415276
2018-04-23,-0.001816550759056043,-0.0014299171506159385,-0.0017262555191814054,-0.001582868175261137,-0.01821857871422767,-0.0039019873251008464,-0.0037025662328162676
2018-04-24,-0.014127192314305863,-0.014493971271648854,-0.014453726668787529,-0.014651789838935787,-0.0208970972182306,-0.015704688733510008,-0.015728880946883936
2018-04-25,-0.0026939447979697833,-0.0025195714225620777,-0.0026350028030415595,-0.002438303023543155,-0.005208854833635446,-0.004506016699269244,-0.004322175839829791
2018-04-26,0.019870795228177553,0.019010832620725743,0.018927123843988373,0.018562779538522027,0.029415258933546767,0.017531058347275284,0.01742435363194976
2018-04-27,0.0007264080208239126,0.0006122535781825567,0.0004934927103461944,0.00036929336384096276,-0.017029298159140012,-0.0019606001188299375,-0.002054165910622025
2018-04-30,-0.006435712000361929,-0.00695554838420262,-0.007631519688323162,-0.007491533674437257,-0.013747294014807796,-0.005996082350230271,-0.006085845214024704
2018-05-01,0.010834670711510452,0.012185781918813384,0.012150951366520963,0.012252861662289581,0.023738925347982987,0.010916713028407741,0.011014729734952098
2018-05-02,-0.0037285866592646744,-0.003955952417515225,-0.004089751044713357,-0.0041689613790487495,-0.0021442447316109958,-0.006611920443496377,-0.006688725901754545
2018-05-03,0.001759473804103402,0.0015943235391740105,0.0017192493991498054,0.001983997935717954,0.007182267339849149,0.0036630994011582554,0.0036666329479203797
2018-05-04,0.019480435692994968,0.01860022186741559,0.018572813561045166,0.018497249309603305,0.016549221499475485,0.017971759962348052,0.018079942376474388
2018-05-07,0.007754598431388739,0.007827114923863841,0.007880168858194888,0.007867931337283515,0.019203068004961247,0.009309719546685743,0.0092233966155395
2018-05-08,0.003701343035402017,0.003991783212457754,0.004006085202197608,0.004028315253946232,0.004192764862168467,0.003048217715491335,0.0028014966943938533
2018-05-09,0.01563225450209482,0.016372780055974537,0.01642248516873086,0.016427849248293845,0.02096831019792323,0.018452691343257,0.01835799395649214
2018-05-10,0.01207042963799506,0.011258270198503159,0.011350521862742926,0.011228494854496156,0.01589349921192436,0.012668405012158712,0.01274875963350171
2018-05-11,-5.83686837104636e-05,-0.0001865952999088421,-0.0001023342407793444,-0.00018160166371208693,-0.010240267856272621,-0.0025847291351321073,-0.0025194827973060202
2018-05-14,0.0012540269648037025,0.0004721248250318359,0.0005518491610941418,0.0005125354688308741,0.00860815961968361,-0.0004328321844235052,-0.00048383181718946047
2018-05-15,-0.011304037439730342,-0.010880662909091858,-0.010928399007897334,-0.010904413159783896,-0.005354900451065192,-0.011490407591247021,-0.011494978397508043
2018-05-16,0.005466844606372659,0.0049707849328004235,0.004894883942834992,0.004881103130468302,0.01707036317689444,0.00579055276935717,0.0058559408127851756
2018-05-17,-0.003781421887454369,-0.0035229005652140564,-0.003490297427507264,-0.003375789339725389,-0.008314703685279149,-0.002114123324781781,-0.002079226296921788
2018-05-18,-0.004581449636400408,-0.004882955186912241,-0.004815716469369385,-0.004814208162231306,-0.01796062247869611,-0.006342218479299563,-0.006242206264175818
2018-05-21,0.009860270000888585,0.010059043493887736,0.009995813967263754,0.010064292039317703,0.014468266045038048,0.008362738149136755,0.008285446907715883
2018-05-22,-0.012419668488569662,-0.012522854335572922,-0.012369558979815011,-0.012562720252120785,0.01099343458465279,-0.0041120493494991115,-0.004175858607449214
2018-05-23,0.017430328137925596,0.0165751907416698,0.016542501245278445,0.016459057915907245,0.0071003297797363,0.009688666734122678,0.00956149893579925
2018-05-24,0.004968731009513197,0.0049383292918613346,0.004989865300426196,0.004772357239891607,0.003692883133714801,0.0019219783061725523,0.0018885932515709724
2018-05-25,-0.002840198435078576,-0.003601933817932976,-0.0035769725427392657,-0.003709873138997339,0.0027612773498736786,-0.002829594562777278,-0.002767308596201654
2018-05-29,-0.006357546092335317,-0.0064427883999361125,-0.00684537463403087,-0.006595789450968106,7.345052258735945e-06,-0.007176602944062439,-0.006992951269631989
2018-05-30,0.013820707746575542,0.01408861280350866,0.013956255524164768,0.01380786232231308,0.005613655663736905,0.011761716056761896,0.011706986305574926
2018-05-31,-0.0040005089903351575,-0.00414505416974395,-0.004167179657961604,-0.004009604213123085,-0.017729858529225456,-0.002513589081092191,-0.002472823536881344
2018-06-01,0.016688883360915882,0.016643592451478083,0.016643358729223807,0.01641911437701211,0.025793360251399017,0.018468580976733283,0.01845446329460348
2018-06-04,0.00587725200906826,0.005894433789521216,0.006077133503347698,0.005918042795809149,0.007097601310451541,0.005646506840565328,0.005596432243150509
2018-06-05,0.001600953124864533,0.0020129953499404556,0.0019129656838183105,0.001944620951738261,0.005632704121567974,0.002999130222711506,0.0030868539826801196
2018-06-06,0.0068073729679504055,0.006529681080962465,0.006304611247159017,0.006043897118807308,0.00173334140341357,0.006842653535657378,0.006823425740724494
2018-06-07,-0.0069944995698525995,-0.007353780308889794,-0.007352168855923903,-0.007159746577408307,-0.010473155063003498,-0.010304759404481568,-0.010316648080474163
2018-06-08,0.004441246424607032,0.004523339273001449,0.0045167859670295725,0.004495405304304016,0.004618626178874215,0.0034321481647592946,0.0034904615400284927
2018-06-11,0.000781293781466572,0.0009571747478115656,0.0008286668312546173,0.0007942190227247712,-0.0019559339072556443,-0.001482789126816085,-0.00148004769565162
2018-06-12,0.004167126427736968,0.00426960965848824,0.004179433608287322,0.004296080479094649,0.0042564473432138115,0.004893308346280286,0.004957649435176685
2018-06-13,-0.0004097430492378441,-0.00023474487478707546,-0.000133848162000319,-0.0005490972145385288,-0.0020510042269814874,0.0009031641472028245,0.0007136338210719995
2018-06-14,-0.0017763121853577274,-0.0018049385060545224,-0.0019322244452070576,-0.0020767816908893264,-0.0013443805888958874,-0.001240049678755194,-0.0011743363505186124
2018-06-15,-4.2334161490409226e-05,-0.00048059377587878404,-0.00037482162564351346,-0.000397398783509576,-0.012312046649906712,-0.0018351875109411178,-0.001811215977126854
2018-06-18,-0.00421444109644545,-0.003899935807013241,-0.004065732752194194,-0.003802518299391326,-0.002462987798568031,-0.002940336068644033,-0.0030512552976779514
2018-06-19,-0.004428170159025383,-0.0047046310769626905,-0.0047229896343298425,-0.0046124233714923985,-0.0035312301490909646,-0.0048393887894085325,-0.004839471418684283
2018-06-20,-0.0027270556314803324,-0.002834164559300561,-0.0030178364063080713,-0.0030086825485454703,0.006151962441398658,-0.004157200069588467,-0.00426191642724545
2018-06-21,-0.0034683016751467224,-0.003950224307767105,-0.003825346598797491,-0.0038499249065634226,-0.004819216902063621,-0.00576152097416029,-0.005826595168701042
2018-06-22,-0.0051352218908053,-0.004748373689600041,-0.0047926717367295195,-0.0047162668972276865,-0.015436722098179237,-0.005222297893918557,-0.005035452651875591
2018-06-25,-0.013677326642503566,-0.013261560456563808,-0.01331905374583732,-0.013128880803602338,-0.04399092571699591,-0.015720768620945944,-0.0155503958046828
2018-06-26,0.002760147689157997,0.0030395786743014626,0.002886366732064832,0.0028220784268069904,0.014489682217344362,0.0043029863019874645,0.0041987211775728756
2018-06-27,-0.016389682495482814,-0.015918289773072167,-0.016060697331531815,-0.015837439774111887,-0.025081050415626544,-0.016593356274478534,-0.016585189920605353
2018-06-28,0.009015618166292786,0.00866168587683216,0.008729298247233027,0.008679157734635902,0.0042315973876846736,0.013962747822963225,0.013916220128418807
2018-06-29,0.0013086855346004416,0.0014220425932477542,0.0014274666632455456,0.001670637453928594,0.0012778325958597797,0.0016433664152345278,0.0017462478012479795
2018-07-02,0.00516769765822826,0.005276062981599997,0.005438647555196492,0.00530063966125793,0.0058794627074947705,0.00683068759456406,0.006833869990226313
2018-07-03,-0.007134879259419533,-0.006975192775402933,-0.006892046532891866,-0.0068715537179964824,-0.02678540571124131,-0.008740434891942596,-0.008616283637578822
2018-07-05,0.010568989349965046,0.009634702561981226,0.009672210259401955,0.009739345725234504,0.022507509727162832,0.011016192057643273,0.010981790280384674
2018-07-06,0.011792504180610631,0.011599311050288419,0.011555838838602015,0.011423487580772494,0.009923960087416854,0.011006510100449535,0.010998650879144273
2018-07-09,0.007944643643162188,0.008507093606412837,0.008561807705490981,0.008427679275626666,0.014395106529042537,0.008135137662548846,0.00796849523597862
2018-07-10,0.002716554456561585,0.0025703012873097785,0.002490992330232578,0.0025139175945672327,0.009597316775153254,0.0021623348450516664,0.002226717626154883
2018-07-11,-0.007666015588753579,-0.007854613034919,-0.00782771992635992,-0.00781846164760088,-0.021842999909644008,-0.0072812065496701325,-0.007234752385960857
2018-07-12,0.006336667746638796,0.006328969250747572,0.006395250285436897,0.00653096612227786,0.003366038713037978,0.0075547049980697455,0.00776526471201059
2018-07-13,0.0029742398741263144,0.003075330983459591,0.0030133318224970043,0.003205123865302595,-0.000315449510652124,0.002199545284597051,0.002355105300078582
2018-07-16,-0.002387309079648777,-0.0029409045559966865,-0.002378483935144436,-0.0026132663581913502,-0.00374206148750161,-0.0037407181509641466,-0.003866737847139608
2018-07-17,0.012058955061548986,0.01187053794104963,0.011745475620001097,0.011919322197587866,0.018251671862747534,0.011725180176189318,0.011854888272943833
2018-07-18,0.0027953839862582953,0.0029349865983804542,0.003075583640855197,0.0031792188729031323,0.0072018426784704725,0.0020875156270894926,0.002067044407925751
2018-07-19,-0.0018529065290287467,-0.002096477748998282,-0.0021625159982128763,-0.0020582077343379687,-0.008932531430119442,-0.004957783188245414,-0.004881526254172003
2018-07-20,-0.0020365029305479117,-0.0018998891244415349,-0.001792123274455082,-0.0017288998952505854,-0.010622868947313133,-0.001457774806956351,-0.0015593319275319939
2018-07-23,0.004338417290169689,0.003481987045338059,0.003560811115176838,0.0035439010892979665,0.0007636487972479885,0.0026740951552952,0.0025913332372158576
2018-07-24,-0.0049130474672612525,-0.0043548218879995906,-0.004237635572211902,-0.003868004173986234,-0.005594648691929498,-0.002656809140399495,-0.0026901010869893115
2018-07-25,0.010246347625372538,0.010612372058816936,0.010432271618178751,0.010515034518592085,0.010569648666452358,0.012312069869797972,0.012374270673019902
2018-07-26,0.0009034189611172503,-0.0008760364810811932,-0.0006099935298088615,-0.000982080881818616,0.009108156282270576,-0.002002889785710511,-0.001875765997854781
2018-07-27,-0.0119291852092395,-0.011500807763978485,-0.011368234355091836,-0.011713245684412845,-0.005848093238421384,-0.012091543736870833,-0.012025103718705023
2018-07-30,-0.016696714922901527,-0.016676403594808983,-0.016708338625011563,-0.01675781677960044,-0.020464615143802132,-0.02022877181776094,-0.020137913666552324
2018-07-31,0.008548465379526351,0.008277039718625763,0.008293072758091423,0.008480978336770428,-0.010484507942505418,0.007541214812292046,0.007588599498108665
2018-08-01,-0.0031735744426831243,-0.0036063490610474193,-0.0037046090637474637,-0.0035673006184636638,-0.005166629095856801,-0.002122988395704384,-0.002104533518657313
2018-08-02,0.010324692291054536,0.010204235837553461,0.009653442284081975,0.009775798183490277,0.004849135600841428,0.008574054786267622,0.008522688597713136
2018-08-03,0.005558132072873279,0.005341567368445325,0.005404037214978916,0.005305842227332391,-0.0025860841694491524,0.004988243450699457,0.005093532987992473
2018-08-06,0.0034869250813804337,0.003448445575987669,0.0033614864333152655,0.0031250766245986134,0.010994077442598903,0.003063398188540816,0.002957949222100558
2018-08-07,0.0026698167867459906,0.004077690772473467,0.0037396620792159298,0.003804664458969699,0.023986740198605812,0.003733053675372746,0.003682578069712014
2018-08-08,0.002498970465019688,0.0024397548495221286,0.0024738106925853848,0.002557908548223803,-0.002718718677608736,0.0023117898160648384,0.002327897542301274
2018-08-09,-0.0013792679127372807,-0.0012993957505700112,-0.0011811013161248038,-0.0011833617883803382,-0.008449788503308981,-0.002860387832465333,-0.0027392158747151577
2018-08-10,-0.004205049383307767,-0.004143854016994289,-0.004366376871221687,-0.00417348345175644,-0.010330158650866792,-0.004125406754645324,-0.004040390225640796
2018-08-13,-0.003690710897213867,-0.0038437976844028633,-0.003915034427902025,-0.004034731654284274,-0.003097223473707036,-0.0024704826306148494,-0.002359387391178945
2018-08-14,0.008121288224023446,0.008200980708916516,0.008370742562734818,0.008420817603656957,0.005063568151695317,0.005981092003700716,0.006013729501325504
2018-08-15,-0.012142069655731344,-0.012528177037006578,-0.012292197180193996,-0.012638256680190283,-0.02340940403483935,-0.01275620081315508,-0.012671811167847364
2018-08-16,0.0051803862081948055,0.005390850765800759,0.005566236126396809,0.005585063656420422,0.0038348081597544973,0.004977924742767104,0.005012957236473129
2018-08-17,-0.006324458109498603,-0.006104195111431761,-0.005810319880229705,-0.005906526522214924,-0.017006463212301894,-0.007600422105688423,-0.007555402513865419
2018-08-20,0.0014424199638887075,0.0016264870173305045,0.0015576321499864124,0.0014372144344334504,0.0051828930748388825,0.0015645669127691113,0.00144883119149546
2018-08-21,0.0088581379328417,0.009089883961865714,0.009033146924992477,0.008828268929666832,0.01896153367879698,0.009286490438581922,0.009196265646592658
2018-08-22,0.004354801534940133,0.0037175295802794636,0.0036167285100727163,0.0035197035942496494,0.006167885076841361,0.003868813910762488,0.00376144842817399
2018-08-23,0.0030304604140678243,0.003204985953784919,0.0031628506819984838,0.0029954167581741076,-0.0003928900656685411,0.0015990725259686508,0.0017096142059740303
2018-08-24,0.008295074342102778,0.00819154629566845,0.008232087091342186,0.007929783148118921,0.011186457444467359,0.009716577230595337,0.009706107026311884
2018-08-27,0.0028146402747018535,0.0031190516011030435,0.0032746939009149854,0.0030345124428310887,0.016861073642936108,0.0046395672625035266,0.004437884019184473
2018-08-28,0.00144584737315445,0.00032919711412639295,0.00038817210298482113,0.0002756893441174393,0.0033393204902059164,0.00020444150847032938,0.00016986867100398287
2018-08-29,0.006117654806902625,0.006583996239310291,0.006627253502338207,0.006796177709651143,-2.1247446820246664e-05,0.007953884804488824,0.00805213085854455
2018-08-30,-0.01326993805213443,-0.012972564937621531,-0.013015247262665494,-0.01303983271175545,0.004057201592699361,-0.012343370145259169,-0.012327549237823669
2018-08-31,0.0008806880091262945,0.0008239108475045632,0.0009314423818401179,0.0008589437825533028,-0.000686419743542235,0.000282381467781887,0.0004050861732055287
2018-09-04,0.0009985259510061773,3.6515318736648035e-05,0.00020170770586852303,-0.00021082044760059484,-0.010727299150770309,-0.0019792927465815914,-0.0019950355550526736
2018-09-05,-0.008488239888569619,-0.008605123057030465,-0.00846393500997276,-0.008520491110286903,-0.013090441000720262,-0.008104113156812028,-0.008022349329082594
2018-09-06,-0.003991896012112567,-0.004273539911782001,-0.004290446421616197,-0.00426235266772536,-0.04071249485913463,-0.005109330391235908,-0.005071094011100323
2018-09-07,0.0038374026359967763,0.003669054810458458,0.0038211624291348005,0.00380457298339642,0.003913569854046117,0.003305839371381197,0.0032381884799921835
2018-09-10,0.008039492200791755,0.007438785608678364,0.007104489118382636,0.006854190063110501,0.005029631725531592,0.007170309746997336,0.007195326541540518
2018-09-11,0.00020443321440516082,0.0001486906477448348,0.00011448104931979674,0.00037250829287599577,-0.014215666775927921,-7.580328137729148e-05,-8.733956418547901e-05
2018-09-12,-0.0021756803643898483,-0.001569343668496939,-0.0016958089938890464,-0.001944596985702739,-0.01226674844714596,-0.0026642873566175827,-0.0027522989710019896
2018-09-13,0.007651130178736568,0.006677559891779942,0.0066945418596941276,0.0069663840819282905,0.01626860886061149,0.008824416884239754,0.008992990021870434
2018-09-14,0.0016903948790442647,0.0013487876429760179,0.0014419782550856614,0.0013299592849424936,0.009283992942737976,0.0034871029733995734,0.0035457186470803713
2018-09-17,-0.009963475483765909,-0.009188235572931514,-0.009208198006692921,-0.009108905525210875,-0.007286870115796151,-0.009603657375773535,-0.009493853812541147
2018-09-18,0.0076261237391994155,0.007251106962550375,0.007283781459895745,0.007285938411329281,0.014714215326082934,0.00884268882316703,0.008802250317164074
2018-09-19,-0.002383536768459555,-0.00253765764640633,-0.002605968633368544,-0.002653746612972911,-0.0004899060598436862,-0.005003316755010684,-0.005210897325401908
2018-09-20,0.007614207854767221,0.007782185165980767,0.007905252466290771,0.007870423744397384,0.0076825684580055665,0.006275418977909984,0.006318805948183109
2018-09-21,0.001436148940840964,0.0015764533546150311,0.0015086718615469276,0.0015738978694675102,-0.004130632168318358,0.00014514875739051332,0.00022197288527132315
2018-09-24,-0.0018815478341902146,-0.001975041117824672,-0.0022368075549290584,-0.0022226092216974806,0.003958034973144453,-0.001185557128589971,-0.001317991700171611
2018-09-25,0.0024959276581905635,0.0028032505955627746,0.0027519782262017596,0.0028071896143057984,-0.0011380074057783154,0.0022970246161345366,0.0022928135502835174
2018-09-26,-0.001086448816105453,-0.0008799608746085164,-0.001108781226154214,-0.0011741427039564864,-0.01505757690930107,-0.0018580916352053402,-0.001910494122739566
2018-09-27,0.003058861274953422,0.003172999190641947,0.00318013486091681,0.003272464295795019,0.007024537468288591,0.001698114660294468,0.0016661847525974874
2018-09-28,0.003334086929972136,0.003065451010837293,0.0033705833299926555,0.0035825357983323017,0.012965681719310401,0.006146532124624081,0.006367359385648081
2018-10-01,-0.0005078798864655978,-0.0001978497733123919,-0.0006253254399663153,-0.0006277578597216363,-0.0004273327270448775,0.0032713277515036988,0.0031988260282875187
2018-10-02,-0.007204163903777283,-0.006050974052178277,-0.005855529706753084,-0.005593851062457332,-0.004125374920364297,-0.004395680822944656,-0.004345973229825116
2018-10-03,0.0011004021248684174,0.0016321604774774587,0.0017133843873166008,0.0018203246364764262,0.0030381443701552368,0.002029224067618385,0.001884974803366522
2018-10-04,-0.018044347617773807,-0.016207722662617524,-0.01610760119146039,-0.016245382299490116,-0.026049312866853278,-0.01856051351030737,-0.018469143710929264
2018-10-05,-0.012507036792954345,-0.009357666118588816,-0.009224002962527412,-0.008983881221462318,-0.026305094588242713,-0.010856375491924825,-0.010801351139838149
2018-10-08,-0.007164516361684619,-0.007139342656045075,-0.006750090995360704,-0.006889615058914972,-0.011561295420838029,-0.010869002813751636,-0.01089425296970479
2018-10-09,-0.000269782008368575,9.092965005588913e-05,-0.00029067675905405016,-0.00035699629847494484,-0.008572786115398884,-0.000366281524288678,-0.00028990233980736235
2018-10-10,-0.04094319996658179,-0.04059679284109482,-0.04075007273091954,-0.04061216081602146,-0.04366703318616613,-0.04532780946378969,-0.045155713560090745
2018-10-11,-0.012515725441622492,-0.013778138387922679,-0.013708496187551029,-0.013690501123162217,-0.015652232596477543,-0.016536411132804883,-0.016556185712249878
2018-10-12,0.0225304940000659,0.02298815088849506,0.022956226156842403,0.022938617489444223,0.026704978114174122,0.027336899107052344,0.027364464979183954
2018-10-15,-0.006804315355989807,-0.008674570655583417,-0.008661796023959651,-0.008786362258958255,-0.008689862184451877,-0.012203473270420331,-0.012205676695448926
2018-10-16,0.029684961618937234,0.028630860553442654,0.02870800375404789,0.028454189234768897,0.031811999388418194,0.033829026231571205,0.03369904508172568
2018-10-17,-0.007295755812996581,-0.007132719156463823,-0.006862382808028544,-0.0071875400233106495,-0.0014496206610843771,0.0006987538488543892,0.0004493108959009447
2018-10-18,-0.018036108022023028,-0.018474453158609357,-0.018532110430494898,-0.018431138947906708,-0.022435719267672766,-0.020554660391457,-0.020473726670658828
2018-10-19,-0.012063508749815632,-0.01148958686646737,-0.011369147643265588,-0.010927100440126191,-0.014898227084539119,-0.010969272560474341,-0.010977747406226323
2018-10-22,0.0010847745552886431,0.0008988658664563456,0.0006901969017716337,0.0007443467783576745,-0.006418912763633457,0.001104910061600397,0.0012608290333912383
2018-10-23,-0.008493476491802538,-0.009169036661495116,-0.00950463899203505,-0.009636701991252272,-0.013327657976391174,-0.01174742138988267,-0.011741325161573717
2018-10-24,-0.03424744504393295,-0.03337115913966734,-0.03333233924559199,-0.03306536092743328,-0.064558447183993,-0.03909597634452563,-0.03894321208645113
2018-10-25,0.02431001420333084,0.024003077986009598,0.023814903874744914,0.024379792821827572,0.03388358431905787,0.026017403713158097,0.025970609834731487
2018-10-26,-0.016664315234337344,-0.017314195956602503,-0.01746385150051383,-0.017273240217499597,-0.026112819177444093,-0.01970096603882302,-0.019601712940906933
2018-10-29,-0.013318587972668435,-0.013260522785477588,-0.013252615764666445,-0.013448772264039432,-0.028749758018754852,-0.01781303705121831,-0.01766157617728257
2018-10-30,0.01818994906002338,0.02144179494640691,0.021596529264654305,0.021604009876163736,0.03612647281086728,0.02346780559392685,0.023625666391752988
2018-10-31,0.007368388298250066,0.006309407108579696,0.0064488447715346665,0.006387475930953808,0.026507465710390768,0.012158911482497124,0.012045100569624677
2018-11-01,0.028711755589989257,0.022025844094435216,0.022180718262365853,0.02166349225068654,0.07427588855661264,0.022764445804913068,0.022549833469888363
2018-11-02,-0.008578371954108096,-0.009971816565906,-0.009914059522156146,-0.009942819857257939,-0.0038653729461119966,-0.012352282508777863,-0.012357705472388864
2018-11-05,0.003236557922567901,0.003257330443562654,0.003101014344458622,0.0030966437418319436,-0.010992149732586559,0.001500710298174738,0.0014774387032835826
2018-11-06,0.006517737457135757,0.0073029366518164015,0.0072962217506411615,0.007391330778732113,0.009264286848793844,0.005632938464146766,0.00578541127167973
2018-11-07,0.023899704200044378,0.023850819985641186,0.023854208728868086,0.02375735325210791,0.017629677520503987,0.023467014864843802,0.02344244319661678
2018-11-08,3.623402364031337e-05,0.0021027656833282346,0.0021292947941150492,0.00204620205279512,-0.006322271069608353,-0.000296646004431925,-0.0002186636731392955
2018-11-09,-0.025763115102251457,-0.017908891355375014,-0.017867809333136676,-0.017616286697712407,-0.0447906609225943,-0.016232982857518403,-0.01597809991431102
2018-11-12,-0.04430019468550655,-0.03952946157037558,-0.039512518088583824,-0.03916779763666629,-0.06132940916858702,-0.043979117867465715,-0.04383960759488613
2018-11-13,0.008642565245001663,0.005507093548337193,0.005548668784411354,0.005220479891529041,0.02633657251299794,0.004287629859074584,0.004231844725181368
2018-11-14,-0.006022414248601419,-0.006363456951167994,-0.006316629934991476,-0.006235367720015372,-0.003156774602564741,-0.008128286843399,-0.008031624318377315
2018-11-15,0.015231166797831815,0.014907616728338893,0.014893112465123296,0.014968572693157711,0.03494465563545638,0.019457353921747758,0.019539408218077127
2018-11-16,-8.126429055931521e-05,0.001855983597626015,0.0016683899717976213,0.001912486875093795,-0.031720783770170805,-0.007753359302799109,-0.007570012638243546
2018-11-19,-0.03762274044228076,-0.0365263114743371,-0.03646782066477195,-0.03645809191047549,-0.05704295702769402,-0.0415818725869361,-0.04157811613427943
2018-11-20,-0.014072935370523149,-0.013612947179513793,-0.013599532628893957,-0.013506875719556971,0.0008001986241751018,-0.008925144150496696,-0.008839383437023104
2018-11-21,0.013509756889751924,0.012825460533499866,0.012973264271962676,0.01323245728449436,0.002840655479993,0.006923155084484367,0.006998706496622824
2018-11-23,-0.006773775360962813,-0.007587414489588775,-0.00746648563995366,-0.007662549271892027,-0.002724046585841278,-0.008376981140095234,-0.008291307536289143
2018-11-26,0.019101638151598564,0.018490251401829725,0.01839887982746663,0.01844147856240304,0.027712516876121543,0.022032111050038362,0.02203814907183662
2018-11-27,0.0016091663292155671,0.0028302784581233915,0.0028411698211791418,0.0026457254178237047,0.00033633409313812805,-1.0023119469570598e-05,-5.073134227220179e-05
2018-11-28,0.030575376060794832,0.02960606147350963,0.02972907173907335,0.029699625953195304,0.036971215256207286,0.03349877571037297,0.0333934872691645
2018-11-29,-0.0011492657147700277,-0.002455613143806701,-0.002457751406046129,-0.0023808086250332715,-0.010133802826884634,-0.0019888774224974216,-0.0019400764836860023
2018-11-30,0.006775926798157972,0.006590372878123812,0.0065382311195745155,0.006752165958690417,0.018401477361374523,0.011382505952783464,0.011489310495617187
2018-12-03,0.016631822630016203,0.01787945477307568,0.017713717676039343,0.017407514439284382,0.025981072322516507,0.019425100833419147,0.01940496288239176
2018-12-04,-0.04154191671616785,-0.04261312815763799,-0.04274364727006827,-0.04265136704631804,-0.06194266272050335,-0.04458997165678311,-0.04452614484111333
2018-12-06,0.004619438489580168,0.004875654426763809,0.004953769881589114,0.00482721667851534,-0.00680068315797561,0.004032099258994847,0.003976549409522693
2018-12-07,-0.032995659008559206,-0.033563760726089145,-0.03380322339463125,-0.03348420718341986,-0.03922825050096017,-0.03650637943361077,-0.036379868898730294
2018-12-10,0.011712625766446091,0.010138638332239184,0.010123783171615644,0.010044277955224933,0.009462852286223407,0.011270126859341045,0.011296990149854656
2018-12-11,0.0030522474709778723,0.00445797976894786,0.004461919041321327,0.004586923093312063,-0.004543951152218134,0.003278754914928836,0.0033362898666383506
2018-12-12,0.010642979577931706,0.009663270822030863,0.009597702338880305,0.009467710043663702,0.011779305594582842,0.00790604617189509,0.007868371091935769
2018-12-13,-0.007673397982535443,-0.007542162559266916,-0.007813213184244569,-0.007664819983474745,-0.008966259113669115,-0.008263986015485428,-0.008297040564043236
2018-12-14,-0.024108199860062476,-0.023561909324907156,-0.023415801497629375,-0.023463525589693068,-0.02641031409246673,-0.023315943057805762,-0.023270009404707956
2018-12-17,-0.016376424202039115,-0.01842893170075857,-0.01839044609013479,-0.018409604351728066,-0.0051333913580402825,-0.017689478692608562,-0.01764688314623144
2018-12-18,0.00816253001448239,0.00782498340422336,0.008116371770585423,0.007866011362334379,0.009059453329431939,0.008756541686460919,0.00852627060028732
2018-12-19,-0.024447408626496428,-0.024561641774582463,-0.02470410714160545,-0.02432601612746565,-0.04511081956798316,-0.026998706302746173,-0.026976474595809485
2018-12-20,-0.015105060926358794,-0.015547130862218024,-0.015395778422201988,-0.0154835228751899,-0.015322608281088746,-0.016737630785324604,-0.01679353223441099
2018-12-21,-0.015220016448501615,-0.013105992249557231,-0.013341366113604041,-0.01296228072751626,-0.021765172552618246,-0.014736107426127517,-0.014531708846793704
2018-12-24,-0.029431646591343976,-0.030030538293058722,-0.029846328693539485,-0.0297115027479978,-0.03430822235362935,-0.029000761792893414,-0.02895085953174968
2018-12-26,0.05938983782685625,0.05956986554839714,0.05934618088129108,0.05934065991372256,0.059868895786993725,0.05901269175716335,0.05885544810122416
2018-12-27,0.015234178989254646,0.01581100464709316,0.016090243478133013,0.01625493480475008,0.013915448194033831,0.014805902754576035,0.014820982862578299
2018-12-28,-0.000982411812093846,-0.0008251983234577505,-0.0010564003434100865,-0.0011858931905430964,0.0050448536356421025,0.00013504473974372224,0.00018763757305226953
2018-12-31,0.009309350533615484,0.009091351649728512,0.009118607226323029,0.008804278594990804,0.008601906435381319,0.008438343750654258,0.00828861728145571
2019-01-02,0.0003549694529188327,0.0014874140022576917,0.0020751768594105967,0.0019728201156285234,0.007130749225195859,0.0032388870224642737,0.0030073866763356597
2019-01-03,-0.04152118530390268,-0.0407264334123432,-0.040776165700871315,-0.04066551518116783,-0.05677524657889547,-0.04244681900640931,-0.042513373856207765
2019-01-04,0.04278780785263471,0.04394271658874139,0.04376685948917604,0.04350997152550678,0.047980216438029924,0.045445196682641686,0.045270191168986056
2019-01-07,0.013975822378384722,0.013183695912321481,0.012939875545493276,0.012512616469861026,0.029285264081291458,0.01458107082746524,0.014362105409875413
2019-01-08,0.010043512855461376,0.0088609207858914,0.008631529209202222,0.008752236063304329,-0.008450818192622209,0.007096286934226346,0.007120039509343691
2019-01-09,0.014044076083777328,0.014275275155688813,0.014224104344779956,0.01425444529101933,0.033083790594026566,0.016711470116158627,0.016931376738037948
2019-01-10,0.010277701093666347,0.009049832658419554,0.009035641593288842,0.009127033606944059,0.012962405746260222,0.010420386813735517,0.010415957370622056
2019-01-11,0.003321316241561865,0.0023692783814231117,0.0024641577274642544,0.0021194337121421517,0.007469738741225442,0.001979624940176363,0.0017588536467280638
2019-01-14,-0.01196329647513643,-0.011744661450825365,-0.011605826461181697,-0.0117336115017953,-0.01526533077283764,-0.01136388947535569,-0.011406101133242617
2019-01-15,0.008922478181742625,0.00921642974552888,0.009263856787658384,0.009336253544231137,9.608715036413436e-05,0.010790942665087275,0.010662121067401949
2019-01-16,-0.0015083853751679686,-0.0022436610716036662,-0.001898948543902999,-0.002076689452394726,-0.00649303373033719,-0.0011745032594089164,-0.0015176503189291187
2019-01-17,0.006198103900069247,0.0074055178997864315,0.0072500509418988975,0.007325508970651997,0.011821879640457614,0.009099718440020365,0.009304446432486008
2019-01-18,0.021413690323681622,0.02151117880996158,0.02193519113143281,0.021836621566433297,0.03404852591564371,0.022237556382653102,0.022319159692692363
2019-01-22,-0.02072258462065571,-0.019515055475504164,-0.019981357354112782,-0.019902711710930544,-0.043509167326882495,-0.02180444313696474,-0.021698238194034124
2019-01-23,-0.0029571715096285457,-0.0033883835523274815,-0.0029758876147254446,-0.0028218380035992135,-0.00026949101396669896,-0.0009712061575998188,-0.0007735541743528244
2019-01-24,0.017701056210821523,0.019315699774768377,0.01933209245429029,0.01911071851502198,0.06412365676837896,0.02642843601079302,0.02639425519022664
2019-01-25,0.016874532370883353,0.01762227515835682,0.017548440950987655,0.01732323338325887,0.02654838402341416,0.017001335240606444,0.016652346776773845
2019-01-28,-0.013220330499043833,-0.012442193747633421,-0.012447512231803211,-0.012376669320454298,-0.0325250412983621,-0.018381773120995405,-0.018460306677727766
2019-01-29,-0.013398372618119684,-0.012891132140827483,-0.012986339710977946,-0.012806436638239065,-0.017332258726512822,-0.014685750089937229,-0.01458784104253957
2019-01-30,0.01970144016852416,0.0212257234768115,0.021117495170432456,0.02071058238350588,0.026478890128651254,0.021956034192865147,0.021846934370067947
2019-01-31,0.017586238520743584,0.011907876254564999,0.011900918007800921,0.011876848895337707,0.03141802439554946,0.012737655665852653,0.012996317144529436
2019-02-01,0.002393072924639509,0.002687182787334738,0.002371426957332213,0.0023064475700455616,0.010236271303769143,0.004372923691528975,0.0044704378018724355
2019-02-04,0.005539788140281573,0.005220571286059355,0.0052477714765554245,0.005251454356416523,0.008472469358585397,0.005259577710597292,0.005073511595353395
2019-02-05,0.005371126471178491,0.005740399240697351,0.005640155397375851,0.005560737168496677,-0.0004895872249401026,0.006160391405884968,0.0061556154484425545
2019-02-06,-0.004493727367327174,-0.005229549816106012,-0.00526808824546764,-0.00540854094253366,0.022471499484937922,-0.003842007538495342,-0.003805084225783785
2019-02-07,-0.014303685348821787,-0.013038840351887663,-0.013027382617575963,-0.012933917873256246,-0.03273711246054477,-0.013427719836722167,-0.013252450327521901
2019-02-08,0.017942150819625708,0.01735097407837286,0.017179424690045353,0.017072093552097295,-0.0009282794883993182,0.01619347744345261,0.016253387055192296
2019-02-11,0.008044073093991359,0.0073524261777470745,0.007290140053328038,0.007458918548286218,0.002563963203463135,0.006645209047502894,0.0067240144897930286
2019-02-12,0.018302296972385283,0.018935119397340484,0.019065343688249664,0.018985654523577006,0.023140086768548833,0.019494116171371603,0.0193751563072696
2019-02-13,0.0067287942376371744,0.006876851118899013,0.006812713559464633,0.007004991347594503,0.012821811370008802,0.006999883923492505,0.0070283523553894105
2019-02-14,0.005335925003676512,0.005182231288484748,0.004988127714064165,0.00507662302405139,0.006453574092721941,0.005454472993322823,0.005466754122192442
2019-02-15,0.010246953317753013,0.009323922565966139,0.009428310061921621,0.009297585326979933,0.012686622553099972,0.006777053564687234,0.006762524420700661
2019-02-19,-0.0010979549896642353,-0.0011724298266117684,-0.0012343684668886874,-0.0013224575984441427,-0.000617542583557635,-0.001788802188420057,-0.0018553295802379319
2019-02-20,0.0037034625872445935,0.004115126726262609,0.004343942752767043,0.004326536304946369,0.013391148165558954,0.0025567087005721237,0.002597142082653831
2019-02-21,-0.007474910941257531,-0.0069645522649252984,-0.006722495131701688,-0.006822108386127502,-0.015082469760011562,-0.008480209761772519,-0.008335626286599777
2019-02-22,0.018821337385730847,0.017627220800079176,0.017582886091623656,0.017679816427370473,0.01958521310417121,0.01914918198177077,0.019165131206580352
2019-02-25,0.0011215220974326793,0.00015314064903715162,0.00019321134309607552,0.00012201729078774,0.0075748539111414786,0.0002695134279996228,0.00023259893242233483
2019-02-26,0.001336005975793513,0.0021098742540387396,0.0022124138918487722,0.0022439745455996706,-0.005803820569532778,0.002061466681347842,0.002042568309931347
2019-02-27,-0.002771795459973585,-0.00324677586341457,-0.003393839819657788,-0.003367574353096454,-0.01041199585066736,-0.005056892821207072,-0.005080022254953152
2019-02-28,-0.0060243480097660635,-0.006103545058488573,-0.006162734420111788,-0.006260773013156025,-0.004700047360069074,-0.007328648219877747,-0.007221948077410065
2019-03-01,0.007949024646785144,0.008327515341630247,0.00845045491070398,0.008625710470082664,0.008482259403644804,0.010295568284795269,0.010333646600846551
2019-03-04,-0.0075028868406634835,-0.006981909833725845,-0.006977185563967601,-0.0068526410500443806,-0.0014168041748473428,-0.006348037260953788,-0.006323761732828574
2019-03-05,-0.012970623906390515,-0.011483239048273251,-0.011354905020345432,-0.011398004364572813,-0.02096090440200246,-0.012537084081982001,-0.012564112864416005
2019-03-06,-0.012687395155116474,-0.011581023462544252,-0.01146566037818081,-0.011417347713350498,-0.03032832488775866,-0.014110997709224927,-0.014198686271598395
2019-03-07,-0.005364023575990604,-0.0045125932467567345,-0.004580565798359755,-0.004578876116529822,-0.012753469234036767,-0.0047234973988564705,-0.0046476384947715735
2019-03-08,-0.002572566388421913,-0.0029582527926082037,-0.0028734831946104155,-0.002979489782013096,0.005720318069117474,-0.0003758307426818717,-0.0004064753537490049
2019-03-11,0.019768999687555862,0.019699346109344776,0.01956810591501165,0.019505855837683942,0.029380110811414836,0.022283175233125237,0.022304559672110768
2019-03-12,0.001396846824060148,0.0019277968434704908,0.001981533813329662,0.002086696418222682,0.002497136969177314,0.002317482145506424,0.0023977984118691556
2019-03-13,0.006280317505087568,0.005823638612224329,0.005753860123060516,0.0058285794904287536,0.008707512962571235,0.006417588045075303,0.006390024846942265
2019-03-14,-0.001969232290096314,-0.0007625054676868879,-0.0007851442991849038,-0.0006653747297656988,-0.002807051620109535,0.0014652000315524601,0.0014945390054786798
2019-03-15,0.009094550422511616,0.009053513618768572,0.009286558233329106,0.009033974650518443,0.023078400715403048,0.008664631190135507,0.008653444121909307
2019-03-18,0.0001310336494160053,0.00151414788996928,0.0016373519327781022,0.0016140575692733317,-0.005316996381752746,-0.001180848578207927,-0.0013230780924400056
2019-03-19,0.0014618456005168114,0.0014037110685019105,0.0014315761277431576,0.0012846974853645019,0.012217116932672445,0.001806055124075031,0.0018315002577165914
2019-03-20,-0.00881200796338972,-0.007735691278680693,-0.00808494929212548,-0.007888716929854277,-0.010588518035811437,-0.009109164048290135,-0.009106547350420562
2019-03-21,0.03122212057712154,0.031501136342948016,0.031473692509745896,0.031280792159804956,0.048282615702311585,0.034265294069178685,0.034389216809380084
2019-03-22,-0.031179438361231205,-0.029611413645371985,-0.029540431810969194,-0.029374559035446737,-0.04037932792184969,-0.03116328391709565,-0.030968334978673802
2019-03-25,-0.000863202004116339,-0.0017893906904587144,-0.0018174002212259447,-0.001827568918300212,-0.007621120700749605,-0.003282849599002382,-0.003297325500949134
2019-03-26,0.007932976199654473,0.0078103547239614405,0.007778536048989292,0.007772153532780313,0.008002747458782196,0.007963680094314134,0.007995077992628025
2019-03-27,-0.005729416598348804,-0.006291504551128302,-0.00633927753354394,-0.0062421798398258205,-0.011009767919068571,-0.007122362813812067,-0.00699845735724461
2019-03-28,0.005841262168636322,0.005572900640410354,0.005620248959955693,0.005449084066335715,0.00012196607941082556,0.004200100639283446,0.00418378165749572
2019-03-29,0.011893012311787856,0.012281561825285654,0.012196226354704381,0.012089923350276068,0.01878607687511976,0.013306460082983286,0.013272734597980586
2019-04-01,0.015508306645388076,0.014494010184301378,0.014574450581199298,0.014465367251515043,0.02545624237521354,0.016579461726865252,0.016397033960959272
2019-04-02,-0.0010385450307272223,-0.0010220846207247025,-0.0010146217322658893,-0.000989819563984074,-0.0006974659005493722,-0.0012911876972597062,-0.0013735034616301088
2019-04-03,0.004900453664279182,0.005137802128936609,0.005324867313679367,0.00498546647623437,0.01894973564382023,0.007721047693594829,0.007687523329174515
2019-04-04,-0.0051973269800304565,-0.0050681587257003415,-0.004553339671188804,-0.004550076713150013,-0.005624688993396331,-0.005017803019941396,-0.00504199005172679
2019-04-05,0.0040258607251444905,0.0036112167341262615,0.0035466236036897293,0.003529691353395668,0.014483002341630689,0.004559900082034773,0.0045917623985783146
2019-04-08,-0.0011720222593259372,-0.0012672022659149177,-0.0010861173015318934,-0.001067239574287728,-0.0006641384938212155,-0.0017607847688759944,-0.0017932652588098696
2019-04-09,-0.006328980371575677,-0.006830633114225002,-0.007002791056014149,-0.007050737146358839,-0.013668483269231261,-0.007033547551347091,-0.0070349078298071535
2019-04-10,0.006799482963196046,0.0066612728924216125,0.006468617106365775,0.006489477354010543,0.010998700458998877,0.006885096909520444,0.006879860045048306
2019-04-11,-0.0013465262126500961,-0.0010568059587748911,-0.0009564521345753686,-0.000986971631746236,-0.0019103417335940122,-0.0015034666241956285,-0.0014367909433431088
2019-04-12,0.008434245370374578,0.007092503806910103,0.0071137992601566094,0.007350241042466348,0.007165565571930228,0.006399512363078727,0.006412833433685856
2019-04-15,-0.0019491292830647368,-0.0021901422865311,-0.002092172852124883,-0.0020915555778566785,-0.010443781911591699,-0.003910581595592673,-0.003951692895830422
2019-04-16,0.00678608760932156,0.006765676761077214,0.006773357122517917,0.0067427615046204556,0.013730963610261455,0.001107438390486313,0.0011955184586896423
2019-04-17,4.9753098512266334e-05,8.492460989248297e-05,0.00021859275242311468,0.0004101715712202815,0.00034964318716522615,-0.003042561536964494,-0.0029818418874946267
2019-04-18,0.0019889577780442783,0.0023526362048958147,0.0023518428954594924,0.0022447667396700765,-0.00254412650942388,0.002175229136816883,0.0022275715052369354
2019-04-22,-0.0018476894873427046,-0.0016873558781451098,-0.0018126946988238526,-0.002000736438832187,0.0040644717920670596,-0.001054416549024657,-0.0011070693990370836
2019-04-23,0.01260321225695701,0.012073008059998653,0.012060150832350205,0.01203015611921071,0.0017002694112387658,0.010520181215403731,0.010485645574971864
2019-04-24,0.0001992036032727252,0.0012408655060529442,0.0012775991432520941,0.001277252575273391,9.597456161235046e-05,0.0011306653596907638,0.0010442687004821735
2019-04-25,-0.007979029497683985,-0.006026970715240371,-0.0061456571097677935,-0.006023296275421402,-0.004108981767706151,-0.0035713000773106235,-0.0036057106438927324
2019-04-26,-0.001435268612884246,-0.0012581929850319256,-0.0012538849430819743,-0.0012647777110862952,-0.011478601720977203,-0.003096322965850506,-0.0031094635756987897
2019-04-29,0.0005850649641191869,0.0009116572786791603,0.0008024505753633956,0.00084929755084587,-0.00015890645337157357,0.00040072186822351396,0.00042177711757541915
2019-04-30,0.005827818329703589,0.0050828159706328415,0.005090864073640368,0.005013417095713367,0.0031533652906350295,0.004396892918727775,0.004274490788378144
2019-05-01,-0.013140153379889045,-0.010623764315205264,-0.01056574797376736,-0.010736252754732169,-0.020523424463119205,-0.011360389717057722,-0.011318449116575957
2019-05-02,0.004109916744194811,0.0039476683383738225,0.004565069606773672,0.0045306661223860475,0.010736657687305496,0.0042307660547213815,0.004139205579368056
2019-05-03,0.010864083630259801,0.008433838288738199,0.007782057269607807,0.007728728562268674,0.016513509136651353,0.007896083595382441,0.007876721097529427
2019-05-06,-0.012286032647886618,-0.012687478948526277,-0.012613046657111463,-0.012569494325641231,-0.017219732620458037,-0.011635486820352963,-0.011653750746804189
2019-05-07,-0.020541618916234454,-0.022372800212052964,-0.0229871434089751,-0.023018098570619212,-0.02588306699345298,-0.021602980411338304,-0.021604722130724167
2019-05-08,-0.0035880716770903148,-0.003339677384432007,-0.003031315798363029,-0.0029981844242990487,-0.008875225249052236,-0.0016331271553146499,-0.0017559825267166999
2019-05-09,-0.007557146571962364,-0.007310083684226056,-0.007586648665801939,-0.007555408943451154,-0.010036835619664626,-0.008390972936712933,-0.00839290142402127
2019-05-10,0.0028326392632323154,0.002774746380548447,0.0030629049006210816,0.003061099680754196,-0.0053151260862772075,0.0030029426493404744,0.0029448211223023924
2019-05-13,-0.03945338457610378,-0.0380393896567458,-0.03673183083488822,-0.03666302506260317,-0.05072823851608456,-0.03783529731089674,-0.03795708854337216
2019-05-14,0.02344423892907522,0.021734219346088067,0.020280640357122258,0.02024994230138151,0.02841010243158951,0.021098336703472654,0.02109630721873491
2019-05-15,0.007349102510165749,0.007345592049418166,0.006175791167519709,0.006085337037376256,0.007754412271828942,0.007240830686597731,0.007242175408110666
2019-05-16,-0.004953308898958295,-0.003198911698149138,-0.004402534107841771,-0.0043819264197215236,-0.018991784238502216,-0.00022276878981981435,-0.00019328554761991438
2019-05-17,-0.01768071011856599,-0.015441099414744874,-0.014905440356291978,-0.014890266588790519,-0.025149985653386348,-0.013406716702080124,-0.013542373465690738
2019-05-20,-0.022369793610297443,-0.023783756886617335,-0.023135023134199875,-0.023122951903581802,-0.02226779548850719,-0.02132404971610358,-0.02131944047708883
2019-05-21,0.018267115082923408,0.01704388363003246,0.016120656841337795,0.01608526339782842,0.02584202484566005,0.01644030757447889,0.01636127813460954
2019-05-22,-0.012244818076519974,-0.010628891160082175,-0.010639567223744224,-0.010730071665162615,-0.0189255540129483,-0.005419162517636186,-0.005419285876174443
2019-05-23,-0.016886136624702095,-0.016073808656891043,-0.013133978237681972,-0.013147768457727388,-0.020401867291467823,-0.013997090235993081,-0.014040025321503545
2019-05-24,0.007618548324818347,0.006145885696167199,0.0064409410261343815,0.006427538008859873,0.0020455249794932183,0.0071522193341904345,0.007099347230092027
2019-05-28,-0.008595504975868265,-0.008429016619939127,-0.009171644538748002,-0.009190923398028905,-0.014497525286997413,-0.008513058744495691,-0.00853768184336186
2019-05-29,-0.00892484836945239,-0.008457700608396923,-0.008618248288357184,-0.008558828895928697,-0.004111068880943326,-0.009424923068696477,-0.009338754937502216
2019-05-30,0.0032089120726718824,0.0034591937523406834,0.003566734243873118,0.0035665902370674548,0.0008408696653251899,0.003353674108473477,0.0033123041725490457
2019-05-31,-0.018266063556218477,-0.017986842786096004,-0.013612547948857393,-0.01363427670852478,-0.021229349287892656,-0.015602986790303216,-0.01571855915337548
2019-06-03,-0.008392408536429412,-0.009614075922723706,-0.006582050136647784,-0.00652073371301462,-0.003912159370745802,-0.008893862942541027,-0.008860361215796211
2019-06-04,0.037945206091118254,0.03818354747510148,0.03785102992978498,0.03778741492506586,0.03894572914580951,0.03796281834141543,0.03806670536607948
2019-06-05,0.0016551142166922534,0.0021962012452467526,0.005376502671979069,0.005372517916120598,-0.006799793329111421,0.00807222202287901,0.00804193260848122
2019-06-06,0.01737941573613638,0.018255342050407793,0.019184887863548335,0.019166306847145743,0.00610679572818958,0.019090222808660295,0.019102441261048524
2019-06-07,0.012247754573994275,0.011925561734963157,0.010964818837475304,0.010933869720609304,0.013065824415733299,0.010975562830744247,0.011047105921987637
2019-06-10,0.007382698405499594,0.00831095435233262,0.008519911157465825,0.008668493168996998,0.018783175203649822,0.005821479775999123,0.005878333677785219
2019-06-11,-0.00023764625647660663,-0.0003412459905252905,-0.0004203552800005621,-0.00037642762840283143,0.0028884833851458456,-0.001684939279221979,-0.0016628730887160317
2019-06-12,-0.011935627133294565,-0.014018842266430728,-0.012639058457919345,-0.012621271435358654,-0.02650611688633765,-0.014284532048130735,-0.014230342915582974
2019-06-13,0.006158606122399287,0.005956980994251576,0.005995441264008115,0.005975259458641108,0.010059152765810216,0.004403123794092911,0.004340538140887912
2019-06-14,-0.01483767547665084,-0.01386370165424692,-0.010915899032061338,-0.010851989364707394,-0.02120258552158963,-0.009710695436218168,-0.009712629526552018
2019-06-17,0.001581684684261546,0.00048574239766789856,0.000998674044046525,0.0008703633286478793,-0.0017364612879403737,-0.0006743012033373418,-0.0007707791779998783
2019-06-18,0.023991308802547497,0.023751269679094963,0.02303634302830527,0.022978297761774305,0.039078470510865625,0.022055830960050548,0.022045326982920097
2019-06-19,0.007051399302326226,0.007686266100380248,0.006180458181656523,0.006125060539854476,-0.0010109469351257078,0.007749219773842424,0.00778010087793464
2019-06-20,0.012197750819511338,0.012325268727398782,0.012230872601773043,0.012206066614887537,0.0122893660166834,0.013120212737542176,0.013146803452148744
2019-06-21,-0.005499205689673874,-0.005077369196344971,-0.005187835466018551,-0.005254301054435671,-0.008269329427411177,-0.00491864062778535,-0.004985111711017132
2019-06-24,0.00290735118993802,0.0025456283874384766,0.002498582908869743,0.0024769493665073804,-0.0034779946206696514,0.00018313070767807097,0.00018151623041407026
2019-06-25,-0.018074194334867892,-0.017985214172387236,-0.017227129396162853,-0.017186425954536306,-0.019112738474278086,-0.018791560512970183,-0.018761156468008248
2019-06-26,0.019377151759783454,0.020529001524220762,0.020090635759734004,0.019989997776787692,0.04667429864308344,0.01926060181101347,0.01926699734275724
2019-06-27,0.012235143159938261,0.011873038471494178,0.01266960907010482,0.012624338872474893,0.018030333495245368,0.014105460752004747,0.014048354873158265
2019-06-28,0.007364516616029644,0.006329576989622142,0.007839936735693491,0.007839506206376875,0.015064339697584098,0.008294184047705785,0.008253716820317978
2019-07-01,0.017097504077222093,0.017487218875059073,0.017144362804335983,0.017100326726991265,0.02169164985817467,0.015089109718571974,0.015109255606608649
2019-07-02,-0.0008218583811192031,-0.0037588383716988033,-0.0042880963359467235,-0.004297422453542132,-0.01712001845437756,-0.0018841466201591855,-0.0019592224429563795
2019-07-03,-0.0013064638770122383,0.0016457966733507327,0.0013361811861188162,0.001363832876524372,0.0016948300785564101,0.0057854644237092965,0.005820281337232854
2019-07-05,-0.007130292669151915,-0.0038221024423808567,-0.0036155763950759456,-0.003630799760589355,-0.002938748548374536,-0.0037733351127850825,-0.003799999642378306
2019-07-08,-0.005198227564497373,-0.005205733405766952,-0.004038157692440629,-0.004037135488061788,-0.0052508647219074315,-0.002813733538447592,-0.0027636868106068204
2019-07-09,0.004601747145363338,0.006798157443120083,0.006762715355524535,0.006752142903915321,0.013521096713932384,0.006243799821082382,0.006201459089175555
2019-07-10,0.007873885929722229,0.006977257358272508,0.005472435212431076,0.0054577906607071545,0.010713951753518256,0.009077506754514698,0.009063010456837516
2019-07-11,0.007691969052778838,0.009153721077900521,0.008949549354272909,0.009008565688731004,0.002095414932732893,0.011289283417167163,0.011289223409240707
2019-07-12,0.009447319334789135,0.012149586295218553,0.012780901576060776,0.012853121274513836,0.021670671339912816,0.009528301188591602,0.009490719128234236
2019-07-15,0.0022324794084264466,0.003964554619209429,0.002789926724376222,0.0028332137467099493,0.002050665738121941,0.00032043575489864196,0.0003604748614877524
2019-07-16,-0.0066325667457218206,-0.006792815603422024,-0.0074334455544471404,-0.007430789933017527,-0.01192572003616399,-0.0062632780236034245,-0.006246318925867779
2019-07-17,0.0026220146134754924,0.0035316771611353594,0.002688431093392771,0.002693239213487716,0.0012172831328821257,8.692793168690523e-05,9.750766778330584e-05
2019-07-18,0.0045475325707994545,0.009450994155392106,0.0085852528287148,0.008971132990263028,0.01649599727813445,0.008708799202464215,0.008704284437533804
2019-07-19,-0.005976883029919424,-0.005463925058742717,-0.005230464095931714,-0.005179934000114293,0.005294573956577141,-0.005439881890025365,-0.005402142216351125
2019-07-22,0.00988210853633282,0.011179906238829262,0.011030655676334787,0.011072650375545416,0.024254968527471023,0.012271429907481158,0.01230699354411717
2019-07-23,0.007941503031187774,0.009223094244955673,0.010309945135120917,0.010383269530363127,0.011154271789828881,0.0070529764209793415,0.007086370126259349
2019-07-24,0.013120923411038923,0.014610920158653075,0.014221692674159247,0.014110562026955216,0.028641367746771333,0.013240917761991622,0.013164032395209593
2019-07-25,-0.004994400440514714,-0.0065673503853785325,-0.005051126946680173,-0.005148239621531827,-0.01445310694330579,-0.00642455644517683,-0.006412022850582298
2019-07-26,0.0036391982759116205,0.003420697349575986,0.0034320017851985946,0.003358511390581273,-0.0009154504856468391,0.00410495332844912,0.004085589513149807
2019-07-29,-0.0018405950310082732,-0.0014180681350275655,-0.001786940724320801,-0.0017094795248186272,-0.0034132345949513124,-0.0020292807265200347,-0.0019354881215586943
2019-07-30,-0.0015049866834059172,-0.0016642649532197008,-0.002631420565513657,-0.002624427998106391,-0.0012822327170417382,-0.00015965756518227295,-0.00014539211350416865
2019-07-31,-0.01273701469658771,-0.019341958755464763,-0.020549890927851457,-0.020569475193527767,-0.02117020693637344,-0.019364171875035825,-0.019469774914321693
2019-08-01,-0.0083305899983567,-0.012315592997958693,-0.012499045464680508,-0.01248756479227712,-0.01710331518693733,-0.0052007864339844705,-0.005235693553812249
2019-08-02,-0.02069071873275825,-0.02126996054396504,-0.017327942263784726,-0.0172896131414697,-0.024444411770752173,-0.014660660993448413,-0.014557644397125506
2019-08-05,-0.03874559890750202,-0.04027404148010268,-0.04009338939572567,-0.04019546262338382,-0.04168958771045372,-0.038080031567548064,-0.03816602994722268
2019-08-06,0.018304596972717954,0.02082675555727884,0.021449974570052297,0.021420777889670593,0.011961730695288905,0.014388411960098787,0.014278797453131379
2019-08-07,0.0023932479881886896,0.003841762404768021,0.004024869140233843,0.003943146072274246,0.0016000003571638324,0.0009636205345078088,0.0007886345168052834
2019-08-08,0.030107103327578356,0.02798854805061449,0.027254446114474185,0.027221750945876894,0.031073268683821226,0.026291751120180583,0.02640959650808748
2019-08-09,-0.012828175649436646,-0.012198246896861675,-0.011832781309682999,-0.011734849822498233,-0.02417560097524013,-0.011426939489540955,-0.011576217052678387
2019-08-12,-0.009179400517747578,-0.010141176742100681,-0.009949238219815167,-0.01009018872221382,-0.0008979272502374616,-0.007478235840738752,-0.0076447237079589865
2019-08-13,0.02269985003852244,0.02401622667943137,0.024240019196773446,0.024300721133980213,0.03596170487053525,0.025536904803000828,0.025530690501270412
2019-08-14,-0.035304348108625976,-0.033148241985730374,-0.03370186090040733,-0.03366445134848339,-0.046175869097173056,-0.03295214778715137,-0.03301506995485784
2019-08-15,-0.0058931466721951495,-0.005260621836894807,-0.003571290667748087,-0.0035024876642066115,-7.20572683363071e-05,-0.0019312712729140976,-0.0019458276822619538
2019-08-16,0.022459516392725438,0.02208845695513536,0.02108440154528902,0.021081583557574664,0.025765180268196176,0.020219932819802715,0.020297625101015418
2019-08-19,0.01884921956668704,0.01968087355940767,0.020207090007248612,0.020195597524025593,0.02185665320528239,0.01625383764306755,0.01625624448028197
2019-08-20,-0.0020662653089781055,-0.00439894041153356,-0.0018731306599730764,-0.0018769224977837106,-0.010026806015596855,-0.004664687453624851,-0.0047940685740565534
2019-08-21,0.01151593181886889,0.010874350797277499,0.01081977296081181,0.01086453160187182,0.0032083545520584914,0.010461780663175513,0.010477418150590688
2019-08-22,-0.0006344062690755936,0.00030970923828463294,0.00046185091111631746,0.0005189628039201453,0.0031044487835459717,0.0007928560057879546,0.0007756882084671055
2019-08-23,-0.0314399589184857,-0.033805512966717764,-0.03153539741542187,-0.03153294360396424,-0.04684497124320231,-0.02614494238496921,-0.026146556110383634
2019-08-26,0.014201958874652315,0.01280079281233288,0.012305346594232687,0.012280366627063869,0.009393368101434575,0.014087777374654354,0.01404603893699166
2019-08-27,-0.009001325568065193,-0.007336108745760484,-0.0066270757681173255,-0.00663558782328028,-0.013343977378600295,-0.01264186083022298,-0.012607238221592676
2019-08-28,0.0019111897003862533,0.00408687384514921,0.005187588735144237,0.005185515132529535,0.011442626216078772,0.003622354608669877,0.0035772616323494766
2019-08-29,0.020097626051811406,0.021292841491428575,0.020900745806937012,0.020897986636102133,0.023617701357938746,0.01897033101217574,0.018989378017286906
2019-08-30,0.005068867104230002,0.004488535753824437,0.000444429606170687,0.0005166463030375352,0.004798633482850231,0.0014405371397223962,0.0014286172411532812
2019-09-03,-0.008723806480148297,-0.010207721598656764,-0.010680126784321637,-0.010716018296793983,-0.006135382165631104,-0.007443254385483047,-0.007499092474200325
2019-09-04,0.01718515382396404,0.015370854229064722,0.01567432562138949,0.015731003977696174,0.025893471248348742,0.01598575489421827,0.016058735909822746
2019-09-05,0.018664332438161537,0.01999903137732648,0.019266657747763368,0.01931372875451426,0.03256830264058765,0.01716295488877108,0.017271176646386943
2019-09-06,-0.0008513434564358287,4.0385594547699566e-05,0.00038510597968764585,0.00039308065104125766,0.003956112560735594,-0.001254524789702871,-0.0011286344577970807
2019-09-09,-0.008029907488937317,-0.0071195453113969305,-0.0073771848045542055,-0.007416171947750149,0.008097693159340892,-0.0086554058256432,-0.008554434366861862
2019-09-10,-0.001680691519737781,-0.0028821117952686254,-0.003400832866700213,-0.003443037371203839,0.008672032692904771,-0.005265484614010942,-0.0055078248729085455
2019-09-11,0.012148934766612865,0.013812453545067323,0.013756236546712248,0.013774329974559857,0.020934252660899193,0.015517106663097864,0.01557256044221594
2019-09-12,0.00011228412674079329,0.0007907289136015571,0.0018832398519405744,0.001909072091045444,-0.00024196187019532054,0.0007644117494506708,0.000794742690132416
2019-09-13,-0.005869287384551895,-0.006003524454687338,-0.005366203843791374,-0.005354979982111227,-0.0022209396963617112,-0.005326769098850974,-0.005330382537057764
2019-09-16,0.0026892708770104834,0.0019101722148055882,0.0006784039312709865,0.000643295955435354,0.0012254163710672206,0.002122400087040346,0.002037105340582019
2019-09-17,0.0020907090146345766,0.0029698378956865053,0.002981010923694975,0.0029514864806744648,-0.0028140818853287382,0.003091283790137644,0.0030898188240404863
2019-09-18,-0.004423139244413998,-0.002464472193932298,-0.00131226691967456,-0.0012489381020559045,-0.0033618204971751497,-0.0019201352754654542,-0.0018438185577687024
2019-09-19,0.000694401463877529,-0.0013059385647723712,-0.002162214269206252,-0.002116364973420313,-0.008130538897416047,0.000514718189737677,0.000586118998398117
2019-09-20,-0.008044721457767417,-0.00917562947955224,-0.008817065138382726,-0.008656422093512754,-0.01210878764383106,-0.00431377623761251,-0.004293668066960854
2019-09-23,-0.002393037966748939,0.0024903466492936775,0.0019412208763616016,0.001975896081510121,-0.0032244808238193886,-0.0020976087113694537,-0.002173785205338131
2019-09-24,-0.015258998231337218,-0.01585490812996923,-0.015029517278035963,-0.0149518866168798,-0.013501894903941087,-0.015550687363370732,-0.01551033127149138
2019-09-25,0.013276401837128127,0.017032349213321626,0.016209478252152295,0.016160477716972425,0.012975892780074615,0.015598555642163467,0.015613453737839041
2019-09-26,0.0006266999439356025,-7.373112666377617e-06,0.0015519525908332362,0.0015647345256155634,0.0004842631367981565,-0.0007562791467036738,-0.0006739113842198041
2019-09-27,-0.02463322347595731,-0.024282990323300103,-0.0230219601305627,-0.02300267222631146,-0.041331202645700386,-0.028801865236934728,-0.02877863585490949
2019-09-30,0.004543829415601083,0.005922697381249507,0.0055662564023524624,0.005519393482609203,-0.004287762344510823,0.0041728769104395136,0.004167245393528488
2019-10-01,-0.01998161189916892,-0.016195721406293058,-0.01573729257725503,-0.01581277024955875,-0.02033339732612293,-0.014841423261823163,-0.014806497599132724
2019-10-02,-0.0159928322919414,-0.01647002024947616,-0.01683111669482802,-0.016830298352265474,-0.011931860495039847,-0.016798871026313368,-0.01677780103587899
2019-10-03,0.012237077830376019,0.012697560509091337,0.014032432092378517,0.014045640825298356,0.013491769180730088,0.01306109251747685,0.013014821163826013
2019-10-04,0.015959821077420888,0.01740434738021402,0.016389273478379415,0.016421629395608702,0.013143609865173852,0.013878074952444457,0.013963709710792131
2019-10-07,-0.005240344537336861,-0.004203181924082393,-0.006772013525292838,-0.0068497624883950775,-0.00888726257967103,-0.00359575293778894,-0.0036817975113481866
2019-10-08,-0.022247494133588487,-0.024217261011780376,-0.022876256617221463,-0.022981792539174657,-0.026555362616758713,-0.01946499351991764,-0.019492467567690137
2019-10-09,0.011600102136484195,0.013135032670833128,0.01293742072179188,0.012947110701296779,0.008434374407719386,0.013624843478082314,0.013549208270975941
2019-10-10,0.00590023099476896,0.006951599678103811,0.008738244987965424,0.008630090891382343,0.0075128761748086085,0.0063014547070778535,0.006286383826551182
2019-10-11,0.01745950388506377,0.018983089456028286,0.019066686264411874,0.01908906312606989,0.024458136417783893,0.014798673592022063,0.014797960233706177
2019-10-14,-0.0014138959606988378,-0.001979459677434845,-0.0024364188056950464,-0.0024800564816851345,-0.0030041152884368277,-0.002405224869775707,-0.002521649652958569
2019-10-15,0.016999455084894532,0.016678567616121073,0.015999448289224616,0.015938047033228615,0.018032615221559495,0.01744017053140449,0.017413109738491497
2019-10-16,-0.01063703516118296,-0.01208360169449276,-0.010198299334975097,-0.010156074480129933,-0.012834629718867337,-0.008550808802910285,-0.008502195662968762
2019-10-17,0.003919018988286696,0.0034473449340244864,0.0027532789971529666,0.0027143111323964975,0.003987564122372227,0.0049993803616859255,0.004933984250114937
2019-10-18,-0.011989228550904535,-0.010507768570173623,-0.008963841634135005,-0.008711815859502134,-0.01706026514547175,-0.009003809268903241,-0.009040316707964981
2019-10-21,0.007930471299532109,0.01085481238674569,0.009629453163683159,0.009715032579234768,0.020788536918960637,0.0052825198537568485,0.005391883316848936
2019-10-22,-0.012170064800834605,-0.01268989226169806,-0.011032194351335631,-0.010918518428163467,-0.0022940431418564246,-0.012978034923631808,-0.013059868701082722
2019-10-23,0.0017149121870769363,-0.0031521589877766976,-0.0037861423426250045,-0.0038476174660799483,-0.006378908940968548,0.0008576296663846013,0.0009194254167326932
2019-10-24,0.013341513868298847,0.015522665725278115,0.013657193059176276,0.013624202260129984,0.015455407259892,0.0189764987919767,0.018933636357533264
2019-10-25,0.01090653209875539,0.009386046845095643,0.008808116762724284,0.008728630874086334,0.010808652519183287,0.007719984779144146,0.007758705433449411
2019-10-28,0.008092951629990982,0.009672310834992452,0.009324347296327968,0.009286411958050994,0.012978335463696394,0.00944273390397377,0.009464457875691664
2019-10-29,-0.005013210842266373,-0.004725913403012015,-0.005519588883101328,-0.005504925530110459,-0.014766589596188005,-0.00332199838184104,-0.003311579369391787
2019-10-30,0.008429504589233097,0.0077826034183059,0.007437469727095371,0.007429328580185476,0.00019499222678124586,0.00015434828228683766,0.00013376094064242603
2019-10-31,-0.008482365993817657,-0.003112229065405645,-0.008902807534053295,-0.008886934827124856,-0.005498883240372494,-0.009391462688933995,-0.009456201146710906
2019-11-01,0.0076243993805707,0.010136347549630978,0.011653945949355513,0.01166774852738666,0.01528411863522846,0.008908241190692816,0.008887077763552234
2019-11-04,0.009271991760299244,0.008542745747685175,0.0086164064619343,0.008605218702837075,0.027175135958638637,0.004208238695970319,0.0042207188037485565
2019-11-05,0.003667039513356402,0.0038349109928827864,0.002120070363161852,0.0020680261356481548,0.005241791039018193,0.0012245328704355138,0.0012447916849750247
2019-11-06,-0.003848997681589914,-0.007680604953121528,-0.006831072230288923,-0.00681724760282221,-0.024255334279780313,-0.004756851168795832,-0.0043869243072503245
2019-11-07,0.005726803159470278,0.007138337618111387,0.007095280225483155,0.0071357717483408615,0.010471894496632913,0.0074636795524087845,0.0077432045180446454
2019-11-08,-0.00010757510575985188,0.001422360988597715,0.0006405869643889882,0.000646160590942151,-0.008229916507449666,0.001049281241455281,0.0010550771231927238
2019-11-11,-0.003496236583302643,-0.003196046686050206,-0.0038928560468605494,-0.003977482776755046,-0.01567851867963842,-0.00040039789204881625,-0.0005440685278008851
2019-11-12,0.0029297992231660333,0.001535836228765995,-0.0001055720137389421,-7.922266515364529e-05,-0.017490464069330507,0.00425923433246007,0.0042177366303941585
2019-11-13,-0.0060962394580247456,-0.0036926433495769982,-0.003332606357272211,-0.0032609787004893196,-0.02096910988090552,-0.001927657433705589,-0.0019340034343285767
2019-11-14,0.003277279405372452,0.0021465870426828023,0.0017525923610548348,0.0016584663421116289,-0.008896145169877981,0.0022634650101908157,0.002216895752737086
2019-11-15,0.007241215745367491,0.008798759226978528,0.008182977870679826,0.008097110713351193,0.012314743231899879,0.012892518348733535,0.012881250120371961
2019-11-18,-0.0007766465533740265,-0.0020850783431886565,-0.0019293925136587573,-0.0020296692105805274,-0.014148127365027196,0.001001459498242743,0.0009471172187879585
2019-11-19,-0.0020109187202130624,0.0004965131176053205,-0.0031277641107502053,-0.0030813985926290244,-0.0057419329057857476,-0.0007135980421698844,-0.0007156027108454029
2019-11-20,-0.001945272105171118,-0.006010489676569385,-0.005973108924835014,-0.0059667153853152554,-0.010645468514830838,-0.0022546803084697127,-0.002277247008833194
2019-11-21,-0.007670645336020093,-0.011111172145316189,-0.009154481893241143,-0.009248529114906678,-0.003448350814173374,-0.011518967267340727,-0.011488161965880511
2019-11-22,-0.0008507922648384728,-0.0018179321264003155,-0.0020845700992610924,-0.0020329772253798737,0.001840438853129115,-0.0029418162848639413,-0.0029692864101847263
2019-11-25,0.014840430418347811,0.016527735151570095,0.014420678841190677,0.01438992802718258,0.026119213479848597,0.01342089731120662,0.013409033435166001
2019-11-26,0.0008243223287275305,0.0036186072899193353,0.004379905509984848,0.004384866390947824,0.0027502740201735196,-0.001061569780659268,-0.0011459651790065055
2019-11-27,0.009005841865421941,0.007316587190650274,0.009049802166292907,0.009057064835073349,0.017511392139124973,0.009093537613102134,0.009083680261633179
2019-11-29,-0.008162361762101531,-0.009815189664559784,-0.008827822549528096,-0.008815438383681921,-0.010552242974965974,-0.007263034147940903,-0.007248781580334064
2019-12-02,-0.015620062198127265,-0.013427492267045779,-0.01379041868984772,-0.013764883168020967,-0.015153352358870192,-0.014356676776876433,-0.014327295394889986
2019-12-03,-0.009945745472420312,-0.011745864363065406,-0.011224598434775114,-0.011276618362194388,-0.024505873513533748,-0.008914252577980387,-0.00899165811878535
2019-12-04,0.005146055942053722,0.009875928370779496,0.009732733913918825,0.009859612900629231,0.0255156332696633,0.003329663958465805,0.0033457913571058274
2019-12-05,0.002848030346981624,0.0003079090543346145,0.0013778182211241503,0.0014072551176105429,0.01178212941280024,-0.0002696172066823068,-0.0002679470668753344
2019-12-06,0.009868391850283804,0.007529821725639164,0.00876435905596415,0.008749643319953326,0.012909810083117625,0.00714760054263064,0.007151348037061875
2019-12-09,-0.008669099877575462,-0.0041790279655421125,-0.0030252141458295095,-0.0029773506314510487,0.0038860937674793402,-0.003411143617335923,-0.003346508835577122
2019-12-10,0.0014392949931563352,-0.0015840679104874617,-0.0009925692942795725,-0.0009250529357427316,-0.002379154121550061,-0.0007287427985774378,-0.0007512273647249527
2019-12-11,0.013841933715515288,0.009440065319858615,0.008484962699048802,0.00839550014803903,0.015087647799502363,0.008239096471161063,0.008185882917618662
2019-12-12,0.029487003616002552,0.027576905063695686,0.023223330218103043,0.023273578912431966,0.034055917243706366,0.019798233510431775,0.019785998558934786
2019-12-13,0.004328405417069641,0.0011897662041792875,0.0015746342925708802,0.0015498738832294215,-0.006351783690640178,0.0039037170882475804,0.0038604157839094676
2019-12-16,0.013947248809032404,0.009820592596563642,0.009183254804827653,0.009154441050699633,0.01916412446928335,0.00808977913545725,0.008095011602375834
2019-12-17,0.00028040047397419056,0.0007034937123583109,-4.745738023466541e-05,-0.00010593736300895114,0.0030974965893821715,-0.0015570804507247383,-0.001445028682248597
2019-12-18,0.0055805275018447065,0.0026042361408483935,0.002910020926924466,0.0028913073820933336,0.0065157807327932,0.001072696095550466,0.0011766393361822545
2019-12-19,0.009458045191544992,0.006528337476866177,0.005417898470548512,0.00535776607207301,0.007749983546144345,0.005247340525255064,0.0052781650516060844
2019-12-20,0.007470412326063341,0.007269344684866888,0.007784312257245732,0.0077017643966263765,0.008878624799436729,0.008695349895251487,0.008660584825609604
2019-12-23,0.0027565834146298616,0.0007880942516779878,-0.0002638421346496883,-0.00027161112048029837,7.316795028558952e-05,-0.0013097731034372234,-0.0013298316780464686
2019-12-24,-0.00022597226155717084,-2.043777203357116e-05,-0.0005141984608914318,-0.000498276742390655,-0.00017909814465347625,0.0003170200040098528,0.0003254525849043916
2019-12-26,0.0034562641415548474,0.004876007309609305,0.0036164872147691437,0.003658285568085873,0.013051922988031768,0.004168675390273113,0.004149661357145693
2019-12-27,-0.003926460115985426,-0.0025641360495704865,-0.0016765306811960296,-0.0016479555555815521,-0.008558229837936393,-0.000660295579409107,-0.00064375994645246
2019-12-30,-0.0065931687325282455,-0.004401560421937905,-0.0051889573637186855,-0.00511987795826333,-0.0005534247590212144,-0.006229172757728572,-0.006246730413026066
2019-12-31,0.003898772310908803,0.0010011677320946666,0.0009470545881892572,0.0009697248287902881,-0.001692711826331235,0.0018572133912232698,0.0018579335385252036
2020-01-02,0.017803172745048675,0.015994782540828718,0.014304487783033294,0.014242216785085885,0.025192105413357077,0.013731613949612247,0.013710153761457733
2020-01-03,-0.012112385391901534,-0.012827142186977477,-0.011720944346915882,-0.011739773869429577,-0.0020240565255520444,-0.01025821330832349,-0.010310838633010425
2020-01-06,0.0017251360322664846,0.0006252787100558132,0.0010383419532286227,0.0009752504487470967,0.004492877602929347,0.0042623079848835175,0.004376424461551836
2020-01-07,0.011928213864352683,0.00759170054480508,0.007501138752969365,0.0074962291723688085,0.02434133138782448,0.002527831071811608,0.00249690309393547
2020-01-08,0.009750532106489962,0.009063197822365492,0.00897029090633986,0.009007545646796306,-0.006280810240890914,0.012634395210744822,0.01274047113414164
2020-01-09,0.0038585348273459563,0.00581396726699735,0.007946984680500929,0.008111815705413462,0.011212363567667928,0.008251559339646126,0.008370730841550936
2020-01-10,-0.005245531952124971,-0.004524405795588401,-0.004371711850508552,-0.004233917971735769,-0.00021895041090757065,-0.002004308614139611,-0.0019390935816295644
2020-01-13,0.011635799692122464,0.009612417471757334,0.00910066824430858,0.009001177782602317,0.0074598719609386315,0.009058053974342034,0.009098780571517287
2020-01-14,-0.0028538817109526036,-0.0029209036766430145,-0.0036118554562103926,-0.003637458608301825,-0.0010179082471124482,0.0013460203411929915,0.001278560679224641
2020-01-15,-0.007077014083350387,-0.004875102475184744,-0.002397095114505257,-0.0023396463322717474,-0.0021464792596290767,0.0021410114003071108,0.0022362254653180706
2020-01-16,0.01504207692477177,0.012445954282322758,0.01212869389093757,0.01225667429668747,0.013933180690594205,0.01230221930238622,0.01228765494864423
2020-01-17,0.0037527479695734778,0.002776054121741825,0.00474238926366453,0.004874812750031822,0.0017887978514359937,0.001954791588283749,0.001964165467266121
2020-01-21,0.0016403354011447478,0.002018257627047572,0.0011743709504132228,0.0010932107870800995,-0.0010964710715091251,0.0025545719531401704,0.002507948396913538
2020-01-22,0.005648686440706001,0.004571560322117974,0.002676586428315938,0.002838145043144103,-0.0010323782455158885,0.0031864176440895386,0.003320048484199389
2020-01-23,0.005026983097196682,0.004927482956773095,0.005211270862742948,0.004936810825757114,0.007804399177561145,0.0027083928564397876,0.0026197368571902677
2020-01-24,-0.008020967389248514,-0.008161199210427275,-0.00872852231773584,-0.008762917020692144,-0.011017414695739422,-0.009130258706192473,-0.009174359420862694
2020-01-27,-0.02401739570220124,-0.02343961973801431,-0.021568897582317156,-0.021733006730275478,-0.023372800976373887,-0.019331528189633143,-0.019557992143903212
2020-01-28,0.015605447202070659,0.013918964502711349,0.013461478290399074,0.013451112591231345,0.00975495670621706,0.01285225270160889,0.012832572287685102
2020-01-29,-0.00587995584543598,-0.007336189137486996,-0.006962227914794459,-0.006907266870684658,-0.010671928233000737,-0.007649970282562022,-0.007633157122174544
2020-01-30,0.0009198764095720769,0.0007942571709615566,0.0010891622532057381,0.00117352675279419,-0.0034954198668070246,0.0028933268456993975,0.0031969059400639996
2020-01-31,-0.025666486169563574,-0.024057389005090576,-0.025569524686909883,-0.02556983225901553,-0.023732782184807698,-0.022124747501096945,-0.022246347016478926
2020-02-03,0.012386711397567932,0.011973226123437713,0.011128020841301881,0.011091444699201342,0.00466205985443699,0.012605573419109685,0.012608660039162322
2020-02-04,0.03158593745543512,0.030781049138927236,0.02567305517445677,0.02564301063233267,0.014784217880731207,0.024296701016500544,0.024399655631438116
2020-02-05,0.0069854628213573055,0.01061781787945445,0.012846775853602076,0.012840814167893686,0.02074255032836917,0.005243039182125873,0.005229205664701995
2020-02-06,0.01186168534015937,0.007536315133470282,0.005068232586872452,0.0050917966164345,0.004100784249373878,0.010193324988750469,0.010257611024331516
2020-02-07,-0.014404493058071371,-0.012474770188530484,-0.011582916925012964,-0.011564886246408442,-0.006874834000393772,-0.009741769497090104,-0.009692451201560821
2020-02-10,0.009494644290219845,0.01005598641438665,0.009653297708596431,0.00961634763166893,0.00965206238208997,0.012106481846907048,0.012161751039991215
2020-02-11,0.006765021068176354,0.0068740842892165525,0.006673276345943481,0.006643921504543389,0.006657344909808642,0.004718277649593888,0.004741069731423512
2020-02-12,0.011666073318509553,0.01020440685841218,0.008882470577622788,0.008781018375024246,0.006463559033063546,0.009233316592098148,0.009139515172174921
2020-02-13,-0.001762008245735554,-0.0012644130714901014,0.0003322351432949574,0.0003421077923487132,0.005262748763048473,-0.00022295397396929423,-0.0002762604798975679
2020-02-14,0.004130236820853188,0.00485719440713958,0.006448935021327975,0.006430388775774875,-0.011901360151421153,0.007833526117676966,0.007746365786146565
2020-02-18,-0.009325464417825325,-0.009544357016144422,-0.009152259674483935,-0.009213869957115322,-0.010748589669244907,-0.0058267406682710856,-0.005832894579220381
2020-02-19,0.017609009392782475,0.01530747942716075,0.013042340937249082,0.013044293107944898,0.011801036471391338,0.01105673163009607,0.010947100633921346
2020-02-20,-0.00857047316281894,-0.007372530164650759,-0.0051044575639190215,-0.005238456004188204,-0.009363487127029236,-0.004662029901752453,-0.004656865452186884
2020-02-21,-0.021222604472515495,-0.019511830709735976,-0.01706333142417382,-0.01710478139702576,-0.018550494370645244,-0.015921577589362197,-0.015938513409476388
2020-02-24,-0.03611985498446277,-0.038624669606291864,-0.037345731372626256,-0.03747603405644954,-0.046585884490424584,-0.03498471204945795,-0.03506765490918931
2020-02-25,-0.0321156956023383,-0.027205224455906896,-0.026412626125369345,-0.026334747372717054,-0.03911443128487194,-0.025656060593071295,-0.025601907792386188
2020-02-26,-9.322392149799827e-05,-0.00463450061539443,-0.005768354372156505,-0.0059780694842304395,-0.02220700237384581,-0.004033488674397434,-0.004009396805354799
2020-02-27,-0.04576468715327123,-0.04169662808650519,-0.03984167247902749,-0.03989533316938366,-0.04450077760297564,-0.04400799917264237,-0.04399596746452645
2020-02-28,0.006669171579277637,0.002912498596555372,0.0026451504401108434,0.0026816870518958837,0.013102352923498314,-0.001612795058959374,-0.0015651502502181
2020-03-02,0.04446463039649687,0.045183258590174136,0.04475097340635108,0.044860281250331854,0.031047237994326942,0.047082291831939196,0.04709905169599497
2020-03-03,-0.02781068737344393,-0.03018291933532119,-0.030389676598382973,-0.0303956716065277,-0.03417475512693771,-0.02880049599327375,-0.02877884319061117
2020-03-04,0.04933091481599397,0.04863002448020044,0.04895628714234609,0.04899906354709362,0.03598923037087662,0.04568970490276476,0.04589708294518938
2020-03-05,-0.023591329871370217,-0.024257023918111596,-0.02737567480367967,-0.027335406161040098,-0.05108048657983038,-0.02523032508820836,-0.025118471182927954
2020-03-06,-0.030299195380092597,-0.026220979609219576,-0.026761679823994463,-0.026723526297960078,-0.04427203457445614,-0.024911132908441564,-0.024818139307266875
2020-03-09,-0.08443849998559966,-0.07999298640935462,-0.0796159010702251,-0.07989344346966838,-0.12915194036515612,-0.07736428354090447,-0.07689282718620814
2020-03-10,0.05558660008804038,0.05573726998263712,0.056741861511707396,0.05665959033502332,0.07544920533704566,0.05463045134068426,0.05481078830040264
2020-03-11,-0.0569978231724083,-0.05628471981944158,-0.055915242247673656,-0.05570832968501053,-0.08084626279523968,-0.04704787660094127,-0.04680235174056732
2020-03-12,-0.0989966378108801,-0.0997751298920257,-0.10112669622403336,-0.10116355947191527,-0.12181558685905795,-0.09400636070345166,-0.09445169462117993
2020-03-13,0.09583908224873622,0.10389738504516605,0.10318950087276582,0.1035348420059422,0.08243899273866716,0.09961529134854168,0.09982215332216589
2020-03-16,-0.14140868468631015,-0.12846887725429193,-0.13419844610896273,-0.1340095561374075,-0.16504944054872306,-0.1187300867686618,-0.11877372847086982
2020-03-17,0.07091442966213597,0.07997138940517728,0.07927969961290114,0.07913784340988382,0.02252968204129656,0.0829366981439912,0.08341442197295618
2020-03-18,-0.08638935577196218,-0.08099773311005473,-0.08304035327735179,-0.08308851445904226,-0.11053461514110274,-0.06734655060024153,-0.06661714207494689
2020-03-19,0.032515456512522856,0.02975548671767083,0.025108628620214426,0.02485622004336097,0.1121801104026805,0.01659501823717683,0.016680140786169508
2020-03-20,-0.034235366408597104,-0.0390627176139465,-0.041076632678642054,-0.04076108029992393,-0.020566427712985724,-0.040832741762896564,-0.04031883928445597
2020-03-23,0.01235944645154255,-0.006099352120555142,-0.01154147401206851,-0.01176094767579083,0.02505347988929454,-0.029097081352309102,-0.02937958971378088
2020-03-24,0.1049699684003105,0.10602133873149677,0.10919922769956902,0.1094279072594771,0.11706141723069831,0.10037601146981326,0.10015840153079186
2020-03-25,0.014667492810596696,0.018534154663827292,0.01959224247251013,0.019536076976435526,0.028784009351780167,0.011980968941355278,0.011920421877947295
2020-03-26,0.05616417284473742,0.04192787329929662,0.04582298713180513,0.04556790530004858,0.06071829561765823,0.05327616700119867,0.05298277610198113
2020-03-27,-0.046626471519659256,-0.05067823428723705,-0.04991352342626696,-0.04984089241143159,-0.08122883699363881,-0.04735185756198182,-0.047435740610414265
2020-03-30,0.02991174824434001,0.031656570003837856,0.032379694455580324,0.03248296187888317,-0.011811304044169618,0.039860454703461626,0.0401981991510428
2020-03-31,-0.016491657293947366,-0.01586735265091014,-0.018131025499490916,-0.018457819074412345,-0.02080330586162032,-0.019502302906822998,-0.01977734448290177
2020-04-01,-0.053273290711406844,-0.05167895192470921,-0.05176941392260703,-0.0522055508106688,-0.07635648564566777,-0.04485586759267551,-0.045108882915252786
2020-04-02,0.021252845101295076,0.021328766315982038,0.022339571546182747,0.022416491387985567,0.033965933708894995,0.015275289578548255,0.01502696984642755
2020-04-03,-0.016017468454263037,-0.0210076731798585,-0.020031778649620316,-0.02006518756474699,-0.021096814165454992,-0.019534407819617964,-0.01976404829708788
2020-04-06,0.09232962209578686,0.09868815117972309,0.0990886343948765,0.09923669080566815,0.0959546573580578,0.08981301467347236,0.09012172368783684
2020-04-07,0.0022394225321869347,-0.00037760350144266344,0.0006116135127711223,0.0006262462074583046,-0.005786473306561984,-0.0031077493785531375,-0.0030624069065781074
2020-04-08,0.03493064227527839,0.03576285243872196,0.03546608892428041,0.035599015856644135,0.09327860225687208,0.02615612257061262,0.026325769807624997
2020-04-09,0.0017460581768126242,0.005058179558272993,0.005365626625947526,0.005850845850685166,0.017276094893998655,0.008881242319581265,0.008857324122858215
2020-04-13,-0.0023123032591321974,-0.0034152691775037186,-0.005452901683921155,-0.005557130651462865,-0.029776499451131956,-0.00745230273544647,-0.0074915397902655416
2020-04-14,0.035886843930707374,0.03669786321253442,0.036614381865428834,0.036407945272309596,0.02234549632295592,0.037845081705182006,0.03796711996907574
2020-04-15,-0.030765115396120077,-0.035083857230348806,-0.036965138515094094,-0.037197845765655914,-0.025953289577167367,-0.02916625505702201,-0.029152201960215778
2020-04-16,0.01284404138138416,0.015330546526513578,0.011895453422321857,0.01193936427140454,-0.014419169712658964,0.01588538613813286,0.01576698249702349
2020-04-17,0.018295570103298256,0.023518526642656943,0.03180775305014548,0.03191102766549227,0.06351168534814444,0.027882175583659113,0.027948591333555272
2020-04-20,-0.017226419233890393,-0.012814074047125932,-0.014968743879240312,-0.015103556139713058,-0.035818502251855205,-0.011963561112924669,-0.011935968329457588
2020-04-21,-0.03892990269731476,-0.038739738797941736,-0.036703451030745377,-0.036703171238918905,-0.0314581440178019,-0.040572264955902784,-0.04058050085179618
2020-04-22,0.03226873977568737,0.03207503107649858,0.03196108333990716,0.03220829903190722,0.025814274926113417,0.028996427568021566,0.02900768974381949
2020-04-23,-0.0011831811418265385,0.0003215876943227237,-0.001522251322853247,-0.001543021093249361,0.016606571097441132,-0.0010343668333695993,-0.0010255339124544136
2020-04-24,0.021394576578243722,0.024182405191329658,0.025132004477293763,0.02523336591546144,0.006308475413609977,0.02142074714689336,0.02139164232813177
2020-04-27,0.023758930444183854,0.023184026992528483,0.0245548177411576,0.024606029542581228,0.03056545724800414,0.022936204406949535,0.02289024972179915
2020-04-28,-0.010781617593828813,-0.005736038257864334,-0.00434409069595209,-0.004116944249070414,0.02803062861099683,-0.011878310396259193,-0.011899716457343133
2020-04-29,0.0445030224538324,0.037584275970147976,0.03667599260459049,0.036654440455881274,0.0660289322472669,0.03119596958838665,0.031257922398170886
2020-04-30,-0.018511537055361432,-0.02200948039717564,-0.019346214102635356,-0.01960145674112588,-0.02653354960349481,-0.014518393986694068,-0.01461181145574174
2020-05-01,-0.03900416080318059,-0.039332345947478746,-0.036136320233973965,-0.03610626164289084,-0.04387027453105098,-0.03481529117841511,-0.03485713302111052
2020-05-04,0.00905036388545295,0.008593616795150997,0.008697316437816826,0.008652273944019028,0.0028893400534082255,0.008174130514439295,0.008105367696078855
2020-05-05,0.0198034612474176,0.0176544200762802,0.014546508721912021,0.014655850554236063,-0.006072849242566498,0.011734131791369866,0.011773347042963563
2020-05-06,-0.000730671093741456,0.003032546331815275,0.0036141307624743524,0.0035267668866588416,-0.010059583573160386,0.002337890708930216,0.0023376291163624244
2020-05-07,0.016940266766289167,0.013517063086545643,0.014866902694883772,0.014874246620481181,0.020633039549353513,0.015356611558716858,0.015283156125746912
2020-05-08,0.01963248922215449,0.020943249792474746,0.02131334361037773,0.021430945995285326,0.05070467779314462,0.01693711827067749,0.016979894172655486
2020-05-11,0.004947491349278748,0.0031568961320068076,0.0027795560430469613,0.002552435269941333,-0.0067742720919089635,0.007683037395092718,0.0076911511154375235
2020-05-12,-0.021286408806721065,-0.019488791932640092,-0.018903171328092848,-0.018922416942500696,-0.03289489822340875,-0.019662530723812716,-0.01957383051620945
2020-05-13,-0.02142371338572531,-0.020839193752796272,-0.02028791455649103,-0.020232727805099562,-0.02639352846226874,-0.021071139190195605,-0.021159309450948707
2020-05-14,0.024200244031879144,0.021452443633866003,0.02302552663280322,0.02317286855935206,0.022944165391175112,0.01999700111595641,0.020013823966358278
2020-05-15,-0.0017455668019173542,-0.005464866127225193,-0.0014489036743004704,-0.0015879000141687455,-0.008744825360196174,0.007951259439957574,0.007924933921386686
2020-05-18,0.03280860341060292,0.03578794205016118,0.03683496368917414,0.036852957937953755,0.07853324032883659,0.032546600451921016,0.03267715970426192
2020-05-19,0.0021703039138198047,0.001407354714766666,-0.0005752427442814152,-0.000548863671813963,-0.01302448282180477,0.0016457949270953004,0.0016654451070438182
2020-05-20,0.019887944030710546,0.021665815721613035,0.022855636565439888,0.02280949318796286,0.021048626944074954,0.020398016354412744,0.020279278793664517
2020-05-21,-0.015840029100073455,-0.016358312559922396,-0.015337701957856024,-0.015381582474844252,-0.007457695432664769,-0.011806766181567077,-0.011705135779896346
2020-05-22,0.0035166204403158418,0.0014204922441929289,0.0002589470852420001,0.0002654194324490647,0.005501863693828116,0.0019323892252878627,0.0019666457356599778
2020-05-26,0.007355711355353633,0.018062608606707272,0.020911375061925044,0.021052781080164437,0.043359976087977106,0.012139595190894466,0.012154437624638019
2020-05-27,0.009520951813940998,0.005645055153781731,0.007101593914364532,0.0070711122915007914,0.03867065356489266,0.00704343944159388,0.007010125189190916
2020-05-28,-0.0035941088611681866,0.002591043886440508,0.0024937866207401585,0.002496996374925213,-0.00674019698808912,0.004810152841675438,0.004908763172323966
2020-05-29,0.01286363567797525,0.011489568520097394,0.011110827062391849,0.010995178272555734,-0.001197959169282392,0.01082836016562939,0.010743965023259238
2020-06-01,-0.0021384850076280656,0.0011866402283589993,0.0010923269405406068,0.0011480056049760247,0.013244746896538501,0.00157484968090809,0.0015167288868469448
2020-06-02,0.005108025806836187,0.004122113769487717,0.00447257486646088,0.004406056169976911,0.003306906960179775,0.004037715245602062,0.003958341093352966
2020-06-03,0.015609066028849594,0.025889776108113285,0.026093364272322478,0.02614870193719142,0.07149499436523184,0.012545370832457976,0.012652886087418146
2020-06-04,-0.0037654268831255407,-0.009675733028097693,-0.008386609469838645,-0.008385300986895307,0.0003427726459127046,-0.008907989750346727,-0.008985740818175499
2020-06-05,0.03418828597601707,0.03261321509908297,0.030131078232816078,0.030272252811530766,0.02539696553222735,0.029597818272757828,0.029659043245589323
2020-06-08,0.0055669624947855285,0.002797140171944843,0.005021723382391684,0.0050301708107780415,0.005818354292653682,0.00635886809616777,0.006441926437855819
2020-06-09,-0.004400087715824095,-0.011242174826239756,-0.012946831880446305,-0.012857908454138775,-0.022764531421996085,-0.010970752949773023,-0.011050983784058468
2020-06-10,0.005696861077756465,0.0011257444115120654,-0.001460668534810076,-0.0012794513756633798,-0.020159347651881456,-0.001478881206624839,-0.0014658553658808391
2020-06-11,-0.06044963639531979,-0.05809526249496942,-0.058052555501611536,-0.05819696478352221,-0.07443502019075142,-0.05604079950727478,-0.05610835995985848
2020-06-12,0.015223414193572551,0.014818743054528396,0.016171381556883295,0.01623489389340108,0.03539635691531554,0.014410651684504196,0.014467258813853849
2020-06-15,0.012353997381013518,0.009765628389288294,0.009600086275594404,0.009601242321002441,0.018225338433610603,0.009407445652811878,0.00948119481029897
2020-06-16,0.020070737998356087,0.021059222218224795,0.021848213765041983,0.021703201441991386,0.01999335460568877,0.021046708127940805,0.021057894994465653
2020-06-17,-0.00035957613708192455,-0.0018489913700661163,-0.0022047889971896365,-0.002371319598472409,-0.004035529357860747,-0.0029602607826721685,-0.00299953160907432
2020-06-18,0.003005034674595665,0.0020069010952931117,0.0030076606413209045,0.002999370476177782,0.003785922873169515,0.0029001860547844104,0.002906671697146823
2020-06-19,0.0018150944247121831,0.001286584163611944,0.00018096792925288068,0.00010640714808251415,-0.0021732925726924016,0.0024053911995000647,0.0022767361055155886
2020-06-22,0.010876750741523453,0.006163270512407981,0.0055552908941706265,0.0055251682589037565,0.0016946430910761237,0.005880751183927231,0.005938008502245851
2020-06-23,-0.002735172203999974,0.0021646660618183226,0.0015878295357477433,0.0016751210067783146,-0.0019271112229054396,0.0013800239338872017,0.0013441759748479701
2020-06-24,-0.026676115963522606,-0.023735999876979566,-0.023575855602328756,-0.02358736194245437,-0.03841040354832019,-0.02286134203406077,-0.022876150557216722
2020-06-25,0.011280411109094658,0.00878331045216166,0.007702606453258284,0.007608751935453669,0.009453624485080856,0.007045673175284972,0.0069450922733948605
2020-06-26,-0.01619815574193606,-0.014179571215133694,-0.015574447848697043,-0.015402806613535124,-0.024700882799609785,-0.015746653086786876,-0.015701570371984337
2020-06-29,0.010651709145605077,0.013501314003998437,0.013817951677422408,0.013803239733223255,0.029655099472862653,0.012609434843669583,0.012695712497055582
2020-06-30,0.023451683602414758,0.01819180606107157,0.01733902556451477,0.017365314555725313,0.013728191493100525,0.01592786625971856,0.015795436153962592
2020-07-01,-0.003564311733498252,-0.0031012485636370854,-0.003205562557856274,-0.003386731434437359,-0.009534226825213802,-0.0016272523410576808,-0.0015562535143250923
2020-07-02,0.00888595833777523,0.008360767988920026,0.007490238520987996,0.007542264893784227,0.007510697243042849,0.006461562550822852,0.0064434099830477185
2020-07-06,0.021918071957441054,0.01670183529076145,0.01601295843362784,0.015994131490710092,-0.0040637358621049904,0.016426653803237986,0.016451322818761924
2020-07-07,-0.015749102301947072,-0.012898681192758943,-0.013279759151237145,-0.013182813761839473,-0.02491159133694814,-0.012803110859539729,-0.012849270119495446
2020-07-08,0.00765030460719775,0.003930705479966314,0.0034650912572268887,0.0034837592511632086,0.01076979560386325,0.005638017725023651,0.005559041084248216
2020-07-09,0.0031419495424289453,-0.0024903337757810956,-0.004248924546314361,-0.004281231446788145,-0.027938108842391403,-0.0031840090113485525,-0.0031968329669730356
2020-07-10,0.0011386672461316406,0.0015625830148456076,0.0017859566075828302,0.0015159283427608721,0.016223669151314152,0.002551005292849888,0.0025317451911023954
2020-07-13,-0.022586953789616938,-0.017914109039447974,-0.015301108756992117,-0.015289384509742421,-0.018713545303119992,-0.017220592148667727,-0.017269935808661718
2020-07-14,0.00855023307739924,0.0077703150340664995,0.008416993718052955,0.008534628783995631,0.026471094389705435,0.007019608570957828,0.00706517772070668
2020-07-15,0.0136356145404474,0.013888070280620326,0.013615445328705367,0.0136404114771405,0.019946161630570017,0.013039400464266491,0.013309261053841078
2020-07-16,-0.011268109583857057,-0.002871092796241147,-0.0031878058823476144,-0.0031897506871471654,-0.007141716545192238,-0.0034136366324854766,-0.003430115438243394
2020-07-17,0.009149102136381405,0.012918108667018624,0.01197915074596382,0.012208062359598065,0.006282442165262712,0.011221143947909067,0.011261340463177776
2020-07-20,0.01801618603805798,0.011296637569759292,0.008398981364968392,0.008463509700108736,0.000522750359866514,0.010874434013155783,0.01085250956716512
2020-07-21,-0.00174943419176035,0.001756609380559163,0.0025026869756400783,0.0025486445097125375,0.018003401829318387,0.0019630198017781533,0.0019796049995735466
2020-07-22,0.0026509280341486525,0.00501363311564259,0.0050410290907813545,0.005132178737314231,0.005771836523569211,0.0049629666551308975,0.005039429702614045
2020-07-23,-0.003904562764931764,-0.0027246338019999176,-0.002883332601723139,-0.002786149695423462,-0.012468519392938908,-0.00394819984667888,-0.0040103834718017905
2020-07-24,-0.014859326873717327,-0.010154618825188862,-0.008773452413141581,-0.008789440040358336,-0.01628363485292164,-0.008577214235198496,-0.008624473363398028
2020-07-27,0.020556548627356595,0.015080407001961789,0.013821327518699019,0.01395231225935081,0.0002110222845133486,0.012027920643224294,0.012020705174309353
2020-07-28,-0.013273228632378061,-0.01162940161650941,-0.01225050093295811,-0.012212638804903276,-5.389598453604816e-05,-0.01078581751314005,-0.010815432005993568
2020-07-29,0.020690813464502786,0.019068256084554036,0.018426513357679808,0.018516275627467462,0.017107417568875245,0.01766066298909397,0.017564095252037833
2020-07-30,0.0037990007013336212,0.003414330499016907,0.0014049223684503885,0.0012798011577025755,-0.0119414528894871,-0.0028176912321316665,-0.0028776289994584914
2020-07-31,0.005867561364446375,0.003755669413139688,0.0024535110988351248,0.002650690247182528,-0.002674873051944811,0.0042329895823623,0.004191440281415871
2020-08-03,0.01494297261676325,0.018724716864669116,0.018477124653475497,0.01822355928077572,0.007789902723854554,0.018849490528522226,0.018879561432685567
2020-08-04,0.006537572919692634,0.0019619040781808494,0.0010896086231929711,0.0011395876854073783,0.01747490221003971,0.0003675119121128747,0.0003839911087815307
2020-08-05,-0.007054792013079965,-0.000592920930151594,0.001315693284742133,0.0014721529178600568,0.027024372715355995,0.002957219193815516,0.0030540433098689822
2020-08-06,-0.004219473504393318,0.007106709936913282,0.008455438796278424,0.008453657540863066,-0.004190564128647142,0.008222257389558537,0.008240615365528971
2020-08-07,-0.004189957032851075,-0.0070169100648863805,-0.004075630040535248,-0.004055117136735678,0.0070416014542428185,-0.005476646644854165,-0.005558481241745354
2020-08-10,-0.00037801515394031855,-0.003580080133734611,1.2580885924533256e-05,3.868218429311112e-05,0.01258533520510384,-0.002588390604815481,-0.002451005636806651
2020-08-11,-0.008321254735420206,-0.005780767939705677,-0.005619301777719475,-0.005679103715951996,-0.0025914779881608535,-0.007974912367868297,-0.007989926118951355
2020-08-12,0.01888602085961942,0.01706326187900432,0.015152492016086278,0.015076014599428245,0.014050226458880558,0.01433424488275918,0.014348812840426568
2020-08-13,-0.007519638891878755,-0.00013398352795320202,-0.0014227732847830088,-0.0014010261172751914,-0.0022118009824544094,-0.0007300186364459129,-0.0006976428349702926
2020-08-14,-0.00455037981528821,-0.0003085078513692117,0.0007086911543953531,0.0006240488578185849,0.005198338727144175,2.435433846525178e-06,-1.735105958008396e-06
2020-08-17,0.007539006350574975,0.002192800917341705,0.003178360642798779,0.0034116474520365678,-0.0021756489286969133,0.003969415426180553,0.003963332285700394
2020-08-18,0.0006985028596449196,-0.0005244141179274066,0.0004911832366004873,0.0003960474546171673,-0.010812800896746175,0.00102790407292152,0.0010198233395612305
2020-08-19,-0.0022450988747550636,-0.0017390212755318004,-0.001518310875323646,-0.0015050560119570233,-0.00412680266558494,-0.0015839484898064026,-0.0016240847322073876
2020-08-20,-0.00024569707896297983,0.0036656574932025818,0.00452652553309503,0.004546628764207651,-0.004478435134345628,0.006083575952447556,0.006145243220988766
2020-08-21,0.002280277253928508,-0.003068266540768832,-0.0036629003651783977,-0.0036180618818364356,-0.007409352726074556,-0.005253615335444219,-0.005278309535666666
2020-08-24,0.011830736857730315,0.008450254423062799,0.01013333874390883,0.010243006653224536,0.008474408316056517,0.009523687373701047,0.00954856703584874
2020-08-25,0.007815221778102595,0.0041484023631972,0.004362815472185689,0.004267512439792887,0.0012492203485963693,0.004841392370089605,0.00477124567871454
2020-08-26,0.025402595589374584,0.029931484982130132,0.02836825476444387,0.02805377194494522,0.0012956738788370767,0.029559982018211712,0.029555015501777374
2020-08-27,-0.0030421597749769854,-0.005219043597617527,-0.0044686712227543345,-0.004446942775149766,0.01518044757755145,-0.0024592880043497836,-0.00253196658784716
2020-08-28,0.016883265348967225,0.011576759250789716,0.011699246425800858,0.01187749470263413,0.011874469952880759,0.011539219520455416,0.011607147713116219
2020-08-31,0.0009718384235418659,-6.391783813734884e-05,-0.001935225913769953,-0.0019448252951350773,-0.009887498466504392,-0.0029091083478650455,-0.002923112231877762
2020-09-01,0.012606878884583192,0.008173054987218062,0.00926524560109177,0.009219367961654491,0.005509616302679106,0.007932839258748752,0.007897012030323097
2020-09-02,0.019385902319242723,0.019929125168775815,0.02022150025138254,0.020214747664453386,0.004015561845314965,0.020487922090183953,0.02051726790436402
2020-09-03,-0.057497021178158705,-0.05466019140235012,-0.050222621668896746,-0.050278619302043664,-0.027003734082061234,-0.05032773510411732,-0.05031716969076217
2020-09-04,-0.008888152597336357,-0.015422844989328006,-0.01469535749611241,-0.014628481430310977,0.005211491209115772,-0.015772777362782375,-0.01581198194898146
2020-09-08,-0.04249052074291226,-0.03832682815326552,-0.036561124265767984,-0.03647451897494013,-0.01622892843954104,-0.036005882316326225,-0.03598230224768626
2020-09-09,0.016518546156068896,0.019073709011597814,0.02020820585040118,0.02047806351600116,0.008183995109182718,0.02000621401236484,0.020036624298731407
2020-09-10,-0.015832543821141548,-0.01917560509197897,-0.018366551308332937,-0.018371367514059895,-0.01411100154117359,-0.01881666301205992,-0.018791946939677943
2020-09-11,0.004188570037823131,-7.507873274424526e-05,0.0009749814005851632,0.0009656308088706494,0.004217574776490006,-0.0011885669281705992,-0.0011670152469348675
2020-09-14,0.027470467830469445,0.018203186315512803,0.01675888948105206,0.016912037225094434,0.011800845420875256,0.016692614136844825,0.016764099546575463
2020-09-15,0.006484389386444278,0.007853993001827923,0.00799098131351539,0.007867132284019454,-0.0015330497505780458,0.008051093134474644,0.008119089242128211
2020-09-16,-0.0024900278127284476,-0.006935177110940466,-0.005507778284858125,-0.0055227565773186,0.015005896754759433,-0.006605302319568169,-0.0065927588531602575
2020-09-17,-0.007080679088098578,-0.00868199355389505,-0.008149909429462048,-0.008090147970594371,0.0015938399276684695,-0.00900456878569935,-0.009009152326918676
2020-09-18,-0.01132688694097344,-0.00965428061960253,-0.011542219355506606,-0.011653313975802361,-0.01601267853391574,-0.009842718516177223,-0.009851545074587121
2020-09-21,-0.001987775582753854,0.003332157565509608,-0.002188676893619576,-0.002420198210597042,-0.02588326878557127,-0.0008240060248578001,-0.0008145509353615705
2020-09-22,0.013474283418870815,0.0154112846086116,0.015696668115755947,0.015698535316967875,0.014318093708120566,0.01640365580013033,0.016436758372899322
2020-09-23,-0.020677541884073725,-0.025077566854776114,-0.024575898261905097,-0.024668266650383925,-0.03461175654876429,-0.024990100876895696,-0.02504494235998276
2020-09-24,0.0012653265379228443,0.004256226416656449,0.004118291494814146,0.004158154087293433,-0.00020079963493820768,0.003931974131400545,0.0038914173992841447
2020-09-25,0.019131702830842506,0.015845564086661882,0.016045105429540723,0.01596063472436341,0.02305692196135599,0.015888143119976706,0.015869616376729234
2020-09-28,0.01832228910132062,0.02045959025985307,0.020333283526082168,0.020377076557969425,0.013100397298910813,0.01947644819514249,0.019469277512135782
2020-09-29,0.0011813156985747378,-0.0033048529001119312,-0.003275304355170564,-0.003261850732686505,-0.009285704760718381,-0.00278147828654303,-0.0028089123743649897
2020-09-30,-0.008579472044005816,0.0006288264992597896,0.00035722826766584155,0.00036694258569173327,-0.012313289882573162,0.00032080445571956804,0.00027842273509601093
2020-10-01,0.011487537306087934,0.008262659771715974,0.007944459960044717,0.007804053838049121,0.011718583847753632,0.007001068000294303,0.007012193804015888
2020-10-02,-0.017509774725340245,-0.01225075565081213,-0.011895937452394478,-0.011751709845539806,0.004408323209726714,-0.012691252934062031,-0.012641136632571253
2020-10-05,0.025587008682050976,0.01931361318590066,0.0193079165358486,0.0192762755638091,0.01710146103148176,0.018620201933844085,0.018571583374335284
2020-10-06,-0.00896721572545491,-0.011662321426656245,-0.011558034617064256,-0.011550643108701394,-0.016573309451508353,-0.011411589210119743,-0.011454002868324233
2020-10-07,0.025915576820188066,0.021542592225403907,0.021526364692439653,0.02150165390798992,0.020053036359179845,0.020485076559949064,0.02044226873870534
2020-10-08,0.012245616094218197,0.01208222964275818,0.012145009203255678,0.012110227902283163,0.01253796515176753,0.013013978385672396,0.013010378855432717
2020-10-09,0.01039341897471033,0.009291537866271285,0.009318717175321095,0.009341260812529525,0.0029596664032753807,0.009187741560337553,0.009098290982863402
2020-10-12,0.011858472412922592,0.01021994580762807,0.010237001402820512,0.010226852427152131,-0.0014666242966841578,0.011092798950847927,0.011116021413165995
2020-10-13,-0.0048382657359445054,0.001538523977600321,0.0013257797936593349,0.001243097808361089,-0.009264329852026182,0.0020612423361647775,0.0020859629119242724
2020-10-14,-0.0035574507541510543,-0.0033048727872733255,-0.00340435067941594,-0.0033420661512585047,0.0027212800503899626,-0.0038455652946243254,-0.00379894105419569
2020-10-15,0.0017168146435825645,0.0005459022781994202,0.0003981703406084956,0.0003592932723762326,0.009620006848406068,-0.0007839603019061375,-0.0008099447840834071
2020-10-16,-0.0002865235263877791,-0.0002905547736801073,-0.00013816831715841914,-7.592477808907546e-05,-0.006988066503535619,-0.0010631362168805171,-0.0010643539395219263
2020-10-19,-0.004317531357978091,-0.00806672623733939,-0.00803791854732384,-0.0080828867161345,-0.009222986736844472,-0.0091069862209321,-0.009034537205504012
2020-10-20,0.0045389323683553175,0.00019176800340566793,0.0004548561979382859,0.0004753341682828554,0.0036904987870664168,0.0014666005187451028,0.0014435793198759237
2020-10-21,-0.0037680644055167016,-0.0017241288398289795,-0.00164263624853713,-0.0013888665824613759,-0.004867241961065461,-0.000892659252525837,-0.0009220716121174298
2020-10-22,0.0031819607073103745,0.0019184148084905634,0.0017882669849480137,0.0017752046798449527,0.020473528813471673,-0.0006863359828877449,-0.0006145057636535302
2020-10-23,8.607475805260442e-05,0.0012376579347560075,0.0012324632988481667,0.0011962448799690754,0.005410947284069013,0.0013360636922329777,0.0013154665875370532
2020-10-26,-0.023448007849954638,-0.023990217185546645,-0.024093252816544328,-0.024184112071716765,-0.025080763597612334,-0.02472815789498416,-0.024738079231038348
2020-10-27,-0.005628993613606334,-0.0028726722900101753,-0.003067472715195452,-0.0031078514150206767,-0.013130176490808923,-0.003965938155531577,-0.00411209425277707
2020-10-28,-0.0392986158350147,-0.033492784626211136,-0.03361310750035866,-0.033792123850864046,-0.029070488715985342,-0.033038529420858366,-0.033140091265506356
2020-10-29,0.015253103439729142,0.0063660735973987475,0.006537149187197949,0.006584392561648503,0.01921474518247698,0.00785332561044874,0.007879082944967258
2020-10-30,-0.016393250222379786,-0.0099837013423602,-0.009435071575325107,-0.009190696410502902,0.0013756933461753357,-0.007737494597515462,-0.007664438495867987
2020-11-02,0.007231073712250799,0.009818200103546667,0.010108136457875267,0.010102597956049737,0.0230610036010478,0.01089389329767489,0.010910520766171472
2020-11-03,0.023800863788548333,0.02638527713488687,0.026039885147796024,0.02612763575587938,0.02634634926297899,0.028557315305335833,0.028549616741465507
2020-11-04,0.023154109728214824,0.023980261244423748,0.026633098061174792,0.026399072619132435,0.015034774919251419,0.02339666286661142,0.023507726100524217
2020-11-05,0.045514280604640876,0.044946762824191494,0.04331331596518911,0.04341441850151643,0.07402114826318643,0.03430321964685227,0.03430238320076626
2020-11-06,0.011290104610596425,0.006373292118265326,0.004282325562745522,0.004353289046168774,0.004938011751083558,0.004948106225362977,0.005016480089484949
2020-11-09,0.006537148341952271,0.010202884539857182,0.012283470907334598,0.01247219938318493,0.04370705061746746,0.018001337641899116,0.017977650012725246
2020-11-10,-0.014022201470700102,-0.009049735979013741,-0.01014020784074304,-0.010340484926248445,0.007828100655456294,-0.007094306189090755,-0.0069446873550566566
2020-11-11,0.01597511861327115,0.012318512112165017,0.010792009847287702,0.010833788702585853,0.0017464471597691406,0.006230302881080143,0.006180856720785741
2020-11-12,-0.0103909164214466,-0.009834106368716239,-0.0104506937364982,-0.010492798991744327,-0.006058889905103064,-0.011117384983849024,-0.011112685303136369
2020-11-13,0.020350733700042353,0.020178044632266978,0.019819960467747533,0.01988795200576373,0.0198159277091253,0.020197349770855137,0.02022436714714922
2020-11-16,0.02551893012439537,0.01975366634556541,0.012132308277251556,0.012229186821578954,0.012785062301521722,0.014996643236251099,0.015038696646968592
2020-11-17,0.0046385256753247416,0.000861417461534227,-0.004518892823894441,-0.004507264187926002,0.0021583606554731643,-0.007323614905809732,-0.007289386790411727
2020-11-18,-0.012403181317691636,-0.008724676978361042,-0.005938537527761564,-0.006080117850910623,0.0010242474590682938,-0.00553682269778466,-0.005442929620213101
2020-11-19,0.012912932218246697,0.011257611851803542,0.010767500517467835,0.010808510486152808,0.01499517930988428,0.008070771091802502,0.00817310209260182
2020-11-20,-0.002929624639887997,-0.004809464661624092,-0.010280518188619926,-0.010249742911043488,-0.0008223445585297587,-0.008997564906341373,-0.00900845539343996
2020-11-23,0.017286051035412274,0.011777592402979849,0.00898962740164804,0.008941242975493173,0.02628820439991242,0.013762998265752807,0.013844933813724154
2020-11-24,0.013640244876364602,0.014277724129283537,0.014435483439102156,0.01429078642875307,0.018041392434238426,0.015223339594259972,0.015112805572493667
2020-11-25,-0.006245630846139852,-0.0031084872838850583,-0.0017485509779999755,-0.0017292362851871437,-0.010178952188234502,-0.003582410187572404,-0.003580785578723427
2020-11-27,0.00573793789698478,0.0032545273428517,0.004788215163682224,0.004764771846590384,-0.006205770511866983,0.005459048871912535,0.0054998763641535145
2020-11-30,-0.0009103742676686164,-0.0010902092075062775,-0.0011955618374128332,-0.0011426656914014423,-0.004260663782326803,-0.0028173614767314625,-0.0028481067170025524
2020-12-01,0.015053334544286224,0.009702878430885728,0.010570048951041593,0.01057913627270208,0.016981413776305732,0.010256715537120462,0.010208204377699691
2020-12-02,0.0035222943429463346,-0.0020791341439120137,-0.00146358919292641,-0.0014624595838140554,0.005876243135096626,0.000664499584744778,0.0006524742684322936
2020-12-03,0.00455016442931981,0.002573998351201669,0.003500729529755474,0.003506531712077191,0.0016027306175110758,0.002378980961683977,0.002432852732576202
2020-12-04,0.024771441373858036,0.020794991600858428,0.019483776088338556,0.019499446375435724,0.024173992931985088,0.018399697251515468,0.018383200844435597
2020-12-07,0.0019746694049543765,-0.0029994330952334627,-0.002063943317025599,-0.001992915402991872,0.0027139297515219136,-0.0035230328332555676,-0.003537425382523945
2020-12-08,0.005760522657129055,0.012101368191073287,0.009772646182189555,0.009794690336473677,0.0063650405819400905,0.010345434088166624,0.010376015317329571
2020-12-09,-0.018708898700828407,-0.018204484116748285,-0.017579823208213108,-0.01758477602937218,-0.017771749402506247,-0.016640815025549847,-0.016685488576606004
2020-12-10,-0.0013009757707573228,-0.0037004013776201234,-0.0063157756540001345,-0.006371057305138718,-0.004589093433540203,-0.005333854480019733,-0.005408814321879775
2020-12-11,-0.0015000261223300732,-0.0005241517198162675,-0.0006516028548541767,-0.0007686894100630138,0.005342705824251351,0.005451076840702922,0.005540820123513144
2020-12-14,0.004367448985771503,0.0013829833447385137,0.00021407993900892505,0.00015785420813107823,-0.002095103740762724,-0.0032194475054522975,-0.003283629895525287
2020-12-15,0.012083992071422101,0.01212429485117014,0.009677034487702504,0.009729546254034516,0.023325538781323093,0.011888243941717268,0.0118686306902456
2020-12-16,0.0015827302451214423,0.0021912614412665623,0.002821309802592384,0.002809450457929832,-0.01055878800164925,0.0007722854038267396,0.0007268510411410946
2020-12-17,0.007017559187516219,0.015670236391966574,0.015923824653674947,0.015966826167272075,0.006263368211443497,0.01290204643620827,0.012908924158841555
2020-12-18,0.0022997922020341604,0.013041281415570025,0.005603313364336651,0.005510651179126098,0.007722759021420069,0.005008645435841009,0.004952890545601059
2020-12-21,-0.004340875167449977,-0.008837477387916433,-0.010093969582593154,-0.010045432037033763,-0.007988890674918614,-0.009812095569299888,-0.009890464902972199
2020-12-22,0.003855725750153074,0.007834939968374236,0.004257784504887097,0.004240525550381409,0.011801541751080483,0.00011661878367945399,0.0001912530107175711
2020-12-23,-0.007542636759268421,-0.006098886879646357,-0.004766209299536565,-0.004663139374779689,0.008521605989450542,-0.003506894337126594,-0.0034935292169616518
2020-12-24,0.004024491028678899,0.003223460909362647,0.003645184896622916,0.003686675133460306,0.003127318508318877,0.0028565518059268653,0.0028293730121758585
2020-12-28,-0.002930350098899385,0.0061877817960599765,0.008058551766491185,0.007991722692698463,0.001862961754909164,0.009709508849717477,0.009693455268754878
2020-12-29,-0.007489925560875849,-0.012693700467634177,-0.011906121346122525,-0.012039378527770546,-0.017464891040451482,-0.010950251925467138,-0.010964508986713549
2020-12-30,0.008278444628975,0.003783873156040492,0.0031879418982249433,0.0032475446381698097,0.016228931878117497,0.004689740204134332,0.004716203023890206
2020-12-31,0.012663706182726553,0.009743721566367717,0.011155002507339518,0.011009805342454873,-0.0006776462726394885,0.009788293283408826,0.009733127156290778
2021-01-04,-0.016129269172055906,-0.017639470962755685,-0.018898012586285807,-0.018678107697231647,-0.001929384115673581,-0.01764648410000015,-0.01773467400749977
2021-01-05,0.014291947989379558,0.009863165052192304,0.009249033839208654,0.009301515929705429,0.02814486195479881,0.010865053038769185,0.010876141779862836
2021-01-06,-0.0019146735043228075,-0.002928017595418484,-0.0037271983092849324,-0.0036772337714972834,0.008261161250051857,-0.0016297082952222318,-0.0018214136086119803
2021-01-07,0.021430387980167775,0.02623415303922173,0.022752922929219543,0.022585900897223024,0.0304754840564272,0.02222925377689176,0.022183720672410024
2021-01-08,-0.0007221464909366075,0.004040118522201815,0.004548372757423645,0.004426665296379669,-0.003359397806197484,0.002155308951978129,0.002196097587029152
2021-01-11,0.0010768732672017966,-0.009594212361843957,-0.009389081838368547,-0.009235686272441777,0.017523979496037755,-0.009722054330775373,-0.009783938695842443
2021-01-12,0.004168186540558267,0.0008280554359603239,-0.0028564455867637955,-0.0027813390341482986,0.015359259730888433,5.426512890920228e-05,6.361428890961068e-05
2021-01-13,0.0014424779931185407,-0.005345064177597968,-0.0041979091476220184,-0.0043023100350206255,-0.0005101489707887222,-0.006023297391689565,-0.006054917788848831
2021-01-14,0.007135665232232181,-0.0037951607403276244,-0.0031297988204405736,-0.002952004042451227,0.006819221350331181,-0.0008323825555742333,-0.0008264543808661033
2021-01-15,-0.012386320870275767,-0.0037496908739061423,-0.002614790135856366,-0.002722571906548876,-0.007894124479863332,-0.00546942188294567,-0.005482950489432446
2021-01-19,0.016777481659734864,0.0039918994144567226,0.0081138391818029,0.008246460608947674,0.030097217975399458,0.005361319084008471,0.005350299339485316
2021-01-20,0.006189322644523636,0.018142888909437695,0.017663607483964006,0.017206042380576665,0.0022034017381868803,0.016461611280351868,0.01668792620680471
2021-01-21,0.0036714202761735882,0.0036669274069537766,0.002964740282881834,0.0028646832566719673,0.004684728429388975,0.004773930194654453,0.004755903095698828
2021-01-22,-0.009110933349354975,-0.0036103776103608466,-0.005223145879606278,-0.005285067331741004,0.002091273758525379,-0.004223218889410733,-0.004223123169527017
2021-01-25,-0.002889899391394608,0.00013220471397634102,0.0009465016613803575,0.001084612142902052,-0.016575412692874526,0.0029224927999239696,0.002907869717968468
2021-01-26,-0.010324220835520818,-0.001538953227336761,0.0004282233237668022,0.00022878399903697574,-0.007319484639326919,-0.0003531737963081376,-0.00030834018328410224
2021-01-27,-0.03957776615232477,-0.020199344279864535,-0.01788837551184731,-0.017910762664409004,-0.03348047387176053,-0.018492578031546143,-0.01845274937283727
2021-01-28,0.02268641908107755,0.0053689820481621076,0.0019132556621860584,0.001971915613453258,0.014196318798324684,-0.0008958400304582032,-0.0008301633197560539
2021-01-29,-0.012733393063304604,-0.017145281796191066,-0.01886656421663015,-0.018807287748824373,-0.02763165587806931,-0.01893111411127109,-0.01895716641121343
2021-02-01,0.02253209010309769,0.024801275208897126,0.02502303684342997,0.024920624906167463,0.026669144753208765,0.02351730914864162,0.023473483438965465
2021-02-02,0.023929605262937647,0.021664545101611817,0.01713159622947791,0.017140236209489068,0.004913578807289612,0.017465863209877027,0.017598160151335612
2021-02-03,-0.011939033764045523,-0.006680433685007626,-0.005066358847481118,-0.005050913779085985,-0.0018827252123496327,-0.00476782149609643,-0.004763890852037811
2021-02-04,0.018489314117773683,0.020104310767092754,0.02224378280319764,0.021995455910194046,0.013170620472515306,0.021060869169935156,0.02106524187575988
2021-02-05,0.004976365194323645,-0.0012395573369890828,-0.0014636648943372578,-0.00129302728733975,-0.004005956268076864,7.81963606175001e-05,7.791940558258002e-05
2021-02-08,0.021622043618001425,0.012583325535276137,0.011103361946833026,0.01123456827069241,0.011019976845428658,0.014433897165423142,0.014448187386111484
2021-02-09,0.00012419110972043207,0.0037663904767339137,0.0027091637112712412,0.002542933973408117,0.027952838832883797,-0.0011396766102805885,-0.001114159680286785
2021-02-10,-0.0019586904755604477,-0.002661892945027925,-0.0014352167093433267,-0.0013904101723965635,0.0050541113766620835,-0.0025418299749395004,-0.0025507235345741015
2021-02-11,0.018574221817368366,0.00859636282059268,0.011862029613327878,0.011849362456367654,0.02244084700340209,0.012122556401321451,0.012083406298933785
2021-02-12,0.007486004452573718,0.0013888646531075356,0.001596597966276954,0.0016233396011563128,-0.044806398327979384,0.007278624752710794,0.00730854936569221
2021-02-16,0.0059999897832280335,0.002759663148296283,0.005301935670038317,0.005436744299394821,0.00351287775830679,0.0025015978561895302,0.00243369446260785
2021-02-17,-0.009451049885825085,-0.0067704900816435735,-0.008826036795062348,-0.008952648788133188,-0.005363350768224334,-0.008297728920387352,-0.0082883945313384
2021-02-18,-0.011265022886756645,-0.006784163435651833,-0.005600396767847029,-0.0055881579030327465,-0.021601098754864746,-0.007874584597204672,-0.007824862015101196
2021-02-19,0.014949468086615035,0.0055159554687236375,0.0027154835337388507,0.0027469847644200516,0.013056938656362073,0.0032417176418790875,0.003295938362896067
2021-02-22,-0.01652822570258739,-0.017035501691851744,-0.015586199925817168,-0.015520138804483986,-0.011209358420137108,-0.017054914642152523,-0.017229513921564486
2021-02-23,0.0008812016947950608,-0.0028202584952198807,-0.0015908431795004505,-0.0017336047157141743,-0.012300159915197374,2.556901701492129e-05,6.471730907722589e-05
2021-02-24,0.022308057861606473,0.014040411225653278,0.019731016191013702,0.019821285958934214,0.031471037588045786,0.019194734639582052,0.019333365995375135
2021-02-25,-0.03676425812194822,-0.03670565890670936,-0.03987785183496279,-0.03987969378930849,-0.05396978242242554,-0.0389226550916657,-0.03903105210511248
2021-02-26,0.006599091955350581,-0.0024494662002691667,-0.001610982488137971,-0.0015678739319583378,0.00867045019835172,-0.002921318022852958,-0.002883544754366681
2021-03-01,0.027078230880352352,0.03451453893744094,0.03573817548824737,0.03572563213768637,0.0267752892385942,0.036473404514952665,0.036462531209136936
2021-03-02,-0.01942977579420517,-0.013498807333104983,-0.011306614423070053,-0.011262583142256356,-0.009721760428033882,-0.012765161751041646,-0.012746409964392724
2021-03-03,-0.020144461834160347,-0.021828881062239073,-0.021640018415580428,-0.02152124658745773,-0.02844399075300723,-0.019958190678617333,-0.02001365486477725
2021-03-04,-0.0331464163851985,-0.026041089164455442,-0.026639482742924374,-0.02669933918380153,-0.02870751702153037,-0.02450655608596214,-0.02455455427315107
2021-03-05,0.025131037020942566,0.01825897090752158,0.020441289041613537,0.020470995233770845,0.002318285178329632,0.02222386841328239,0.022238381943508086
2021-03-08,-0.02542694268550199,-0.01869300128020313,-0.020307748066121664,-0.020254851626141136,-0.0220934021785274,-0.02045341553230509,-0.020479821832474453
2021-03-09,0.030748920371368428,0.028821819711350297,0.02854493139025607,0.028500690824088053,0.016768113025144686,0.030009981157118566,0.030026667039420727
2021-03-10,-0.007143660599701116,-0.00046255910633178255,0.0014409130887289329,0.0014998995780305417,-0.0033268212190173743,0.0010922004681743437,0.0010983022246761655
2021-03-11,0.027257528747324802,0.024146455833936462,0.02519674765261115,0.025234186524921504,0.03356245894585015,0.02177399123691718,0.021809075420211484
2021-03-12,-0.006126442618181833,-0.00685879334945833,-0.007217216639375446,-0.007186682312205268,-0.03278508301045982,-0.005378938161987148,-0.005383307561440862
2021-03-15,0.0063294641867554,0.006625635938156089,0.006348023774721192,0.006501703457634714,0.006770350524101673,0.007457793567780581,0.007501993783576198
2021-03-16,0.0018345937274170674,0.0006155868065198533,0.0016713278355421635,0.001651336434639634,0.002386844031314707,0.0017390055860262662,0.001714431787456814
2021-03-17,0.010583982804492737,0.0024804969211531212,0.002112825157256688,0.002161343702028498,0.008464141743619792,0.002857129725093403,0.0028954366044066596
2021-03-18,-0.02975500193025621,-0.026212547139625095,-0.0246560355821921,-0.024612054107206717,-0.043248570437062935,-0.019598753735317696,-0.019683640358644425
2021-03-19,0.009492166313507161,0.0028338859908202075,0.004824738896662392,0.0047455304327493055,0.005087000000962544,0.0012944277061546394,0.0013391632146556823
2021-03-22,0.010521861857556224,0.012250992824995052,0.010592253276178475,0.010438025916969339,-0.008288762475778859,0.015443433949086977,0.015465026981120672
2021-03-23,-0.02137067643941148,-0.011322292126461068,-0.011349601666154778,-0.01147529415532201,-0.02003860666251614,-0.011549575907942837,-0.011563607922157649
2021-03-24,-0.008878421561923288,-0.0041587747130979,-0.004518647252972234,-0.004436419841189501,0.011844970904060524,-0.003197521599494738,-0.00324929792171418
2021-03-25,0.0056964652011030565,0.0028572515007388565,0.0007060548981267535,0.0008103454105933609,-0.0037712212349231555,0.0014979022579546426,0.0015060281225242728
2021-03-26,0.029807130193389975,0.028404653985048593,0.030899899357755257,0.03108120090603027,0.039285974195070655,0.034110270285792714,0.03405199751246857
2021-03-29,-0.00905548962856574,-0.007560346149952051,-0.008087275781830501,-0.008099171732262718,-0.026976146492050393,-0.006359502217166448,-0.006383461652971688
2021-03-30,0.0006128508546965899,-0.005333039749647035,-0.005132015568549007,-0.005261722462836171,-0.00457641809634473,-0.0033820224447321454,-0.0034006086637082726
2021-03-31,0.0137311947567257,0.01151695278680589,0.012526314191856108,0.012515862179888643,0.013464534365328344,0.012813316634459131,0.01283012819326277
2021-04-01,0.024023920783851727,0.019590233344016005,0.020832526693799758,0.020724605047501385,0.03158707588393312,0.021170797767384755,0.021180845756901524
2021-04-05,0.011513648235931222,0.01501263293348753,0.016068522790740246,0.016071577485651016,0.03229980560533325,0.014818982965791053,0.014851574019399271
2021-04-06,-0.000628719562185471,-0.0014796895486968516,-0.003973237876911879,-0.004068393092588102,0.0009367533268909207,-0.005173317432489463,-0.0051892808474031955
2021-04-07,-0.0013848257603973925,0.002980067033135036,0.0026682509617179705,0.0027498398237607207,-0.007407318615968015,0.0044943866876096415,0.004610214089651896
2021-04-08,0.009257197998533296,0.0062222295368348345,0.007423248098592746,0.00742529931006602,0.01585522352827252,0.005234992703332671,0.005279627029596232
2021-04-09,0.006507026744700624,0.011208260601279413,0.011141694314281693,0.011254644511127943,0.003883530819704349,0.010305991140933982,0.010353406888016179
2021-04-12,0.0019009052981729321,0.0007540275007498758,-0.001386258098879652,-0.0013827954037867038,0.022949945104870306,-0.005464581395184248,-0.005516786101147541
2021-04-13,-8.463984057589074e-05,0.002565611995868508,0.0017927805059384857,0.0017554932092436633,-0.0032895118142794487,0.0021414048916557826,0.0021398867181384963
2021-04-14,-0.0037584307323582913,-0.004464877633929701,-0.006457965946168485,-0.006517107462686944,0.010331376771545655,-0.006927707472983582,-0.0070409272295418645
2021-04-15,0.013597235834149906,0.014650306525562437,0.013407797692048397,0.013487474446232862,0.01098341356836045,0.014268103057299511,0.014346008925711792
2021-04-16,-0.0031004817851666257,0.0007607206867179082,0.0016185340209480428,0.001753345966947357,-0.002188814124023628,0.0019396849901778617,0.00185633493389593
2021-04-19,-0.014252920090560122,-0.008746736715233417,-0.012048648205356722,-0.012102334758736802,-0.03157906113536481,-0.00903357038779984,-0.00909029446100078
2021-04-20,-0.013310975963440457,-0.007910832905555757,-0.005025408404799243,-0.004886570570148806,-0.011328016324362932,-0.005627846250658834,-0.005663541066771376
2021-04-21,0.013274709297708173,0.008228403488001327,0.010010762556580774,0.00999964312921306,0.012576729835545511,0.012489463941890851,0.012451413086241477
2021-04-22,-0.017301047743744455,-0.009159377490621923,-0.008638848153906536,-0.008598621196388068,-0.009154424188376477,-0.011382537569607422,-0.011373024247050105
2021-04-23,0.01758597844422834,0.01489542409860145,0.015084819738560908,0.015036991741294825,0.021385440346973487,0.013712306045384672,0.01376179948698743
2021-04-26,0.009611464140412352,0.0011616287454355237,0.0008696801618591184,0.0007568922720121737,0.0031079977997355043,0.0018115519613231864,0.0019119525179974927
2021-04-27,0.0034859113522156173,-0.003736651524463947,-0.003480081076101692,-0.0035668214311004223,-0.015351969023728887,-0.0020513634553259593,-0.0020434585076418237
2021-04-28,-0.006108790298210658,-0.006260269162482027,-0.006775250678739307,-0.006777845281806463,-0.008259009303594533,-0.006602967707688214,-0.00657169970612171
2021-04-29,0.004300718765294777,0.0017878451905290354,0.0034882669106617386,0.003519513469027137,-0.02107738985671799,0.00542109212718156,0.005439824530477557
2021-04-30,-0.016865914801706437,-0.015579822030797788,-0.015950098760808773,-0.0159786083639103,-0.036501644747428084,-0.01480988892421053,-0.014801180286094454
2021-05-03,-0.001411727902228018,0.0004663833897020638,0.001684931211986757,0.0017902594787185654,-0.004697338828689194,0.002044877707054385,0.0020026315418905996
2021-05-04,-0.014653091614750516,-0.016163864042325258,-0.01651750557203828,-0.016451374528423907,-0.02628546036384752,-0.014652102716274271,-0.01463266284794695
2021-05-05,-0.0009240577123817704,-0.004660105593606344,-0.003296098689351008,-0.0034550507150159604,0.0026380515082362202,-0.001632123050989195,-0.0017397523803246065
2021-05-06,-0.0006332661195708582,-0.004377121609971592,-0.0005548412630875122,-0.0007247412193546444,-0.021421097631550833,0.0026962268183512344,0.0026170079110584927
2021-05-07,0.015532347453787978,0.02095853345259938,0.021102681650945126,0.020944674810757055,0.03013696616400324,0.019589207021197243,0.019529770470446878
2021-05-10,-0.023620151963419884,-0.014974432598963125,-0.01651829480271389,-0.01632553778301331,-0.028205223047342583,-0.018381027728701163,-0.018508221505530102
2021-05-11,-0.0008813154407154743,-0.00033534111045763903,-0.0035207160098067727,-0.0036289946104422263,0.013403844262823086,-0.006207840730286966,-0.006241518749861546
2021-05-12,-0.03397884341923873,-0.031314069183898216,-0.02772041153749457,-0.027751058452334214,-0.04103478285445556,-0.03129703420758374,-0.031293435461106786
2021-05-13,0.00925571633285925,0.008179059922102931,0.015416202962894988,0.015364842489632696,0.005943602633780798,0.017254654689955764,0.01719977267927202
2021-05-14,0.028094708383191606,0.025788404896679183,0.023621087232862242,0.023561487681820845,0.03192781959943164,0.02289471999707536,0.02293748530764504
2021-05-17,-0.0013036496844972254,-0.0009641637636238305,0.0003505178157625255,0.0003415363339221585,-0.003160390434236777,-0.0017813843221310848,-0.001786458527364926
2021-05-18,-0.008359904268884211,-0.007078591377246644,-0.011879570293301396,-0.011756396572292603,-0.01028293958160236,-0.011966100564956294,-0.01188010226473512
2021-05-19,0.00221101940489508,0.00046627233242803085,0.005166362996989403,0.005230248989270226,0.015736234979991257,0.0038747391989512395,0.00398538804892205
2021-05-20,0.014082277164041779,0.020798631917442398,0.021039891182284658,0.02104999970259587,0.02301615604592516,0.021162489592586133,0.021240029843508382
2021-05-21,0.0055955502026936365,0.006182033603316214,-0.0009976694166603248,-0.0010814766627056595,0.008679165613951297,-0.0022676676454533346,-0.0023442759593502124
2021-05-24,0.014318449373185643,0.0129161379419536,0.01304380624092911,0.012987321540617915,0.016014424226461182,0.015080498057193008,0.015110727723622546
2021-05-25,-0.0007268262470964603,9.451132605502134e-05,-0.00018413356843881588,-8.542042696051719e-05,-0.0018136239118379483,0.0025762459292114734,0.0027044351496843255
2021-05-26,0.006695373963669035,0.004300223787868881,0.0031474773676793445,0.0030397151998594503,0.013290371767058646,1.1582655535216169e-05,-0.00013607301736481077
2021-05-27,0.005484676634805857,-0.0018514403482171966,-0.004816840357040008,-0.004829227406528885,-0.001297622353607258,-0.003205595261877076,-0.003052486005268219
2021-05-28,0.0011306825824709383,0.0012064737096577462,0.00411310621067288,0.00410629414968094,0.011945551444579245,0.0034807020033732245,0.0034085381883527865
2021-06-01,-0.00352670343446005,-0.0036414581352599736,-0.002892512880781326,-0.003007567523645549,0.0007562334457067274,-0.0031874377083528057,-0.003366950817406823
2021-06-02,-0.003537043039695094,0.002782365576108476,0.005552121830372366,0.005584121089930026,0.013962478267945028,0.0034595871521037143,0.003496827943719147
2021-06-03,-0.011079387722820865,-0.006518949911186988,-0.002083620186432291,-0.002130777908949427,-0.001144044115901559,-0.0037370298103156924,-0.0038627371499871666
2021-06-04,0.008871654055658245,0.012601453130186341,0.015953441077775087,0.015927657980994603,0.02372803791531885,0.015102358705791201,0.015136523769299528
2021-06-07,0.00039506663625375516,-0.0012933362034260557,-0.004323043124894069,-0.004380916651272152,-0.001273429732658662,-0.003615853191818218,-0.0035515480297926157
2021-06-08,-0.006448826446924301,-0.0026891918041217866,0.0008962248446930201,0.0008893696676766033,0.005423563664826027,-0.0028056561302181047,-0.002891173722440713
2021-06-09,-0.008378902749600455,-0.001598360280000881,-0.000945857568000109,-0.0011230757371935992,-0.004094573764777388,-0.001615849268380065,-0.0017422188074843383
2021-06-10,0.010102154093058176,0.014844712266771105,0.008961192208310226,0.009031916370959124,0.0040323738266774,0.011008825201755383,0.011173128395487631
2021-06-11,0.005123302126692656,0.006890998770768473,0.005725348893565461,0.005638489650059288,0.006387454061166177,0.006138396428301255,0.00609176235183801
2021-06-14,0.005429111985240941,0.009304528225141807,0.009319951695846653,0.009329140021710999,0.01917701061356085,0.007925431589292709,0.00799937043485917
2021-06-15,-0.0019560437073003535,-0.005651111427013332,-0.0040932453768257665,-0.004162618235643561,-0.01501002371447238,-0.002054484377883796,-0.0020842890529069943
2021-06-16,-0.00630331145859975,-0.00514142776188434,-0.007883057179456142,-0.007921417448825565,-0.010458969566793357,-0.007205937802784918,-0.007188413115796155
2021-06-17,-0.0044326380648761305,0.009271834640470563,0.006181025542302428,0.006278632625676982,0.022215734483474667,0.005474252074621917,0.0056394737148083764
2021-06-18,-0.01424375677114495,-0.010216608467976908,-0.011581147046810342,-0.01148112599320153,-0.013577443613780752,-0.01223780890417893,-0.012223379935539139
2021-06-21,0.012306359320341574,0.008320463827111633,0.011791930867042789,0.011825035534221902,0.003473116297740403,0.01098044178809804,0.01097555973554877
2021-06-22,0.006451649557552658,0.010665619961741132,0.008612826596002888,0.008647120075886524,0.009766546080561024,0.010587870531140567,0.010754464174764326
2021-06-23,0.005451568057719412,0.002498290853686169,0.0025411015319718004,0.002464447111456412,0.010417684297208964,0.0013119687207139752,0.0013947682958743912
2021-06-24,0.013117202918000758,0.008530729489036088,0.008757504473730124,0.00873630598464864,0.011666769940015016,0.009384341662280825,0.009406772358299368
2021-06-25,-0.0001795850713588795,0.001882623581599179,0.00209867069835771,0.002152986589216722,-0.00429569561370803,0.0013853332208935804,0.0013065843773565648
2021-06-28,0.005576037755872149,0.010571343371013267,0.00967057822317722,0.009684853328558339,0.024745647145469243,0.01077996146418861,0.011023234675202642
2021-06-29,0.0025492212529820597,0.004712417686734119,0.006116004365506446,0.0060631477861531275,0.0061472454397846574,0.005260187166393574,0.005336400576167251
2021-06-30,-0.0014186674598214905,-0.005617539032702909,-0.003627768351716628,-0.0035833369211611065,-0.002295625899062854,-0.0015871464235095267,-0.0016150226169192176
2021-07-01,-0.005333245824486007,-0.0016232594909704446,-0.00099963582236684,-0.0010247425482333584,0.0031503365304741573,-0.001640289928703207,-0.0015931796293084406
2021-07-02,0.003964831229479086,0.008141921015534709,0.00915327595722696,0.009153310069089555,0.009640864589964734,0.009201364551000622,0.009189407555328129
2021-07-06,0.0010820054706899434,0.008401457475956017,0.0010772731202939945,0.0010881008419652031,0.008628809369235034,-0.0004474046594106937,-0.000443507993285833
2021-07-07,-0.006769938628957227,0.0006604043456421321,0.0029633148204413584,0.0030059395464147043,-0.01563272286865584,0.0054202812955355005,0.0054031447777959565
2021-07-08,-0.009638253191149299,-0.009219336102575675,-0.008228413436818904,-0.008157194581841712,-0.015198192043165203,-0.009102126883548351,-0.00911015235077317
2021-07-09,0.015566288840975528,0.012399930488060115,0.011019214179113909,0.010992760959422693,0.014015263287640328,0.009235380173661706,0.009269879089814699
2021-07-12,0.005095000951699116,0.0033755391705239746,0.005287072975572784,0.005216810888629046,0.0074007400534096,0.004614654824642665,0.004588230787835189
2021-07-13,-0.00669078596426245,-0.004837566738365889,-0.0043780009445443515,-0.004339120124669502,-0.0070067923780945,-0.0017968226724378465,-0.0017961905401769425
2021-07-14,-0.0031582929298915917,0.00012188344203359623,0.0021462164697514914,0.002201760473368047,-0.0033713453689379063,0.0020273592920674235,0.0019317458011491625
2021-07-15,-0.013771811332949307,-0.015775748414938413,-0.01581841294642992,-0.015764480249117488,-0.025518986334700018,-0.011435962609523136,-0.011439660539786192
2021-07-16,-0.015063404394232274,-0.008260128959204803,-0.009375062167390693,-0.009460341597650933,-0.02030287172754785,-0.007152138174505232,-0.007217568540149131
2021-07-19,-0.012596924681294265,-0.008617949773325907,-0.009607814865364314,-0.009475485684609668,0.0028710203089393955,-0.009028306691582055,-0.008834054841598552
2021-07-20,0.022967198555038253,0.02109310900927005,0.02038392186019024,0.020364929228875252,0.014750710977049669,0.015440737383625776,0.01544453785805001
2021-07-21,0.013004707809705439,0.009461293578039418,0.012943407003368448,0.012864223003146422,0.026696060271038182,0.010197933542171024,0.010227647637116708
2021-07-22,-0.0026904939073266964,0.0021607202846074614,-3.699126389233149e-05,-2.626375325392419e-05,-0.00259148365994503,0.0034508664977605866,0.003596871595922685
2021-07-23,0.007369902726090593,0.009076230474275693,0.009313239944207245,0.009458586934444483,0.004225068747101945,0.010508638715820365,0.010718871678036843
2021-07-26,-0.0007921234973313639,-0.006454842165173757,-0.004865223069646185,-0.004973708200049268,-0.02383217469452519,-0.0026192641380261487,-0.0026375364866783853
2021-07-27,-0.014351410139406575,-0.01074161614088702,-0.010778136665183811,-0.01085260785349125,-0.00909846944321604,-0.01071811982761699,-0.010801537200860946
2021-07-28,0.007809726348603302,0.006486139094955001,0.004675784030640124,0.004563175834721422,0.019560370739485532,0.0042682135077884605,0.004295571775735852
2021-07-29,0.009301882545654106,0.007219370790340158,0.009377390721151936,0.00940446250187243,0.012005480153969624,0.004484629128017562,0.00440249964997667
2021-07-30,0.0008561009866689697,0.001384914192386769,0.0033869021519285854,0.003440667340051362,-0.002786431342598321,0.003326513872360683,0.003408846673257146
2021-08-02,-0.003191488180491606,0.0006436461835713605,-0.0009813148970427847,-0.0010361596158972933,0.003033106389426463,-0.001289010323103852,-0.0014095081735180258
2021-08-03,0.009603349644440052,0.0042338836162206794,0.006171915738342858,0.006243782371637322,-0.0071369397906893015,0.0039908938180843664,0.003995938649777895
2021-08-04,-0.000572580544278719,0.005313175176915935,0.0028711585673920257,0.0028653447135907916,0.021624809946989374,0.0001914481671793991,0.0003638409969690577
2021-08-05,0.006622430678188554,0.007430759997774393,0.007149183783810357,0.006981411983940537,0.004622187432353639,0.003375241920214418,0.003388670841431023
2021-08-06,-0.0015940105866880572,-0.004994624011183288,-0.0007769741286238242,-0.0006242422924959746,-0.00970157788256851,0.0007054459656525128,0.0006926347043293726
2021-08-09,-0.00529363528510338,-0.001380719857303277,-0.0019075296567676204,-0.0019253029409750638,-0.004988329735754008,-0.0026523307893872323,-0.0026418601789839243
2021-08-10,-0.011648811301015432,-0.012279564315525491,-0.007851623713439941,-0.007862319528299959,-0.021810586536991625,-0.007520257893280301,-0.007547995282769069
2021-08-11,-0.0023715156027858944,-0.006009563691116714,-0.00020067158397106023,-0.00028977390326329847,-0.007269876337832747,4.079214461864692e-05,-3.0735434394824415e-05
2021-08-12,-0.009118986552620804,0.0016237636315700739,4.604273922047741e-05,-4.154207687993459e-05,0.0014309075263262284,-0.0023558367176201023,-0.0023138400567016774
2021-08-13,0.0025917066610497185,0.00427716643142479,0.0037879353175326,0.003804932211234676,0.0035325027571181523,0.0029531635039320814,0.0029348901136595166
2021-08-16,-0.003989836336788437,-0.0016033098684496024,0.002045555324396338,0.002241791573304259,-0.010483077074077725,0.005560063748675805,0.00576103207690395
2021-08-17,-0.014515804645927069,-0.010350783758546561,-0.011458993351268286,-0.011476669609996895,-0.01320344830706471,-0.006683687052125735,-0.006755762669497587
2021-08-18,-0.007832898407626463,-0.013084541115649603,-0.01430656379173892,-0.01434249895503256,-0.01420983059591103,-0.014196222430912378,-0.014243550459839787
2021-08-19,-0.004434282646315863,0.006535898947218522,0.007644306564013526,0.00778634237963577,0.00878731083251648,0.011947471458586961,0.011980191547072418
2021-08-20,0.0023323740109792274,0.009700560754183513,0.009886571223810212,0.009807765552850577,0.022454161110280715,0.008162656154068049,0.008164595010379309
2021-08-23,0.019966656244653002,0.016948390749312068,0.015027755676732058,0.014976607483332134,0.02983407600580041,0.015498182053772378,0.01554208532564505
2021-08-24,0.025811617738603018,0.020994558498824454,-0.0017670173527676864,-0.0017898710231286637,0.0025546138538843333,-0.0025284579555037087,-0.002495943676619764
2021-08-25,0.015346590216748595,0.010765784959062647,0.00914458042163564,0.009139873933558902,0.008725199380570111,0.006584417437045961,0.006644465651238101
2021-08-26,-0.0028802485956541525,0.0007550307432519832,-0.004096617533721184,-0.004058005058307383,-0.01132514873283404,-0.00647471502701504,-0.006431471198145864
2021-08-27,0.01338687140548014,0.014203139430177359,0.015349828672601233,0.015307355978850138,0.027246582173068492,0.012728816712998555,0.01275863796830001
2021-08-30,-0.0037130939331203308,0.003952924112990566,0.003691748102935859,0.00377399850131396,-0.000178403958890676,0.005140450249328188,0.005292066156730302
2021-08-31,-0.0020128128373438853,-0.0027858419637259726,-0.002664902413380713,-0.0027093746543687364,-0.00439581332351031,-0.0005317077731679184,-0.0005553454364707211
2021-09-01,-0.0053797053870513764,-0.003974007851154689,-0.002671673864707077,-0.0027148482120545984,-0.003075384970774383,-0.0006558472261863656,-0.0006414279728755392
2021-09-02,0.003444316602487799,0.0029781175498952003,0.0014409168448654445,0.0015019598559346766,-0.003332499947898839,0.0037369900377279314,0.003711938904659448
2021-09-03,0.0011614888736425195,0.005955127900926379,0.0039276381756928455,0.00396176475132783,0.005699700877604881,0.003851027795277881,0.003911597318140967
2021-09-07,-0.008541612871877293,-0.005819949440781802,-0.004031555250202712,-0.004196653420803914,-0.0048812098612502405,-0.005999102241119933,-0.0058676978346469425
2021-09-08,-0.007779648017454256,-0.006670609006169313,-0.004638365722014679,-0.004593784238938491,-0.0117348706488977,-0.007806407283225517,-0.007853841925033522
2021-09-09,0.003699608205946024,0.0021577941068818226,0.0018173930478153156,0.0018080879852965563,0.0033748258768226515,-0.0022949639543020637,-0.002251203126917031
2021-09-10,-0.0008387917086461141,-0.002475349961102934,-0.0028207475694440286,-0.0028719771040046672,-0.0006346689777079063,-0.0024481303294960587,-0.0023714839916750595
2021-09-13,0.005088900375095358,-8.750046394278438e-05,-0.001833607007242179,-0.0017975370753835192,-0.0027566642267022245,0.0005518793423348451,0.00043539970723587587
2021-09-14,-0.006651083167018216,-0.0023704434214494936,-0.0032739086828988337,-0.00324539398516498,-0.004349089105621003,-0.004579605265020994,-0.004523706945551519
2021-09-15,0.00984609446959694,0.009518917762371099,0.011192404814790384,0.011208149788371723,0.006745786888740988,0.002963786542313334,0.002916983429513836
2021-09-16,0.0038081890616499673,0.002792468337001984,0.001219408465065795,0.0012221773841430553,-0.00042839047211589115,0.0012648314583307636,0.0012326609184991888
2021-09-17,-0.011116717607665867,-0.01400059029483698,-0.01382682446586092,-0.013778108218757018,-0.014910637220600756,-0.014689705335185385,-0.014472835251745494
2021-09-20,-0.01878498383187721,-0.018141328284924766,-0.018908553467008236,-0.018832911229271564,-0.02421313484871836,-0.02121029492128471,-0.021209098714065504
2021-09-21,-0.002818445775995123,0.00029222736734039047,0.0011967751608973319,0.0011661547220020664,0.003242021809661666,-0.0037207435940911715,-0.0036281120138321648
2021-09-22,0.01359385964679165,0.013009264065561212,0.01272903544263209,0.012593386241892551,0.023990386038870135,-0.0036422994286934122,-0.0038136532259488484
2021-09-23,0.014719973155630678,0.014189549834541444,0.015197024526739947,0.015092133261521609,0.013281529995490886,0.012235345151135392,0.012204065568842059
2021-09-24,0.0014394904031837092,3.770447710439907e-05,-0.0015511714230905227,-0.00154120206554482,-0.004712373553436129,-0.002277694481328308,-0.002178462116805133
2021-09-27,0.002463452249753165,-0.006560747998226223,-0.006315263905850847,-0.0063532145866366935,-0.010868715895191363,-0.005530629347901826,-0.005542225225478495
2021-09-28,-0.025264354072539727,-0.029505058826839615,-0.03011957476283251,-0.030024483000635125,-0.02602304326093354,-0.026748164099482472,-0.026800123875530518
2021-09-29,-0.011025275576501029,-0.008935207137654626,-0.007113165834759881,-0.007151891293457954,-0.011306811182614005,-0.004018199324273133,-0.004152021405328165
2021-09-30,-0.010554359831862576,-0.005562670093930015,-0.011125291281570436,-0.011210436297595638,0.0020838859907193474,-0.003096021643160271,-0.003112446030309533
2021-10-01,0.013514347971690297,0.01063206086792917,0.009196161712223825,0.009260372192445363,0.0056173613222377525,0.00872249972602099,0.008820412370227229
2021-10-04,-0.020421154668618366,-0.02448705421737613,-0.02263067613465766,-0.02266453517774772,-0.0413013566917327,-0.026279228732737157,-0.026462022444862572
2021-10-05,0.00962489134367356,0.016693154491269867,0.01609728652803563,0.01615145444390806,0.018332390175356757,0.015986119145447935,0.016073691156569706
2021-10-06,-0.003002735232756434,0.0011833453626463976,-0.001639915334908997,-0.0016098704481633012,0.001570370492573042,-0.007361538631434173,-0.00734069122956405
2021-10-07,0.013607079101048584,0.011225261890975141,0.010835254778380914,0.011004927714036642,0.020686763358194235,0.013148568178166531,0.013249097500565308
2021-10-08,-0.004122377257621606,-0.004951360637439914,-0.005132704431823373,-0.005111729037383958,-0.008590694513370398,-0.002710615485043631,-0.0026173551425175017
2021-10-11,-0.005077723354633714,0.0005910919825454926,-0.0018991877766521541,-0.0017531151211025698,-0.008593332958739604,-0.005304794745286136,-0.0052275151786241696
2021-10-12,-0.005736060570046628,-0.0027586810749032414,-0.005015075435938722,-0.005069738118954521,-0.0014289308628563314,-0.001068296913422483,-0.0011118561216714971
2021-10-13,0.0069648849147120944,0.008671240718730093,0.008018534272171713,0.007866010715910688,0.00849091122677987,0.008524204606829271,0.008444818650532933
2021-10-14,0.017313728556100135,0.020661088051035326,0.022942803357437404,0.022956127200430398,0.03171767353691114,0.022761322210408615,0.02271035308569713
2021-10-15,0.0019310962254178773,0.0028388350645438196,0.004617964230341627,0.004703671016932668,0.00335442628915471,0.003481179174059366,0.0035116514444240065
2021-10-18,0.007542574706449302,0.011393702222827023,0.01152243672419603,0.011539208519088386,0.01032554560843103,0.008123925289769806,0.00830275465163888
2021-10-19,0.007312710588182402,0.00898266403842926,0.01119816557367147,0.011099382118371155,0.008496314394655567,0.012009173543462249,0.011991402558864257
2021-10-20,0.0006709028506378537,-0.0012673156253154255,-0.0017347997524845573,-0.0017566574380067546,-0.004468622340397484,0.0017660501686675868,0.0017049388448489757
2021-10-21,0.004191051151626218,0.005740363245250661,0.008119698212714214,0.00834449546402899,0.00989006851376635,0.006204632829709294,0.0064038667159532145
2021-10-22,0.002071730690351739,0.006463277076202835,0.009885762183093852,0.009822928037120914,-0.0014800874762428587,0.003887844139566407,0.003707854455665893
2021-10-25,0.006637077507170539,0.0026448431974573743,0.007461030103025661,0.007519127603179193,0.008123209859854518,0.006524653503629032,0.006593777834576335
2021-10-26,-0.009159965689335385,-0.002851785515781359,-0.0012068403667571171,-0.0012160213637974274,0.01816743678286312,0.002588999769256491,0.0024146632330723262
2021-10-27,-0.009474831348130349,-0.00700228011858452,-0.0066593937530563295,-0.006681510291049611,-0.00458122122914312,-0.007422962510107644,-0.007406173163633929
2021-10-28,0.017357514678051623,0.014762338245637259,0.01407562022878748,0.014096509627330904,0.027621678325357273,0.01421042266912854,0.014328090826835532
2021-10-29,-0.004078603144333713,6.465435947962308e-05,-0.00028737947428105187,-0.0002008483187817883,0.006950530138312084,0.003436513691352223,0.003668333564158738
2021-11-01,0.010682896545612853,0.0010621765406614173,-0.0018250490365376694,-0.0019168689558050997,0.013527549921244802,0.0021169303429913982,0.0021354583540491323
2021-11-02,0.005484324114108063,0.009780301763878355,0.01208422648199552,0.012129933058079237,0.010599703852389479,0.007897272260853136,0.007907161188373531
2021-11-03,0.00664660296961268,0.007757785463229831,0.009998471441261394,0.009983389052791124,0.009083980958094515,0.007885497850360626,0.007780167582399731
2021-11-04,0.016413726271964184,0.017592537868639225,0.017336755241731765,0.017409464857448414,0.04912861080376516,0.018678586449097857,0.01870778973902681
2021-11-05,0.009965452252643064,0.004750311785939287,0.0029102493215818447,0.0030583873805437884,0.004044204306833811,-0.002530007249441165,-0.0025935382505060576
2021-11-08,0.00862893354195788,0.006424096731583229,-0.00025320630765048263,-0.00015498575561676426,0.012554921186564016,0.0021644956710919505,0.002269904047791092
2021-11-09,0.0019253163373905285,0.0011933434047864322,0.0002104523885348399,0.0003005581383755926,0.004243715927838468,0.0062235348990213515,0.00620286365369922
2021-11-10,-0.020799300029155338,-0.020198287284843533,-0.01712003198686663,-0.01704357524312917,-0.023982731189098327,-0.013797331463004528,-0.013808204625895982
2021-11-11,0.012230382600503848,0.014825499784763805,0.014106412154354424,0.014129590019268307,0.01781977194769901,0.008262353475592114,0.00839005542302693
2021-11-12,0.011086967888495001,0.011681014869982173,0.013671027169229667,0.013697234419550636,0.005321936234434369,0.01109908546420401,0.011236346278806403
2021-11-15,-0.006227082898145044,-0.008083097047285466,-0.0025946332254450652,-0.0026862483644821585,-0.0013055912662081831,-0.0028247979744739507,-0.002828409478389486
2021-11-16,0.009280486809035898,0.009572006602960358,0.010243339932424753,0.01014691847539827,0.006007092968403759,0.005194019183614663,0.005145945676046681
2021-11-17,-0.009749144408324714,-0.006311203035196923,-0.009413038341802644,-0.009281724207547165,-0.01245484934336182,-0.006752484371317591,-0.006718260903813892
2021-11-18,0.004448327841899073,0.00772509772217611,0.006184125779242667,0.0061092548643080875,0.028308326241753973,-0.0002681615185564515,-0.00024228804342863556
2021-11-19,-0.000823676141058294,0.0015303112284911593,0.010608660345567804,0.010608170637618338,0.01284721265612591,-0.0018168778409094221,-0.0017278113467325987
2021-11-22,-0.0018822469027789095,-0.007456655397578423,-0.01117972401696311,-0.011247675275617918,-0.011523116101137062,-0.008142236775971562,-0.008199239076968979
2021-11-23,0.0024444696012827327,-0.00233502546696427,0.003214539214249769,0.0030952002971301787,0.0013247286446172793,0.002202644155723058,0.002108827607443238
2021-11-24,0.008594797325375698,0.007332131705424229,0.005931660670027923,0.005981532326635724,0.01295584408376765,0.001728747408956718,0.0017865232244541893
2021-11-26,-0.028255911275140003,-0.024914759390022745,-0.02550374237844842,-0.02546321411073383,-0.028566971690874503,-0.02111871198642042,-0.021041348942444544
2021-11-29,0.02304237322096807,0.02993125717209803,0.03298475295839245,0.03303729413125202,0.03787621398282541,0.02423347208452457,0.024267462978514197
2021-11-30,-0.019904385053883433,-0.016619918554905338,-0.020912752187126547,-0.020877409595398456,-0.013302322767443593,-0.017362523130696784,-0.01733233662048619
2021-12-01,-0.012978426112712518,-0.010484527672421088,-0.002812000730917359,-0.0028455758807880696,-0.01713079295380586,-0.010083153928919753,-0.010174953846275534
2021-12-02,0.011788842978082225,0.004879284041547008,0.003910029520652386,0.00369050897865781,0.005946388349398286,0.01078857720170654,0.01061571935024466
2021-12-03,-0.01575179714550188,-0.017579344692271757,-0.014987500298827021,-0.0149658915335671,-0.019589549240698837,-0.00812201153058815,-0.008218247238234376
2021-12-06,0.0018687132125554183,-0.0016996686211484448,0.0014625717633263988,0.0015399661520506488,-0.0010019686461748434,0.009207451295131609,0.009129259867524166
2021-12-07,0.03453863220911709,0.040054322697792015,0.03779241924429309,0.03773044273137275,0.055154407758891806,0.029860113350625907,0.029863927543773323
2021-12-08,-0.002436205131565875,-0.002011599364553657,-0.005977318890094168,-0.005817187647622765,-0.0014713942948584133,-0.0016016198645813179,-0.0013962011830414786
2021-12-09,-0.013354801715304112,-0.01581151546246036,-0.014817359878741568,-0.01477215486012247,-0.022945375709167798,-0.011991073852447185,-0.01198464423848644
2021-12-10,0.02770776995743246,0.03455835302949465,0.03643822716114958,0.036566294449375154,-0.0011336982397236895,0.019152340457773396,0.019142369755637028
2021-12-13,-0.013732822481571462,-0.015110328507526017,-0.017815902789416777,-0.01780713830028222,-0.031095055382967775,-0.012801655152805937,-0.012733923583977859
2021-12-14,-0.016046898084312172,-0.015454141244365676,-0.01499617424392029,-0.015076598834875821,-0.005663222987599488,-0.014687170330745122,-0.01481921630687543
2021-12-15,0.02936453939644701,0.03650270422226379,0.029755711319290903,0.029813953459384472,0.05214092966600841,0.030951617974926623,0.031074880378385402
2021-12-16,-0.02728291890037331,-0.03397124209965573,-0.03268359931706046,-0.032740552675982436,-0.03963255622783716,-0.029793842636569118,-0.02990844163830347
2021-12-17,-0.00784860444893034,-0.008005954468565196,-0.0134332110798514,-0.013371476408695812,-0.009085681699687986,-0.0028736155496215145,-0.0028703266294591244
2021-12-20,-0.014132721400230351,-0.010786946894371662,-0.014159706071137819,-0.014157240042916002,-0.009332682842218469,-0.0065782572952878295,-0.006660098743256978
2021-12-21,0.023148025616555205,0.020951371700286936,0.02099716173282645,0.020906352812304282,0.033259578209140356,0.01974350376530923,0.019729432526535834
2021-12-22,0.006638937604293345,0.00937536297278378,0.007892886633755716,0.007909520681672586,0.006717020251111361,0.005179790239128629,0.00514653515557675
2021-12-23,0.009228778099444035,0.008898080040226032,0.008098668979006327,0.008138523463173465,0.007105329980203454,0.009017340430427782,0.009068642811453602
2021-12-27,0.014986360698701564,0.01784355686225476,0.020695418281121293,0.020767481383339156,0.030504272469733005,0.02037379178811034,0.0205475982245042
2021-12-28,-0.005887140999506278,-0.007374948604276471,-0.00639780242812901,-0.006353626549810086,-0.012962989952352406,-0.005059166387540046,-0.005095093082352481
2021-12-29,0.0036686862276210166,0.003305278011396717,0.004097083779431899,0.004199747140298989,0.0013920368741942347,0.0037471527708588244,0.0037505776072369727
2021-12-30,-0.004554184193237334,-0.006275785064817192,-0.006391849862834573,-0.006404078023968132,-0.011693179623942358,-0.003110262307055625,-0.003066466558852597
2021-12-31,-0.0038505018654780374,-0.004607762968955925,-0.0028293134441824,-0.0028000203091583706,-0.002207555866316141,-0.0036627569268973498,-0.003724920593641352
2022-01-03,0.0035600049170539604,0.0017927882140323932,0.003982423047394596,0.003985489653371152,0.019225473899699773,0.006093777504364972,0.006058204530134352
2022-01-04,-0.0006951999124538684,-0.006825030296558252,-0.0020048336812164324,-0.0021662056291233264,-0.007506523741533483,-0.0017358503670258814,-0.0019310918706895543
2022-01-05,-0.02813502717150288,-0.0324734555285674,-0.03092823403423332,-0.03098015768596524,-0.03182855746094318,-0.026436682188070968,-0.02660351414053432
2022-01-06,0.008268033012147062,0.007780166938175417,-0.0005339009188722592,-0.0007865608561952051,0.005564770121130068,0.002398752898572092,0.0024600559278280766
2022-01-07,-0.008832239748481782,-0.013320807727005035,-0.01561526523187496,-0.0156107652781651,-0.020482174552073303,-0.01005218116687062,-0.010015029656270703
2022-01-10,0.0015388346336475162,0.003613973424202322,0.0029301027775927102,0.0030084540418072753,-0.0005734302977453752,-0.007102863162202769,-0.0069199607684132265
2022-01-11,0.009543153094250006,0.00805785953731309,0.007951559525729261,0.007902367335925604,0.017246190045926407,0.01071119945082691,0.010636158880656365
2022-01-12,0.003527962232650797,0.004745469862926941,0.004983904305980371,0.00508252366304299,0.003299369238784996,0.004894380090237273,0.004902311740803407
2022-01-13,-0.02013234092775576,-0.02627580289995692,-0.019968765923649972,-0.019948824035461565,-0.02442676568921655,-0.013869215263551816,-0.01404886450368015
2022-01-14,0.0005653789960479373,0.002745512588512,0.0007759623450927209,0.0007299210473107672,0.020702255892422985,0.002586869347050893,0.002627825941916986
2022-01-18,-0.02426314478428763,-0.027887577147047284,-0.030277328383408377,-0.030197267418488563,-0.03614392270792215,-0.021323420167437886,-0.0213804737393275
2022-01-19,-0.010604830467761915,-0.012549591965477632,-0.014574151438872873,-0.014575098695081877,-0.03018485929238909,-0.009315040559955207,-0.009242310942762287
2022-01-20,-0.01492770360694196,-0.017177639512514907,-0.017256284010142547,-0.017423906821462477,-0.027233458231570248,-0.012218107689629906,-0.012213260497107345
2022-01-21,-0.027622698439242765,-0.028732350464051867,-0.022715633163627603,-0.022668508324355775,-0.019963229956392287,-0.019546064232469705,-0.019647037055170076
2022-01-24,0.0167612782793723,0.01711821491843605,0.01332361440456376,0.013371019618665443,0.010016562012132147,0.008568297612100545,0.008521614611647283
2022-01-25,-0.024499217603306443,-0.030216544664072194,-0.02639709537504276,-0.026536550571171585,-0.03330042662493337,-0.026649364123588655,-0.02680487291622291
2022-01-26,0.00305314134552815,0.00735112261134104,0.004103683461641153,0.003961963319241941,0.005788985026600472,-0.0010592080305317757,-0.0011172947184146377
2022-01-27,-0.005398794418025343,-0.008462654653975265,-0.008078795759073455,-0.008209253966226845,-0.031715745010843586,-0.01274111095034268,-0.012876766451503317
2022-01-28,0.019927157724765453,0.025095916914478118,0.024542419149746347,0.024383460232504543,0.03310060909927,0.024406372425785212,0.024486671584047118
2022-01-31,0.030972413284262514,0.03689387947652212,0.03322307903581737,0.03333573307649241,0.048036685892557184,0.02440782870442561,0.024562223581576604
2022-02-01,0.006773258837349733,0.005416205573173247,0.006477639827162269,0.006430965759461118,0.0040370254646650075,0.0032687155029991746,0.00340219086500337
2022-02-02,0.006005655100625595,0.010605084415913978,0.012801612946302098,0.01284213359393521,0.022927730642303336,0.01699409433882985,0.017036307066560886
2022-02-03,-0.02633352701658022,-0.02857196592533061,-0.028988950233097516,-0.029257152771749343,-0.03768135392799517,-0.02156172247254005,-0.022726721520240037
2022-02-04,0.006999542170618503,0.008003107661373896,0.002766785749224224,0.002553786264839395,0.00573920144784309,0.0007442740153607827,0.0007457549408092984
2022-02-07,-0.002285200772291661,-0.0039230522639118505,-0.0039027923458535303,-0.003959080279818975,0.0014068181431701422,-0.003450414664073367,-0.003695122787939524
2022-02-08,0.010271622953752958,0.010529770465798307,0.012041101238308146,0.011992211534855916,0.016837821602328728,0.007337263553158036,0.007166541673288451
2022-02-09,0.029177940263938745,0.03157514764318191,0.03052017109829728,0.030499377537073175,0.03795515813789556,0.023713792203105988,0.02383175071097583
2022-02-10,-0.020229775720270977,-0.023803641238054774,-0.027619345829266524,-0.0276993106619848,-0.028101911233873175,-0.020587569645435653,-0.02056954945378151
2022-02-11,-0.027687454190392487,-0.032883601156432914,-0.03209957889293208,-0.032103337066595544,-0.044010923569712354,-0.028612145783866432,-0.028797676642219994
2022-02-14,-0.003385232204052797,-0.0013800585672681972,-0.00503712611857603,-0.005046709754646741,0.0036002139343164425,-0.003954570756551546,-0.004015369859903212
2022-02-15,0.02791612731950689,0.03157584747344947,0.027789948229839868,0.027758085041313132,0.05458084288518612,0.025406333553660013,0.025402944851462547
2022-02-16,0.0011369224745986224,0.00032332530837438154,0.002153919307905181,0.002192141355436202,0.0075983052141147985,0.0009621853060352224,0.0008384362671377308
2022-02-17,-0.03289630365924633,-0.03562319402732288,-0.03366106485708844,-0.033654214765281285,-0.035719100465900586,-0.019407715707668693,-0.019523201671024993
2022-02-18,-0.014190904284537587,-0.015954274786764127,-0.013657969333212363,-0.013694062963448453,-0.015389540909817862,-0.010149848995307818,-0.010181293071859969
2022-02-22,-0.011264143925727303,-0.010290763105127214,-0.010948780954415621,-0.010954201497036605,-0.011230995672948578,-0.015129517223509194,-0.015221693766907088
2022-02-23,-0.01892510846934917,-0.019073328337636183,-0.022828687802770014,-0.022849339114126913,-0.029242435611731277,-0.020710112559430983,-0.02067847522584241
2022-02-24,0.043997173844105446,0.04730047477697761,0.03407149174592974,0.03405560667332396,0.03851493900402311,0.027571957189243233,0.02771364066368729
2022-02-25,0.01986963701911297,0.019561358887611926,0.013863049815094019,0.014004797633755383,0.017100294528103355,0.018083693728512602,0.017969587340599027
2022-02-28,0.0022796957174347366,0.0025360025753986305,-0.007947373024310197,-0.007870937191669819,-0.002953568734216897,-0.000220966024427264,-0.0002513116247724553
2022-03-01,-0.015158995287645322,-0.01632469596619216,-0.010878969608947357,-0.010910118574652416,-0.029112583344184564,-0.01274397785283019,-0.012867208616859038
2022-03-02,0.023712251245522994,0.022252213098866266,0.025516911916284444,0.025491097272117513,0.027430213714977728,0.020305576601564793,0.02032169237540108
2022-03-03,-0.013429362281362366,-0.01307783734957068,-0.011287004001824663,-0.011234071866812995,-0.014697472063958371,-0.007968190031514208,-0.008041576473419984
2022-03-04,-0.023927234967247652,-0.022895693487417424,-0.01797302745801684,-0.017985066566015083,-0.027549266283146585,-0.017756376280103344,-0.017871325588001006
2022-03-07,-0.037586064664143694,-0.039112304579731416,-0.04034531653610465,-0.040625778403347634,-0.05401578493598726,-0.03418850169743584,-0.0344525247987337
2022-03-08,-0.004899842284078305,-0.007145030451733764,-0.001702751726308151,-0.0017757567910888596,0.008551039417201006,-0.00295464981408621,-0.002904294115167757
2022-03-09,0.03598143785343631,0.03853229308971055,0.03503221307598459,0.035117139008539196,0.04384393292299879,0.03547771958957815,0.03567009950743366
2022-03-10,-0.0006756284258159724,-0.0035804324894965203,-0.012067510214198501,-0.012185788068492959,-0.019868430359147385,-0.011471193595008332,-0.011644521034083932
2022-03-11,-0.014207960669757895,-0.01489780466250359,-0.018154826177296322,-0.018334438805045546,-0.016157254518548953,-0.017824771167629764,-0.01799995615811293
2022-03-14,-0.018006328157260464,-0.020108965406827498,-0.016940589775786666,-0.016817331723262538,-0.029390748370075128,-0.015552040842216019,-0.015515156050996882
2022-03-15,0.0317246555291406,0.03528441053810503,0.035691324194127495,0.03571617332414079,0.04195727794014822,0.028529019608444107,0.028630539971188158
2022-03-16,0.027371714632627782,0.029758450887774988,0.030699658422319264,0.030595383720905457,0.046526143485351994,0.031077336733229356,0.03130997820068963
2022-03-17,0.01592832365338534,0.01559759918472205,0.014352386631512882,0.014368093086802473,0.013746551080542778,0.012596043344650242,0.012655873593304154
2022-03-18,0.01845513041289694,0.021955301168638613,0.020903952460179995,0.021005659313850837,0.029328183069549058,0.013856262601146252,0.014111951057641762
2022-03-21,-0.007166550900466017,-0.0058587675446308465,-0.008148881031428164,-0.008152167731096886,-0.00020529525317513784,-0.0034334503569787467,-0.0035339647069564783
2022-03-22,0.017723352913387225,0.016719219180643476,0.011765012784863683,0.0118447910156154,0.010329873401595881,0.014021766102005999,0.014116647005674788
2022-03-23,-0.022330197298947307,-0.02385738855858585,-0.030061246390826874,-0.030189280031963184,-0.02509327211695108,-0.030093175172395757,-0.03022869171289214
2022-03-24,0.0254593428475451,0.03081167708068119,0.02754840207861822,0.027635234942553738,0.04870271964489932,0.02209046503668581,0.022159852144381917
2022-03-25,-0.0044689741175740535,-0.005869908364537824,-0.0060179057127944455,-0.006028398378418338,-0.0022286111151286867,0.0017847515032508436,0.0017840328981962674
2022-03-28,0.011919015700290842,0.014211648546504512,0.01845194639518321,0.018454372885806605,0.007910644944802788,0.01290944791879868,0.012914803823270602
2022-03-29,0.018072541129638936,0.0161094199927017,0.01892275090187986,0.018959941387081652,0.017568282995888945,0.01893100349583806,0.018987710042109564
2022-03-30,-0.01478762068417626,-0.016452041336229534,-0.01940909181802358,-0.019457807008219852,-0.02698594238315207,-0.011082118982459045,-0.011152582800284722
2022-03-31,-0.010200283692245033,-0.008857436648485376,-0.010698508670312414,-0.010726127865274706,-0.01590540095055117,-0.013375121200896012,-0.013477049468474568
2022-04-01,-0.004719112901393907,-0.007918475564544494,-0.006239111408470645,-0.006152988544481311,-0.014161786205869685,-0.008789828841371979,-0.008947527671416438
2022-04-04,0.015988493291175847,0.0172179411802066,0.018757320676519057,0.01848609243523653,0.015180668846846443,0.009165062412339015,0.008896103121902933
2022-04-05,-0.025481212329967053,-0.028997199924381555,-0.0268715467879274,-0.02666811215548409,-0.039983378039406825,-0.0241853403505147,-0.023969190096773733
2022-04-06,-0.016490268671593502,-0.021227253837694807,-0.017105109906627457,-0.017028448793120897,-0.02424086036302935,-0.016039956062925607,-0.015914726009601726
2022-04-07,0.009801912876128608,0.008589209568800044,0.009866105660393736,0.0100599453766054,0.001956925116259538,0.007916579566297073,0.008029169666323475
2022-04-08,-0.01114054620525385,-0.014235983660260654,-0.014109067063168985,-0.014123857614447217,-0.018688256040036516,-0.010574599481457388,-0.01049365381345585
2022-04-11,-0.011780807440080964,-0.015807378566301836,-0.018817398498428183,-0.018709099028056432,-0.030002277387017856,-0.019131835664816063,-0.019049915567678467
2022-04-12,-0.001965651779867697,-0.0041284636939405445,-0.00782524211169916,-0.00776661633491809,-0.004692152592770614,-0.006212049396204036,-0.0061308162061442725
2022-04-13,0.017121800629313497,0.019482959544540126,0.01508547120883085,0.01505956115135375,0.023013668805767214,0.011767824770261254,0.011671487922492785
2022-04-14,-0.015858691654720092,-0.019032397571555008,-0.017780519193126797,-0.01767567220696813,-0.027097781136106416,-0.016509243493900226,-0.01636005466292223
2022-04-18,-0.0006524872668770875,0.0007613517287635207,0.006118693073670793,0.006113469477030448,0.014943048010456492,0.0022662003612678853,0.0023291245282686746
2022-04-19,0.023302192796226195,0.022739957451637482,0.024466460911275106,0.024418664945818794,0.016290890162276136,0.021893900727802985,0.021759271332985497
2022-04-20,-0.0021866839837476966,-0.004435518787195893,-0.0019334366185262473,-0.0006539636792477442,-0.006565265583325855,-0.0007430824201566436,0.00038404668057898973
2022-04-21,-0.024850181608804388,-0.027835414425596363,-0.022368647598249174,-0.021984876420739458,-0.02890249747464205,-0.017761250956285574,-0.017359510595107992
2022-04-22,-0.028841830795000554,-0.02903595587903094,-0.030671456856486597,-0.03104939321971356,-0.026328837027999794,-0.01950037869687695,-0.019490461299645344
2022-04-25,0.018552648924986984,0.019305845578565503,0.012915623767852812,0.012997918148983547,0.01388697916177038,0.0077233279172556546,0.007770134574085535
2022-04-26,-0.03561975417127396,-0.03726036700265762,-0.037182153412579966,-0.03699768114441408,-0.038403785452112434,-0.032049843249075324,-0.03175226765249825
2022-04-27,0.0022749726667123885,0.0024658100710854298,0.0016922724978280677,0.0017604477224036,-0.0022215510407468764,-0.005363044199820926,-0.005226687980984898
2022-04-28,0.029639673754657037,0.034945652880179576,0.03884961488932619,0.0386986653759058,0.056049303443176525,0.032571006302772834,0.032405244198568835
2022-04-29,-0.037515788254382995,-0.0391435106282345,-0.03953992465880327,-0.03903616377389237,-0.04160549708739652,-0.039366662293464236,-0.03901173053149998
2022-05-02,0.016734748185159368,0.01949535016353965,0.01832312892740935,0.018053067395750987,0.026432466916821433,0.013434051970971351,0.013123233412918425
2022-05-03,0.003456498762466266,0.0037384218343802455,0.008700403590620645,0.008580106722940576,0.006337699290642643,0.005895506317177148,0.005854534555192457
2022-05-04,0.02781265764933247,0.027962566040771925,0.032798470500300665,0.03280641187770788,0.03966031279785729,0.033679600448097056,0.03361237257730727
2022-05-05,-0.0447431904459433,-0.04510879687588147,-0.04831087465351102,-0.048112049576746335,-0.0457072816005707,-0.04133634630402634,-0.041268871762072626
2022-05-06,-0.019942107584218636,-0.019437481334808753,-0.01786310234932242,-0.017627274069245122,-0.008819268032389364,-0.01585196716984584,-0.015562833842018283
2022-05-09,-0.046271587454292266,-0.04542061126227122,-0.04174530656569099,-0.041655009365996025,-0.04955204837479384,-0.03390812977952054,-0.03362094865888421
2022-05-10,0.022848562202944445,0.02206021576529898,0.017855306409937124,0.017745117592866996,0.014959909034260633,0.012250252784325935,0.011848667272597676
2022-05-11,-0.030845578257729534,-0.03221109358622355,-0.03152384991284581,-0.03114327902851631,-0.023401479309343255,-0.010069649596036597,-0.009826225018841945
2022-05-12,0.006756539711886663,0.007840065708449664,0.0033165260070525514,0.003287110786206852,0.0003855325823253633,0.0030702467369614845,0.0029619941775034715
2022-05-13,0.03597695031475811,0.03593500541423612,0.03726535435051607,0.037004506904883605,0.04256991626191886,0.03623126049447573,0.03577996949274812
2022-05-16,-0.016514091491761012,-0.015726710921538937,-0.013613053691529906,-0.01353990359712564,-0.013620270081021821,-0.00881969464539327,-0.008896795762518771
2022-05-17,0.02900777344529465,0.029797856762046104,0.03182309080252204,0.03167877754433934,0.03761531836035074,0.029088601820143934,0.028955911990105786
2022-05-18,-0.04817538779436797,-0.049162130967391506,-0.04618552028319155,-0.04592723362989814,-0.035833784583832455,-0.04377679272007773,-0.04359201665709479
2022-05-19,0.0008160181155583177,0.000559024825134416,0.0031874109755665107,0.0031422205821417955,-0.006982264901373826,-0.015585164262381985,-0.0157663683639846
2022-05-20,0.0058912477873467334,0.005593650013804172,-0.002330915719895314,-0.0023770650481619937,-0.00919423090687096,0.00015859017640095744,9.682936320256681e-05
2022-05-23,0.02253026045666047,0.021758134661654507,0.018628928187174123,0.018666495131471464,0.022888696766426582,0.02238746326349711,0.022527726992216196
2022-05-24,-0.01918157189172801,-0.020938410517468576,-0.01845594544400134,-0.018157487218214367,-0.02668424800905157,-0.01237868186451721,-0.01205556470210135
2022-05-25,0.024210171374267092,0.02413916618139408,0.02543081108090727,0.025212690162020254,0.01929846158295333,0.011623292162788625,0.01145677431508802
2022-05-26,0.030132900903953562,0.030670442793149517,0.03584243275001213,0.03552008799315251,0.03470075421892375,0.032961658798028225,0.03269422818041605
2022-05-27,0.02942206166498272,0.02994247055609925,0.03223251063388413,0.03217204307484377,0.03718969368869219,0.029698518765283084,0.029751687144967644
2022-05-31,-0.013637349552153503,-0.012436472805964865,-0.013074284106566398,-0.013260137753498704,-0.005520949868718579,-0.0065840655585056454,-0.006739702372352144
2022-06-01,-0.011187567656381493,-0.011470064222959687,-0.01236912909308831,-0.012550883666005812,-0.013463869484394307,-0.010116872960228564,-0.010188857043809707
2022-06-02,0.03704561628717225,0.03761752200612598,0.03809106141685779,0.038069866296469114,0.03129169124750738,0.032643583638033276,0.03238490037785009
2022-06-03,-0.02199090478780355,-0.02313011032123638,-0.025540884009443557,-0.02550682481643013,-0.02481712093543467,-0.01768658753673204,-0.017619105927245523
2022-06-06,-0.00012841115394955744,-0.0007473475195012608,-0.0008797888016157276,-0.0008770413710463016,0.004181679306485162,0.0030299421232538814,0.0029793793426216722
2022-06-07,0.007397733665296326,0.007287045808537719,0.006361971989072945,0.006421877893377351,0.009119573684382827,0.003938217532877716,0.003991641181012626
2022-06-08,-0.014498953299116825,-0.014334607443006962,-0.014994838700892884,-0.015033350664417057,-0.013665593729232576,-0.013417348834785648,-0.0134483760731818
2022-06-09,-0.020861779376245525,-0.020924780090905138,-0.022176346049632974,-0.022050313570053687,-0.031162287911889425,-0.019218371529384912,-0.018970849533353203
2022-06-10,-0.0408193360701059,-0.040207269895294495,-0.040530516222360015,-0.040303990907833785,-0.03469429553597505,-0.03614749175429411,-0.03600452700120441
2022-06-13,-0.04974231576451022,-0.04883587680359221,-0.04914685466143342,-0.048841474563515806,-0.05030907026990621,-0.03896846240044112,-0.0386009847187407
2022-06-14,0.011739267251143989,0.013245717800072748,0.012531172627828562,0.012597756280767156,0.002829679567463457,0.014193279369542636,0.014187716111530697
2022-06-15,0.013938011135779695,0.012862745154482068,0.014570209567664711,0.014199820897620865,0.013146065122738857,0.015538971759820068,0.015245796974266562
2022-06-16,-0.044612903063199684,-0.045135271634202785,-0.045138275252947606,-0.04487255484619571,-0.05565164527177161,-0.03529235976194415,-0.035117253114829085
2022-06-17,0.0049545931865011125,0.004850302946384135,0.004558134440177787,0.004477209009349938,-0.0007005648195905586,0.0008753279723335622,0.0008652866262459792
2022-06-21,0.02227817911849719,0.022721375142084606,0.01948546550206682,0.019628208454136497,0.03174860542545413,0.020624028427412455,0.020619424845424148
2022-06-22,-0.007341610731042694,-0.00806077132089498,-0.006271381982328867,-0.0062934018667410215,-0.014687761364543828,-0.008593946274295236,-0.008549499555244677
2022-06-23,0.011191612559803088,0.011054251118719516,0.013449941668964353,0.013358158176948912,-0.00214002355453065,0.007155692256203637,0.007028434623398999
2022-06-24,0.03700511989485849,0.037115940234980646,0.03934535481048649,0.03916303091839008,0.043126560714894756,0.03907366741249718,0.03902827753717754
2022-06-27,-0.007559554052119008,-0.006699057376853658,-0.007621957295998858,-0.007610773969808785,0.0027333044574828105,-0.009933785870325743,-0.009971030288224065
2022-06-28,-0.026973917344416353,-0.025740527084448815,-0.027437831115511256,-0.0273601665681297,-0.0218150980941939,-0.025586385327954823,-0.02547874401730101
2022-06-29,-0.007768010968829217,-0.007675670667940079,-0.006493213459978515,-0.006366463411752017,-0.016451166059891366,-0.009044238174004347,-0.009140613649272336
2022-06-30,-0.0030697203981981773,-0.004288519564623558,-0.005144348990722722,-0.005041658673222859,-0.015433500703864119,-0.009802259642479001,-0.009628219241295997
2022-07-01,-0.0027282800847950837,-0.0041386671316105475,-0.00656847524975652,-0.006659755508392381,-0.021959803118022054,-0.007121004365527024,-0.007187053316108683
2022-07-05,0.01441863082488775,0.01592660615483558,0.014651949819423294,0.014284480482996166,0.00450356102698538,0.0046141284495045,0.004291620806650621
2022-07-06,0.0025525274576533954,0.002758887887919816,0.005741345029523993,0.005829390889291488,0.0019336017634320178,0.004533345721413184,0.004563399753953892
2022-07-07,0.02347552121472047,0.025060319140846384,0.025597006129000798,0.025404412029655564,0.03946609933520361,0.021827454307899088,0.021650299106367368
2022-07-08,0.0026963474156928746,0.002965346071966315,0.0009295938786370271,0.0010723341121958413,0.0018023132513187545,0.002786390560675476,0.0027842285927068802
2022-07-11,-0.013429002442817872,-0.013988988126728035,-0.012546159759449352,-0.012302585359831735,-0.02201177502467226,-0.015123824704996416,-0.014871207166917946
2022-07-12,-0.009294598985078496,-0.009802017587117472,-0.009305548596579217,-0.009240783359077728,-0.0017682546128299516,-0.00909816960661417,-0.009015337237384093
2022-07-13,-0.0011927772842252615,-0.000533096119526939,-0.0012596615228841624,-0.0012828876072906897,0.004803442741912665,-0.004473034030701524,-0.004608201966594919
2022-07-14,0.006164167498577498,0.008155217475334636,0.0084301478197214,0.008477091011063406,0.0127963769707118,0.0051331110153840665,0.005104867432156634
2022-07-15,0.026019558062860892,0.026378436396388098,0.025834298950933456,0.025515732017737627,0.025309676946158335,0.022771609480886957,0.02248109730698798
2022-07-18,-0.005344892173291707,-0.006182950553684559,-0.007265411874738232,-0.007461292454649714,-0.005340347020166265,-0.006264048402332947,-0.006338810341209345
2022-07-19,0.034660577121672594,0.03400864782486184,0.036684946687138266,0.03652099977136148,0.04068583296140315,0.033150554723178155,0.03304331701802972
2022-07-20,0.017315588826483746,0.017653235181655437,0.022206647212009212,0.021862523643262424,0.02534678336066804,0.017136073205846813,0.016815718664744225
2022-07-21,0.016385698976597356,0.016965968345984767,0.018292630351776733,0.018191504958905445,0.014507761647013073,0.012036364596987375,0.011964902133851443
2022-07-22,-0.018387284557542204,-0.018296425865687468,-0.016671216917405585,-0.016718021927447903,-0.017922978359672388,-0.009543278010967486,-0.009307736035454381
2022-07-25,-0.005931661906216528,-0.006316063673997898,-0.006825217073667807,-0.006658511607639118,-0.003500371135721986,-0.0025745218358101713,-0.0025316828889052315
2022-07-26,-0.025486556924991265,-0.02620738015521671,-0.020695928539626585,-0.020460134911332303,-0.017844171712725357,-0.017091738957122064,-0.0168865436435454
2022-07-27,0.03320589989007791,0.03320968708712418,0.03441051505412296,0.03418270990540799,0.035569647235871936,0.026114577138501738,0.025803671216263965
2022-07-28,0.01859249345367427,0.01648890874515699,0.017055264546376982,0.01705524213874495,0.0061854715806478,0.017461637395501738,0.01754380295522646
2022-07-29,0.01284205803128093,0.011866414587855995,0.011838046998904238,0.011606616528986733,0.01367229319276076,0.010374145922317375,0.010079811752822255
2022-08-01,0.00587355073982837,0.005995661431773405,0.002546683223546363,0.0024498154347370516,0.004551105181046053,0.005702789337673459,0.005672299256469794
2022-08-02,-0.0036864553235427876,-0.003586372893185252,-0.0057637871918676635,-0.0054641769207164,-0.0035815091715935493,-0.00803996809999256,-0.007903232773858798
2022-08-03,0.023361246836392867,0.023449885579949137,0.023669137058727654,0.023478614352039972,0.021979236379603265,0.01317251964007714,0.013085301108933606
2022-08-04,-0.0014210338959706088,-0.0011628720632651931,0.003642801303755415,0.0035786167408156447,0.005510511517508911,0.0067370240561495836,0.006506525044785585
2022-08-05,-0.004475844684974198,-0.004750265117755935,-0.005379929866569088,-0.005434943197862788,-0.0057356967295898705,-0.0011391457563248377,-0.0010436508266014537
2022-08-08,-0.0037410350941943517,-0.004361938993938235,-0.004117163076184723,-0.004273432373780096,-0.009782664418514542,-0.004863954221101152,-0.004901455570086911
2022-08-09,-0.018709692500145956,-0.01993143502364447,-0.02003979309861498,-0.020005328381458375,-0.031258326577359614,-0.01747462148548765,-0.017344891575521736
2022-08-10,0.0283934025845181,0.028309956852241233,0.026754180576397245,0.0264577607194037,0.03354616690733234,0.025114302879574606,0.024816495420553576
2022-08-11,0.002157755037234836,0.0025383890420080184,0.00366672714527973,0.0035960650043033904,0.005227338258324284,-0.0005197096799938355,-0.0005617308805189048
2022-08-12,0.022542576888405004,0.022560100635483037,0.022277751671371904,0.022216649702901214,0.02560183762261869,0.019006618177975953,0.018962347878045422
2022-08-15,0.004578425640693676,0.0047283087409621585,0.0051406584869533025,0.00518929865531495,0.0019911489502499667,0.008038692094677783,0.00797118001480682
2022-08-16,-0.0007004012391247931,-0.0011343628965808502,-0.0006094254343814434,-0.0006242598477654584,-0.000970985399307526,0.003957120309669356,0.004061377073099198
2022-08-17,-0.014192103752195692,-0.014113469043932588,-0.013574195487787127,-0.013535610385860902,-0.014126037242384091,-0.011840114050015374,-0.011803661201761946
2022-08-18,0.006766390015502629,0.007106940151782688,0.006763503583948118,0.006745651722988032,0.01609687922228195,0.013136055172082727,0.013103524091398833
2022-08-19,-0.019634117309298524,-0.019951620330614595,-0.021174524368855252,-0.02109977668687648,-0.025644186059160634,-0.018618107379821024,-0.018536902201245254
2022-08-22,-0.027923322559168278,-0.028472918932265636,-0.03040862031619476,-0.030261256557085142,-0.029412516595032672,-0.025085514164626233,-0.0249237324973673
2022-08-23,0.008870798113672796,0.008331500551945063,-0.001980074613732781,-0.001978736566306264,0.006443023443393266,-0.0024418346377042227,-0.002434783572039523
2022-08-24,-0.001246046324622205,-0.0013215737015980862,0.0023771005170009304,0.00233902575149151,0.0008854762513939252,-0.001916870991653263,-0.001967910253713973
2022-08-25,0.020820681766334587,0.02135742371022478,0.019294529946665667,0.019222353551380408,0.02160068724053995,0.01459979696129597,0.0145706587388436
2022-08-26,-0.043095243460338835,-0.043655322158551495,-0.044434558187372616,-0.04436896184797211,-0.048938441316203764,-0.040479510720566866,-0.04037685255185683
2022-08-29,-0.011142015198806764,-0.011031952903259182,-0.01299315315539771,-0.012996990492641247,-0.014375436642029726,-0.00758716772325105,-0.007602578336899368
2022-08-30,-0.010950977808602026,-0.010786428344213022,-0.011613867200109155,-0.011582789226793162,-0.019439770454357234,-0.012453708416403208,-0.012441605062380344
2022-08-31,-0.006483279425185985,-0.00647056849003118,-0.006303152900073418,-0.006307651566215151,-0.009846841033855261,-0.006035308629485442,-0.006049491385414887
2022-09-01,-0.00702558848251824,-0.00781835759615946,-0.006741588818883047,-0.006835538928566957,-0.0187739192342036,-0.00622094038162863,-0.006319209285950336
2022-09-02,-0.010612629948746196,-0.010736786765995196,-0.01085318029064036,-0.010816683055429939,-0.009696559587828642,-0.010701990611521712,-0.010745861869788676
2022-09-06,-0.009084180926685236,-0.009520656975226215,-0.008111256748618517,-0.007966055755629588,-0.012071738448376394,-0.008741551723562165,-0.008611999526306986
2022-09-07,0.017026926678921542,0.016809402029547733,0.018662257115216855,0.018666614933318098,0.01675861837486976,0.0157100696084237,0.0156541145606353
2022-09-08,0.009706942196509003,0.009730860442722667,0.009179914771346288,0.009217419127841861,0.013936764296206177,0.010120693252261812,0.010117748651612307
2022-09-09,0.02469221382627972,0.02523115118747519,0.024060782024837843,0.02397923907739868,0.021661204987449893,0.0182540187012234,0.01816491270458475
2022-09-12,0.008729139713565627,0.008534096757294333,0.00843474773718215,0.008385164824943626,0.009167721486088938,0.008455111946287843,0.00837596315974609
2022-09-13,-0.051517772898339406,-0.05168595544659636,-0.05334549397816149,-0.05313058840323552,-0.05237238608610219,-0.0473740649276169,-0.04721345791838201
2022-09-14,0.0020682691231644302,0.0023717678939208535,0.004169690320403931,0.004031757704686211,0.00439305023245058,-0.0022156349421099987,-0.0024767663743775845
2022-09-15,-0.02447930885570519,-0.024426794111179304,-0.0265894462067537,-0.026750500048424088,-0.013718227312556045,-0.02395798479630537,-0.02410439556247638
2022-09-16,-0.027005571682871758,-0.02674600242928665,-0.023269667867384648,-0.023246627514572963,-0.0039836249154200165,-0.024526780860235207,-0.024554451225652585
2022-09-19,0.005090461176908512,0.0049762898703936045,0.004522084500834137,0.004382736743841886,0.007704790912491609,0.0038832178568838503,0.003721005874242673
2022-09-20,-0.017716959513694595,-0.01779160274046046,-0.01878027774274801,-0.01869087010066869,-0.010903165493964846,-0.016667533473406767,-0.0167094510290587
2022-09-21,-0.017627037268763645,-0.016748741542602794,-0.016986338154070742,-0.016877998275166155,-0.010841996834370761,-0.015898777238952704,-0.015769985647105394
2022-09-22,-0.017474833379633865,-0.017042902032948788,-0.01645247547228519,-0.01645463987625208,-0.02468909811243826,-0.01440739786985728,-0.014438544975703302
2022-09-23,-0.019672010322065926,-0.019506892297583043,-0.017422647907315236,-0.017188965093000066,-0.020673963878185996,-0.018732897577318882,-0.018650696965470684
2022-09-26,-0.014187772207817912,-0.014041843635944021,-0.014356380987263728,-0.01440830698797687,-0.014670320839019362,-0.012039218085554932,-0.012111973486702952
2022-09-27,0.005250340571784045,0.00537994457545535,0.006050536605777816,0.006017271968669921,0.007698820586445338,0.001706060484238753,0.0015412833062875514
2022-09-28,0.022360628500361784,0.02152638428900796,0.021548438647948327,0.021356072748200134,0.016210886429475557,0.022239807953768342,0.0219997505988034
2022-09-29,-0.018312813984689882,-0.018762145981903088,-0.02007813207392684,-0.019956642193983284,-0.02585552491534518,-0.015910554809872454,-0.015846693513507513
2022-09-30,-0.01359170209744689,-0.013763699484491784,-0.015004598724417156,-0.014949922392397893,-0.015566228562550157,-0.012736058311205127,-0.012687414241733445
2022-10-03,0.030644670567702658,0.03076972826010006,0.029659925052235817,0.02970295947262815,0.036575147762477424,0.029560935191363637,0.02954637014926253
2022-10-04,0.03706501155036825,0.03721350939022116,0.037945122763934594,0.03789000962054421,0.041490958402338414,0.0336409815444116,0.03351979138623414
2022-10-05,0.001307338420986192,0.002564303234932553,0.0021523933133598084,0.002195345546176017,0.00458717580089867,0.0006346816803481658,0.0006085663916645632
2022-10-06,-0.00546700604723082,-0.0051114962614063645,-0.005189593067886053,-0.005310247316069645,-0.006002710655753361,-0.005616719614423757,-0.0057958852085801295
2022-10-07,-0.03362308524122217,-0.03393112102534401,-0.035010090450039846,-0.03480281604405029,-0.038838117336940266,-0.03055860391182864,-0.030333261801419816
2022-10-10,-0.020638624189636075,-0.022108734839550663,-0.019323624639690513,-0.019394491501502468,-0.02894711135820924,-0.014917276555647107,-0.015077223546810058
2022-10-11,-0.013731339164298962,-0.014430644065156564,-0.011742489259536072,-0.011532340256903788,-0.021884600304541695,-0.009529864403750253,-0.00928072627304379
2022-10-12,-0.00804744582458317,-0.007690347811940606,-0.005791567474386957,-0.005892170543236134,-0.008244175451524503,-0.006443429083673643,-0.006590939748953446
2022-10-13,0.025783884360475913,0.02625485103463679,0.027072611540400176,0.027051365542858995,0.028349009885976318,0.029590384040554984,0.02958989880215881
2022-10-14,-0.027427552577062024,-0.027777323816107292,-0.02903117551864318,-0.029048309670711255,-0.04294483852359741,-0.026030026768564505,-0.02591847637234238
2022-10-17,0.022636905773746947,0.02242129822430984,0.02547443535842904,0.0252870457650557,0.023048453518991985,0.019161255401130135,0.01900968656903479
2022-10-18,0.010578481650238294,0.00963355290963692,0.007812411445049679,0.007843908860562744,0.010081480465015627,0.010331085198833596,0.010376670351920199
2022-10-19,-0.002922656891241458,-0.002548141851817505,-0.0016498031035396096,-0.0017679172556138564,0.004459283161684115,0.0010234023909039458,0.0005789562661239804
2022-10-20,-0.0039651949006858835,-0.0036123418336657296,-0.003335015340387473,-0.003288361732974567,0.001514804810516889,-0.00069255273773953,-0.000781423727969811
2022-10-21,0.027551661984206135,0.028177691385135026,0.03027203892821267,0.030029231267998346,0.03414702529701599,0.02725644435809034,0.027003543558699626
2022-10-24,0.013012106555437431,0.012914886412714452,0.013829423517378382,0.013894613670717863,0.009099740405771823,0.016657695275765005,0.016823229289240054
2022-10-25,0.020066641776956502,0.020097209453557974,0.019693420010034848,0.019898901899199496,0.02765517118100224,0.014957239417484535,0.014965241845926075
2022-10-26,-0.00473056381143634,-0.004988089365925091,-0.006546140569400562,-0.006443692482323396,-0.007083247234483188,0.0035100387102602647,0.003583172052930561
2022-10-27,-0.00421048248382356,-0.005605884917186331,-0.006658505721042189,-0.0065818482240664776,-0.006663434932321361,-0.0008629059063835209,-0.0007356099634539548
2022-10-28,0.022023670356834016,0.02229161923182767,0.023129962874800274,0.023454714446603003,0.03395613736177962,0.02426142891542878,0.024565126205925655
2022-10-31,-0.01227101032167769,-0.01236331042318035,-0.013145158929445927,-0.013050960049388471,-0.014009491513969727,-0.0102260591113569,-0.010199239972364235
2022-11-01,-0.0032866957977371143,-0.0033530307194353914,-0.010187316784276312,-0.010019339643483356,-0.007420703906090049,-0.0002252225988274441,-0.00015096256745516278
2022-11-02,-0.03022796172355818,-0.030537656949026853,-0.030034085642243434,-0.030021885651671597,-0.0303171285218248,-0.02492489947587875,-0.024931644920089285
2022-11-03,-0.01604547002898592,-0.018660219988555087,-0.01904884640405517,-0.01886033007439794,-0.02115761738894412,-0.008057183710218175,-0.00774438025388775
2022-11-04,0.018728518832608967,0.018659755710407355,0.019960655644895475,0.02020641263372287,0.021446272273913825,0.01648426192617491,0.016576570748794
2022-11-07,0.019003229455415955,0.019693401341396032,0.02062751983955884,0.020699207829677067,0.018245349158588497,0.015806524937033578,0.01584778090235628
2022-11-08,0.007249514362393573,0.007447232231935198,0.007393365685463779,0.0073152599608277856,0.009420227994832187,4.9349707090443886e-05,0.00012018463576796341
2022-11-09,-0.026404212725466388,-0.026396988471857463,-0.026328669034590954,-0.026106643317726108,-0.02072623043271031,-0.02257919146931238,-0.02243025565289955
2022-11-10,0.08012565947073985,0.07996316433408292,0.07863706486470538,0.07821509302331835,0.08799007801923042,0.06068658224551578,0.060553844084672334
2022-11-11,0.02912283414632722,0.029963131360358317,0.02901254078305151,0.028767776011587143,0.029149279895999382,0.01904083848846949,0.019016032279106608
2022-11-14,-0.01085117267006922,-0.010519191180028665,-0.009760518040034711,-0.00969423816144488,-0.013739050207869303,-0.006295250052124136,-0.006281974095203954
2022-11-15,0.016644039213215604,0.01786152565957595,0.0172068448418613,0.017154377895440494,0.028971767767243032,0.011830144082152485,0.011830667249031855
2022-11-16,-0.02519298235048778,-0.026198281952041422,-0.025525743628655305,-0.025358287285491832,-0.029746123639919127,-0.017782323025135417,-0.017763988115006752
2022-11-17,-0.00873002417066291,-0.007676475276041503,-0.0072034427037741275,-0.007038307709946988,-0.00629281231570682,9.130051832524974e-05,0.0002534343425894076
2022-11-18,0.002831364230404549,0.0021429228139503557,0.0025127358820673296,0.00267963389445196,-0.0016948825657481944,0.004436431941747285,0.004586139050083085
2022-11-21,-0.006950222166439375,-0.007637233787408956,-0.006898693101771192,-0.006778657705473314,-0.012149151563103162,-0.003464164804211811,-0.003386012291881908
2022-11-22,0.014326242338903247,0.014558368732138859,0.014941590214283002,0.015003306463456349,0.02941993117404905,0.010861086781235364,0.010813100917340585
2022-11-23,0.013843597363471547,0.01374512763263789,0.012825931338368152,0.012801941450967406,0.01068433409713844,0.010695176326747203,0.010652947295920574
2022-11-25,-0.003541581268209651,-0.003834663805148269,-0.003667955118256404,-0.00357361745851563,-0.009401427213157107,-0.0015938782203010126,-0.0014956643223982516
2022-11-28,-0.021931305891749686,-0.02144148588133463,-0.02123909478238996,-0.021263120208691807,-0.020740186101258953,-0.017833904421679727,-0.01791701914400429
2022-11-29,-0.002275607540644174,-0.002759156949523885,-0.002455846390916631,-0.0025524599974687985,-0.007054645235926155,0.0006683878482600235,0.0007663717120413515
2022-11-30,0.04309467451244379,0.04433884897364665,0.04387783121757231,0.04370106990629595,0.051536242757701176,0.034573920848812174,0.03439911077445412
2022-12-01,-0.001707118355151711,-0.0019264939172784986,-0.0020611720923451485,-0.00209965290076029,0.0026742258881719753,-0.004401205888675083,-0.004545021556344237
2022-12-02,-0.007337362650688368,-0.007000036263875319,-0.006776674075963969,-0.006752167991906801,-0.005933697876907035,-0.0022770500691615793,-0.002295007225635827
2022-12-05,-0.019883453738254238,-0.020210365179991762,-0.01958427433454431,-0.019384778777931943,-0.01666697144314522,-0.017374970583972076,-0.017267215732724557
2022-12-06,-0.01667447955993766,-0.017077800276310753,-0.016940341705839194,-0.016843202591447427,-0.021882973030204103,-0.01657793898902635,-0.016521566448466696
2022-12-07,-0.0025390351675327527,-0.0030479677512162406,-0.0018942835949570368,-0.00182061081690828,-0.001617909199015455,-0.00038344582811374365,-0.00032461736817123387
2022-12-08,0.02118472462930307,0.02185462383551174,0.02103658116593113,0.02098478830875055,0.026708398754650576,0.014159088508545366,0.014085739789880383
2022-12-09,-0.0035607462953997906,-0.003997532579732509,-0.0041744729393220865,-0.004282216045390346,-0.012605624941735451,-0.005217754408378288,-0.005292972787222362
2022-12-12,0.0195275422192283,0.019663830111493502,0.019499858611465137,0.019563658476037693,0.01854050788596115,0.018794132744916654,0.018913552336211774
2022-12-13,0.009989678119025134,0.010139479493572738,0.010136623674327933,0.01006228782126315,0.02627363306110242,0.006164462918554437,0.0060918846528958
2022-12-14,-0.011175842831937975,-0.011681303467143644,-0.011958316771282828,-0.011851234568210661,-0.015470407560104957,-0.00782197712620223,-0.007864752438963672
2022-12-15,-0.037905637683331286,-0.03840266797118036,-0.038363417104442896,-0.038208817042055795,-0.04083012630952415,-0.031989479737335506,-0.031719473421976875
2022-12-16,-0.005186728146927384,-0.005417101962457768,-0.005209661138132366,-0.005147988033351566,-0.011950128305683044,-0.0016049060345804602,-0.0017125953959525302
2022-12-19,-0.013561188703825122,-0.013885094373828871,-0.013194488161252887,-0.013114765493787674,-0.010827945857425296,-0.010329394920745952,-0.010255132410409876
2022-12-20,0.0005803958947032065,3.495458698196316e-05,0.00016754891184802688,0.00019054019120237186,0.0004942435216264931,-0.0008661743134185737,-0.0009758340559703197
2022-12-21,0.014078393932653144,0.013883370293751848,0.01360506206634801,0.013441175799776082,0.018401044612467027,0.013334840922802012,0.013217159340475298
2022-12-22,-0.01982550929895033,-0.020444765576865975,-0.02003397295988674,-0.019942957811038844,-0.03239189149780778,-0.017876658246327948,-0.01782753116139973
2022-12-23,0.0036231433324036017,0.003604782330864165,0.0038092598113346724,0.003788114375989187,0.0026764951145863756,0.004682243540720223,0.00469899208018622
2022-12-27,-0.006312783952228062,-0.006989527420740662,-0.006451406578203182,-0.0061906506384996505,-0.013910977938672455,-0.0069070019314918995,-0.006675100853941614
2022-12-28,-0.016056934211975744,-0.016516490360273136,-0.016715946689019778,-0.016631686068177852,-0.015389775671537318,-0.01425019376790104,-0.014175886846114004
2022-12-29,0.029127472577364324,0.029613920239353123,0.02889277340709369,0.02869391118525689,0.03170658863489875,0.021564961443631035,0.02146086003494721
2022-12-30,-0.0036493364748862627,-0.0036742475422685797,-0.0038716109888817397,-0.003944015302531269,0.0005095003373683011,-0.0031231173757208268,-0.0031980656832590964
2023-01-03,-0.0016890705103788323,-0.0016840200053283272,-0.001516086549705654,-0.0016607787443332909,-0.00954089605018039,0.0008153739265701126,0.0008694169786125682
2023-01-04,0.026386688878835895,0.026386688878835895,0.02621053659146579,0.026067722895795235,0.01584281281870982,0.024339364078340385,0.024261329147357083
2023-01-05,-0.010910944546113315,-0.010910944546113315,-0.010402750856334037,-0.010459794514802485,-0.017923229754066752,-0.007143336119711402,-0.007225420023919625
2023-01-06,0.032471649631554834,0.032471649631554834,0.032769218183640356,0.032744378961842985,0.037262074263858073,0.03182373210396926,0.031941925225963015
2023-01-09,0.008905493950210772,0.008905493950210772,0.008547266122648799,0.008386276110588738,0.016537270415643474,0.005723341612706168,0.005481793978160044
2023-01-10,0.008213910848826446,0.008213910848826446,0.008012567762445657,0.007849016584404565,0.00901755552500013,0.007841411569728647,0.007763016407896541
2023-01-11,0.013993239218640784,0.013993239218640784,0.013075636183678681,0.01278356324504194,0.00850988153915733,0.011244053983531772,0.011152944545521798
2023-01-12,0.004040918276779808,0.004040918276779808,0.0026970624783114543,0.0025091010783240488,0.009256569021981976,0.0022410678457382514,0.0021629311088260618
2023-01-13,-0.0031972407663605146,-0.0031972407663605146,-0.0028384057566538524,-0.0028394581866350043,0.0011546595358954402,-0.0011414626249209255,-0.001295808998202103
2023-01-17,0.0014091301106000107,0.0014091301106000107,0.0008218679791185653,0.0009572453168606973,0.0027720707106562176,0.0006289042210833725,0.0008346109042110341
2023-01-18,-0.006599434271971356,-0.006599434271971356,-0.006577654536813432,-0.0066773345980608205,-0.0069555799678723985,-0.010118177654111866,-0.010179668658618893
2023-01-19,-0.01230271076879854,-0.01230271076879854,-0.012021485727719234,-0.011814355135014953,-0.01688243274334274,-0.009419883503528289,-0.009239732488529297
2023-01-20,0.0312276632936496,0.0312276632936496,0.030858302110349577,0.030459103305854572,0.02826998513945793,0.024588360315786557,0.024260223638980526
2023-01-23,0.03660710462316134,0.03660710462316134,0.03596767954758971,0.03577994473305831,0.030759500263481284,0.029045717333468384,0.0289829043070002
2023-01-24,-0.008068643910220843,-0.008068643910220843,-0.0075351628229538385,-0.00740442939344577,-0.004689812132022607,-0.0038153072130398076,-0.0038719672976599328
2023-01-25,0.0024078110940797467,0.0024078110940797467,0.0024854379930296564,0.0022621674279692137,0.0032324130403730295,0.0018649744706785143,0.0017968493579710997
2023-01-26,0.023997276953633722,0.023997276953633722,0.02395393901107164,0.02394249078659254,0.018366439053111253,0.01758211798592978,0.017504569261844093
2023-01-27,0.00813343583510033,0.00813343583510033,0.007372861142281112,0.007204923518889366,-0.0025951045956666796,0.0030883208631014005,0.0030408296075463666
2023-01-30,-0.022314417276822308,-0.022314417276822308,-0.022944660341508116,-0.022852020053310402,-0.022265693086825876,-0.01824034723878908,-0.018103243859392767
2023-01-31,0.016866861373714175,0.016866861373714175,0.016800921800106717,0.016289205378402886,0.015022247669470983,0.015396403120311057,0.014954242784454935
2023-02-01,0.034753606765726024,0.034753606765726024,0.03345606824658692,0.03337634101980753,0.027100524781646818,0.026204272715144392,0.026178153205504824
2023-02-02,0.026486248899501855,0.026486248899501855,0.02590631475435386,0.026783059770687945,0.01534260441396151,0.019088326452008926,0.020116111056835796
2023-02-03,-0.01752378426169722,-0.01752378426169722,-0.017055981660085092,-0.01611117862893684,-0.020407324829818208,-0.015208417479204654,-0.014297814717528907
2023-02-06,-0.016838286838432612,-0.016838286838432612,-0.016740889835063576,-0.01646429173591432,-0.012992825886176599,-0.016755090808536748,-0.016556329265771563
2023-02-07,0.02087477501264951,0.02087477501264951,0.02066236205357558,0.02096449518406934,0.024250535124963727,0.017326456069420165,0.01747192143820821
2023-02-08,-0.01162598856491712,-0.01162598856491712,-0.012106088183797792,-0.011745663507717788,-0.013399567454970647,-0.01109684798724004,-0.010744111908840122
2023-02-09,-0.007739170747513967,-0.007739170747513967,-0.0072902841184149325,-0.006350848171377226,-0.002887687972145762,-0.0076492294365561484,-0.006825293964135487
2023-02-10,-0.008692449218726028,-0.008692449218726028,-0.007879251241362963,-0.008035968970457425,-0.006596971501106304,-0.003535318421122826,-0.0036704481613419196
2023-02-13,0.011463782930941573,0.011463782930941573,0.011478310752974511,0.011291229956193173,0.01075433339098384,0.009673491840891446,0.009486264299061036
2023-02-14,0.01093705947918423,0.01093705947918423,0.010264552886201836,0.010965908513901139,0.012953938440888949,0.008062997587369825,0.008747812900333125
2023-02-15,0.004197496569409205,0.004197496569409205,0.0030688457073810927,0.003941514375153107,0.015301727673454705,0.0027991200442346654,0.0037221631627755132
2023-02-16,-0.020581912097667143,-0.020581912097667143,-0.020044211861753973,-0.01948590430419765,-0.017520284673327242,-0.011893434116764837,-0.011349370987635372
2023-02-17,-0.010220177931999478,-0.010220177931999478,-0.009807578955941015,-0.009849933146572915,-0.01086788488952099,-0.007852648310655515,-0.007965422582290407
2023-02-21,-0.023609658924413666,-0.023609658924413666,-0.02309267929445637,-0.023603833664575528,-0.024779764553918535,-0.02129596837674176,-0.021846018373204806
2023-02-22,-0.0023615789842613326,-0.0023615789842613326,-0.0024271902302643172,-0.008307875301223514,0.0008489086356341951,-0.004365996569635141,-0.01037009604975207
2023-02-23,0.014695026962459156,0.014695026962459156,0.014956024190026016,0.015251327978031082,0.024891574740500143,0.01213569235093039,0.012323896839282098
2023-02-24,-0.01719638904737811,-0.01719638904737811,-0.01642268546697782,-0.015331352640054361,-0.009122776630318472,-0.017797554867438066,-0.016852837095448162
2023-02-27,-0.00039579219456592257,-0.00039579219456592257,-0.0006564126643564959,-3.386550094881607e-05,-0.003749883148909342,0.0010363490366694077,0.0016932462454842586
2023-02-28,0.0013500198716194574,0.0013500198716194574,0.0012844732942395296,-0.0008380159175729378,-0.003378777502633759,0.0002706907315309583,-0.0018569425546278782
2023-03-01,-0.004548607205141272,-0.004548607205141272,-0.004268845426682928,-0.005227102083133096,-0.0018207468346624798,-0.0011022079984116635,-0.002070188406956968
2023-03-02,0.008834125040679004,0.008834125040679004,0.008649989654328198,0.00874315210362943,0.0031613454322313946,0.007590041144103692,0.0076614594980211415
2023-03-03,0.015409459115094705,0.015409459115094705,0.015027953903965099,0.015285428605070059,0.014869031451624505,0.012002496628529693,0.01221128535348212
2023-03-06,-0.0016327354614839307,-0.0016327354614839307,-0.0012526894622128313,-0.002940996013840208,-0.0035567227997561897,-0.0007698597597697106,-0.0026450858846097914
2023-03-07,-0.01478126072892746,-0.01478126072892746,-0.01497986738267706,-0.01411657698281565,-0.014508029891703118,-0.017655261103075,-0.016892253824041286
2023-03-08,0.014199370049219858,0.014199370049219858,0.014422666778738045,0.013034376844100993,0.011468737518311194,0.01064699998109283,0.009358930278959428
2023-03-09,-0.020716497603311304,-0.020716497603311304,-0.020316266465040124,-0.019195974500297426,-0.025628360477293218,-0.01728938482558907,-0.01618197571198495
2023-03-10,-0.02195030983532657,-0.02195030983532657,-0.0211623858319688,-0.021730972186008106,-0.02009822324113529,-0.017219083082691947,-0.017799913601731308
2023-03-13,-0.006199502783158061,-0.006199502783158061,-0.006545590299638127,-0.006812514501910843,-0.007899711455346287,-0.0061698568172094004,-0.006442133880280518
2023-03-14,0.018758354992167627,0.018758354992167627,0.01888627888329954,0.018759233783410264,0.024265713027026965,0.015851485853055274,0.01557158394485464
2023-03-15,-0.009200589186430514,-0.009200589186430514,-0.009622096393503986,-0.009620847501670271,-0.013568164865869758,-0.006979461839780216,-0.006965269673221093
2023-03-16,0.03157430259101189,0.03157430259101189,0.031307699987603486,0.03058195057899397,0.026880683093075015,0.031235749906664195,0.030362877755831318
2023-03-17,0.0014001528499572196,0.0014001528499572196,0.0012996505204193663,0.002573754590180974,-0.00799281348721503,0.003241260721689037,0.004550397152948409
2023-03-20,0.008412232741757782,0.008412232741757782,0.008779983737874494,0.008351411498847812,0.007353266942434703,0.009983493680664856,0.009522334342575925
2023-03-21,0.015200579990976197,0.015200579990976197,0.014613618404447878,0.015043532851199406,0.014166487297783983,0.011118623747418403,0.011419991356983857
2023-03-22,-0.017312951992913914,-0.017312951992913914,-0.0172858509856774,-0.016722388652203886,-0.014419566884624875,-0.016239908829608966,-0.015831876156146753
2023-03-23,0.01663955869156206,0.01663955869156206,0.016560664600185883,0.016545293673908442,0.014714840385312088,0.010373354983285845,0.01029146135956404
2023-03-24,-0.002816724145775957,-0.002816724145775957,-0.002615918394637858,-0.002477441940680166,-0.0035177828848687847,0.0035968230517018866,0.003578136850685456
2023-03-27,-0.004617891262924234,-0.004617891262924234,-0.0043428856400144315,-0.004064685848647396,-0.002535183544962652,-0.0012118243579321254,-0.0009046042743640662
2023-03-28,-0.003608038614910428,-0.003608038614910428,-0.0034810498165411,-0.005731784701807603,-0.004287801242953581,-0.0011049933192623733,-0.003321203981555433
2023-03-29,0.027577714213111375,0.027577714213111375,0.027399539990383758,0.02725131002729992,0.025035703295525666,0.02347245444273078,0.023376308680771667
2023-03-30,0.010298475565598781,0.010298475565598781,0.00989674923051923,0.00967590013904726,0.015156904380871509,0.007529992795521139,0.007341707801492672
2023-03-31,0.009482995140817074,0.009482995140817074,0.008957858284228952,0.00944075454814955,0.013206304970814937,0.0067430174241974354,0.007283056917922124
2023-04-03,-0.007225666269888007,-0.006903957030523251,-0.006456795520332999,-0.006275665078815957,0.0010520493606432804,-0.002708958288332507,-0.0025832355621949834
2023-04-04,-0.010890162751229946,-0.011215062828385188,-0.011835687156941223,-0.01260219224824422,-0.010786653593233202,-0.01235660922064626,-0.013337561026501592
2023-04-05,-0.006822655538742987,-0.006700600597901872,-0.006203741657775104,-0.006175339377301494,-0.008260517166313394,-0.0017373688886971202,-0.0017604991934341025
2023-04-06,0.0020213211476780373,0.0018124947230096463,0.001797362623254085,0.0030325924162840057,-0.011489913689734716,-0.0006947763944982104,0.00040219603021031034
2023-04-10,0.01752840308412117,0.01760629393100776,0.017394910545688643,0.016369631898954497,0.013407488195911182,0.01650981333836686,0.015475562515967173
2023-04-11,-0.0013976725395666398,-0.0014920479254681661,-0.001709901401748151,-0.0016175685246156458,-0.006852708139593848,-0.002824642854586965,-0.0027195556855853465
2023-04-12,-0.012364893588735423,-0.012397034151437714,-0.012019061165483312,-0.011323708304452259,-0.012594342646190772,-0.01235432983575073,-0.011719430380470554
2023-04-13,0.009556533871748358,0.009097962957259105,0.008897400225463455,0.009174739912359146,0.00884090939891023,0.008275742431448881,0.008576518082568485
2023-04-14,-0.006117194328703538,-0.005902958727221468,-0.005759185630956701,-0.005657958464367702,-0.0005916039561503494,-0.005252808225926627,-0.004771662798400321
2023-04-17,0.0017563788851334746,0.001959293456516169,0.002101328753024683,0.001472299963073003,0.0007248831573920298,4.8191383993463274e-05,-0.0006268089304947378
2023-04-18,-0.001060622490661223,-0.0010624370416840315,-0.0010773868841844002,-0.0005018479923675008,0.0006563280904040172,-0.0023532523242765606,-0.0018274189705864362
2023-04-19,-0.002002897547640149,-0.0021042269625172715,-0.0016981863339322978,-0.001012576456151718,-0.002889622054157617,-0.0054860585220487985,-0.004765513319452073
2023-04-20,-0.009324101131772778,-0.009218712269969627,-0.008556359145510941,-0.008265557724638195,0.00028290755491192305,-0.0009061091073995481,-0.0007205062916500688
2023-04-21,-0.0008354910657744992,-0.0006381113809567954,-0.0008943111542471527,-0.0009502229104576313,-0.003255306542538011,0.0013496930545309155,0.0012373460463055124
2023-04-24,0.0015277897488100095,0.001967251200789942,0.0021789333475800243,0.0019418018640005512,0.0008027689882934715,0.0026574520245021545,0.0024078170375473394
2023-04-25,-0.025271142835910834,-0.0254103637137195,-0.024888168576332928,-0.025037590622700664,-0.029794224966647787,-0.018289416772042367,-0.01857809406423954
2023-04-26,0.0024985874273100064,0.00242337881003736,0.001744087790223869,0.0014821667143563335,-0.0025051156470064636,-0.000342176937535478,-0.00023022439150594193
2023-04-27,0.013066053428273676,0.01254198131318704,0.012669709648710389,0.012202195442097212,0.016858386264859047,0.014289755709074122,0.014009649595245935
2023-04-28,0.01862114534861543,0.018804636862511052,0.01889570911362278,0.01932132136587803,0.01606246626890041,0.014581227396039854,0.015054287921764707
2023-05-01,-0.00039949219224977853,-7.616755857342745e-05,0.00012493888538878925,-7.855625735163677e-05,0.003204292207404344,-0.00453032531849626,-0.004780532981416221
2023-05-02,-0.011749503598062415,-0.012090612716821015,-0.012152861815361475,-0.01140925255166747,-0.010016530712201294,-0.009429704747338116,-0.008788459320482262
2023-05-03,-0.012087156582438582,-0.012054547635266049,-0.012136800581246476,-0.011600839488219968,-0.010283944372026057,-0.012615382845988603,-0.012353940058271477
2023-05-04,-0.01303288851143385,-0.013052478564020992,-0.013667959354786643,-0.013958116073463511,-0.017988642357676457,-0.012294935208581617,-0.012147307640874006
2023-05-05,0.018265676750464414,0.01812214933925492,0.017577725623763606,0.017039856918214094,0.015382952799263794,0.02165560136309595,0.02223670786169543
2023-05-08,0.0017757328770990756,0.0017967690502673319,0.0005256245806535101,0.00029632306060417844,0.003157288683386045,0.0024403909950019825,0.0024716414693410323
2023-05-09,-0.00605584793310939,-0.006168534236023628,-0.006885530658197263,-0.0061045080912283545,-0.010265529474633635,-0.002185389897573756,-0.0014686967010207157
2023-05-10,0.0018574065880902278,0.0017905456040903916,0.0010016584542524712,0.001140558047278622,0.002027960720010284,0.00078464254252746,0.001061275274270931
2023-05-11,-0.006673378783773207,-0.006492884023076578,-0.006789236342314166,-0.007521339632061789,-0.00995134415271286,-0.006691251219972786,-0.0068136201569900376
2023-05-12,-0.002361205134733051,-0.002322223230134924,-0.0018299268434803005,-0.0008529229828453152,-0.004212673913669418,-0.002909944601802323,-0.0027198914598619787
2023-05-15,0.02515911207841764,0.024928921092212297,0.02465332974911358,0.023683387833513748,0.016176074182307484,0.023434307022214274,0.02353601090052202
2023-05-16,-0.009815471650390558,-0.009801779703450322,-0.009628676754237753,-0.009462761427872697,-0.0112912909025509,-0.004443486545368791,-0.004054245082640526
2023-05-17,0.02217755763007531,0.02220995574462738,0.021491910243446023,0.023997376124812522,0.02417516272043864,0.018968205394882153,0.021226764313304725
2023-05-18,0.020748799577938164,0.020839573599839775,0.02025321017967356,0.02254554751553387,0.02295956306454345,0.019287140840561604,0.01917384985965111
2023-05-19,-0.001739420082874082,-0.0015772261344445429,-0.001208077918775256,-0.001592796097947059,-0.004704350577062194,0.002029062140442314,0.0016739759723004236
2023-05-22,0.0026018322583784823,0.002337028520965041,0.0021185691588755944,0.0018128016256630814,0.00789012656924726,-0.002791852891506817,-0.0029191556628535087
2023-05-23,-0.012663762908520402,-0.01225991222505394,-0.012719098123552396,-0.011206281054291745,-0.011706878281067838,-0.01123065285211682,-0.011606318761489449
2023-05-24,-0.01917756810698766,-0.01905606985681011,-0.0190111416023649,-0.017720707665094017,-0.036870853397069,-0.007364686047949799,-0.006664120172838803
2023-05-25,0.02253212387124345,0.02227000075332292,0.022389337910670562,0.02209790029022383,0.012124798127750951,0.02992437217941593,0.02946685833338275
2023-05-26,0.027958480018057428,0.0279929412499476,0.02753726293451897,0.02733637251293645,0.0349956312436087,0.022561752372599927,0.02089596549888389
2023-05-30,-0.0029911948294209976,-0.003176191448577481,-0.0037958729244015705,-0.002202503381223288,0.0020926422047104955,0.001478665177477401,0.0015793800959645302
2023-05-31,-0.015474386030783393,-0.015862740676680552,-0.016207009658324438,-0.01517901610568805,-0.0028642705340452845,-0.01821784557173337,-0.017041867801104317
2023-06-01,0.01309024216948784,0.0127631800890662,0.012294761498846495,0.013183014559453666,0.012907110966795482,0.009100353426395496,0.00926882826356879
2023-06-02,0.01414664805378835,0.014334922913880556,0.014490748461345137,0.013879319845927681,0.015526986128752408,0.01318021570580565,0.012170813684354615
2023-06-05,-0.007806333201807335,-0.00760951578398345,-0.00800444878009672,-0.007601294676700484,-0.0052427168321617776,-0.0073905871039406735,-0.0073479297265872864
2023-06-06,-0.0012975934174631334,-0.0008050550349106454,-0.0006073800878758577,0.003954270093431343,0.012397874483914557,-0.0031810971326895754,0.0016714670912955573
2023-06-07,-0.0027953443966347137,-0.0023694862125002093,-0.0017453614988296525,-0.001685772061328697,-0.00592078208256015,-0.0010727412645218871,-0.0021566365885181066
2023-06-08,0.006426816079436159,0.006208887966597058,0.0044449835362570765,0.0055969759584440695,0.007594271752593863,0.005084964240840406,0.006160293721810549
2023-06-09,0.0029687801747373898,0.0030880639824351543,0.0035071630178988454,0.005315089282089767,0.00629165804123911,0.0034396657845276292,0.004440868952086641
2023-06-12,0.020971435722015562,0.02093175187055376,0.02039026630801655,0.02178694207137195,0.024662848208840543,0.016472501908082804,0.01690701665735689
2023-06-13,0.01588894584379517,0.015637431614042862,0.015300299787707994,0.013496059112397074,0.013597981326749529,0.012384674820397672,0.011628730151822891
2023-06-14,0.010085866617198408,0.009917184615784476,0.010226005151174146,0.006257660093946793,0.011502791518619306,0.007021032770423147,0.004722856338740446
2023-06-15,0.009643725245186835,0.009588713619229796,0.00913091810760759,0.008233896439263646,0.007828064611596413,0.010195928256898171,0.010552334534529112
2023-06-16,-0.0058922853683322195,-0.005965680606079571,-0.005857142554042279,-0.0048525474348206895,0.002784552119232316,-0.0018919467995914805,-0.0020935344464066996
2023-06-20,-0.009817358383517324,-0.010033466905364493,-0.009903347880437393,-0.008798965888771835,-0.004185833728116509,-0.00805659230918922,-0.007365423766023942
2023-06-21,-0.014412978394031111,-0.014446746962607407,-0.01401522096764012,-0.01330130592747854,-0.024395171996793835,-0.010890860962068101,-0.01004494602783881
2023-06-22,0.0031086875648823698,0.003038863047816817,0.002852344628255855,0.00335628987771737,0.007698620758697135,0.005830824269017269,0.005854983010564379
2023-06-23,-0.006488672222114042,-0.006655713078218433,-0.006340534785916315,-0.0062330618671076945,-0.010702227081171961,-0.00775221866511425,-0.00766422040560542
2023-06-26,0.0027286948390592507,0.0028819388195230953,0.002910361693299924,0.003135010994507348,0.003974021840581502,0.0015525982258427805,0.0016030231089010116
2023-06-27,0.02331375778495242,0.022928637134027444,0.022047453168512154,0.02407942118489681,0.02363237041707414,0.019586712061148058,0.019967365438341857
2023-06-28,-0.00406578897215194,-0.0037257780804953624,-0.004432234333359266,-0.005329158900431089,-0.004535812388650434,-0.003493263349304941,-0.00325077012591237
2023-06-29,-0.00044729334062733073,-0.0003500681155590689,0.0003227554373755494,-6.385932129536267e-05,0.0034198090402603886,0.002316452792476625,0.002017702000848363
2023-06-30,0.008497750407850349,0.008504340073370057,0.008437885941654233,0.009735185290878879,0.017187605843211884,0.005665521659132347,0.00626002851495173
2023-07-03,0.0035172452227252744,0.003264636554644343,0.0032213016956095125,0.002119852207667213,-0.00230215400279572,0.0017326596044984004,0.0017598979816184396
2023-07-05,-0.008299491912810096,-0.00812586303567972,-0.008407814391109077,-0.00877464363099335,-0.009505763851383697,-0.00808163855157087,-0.009363880816003629
2023-07-06,-0.010674712302136761,-0.010715552273220073,-0.01042494816434592,-0.01052530313594544,-0.015256893993159801,-0.008269121555899319,-0.007731079727683224
2023-07-07,0.0029729749603849345,0.002986507709908983,0.0023158779132717317,0.0014882629954374807,0.004183489520131035,0.0021923761362413387,0.001205285392847495
2023-07-10,0.013551724823166227,0.013329704865648221,0.012606424632390638,0.014572277717351194,0.021049570405922265,0.01049560809166708,0.011979829514714053
2023-07-11,0.009813056821074105,0.009549427075867534,0.009366307187794501,0.008565149103045974,-0.0010953816819999844,0.014939827403289061,0.014252169989343843
2023-07-12,0.011164138738663185,0.011055760551709575,0.010893443871822195,0.011585784283777018,0.01178877960548252,0.0007740163879376896,0.0008050240008163243
2023-07-13,0.012665474461229044,0.01179123829929672,0.011701108935397246,0.01138773736150582,0.017385758419761727,0.01329937439460232,0.013410799564421906
2023-07-14,-0.009345760243093294,-0.0093408005968127,-0.009209036910792268,-0.00641108522216015,-0.012183111467561115,-0.007979198309946606,-0.006072936456703348
2023-07-17,0.005298643869580497,0.005116643451204986,0.004994160560346454,0.006448453099907904,0.01488825798494423,0.004163959453257938,0.005297867243219549
2023-07-18,0.008323072448744627,0.008532569533709894,0.00840876175513681,0.007725761778881502,-0.0026645724105748138,0.00572523905829588,0.005387922362103959
2023-07-19,-0.00036654977376304764,-0.00048452742837930144,-0.0015347948269127055,-0.0018763429291681769,0.002189042920332853,-0.0006630140640517269,-0.0006488732368966974
2023-07-20,-0.01020119143616369,-0.00967494591082921,-0.008858969205740622,-0.011110454890575959,-0.023128943332470148,-0.006302849100558306,-0.007817975716888826
2023-07-21,0.00238077460559614,0.002559296627034278,0.002529016863457505,0.0030445057167190637,0.0076914336266177925,0.0020209678030378183,0.0019611680326011255
2023-07-24,0.0004578526383957241,0.0006916296903269704,0.0006967188014427319,0.0008333736215089181,8.661924424551676e-05,0.004495446637953238,0.0045095090870208325
2023-07-25,0.005436354687719516,0.0051621111811683525,0.0052345542578539385,0.005441419718824157,0.013142725608978873,0.006693098432120607,0.0062722046990074665
2023-07-26,0.0023124307237969367,0.0023217946020945212,0.0023917253356315095,0.0029051083109993955,-0.010226783368382076,0.0028427625496846706,0.0030068120817522285
2023-07-27,0.013017809056214155,0.013214654533528599,0.013138809057420413,0.01205203345817607,0.008820231917958023,0.010579308313282985,0.00933492357048164
2023-07-28,0.015167579286232281,0.014860787445371544,0.014191854922677922,0.015054783482144304,0.018180975367535705,0.005554204590891901,0.006553690917687144
2023-07-31,0.008616599358711381,0.008572257417256878,0.007938273668001861,0.006713449310354281,0.00771629081782451,0.005737782656946408,0.004674310834445795
2023-08-01,-0.0019882948095674416,-0.0017340473813128887,-0.0018088504147989494,-0.000858391820070901,0.00016625401627439683,0.00024327673584758223,0.0005466035706763777
2023-08-02,-0.02222970984215096,-0.02182933318229482,-0.021656155007377945,-0.023312432522663528,-0.02079464550206437,-0.02659527908853644,-0.026718931231109265
2023-08-03,-0.0028649588894371055,-0.0022042906791543055,-0.0020442765910344243,-0.0011725218619240939,-0.006590071123020461,-0.0032133190536646834,-0.0027885959087139045
2023-08-04,-0.007218704962847731,-0.007314590315445812,-0.006917869304975134,-0.007913860435209405,0.00037405095346779274,-0.0003208597607692196,-0.0007277548019644428
2023-08-07,0.007274411319324021,0.007272444628472421,0.007393910831130278,0.00798226633259618,0.00893463086011379,0.00810028594471498,0.007982127036158422
2023-08-08,-0.010573523901017373,-0.008510364125958575,-0.007879082564780917,-0.008315057464518577,-0.010871483071758517,-0.0049402078239546175,-0.005405213690797346
2023-08-09,-0.01040138005809734,-0.011991125937083204,-0.011462178045730872,-0.010578934711441699,-0.010284515417945176,-0.012108207987773604,-0.011509382559117229
2023-08-10,0.0011239719123421013,0.0007614108167365246,-5.177269586079214e-05,-0.00012478733295215953,0.0013266658798977325,-5.3971203669499006e-05,-0.0002552727114809571
2023-08-11,-0.010003018655575215,-0.01110183278563869,-0.011146356400923174,-0.011490767270301733,-0.00985136428017206,-0.009952845120848106,-0.010441933602552618
2023-08-14,0.016543031158840434,0.018488503006970854,0.018302548066503558,0.01861261144313793,0.013588041671745703,0.016610590032136704,0.016482081693989077
2023-08-15,-0.01705250220889518,-0.01836034658626093,-0.018336274970490368,-0.017940674953520256,-0.016610201628239094,-0.015283705080120917,-0.016513323458861442
2023-08-16,-0.010296436848351256,-0.009822104394900895,-0.009744712170270519,-0.009766771551438489,-0.04108503045629797,-0.011014034606146401,-0.009714090310350537
2023-08-17,-0.004541233691027357,-0.004777191903978721,-0.004398602846858013,-0.0067248472220983405,-0.007259762271129814,-0.0011225727168692704,-0.00204164092890673
2023-08-18,0.0006603612101860031,0.0010318662094622195,0.0007941386240971131,-0.006929252640451245,0.00497513423950943,0.0008972810195892201,-0.006356873155228209
2023-08-21,0.010817071421358482,0.011597561562965208,0.011391709825515836,0.0124014455800363,0.010294537200912439,0.012696432483427078,0.012915249496413738
2023-08-22,-0.0019285131149604003,-0.004899581000247404,-0.004969782116713815,-0.004497657715572973,-0.0017594672445681294,-0.0034659428092610666,-0.004317726828247034
2023-08-23,0.012630389997804014,0.013610188966732125,0.013373230423031521,0.0144807320432195,0.013387702501394618,0.014596382408484722,0.014678071991252728
2023-08-24,-0.021156779085454328,-0.01997040636126586,-0.01928642047811534,-0.020232638298334642,-0.020301194238859115,-0.018691793339009857,-0.01848364763549944
2023-08-25,0.00963716287630601,0.009376197666313642,0.00891217842950459,0.009800834895071267,0.01867709627428383,0.004460124620941901,0.004559484725018981
2023-08-28,0.010848969739597052,0.012791583306747017,0.012480779506846862,0.011656761622331136,0.007565248203377647,0.012130693491110468,0.01154570677601009
2023-08-29,0.019277585595704947,0.01975059935328408,0.0192408591689491,0.018919006035839164,0.018472374850655133,0.013970049166376368,0.014169883708674228
2023-08-30,0.009069884261084689,0.009632546782171413,0.009165683860875998,0.009156083039774684,-0.00043733917342088645,0.006095416563816105,0.0058740094536511925
2023-08-31,0.013276123055758253,0.015423143846863932,0.015464606076939839,0.008597967498842143,0.004365767099925766,0.01594558472267822,0.00898521304591536
2023-09-01,0.005354952889352629,0.005254257821940335,0.005265008544131932,0.007847720651650902,0.00828963074914013,0.013863130037007957,0.015615701523656083
2023-09-05,-0.00328861291117016,-0.0012936608876602438,-0.0015412688735606344,-0.0014376081109266207,-0.0033922330399839386,-0.003982548097618555,-0.0031579775521560238
2023-09-06,-0.003544753772146354,-0.004556706827692994,-0.004573471990814896,-0.005218547417446515,-0.0019355207037512286,-0.0021643502883343,-0.0031973948681470916
2023-09-07,-0.01622947552702999,-0.017025133678638543,-0.016843913622580583,-0.01716658655325666,-0.015943027509059342,-0.015215872071906653,-0.015463826817167346
2023-09-08,0.0012494067097376413,0.0015815213512308378,0.001689174265961052,0.002108773805347574,-0.0017035813524092713,0.0010016741250080843,0.0010784599943746626
2023-09-11,0.003605321842094426,0.0018986412485735684,0.0014609578725203408,0.0012792593379761285,0.0012258710185674524,0.0026250990278395086,0.0020710418998616093
2023-09-12,-0.02047054083010546,-0.021636666940678173,-0.021326292054417946,-0.02212177427150257,-0.0035216316402859713,-0.007998051075367529,-0.008386023103283928
2023-09-13,0.005659824074126522,0.005808826054624227,0.006086221438782222,0.006061602910569835,-0.0015326456550333212,0.004371111953309697,0.004592137275460637
2023-09-14,0.010742726243089126,0.010753811751589544,0.010467941601591459,0.010228410809021933,0.011933110037196546,0.007014732592445559,0.007067161318942555
2023-09-15,-0.016988939505992718,-0.018467362982377833,-0.018117745920588697,-0.018627231219720347,-0.01784061397616646,-0.02051593460823928,-0.02030705278032584
2023-09-18,0.0009710279726427872,-0.0002552346504701732,-0.0002893648284652092,0.0006141657364730619,-0.00010749338428960457,0.002437585650678319,0.002373192848094712
2023-09-19,-0.0025592862992314305,-0.00242281981213225,-0.0018646534733679607,-0.0017444478578553502,-0.010138210091834077,-0.003476635453064518,-0.0025321354231791077
2023-09-20,-0.006766331663644621,-0.00615780573224803,-0.005617280611280207,-0.006394211164723299,-0.009804145551264179,-0.006637047219030263,-0.006806530943381205
2023-09-21,-0.0212680744515897,-0.02277971753532435,-0.022576155737334683,-0.021379092400221126,-0.01947134277754308,-0.022628551038141927,-0.02213647670196502
2023-09-22,0.0021562494589604103,0.0027405563632808354,0.002835284711484445,0.004446834495953567,0.012825324824746803,0.004413284085423789,0.003986678152141519
2023-09-25,-8.226997485108218e-05,0.0003947675266949092,0.0006369419997877214,0.0008611874291506316,0.008332576250555833,0.0016742199846305548,0.0016185456124975478
2023-09-26,-0.015604727612413586,-0.015758418657982422,-0.015805594229062615,-0.01423127873403596,-0.01283792934121971,-0.012685320582499566,-0.01166676782267026
2023-09-27,0.0023254959694786,0.0038729911185184417,0.0033459641890967507,0.003066400338908811,0.005487188093673272,0.0009188985034103226,0.001299883506599491
2023-09-28,0.0084720273208178,0.008669066143674391,0.008556106652306016,0.008362265947912435,0.0118881879867995,0.007230676685182754,0.006843477959088061
2023-09-29,0.004838180700361014,0.005420405030139004,0.0039677429694640045,0.0033280953429007712,-0.0041174145571846055,0.011612313696450738,0.011527617506742353
2023-10-02,0.002925487979044537,0.0036695688739938606,0.003945527198060508,0.005029977939013819,-0.0008334795886157411,0.002667409639870587,0.002788963111380765
2023-10-03,-0.018058033427801583,-0.018209104408680128,-0.01693055693148045,-0.01770984171223357,-0.014943682274289794,-0.012119074998133902,-0.01153748977025603
2023-10-04,0.005569668355158257,0.005966939371784758,0.01046190989938979,0.011485622792331424,0.008015020105583125,0.0062470807298809095,0.007050586471223541
2023-10-05,-0.001983212346127868,-0.002231323973480704,-0.0001302801196776592,0.001950006176750552,-0.0022239593651957636,-0.0026036636535201256,-0.0010120473836883115
2023-10-06,0.016391432770829408,0.01764103395333157,0.017558667586122838,0.017315685412766756,0.015164252008989578,0.014916007916390916,0.014589079037181143
2023-10-09,0.0005580081113630296,0.0021845358250285134,0.002218833587288255,0.0024699180412909427,0.006671260359656873,0.0038111930064514098,0.00408474876934278
2023-10-10,0.010956104614877164,0.010716528390157782,0.007591110828556004,0.006785083062834268,0.010107703410745128,0.007125027759380609,0.007315433657048692
2023-10-11,0.00547136506182604,0.010366973544247166,0.008526284377248294,0.009035321099445439,-0.0023718608578168266,0.010638661645836763,0.011107143512088061
2023-10-12,-0.004530276955716522,-0.002664968996145473,0.0029432766103508782,0.0008992548981216091,-0.0024196180250852352,0.0021835592028052503,0.002123452652402663
2023-10-13,-0.01557067807296396,-0.01775556566736043,-0.01710467276648063,-0.016291154332437788,-0.0112194366888224,-0.010945279061204963,-0.009457113360563367
2023-10-16,0.010218202848458589,0.01144525501596421,0.009661111020367843,0.009986701804413143,0.010285405350577165,0.009596262516935537,0.008810231718392895
2023-10-17,0.002292853787469741,0.0009424777156807925,0.0014229288772508477,-0.0006243257829927929,0.0021369470688063323,0.0023898575846606042,0.0011036416559274806
2023-10-18,-0.015456722666564978,-0.016508842962563306,-0.013837663188707472,-0.013232406394288462,-0.009592241893443439,-0.009389673189423832,-0.008921937009537258
2023-10-19,-0.011396108442712344,-0.011898512214781425,-0.014996476683561534,-0.015257667678465935,-0.00936116820591801,-0.013488104837089607,-0.013852564610121023
2023-10-20,-0.018506241550150224,-0.020728999530975067,-0.018393333237539968,-0.0186133934115163,-0.01862180215344165,-0.01103800953689624,-0.011115365348811194
2023-10-23,-0.001352601622079557,-0.001351724068022433,-0.0004744732738114508,0.00033512415675954394,-0.0068217508761312575,-0.002165517069618266,-0.0016456562168339903
2023-10-24,0.007644699238115896,0.00847431246923516,0.0076127653212054855,0.006092190437045819,0.003979494310751834,0.011054732642793864,0.010336517903174459
2023-10-25,-0.02849515107803179,-0.02996603154844882,-0.02896631575181288,-0.030086491588216357,-0.026681119832379654,-0.01896679646309943,-0.018954312324409323
2023-10-26,-0.010034249556080156,-0.00950664068182419,-0.006075729892857314,-0.0067172348604219705,-0.0025730347431404147,-0.015735354637279753,-0.01588167625002025
2023-10-27,-0.0017795867398600312,-0.0013796445824257302,-0.0007895266545148768,0.00032444157228820973,-5.4336076043812106e-05,-0.0009637621112924825,-0.0012346159811750985
2023-10-30,0.013062810908600777,0.013359590908698035,0.008661354738134373,0.008904885227220244,-0.003094228658242989,0.011923851970043382,0.012048252405810514
2023-10-31,0.010402881261902792,0.010907869165346414,0.012361172288494513,0.011728297209277143,0.0123602783913761,0.011393893383766746,0.010972543913641284
2023-11-01,0.009761997053695052,0.009965896599856354,0.013198279710997116,0.013491264351634648,0.005478292155330558,0.01389452334760688,0.013245705454209594
2023-11-02,0.02633044034906068,0.02724112909445342,0.023795868469852276,0.024883416742826885,0.030591377159340176,0.02330126206837305,0.023520240657212813
2023-11-03,0.01821001671117023,0.01923116460756365,0.014530147489508285,0.01357236075134123,0.012277105883274277,0.012267662753188927,0.01192690581644948
2023-11-06,-0.0029531198468863242,-0.0044427082678850345,-0.0032072803086330122,-0.0023341919386322602,-0.0005163125056828494,0.0003852243974108475,0.0005292974250188924
2023-11-07,0.005402818060205445,0.00695356985639467,0.006763320998006158,0.007288097362096236,-0.0011630161379407062,0.007956499323961719,0.008641123869405397
2023-11-08,0.004769894693475699,0.006200836269242099,0.003890177805508558,0.004569467921030727,-0.0006575975312935005,0.002284017850378215,0.002137995648741597
2023-11-09,-0.008405844509071739,-0.007282223052187331,-0.0013151155836347117,-0.0024851606236351085,-0.005515853896239274,0.0002531663861383192,-0.0007703836802857397
2023-11-10,0.02593832015641077,0.02767186675651569,0.030433592643806687,0.03036936855942715,0.023012836607108417,0.02326862214597338,0.02324807238462804
2023-11-13,0.0003179426833340664,-0.0015714408106661084,-0.0033426023790233566,-0.0035738049132204353,-0.0004471697518600668,-0.004208539269164501,-0.004300252332224962
2023-11-14,0.030880393718763936,0.03325300425465239,0.030460166568222986,0.03117401559319691,0.022790451656868008,0.022675927661797424,0.02264780761522082
2023-11-15,0.01134985830294183,0.010304146917184993,0.007815853841760045,0.0004719875766243638,0.00677801259421244,0.0005323549272005062,0.0013314422173772956
2023-11-16,-0.00750997800436476,-0.009764786963876284,-0.0068663332613786415,-0.004667594483348212,-0.0027217475531673614,-0.007248358071324629,-0.004977044985743845
2023-11-17,0.006229460616938468,0.007242144399035555,0.005837363972010741,0.004999657286268292,0.009610429938976983,0.002133308487787205,0.001176437904386246
2023-11-20,0.014646439619131058,0.015345145806697522,0.016754526739007194,0.017868332383112254,0.004428186609587885,0.01502765691453377,0.015946013741152197
2023-11-21,-0.0048143137609645585,-0.010128554874811232,-0.007616575608322881,-0.009066765045235072,-0.006601864714114741,-0.004129392917805362,-0.004844057462711008
2023-11-22,0.00306991175092664,0.0034797122327653203,0.0025483897039414263,0.00352796783511996,0.0052191941185709195,0.005047210652815817,0.00525361259697012
2023-11-24,0.0031384667050561106,0.002569378331814559,0.0024854555893595695,0.0021546438650690927,0.0030339073807379457,0.0010827996102752218,0.0008297463216012094
2023-11-27,-0.0008866617849627247,-0.0010825637593769944,6.906973443345222e-05,0.0012735157352580637,0.0021573664101149316,0.002398773690195495,0.003439052344245997
2023-11-28,-0.0012434690391620597,-0.0013641769118301545,-0.0023649468033236695,-0.0023045571071129986,-0.004805137824853644,-0.001233993401243454,-0.0013053225746180324
2023-11-29,0.009245847623235402,0.010253122628721465,0.007593463361755894,0.008062871392772867,0.000928941432849431,0.008839428634010481,0.009187156220084118
2023-11-30,0.001740670881049508,0.0015976187684952816,0.0029859233131031356,0.0013170792165594167,0.007054439379824905,0.0016714251161794793,0.0006041710320070844
2023-12-01,0.010731261026005589,0.010684174091037797,0.007841916737395387,0.008025794046055223,0.005754062518114893,0.005021544598195971,0.004693968097421786
2023-12-04,-0.006992823458833306,-0.007232100978679503,-0.010356619486913358,-0.009397986773237476,-0.0014015746688491577,-0.010231755437617125,-0.010342693750940242
2023-12-05,-0.005322191052277976,-0.004687472419596157,-0.0027290575074468536,-0.0012694982912690163,-0.006694995040422105,-0.001100160651550114,0.00014036100286723976
2023-12-06,-0.005790535121371121,-0.006616707155847462,-0.006889462145273764,-0.005616529704081032,-0.006694459160275291,-0.006270981081009685,-0.005537378443804221
2023-12-07,0.014786547337655012,0.015504836550964157,0.013039107848638072,0.012053957438614895,0.013412617252877648,0.009179272011150083,0.008879488426223502
2023-12-08,0.004112906985632215,0.0045600036922409885,0.0014970456222398783,0.004379103786615526,0.005563762692328876,0.0045866887928970165,0.007530206882090131
2023-12-11,0.012368691763100667,0.013345252717693502,0.016296106345904615,0.016892455999763863,0.018254213424460312,0.014930447178449099,0.015312841454096565
2023-12-12,-0.006933078977518594,-0.008270065443903223,-0.007726450996545319,-0.004826324439241742,0.002281001526394356,0.006611724937711285,0.008944874513397169
2023-12-13,0.01587738774997949,0.01491097979082022,0.013335369132542216,0.014052747800963685,0.009721872817392332,0.0088985666639889,0.00893329421094343
2023-12-14,0.0018767539061375924,0.0005563804992118682,-0.0023522321164924634,-0.0006253776440285413,0.02276771792148479,-0.0022269760435034863,-0.00061758576759622
2023-12-15,0.0010947227361248748,0.0021526066396391577,0.003102345957753619,0.005456147349087027,0.001754932727756064,0.0010469781738251408,0.002318059277245873
2023-12-18,0.002777405927095045,0.0025443198608270504,0.0019385151939316312,0.0022386383897099326,-0.0076476422320659225,0.0021012253739735704,0.002764370487971819
2023-12-19,0.00794429337372753,0.008878921525007698,0.0075122944581817825,0.006389938713099493,0.009023025286090362,0.006321638038093294,0.005804206494684856
2023-12-20,-0.020571000210578862,-0.020788508361995136,-0.021402231452159227,-0.021601011150370282,-0.019156698921666944,-0.01683672956377581,-0.017453141714438604
2023-12-21,0.012487257386721,0.012024549760064502,0.011921539913998608,0.011464712498597165,0.014579904831935168,0.013388979198576739,0.013853097817511371
2023-12-22,0.0023200718458607117,0.0024278197557370414,0.0010099300707571367,0.00028552498730191107,0.003948437248889132,-0.009514883022269494,-0.00984374393993059
2023-12-26,0.004314002294590672,0.004428903320778388,0.004970810567384993,0.0051568666420478936,0.009352409275743441,0.004651870306695028,0.0049719413151784264
2023-12-27,-0.0012284298044434082,-0.0018881266799729455,-0.0011910106543345019,-0.0018309783613680343,0.0006238063466759286,-0.0025239072405837484,-0.0025628521428428712
2023-12-28,0.00011434710951441412,-0.0003791283349617672,-0.0010283446427713045,-0.0023469394236276886,-0.0013492351627152465,0.00033397316653790017,-0.0007883714821392059
2023-12-29,-0.005034412877165123,-0.004853550428790386,-0.003159420035572965,-0.0032668651059630095,-0.003990018468070128,-0.002045450427911291,-0.0021566342360027943
2024-01-02,-0.01742216348415406,-0.018683462666200395,-0.019758219132526737,-0.021308644281387706,-0.01226980055359186,-0.01596475660121972,-0.01716693872422639
2024-01-03,-0.013244728143097089,-0.014195794922864033,-0.012159897310148295,-0.012562764533163703,-0.010353556359671197,-0.009841262085425913,-0.01059147598710439
2024-01-04,-0.0011123564963900908,-0.002539113942230096,-0.0034613195897844557,-0.005533855240201395,-0.012808424829418314,-0.0043056829950766885,-0.005829081948376765
2024-01-05,0.004046921354556086,0.003989017411402446,0.002755460451271546,0.0020545192015295776,0.0021219847484750393,0.0018030695088115305,0.0005902409933185111
2024-01-08,0.019159531966051364,0.018147656718479854,0.01928704025034189,0.01998869954129164,0.012902338218673533,0.019198221922042687,0.019537323017602845
2024-01-09,0.0023837297415331238,0.003189367879018045,0.0015782119125086814,-0.00042679650944035704,-0.0024108897009875664,0.004481338931120119,0.0034178335680617985
2024-01-10,0.008547302219561796,0.008605655333116755,0.008802863578376417,0.010253473924273344,-0.004883237306551303,0.010806456418093312,0.010653004735268878
2024-01-11,0.004146358850498951,0.00532143104868946,0.006332603193567603,0.006872322076179537,0.0025921863846063596,0.009839458162387295,0.009789938125557725
2024-01-12,0.001327313002434442,0.0007442800686056174,0.0023396007810119355,0.0012769727018847605,-0.0012432628523120315,0.0029332830799409957,0.0015852109725816776
2024-01-16,0.011300730897005982,0.013207101622546681,0.008012208574250144,0.007093093247493336,-0.004885057977127636,-0.00030465796526436714,-0.00157666726888271
2024-01-17,-0.007674698083633888,-0.007434106741776393,-0.006247558535491094,-0.006176629060337518,-0.010503963538297805,-0.004748685746652681,-0.005020896540146294
2024-01-18,0.01570205125877989,0.016906246899364333,0.018265454275411177,0.019593111562601705,0.015601809131193215,0.012387627631545117,0.012736823351776895
2024-01-19,0.017200131017421343,0.01881720395809343,0.02204453877297589,0.0216076437943189,0.017514832017385885,0.018924291659146893,0.018183657105625986
2024-01-22,0.005774667532902605,0.007212367867632874,0.006984146121876746,0.00646448881574312,0.007733024675543445,0.001073762655802204,0.0021450883313532394
2024-01-23,0.00035057510379717734,0.0004188124461045359,-0.0007579752475428867,-0.0005980608209111112,0.009592954757105256,0.0012949678150882328,0.0024080456547689887
2024-01-24,0.0014664913683118054,0.004197702685648397,0.006555473424858632,0.005951733646348432,-0.0045980277938975364,0.004349490153790541,0.003782488841308097
2024-01-25,0.007493788596613111,0.006724165952067887,0.007455691294908812,0.006537513406962104,0.002203046955052595,0.007550258557184177,0.007351927056416664
2024-01-26,-0.0050581683578640345,-0.005086553270311077,-0.008986161649928338,-0.008225938888936399,-0.006208081699072269,-0.0011455698418324934,-0.0006134803307958137
2024-01-29,0.011095247408713383,0.011800909872565952,0.008497901652992263,0.008704632206243111,0.011580515850706736,0.009814444156113877,0.009466947112732752
2024-01-30,-0.0024829613931047086,-0.002623448317148482,-0.0014625292959544991,-0.0016881018154989661,-0.001372546386171361,-0.0013413685038194875,-0.0019415620059325715
2024-01-31,-0.014062620500638418,-0.015806987717512884,-0.014817113714574942,-0.01613248032691931,-0.016340933192097798,-0.013056137224938208,-0.014475803192776972
2024-02-01,0.015763994561401835,0.01657513885041727,0.015510870509060973,0.014119596362651433,0.004134500152411024,0.013380543907231313,0.012783508087466875
2024-02-02,0.007232473699512239,0.008216431223764649,0.007829355188560943,0.007029809722374488,0.0033252921467816967,0.00754867043659101,0.0075903000043932925
2024-02-05,-0.005221190838249643,0.00011741615759912757,0.002284428370140345,0.003345285128330369,-0.004580469051699514,-0.0027298994869362487,-0.0025072154008528003
2024-02-06,0.005970000667595391,0.005919084987005086,-0.00893965636980492,-0.00962226381605219,0.0018494642610737313,-0.006611986583507996,-0.006719215191035088
2024-02-07,0.01959690004008501,0.019986602480316962,0.017842606291041792,0.017759887535145864,0.011221176373583724,0.018558813060634623,0.018439969228405014
2024-02-08,-0.011029791079380711,-0.007024773455361907,0.0056486928922847325,0.005902696595540109,0.011351616796187125,0.009143441069851684,0.009354647625675389
2024-02-09,0.010816853282034678,0.012307762257653085,0.012068451898700953,0.01230758617528865,-0.0016705250905043876,0.014829581352916846,0.014867500223126131
2024-02-12,-0.003604431521584117,-0.004545455295386535,-0.004794559398317299,-0.005516744024578341,0.006250287940285825,-0.004791208404602353,-0.004687676038789175
2024-02-13,-0.01927913116490809,-0.01873971458220718,-0.0159285399927165,-0.015772652879863815,-0.01564858406446841,-0.013564105247830036,-0.013367894136193284
2024-02-14,0.010277181726472198,0.011893389936686314,0.01080048599914642,0.011335688372878027,0.008596554282510337,0.01801692063667576,0.018112320014299303
2024-02-15,0.00044637515279502787,-0.0017557004864536725,-0.0008812821371068408,-0.0010442518697006777,0.019851907570945085,-0.004053680539818883,-0.004095404632729777
2024-02-16,-0.010315649205556835,-0.011920584872288535,-0.009923615944081662,-0.010840500290464272,-0.005643571235974675,-0.013102429680488012,-0.01301996477924119
2024-02-20,-0.008922602712783325,-0.011889111793079788,-0.010686892109283959,-0.011129009625545779,-0.012195189193171415,-0.011690481146340083,-0.011683711115348529
2024-02-21,-0.02675496179200656,-0.02912510344342373,-0.027783069643201694,-0.026934942834574597,0.006604449560814616,-0.029404589916891568,-0.02936974480439723
2024-02-22,0.024963933648829935,0.028078393823754974,0.02738242342918633,0.027846732899273845,0.022996818976206392,0.028804430779531758,0.028889044076792998
2024-02-23,0.005820800635616642,0.005398844575369757,0.005538131009081403,0.005191915181613409,-0.0037801960116256683,0.010001260654293541,0.00994603101304836
2024-02-26,0.00554277434823892,0.008705675742506528,0.010216592182599023,0.01050214351730234,0.004782009869110713,0.010169167378263675,0.010335782646700473
2024-02-27,0.009249366049798365,0.01064417889572154,0.010450167464729914,0.010249145048488327,0.0014084460369562838,0.0007052865911425496,0.0006556141444455545
2024-02-28,-0.001658021654765332,-0.0006522673894629288,0.0002943051834425511,0.0006721593562791553,-0.0019640538186196195,0.00027038578634347275,0.00025685481993223104
2024-02-29,0.008828756756852957,0.009091647731677073,0.00817321481725018,0.007942507759938234,0.011260115004309753,0.004015348420829067,0.003992324665993988
2024-03-01,0.01855599143074144,0.019822636761957713,0.019041276175903128,0.01879822642716015,0.013816569352412107,0.02634344480227033,0.026398135934651113
2024-03-04,0.007387353924770665,0.00590287113509449,0.002933669361936865,0.0037376482650820103,-0.005439660940831333,-0.001645241014432432,-0.0018418045470518167
2024-03-05,-0.009121834578233718,-0.009350246728220917,-0.009998002423311399,-0.016242879504889226,-0.003980951669116764,-0.019317573385175188,-0.01929870561992825
2024-03-06,0.00520359278758354,0.0026526080571408987,0.005255505734120173,0.004074486762861175,0.006098398443595449,-0.0008781853048760778,-0.0008053884272819871
2024-03-07,0.007143215830335804,0.008085192530993504,0.011089764495003478,0.011707706791831715,0.010605516276134961,0.006979276304776851,0.006997715956721062
2024-03-08,-0.014772001777084948,-0.015549539919497061,-0.017673829561824627,-0.01760458031998499,-0.004214066105076671,-0.011035209461077923,-0.011056752450493135
2024-03-11,-0.001013810060664883,-0.0018411136683057325,-0.000954508669000424,-0.0007565808559696489,-0.0009544713220123272,-0.0009401855235686628,-0.0010085945519861935
2024-03-12,0.021245906560508763,0.02366998853102364,0.024971162736004273,0.02543514357527953,0.006284347526672443,0.011425220224853413,0.011489683782082191
2024-03-13,-0.0038329546840237126,-0.003344004760205865,-0.004862947366629439,-0.004259666791014948,0.0025584935068728404,-0.0018469280296433477,-0.0019820135832733683
2024-03-14,-0.009551553173789291,-0.00898277292190931,-0.006144722356766618,-0.005852382457011038,-0.001689815317304616,-0.007473347888941897,-0.007406770703542965
2024-03-15,-0.01788826236245877,-0.01862923489754997,-0.018431548765609276,-0.01872704854898757,-0.00041102327792348186,-0.020065220762334825,-0.020101526176618627
2024-03-18,0.010218076501702986,0.011557626940542772,0.010640475972801888,0.009233641568248595,0.007494788548148496,0.005341360260093189,0.0052882605116448935
2024-03-19,0.0032073367325455844,0.004326533190062891,0.005639650619546789,0.006371708974110234,0.002492856940446843,0.008423459276322971,0.00841235141676687
2024-03-20,0.010220366820942996,0.011941945775773764,0.009077811149495359,0.008874700229357862,0.00881010631793924,0.0070418036341364605,0.00689473272085374
2024-03-21,0.007782319575004064,0.00919724226180336,0.007798802311698331,0.009037410645553016,0.007967790666123353,-0.0012750307987134878,-0.0012189869779295345
2024-03-22,-0.00360692360383618,-0.004097045861223547,-0.004949553986524476,-0.005053064484434145,-0.003121830486280236,-0.0132584536988852,-0.013316092486830793
2024-03-25,-0.0032952143835052127,-0.003017796945008488,-0.003726109754170262,-0.005791489625443678,0.0018662353337524874,-0.0026453230272777163,-0.002647082452043628
2024-03-26,-0.005229849356093375,-0.005941240824082655,-0.002527074386145175,-0.002932146861417474,-0.002497323569772076,-0.00044187533162287965,-0.0003269835933888131
2024-03-27,0.006547526959877395,0.0030566323710580694,0.0028573530281283204,0.0029693570173877203,0.005688187176221508,0.001345345307471764,0.0011033003765428197
2024-03-28,-0.0007548741956831299,-0.000518443787724258,0.001540051477519484,0.00047998312184248284,0.005850690633731185,0.003928536961243755,0.003898332027481652
2024-04-01,-0.0012686984836369518,-0.0016422751942912392,-0.0006305508446451273,-0.0029259445381659196,0.0038773059468904247,-0.002253415159962384,-0.0021908104318269163
2024-04-02,-0.012273488851353103,-0.010186046893997115,-0.010473763062229543,-0.010918593304802764,-0.005356436599431869,-0.009634711362998717,-0.009573376840065161
2024-04-03,0.0011660297096548198,0.0006759819355467893,0.001073262216187415,0.0006777787090995951,0.007630337161912511,0.0025623712854980674,0.0026767110373759786
2024-04-04,-0.01821332607030141,-0.019267888813457815,-0.01926387248530177,-0.01840434202300273,-0.011441428753986842,-0.015898253090505413,-0.015947578909502973
2024-04-05,0.006536797210814453,0.006716316469097298,0.008982279134980616,0.009061968759020112,0.0072644359256836795,0.010376347479555298,0.010337778636443704
2024-04-08,-0.00234659473780042,-0.0010216555312052534,-0.00023750927587165105,0.0009361250789314747,0.012874375990771033,-0.0030102592842833494,-0.003084764729079672
2024-04-09,0.007693304969069334,0.007698255493805387,0.006902122521903274,0.006413865043631733,-0.008283783618648304,0.005761787607433521,0.005637723301132122
2024-04-10,-0.013207918522549048,-0.01274126725889588,-0.010739050691951522,-0.012329468376600384,-0.019515650265008604,-0.009932884584427771,-0.009873218489229918
2024-04-11,0.005187793569004923,0.00547233602799345,0.007307515280380115,0.007062566830498443,-0.0032757932627290477,0.008248896021222623,0.008154085820856154
2024-04-12,-0.024005293663076802,-0.023126146857691314,-0.021586701603953633,-0.02063723370986193,-0.02015676142715642,-0.018182095429084257,-0.018045110612352835
2024-04-15,-0.014146058964523615,-0.016100450497467046,-0.013532165759683653,-0.013973004562139924,-0.005723950040131892,-0.011060435632595511,-0.011009772589164671
2024-04-16,0.004586590356352775,0.006869007047722342,0.00617310682141837,0.006125125673049808,-0.01486412079529774,0.006653263225045401,0.006700000611668601
2024-04-17,-0.007537835614295088,-0.007896766411327203,-0.010292326945795032,-0.011133058324502704,-0.003976848088886432,-0.006018484264923963,-0.006250109384298882
2024-04-18,-0.001270562634639121,-0.002226481518518135,-0.004559878712992102,-0.005184777640926531,0.0053300776907891,-0.0028886810174460053,-0.0027782155520868967
2024-04-19,-0.01448336837770275,-0.015522725648381308,-0.01497797144473955,-0.015191749620815324,0.01848528285744633,-0.012304440179376479,-0.012256960818520454
2024-04-22,0.009614607506123347,0.00917044034770549,0.007783792015789527,0.008064281042466091,0.019060138895040334,0.006357445097114965,0.006157887131951466
2024-04-23,0.01607992430365491,0.017250641812717505,0.017832227073590307,0.018238942386213902,0.013470856085368205,0.015758317484124897,0.015530566476369181
2024-04-24,0.0043649527438619756,0.005965612684829088,0.006859764567320689,0.006366411423919227,0.0007118926860482605,0.00028205575065805885,0.00031468360929901354
2024-04-25,-6.866886503917973e-05,-0.0001651518709829237,0.0009909825063999331,0.0011052758890595464,-0.005382104275029367,-0.0012766403414260536,-0.0011882035010028751
2024-04-26,0.015188174684925499,0.016047956955875697,0.01577876356578138,0.0163566371036996,0.0027555604931394887,0.01094389942904041,0.010970587460413456
2024-04-29,0.0033171913655697014,0.002135426732324656,0.0020860242700960403,0.0026992795538458765,0.0016083425275467238,-0.00022236761274200195,-0.00030551428281735287
2024-04-30,-0.014996487728987493,-0.01504340284594647,-0.017548234788606044,-0.01715529563665248,-0.017076029662601064,-0.016199054012762965,-0.01588577635563159
2024-05-01,-0.0114836241906418,-0.0133678615949999,-0.018204768219921397,-0.01731985952705651,-0.019392970815657256,-0.012373994085510744,-0.012509129068128047
2024-05-02,0.015019467445877533,0.013856217800757506,0.014429071943248852,0.014499187340304712,0.02177962486089016,0.015474650821160967,0.015723880787983893
2024-05-03,0.010079850912158789,0.010659334432959721,0.012313619751415377,0.012358862204088291,0.019071223986624364,0.01172558211630286,0.01171798875892134
2024-05-06,0.014359477954386066,0.015810799258370076,0.01845929568228397,0.018232272335359307,0.024201311999253967,0.015156932265144673,0.015072978694876652
2024-05-07,-0.006929058501936478,-0.009375565176497312,-0.004531632043546764,-0.004513563613007888,-0.008234165771896078,-0.0010148915830350057,-0.0011804424811218842
2024-05-08,0.001137445854287843,-0.0003024833546095886,-0.0014184073697799163,-0.0018090547183816112,0.0005402776815134297,-0.004381265940690105,-0.0044811892648467175
2024-05-09,0.002285205080270165,-0.0003466130088910144,-0.003760659204852742,-0.0038687411027280363,-0.006732552905449501,-0.004822319894853825,-0.005040027671720733
2024-05-10,0.0011518704644824418,0.0011789681374406752,0.003108506617315155,0.0030498042996564665,0.008110494981869675,0.0003124128570772669,0.0002569123367141975
2024-05-13,0.0013727196124303388,0.0018627376281868206,0.00039386841017163815,0.00045958830314163157,0.00023858661195044978,0.0026125915313647665,0.00247978751596736
2024-05-14,0.009441142991052032,0.008688470777469488,0.006293392114817884,0.006151792045210607,0.009535932539908991,0.0006461532350267188,0.0005474295158651693
2024-05-15,0.020392586504681613,0.017475332939606923,0.019821653004360444,0.019710359141188887,0.02355763329778595,0.016052867842631033,0.015784264233912493
2024-05-16,-0.0005914217379419515,-0.001580441624221608,-0.004426689377832273,-0.0042314432998840764,-0.0025840816457755648,-0.0010265077678911613,-0.0008111684099174117
2024-05-17,0.005154414439040202,0.0037077623997260507,0.000591429925777046,0.000666982829896013,-0.008497415939411206,-0.004187673469054831,-0.0040668859901833
2024-05-20,0.006231326223633264,0.009589043004986917,0.01181349316997819,0.011779816324676479,0.009236714692098498,0.007869916210606811,0.007887270824120636
2024-05-21,-0.007666476431437628,-0.008637382180587662,-0.005423922132526264,-0.005702902405388248,0.008512734678921002,-0.0007515485761759305,-0.0009578079744584374
2024-05-22,0.0015168433125850199,0.0006406968236172678,0.0027726627275490123,0.00288298232934229,-0.007179197171384882,0.0049416172067969725,0.005056469168779616
2024-05-23,-0.005222050329711125,-0.0026565597803688726,-0.0002553077913318846,-0.00028007720441495235,0.03906735870473467,0.0008384809733860504,0.0008781841936292538
2024-05-24,0.009045582702234675,0.005622939925540779,0.005854089586179288,0.0056151496288359025,0.01920654570224713,0.004313741182822779,0.004270172572592191
2024-05-28,-0.00322232969241915,-0.005649418730706243,0.0008618226744997564,0.0008443003122098719,0.031674246561373215,-0.004990680083822779,-0.00516815717620336
2024-05-29,-0.007696127247693132,-0.011608516470528065,-0.010976293162013267,-0.010880268634346537,-0.0012645194438374008,-0.00497725855821985,-0.004905810415980769
2024-05-30,-0.021464575936132442,-0.029212452201233512,-0.02798976134673139,-0.02796616640299277,-0.014701687245410525,-0.028265887557264495,-0.028349232407103905
2024-05-31,-0.006285317592301292,0.00463804510250127,0.004958912074705821,0.005089717490134571,0.0035415596168486803,0.007551937607011466,0.007717809288898076
2024-06-03,0.00740927178037274,0.010084020961129541,0.0006636281202134847,0.0009013168317460633,0.02153141294911423,0.00017946784161124645,0.00019282826211581083
2024-06-04,-0.003391494532488763,-0.006218983299039837,-0.0015936317152110322,-0.0012357366074593347,0.002824171079117744,0.004233637644069274,0.0042959397284803545
2024-06-05,0.017900308247549148,0.01954642066298896,0.01772763436935998,0.01764490800284916,0.027475071049578262,0.01688112293238862,0.016880681875477015
2024-06-06,-0.002966627393276704,-0.001463314364148566,-0.00264164265057842,-0.0024127000900330867,-0.00874833901378529,0.0005357234624229314,0.000668560842310052
2024-06-07,0.005594265868558809,0.004068789165880481,0.002197451038452916,0.0023007135758026246,0.0016281158496832288,-0.0007042953974054202,-0.00042874028024370134
2024-06-10,0.0074571439328957045,0.008841036860673257,0.007409888482447386,0.006911944731497508,0.005952781915828911,0.005998004101670202,0.005484899763888982
2024-06-11,-0.0016450627874361758,-0.0004146427948493462,-0.0007163280104495836,-0.0004884156365286959,-0.011343979539676183,0.0021053889601599617,0.002148145987010318
2024-06-12,0.024503272225420973,0.02509575868200325,0.02606906270862142,0.026088810604895114,0.022705031492758113,0.004393571704777815,0.004505263750706576
2024-06-13,-0.002277717754781609,-0.005004263700416687,-0.003353841137118388,-0.003360897507607576,0.01521237621171953,-0.0016763648935905885,-0.0017101171657244378
2024-06-14,0.0065413255422886495,0.009670250528339185,0.009843783345419506,0.009983891958612198,0.0040042740924625935,0.013469634065737833,0.013259096468306794
2024-06-17,0.013762196032569332,0.013993395647037055,0.011958031820412347,0.011984318023639612,-3.962651094626985e-05,0.007796034206696379,0.007955190413296748
2024-06-18,0.007324219147031641,0.005697790342076797,0.01040456445403859,0.010432458014203947,0.0214536781603436,0.0038527669294794566,0.003928428743480135
2024-06-20,-0.010565529551908995,-0.010093588540731708,-0.01071249014292482,-0.010768488688653374,-0.01770627639883161,0.003944854793847343,0.0037821460558100655
2024-06-21,0.00896492432337672,0.009743798105652944,0.005322143446018854,0.005530863803929676,-0.017094909855981198,0.008803943888318549,0.008926808243902419
2024-06-24,-0.012659821896999346,-0.011166878351067623,-0.015420203834559016,-0.015585921454418667,-0.026210448528359107,-0.009176087445637545,-0.009207580894390542
2024-06-25,0.003153302370076122,0.0037764045292762254,0.007223549674889049,0.007192936177098606,0.030537691201169982,0.005161668200531986,0.00503459212895693
2024-06-26,-0.0022939559950301185,-0.001031225154249703,0.0001460676460338113,0.00047512272736465345,0.0004282525115971713,-0.0010174459796398715,-0.00090008293946626
2024-06-27,0.011067774179259042,0.01422031742827175,0.012087071416686322,0.012265771587354011,-0.006643148138045002,0.007966513607491418,0.008148212286128694
2024-06-28,0.005257362746326484,0.006028997015762734,0.004802774406858478,0.004891490446055393,0.004239686205861343,-0.019831305169284167,-0.01990022097428446
2024-07-01,-0.002071672685482085,-0.0012308331483683516,-0.0025926994958832953,-0.002738715412635204,0.006093812985998497,0.0014899329812559604,0.0013910678900018456
2024-07-02,0.006140127895753071,0.004971988620936262,0.00421862552380667,0.004188770862066837,-0.0008025708720691412,0.0025742362985509853,0.002585303721204224
2024-07-03,0.0030829979944135932,0.0030187559151293904,0.005252303302012402,0.005077428171487357,0.01974821747539024,0.004267864728573262,0.004221775943468158
2024-07-05,0.0017100987861100585,0.004894858809061238,0.0024661491952569187,0.002583743757757165,-0.01367711065200799,0.002203653084348976,0.002127372862167397
2024-07-08,0.004362269732664884,0.0011374563398436218,0.0012147707253370968,0.0011889350248108837,0.010083665547549076,-0.002869245370550256,-0.0028142822084861853
2024-07-09,-0.010395398987068065,-0.011513547257570499,-0.007517462895764109,-0.0077126882888141545,0.018684766396429225,-0.005656071288469758,-0.0058190190520017926
2024-07-10,0.008798271467418057,0.004898067754503096,0.008309909999452665,0.008146470099946436,0.017859743250532013,0.004808594631987187,0.004683072348926064
2024-07-11,-0.003686877733197415,-0.0018888484885848267,-0.010370230387287911,-0.010272307253756705,-0.0222514852420616,-0.00912304149625764,-0.009020180265096538
2024-07-12,0.009891136206270487,0.011133539510511785,0.009977408587979714,0.010015732681495393,0.007266556421328547,0.010186588655271724,0.010388411241131814
2024-07-15,0.0008573761056320884,0.0024298244242177756,0.0016184579441027123,0.0016850734858090308,0.004483239949802946,0.0020727863535808275,0.002362894495185986
2024-07-16,0.01016781056858083,0.009977078809137613,0.009045927556028609,0.009121933700396736,0.002401270581539601,0.010271060471183348,0.010465392666890989
2024-07-17,-0.019455670099292027,-0.021191861961080832,-0.028189708108899987,-0.02809107922384993,-0.03176027558151081,-0.020456777784136713,-0.020412925041212584
2024-07-18,-0.013378845808406295,-0.014860862507654471,-0.00961584366209591,-0.009752419558832569,0.00454063879251101,-0.007701914411192677,-0.007615389589700951
2024-07-19,-0.007942343963916219,-0.003630351440617505,-0.0009101367732553832,-0.0006769775237320161,-0.011578493717286092,-0.002184573306113952,-0.002333377007706574
2024-07-22,0.005701979989562193,0.0034011532571957058,0.0172737969016656,0.017275769565166774,0.02919395214290139,0.018157698876785484,0.018303204029895742
2024-07-23,-0.0029783567821813923,-0.00013081476057711925,-0.0016927275115541246,-0.0016781356225381244,-0.0012988668868403124,-0.004508932191248299,-0.004305708378754779
2024-07-24,-0.02763500124167887,-0.024863989981965554,-0.027978561474823523,-0.02799699819536112,-0.041457885641794534,-0.02627483006786526,-0.026441420358944864
2024-07-25,-0.010636403603710697,-0.0037388341096456527,-0.001070857228211764,-0.001160922399401229,-0.011063648565205187,-0.003242018111868898,-0.003142317165964823
2024-07-26,0.01700529694689216,0.016533258170276996,0.015293656986137194,0.015011187272615616,0.007716568972162638,0.012242108582114001,0.012272822308929307
2024-07-29,-0.0007254775600210033,-0.0019284522821733962,-0.003006807503661454,-0.0028656791533146556,-0.007445219052907474,-0.0010615559763873668,-0.0009846613705302596
2024-07-30,-0.012592097066500375,-0.01031803384193219,-0.007131877378713303,-0.0072757996863030625,-0.0311840273996738,-0.0038376544873713037,-0.003519319175723945
2024-07-31,0.021519568358784543,0.021556971358282676,0.02945019053655232,0.029142004074540335,0.06182904982520628,0.022775218721695443,0.02238473251934051
2024-08-01,-0.02073191026376848,-0.017864693246742974,-0.0212688866815142,-0.020871380034362605,-0.046953483747901203,-0.016389810505646037,-0.01616425996645719
2024-08-02,-0.03936959165642112,-0.0288160769815076,-0.027744807879551428,-0.027170578228814832,-0.032517090142281935,-0.024072619712934566,-0.02367433859972782
2024-08-05,-0.028932734943824222,-0.028963643923493942,-0.026751971511689284,-0.02685619037918241,-0.04490694928861857,-0.02899791964702065,-0.029015788940265626
2024-08-06,0.011778252905765306,0.013921376705813414,0.013258787310189242,0.013163647189608796,0.030653308529070455,0.013939179995046954,0.01392487045891633
2024-08-07,-0.015553140106761358,-0.00705942436968543,-0.00984319410241892,-0.009791919756301263,-0.02747145601476304,-0.005022927430895351,-0.005013578509366574
2024-08-08,0.0400672245724747,0.02203502575885818,0.022618840077013824,0.02250024766246494,0.04108076891422253,0.01520783670318659,0.01516564702707048
2024-08-09,0.006525653128811346,0.007618966476648363,0.006872803761220517,0.0068460076377103735,0.0012967134715093313,0.007029593019931054,0.007068498678523399
2024-08-12,0.003943936275854064,0.0035902315801917732,0.0023112572336547324,0.0023267747359276177,0.016124343969672734,-0.00013686480145795653,-0.00020260526311483693
2024-08-13,0.024706187426494358,0.0193723029828745,0.022909554248165143,0.02281799625374074,0.03794944495446295,0.01855478731277417,0.01852013733983295
2024-08-14,0.005191484528379743,0.006211791607447049,0.00653366396071781,0.006450773899302121,0.011061260596231394,0.005643477194220456,0.0057043579353413575
2024-08-15,0.03069680004493539,0.025004051831556132,0.021173700713979112,0.02112351243151738,0.029786539783936125,0.024868142305695073,0.02474306277200317
2024-08-16,0.0038685400654305856,0.003946813963941673,-0.0009054109872603057,-0.0009516402359389652,0.008932120464108302,-0.0003943547194957428,-0.00045876322748754215
2024-08-19,0.008109758446391046,0.008103248826493844,0.008638273570077739,0.008583660459908353,0.02718642950177505,0.011394651252182473,0.011322542248909377
2024-08-20,0.008825951247848716,0.010610034163569645,0.00499413890992183,0.005160800379160249,-0.01538819541311601,0.004952129822806327,0.005076024540910896
2024-08-21,0.009784516102306937,0.007714151887601284,0.007147033086349519,0.007150905821375798,0.004738915852476347,0.006560082344962413,0.006556530196927219
2024-08-22,-0.01578378345851212,-0.01149225912511981,-0.014000092079893825,-0.013910636282764713,-0.015829355812315385,-0.012199939606959413,-0.012116388067058446
2024-08-23,0.01231613020482482,0.008323092930773272,0.007602633060982636,0.007461464799309357,0.032698474563727875,0.007462556747854208,0.007325584850268803
2024-08-26,-0.00439342800436492,-0.0028870715576618097,-0.0034873222445455116,-0.0036353124917629237,-0.009629113300371434,-0.0032223111429768923,-0.0032544603783797132
2024-08-27,0.004979730683648959,0.004637787635128324,0.004665234645027944,0.004706031982017821,0.010716962816606945,0.004306063668050139,0.004411100594069598
2024-08-28,-0.008720439996918817,-0.007112922281044219,-0.007149983584703931,-0.0071308865405549935,-0.009965537559747783,-0.008896740255193577,-0.008832151092517764
2024-08-29,0.0075277553500638925,0.0057023835330326355,0.0014244909802998834,0.0014237057271671752,-0.030786022513718952,0.0025407475716628398,0.002551225092929676
2024-08-30,0.009754487965595025,0.007249049879719261,0.008609505229672463,0.008662636485342773,0.014091869999848811,0.008075973605941292,0.008074803013149763
2024-09-03,-0.03311013738107042,-0.02319630501642314,-0.02564073952114805,-0.025230361001104925,-0.053521288333613186,-0.019635230368352755,-0.019396829245882482
2024-09-04,0.0015952576402174037,0.0012881195705255358,-0.0013754670442121997,-0.0014330337539625656,-0.012160555228870863,-0.001671632584005932,-0.001683501238676518
2024-09-05,-0.008948575849431458,-0.017296074164451045,-0.018090768551113637,-0.0180409993347812,0.001179807825558442,-0.01789468638899248,-0.017924514100888602
2024-09-06,-0.022878338390669033,-0.019217295467493078,-0.016095398072076404,-0.01600938986302568,-0.0315078311546787,-0.014150481966104297,-0.01401754294943183
2024-09-09,0.01123418603706993,0.008554889957246606,0.009944573406659607,0.009955799514097944,0.026353019339122704,0.009350466971840903,0.009405048046680811
2024-09-10,0.0029121830129425195,0.002961017756277294,0.003585295094435536,0.003855366671418519,0.0015347900334811556,0.005087087507394746,0.005105738091230064
2024-09-11,0.0146297699664366,0.011943952164379136,0.01369163897728762,0.01369540256299579,0.0416174853354158,0.011256687403805902,0.011267983506908733
2024-09-12,0.006177849183083232,0.006915233208788495,0.0041798942380297495,0.004202450169147556,0.009834725937978461,0.0056457883953917615,0.005707810603673328
2024-09-13,0.0027351992171090857,0.002059294047180675,0.0014693149308182467,0.0012375261462193121,0.003978115658251862,0.00026147592766156036,5.36961341585957e-05
2024-09-16,-0.0005554957988634121,0.00016519066759509553,-0.0027864501672081455,-0.0029264989380353504,-0.0031536244481579407,0.0007736390826282367,0.0007572782342879382
2024-09-17,0.0011476024150391018,-0.001117806659416919,-0.003983534726674164,-0.004218098262193543,-0.002736093911508354,-0.008634794082256425,-0.008725445577145855
2024-09-18,-0.004467632741863372,-0.003528789103887473,-0.007102827336232421,-0.007087267806558839,-0.010292579137752224,-0.00781808930975825,-0.0078085053425903835
2024-09-19,0.021384069104334692,0.019432108706233436,0.019089390273755284,0.018889674600873634,0.030794666618220348,0.01751108316725528,0.017465814052564418
2024-09-20,0.00805586395660311,0.01122644814853797,0.0045291731082063155,0.00395556221068939,-0.008345130947260032,0.00625776709064383,0.005643496810490093
2024-09-23,0.005797679719951499,0.004379491578159341,0.00570285607569314,0.005769391090809393,0.001315480419044224,0.005650456905257702,0.005627610026496341
2024-09-24,0.0008484253436677098,-0.0034961345815145476,-0.000648381413336575,-0.000601607852820903,0.019089568747075212,-0.001745585890954948,-0.0016574115009468547
2024-09-25,0.0006690697752883418,0.002511667728358015,0.003975515869214722,0.0038890991363375446,0.007078244584747635,0.0008077701454840243,0.000750048069709996
2024-09-26,0.017705838805893635,0.009005155116865912,0.01077816569348579,0.010699536043985913,0.007757649433128759,0.010949496532494989,0.010902297877744077
2024-09-27,-0.003042733800271794,0.0011942642623303447,-0.0016057529790656788,-0.0017107443062251188,-0.011367003323571368,-0.0021232063073845114,-0.0022456993325207187
2024-09-30,-0.0038083937521869314,-0.001510411219997826,-0.00033824425453243817,-0.0002304450175901894,0.0030971358824141504,0.002685876851266033,0.0027525881887338895
2024-10-01,-0.015833178257397697,-0.009866117978087077,-0.011372189811551097,-0.01142741224390362,-0.024019942227659206,-0.012037683921864746,-0.012118077029027369
2024-10-02,-0.0005640579711975742,-0.004919529047833315,-0.005258312500207153,-0.005369951980842089,0.009477020822112799,-0.001621868868987049,-0.0016423674551201757
2024-10-03,-0.004248488815317922,-0.0049379564107634175,-0.0039188724454748474,-0.004123041764213194,0.014193583115836881,-0.0020760062602687306,-0.002183860142922615
2024-10-04,0.010465547813724337,0.008396860396699417,0.007850865752831483,0.00764195184160043,0.020259520322005477,0.00874178508833005,0.008631933390324602
2024-10-07,-0.010641946488398713,-0.013173813969464312,-0.012216440306739693,-0.012152032236321235,0.009803941708314234,-0.014262745877930956,-0.014138068068216395
2024-10-08,0.01545696203857244,0.017587550371827042,0.019029652547195994,0.019108421282283787,0.021336162668677012,0.01852673158864569,0.018660791843773665
2024-10-09,0.013094804204983782,0.009623173774651994,0.010505175147460853,0.010631329198065002,0.0061138399604036,0.010571549572337677,0.010705262922224224
2024-10-10,0.004161354123083778,0.005215168166680818,0.0035652375085850987,0.003576656988021678,0.007524778384756665,0.005039130031202986,0.005020639029112833
2024-10-11,0.007238720965496691,0.005325347713756588,0.0038507477659939907,0.0036913932712240114,0.012617994543612863,0.002472048869997874,0.002476368066617171
2024-10-14,0.007318028404357028,0.005519896368668124,0.006989456268170504,0.006874966953175214,0.016372656940783995,0.007832298874406876,0.007818733625868103
2024-10-15,-0.024142613619212265,-0.0065247717925039144,-0.007778381755006581,-0.0076490634621893695,-0.01916882730386025,-0.004488968430148761,-0.004323503349984578
2024-10-16,0.001308492865403687,0.0034227553960657175,0.003208767456642604,0.002824563537739006,0.020977267935470216,0.003658893103293941,0.003343068930850424
2024-10-17,0.0005796753784948358,-0.00012053846238064148,0.00016689150287556336,0.00024196987660300728,0.0037529292953108924,-4.568900623711436e-05,6.619301050743293e-05
2024-10-18,0.003234001261683188,0.002892552680971838,0.003420881960832147,0.0037074767048590326,0.002714163614929927,0.0029637184053266093,0.0029206483181140885
2024-10-21,-0.003330451891791038,-0.0012171114322896924,0.0005083797272721152,0.00044766954247748544,0.014256258700767271,-0.0008796482286746244,-0.0008458368415843183
2024-10-22,-0.005005493234042517,-0.004106385373917699,-0.0033278760507883826,-0.0033173224087604393,0.0029454965774068516,-0.0033116230390335577,-0.0035435682702223154
2024-10-23,-0.009861759968513054,-0.010135291439169091,-0.009383074500669698,-0.00941108950724329,-0.013308473157584601,-0.010795006382589623,-0.010797952466338958
2024-10-24,0.0018058069012419763,-0.00020294909276016992,-0.0006477532699890628,-0.0006919104606274047,0.005839113883096195,-0.0007008663370134464,-0.000922570407630802
2024-10-25,-0.00031878517455056663,0.00046107850791574285,-0.0005215617615156328,4.5667918438016986e-05,-0.003832188764643404,-0.0007843896230134552,-0.0005996704784043884
2024-10-28,-0.0021232361097706693,0.0005928118229986604,-0.00014446116973599514,-0.0003982399037166756,0.004318409225080024,0.00026670467499313716,9.982917131684811e-05
2024-10-29,0.010521071682124928,0.0020897365176913603,0.0023396111841929353,0.002448515187038201,0.0021942953439664644,0.0037631981967536548,0.003814929217978522
2024-10-30,-0.00921606240883161,-0.008169057816975396,-0.0075028110572867195,-0.007396838922447635,-0.005535690370101448,-0.010195558778863672,-0.010183886507574706
2024-10-31,-0.014776953895748566,-0.009222344813972235,-0.011027544544751676,-0.011191202357021604,-0.02929549170047733,-0.011517842931471322,-0.011598171599882709
2024-11-01,0.009144666309957021,0.00963093477235415,0.009626544498365083,0.009859631319111108,0.007813366055544219,0.011437185751162465,0.011646225286942759
2024-11-04,-0.0034302965858424273,-0.002686638350625467,-0.0016044688313235072,-0.001179164200694403,-0.0010462737320769463,-0.003631717676303013,-0.0032897820188378013
2024-11-05,0.015136897974859153,0.01060124048467112,0.009937754368213852,0.009952305190996047,0.022535652324648617,0.01005787912396957,0.010088591792957848
2024-11-06,0.02296629084448582,0.029450850245298817,0.028110320298907185,0.027378464249992483,0.06157958387518353,0.029094771583268914,0.028883999558747042
2024-11-07,0.0070726678740796415,0.014736212356424083,0.014070505081944391,0.014322227825875007,0.0005552136503607448,0.01556197250296961,0.015538701169673468
2024-11-08,-0.003568497765686035,0.004151098466088296,0.004117969946915194,0.004190885124576768,-0.00029025146229779477,0.003311144116778593,0.003429967809202956
2024-11-11,0.005171009213977613,0.011854238618032855,0.010365220617125172,0.010241928278005038,0.004412623674106306,0.008584702835068667,0.008608597126505146
2024-11-12,-0.00294380159031452,-0.0005865743808821018,0.003027085329673748,0.0032079498298404423,0.009284313812315158,0.004268696355080315,0.004407660386469491
2024-11-13,-0.0013731018257215409,0.003515660420877146,0.0034289735520264468,0.003538183750623437,-0.0058739008236393265,0.006230197839091011,0.006353575670993654
2024-11-14,-0.009800626086246652,-0.010301414641224839,-0.009995538361327475,-0.010151455424264691,-0.0006246691727750741,-0.012216088630509336,-0.012300574459898529
2024-11-15,-0.019384740848165435,-0.008973195771278709,-0.01038137191152721,-0.010585914850980593,-0.013971465595278345,-0.012093735946261982,-0.012261655777760937
2024-11-18,0.00909803103597941,0.003102595188145858,0.00016133956390940738,0.00010475927939679902,-0.004304707150947632,-0.0021795844442013663,-0.0022427245092403254
2024-11-19,-0.003157404689534633,-0.00171423665918584,-0.0013227404910851445,-0.0012536498799303871,0.02460225267007434,0.0007489174618291097,0.0007092979228603055
2024-11-20,-0.0029748932543557515,-0.0019167697033107218,-0.0012400076382159807,-0.0012398359560259699,-0.00554554247678925,0.0014846072815403268,0.0015970712436732123
2024-11-21,0.0168685528028493,0.015437522445975651,0.01318581681441703,0.012846578673596872,0.008411999101651075,0.013337750309643653,0.0131005092357176
2024-11-22,0.012939052915274073,0.010711327677139296,0.007247871122802819,0.007288723400770247,-0.008243730565112751,0.004766355792656293,0.004920829870672023
2024-11-25,0.009346380812163125,0.004134245694517679,0.001243554767638465,0.0012568828693584567,-0.014802539911094635,0.001536377791476741,0.001469374527152361
2024-11-26,-0.0025960670029721447,0.0067345942916286,0.005851337667324254,0.005878403724481467,0.0045601478527110125,0.005938201699391288,0.005968362553184754
2024-11-27,-0.01269930918677312,-0.007651908383889538,-0.005968764840429131,-0.005884367370052154,-0.006285292508484989,-0.007551097803113414,-0.007506216288375629
2024-11-29,0.00762647090530839,0.004684674731114918,0.004917506326121057,0.004831809255082457,0.010044497372673144,0.005451527438136293,0.005389642324923406
2024-12-02,0.007728432867894842,0.0007270255486420138,0.0012153626817446633,0.0013038801312472864,-0.0015554172879943538,0.000691214640785085,0.0007877951197659347
2024-12-03,-0.007996156665724447,-0.003984266290975313,-0.002812056580037523,-0.002803341042995301,0.006729782182094203,-0.0030443298439141084,-0.002981681000653445
2024-12-04,0.007207903734331784,0.017206138652075317,0.017109704190490974,0.017159735747314782,0.02158778293513264,0.017173720753984482,0.017208716233402182
2024-12-05,-0.018167036165087712,-0.009974061802476814,-0.009496475009213957,-0.009577226635895752,-0.005293285554062661,-0.009594103237974409,-0.00968015864646384
2024-12-06,0.008522527427979504,0.005716575072302979,0.005404916197670473,0.0055440731036221205,-0.004078474238767544,0.0046495677596816234,0.00465706134089475
2024-12-09,-0.0071788826578469194,-0.01644495598891169,-0.015495774982742964,-0.015369338176473664,-0.008474930444047166,-0.015216237442021514,-0.015190727591616007
2024-12-10,-0.009550162638010016,-0.007238830322194788,-0.00653573245169965,-0.006509964645255721,-0.025901362243230933,-0.006141850510677396,-0.006098439732662951
2024-12-11,0.012729565523134345,0.010194793844444798,0.009296398581873753,0.009210163658886371,0.024012763445882556,0.008210948243588069,0.008133223947298526
2024-12-12,-0.008572183756367617,-0.00885181777359077,-0.007756566723460964,-0.007800247529424014,-0.018770004411726837,-0.007485651111288577,-0.007568367638722194
2024-12-13,-0.004290659751363776,-0.004406648066922131,-0.005373822194468537,-0.005409388379563412,0.005777764663900187,-0.005127698107217597,-0.005159828100280671
2024-12-16,0.0036442634545974534,0.003766809900409446,0.0005312079277355185,0.0005243248628204737,0.013240835405613596,0.0013716807076764484,0.0012917589868925
2024-12-17,-0.008140905420810217,-0.008901758425301215,-0.007236484167441453,-0.007106935860654718,-0.006091118770830879,-0.007416163466280671,-0.007343766192942556
2024-12-18,-0.03663535285404466,-0.028501456862370027,-0.026417788585848617,-0.02636441851443651,-0.03126532271891775,-0.025291134479650177,-0.025136805021090787
2024-12-19,0.0026238632696667734,0.004996176413387263,0.008276210608259456,0.008190550882083454,-0.04981959528836142,0.008700188024580604,0.008714916569079969
2024-12-20,0.006278887735533438,0.0060630895824783804,0.005367745560262845,0.005263417849519821,0.027654570697668104,0.005655633139278688,0.005551941739773974
2024-12-23,0.00666101698260633,-0.00047765801052143393,0.0003380672881646364,0.0002434495138401897,0.0118231734618934,0.00041874443197250337,0.00030127205220056163
2024-12-24,0.007365425075374278,0.006657395706018862,0.006555034349815011,0.006500672303182081,0.0034726630141915867,0.0057493388854258694,0.005671774635415893
2024-12-26,0.00015079027332833288,0.000140593949998415,-4.255227132531477e-05,-6.157712051425292e-05,0.0022941120953764403,-0.0008014741971717114,-0.0008004598799353891
2024-12-27,-0.009455188227539095,-0.00972334562460014,-0.009459040022825816,-0.009461171229189028,-0.01522373426572549,-0.009398796800526533,-0.009447024091355304
2024-12-30,-0.014265280343885016,-0.012072095859867658,-0.010976984801452544,-0.011052317976559107,-0.013096318730742742,-0.010809846779143635,-0.010833103672038161
2024-12-31,-0.000996449927095622,-0.001820555329208858,-0.0022104026639821125,-0.0021544090813088706,-0.012976525606734268,-0.0023647697858145463,-0.002381617678596009
2025-01-02,-0.004224921800938739,-0.003372031184635831,-0.00484100468115644,-0.005075458523455301,0.023262994675190038,-0.005704588792540743,-0.005851249059753441
2025-01-03,0.011110660856875358,0.010179133416067044,0.00966031212866026,0.009664801120356259,0.028624253150965468,0.009974786327545882,0.009849216802025598
2025-01-06,0.004646547230663585,-0.002426778145090119,-0.00257779280247539,-0.0028419977481271863,0.048412430898300794,-0.002479348169236395,-0.0026428060301690844
2025-01-07,-0.009694121345305205,-0.007620071661701695,-0.009481553565805264,-0.009396146918517888,-0.01293048333086211,-0.008992536611013428,-0.008824681809689896
2025-01-08,-0.0012164227720744996,0.002603152740811749,0.003580612253720417,0.0037663248191326985,-0.008505065529677548,0.00336997771084167,0.003741059987987467
2025-01-10,-0.01589465404682045,-0.015675664773130475,-0.01552989697521746,-0.01596327433864466,-0.018138579316081323,-0.015378069852242087,-0.015970134624585162
2025-01-13,-3.192144832979021e-05,-0.0006110497601234502,-0.00012714333341996096,6.630352484538616e-05,-0.01833811733794001,-0.0006950787127706276,-0.0003039068780221402
2025-01-14,0.01086352255258509,0.011657802214880083,0.009598341223273231,0.009407052871928973,0.00889153683850428,0.009812265016891671,0.009793484889044668
2025-01-15,0.012033978171934512,0.01055873776720676,0.010061744700425666,0.009756080494159956,0.0422413180604044,0.01037317618361456,0.010027659722560077
2025-01-16,0.011102852020113232,0.008815977172209319,0.007966784735727825,0.007779264539991295,-0.009455281519083588,0.007791934095357074,0.007553599575874831
2025-01-17,0.008959594035380885,0.005949601777047131,0.007993754412758989,0.007900410650374048,0.025444467900771348,0.007624264783412448,0.007479317813756122
2025-01-21,0.018366911534539315,0.016850809930143196,0.014873562224079484,0.014961728161087267,0.02437346837557279,0.015596205864328748,0.015612825935160462
2025-01-22,0.012495486645228843,0.012681195097257129,0.014309253675813805,0.014308043044219537,0.013228131864482915,0.014738861671670357,0.014813613115506805
2025-01-23,0.005922821069747579,0.009159404507193776,0.009190913376014239,0.008960106541139535,-0.011150204587368338,0.00955639885581167,0.009348988167140398
2025-01-24,-0.008183830154823163,-0.004374453304150469,-0.005020507550173279,-0.005322927212642938,-0.013263436338470155,-0.005150283658824657,-0.005238381850137599
2025-01-27,-0.015670544153469548,-0.0033304361677720063,-0.009924691143550782,-0.009481731890985789,-0.09518299229656574,-0.009702465384639074,-0.009200620360120962
2025-01-28,0.007160476991714533,0.010149682827608763,0.012179567459085229,0.012050211802223805,0.022669452086765438,0.01221636070083071,0.012274743887638863
2025-01-29,6.341892882121469e-09,-0.0021609352592476326,-0.0032586662769455476,-0.0034832372615257847,-0.010138483762028305,-0.006270501690787656,-0.006513911013855304
2025-01-30,0.01831492626620169,0.014235695122236287,0.009944121988276898,0.009800101755996628,0.025010765069897887,0.009227679715006192,0.009110512337371368
2025-01-31,-0.003927432922341468,-0.005460467688482499,-0.006615303368597302,-0.006541784972297332,-0.008169660889666615,-0.007844951475903746,-0.007977139923043991
2025-02-03,-0.009456953512817522,-0.0029993082054714454,-0.004135817560292344,-0.004070080995554805,-0.016983874850600024,-0.004287500444379658,-0.004290273208162524
2025-02-04,0.009708751734340769,0.006970134362578119,0.007171043587594447,0.0075581949966910325,0.012541346368403112,0.0059485127461126105,0.006185801471256733
2025-02-05,0.014619188898638578,0.007583985554978712,0.00817916294592905,0.00806061529713531,0.03483070553579674,0.005985612165427973,0.005890505628862776
2025-02-06,-0.0045118945710625885,-0.009516181775727698,-0.008338628741559726,-0.008412526832453816,0.011359357512375467,-0.008201444896448931,-0.008218871672943464
2025-02-07,-0.00980658997549278,-0.0051962751288606845,-0.005689938929938568,-0.005684210205024339,-0.012376196725690016,-0.006368080398340865,-0.006306795780971246
2025-02-10,0.017047632714703644,0.017686975919720863,0.015263883560208018,0.015316514268117615,0.025493872262268027,0.014638524473748409,0.014515656295756355
2025-02-11,0.0013395461153039908,0.003686016765651967,0.0033234041218647343,0.00340404361930306,-0.0059324637476458495,0.002875318542100687,0.003219175946627481
2025-02-12,0.005828983270343173,-0.001746408809237289,-0.0023438098583195384,-0.0024608436974535033,-0.009036985934757916,-0.004228164191519195,-0.00425922748238596
2025-02-13,0.009477060760745566,0.011047860737770239,0.010265416640875265,0.010346775535100803,0.019665864647707695,0.011379406488202614,0.011527465223735336
2025-02-14,0.003085961891471769,-0.005030071286118949,-0.0044355953245546285,-0.004690414269488203,0.015960309783509607,-0.008096885940350197,-0.008212759494167568
2025-02-18,0.012207103618044769,0.007769563115108153,0.005586823008945929,0.005457432199936983,0.015840797657374235,0.007857438148868266,0.007839020228906719
2025-02-19,0.005923078189207686,-0.003939351364781587,-0.0028416605333386265,-0.0026815370353900424,-0.007328680854632073,-0.0029180515051332907,-0.002747847620691527
2025-02-20,-0.0058496184605073215,-0.008799875359790875,-0.006473741648692684,-0.006054494400969011,-0.009445595266318461,-0.004767858404281588,-0.0045919936486840535
2025-02-21,-0.028847679402404104,-0.02397159728146559,-0.02180095695954276,-0.021703931892909707,-0.03421597194666045,-0.02086327433751038,-0.020933948721578863
2025-02-24,-0.006466922654158381,-0.0026878101592341546,-0.0003277735104008679,-0.00018766784191904813,-0.029940078711637022,0.00023741489819498798,0.0004894924070224112
2025-02-25,-0.008405327966337124,-8.051190324797468e-05,-0.00034170561748154635,-0.0002731592308948932,-0.022018757426740882,-0.0006126174851384947,-5.227716057229494e-06
2025-02-26,0.007409723895297849,0.0047913394356708695,0.003908182501315281,0.003748692279566422,0.03584882862022559,0.0034085015057787626,0.003155893685712073
2025-02-27,-0.023741654570743995,-0.015829219339590642,-0.017389592479348594,-0.017211027875201814,-0.0539133732646124,-0.01807071037665689,-0.017639992404448447
2025-02-28,0.007059295076301785,0.009141056242580964,0.009518817285250895,0.009343505626362266,0.021876649056773743,0.009827800396873488,0.009919691899106839
2025-03-03,-0.016949151891216433,-0.009934493395474074,-0.011926799196173003,-0.01164095871702344,-0.048863961240503864,-0.011995641390270524,-0.011863092173023353
2025-03-04,-0.00205345689047306,-0.0054410236112863615,-0.0034414621424876573,-0.0029837949169315143,-0.0040108261294342605,-0.0028321849858301967,-0.0025474186671029927
2025-03-05,0.011215318200869314,0.004460704659199765,0.009730272712926674,0.009880284124138347,0.018403152600545442,0.009540541100845502,0.009588330355262997
2025-03-06,-0.028749296287892245,-0.022083721120915917,-0.019687583270508326,-0.019456534820105047,-0.050224806892418636,-0.014603155425754976,-0.014190347835960099
2025-03-07,0.012096211715334731,0.00905254992935604,0.011323439129739203,0.01119471057424659,0.03624542416911261,0.008854109425585323,0.008769928716332556
2025-03-10,-0.04302795077754052,-0.02747949235341203,-0.026191368264955196,-0.026059533372225076,-0.05354041361088125,-0.024144767276361796,-0.023875244542566457
2025-03-11,-0.002996491319296956,0.001860209399556275,-0.0021669840679335206,-0.0022844138441992182,0.016144753353379598,-0.004066927393826306,-0.00432383526882354
2025-03-12,0.008782894155656043,0.0025173072670692173,0.0020341280506253677,0.001920501265364468,0.04132309349979337,0.0007882426605878357,0.0006123919712215853
2025-03-13,-0.026741535832601474,-0.024914848351525,-0.022289594861295364,-0.022316356194879067,-0.0109323116142408,-0.020858772575508513,-0.020654807055443605
2025-03-14,0.025417781756784337,0.022769497513683398,0.02056504314551625,0.02040440885702834,0.04128852248492771,0.021012922318614857,0.020914425270268953
2025-03-17,0.017039545042975227,0.012990530890177166,0.01030924042683416,0.010272154172284807,0.004063275963648745,0.0103651674829607,0.010404969568545454
2025-03-18,-0.013217083013184746,-0.01001942621643731,-0.011442789458365426,-0.011418649034596839,-0.02151742566704482,-0.009488691440190706,-0.009461561787889145
2025-03-19,0.010780554591002882,0.009039551630469852,0.00798558714151847,0.007865019113491446,0.019732010597740334,0.0057064851449981045,0.0056745241899349
2025-03-20,-0.01799490352160842,-0.012315623484918348,-0.011106634430750042,-0.011215804999457766,-0.0015301933794492253,-0.00983311950340125,-0.009847782450422012
2025-03-21,-0.008008618345023906,-0.009060418722942174,-0.007265767217091831,-0.0073561840285151356,-0.021234229382835867,-0.0069720333558399095,-0.007065802833198189
2025-03-24,0.01802066864728614,0.01019553194136767,0.009578546644617622,0.00958551828716781,0.01935158780966233,0.010487366891012125,0.01044124131370142
2025-03-25,-0.00023091310304379704,0.0028959057727663334,0.0023693463252637955,0.002398502960783426,-0.012445144091668449,0.0025328222182293327,0.002766175276480584
2025-03-26,-0.016219928987320397,-0.012128999274214007,-0.012690441760925226,-0.012586485179623508,-0.03355168123125951,-0.011988603074038531,-0.011993077661461583
2025-03-27,-0.014469485793411627,-0.010228463133400017,-0.009865357593109594,-0.009687131109763946,-0.021086347706870248,-0.008669009785175284,-0.008487379562537001
2025-03-28,-0.024653159018164943,-0.01788557700552019,-0.017076129221827645,-0.017135111266271087,-0.021624701809053213,-0.017521275609130457,-0.017601579092908087
2025-03-31,0.001384840451466844,0.002599502042896264,0.0026036871690797033,0.002633994477626196,-0.007023924947617104,0.0035187443837577767,0.0035656985846890727
2025-04-01,0.005704102045114677,0.005703631259135144,0.005673542237369816,0.005751324616575728,0.01190964375908536,0.0049962448037746,0.005020259898783858
2025-04-02,0.014367859412744852,0.012190707053851592,0.0102354994626822,0.010094743353640948,0.012153062502930563,0.009778542031168161,0.00958823722932923
2025-04-03,-0.08808531167039413,-0.060780745469984104,-0.05427540749718106,-0.05307178487577643,-0.10511760004830416,-0.04959403997648603,-0.0484794899648611
2025-04-04,-0.060830377158389425,-0.05564625040479378,-0.05245545506872734,-0.05197488031821667,-0.08589423875281957,-0.05125654269348528,-0.050986556577498975
2025-04-07,0.010950790615501834,-0.003973322719348143,-0.0039263817852919014,-0.0039683153384065875,0.0419853205383752,-0.0037684222605256497,-0.003722707241087674
2025-04-08,-0.0195120140229825,-0.010036400404373334,-0.011738743751404134,-0.0115562291389311,-0.013727741941407046,-0.014326773435992226,-0.01424058219283713
2025-04-09,0.13256640095360495,0.09818908245437716,0.09687481390009117,0.09622904029594123,0.17217512404681287,0.09273910862322757,0.09226465300193806
2025-04-10,-0.05718427545731263,-0.038046125678719865,-0.03886421606126516,-0.0385985976878321,-0.06881537904719315,-0.03801729230770731,-0.03781043169209991
2025-04-11,0.01099732591154176,0.010977479689306744,0.012657277220827736,0.01261663424783569,0.024240906261960037,0.01301720374794468,0.012928608609974464
2025-04-14,0.008149403355250887,0.009101290802720473,0.006973456519926113,0.006924200870843225,0.0007019459348227149,0.007494836614069537,0.007357931181077282
2025-04-15,0.0009549575145006311,0.0011089385378111204,-0.00029650123871769276,-0.0003880015196888577,0.006265054353477791,-0.0006186164037122363,-0.0007109575869371152
2025-04-16,-0.02149791303517873,-0.0162428666825543,-0.019129987882276944,-0.01896484544452299,-0.03351168411746881,-0.019022590338199884,-0.01891525989396015
2025-04-17,0.004199555992575722,0.004372142307023738,0.0019707508340540895,0.0018196671810781866,-0.007457608808303894,0.002758944962156256,0.002601361288539236
2025-04-21,-0.017157389351861355,-0.02025595300842213,-0.021021172658491943,-0.021043304546495827,-0.03524424958026843,-0.020747122281904423,-0.02075099634963262
2025-04-22,0.021899975266603925,0.020189851229154704,0.02047884091973116,0.02019206021129012,0.03133925132700815,0.02123181977484513,0.021062166739194463
2025-04-23,0.026732979714447568,0.017083103984398145,0.016378447120407695,0.01633602001532393,0.03550776253297072,0.01443677261074587,0.01436262568790898
2025-04-24,0.042300124245215794,0.027905866384792297,0.02478228083525216,0.02480786108868381,0.05251371151621677,0.023955230593218746,0.023861972631741488
2025-04-25,0.007441580199024066,0.00958173525694856,0.010191477764961392,0.010222130593929738,0.027944881132931983,0.009782142327723179,0.0098031177594929
2025-04-28,0.0019136982920303172,0.0014170843928921393,0.00043829456119316257,0.0004344247450335887,-0.008104767902056062,-0.0005228670071062921,-0.000584908878422716
2025-04-29,0.0051335170264271675,0.010291418091773826,0.01023586617221777,0.010225807389468577,-0.005253477258126536,0.009857654382806504,0.009866676090985693
2025-04-30,-0.0010327556907479434,0.0024926236855766877,-0.0008362012197946335,-0.0007343144479609634,-0.0011481340658102562,0.0011255898027260243,0.0012325090410053802
2025-05-01,0.0053601704960828,-0.0005313731419886633,0.0036296887633470646,0.0037800044614495275,0.016430160018937677,0.0005920911117464571,0.0007385252392563764
2025-05-02,0.023985718790379394,0.018864660020578884,0.019378675456393574,0.019318986924793377,0.03053956831507868,0.0191016139478925,0.018980317633693473
2025-05-05,-0.005180589760858093,-0.0036675170781801125,-0.005066495107268998,-0.004959939760675912,-0.007624736404468926,-0.004064415736288561,-0.003958346250112735
2025-05-06,-0.006516467620550495,-0.0054115661830478065,-0.004633942966211105,-0.004666430469082516,-0.0034779985659337,-0.004148146618724089,-0.004175196614482215
2025-05-07,0.008798036951285273,0.007264962352104729,0.01035925392540471,0.010126723311330653,0.019236193611281354,0.012115985321956995,0.012100602626594455
2025-05-08,0.01001243465708334,0.0018078046973351808,0.001819757205746318,0.0014812763638522674,0.018615756044401324,-0.0005380885463384619,-0.0008561953838986907
2025-05-09,0.0068367001999045905,-0.00564093391890813,-0.004188720140144029,-0.004261717912036506,-0.0012098884901132168,-0.003229102545549494,-0.0033322475969216206
2025-05-12,0.05573005566497459,0.04150019305631322,0.04013334955490871,0.03994779541919458,0.05788396448059117,0.039015478488002235,0.03899330528151469
2025-05-13,0.014135421262891034,0.009972654152895654,0.006456576118847365,0.006174317699158431,0.04981392010440925,0.005478844027190173,0.005212220491390283
2025-05-14,-0.004287017965310199,-0.0020991469757048204,-0.0011816098155614544,-0.001035136011195818,0.005792967710911217,-0.00022233158670560194,-0.00014407459425434392
2025-05-15,0.005843638140639723,0.009981982979061737,0.00998010175128517,0.01004001350455812,-0.0036697581926183444,0.010007701739190064,0.010023188924133229
2025-05-16,0.005981690206486947,0.007672136101914883,0.006802869190034909,0.006914581749054785,0.007232280682766385,0.005967797690046953,0.00600699086205935
2025-05-19,-0.00047892785674721145,0.0034340064287001542,0.002147848279221068,0.0021256066188625705,0.004237010096718294,0.0017497430569029758,0.0016940857503705915
2025-05-20,0.00037769506077941464,-0.0013728664219419295,-0.001135753531815767,-0.0011604586780392353,-0.0037383142887817255,-0.0018837152868493281,-0.0019016836657855648
2025-05-21,-0.023793193054681725,-0.021858017247944894,-0.021605248650733825,-0.02143605027033698,-0.018417934615390617,-0.021038225396201884,-0.02097796977618474
2025-05-22,0.0002559036902615026,0.0004868049341943227,-0.0003400133965528911,-0.0003000657543528493,0.0005240676293280142,-0.0009982019794863546,-0.0009801658382400215
2025-05-23,-0.008785496017268137,-0.003526616387992142,-0.007221947378482469,-0.007188185602384067,-0.009258921105496892,-0.008075059285261626,-0.008051135538142289
2025-05-27,0.025682730173021466,0.020183357369282277,0.01883271246442948,0.01875960017503677,0.029249447369126318,0.017785687603168485,0.017703138981290473
2025-05-28,-0.004628806215478329,-0.007472413461414122,-0.008160451997840809,-0.008097384197222281,0.0006983913872096524,-0.009620993015178955,-0.009537974385640502
2025-05-29,-0.00027385804065448215,-0.000962770211110129,-0.0014811838981169342,-0.0014500077901913758,0.010202637393455956,-0.0016698362950249414,-0.001620401074298553
2025-05-30,-0.00013162729712793282,0.0039964536456618144,0.0034773709969536178,0.003449056583492544,-0.012986398320399668,0.00226729109289024,0.0022572871361795166
2025-06-02,0.007889905355694778,0.003171997098844927,0.001318532204614581,0.0010543282062007236,0.025040714963250606,-0.00015992281345764,-0.00025034415359179976
2025-06-03,0.020702188648735124,0.01251626299385129,0.010845234351782654,0.010611511561989084,0.029964750549210974,0.010294384623071333,0.01008481679358421
2025-06-04,0.002057823595428956,2.5660090488082354e-05,0.0017808789363759493,0.0018366953997038858,0.008889339930320582,0.0005938552811818943,0.0007020959230205044
2025-06-05,-0.005039128125861467,0.002051055745984024,0.002392676421215796,0.002340287674614257,0.000577065827357272,0.003780674408980414,0.003804986851664617
2025-06-06,0.007911039037064447,0.006282893516235246,0.006950149258804782,0.006871622335135103,-0.0009178329131936426,0.009039739706642413,0.00892427416444053
2025-06-09,0.0023109719332866786,-0.0011516449299839066,-0.0021778919090628874,-0.002117325687920672,0.0029207386611571325,-0.0007267390116250086,-0.0007793321425419457
2025-06-10,0.010060041274091446,0.004525354835030373,0.004206235335511597,0.0042646729919187,0.010314715796211531,0.0061868583219788584,0.006163033299588568
2025-06-11,0.0010137537854428176,0.00124544155605938,0.0002865767532429088,8.650583980675577e-05,0.012065191998627753,-0.0026007185847665335,-0.0028921176287023385
2025-06-12,0.002438890016013214,0.0042327268097629165,0.004444717130737804,0.004472178152434844,0.007954429896213262,0.005764448180900607,0.005755070678394911
2025-06-13,-0.023105852354825738,-0.020020060214102797,-0.021756737832420717,-0.02182202934385725,-0.01557438901568793,-0.02108321655115369,-0.021075947869767585
2025-06-16,0.01978971980998924,0.011783845814095474,0.011864220991219608,0.011744167179835023,0.021154259123842112,0.013434484282053337,0.013359618763685754
2025-06-17,-0.009519604646911048,-0.007970000970632335,-0.01037986947113211,-0.010273411274699835,-0.007187627693734328,-0.009972571260098548,-0.009955211813521143
2025-06-18,-0.004593116105265099,-0.003560887524159676,-0.0036248065231521925,-0.003763620812584909,0.010587427215881106,-0.003923905684654197,-0.00406157083526652
2025-06-20,-0.006693135815316437,-0.006226947524201191,-0.005520170341806703,-0.005663924697899972,-0.0020631420214304672,-0.007790975448707832,-0.007850574922721988
2025-06-23,0.01091081324645341,0.011681397464459233,0.010608557638161582,0.010757703307521991,0.0035670120103946596,0.009968343370566008,0.010108620248179498
2025-06-24,0.016435979141668142,0.00922259782602612,0.010239234025812076,0.010134447870597288,0.035975024374511506,0.011061776027480031,0.010857986097651356
2025-06-25,0.002073422976600483,0.00030996050790466024,-0.0011581708666182772,-0.001266759399040645,0.010834813753425416,-0.0004932962782096148,-0.0005575499876313694
2025-06-26,0.009073006196162994,0.010358883127424388,0.009573065144228619,0.009410013532895759,0.010914164885659623,0.00941502731690769,0.009372598227705605
2025-06-27,0.01218665597788828,0.014394565737797925,0.015349975185775331,0.015550783513032842,-0.0020956382355591385,0.015165979466001739,0.015304272198227048
2025-06-30,0.005212574720648226,0.008073192969425403,0.006650622046613635,0.006379164060124406,0.005073616451692486,0.0050250456510185625,0.0047324831778548125
2025-07-01,0.001797333165941427,0.0014119657137836618,0.002571285908537022,0.0025176679570804747,-0.02486418649959453,0.0037896292085034295,0.003765981144032173
2025-07-02,0.006858936656672789,0.0020479050317084783,-0.0002265814162415989,-0.00038789277893652713,0.017293618489701783,0.000807484479423993,0.0005686440601254534
2025-07-03,0.00963092138614412,0.01212973446837597,0.011526149642157047,0.011592186863355704,0.011768133887212671,0.011321853850481227,0.011451766958771911
2025-07-07,-0.00870771088717256,-0.0051074330822902785,-0.004373764012008879,-0.00431525581483172,-0.008873690121387874,-0.0038348812538410945,-0.0037944062628604614
2025-07-08,0.0019424082855994964,0.001220767079716197,0.0025578622578341964,0.0025012334068544202,0.010871408847219122,0.0033570248482869547,0.0031803738954360055
2025-07-09,0.0015235561674403855,0.0004416406525505645,-0.00046621058054752753,-0.00045737726224330527,0.010276027443918877,-0.0011620850233963556,-0.0011613299526378937
2025-07-10,-0.009862337051623891,-0.008006801280949804,-0.007134670110078304,-0.00719882697156904,0.0044601517226298525,-0.006274418167364716,-0.0063713925571574626
2025-07-11,-0.011714014935659716,-0.011652323526808516,-0.01254730267363852,-0.012555140921853033,0.002826198976542907,-0.012446983392548402,-0.012471335683579495
2025-07-14,0.0025940879028345256,-4.5975235722990355e-05,-0.00012201842356547308,-9.71901991649294e-05,-0.009713594992772703,-0.0009218693018832587,-0.0008773254540341529
2025-07-15,-0.0007978801468978628,-0.0006320001432599744,-0.0009867229040685383,-0.0010044137318414557,0.01260921874999386,-0.00135146140258721,-0.0013859851177496002
2025-07-16,0.0020131314181850053,0.00044446375537667763,0.0016013483806111056,0.0016268014242656961,-0.0020880980849130254,0.0009338246082246792,0.0008379816214426658
2025-07-17,0.00976437971733013,0.010540392385000298,0.011199888596149024,0.011121387090263283,0.004932770228571049,0.009524265211357644,0.009296881754190682
2025-07-18,0.0026614363439120188,0.003682882546481616,0.0026020388473753336,0.002565044552293811,-0.0006309826700974112,0.0021269332818104445,0.002086107362595213
2025-07-21,0.005306374296154425,0.0061806838094047405,0.004999100590274106,0.005186027791826456,-0.001017440679299054,0.005353000260303878,0.005620361404856221
2025-07-22,-0.002662103252506197,0.0034172536597066056,0.005577189454923267,0.005648756632956919,-0.0241480957256694,0.005054345520631407,0.005087822140107288
2025-07-23,0.006986599082581627,0.007574921285267148,0.007705050437509593,0.007575138399806225,0.015837160664245977,0.007308920670431235,0.007170175932375061
2025-07-24,-0.001095281333201547,-0.0023187399713314656,-0.0016039668421502524,-0.0012546824284984453,0.01577354762203755,-0.001460694133823224,-0.001452281899774341
2025-07-25,0.007991375484164948,0.0063793377708499036,0.006369435712687104,0.006334141153118211,0.008515783611957114,0.005613396147399055,0.0055393973844937066
2025-07-28,0.006205658192003361,0.0028074501022526833,0.0023201988258505033,0.0022039323127030683,0.008745562631432875,0.0026675369405094024,0.002451332570410699
2025-07-29,-0.008646677852268265,-0.001526333747134343,-0.0024933180399611355,-0.002365658592600313,7.31698371765838e-06,-0.003046002521920266,-0.002955622221062947
2025-07-30,-0.009232142547919197,-0.01108753770450705,-0.0119182646006,-0.01201569235559912,0.016467066714852263,-0.01291443091353818,-0.01301654340999905
2025-07-31,-0.022486523764653467,-0.017233291625315734,-0.020704807788124138,-0.020582015009181602,-0.021481239415563947,-0.021659935780967216,-0.021008654512308066
2025-08-01,-0.016930069752207313,-0.018176105888096802,-0.018374666664180125,-0.018319352837988696,-0.027536316958328245,-0.016636931156251294,-0.016624216881879896
2025-08-04,0.010978646655057607,0.007238378821189104,0.00712190923401038,0.007052004111442077,0.028568246547145824,0.0054612712296009756,0.00524035257224087
2025-08-05,-0.013704537160251886,-0.016645742983281683,-0.015834815564795494,-0.015851546463530892,-0.007894642346568365,-0.012183953624088167,-0.012238550870541945
2025-08-06,0.010054234388811038,0.007714555919796546,0.008005749357023926,0.007903981025696291,0.014678363478155737,0.003901041096635435,0.004008324952800978
2025-08-07,-0.005418511183907935,-0.007269422925409304,-0.006947648159701913,-0.007075084529204133,0.01014505127272151,-0.008744446475103272,-0.0088721103250324
2025-08-08,0.003189097197850056,0.0013179507667981634,0.0012217750607839127,0.0010503808751634576,0.020175483902046737,0.0031385459333292194,0.0029017398462343126
2025-08-11,-0.004095302403957221,-0.0017848073165254584,-0.0036041892150392193,-0.003509274853489094,0.00893538336558712,-0.0035780052840309684,-0.003430785273052136
2025-08-12,0.020864097171503778,0.01778311097565414,0.016144234136510643,0.016148500966016766,0.02134087188785474,0.015015117748859722,0.014944287116436025
2025-08-13,0.011087190031044419,0.010540598326042162,0.011329424295525121,0.011404068694159004,-0.012498079435803581,0.012646102204148685,0.012999122835477994
2025-08-14,-0.00715909261462125,-0.006195315246375802,-0.005894791968698975,-0.006013891112927506,0.003372732932650653,-0.005516870499964498,-0.0056429080026928185
2025-08-15,-0.005808678340123449,0.002543268509529833,0.00481963808113348,0.0048077085270854785,-0.015609533825267474,-0.0015240039610812403,-0.001455939578033877
2025-08-18,0.0045181928699743485,0.005570944563829097,0.0048314504366915026,0.004777775697467287,0.007261848430927075,0.004189829569831501,0.00412184442737616
2025-08-19,-0.001575020086079136,-0.0007302544810808763,0.00033219057158979763,0.0005603816179454499,-0.026763817952010188,0.0030289569384521564,0.0032159711645734475
2025-08-20,-0.007753096208526958,-0.007506740033007696,-0.007677064869077238,-0.007729082193098836,-0.013719410097009395,-0.0060595961705156905,-0.006069126598490091
2025-08-21,-0.00373256360455614,-0.004782117626870194,-0.0036274737335951876,-0.0036991881496619976,-0.0038622599933900654,-0.0030943187692370846,-0.0032193353968694477
2025-08-22,0.01942975238288856,0.01933671064288583,0.01765649712603548,0.017574798634047543,0.018982974453023993,0.016931849715685992,0.01678368592523265
2025-08-25,-0.0013067280152463984,-0.003258081295653022,-0.0050042135685566735,-0.004943956449213757,-0.0014222659775758656,-0.004659791488927081,-0.004751521453188761
2025-08-26,0.0011745272071156975,-0.0002494998152637948,-0.0015934036834588043,-0.001555460587908622,0.010877228412482858,-0.00238131520315097,-0.002458530408727248
2025-08-27,0.0060225787385154135,0.005859363363193871,0.006585805125190762,0.006727082924504011,0.004506585457297036,0.006374061204981369,0.006430087839298007
2025-08-28,0.01038106474647226,0.008521819737620206,0.0062760517455158,0.0062772650293698206,0.017183132244641776,0.004954979174184445,0.004927301543355262
2025-08-29,-0.01566267198582205,-0.01039927068580748,-0.0068596326356017345,-0.006923333410045291,-0.024884771092830497,-0.006820924918732933,-0.006947061289136774
2025-09-02,-0.014738700789227118,-0.010977785269582143,-0.01163369371042033,-0.011565989036858116,-0.005112374491410844,-0.013176461918435124,-0.013152747129858469
2025-09-03,0.002930262252502409,0.004080909004660156,0.0020504132352116367,0.0023866650064538327,0.0017426361236229397,0.002657030185559901,0.0025960257807847455
2025-09-04,0.01897194166572854,0.007374169378946549,0.002150895078004042,0.002089193288795367,0.02008822592961296,0.0028898802460658964,0.0030435058101957193
2025-09-05,0.011401146292066441,0.008543835307369603,0.006725422451207191,0.006870329711155736,0.0283342934789719,0.003676790189886129,0.003910507188889422
2025-09-08,0.01181150725533688,0.011433554590079647,0.00975813386882173,0.009164097059997722,0.01465304585873978,0.007760772225977305,0.007295283787950649
2025-09-09,-0.0035377004740023126,-0.004984266107994536,-0.005194464000604686,-0.005284590958040031,0.006583683410488757,-0.0035701186126520955,-0.0036451831025819427
2025-09-10,0.0094559553333297,-0.020842769751939882,-0.023500997968495554,-0.023481452821593158,0.04933047436539165,-0.028068494713468013,-0.02845477308865913
2025-09-11,0.011494116763981937,0.012338483412449888,0.01138317025343318,0.011437776177160318,0.016081869739277176,0.017786306883372138,0.017826439603724695
2025-09-12,-0.00444488596006687,-0.006924220277241279,-0.008042737960620876,-0.008041063799724387,0.00850941571827319,-0.008858959522059057,-0.008886659443406955
2025-09-15,0.011238808384955503,0.008488681174789757,0.004822799563211398,0.005089594355169135,0.00674066237511487,0.0030790316397302357,0.003060702728732674
2025-09-16,0.0023312466611292637,0.0044254884043479865,0.002304916762620744,0.002055749795172411,-0.004170236391969855,0.0011997084274373024,0.0009480166742491597
2025-09-17,0.0064523219362186,0.004830019613211543,0.007148268808272483,0.0068483431135354465,-0.015074574079773254,0.012107073662451836,0.011984687637650118
2025-09-18,0.02181493100960573,0.02438638682482631,0.014029183785600073,0.014068363493277508,0.02847805240644909,0.01833835076106032,0.01828511299745127
2025-09-19,0.002674939356411445,0.004454986890831089,0.0055553023203498975,0.005612176119671701,-0.006722444128196655,0.005015842967686226,0.005086959333227105
2025-09-22,0.004584400749424001,0.005827672781821636,0.003903913983093121,0.003914420993370488,0.007587124874475937,0.007451285172576872,0.007412878464787141
2025-09-23,-0.010072930712601538,-0.012643461428194664,-0.012288955628051174,-0.012390066911180693,-0.005084710589217476,-0.010797323028214137,-0.010962703880351147
2025-09-24,-0.008861173516103509,-0.008683386820175104,-0.006853643543808952,-0.0070743246469810485,-0.012693994364618336,-0.005017417280693474,-0.005011075231715875
2025-09-25,-0.007266249913147085,-0.005359688430182466,-0.005168805710589612,-0.005104977805122847,-0.01210901220979473,-0.006374035786402216,-0.0064192885749792886
2025-09-26,0.010803545935193497,0.007607930270691047,0.007913092119341943,0.007843744040962398,0.0037593293302512236,0.01019173748328919,0.01002398642302787
2025-09-29,0.011874597203141176,0.013244767593939097,0.007227162886703925,0.006893072404494443,0.013661188933802963,0.007698420894034621,0.0074358160299827026
2025-09-30,0.005328017117970619,0.006124087442204431,0.0024127360836587366,0.002429124506933128,0.014503899233740352,0.002713204054338026,0.002662894568877449
2025-10-01,0.012706971567256387,0.007611286441518971,0.0007070007729025702,0.0008333127900866683,0.028743036293317363,0.004699940171877858,0.004683917875805995
2025-10-02,0.008874738506828518,0.0030850414346081127,0.003478861985049586,0.00363095963194054,0.007352284707667132,0.003883498111979492,0.003968575102175688
2025-10-03,-0.009935022517162686,-0.006422057004267681,-0.005000367593600599,-0.005054396441206589,0.007060896518648144,-0.006741801489117108,-0.00667321499399884
2025-10-06,0.009868204016179216,0.010064384347537656,0.010632701498847071,0.010808918239565294,-0.0025928221594674,0.016841730968863138,0.016892653671895647
2025-10-07,-0.001757602682553314,-0.0018894505102563944,-0.001918386427748163,-0.0019960267946241696,-0.007958839810835379,-0.006398682135431663,-0.006425240245530439
2025-10-08,0.023314300006459468,0.022309141829573578,0.018647414387622546,0.018512266637021213,0.0310311472030375,0.020332902706681658,0.020303288239752203
2025-10-09,-0.007030666777951914,-0.009271495395061632,-0.007611244438191747,-0.007640335984593061,-0.004666890435692886,-0.006022229417143527,-0.006040166557376557
2025-10-10,-0.03541936184048143,-0.04000994617457039,-0.03887867814926921,-0.03855392061491013,-0.050008991901642,-0.03858157493595163,-0.038321312558631214
2025-10-13,0.025708074041997455,0.02476729596886168,0.024646981723811374,0.024703469336778496,0.050707321089657025,0.019986565802077267,0.019918053168619436
2025-10-14,-0.011170238381912227,-0.011810510171064478,-0.011290522395809577,-0.0110934866988358,-0.028159562968005498,-0.010312275179229028,-0.010227843909356731
2025-10-15,0.0033845474592248343,-0.002687020083277339,-0.003588542418225021,-0.003449223679604656,0.01381190076096687,-0.00011769038280148744,-0.00010984265384760984
2025-10-16,-0.008015856272491444,-0.005902711760723989,-0.0020940309128878783,-0.0018481192336969174,0.01687944385739097,-0.003982677976526625,-0.003699816837196419
2025-10-17,0.0048155132497176,0.006760113593269732,0.0055740810978116735,0.0055889364680227725,-0.005392687252006078,0.005742382143154842,0.0059105357706639525
2025-10-20,0.014648772301526744,0.016022743405930014,0.01661793089610461,0.01640469515585698,0.007833464247751476,0.017805882072623742,0.017842901840146974
2025-10-21,0.013092400536498737,0.016314548550051714,0.01882349829866922,0.018924950467835423,-0.0153374349755469,0.018285135802486276,0.018544766523239695
2025-10-22,-0.0106744914019155,-0.008206420384143388,-0.009389827640546106,-0.009220719164695619,-0.008935211089350697,-0.00979438832737178,-0.009106076130485339
2025-10-23,0.016294690848784023,0.012835736179887716,0.009260945179743971,0.008643706762546704,0.019896223826526907,0.010433725436985243,0.010312552289423847
2025-10-24,0.011750379639696756,0.009709865645439946,0.008954675993008919,0.008830084543646014,0.035450335065737,0.006263361214375607,0.00616052290994304
2025-10-27,0.013602660314282462,0.016995943128308745,0.016799072607222933,0.016562644309843784,0.014091287081952862,0.01662913472799868,0.01648519374257719
2025-10-28,0.006439952134041255,0.0032119375120378342,0.0005736100141713209,0.0004052640117096372,0.019639015924496482,-0.0007204445090438996,-0.0005704960241765931
2025-10-29,-0.010553930129655009,-0.013885043822785223,-0.014598294445058115,-0.014486055087331955,0.022362765265923814,-0.012126036916055051,-0.012040606242732413
2025-10-30,-0.0055119748492789816,-0.00723474158748888,-0.004684014814325571,-0.004438506335807572,-0.016555017183153026,-0.000978546712533325,-0.001666666875076838
2025-10-31,0.0019416987985240654,0.004817273271161657,0.005331270905453989,0.005028637576061471,-0.003250487026719891,0.008253194624176891,0.008199409598929168
2025-11-03,-0.004691498969373482,-0.00511485666149583,-0.005818626509406961,-0.005949290369961695,0.012459482955457346,-0.002233877376377951,-0.002010823620616993
2025-11-04,-0.02275460527222051,-0.027337289637110598,-0.026787267485034825,-0.026594079651407556,-0.04038730138112248,-0.025707557459224987,-0.025505046917732758
2025-11-05,0.018440529758052413,0.0076062762510273295,0.007023967905582153,0.00680339159464233,0.024505223848423227,0.007754267044654668,0.007618952234968921
2025-11-06,-0.007418507475695303,-0.019635581611268344,-0.023024131583239127,-0.022343495511208167,-0.013342773411027865,-0.023527565767653816,-0.023139151411705167
2025-11-07,0.0038282649922662553,0.003976329118002183,0.00288275149282356,0.0026223012508234523,-0.0019399937536672966,-0.0008200944983327017,-0.0008198299571811577
2025-11-10,0.009082402823197227,0.007316902665056486,0.00522577864507341,0.0051067509296383665,0.04285039155477617,0.005919994984480323,0.005948108108734442
2025-11-11,-0.0037054649005607465,-0.0034398639137151418,-0.0022729088669166436,-0.0022847140450408137,-0.02632700875984517,-0.004101797730034017,-0.004006803204261872
2025-11-12,0.006548642539440643,0.008241732302075009,0.01048851612924647,0.010158417809485749,0.00884070896016158,0.009885027880611448,0.009676866851536445
2025-11-13,-0.024129715366458377,-0.018043961625387912,-0.017537224096689234,-0.017394734588290255,-0.03663549128101023,-0.017871332580514102,-0.017704214443904236
2025-11-14,-0.003899441021844851,-0.002253521499960516,-0.0026231469161936602,-0.0028240439397365473,0.01806851263283151,-0.002585610579732682,-0.002940201931794538
2025-11-17,-0.020102024978470735,-0.020277597217874088,-0.021516732292760587,-0.02108004257616557,-0.015700544613893943,-0.019104135499485822,-0.01880498356200451
2025-11-18,-0.008706506180809141,-0.006845028115634087,-0.00555921221173787,-0.005588206999099459,-0.023853522852680692,-0.007208922776775033,-0.0074849154688318344
2025-11-19,0.0019793207929421,0.0015860079657844298,-0.0013060553359991046,-0.0014320109451776502,0.016731975145290214,-0.00044050856783283895,-0.0004695082557925438
2025-11-20,-0.02321270606527921,-0.019679147379052058,-0.01726708458118255,-0.016909146685569962,-0.04888928408009774,-0.020831097972386706,-0.020523770196950543
2025-11-21,0.02018889212356861,0.020413349712141465,0.022818269387481206,0.02300891134585224,0.003404204235845037,0.026128910789324902,0.026167218108249127
2025-11-24,0.017697098195023353,0.013408360884504592,0.010686845100152055,0.010543097579600995,0.06053416135695589,0.006775527313843254,0.006531786621310795
2025-11-25,0.010521346274078185,0.009091615497171674,0.010703132834027561,0.010575362254686603,0.0014100719734572009,0.011894298382517519,0.012083555172828025
2025-11-26,0.010023216139748393,0.009796336034868947,0.009441804666179998,0.008789509842379797,0.023676753354382917,0.007508259988888822,0.006782152996190098
2025-11-28,0.010261099604196173,0.010724661553542935,0.010289602331884511,0.01018176343310679,0.008472253865718668,0.010107202977666816,0.010071310226486812
2025-12-01,-0.0029422891306270624,0.0029549572996029182,0.004407933028236433,0.00432567179950238,-0.002846797080121203,0.008157505938092472,0.008250858200185689
2025-12-02,0.00850626460728516,0.009590675928806245,0.007997759050482483,0.007886666952709908,-0.0016049360472639813,0.010747891712636962,0.010719287012974685
2025-12-03,0.008952683879753039,0.01755624320746998,0.017797122796069126,0.017488392647418576,-0.004803795290205255,0.016892187170126405,0.01630657727570698
2025-12-04,0.0011775818489288563,0.0008104279552066353,0.005691610612114803,0.005514451576825003,0.00036914384264635086,0.00726609189236253,0.0070247582504223615
2025-12-05,0.015956783601351422,0.01304264059127784,0.018430396845694464,0.01861784987168313,0.0052623192492167,0.01667676947544012,0.01697076430400957
2025-12-08,-0.00040460702231973506,0.0004271172920522088,-0.0005854563477501937,-0.0010278683538669027,0.014230093481971254,-0.004111403438519244,-0.0043767976303304605
2025-12-09,0.0027111705489734623,0.0015406493751875736,0.0013833949602493427,0.0014017367658514589,0.010030488343937199,0.0014826241660652242,0.0014522460530014805
2025-12-10,0.011969180605954916,0.010343108209025809,0.01161670802580475,0.011563511636213133,0.00677991844392921,0.014128041985974869,0.013877470949313141
2025-12-11,0.014533218242584313,0.0030175342341138564,0.0026913383483201827,0.0033388482902848133,-0.008354613134446685,0.002034619296337339,0.00264531012681783
2025-12-12,-0.03338832562550253,-0.02833329441375202,-0.025957891549136847,-0.0260928386744818,-0.058502486448334154,-0.018694481986353123,-0.01860391597821774
2025-12-15,-0.011851671965778306,-0.012409011540712235,-0.011875648222220833,-0.011671739340180887,-0.017445603583596855,-0.004562724792241772,-0.00433735882006357
2025-12-16,-0.0012271847827164388,0.0008089079436161648,0.0006532431279446251,0.0007098963189910182,0.0026219246224031085,-0.002878363712133488,-0.002949581079508023
2025-12-17,-0.01695609590599582,-0.017114391604990706,-0.01186709839279426,-0.012353195169448529,-0.033055398112105144,-0.011991303713342678,-0.012068013242149605
2025-12-18,0.008862908451883523,0.007304034585485237,0.005495130781032381,0.005795259853381468,0.012545039616383325,0.002192165202567896,0.0025040653654231702
2025-12-19,0.01850531336802704,0.011477027270848752,0.011447309365865887,0.011334818881426673,0.029510178830263373,0.010156978458613911,0.010021379370913162
2025-12-22,0.006688753516677779,0.007019878041067625,0.008511830667656914,0.008482206067267427,0.010848563666738528,0.010374782628890246,0.010128054181043039
2025-12-23,-0.0004932035141084279,-0.003021335699092652,-0.0025199967066104646,-0.0023685915888165643,0.016949945412422632,-0.002628813911348938,-0.0025069530740845594
2025-12-24,0.001936787142295977,0.0016544103077882426,0.002776318924419075,0.002747118512388261,-0.0013498157886942467,0.0023032692310474942,0.002253824213678431
2025-12-26,0.0035970592948772664,0.0025766635411922476,0.0019816836382340925,0.0022286393380983247,0.004727726262623004,0.0018352441690715892,0.002133272954328666
2025-12-29,-0.005565902273635792,-0.004595137379196838,-0.0034140516047771827,-0.003358790879095698,-0.009612704172866905,-0.002976917389933234,-0.0027813182835897186
2025-12-30,-0.0015539963637281604,-0.002054736458775646,-0.0020537903680177883,-0.002012881890840539,-0.0008408120924627549,-0.0028312026882576693,-0.0028492958852638175
2025-12-31,-0.011648168587062219,-0.009851782015865316,-0.008813131825779898,-0.008761199592808017,-0.009901467133776985,-0.010189965646649616,-0.01012340356915046
2026-01-02,-0.0002273355358219331,-0.004236883182742742,-0.0049689564256217185,-0.005109732593808825,0.010564762409230977,0.0007909472073922446,0.0002387076109886045
2026-01-05,-0.004817150136649199,0.00585031774785706,0.006127113965460981,0.0060190314949341095,0.0011607436346760722,0.014635659972238582,0.014649171520275128
2026-01-06,0.018836660142734905,0.009967213071040279,0.01263841999863085,0.012882623101884835,-0.0013070303838019649,0.017053095775462157,0.017974814825724418
2026-01-07,0.004005312095233869,0.0036355715504010305,-0.0006401586695583156,-1.7788155754331524e-05,-0.0006990233900040256,-0.0023887779549471933,-0.001857130413337125
2026-01-08,-0.02868037305331233,-0.012497451485588706,-0.010899394585520073,-0.010843239975627111,-0.021005965364401982,-0.010570955802710863,-0.010653859211398721
2026-01-09,0.009977121432065566,0.008862038395687671,0.007061072136664824,0.007439343179481909,0.015341309817383372,0.010233364738025028,0.010311594735908
2026-01-12,-0.0004970139174588973,-5.609037926374824e-05,0.0005949243258660993,0.0009050882522268396,0.01084377304770244,0.0006220758208405498,0.0007009157815094412
2026-01-13,-0.003544820718479924,-0.016564942728713044,-0.025867759734059605,-0.025922382650513616,0.00902461172059173,-0.026991554258877084,-0.02746242537775205
2026-01-14,-0.019203456403723097,-0.017480913261895315,-0.016487257090274408,-0.01653491567532953,-0.021328137630860805,-0.010754758662990175,-0.011054254448574203
2026-01-15,0.003939533343924148,0.001973022282135547,0.0004461082095257986,0.0006944122010285646,0.008307228567567378,0.006298084177322002,0.006935066528914266
2026-01-16,-0.0046977658395661245,-0.0019573598071522254,-0.004969793348437589,-0.004689607243855894,0.006633117858004828,-0.004180596907910978,-0.004369544698455854
2026-01-20,-0.028791450772002125,-0.029413910069564838,-0.030369122387179308,-0.030235836244342926,-0.03869748793190465,-0.02697625615909522,-0.02700488421195975
2026-01-21,0.0048583962180414955,0.012142028807187642,0.012037708787435986,0.012028005556320292,0.007408681996257802,0.0172004693637912,0.01696228260707945
2026-01-22,0.010811309754151583,0.008932465602631588,0.010511803191805232,0.010657135498821736,0.0011475420100104505,0.009209893662985653,0.009235252640558002
2026-01-23,-0.005443728377521357,-0.006001758841291128,-0.005744246658235925,-0.006073063681277778,-0.0033971928272625764,-0.002305092776088948,-0.002249477013936295
2026-01-26,0.011379092367882909,0.011285470169419661,0.007664037654210215,0.007689162202153169,0.0046718038992254645,0.004795967936358052,0.004825211717940754
2026-01-27,0.006946782913231669,-0.0008642744469332359,-0.003438201852553554,-0.003378118813914877,0.013379453141211636,-0.0012226973089003008,-0.0010593347057903275
2026-01-28,0.007899944865654528,0.0037242207531364255,0.005340751423914665,0.0054286720820023,0.007570897319464665,0.0075647870886976125,0.0075657659587989095
2026-01-29,-0.015042162657498309,-0.02002284968866854,-0.02091144904996844,-0.021532688147484116,-0.0034705837990502727,-0.020420059347623712,-0.020646045168001285
2026-01-30,-0.010599307093000727,-0.013463381737008713,-0.013511278715313532,-0.013605113289626665,-0.015376549726054956,-0.018722754827517233,-0.019038504298880154
2026-02-02,0.014007979784113243,0.004249735308509207,0.0041358638249188,0.004817949721663502,-0.011174706072921587,0.006202313193795196,0.007035993709356087
2026-02-03,-0.035977801745966126,-0.03653167253998725,-0.04117403847138624,-0.04122235224801301,-0.024585726020537668,-0.040239929012248925,-0.04094505611784891
2026-02-04,0.003786429702607613,0.003532094036653677,0.009023040021739606,0.009997966516663242,-0.028431355079198858,0.011070754150514516,0.010364022317297944
2026-02-05,-0.045338134970925335,-0.045468352010770874,-0.03758751461616727,-0.03658974164621008,-0.030892662670340174,-0.03756279596517398,-0.03682824981297924
2026-02-06,0.03188901939665888,0.031015106131341688,0.02444407729706766,0.023210345174908085,0.06877876878726633,0.022332874141040515,0.020001881181527452
2026-02-09,0.00926793295405598,0.009453128490505164,0.006371054558983187,0.005822992155905322,0.029831707961280506,0.005081261897809671,0.00474726863042533
2026-02-10,0.0061200208119413955,0.00606170089825423,0.003137141820926311,0.002747470810582545,-0.004007305345818983,0.0027128470457523685,0.0029205402281584233
2026-02-11,-0.010453024121411365,-0.011418314632669124,-0.019459046717453854,-0.018986723386800283,0.0018703834830348532,-0.01790024875344313,-0.017619057009893017
2026-02-12,-0.02050486698176878,-0.021877686642487928,-0.019285815796089324,-0.017097800473361468,-0.03307169203823804,-0.016418683993373134,-0.01580803159672522
2026-02-13,0.022327829436323623,0.022430579879907337,0.01907974056695813,0.017958802534426697,0.010703266955271695,0.018242228333140174,0.017927570235679112
2026-02-17,-0.012518788586886695,-0.013328859782516416,-0.012215331268293507,-0.012595253636894408,0.004118488760492397,-0.012841632330385813,-0.012914472928663455
2026-02-18,0.0067750546881232806,0.008929438543143934,0.01098008040029444,0.010692016560295602,0.012911719059939592,0.01063516317621065,0.01095030662616053
2026-02-19,-0.0010149545841544117,2.6929533416345144e-05,-0.0050102442504619815,-0.004957419026385413,-0.0005191138124895787,-0.003982285999823064,-0.0037484768694183244
2026-02-20,-0.00808208817833491,-0.007800405876549857,0.005442211106013298,0.00589564994001701,0.005594464222779544,0.005425716057842369,0.0060916258787945265
2026-02-23,-0.04655093743463536,-0.04837837947533307,-0.03801847208674478,-0.03691327709875355,-0.013614350306225716,-0.03563752694115045,-0.03536197421923737
2026-02-24,0.01934173508530831,0.019109160838526568,0.02589017899995507,0.026039557899938705,0.010697366307738,0.025355098265393606,0.02563050454633802
2026-02-25,0.023380795180854383,0.02346530774949001,0.022684212706116955,0.02150896889962396,0.019142207334913494,0.02162340394060832,0.021148437552550574
2026-02-26,0.008312644100300887,0.009374040748496222,0.007468099240978404,0.006781524524898633,-0.027978715488633652,0.00591653393899376,0.005694866546830214
2026-02-27,0.032896005053814764,0.03196795920674188,0.031718812208203384,0.03279027625575303,-0.023234500380540677,0.03389713570773489,0.034978919246794894
2026-03-02,0.011173373401227567,0.010462610634753632,0.0032527183197539893,0.0021660553508866557,0.018297242061775583,0.003394802994550542,0.0021789676436801283
2026-03-03,0.0007679273224432832,0.0005092123817953543,0.00039160008762444387,0.0010428136804332112,-0.01806838397438982,-0.0006056133047463117,0.0001114221728456818
2026-03-04,0.01992211113913982,0.019108157889687075,0.009697042040187261,0.009413327832731277,0.031622368858489375,0.008690436606717382,0.008573835078725627
2026-03-05,0.009528600576139851,0.007199479932641488,0.005856553850655867,0.005963528190100415,0.001764715852619126,0.004739188466580774,0.0053191384498299694
2026-03-06,-0.009391052813827116,-0.009973085124950619,-0.010697923380290944,-0.010538863955590783,-0.02745640252646736,-0.009769759448800827,-0.009389333637969923
2026-03-09,0.012107802078952946,0.011677034608917987,0.004498204162915648,0.004680156382272075,0.02375374416296118,0.004014993973138776,0.003627616187061129
2026-03-10,-0.007785512668898687,-0.007190753791180294,-0.012894428510592974,-0.01357213714286708,0.00028586387154657875,-0.011050953260531354,-0.011347478052559616
2026-03-11,0.008968987618036672,0.009017680031636822,0.00453009784597361,0.003984311278662384,-0.0024194942480087103,0.005594049999709027,0.00521680156483258
2026-03-12,-0.008423986722865442,-0.00861644440251966,-0.0013585051980469344,-0.0014210427232962189,-0.02044538342817079,-0.0008398851986909987,-0.0010175139007476753
2026-03-13,0.0032060191971142317,0.0018492695599931148,-0.006562106035636224,-0.005889358093836196,-0.0029628347513998635,-0.007603022418959172,-0.007335715810863293
2026-03-16,0.005659936579461532,0.006559373304826393,0.02360479572870913,0.023294047846821195,0.013337603439774866,0.02337119605852272,0.023282352291600417
2026-03-17,0.0032024975848271905,0.00487771713236551,-0.004544751642463046,-0.0051459421818837005,0.0015488694661660333,-0.003903799062252406,-0.004017901273905852
2026-03-18,-0.009622746473575836,-0.010910833664602472,-0.013260688311398589,-0.013998249207843665,-0.007567209505459791,-0.011859498579723751,-0.012540740311409213
2026-03-19,0.008778292595323674,0.007458095763142737,0.01320482116214904,0.0130881284087772,-0.00806526241285296,0.014654846948386913,0.014283879366599235
2026-03-20,-0.022919991303819758,-0.020084620636246935,-0.007924746446534554,-0.008368629297631963,-0.026775129841336627,-0.008377133388838146,-0.008233650117660557
2026-03-23,0.024870394471648644,0.026700477600242484,0.023630656341137125,0.023671582158052776,0.0168996482214843,0.02243516476890679,0.022359685900616304
2026-03-24,0.003789072358056192,0.004023350717077855,0.0014505450149551436,0.0008482250697354795,-0.008524075299598107,0.0016332122175782213,0.001012514465992143
2026-03-25,0.011133629072454387,0.009520887807166289,0.012892449570235021,0.012139207900936992,0.013094775593283,0.012250154616138292,0.011723756438201578
2026-03-26,-0.02153861407283439,-0.02210908752742115,-0.021563890993301225,-0.02174035326644679,-0.03761940845779867,-0.02000725013024216,-0.019928031408471686
2026-03-27,-0.03021418751439487,-0.03167035585653814,-0.02535118551040637,-0.02436073817384072,-0.01811723889584154,-0.02411378196134839,-0.024076101502274745
2026-03-30,-0.011206194445941243,-0.010495062000254213,-0.009818775992197885,-0.009818024436821426,-0.011212557973288715,-0.0099157442184209,-0.009440086308082199
2026-03-31,0.02609906589892022,0.028085230493658495,0.023809092681185126,0.023437204391707444,0.05198750594990342,0.021460257700546225,0.02133564690631722
2026-04-01,0.01601554721977573,0.014779961414350345,0.01248603228209831,0.012752786893590913,0.006793542128272958,0.012384732890492614,0.01306697960084642
2026-04-02,0.010636722067964628,0.010485585903361919,0.007494917059918129,0.00776318649903317,0.0036111449976555677,0.007880325175386626,0.0075883329875842676
2026-04-06,-0.00505123371897792,-0.00505123371897792,-0.010155455731722496,-0.010155455731722496,0.00040932409301641746,-0.010155455731722496,-0.010155455731722496
2026-04-07,0.043903543795208,0.043903543795208,0.007427551533656596,0.007427551533656596,0.0025895446715138437,0.007427551533656596,0.007427551533656596
2026-04-08,0.025767003697928836,0.025767003697928836,0.003882593571907178,0.003882593571907178,0.02234697131467711,0.003882593571907178,0.003882593571907178
2026-04-09,-0.04812488641957996,-0.04812488641957996,-0.02524790741007782,-0.02524790741007782,0.010050537196021336,-0.02524790741007782,-0.02524790741007782
2026-04-10,-0.029923733946390474,-0.029923733946390474,-0.027322212439774007,-0.027322212439774007,0.025664733438725884,-0.027322212439774007,-0.027322212439774007
2026-04-13,0.06434929922828436,0.06434929922828436,0.057541625995614964,0.057541625995614964,0.0036049019677630856,0.057541625995614964,0.057541625995614964
2026-04-14,-0.018571518877249837,-0.018571518877249837,-0.01827885797683365,-0.01827885797683365,0.03803284053190992,-0.01827885797683365,-0.01827885797683365
2026-04-15,-0.0036949157137138866,-0.0036949157137138866,-0.0012338895445072606,-0.0012338895445072606,0.01200957038482553,-0.0012338895445072606,-0.0012338895445072606
2026-04-16,0.0531516290331846,0.0531516290331846,0.05478190198257604,0.05478190198257604,-0.0026147182905369437,0.05478190198257604,0.05478190198257604
2026-04-17,0.015834289056912865,0.015834289056912865,0.011497934263876464,0.011497934263876464,0.016788436953855124,0.011497934263876464,0.011497934263876464
2026-04-20,0.030412754916415485,0.030412754916415485,0.030899886885508487,0.030899886885508487,0.0018841972263623497,0.030899886885508487,0.030899886885508487
2026-04-21,0.04048749345939184,0.04048749345939184,0.023741938304963073,0.023741938304963073,-0.010788838474320328,0.023741938304963073,0.023741938304963073
2026-04-22,0.024374899173794762,0.024374899173794762,0.012580063173963651,0.012580063173963651,0.013107839969903834,0.012580063173963651,0.012580063173963651
2026-04-23,-0.02865675398716422,-0.02865675398716422,-0.04931352106753745,-0.04931352106753745,-0.014123459804205263,-0.04931352106753745,-0.04931352106753745
2026-04-24,0.012385827369123192,0.012385827369123192,0.023331811337234498,0.023331811337234498,0.04322783464835034,0.023331811337234498,0.023331811337234498
2026-04-27,0.006952372190482781,0.006952372190482781,0.005391379776603034,0.005391379776603034,0.040044155023784445,0.005391379776603034,0.005391379776603034
2026-04-28,-0.02282604268483257,-0.02282604268483257,-0.020080444779503992,-0.020080444779503992,-0.01588108781548969,-0.020080444779503992,-0.020080444779503992
2026-04-29,-0.003523714787616705,-0.003523714787616705,-0.0009313083081185503,-0.0009313083081185503,-0.01838907070702589,-0.0009313083081185503,-0.0009313083081185503
2026-04-30,0.0006707065827181169,0.0006707065827181169,-0.004941457424057383,-0.004941457424057383,-0.04626041900014932,-0.004941457424057383,-0.004941457424057383
2026-05-01,0.014013040459955328,0.014013040459955328,0.023567434497518858,0.023567434497518858,-0.005612117727474941,0.023567434497518858,0.023567434497518858
2026-05-04,0.018421207478905632,0.018421207478905632,0.008012426863037492,0.008012426863037492,0.00015116543088011802,0.008012426863037492,0.008012426863037492
2026-05-05,0.018824419076697407,0.018824419076697407,0.015127075985465255,0.015127075985465255,-0.009975794891980194,0.015127075985465255,0.015127075985465255
2026-05-06,-0.001,-0.001,-0.001,-0.001,-0.001,-0.001,-0.001
2026-05-07,0.0,0.0,0.0,0.0,0.0,0.0,0.0
2026-05-08,0.0,0.0,0.0,0.0,0.0,0.0,0.0
2026-05-11,0.0,0.0,0.0,0.0,0.0,0.0,0.0
2026-05-12,0.0,0.0,0.0,0.0,0.0,0.0,0.0
2026-05-13,0.0,0.0,0.0,0.0,0.0,0.0,0.0
2026-05-14,0.0,0.0,0.0,0.0,0.0,0.0,0.0
2026-05-15,0.0,0.0,0.0,0.0,0.0,0.0,0.0
