symbol,fiscal_period_end,error,total_revenue,gross_profit,operating_income,net_income,ebitda,research_development,selling_general_admin,operating_cash_flow,capital_expenditure,free_cash_flow,total_assets,total_debt,stockholders_equity,cash,current_assets,current_liabilities,prior_revenue,prior_revenue_growth_yoy,revenue_growth_yoy,revenue_growth_accel,gross_margin,operating_margin,net_margin,ebitda_margin,cfo_margin,fcf_margin,capex_to_revenue,rd_to_revenue,sga_to_revenue,debt_to_assets,debt_to_equity,cash_to_assets,current_ratio,asset_turnover,availability_date,current_market_cap,market_cap_bucket,trade_date,trade_close,reporting_lag_days,fwd_3m_return,fwd_3m_return_end_date,fwd_6m_return,fwd_6m_return_end_date,fwd_12m_return,fwd_12m_return_end_date,trailing_3m_return,trailing_6m_return,trailing_12m_return,realized_vol_3m,drawdown_12m,relative_6m_vs_spy,log_market_cap,growth_x_trailing_6m,growth_x_fcf_margin
BOOT,2023-03-31,,1657615000.0,610572000.0,231787000.0,170553000.0,267703000.0,,378785000.0,88887000.0,-124534000.0,-35647000.0,1517381000.0,447719000.0,776450000.0,18193000.0,669173000.0,374842000.0,1488256000.0,,0.1137969542874344,,0.3683436744961888,0.1398316255584077,0.1028905988423126,0.1614989005287717,0.0536234288420411,-0.0215049936203521,0.0751284224623932,0.0,0.2285120489377811,0.2950603704672722,0.5766230922789619,0.0119897375807394,1.785213503289386,1.09241844994764,2023-06-29,4365484032.0,low_cap,2023-06-29,85.0,90,-0.0320000143612132,2023-09-28,-0.091294142779182,2023-12-28,0.5309412339154411,2024-07-01,0.14185917802603254,0.4266531954971464,0.14354900990312425,0.4242974034614776,-0.027682432162358217,0.26929691653281806,22.196994909437286,0.048551834184576585,-0.0024472027759667764
AI,2023-04-30,,266795000.0,180458000.0,-290493000.0,-268839000.0,-284405000.0,210660000.0,260291000.0,-115691000.0,-71518000.0,-187209000.0,1103028000.0,2339000.0,929665000.0,284829000.0,888879000.0,136039000.0,252759000.0,,0.0555311581387805,,0.6763919863565659,-1.0888247530875763,-1.007661312993122,-1.0660057347401564,-0.4336325643284169,-0.7016960587717161,0.2680634944432992,0.7895950074026875,0.9756217320414552,0.0021205264054946,0.0025159600501255,0.2582246325569251,6.53400127904498,0.2418750929260182,2023-07-29,1256769024.0,low_cap,2023-07-31,42.0,90,-0.4083333242507208,2023-10-27,-0.3921428407941546,2024-01-30,-0.3630952380952381,2024-07-31,1.3569023972654057,1.3635339852594264,1.2653720564180118,1.2246863362685116,-0.0942419459250814,1.2265686140709844,20.951809997880115,0.0757186213630428,-0.038965994805011187
MDT,2023-04-30,,31227000000.0,20508000000.0,5830000000.0,3758000000.0,8697000000.0,2696000000.0,10415000000.0,6039000000.0,-1459000000.0,4580000000.0,90948000000.0,24364000000.0,51483000000.0,1543000000.0,21675000000.0,9051000000.0,31686000000.0,,-0.0144858928233289,,0.6567393601690844,0.1866974092932398,0.1203445736061741,0.2785089826112018,0.193390335286771,0.1466679476094405,0.0467223876773305,0.0863355429596182,0.3335254747494156,0.2678893433610415,0.4732435949730979,0.0169657386638518,2.394763009612197,0.3433500461802348,2023-07-29,97767841792.0,large_cap,2023-07-31,80.23780059814453,90,-0.2021084291811802,2023-10-27,0.0078341310471907,2024-01-30,-0.0531681824608685,2024-07-31,-0.027476182158092888,0.08028436212710965,-0.029388225218174524,0.18752422834772003,-0.04812629297365412,-0.05668100906133233,25.305861543882617,-0.0011629906651626364,-0.002124616169687973
NKE,2023-05-31,,51217000000.0,22292000000.0,5915000000.0,5070000000.0,6774000000.0,,16377000000.0,5841000000.0,-969000000.0,4872000000.0,37531000000.0,12144000000.0,14004000000.0,7441000000.0,25202000000.0,9256000000.0,46710000000.0,,0.0964889745236565,,0.4352461096901419,0.1154889977937013,0.0989905695374582,0.1322607727902844,0.1140441650233321,0.0951246656383622,0.0189194993849698,0.0,0.3197571118964406,0.3235725133889318,0.8671808054841473,0.1982627694439263,2.7227744165946413,1.3646585489328822,2023-08-29,62019551232.0,large_cap,2023-08-29,96.46327209472656,90,0.0721701529797524,2023-11-28,0.0280992790522092,2024-02-29,-0.1702002762813286,2024-08-29,-0.04144774389507966,-0.13800711894196238,-0.04871217676889994,0.24949516524963522,-0.2092962288829735,-0.2800578934747936,24.850715514733135,-0.01331616538367424,0.009178481439351273
ORCL,2023-05-31,,49954000000.0,36390000000.0,13773000000.0,8503000000.0,18739000000.0,8623000000.0,10412000000.0,17165000000.0,-8695000000.0,8470000000.0,134384000000.0,90481000000.0,1073000000.0,9765000000.0,21004000000.0,23090000000.0,42440000000.0,,0.1770499528746465,,0.728470192577171,0.2757136565640389,0.1702165992713296,0.3751251151058974,0.3436161268366897,0.1695559915121912,0.1740601353244985,0.1726188093045602,0.2084317572166393,0.6733018811763305,84.32525629077354,0.0726649005834027,0.9096578605456908,0.3717258006905584,2023-08-29,554933092352.0,large_cap,2023-08-29,116.87006378173828,90,-0.0330265061093549,2023-11-28,-0.0673601989451504,2024-02-29,0.1713518513332306,2024-08-29,0.15143508517153825,0.39108020627561046,0.6431830249539012,0.2786078984199651,-0.043276243243678736,0.24902943174277925,27.04211338910487,0.06924073209130387,0.030019880306847414
BILL,2023-06-30,,1058468000.0,864491000.0,-295773000.0,-223725000.0,-119000000.0,314632000.0,764912000.0,187768000.0,-31203000.0,156565000.0,9636018000.0,1912305000.0,4085969000.0,1617151000.0,6673164000.0,3753436000.0,641959000.0,,0.6488093476374659,,0.8167379646810295,-0.2794349947282298,-0.2113668056096169,-0.1124266392559812,0.1773960100824965,0.1479166115555689,0.0294793985269275,0.2972522551461168,0.7226595419039593,0.198453863411214,0.4680175008669914,0.1678235760871347,1.7778813865482188,0.1098449587786158,2023-09-28,3990840832.0,low_cap,2023-09-28,104.26000213623048,90,-0.2007481284896558,2023-12-28,-0.3813543192170511,2024-04-01,-0.4939574406243078,2024-09-30,-0.10213572450764219,0.40285256410585446,-0.19008773715102167,0.4138411123429714,-0.30728851278049085,0.32740967096003604,22.10726778048381,0.26137450931159983,0.0959696802481131
EL,2023-06-30,,15910000000.0,11346000000.0,1771000000.0,1006000000.0,2396000000.0,,9575000000.0,1731000000.0,-3289000000.0,-1558000000.0,23415000000.0,10169000000.0,5585000000.0,4029000000.0,9139000000.0,6240000000.0,17737000000.0,,-0.1030050177594857,,0.7131363922061597,0.1113136392206159,0.0632306725329981,0.1505971087366436,0.1087994971715902,-0.0979258328095537,0.2067253299811439,0.0,0.6018227529855437,0.4342942558189195,1.8207699194270368,0.1720691864189622,1.4645833333333331,0.6794789664744821,2023-09-28,29044895744.0,mid_cap,2023-09-28,135.32037353515625,90,0.0449226440616501,2023-12-28,0.0814554580352886,2024-04-01,-0.2817510370580522,2024-09-30,-0.25964441818259687,-0.415336849829813,-0.3637074535005985,0.27337763290961464,-0.4892587972907615,-0.49077974297563143,24.09210859891984,0.04278177959288874,0.010086852147660507
KLAC,2023-06-30,,10496056000.0,6277749000.0,3994696000.0,3387277000.0,4501243000.0,1296727000.0,986326000.0,3669805000.0,-341591000.0,3328214000.0,14072357000.0,6063132000.0,2919753000.0,1927865000.0,8372032000.0,3742842000.0,9211883000.0,,0.1394039633373545,,0.5981055169675161,0.3805901950218253,0.3227190289381078,0.4288508940882175,0.3496365682500169,0.3170918676500964,0.0325447005999205,0.1235442150842183,0.0939711068614725,0.4308540495383964,2.0765907253113536,0.1369965955241186,2.236811492443443,0.7458633972972687,2023-09-28,235693834240.0,large_cap,2023-09-28,448.38671875,90,0.2833366093285825,2023-12-28,0.5595648080793121,2024-04-01,0.7055117576467718,2024-09-30,-0.03749405424286145,0.19664212609150855,0.5045134675974958,0.34013765076694824,-0.10785434370015068,0.12119923294569013,26.185799487191222,0.0274126917362401,0.0442038630924673
LRCX,2023-06-30,,17428516000.0,7776925000.0,5217010000.0,4510931000.0,5638104000.0,1727162000.0,832753000.0,5178938000.0,-501568000.0,4677370000.0,18781643000.0,5011541000.0,8210172000.0,5337056000.0,13228412000.0,4184918000.0,17227039000.0,,0.0116953935032015,,0.4462184273176213,0.2993375913359462,0.258824732983577,0.3234987993240503,0.2971531253722348,0.2683745420436255,0.0287785833286092,0.099099774186167,0.047781061795508,0.2668318740804518,0.6104063349708142,0.2841634248931257,3.160972807591451,0.9279548120470612,2023-09-28,356062593024.0,large_cap,2023-09-28,61.31550979614258,90,0.2618290249667574,2023-12-28,0.5721981525733082,2024-04-01,0.3132628981143053,2024-09-30,-0.017089267174603462,0.2237551492942249,0.6878271948245898,0.3635756817322527,-0.12733720450063646,0.14831225614840648,26.598372375444495,0.0026169045193635597,0.0031387458754416953
MSFT,2023-06-30,,211915000000.0,146052000000.0,88523000000.0,72361000000.0,105140000000.0,27195000000.0,30334000000.0,87582000000.0,-28107000000.0,59475000000.0,411976000000.0,59965000000.0,206223000000.0,34704000000.0,184257000000.0,104149000000.0,198270000000.0,,0.0688202955565642,,0.6892008588349102,0.417728806361041,0.3414623787839464,0.4961423212136941,0.4132883467427978,0.2806549795908737,0.1326333671519241,0.1283297548545407,0.1431422976193285,0.145554595413325,0.2907774593522546,0.0842379167718507,1.76916725076573,0.5143867603938094,2023-09-28,3134205460480.0,large_cap,2023-09-28,307.7041015625,90,0.1989596590169762,2023-12-28,0.3589416402984553,2024-04-01,0.3822531094389203,2024-09-30,-0.061918842437220234,0.12292298457196771,0.33949508528930594,0.21865755342832377,-0.12569446678486684,0.047480091426149285,28.7733968162585,0.0084595961289378,0.019314758644865423
PG,2023-06-30,,82006000000.0,39246000000.0,18134000000.0,14653000000.0,21823000000.0,,21112000000.0,16848000000.0,-3062000000.0,13786000000.0,120829000000.0,35424000000.0,46777000000.0,8246000000.0,22648000000.0,35756000000.0,80187000000.0,,0.0226844750395949,,0.4785747384337731,0.2211301612077165,0.1786820476550496,0.2661146745360095,0.20544838182572,0.168109650513377,0.037338731312343,0.0,0.2574445772260566,0.2931746517806156,0.757295251940056,0.068245206034975,0.6334041839131894,0.6786946842231584,2023-09-28,329659777024.0,large_cap,2023-09-28,136.23704528808594,90,0.0021168332935539,2023-12-28,0.1112072210671728,2024-04-01,0.2135312464194436,2024-09-30,-0.014178011958032588,0.009359524158902177,0.13784042676632136,0.13357881814874462,-0.06843187899383418,-0.06608336898691625,26.521326980867666,0.0002123158921651019,0.0038134791709857224
PH,2023-06-30,,19065000000.0,6429000000.0,3075000000.0,2083000000.0,4072000000.0,,3354000000.0,2980000000.0,-381000000.0,2599000000.0,29964472000.0,12559459000.0,10326888000.0,475182000.0,6834229000.0,7735370000.0,15861608000.0,,0.2019588430126377,,0.3372147915027537,0.1612903225806451,0.1092578022554419,0.2135851035929714,0.1563073695253081,0.1363231051665355,0.0199842643587726,0.0,0.1759244689221085,0.4191450128004925,1.2161901048989785,0.0158581803143402,0.8835038272248128,0.6362534938042625,2023-09-28,108777250816.0,large_cap,2023-09-28,381.4530944824219,90,0.1814133496220435,2023-12-28,0.4132169762601649,2024-04-01,0.629752337201902,2024-09-30,0.01847073129712884,0.18408301371171087,0.6745171453248189,0.22474072186863284,-0.07345337058262602,0.10864012056589245,25.412568057740817,0.03717719246749665,0.027531656595323643
TEAM,2023-06-30,,3534647000.0,2900882000.0,-345222000.0,-486761000.0,-220066000.0,1869881000.0,1366323000.0,868111000.0,-25812000.0,842299000.0,4106779000.0,1282358000.0,654672000.0,2102550000.0,2736364000.0,2027590000.0,2802882000.0,,0.2610759211411682,,0.8206992098503755,-0.0976680273871761,-0.1377113471302792,-0.0622596825086069,0.2456004800479369,0.2382979120687299,0.0073025679792069,0.5290149200188873,0.3865514717594147,0.3122539586376573,1.958779358212968,0.5119705735322013,1.349564754215596,0.8606859536390928,2023-09-28,22194536448.0,mid_cap,2023-09-28,196.94000244140625,90,0.2248400438223365,2023-12-28,-0.0181273853963767,2024-04-01,-0.1936122900889928,2024-09-30,0.21838655769023996,0.2394738699598531,-0.08224984480960107,0.5278296437740942,-0.18774232043216998,0.16403097681403467,23.823111989589663,0.06252086118900897,0.062213846899360756
CSCO,2023-07-31,,56998000000.0,35753000000.0,15562000000.0,12613000000.0,17471000000.0,7551000000.0,12358000000.0,19886000000.0,-849000000.0,19037000000.0,101852000000.0,8391000000.0,44353000000.0,10123000000.0,43348000000.0,31309000000.0,51557000000.0,,0.1055336811684155,,0.6272676234253833,0.2730271237587284,0.2212884662619741,0.3065195270009474,0.3488894347170076,0.3339941752342187,0.0148952594827888,0.1324783325730727,0.216814625074564,0.0823842438047362,0.1891867517417085,0.0993893099791854,1.384522022421668,0.5596159132859443,2023-10-29,466916868096.0,large_cap,2023-10-30,48.16854095458984,90,-0.0193819733978379,2024-01-31,-0.0771738929004567,2024-05-01,0.1130402608866298,2024-10-30,-0.013626027513898742,0.10554141086569002,0.19655018640341937,0.1595732658292048,-0.10196320573441953,0.09809259343681886,26.86941706612678,0.011138173604364473,0.035247634801275934
INTU,2023-07-31,,14368000000.0,11225000000.0,3141000000.0,2384000000.0,4043000000.0,2539000000.0,5062000000.0,5046000000.0,-260000000.0,4786000000.0,27780000000.0,6689000000.0,17269000000.0,2848000000.0,5557000000.0,3790000000.0,12726000000.0,,0.1290271884331291,,0.78125,0.2186108017817372,0.165924276169265,0.2813891982182628,0.3511971046770601,0.3331013363028953,0.0180957683741648,0.1767121380846325,0.3523106904231626,0.2407847372210223,0.3873414789507209,0.1025197984161267,1.46622691292876,0.5172066234701224,2023-10-29,109361717248.0,large_cap,2023-10-30,479.05657958984375,90,0.2969869648635732,2024-01-31,0.2656149049868752,2024-05-01,0.2816879336535751,2024-10-30,-0.03962764699696064,0.10549928272981002,0.16363950531185756,0.24534493641564345,-0.11788203238415296,0.09805046530093886,25.417926731945474,0.01361227583233916,0.042979128886480776
PANW,2023-07-31,,6892700000.0,4983000000.0,387300000.0,439700000.0,869000000.0,1604000000.0,2991700000.0,2777500000.0,-146300000.0,2631200000.0,14501100000.0,2270700000.0,1748400000.0,1135300000.0,6048000000.0,7737500000.0,5501500000.0,,0.2528764882304826,,0.722938761298185,0.0561898820491244,0.063792127903434,0.1260754131182265,0.4029625545867367,0.3817372002263264,0.0212253543604102,0.232709968517417,0.4340389107316436,0.156588120901173,1.2987302676733012,0.0782906124362979,0.7816478190630048,0.4753225617366958,2023-10-29,196935139328.0,large_cap,2023-10-30,119.2750015258789,90,0.4190316723331964,2024-01-31,0.2045273219952419,2024-05-01,0.5070635303560347,2024-10-30,-0.05774773955416035,0.3014184346980029,0.4187582010092725,0.45739136135043296,-0.08859932775978074,0.29396961726913173,26.006140269482508,0.07622163525436002,0.09653236262017001
ZS,2023-07-31,,1616952000.0,1254120000.0,-234623000.0,-202335000.0,-109207000.0,350786000.0,1137184000.0,462343000.0,-128724000.0,333619000.0,3608317000.0,1210545000.0,725112000.0,1262206000.0,2890314000.0,1535868000.0,1090946000.0,,0.4821558537269488,,0.7756074391818681,-0.1451020191075554,-0.1251335846704169,-0.0675388013991757,0.2859348947897031,0.2063258525917899,0.0796090421979131,0.216942741652195,0.7032886566824494,0.3354874308437978,1.6694593386952636,0.3498046319101121,1.881876567517521,0.4481180561463973,2023-10-29,25895344128.0,mid_cap,2023-10-30,156.80999755859375,90,0.5029016123852987,2024-01-31,0.0988457384179746,2024-05-01,0.1911230258740646,2024-10-30,-0.0367936448456927,0.7670723612065311,0.01976974183304514,0.4280281992247817,-0.09384573942080088,0.75962354377766,23.977329026094843,0.36984842918788147,0.09948121760233505
ACN,2023-08-31,,64111745000.0,20731607000.0,9873035000.0,6871557000.0,10248473000.0,,10858572000.0,9524268000.0,-528172000.0,8996096000.0,51245305000.0,3149034000.0,25692839000.0,9045032000.0,23381931000.0,18009038000.0,61594305000.0,,0.0408713110733207,,0.3233667559664769,0.1539972902001029,0.1071809385316216,0.159853284292917,0.1485573041257885,0.1403190008320628,0.0082383032937256,0.0,0.169369465766374,0.0614501952910613,0.1225646570236944,0.1765045988115399,1.2983442535908911,1.2510754887691662,2023-11-29,103897767936.0,large_cap,2023-11-29,320.7283630371094,90,0.1471209206568415,2024-03-01,-0.1467635340435964,2024-05-31,0.1045637490274393,2024-11-29,0.035491317132460454,0.09812140407366265,0.16529954414218895,0.20106543299624843,-0.0020954837572709772,0.0022542213171357073,25.36667325201044,0.004010350428845663,0.005735021532504785
AZO,2023-08-31,,17457209000.0,9070422000.0,3473986000.0,2528426000.0,3983617000.0,,5596436000.0,2940788000.0,-796657000.0,2144131000.0,15985878000.0,10929767000.0,-4349894000.0,277054000.0,6779426000.0,8511856000.0,16252230000.0,,0.0741423792304194,,0.5195803063364826,0.1990000807116418,0.144835637815873,0.22819323524167,0.1684569394798447,0.122822096017754,0.0456348434620906,0.0,0.3205802256248407,0.6837139004814125,2.5126513427683523,0.0173311719256208,0.7964685962732452,1.0920394237964284,2023-11-29,55024222208.0,large_cap,2023-11-29,2596.510009765625,90,0.1692579573411388,2024-03-01,0.0667934770088869,2024-05-31,0.220692401393284,2024-11-29,0.01300340944214029,0.08784414294813359,0.019846986105354958,0.22678687465991582,-0.05016732115569933,-0.008023039808393362,24.73103932901142,0.006512973759631693,0.009106322420823302
COST,2023-08-31,,242290000000.0,29704000000.0,8114000000.0,6292000000.0,10724000000.0,,21590000000.0,11068000000.0,-4323000000.0,6745000000.0,68994000000.0,8884000000.0,25058000000.0,13700000000.0,35879000000.0,33583000000.0,226954000000.0,,0.0675731646060435,,0.1225968880267448,0.03348879441991,0.025968880267448,0.0442610095340294,0.0456807957406413,0.0278385405918527,0.0178422551487886,0.0,0.0891080936068347,0.1287648201292866,0.354537473062495,0.1985679914195437,1.0683679242473871,3.5117546453314783,2023-11-29,465369300992.0,large_cap,2023-11-29,566.8870849609375,90,0.3057688742250921,2024-03-01,0.413357389061312,2024-05-31,0.700721090436373,2024-11-29,0.08608201757586298,0.15343580104113608,0.11563240990756563,0.16898148333531393,-0.014946955130074713,0.05756861828460913,26.866097123008977,0.01036814264021283,0.0018811382858052862
MU,2023-08-31,,15540000000.0,-1416000000.0,-5405000000.0,-5833000000.0,2486000000.0,3114000000.0,920000000.0,1559000000.0,-7676000000.0,-6117000000.0,64254000000.0,13933000000.0,44120000000.0,8577000000.0,21244000000.0,4765000000.0,30758000000.0,,-0.4947655894401457,,-0.0911196911196911,-0.3478120978120978,-0.3753539253539253,0.1599742599742599,0.1003217503217503,-0.3936293436293436,0.4939510939510939,0.2003861003861003,0.0592020592020592,0.216842531204283,0.3157978241160471,0.1334858530208236,4.458342077649528,0.2418526473060043,2023-11-29,817223696384.0,large_cap,2023-11-29,75.98062896728516,90,0.2423708443464776,2024-03-01,0.6336969030718451,2024-05-31,0.2827270752800526,2024-11-29,0.12818251508114553,0.1284822961137524,0.3864306382210969,0.2586251189322678,-0.024548648698416553,0.032615113357225445,27.429178696513034,-0.06356861896934404,0.19475425422170986
AAPL,2023-09-30,,383285000000.0,169148000000.0,114301000000.0,96995000000.0,125820000000.0,29915000000.0,24932000000.0,110543000000.0,-10959000000.0,99584000000.0,352583000000.0,111088000000.0,62146000000.0,29965000000.0,143566000000.0,145308000000.0,394328000000.0,,-0.0280046053031993,,0.4413112957720756,0.2982141226502472,0.2530623426432028,0.3282674772036474,0.2884094081427658,0.259817107374408,0.0285923007683577,0.078048971392045,0.0650482017297833,0.3150690759338936,1.7875325845589418,0.0849870810560917,0.9880116717592976,1.087077369016657,2023-12-29,4409585041408.0,large_cap,2023-12-29,190.37506103515625,90,-0.121926722569455,2024-04-02,0.1470950801592123,2024-07-02,0.3070525839944471,2024-12-31,0.12600700725336722,-0.00477422672180583,0.5360690759666222,0.1559554130364183,-0.02816618577727492,-0.08517587179158581,29.114801706041277,0.00013370033497215936,-0.007276075543039248
APD,2023-09-30,,12600000000.0,3767000000.0,2739200000.0,2300200000.0,4418200000.0,105600000.0,957000000.0,3206300000.0,-4626400000.0,-1420100000.0,32002500000.0,11031600000.0,14312900000.0,1617000000.0,5200500000.0,3895800000.0,12698600000.0,,-0.0077646354716267,,0.298968253968254,0.2173968253968254,0.1825555555555555,0.3506507936507936,0.2544682539682539,-0.1127063492063492,0.3671746031746031,0.0083809523809523,0.0759523809523809,0.3447105694867588,0.7707452717478638,0.0505273025544879,1.3348991221315265,0.3937192406843215,2023-12-29,65775423488.0,large_cap,2023-12-29,258.1552734375,90,-0.1176074849348025,2024-04-02,-0.0701710273462177,2024-07-02,0.0808781459120639,2024-12-31,-0.027669344880368874,-0.07438394980297691,-0.08884759008976739,0.31421735686577607,-0.12432840959649405,-0.1547855948727569,24.909512102286097,0.0005775642551598944,0.0008751237169251647
EMR,2023-09-30,,15165000000.0,7427000000.0,2759000000.0,13219000000.0,4215000000.0,,4186000000.0,637000000.0,-363000000.0,274000000.0,42746000000.0,8561000000.0,20689000000.0,8051000000.0,13819000000.0,5032000000.0,13804000000.0,,0.0985946102578962,,0.4897461259479063,0.1819320804484009,0.8716782063963073,0.277942631058358,0.0420046158918562,0.018067919551599,0.0239366963402571,0.0,0.2760303330036268,0.2002760492209797,0.413794770167722,0.1883451083142282,2.7462241653418125,0.3547700369625228,2023-12-29,74521305088.0,large_cap,2023-12-29,93.192138671875,90,0.1695521364106729,2024-04-02,0.1334332388038195,2024-07-02,0.29731221264556,2024-12-31,0.013893424178198721,0.08911054318488687,0.04624759988080451,0.24013671601053638,-0.022056741926744228,0.008708898115106889,25.03435089578463,0.00878581927518335,0.0017813994863609263
QCOM,2023-09-30,,35820000000.0,19951000000.0,8650000000.0,7232000000.0,9946000000.0,8818000000.0,2483000000.0,11299000000.0,-1450000000.0,9849000000.0,51040000000.0,15398000000.0,21581000000.0,8450000000.0,22464000000.0,9628000000.0,44200000000.0,,-0.1895927601809954,,0.5569793411501954,0.2414852037967615,0.2018983807928531,0.2776661083193746,0.3154383026242323,0.2749581239530988,0.0404801786711334,0.2461753210496929,0.0693188163037409,0.3016849529780564,0.7134979843380752,0.1655564263322884,2.333194848358953,0.7018025078369906,2023-12-29,212370472960.0,large_cap,2023-12-29,137.8426055908203,90,0.1886108532174082,2024-04-02,0.3966756305560994,2024-07-02,0.0831046975127338,2024-12-31,0.310551248339171,0.2313544511304011,0.38823937642705686,0.2346478446195003,-0.00843270607037172,0.15095280606062111,26.08159810045469,-0.04386312896997196,-0.052130069654456275
SBUX,2023-09-30,,35975600000.0,9846200000.0,5502900000.0,4124500000.0,7402300000.0,,2441300000.0,6008700000.0,-2333600000.0,3675100000.0,29445500000.0,24599800000.0,-7994800000.0,3551500000.0,7303400000.0,9345300000.0,32250300000.0,,0.1155121037633759,,0.2736910572721511,0.1529620075829173,0.1146471497348202,0.2057589032566517,0.1670215368193998,0.102155349737044,0.0648661870823558,0.0,0.0678598828094597,0.8354349561053471,3.076975033771952,0.1206126572820974,0.7815051416219918,1.221769030921533,2023-12-29,121737052160.0,large_cap,2023-12-29,90.03768157958984,90,-0.0642923533178509,2024-04-02,-0.1888483918755872,2024-07-02,-0.0247880360827795,2024-12-31,0.05771412817737631,-0.020266910275383077,-0.005838228569714832,0.26230862038224717,-0.14860661347733517,-0.10066855534516306,25.52512924549198,-0.002341073442693079,0.01180017935880938
V,2023-09-30,,32653000000.0,26086000000.0,21927000000.0,17273000000.0,22624000000.0,,3216000000.0,20755000000.0,-1059000000.0,19696000000.0,90499000000.0,20463000000.0,38733000000.0,16286000000.0,33532000000.0,23098000000.0,29310000000.0,,0.1140566359604231,,0.7988852479098398,0.6715156340918139,0.5289866168499066,0.6928612991149359,0.6356230667932502,0.6031911309833706,0.0324319358098796,0.0,0.0984901846690962,0.2261129957237096,0.5283091937107892,0.1799577895888352,1.451727422287644,0.3608106166918971,2023-12-29,619492999168.0,large_cap,2023-12-29,255.4952087402344,90,0.0714780471775966,2024-04-02,0.0340985087673091,2024-07-02,0.2231833548393724,2024-12-31,0.13431704594915472,0.10070277039719966,0.28014740230201407,0.1339822333491252,-0.00773702827002043,0.020301125327419678,27.152167237173707,0.011485819223399474,0.0687979512411262
AMAT,2023-10-31,,26517000000.0,12384000000.0,7654000000.0,6856000000.0,8469000000.0,3102000000.0,1628000000.0,8700000000.0,-1106000000.0,7594000000.0,30729000000.0,5999000000.0,16349000000.0,6132000000.0,19147000000.0,7372000000.0,25785000000.0,,0.0283885980221059,,0.4670211562393936,0.2886450201757363,0.2585511181506204,0.3193800203642946,0.3280914130557755,0.2863823207753516,0.0417090922804238,0.1169815589998868,0.0613945770637704,0.1952227537505288,0.3669337574163557,0.1995509128185102,2.5972599023331524,0.8629307819974616,2024-01-29,346505936896.0,large_cap,2024-01-29,165.3115692138672,90,0.2203694916095917,2024-04-29,0.1718466153196196,2024-07-30,0.0870071319923952,2025-01-30,0.2904462615163763,0.11372510842358863,0.4712027395091247,0.327601999340226,-0.032502585102078374,0.030380814959270364,26.571165789328575,0.003228496388057667,0.008129992585129244
AVGO,2023-10-31,,35819000000.0,24690000000.0,16451000000.0,14082000000.0,20554000000.0,5253000000.0,1592000000.0,18085000000.0,-452000000.0,17633000000.0,72861000000.0,39229000000.0,23988000000.0,14189000000.0,20847000000.0,7405000000.0,33203000000.0,,0.0787880613197602,,0.6892989754041151,0.459281386973394,0.3931433038331611,0.5738295318127251,0.5048996342723135,0.4922806331835059,0.0126190010888076,0.1466540104413858,0.0444456852508445,0.5384087509092655,1.6353593463398366,0.194740670591949,2.8152599594868333,0.4916073070641358,2024-01-29,2013133668352.0,large_cap,2024-01-29,118.83319854736328,90,0.1039202398864127,2024-04-29,0.1873248755032275,2024-07-30,0.7947952917700996,2025-01-30,0.47973336935833877,0.36702183633922614,1.0807344479330325,0.3325026066742242,-0.028790761815043253,0.2836775428749079,28.330713662941015,0.02891693894718594,0.03878583671379244
DE,2023-10-31,,60248000000.0,22306000000.0,14591000000.0,10166000000.0,17476000000.0,2177000000.0,4309000000.0,8589000000.0,-4468000000.0,4121000000.0,104087000000.0,63692000000.0,21785000000.0,7458000000.0,76369000000.0,37782000000.0,51282000000.0,,0.1748371748371748,,0.3702363563935732,0.2421823131058292,0.1687358916478555,0.2900677200902934,0.1425607489045279,0.0684006108086575,0.0741601380958704,0.0361339795511884,0.0715210463417872,0.6119111896778656,2.923663070920358,0.0716515991430245,2.021306442221164,0.5788234842007167,2024-01-29,151754391552.0,large_cap,2024-01-29,385.364501953125,90,0.0119806386379575,2024-04-29,-0.0580169317680032,2024-07-30,0.2251547876306738,2025-01-30,0.08010194729529774,-0.06219069394693111,-0.04310498539191021,0.22533313686028553,-0.10257495780846049,-0.14553498741124937,25.74552920585443,-0.010873245230844824,0.0119589695509228
SNPS,2023-10-31,,5318014000.0,4287171000.0,1326330000.0,1229888000.0,1555293000.0,1849935000.0,1101611000.0,1703274000.0,-191822000.0,1511452000.0,10333131000.0,677596000.0,6147308000.0,1433966000.0,3430624000.0,2985451000.0,4615714000.0,,0.1521541412661182,,0.8061601567803319,0.2494032546736432,0.2312682892523412,0.2924574850686741,0.320283850324576,0.2842136180912649,0.0360702322333111,0.3478620026197749,0.2071470665552967,0.0655750904541905,0.1102264601025359,0.1387736205028272,1.1491141539419003,0.5146565934371683,2024-01-29,96244596736.0,large_cap,2024-01-29,539.9000244140625,90,0.0090016394365548,2024-04-29,-0.0259492667755102,2024-07-30,-0.0250787894984716,2025-01-30,0.19041322538712024,0.19738308210758237,0.5137241822642113,0.30000945149702457,-0.04962242093466329,0.11403878864326411,25.290158670730726,0.030032653358538896,0.043244278996812886
ADBE,2023-11-30,,19409000000.0,17055000000.0,6650000000.0,5428000000.0,7784000000.0,3473000000.0,6764000000.0,7302000000.0,-360000000.0,6942000000.0,29779000000.0,4080000000.0,16518000000.0,7141000000.0,11084000000.0,8251000000.0,17606000000.0,,0.102408269907986,,0.878716059559998,0.3426245556185275,0.2796640733680251,0.4010510587871606,0.3762172188160131,0.3576691225720027,0.0185480962440105,0.1789376062651347,0.3484981194291308,0.1370093018570133,0.2470032691609153,0.2397998589610128,1.3433523209307965,0.6517680244467577,2024-02-28,100079919104.0,large_cap,2024-02-28,551.8200073242188,90,-0.1345003809858158,2024-05-29,0.0158022010572038,2024-08-28,-0.2013337766461944,2025-03-03,-0.10891858168442714,0.04132704015763733,0.7120253002760331,0.305743128839009,-0.13066355971610522,-0.11077693332706029,25.32923489479139,0.0042322306829615,0.03662827604210618
ABBV,2023-12-31,,54318000000.0,33903000000.0,13535000000.0,4863000000.0,17172000000.0,7675000000.0,12872000000.0,22839000000.0,-777000000.0,22062000000.0,134711000000.0,59385000000.0,10360000000.0,12814000000.0,33002000000.0,37841000000.0,58054000000.0,,-0.0643538774244668,,0.6241577377664862,0.2491807503958172,0.0895283331492323,0.3161382966972274,0.420468353032144,0.4061637026400088,0.0143046503921352,0.1412975440921978,0.2369748517986671,0.4408325971895391,5.732142857142857,0.0951221503811863,0.8721228297349436,0.4032187423447231,2024-03-30,371715538944.0,large_cap,2024-04-01,167.3575439453125,90,-0.0486773090745175,2024-07-01,0.1128309918431385,2024-09-30,0.1765025423178674,2025-04-02,0.17923793637954777,0.21059886191236465,0.19032521821649184,0.1468964326349807,-0.007358506498131634,-0.01666220323092782,26.641394718444413,-0.013552853345240524,-0.026138209133962708
ABT,2023-12-31,,40109000000.0,22134000000.0,6478000000.0,5723000000.0,10544000000.0,2741000000.0,10949000000.0,7261000000.0,-2202000000.0,5059000000.0,73214000000.0,15628000000.0,38603000000.0,6896000000.0,22670000000.0,13841000000.0,43653000000.0,,-0.0811857146129704,,0.5518462190530804,0.1615098855618439,0.1426861801590665,0.2628836420753447,0.181031688648433,0.1261312922286768,0.0549003964197561,0.0683387768331297,0.2729811264304769,0.2134564427568497,0.4048390021500919,0.0941896358619936,1.6378874358789104,0.5478323817849046,2024-03-30,147130957824.0,large_cap,2024-04-01,107.15582275390624,90,-0.0747452070212532,2024-07-01,0.0275964021118213,2024-09-30,0.2009867051407434,2025-04-02,0.020212744243258474,0.15424960185112213,0.1596718995793347,0.17789229655881783,-0.07333011052576122,-0.07301146329217034,25.71458889668741,-0.012522864155049513,-0.010240059094642527
AEP,2023-12-31,,18982000000.0,11128000000.0,3735000000.0,2208000000.0,7203000000.0,,,5012000000.0,-7506000000.0,-2494000000.0,96684000000.0,43608500000.0,25246700000.0,330100000.0,6082100000.0,11583600000.0,19639500000.0,,-0.0334784490440184,,0.5862395954061743,0.1967653566536719,0.1163207248972711,0.3794647560847118,0.2640396164787693,-0.1313876303866821,0.3954272468654515,0.0,0.0,0.4510415373795043,1.7272950524226929,0.0034142153820694,0.5250612935529542,0.1963303131852219,2024-03-30,68094746624.0,large_cap,2024-04-01,78.22683715820312,90,0.0422925272798699,2024-07-01,0.2363404616716413,2024-09-30,0.3233195635220807,2025-04-02,0.05168291729529062,0.1585304328991073,-0.02109196504616595,0.2124284450183993,-0.07050697748669421,-0.06873063224418519,24.944165905041107,-0.005307353019738941,0.004398654088914861
AMD,2023-12-31,,22680000000.0,10460000000.0,401000000.0,854000000.0,4051000000.0,5872000000.0,2318000000.0,1667000000.0,-546000000.0,1121000000.0,67885000000.0,3003000000.0,55892000000.0,3933000000.0,16768000000.0,6689000000.0,23601000000.0,,-0.0390237701792296,,0.4611992945326278,0.0176807760141093,0.0376543209876543,0.1786155202821869,0.0735008818342151,0.049426807760141,0.024074074074074,0.2589065255731922,0.1022045855379188,0.0442365765633055,0.0537286194804265,0.0579362156588347,2.506802212587831,0.334094424394196,2024-03-30,691537707008.0,large_cap,2024-04-01,183.33999633789065,90,-0.1399039729945894,2024-07-01,-0.1050506975648689,2024-09-30,-0.4384204148519771,2025-04-02,0.23245498190352265,0.7841571869065753,0.9080029485399741,0.5289790659216728,-0.13265213311196133,0.5568961217632828,27.26218351586029,-0.03060076984623339,-0.0019288203867247047
AMGN,2023-12-31,,28190000000.0,19739000000.0,7897000000.0,6717000000.0,14801000000.0,4784000000.0,6179000000.0,8471000000.0,-1112000000.0,7359000000.0,97154000000.0,64613000000.0,6232000000.0,10944000000.0,30332000000.0,18392000000.0,26323000000.0,,0.0709265661208828,,0.7002128414331323,0.2801347995743171,0.2382759843916282,0.5250443419652359,0.3004966300106421,0.2610500177367861,0.0394466122738559,0.1697055693508336,0.2191912025540972,0.6650575375177553,10.367939666238769,0.1126459023817856,1.64919530230535,0.2901578936533751,2024-03-30,176207396864.0,large_cap,2024-04-01,264.3163757324219,90,0.1066243287963137,2024-07-01,0.1544585636105451,2024-09-30,0.1129832069043272,2025-04-02,-0.011118907977892167,0.061574260762984556,0.2137883395797051,0.2292419117463321,-0.12110964952737335,-0.16568680438030792,25.894927529499252,0.004367250877350303,0.018515381343865787
AMT,2023-12-31,,10012200000.0,7450700000.0,3536800000.0,1483300000.0,6004000000.0,,946000000.0,4722400000.0,-1798100000.0,2924300000.0,66027600000.0,46307000000.0,4198200000.0,1753700000.0,3710000000.0,7249300000.0,9645400000.0,,0.0380284902647893,,0.7441621222109027,0.3532490361758654,0.1481492579053554,0.5996684045464533,0.4716645692255448,0.2920736701224506,0.1795908991030942,0.0,0.09448472863107,0.7013279295324986,11.030203420513551,0.0265601051681418,0.5117735505497083,0.1516365883357868,2024-03-30,79495331840.0,large_cap,2024-04-01,178.5740509033203,90,0.022682162028309,2024-07-01,0.22582700598281,2024-09-30,0.167187913488038,2025-04-02,-0.11120841408547766,0.21059739207576333,0.005539086357919443,0.20746497633733177,-0.1179104954597715,-0.01666367306752914,25.09896413788896,0.008008700874343182,0.011107120720852895
AMZN,2023-12-31,,574785000000.0,270046000000.0,36852000000.0,30425000000.0,89402000000.0,,56186000000.0,84946000000.0,-52729000000.0,32217000000.0,527854000000.0,135611000000.0,201875000000.0,73387000000.0,172351000000.0,164917000000.0,513983000000.0,,0.1182957412988368,,0.4698208895500056,0.0641144079960333,0.0529328357559783,0.1555398975269013,0.1477874335621145,0.0560505232391242,0.0917369103229903,0.0,0.0977513331071618,0.2569100546742091,0.6717572755417957,0.139028973920819,1.0450772206625152,1.0889090543976174,2024-03-30,2841383010304.0,large_cap,2024-04-01,180.97000122070312,90,0.0896833487211268,2024-07-01,0.0296181719301351,2024-09-30,0.0831076597484834,2025-04-02,0.17988000690813855,0.4364978282145999,0.8051870445955425,0.2635964051448049,0.0,0.20923676307130745,28.67531202502675,0.05163583416397842,0.006630538196759876
ANET,2023-12-31,,5860200000.0,3630300000.0,2257300000.0,2087300000.0,2327900000.0,854900000.0,518100000.0,2034000000.0,-34400000.0,1999600000.0,9956635000.0,,7219059000.0,1938606000.0,8400064000.0,1919435000.0,4381310000.0,,0.3375451634328545,,0.6194839766560868,0.3851916316849254,0.3561823828538275,0.3972390020818402,0.3470871301320774,0.3412170233097846,0.0058701068222927,0.1458823930923859,0.0884099518787754,,,0.1947049379634786,4.3763211570071405,0.5885723439696243,2024-03-30,178764283904.0,large_cap,2024-04-01,74.9375,90,0.1899917004404712,2024-07-01,0.2804670803143245,2024-09-30,0.0696914583767722,2025-04-02,0.26492804344810894,0.625277947751945,0.8446153846153845,0.37601954539748156,-0.0217675515157153,0.39801688260865253,25.909333925280347,0.21105954706489014,0.11517615589917336
AON,2023-12-31,,13376000000.0,6474000000.0,3920000000.0,2564000000.0,3909000000.0,,1764000000.0,3435000000.0,-252000000.0,3183000000.0,33959000000.0,12032000000.0,-826000000.0,778000000.0,21704000000.0,21651000000.0,12479000000.0,,0.071880759676256,,0.4840011961722488,0.2930622009569378,0.1916866028708134,0.2922398325358851,0.2568032296650718,0.2379635167464114,0.0188397129186602,0.0,0.131877990430622,0.3543096086457198,14.566585956416464,0.0229099796813804,1.0024479238834234,0.3938867457816779,2024-03-30,67750879232.0,large_cap,2024-04-01,324.69659423828125,90,-0.1073862524528513,2024-07-01,0.0544528780906303,2024-09-30,0.2113865878019762,2025-04-02,0.141577410119893,0.004702422439728071,0.062330654423645715,0.15387319087446055,-0.039494559338659974,-0.2225586427035644,24.93910327421611,0.0003380136972863269,0.017104998358965517
APH,2023-12-31,,12554700000.0,4084100000.0,2594200000.0,1928000000.0,3000700000.0,,1489900000.0,2528700000.0,-372800000.0,2155900000.0,16526400000.0,4337300000.0,8346500000.0,1475000000.0,6835300000.0,3152700000.0,12623000000.0,,-0.0054107581399033,,0.3253044676495655,0.206631779333636,0.1535679864911149,0.2390100918381164,0.2014146096680924,0.1717205508693955,0.0296940587986969,0.0,0.1186726883159294,0.2624467518636847,0.5196549451866052,0.0892511375738212,2.168078155232023,0.7596754284054603,2024-03-30,153779306496.0,large_cap,2024-04-01,56.1178092956543,90,0.1859280031394308,2024-07-01,0.1474695680706348,2024-09-30,0.2014493696428925,2025-04-02,0.14923606896909458,0.36220074489337284,0.4423050922834395,0.16660055365212934,-0.011269989239600653,0.13493967975008037,25.758784336825098,-0.0019597806287108555,-0.0009291383684052603
AXP,2023-12-31,,60515000000.0,,,8374000000.0,,,13280000000.0,18559000000.0,-1563000000.0,16996000000.0,261108000000.0,49159000000.0,28057000000.0,46530000000.0,,,52862000000.0,,0.1447731830048049,,,,0.1383789143187639,,0.3066842931504586,0.280855986119144,0.0258283070313145,0.0,0.2194497232091217,0.1882707538643013,1.7521117724631998,0.1782021232593409,,0.2317623358916616,2024-03-30,213895708672.0,large_cap,2024-04-01,222.0419158935547,90,0.0304222746161129,2024-07-01,0.1987635292249263,2024-09-30,0.2227125568978387,2025-04-02,0.2158964083205499,0.5262171174936534,0.41159098711376374,0.20730359269359305,-0.006590331408943162,0.29895605235036093,26.08875439052403,0.07618212705116961,0.04066041507642178
BA,2023-12-31,,77794000000.0,7724000000.0,-821000000.0,-2222000000.0,2315000000.0,3377000000.0,5168000000.0,5960000000.0,-1527000000.0,4433000000.0,137012000000.0,52603000000.0,-17233000000.0,12691000000.0,109275000000.0,95827000000.0,66608000000.0,,0.1679377852510208,,0.0992878628171838,-0.0105535131244054,-0.0285626140833483,0.029758079029231,0.0766125922307633,0.0569838290870761,0.0196287631436871,0.0434095174435046,0.0664318584980846,0.3839298747554959,3.05245749434225,0.0926269231892097,1.14033623091613,0.5677896826555339,2024-03-30,173812793344.0,large_cap,2024-04-01,189.5,90,-0.0147757416979303,2024-07-01,-0.1976781356932305,2024-09-30,-0.1105013321446239,2025-04-02,-0.27213368328228704,-0.004883646019798071,-0.0888108915338337,0.37263414338079837,-0.2829303065880995,-0.23214471116309054,25.881244656642874,-0.0008201486965148509,0.009569738052006258
BAC,2023-12-31,,102769000000.0,,,26305000000.0,,,49815000000.0,44982000000.0,,44982000000.0,3180151000000.0,334302000000.0,291646000000.0,341419000000.0,,,94950000000.0,,0.0823486045286994,,,,0.2559624011131761,,0.4377000846558787,0.4377000846558787,,0.0,0.4847278848680049,0.1051214234795769,1.146259506387881,0.1073593675268878,,0.0323157611069411,2024-03-30,353197326336.0,large_cap,2024-04-01,35.81013107299805,90,0.0728504376765861,2024-07-01,0.0709384088967661,2024-09-30,0.1429560290904488,2025-04-02,0.11523880476617543,0.3819255652056144,0.3501812640219737,0.19909357136074976,-0.010548627719238701,0.1546645000623219,26.59029273581744,0.03145103732851713,0.0360439911735052
BL,2023-12-31,,589996000.0,443203000.0,25312000.0,52833000.0,116506000.0,103207000.0,314684000.0,126613000.0,-27597000.0,99016000.0,2100765000.0,1410469000.0,260881000.0,271117000.0,1407324000.0,642565000.0,522938000.0,,0.1282331748696785,,0.7511966182821579,0.0429019857761747,0.0895480647326422,0.1974691353839687,0.2145997599983728,0.1678248666092651,0.0467748933891077,0.1749283045986752,0.5333663279073079,0.6714073206665191,5.406560845749595,0.1290563199596337,2.1901659754266105,0.2808481672152763,2024-03-30,1598509952.0,low_cap,2024-04-01,64.0,90,-0.2492187619209289,2024-07-01,-0.1384375095367431,2024-09-30,-0.2275000214576721,2025-04-02,-0.012040734701991962,0.19648528681509014,-0.02080784268132596,0.4335340326018889,-0.06773490782991465,-0.03077577832820233,21.19233775228151,0.02519593214347839,0.02152071546738636
BLK,2023-12-31,,17859000000.0,8582000000.0,6339000000.0,5502000000.0,7874000000.0,,2092000000.0,4165000000.0,-344000000.0,3821000000.0,123211000000.0,9702000000.0,39347000000.0,8736000000.0,19378000000.0,1240000000.0,17873000000.0,,-0.0007833044256699,,0.4805420236295425,0.3549470855031076,0.3080799596841928,0.4408981465927543,0.2332157455624615,0.2139537488101237,0.0192619967523377,0.0,0.1171398174589842,0.0787429693777341,0.2465753424657534,0.0709027603054922,15.62741935483871,0.1449464739349571,2024-03-30,167947649024.0,large_cap,2024-04-01,791.77001953125,90,-0.047584942138516,2024-07-01,0.1628712123314493,2024-09-30,0.1902671526229613,2025-04-02,0.021476315271845126,0.29789185454328626,0.2929163956138936,0.1785870266191485,-0.01815789963659531,0.07063078939999379,25.846918154835883,-0.00023334000803477024,-0.00016759091833163598
BMY,2023-12-31,,45006000000.0,34313000000.0,8195000000.0,8025000000.0,19366000000.0,9299000000.0,7772000000.0,13860000000.0,-1209000000.0,12651000000.0,95159000000.0,41464000000.0,29430000000.0,11464000000.0,31770000000.0,22262000000.0,46159000000.0,,-0.0249788773586949,,0.7624094565169088,0.1820868328667289,0.1783095587255032,0.4302981824645603,0.3079589388081589,0.2810958538861485,0.0268630849220103,0.2066168955250411,0.1726880860329734,0.4357338769848359,1.4089024804621135,0.1204720520392185,1.4270954990566884,0.4729557897834151,2024-03-30,116398063616.0,large_cap,2024-04-01,47.55073928833008,90,-0.2115413696483657,2024-07-01,0.0027879347694501,2024-09-30,0.1809482941267972,2025-04-02,0.04656326476330053,-0.06864379419361877,-0.1921418625503204,0.1937795773073418,-0.2277338344508194,-0.29590485933691124,25.480281736504,0.0017146449165978963,-0.007021458860259724
BROS,2023-12-31,,965776000.0,251296000.0,46222000.0,1718000.0,118375000.0,,203425000.0,139915000.0,-228457000.0,-88542000.0,1764010000.0,676581000.0,364345000.0,133545000.0,205259000.0,138116000.0,739012000.0,,0.3068475207439121,,0.2602011232418283,0.047859959245208,0.0017788804029091,0.1225698298570268,0.144873138284654,-0.0916796441410844,0.2365527824257384,0.0,0.2106337287321283,0.3835471454243456,1.8569789622473205,0.0757053531442565,1.486134843175302,0.547488959813153,2024-03-30,8910600192.0,low_cap,2024-04-01,32.939998626708984,90,0.2704918099233784,2024-07-01,-0.0276259831618282,2024-09-30,0.901943052149369,2025-04-02,0.032601850176029235,0.41494835288406584,0.0792922061811343,0.37675135936734205,-0.07523864080683096,0.18768728774077337,22.910507437776598,0.12732587331924555,-0.028131671507375874
BSX,2023-12-31,,14240000000.0,9895000000.0,2417000000.0,1593000000.0,3446000000.0,1414000000.0,5190000000.0,2503000000.0,-800000000.0,1703000000.0,35136000000.0,9492000000.0,19281000000.0,865000000.0,6514000000.0,4933000000.0,12682000000.0,,0.1228512852862324,,0.694873595505618,0.1697331460674157,0.1118679775280898,0.2419943820224719,0.1757724719101123,0.1195926966292134,0.0561797752808988,0.0992977528089887,0.3644662921348314,0.2701502732240437,0.4922981173175665,0.0246186247723132,1.3204946280154064,0.4052823315118397,2024-03-30,78301192192.0,large_cap,2024-04-01,68.0999984741211,90,0.1220265106341551,2024-07-01,0.2305433910340384,2024-09-30,0.4691630733263254,2025-04-02,0.21002132109449012,0.27599774849229397,0.38753047949219455,0.15935792966551046,-0.007578027566995993,0.0487366833490015,25.083828665778725,0.033906678138384626,0.01469211649174534
BX,2023-12-31,,7006649000.0,,,1390880000.0,,,1236292000.0,4056906000.0,-224231000.0,3832675000.0,40287530000.0,12293882000.0,6816798000.0,2955866000.0,,,7132632000.0,,-0.0176629048014814,,,,0.1985085880568585,,0.5790080250915951,0.5470054229917897,0.0320026020998054,0.0,0.1764455447960929,0.3051535301369927,1.8034687253458292,0.0733692534637889,,0.1739160727897689,2024-03-30,144092463104.0,large_cap,2024-04-01,122.30782318115234,90,-0.0608411845677013,2024-07-01,0.1834139462774024,2024-09-30,0.1568135772828505,2025-04-02,-0.00827460161026794,0.23055291457770144,0.590564301995834,0.26123378389103336,-0.00827460161026794,0.0032918494344089666,25.693721035350162,-0.0040722341818900136,-0.009661704712198045
C,2023-12-31,,78090000000.0,,,9228000000.0,,,30712000000.0,-73416000000.0,-6583000000.0,-79999000000.0,2411834000000.0,324076000000.0,205453000000.0,260932000000.0,,,74480000000.0,,0.0484693877551021,,,,0.1181713407606607,,-0.94014598540146,-1.0244461518760404,0.0843001664745806,0.0,0.3932897938276348,0.1343691149556727,1.5773729271414874,0.1081882086412248,,0.0323778502168888,2024-03-30,210502303744.0,large_cap,2024-04-01,59.50568389892578,90,0.0082103034683247,2024-07-01,0.004591559310825,2024-09-30,0.1698464099562935,2025-04-02,0.24351107102582947,0.5751819142039498,0.44440001925982986,0.20856665144317468,0.0,0.34792084906065734,26.07276243416098,0.027878715229273113,-0.04965427776950202
CAT,2023-12-31,,67060000000.0,23263000000.0,12966000000.0,10335000000.0,15705000000.0,2108000000.0,6371000000.0,12885000000.0,-3092000000.0,9793000000.0,87476000000.0,37878000000.0,19494000000.0,6978000000.0,46949000000.0,34728000000.0,59427000000.0,,0.1284433001834182,,0.346898300029824,0.1933492394870265,0.1541157172681181,0.2341932597673725,0.1921413659409484,0.1460334029227557,0.0461079630181926,0.0314345362362063,0.0950044736057262,0.4330101970826284,1.943059402893198,0.0797704513237916,1.351906242801198,0.7666102702455531,2024-03-30,409148456960.0,large_cap,2024-04-01,352.8075866699219,90,-0.0919900086490561,2024-07-01,0.083588167219238,2024-09-30,-0.066090328185794,2025-04-02,0.23088496428870298,0.3296893239192622,0.6642877106965348,0.2152415432974753,-0.007341047088365915,0.10242825877596973,26.737343902581884,0.042346384799429995,0.018757012208413575
CB,2023-12-31,,49826000000.0,,,9028000000.0,,,4007000000.0,12632000000.0,,12632000000.0,230682000000.0,14495000000.0,59507000000.0,2449000000.0,,,43055000000.0,,0.1572639646963187,,,,0.181190543089953,,0.2535222574559467,0.2535222574559467,,0.0,0.080419861116686,0.0628354184548426,0.2435847883442284,0.0106163463122393,,0.215994312516798,2024-03-30,125724844032.0,large_cap,2024-04-01,252.4553375244141,90,-0.0065887321377876,2024-07-01,0.1278400799085495,2024-09-30,0.1869203543107178,2025-04-02,0.15070856060729354,0.22127248625812102,0.35308421404898893,0.12106385610744655,-0.007518901180575854,-0.005988578885171458,25.557361578454852,0.03479818846716381,0.03986991534628302
CDNS,2023-12-31,,4089986000.0,3654945000.0,1262238000.0,1041144000.0,1463854000.0,1441796000.0,932749000.0,1349176000.0,-102503000.0,1246673000.0,5669491000.0,764414000.0,3404271000.0,1008152000.0,1976217000.0,1590867000.0,3561718000.0,,0.1483183115563893,,0.8936326432413216,0.3086167043114573,0.2545593065599735,0.3579117385731882,0.3298730117902604,0.304811067812946,0.0250619439773143,0.3525185660782213,0.2280567708544723,0.1348293876822452,0.2245455781869304,0.177820548617151,1.2422264086186965,0.7214026797114591,2024-03-30,95774343168.0,large_cap,2024-04-01,312.1300048828125,90,-0.0038765624456142,2024-07-01,-0.1316759217651837,2024-09-30,-0.1511870108710743,2025-04-02,0.14232914667827035,0.3338319397024494,0.5151941984602548,0.3078494244251729,-0.03305447123188732,0.10657087455915693,25.285260669435996,0.04951338964026166,0.04520906292171623
CELH,2023-12-31,,1318014000.0,633139000.0,266366000.0,226801000.0,294975000.0,,366773000.0,141218000.0,-17433000.0,123785000.0,1536396000.0,2187000.0,1088528000.0,755981000.0,1204904000.0,276613000.0,653604000.0,,1.0165329465547948,,0.4803735013436883,0.2020964875942137,0.1720778383234169,0.2238026303210739,0.1071445371596963,0.0939178187788597,0.0132267183808366,0.0,0.2782770137494746,0.0014234611389251,0.0020091352725883,0.4920482740126894,4.355919642243857,0.857860863996001,2024-03-30,7710112768.0,low_cap,2024-04-01,82.52999877929688,90,-0.2991639281703541,2024-07-01,-0.6200169505125644,2024-09-30,-0.5547073725485265,2025-04-02,0.4883678565151004,0.4304945642216349,1.732178261365652,0.6913963909566749,-0.1412964493269605,0.20323349907834243,22.76579865061443,0.43761190784404086,0.09547055705727349
CI,2023-12-31,,195187000000.0,,,5164000000.0,9994000000.0,,14822000000.0,11813000000.0,-1573000000.0,10240000000.0,152761000000.0,30930000000.0,46223000000.0,7822000000.0,37351000000.0,48716000000.0,180031000000.0,,0.0841855013858723,,,,0.0264566800043035,0.0512021804730847,0.0605214486620522,0.0524625103106251,0.008058938351427,0.0,0.0759374343578209,0.2024731443234857,0.6691473941544253,0.0512041686032429,0.7667090894162082,1.2777279541244166,2024-03-30,75463155712.0,large_cap,2024-04-01,350.51336669921875,90,-0.1001617500558524,2024-07-01,-0.0408597810375441,2024-09-30,-0.072667897306737,2025-04-02,0.22110774478537576,0.26521812073328666,0.4592519416307914,0.1931070773400927,0.0,0.03795705558999418,25.046910370274205,0.02232752047055055,0.00441658273446147
CL,2023-12-31,,19457000000.0,11326000000.0,4085000000.0,2300000000.0,4246000000.0,,7151000000.0,3745000000.0,-705000000.0,3040000000.0,16393000000.0,9064000000.0,609000000.0,966000000.0,5279000000.0,4741000000.0,17967000000.0,,0.0829298157733622,,0.582104127049391,0.2099501464768463,0.1182093847972452,0.2182248034126535,0.1924757156807318,0.1562419694711415,0.0362337462095903,0.0,0.3675283959500436,0.5529189288110778,14.883415435139574,0.0589275910449582,1.113478169162624,1.1869090465442569,2024-03-30,70520684544.0,large_cap,2024-04-01,84.54302215576172,90,0.0789817152853975,2024-07-01,0.1783600059307533,2024-09-30,0.0732560837373275,2025-04-02,0.13064141111342842,0.264667988791347,0.22644616976503862,0.12113210164759214,-0.010994069831826825,0.037406923648054535,24.979171901519155,0.021948867551572698,0.012957117744309046
CME,2023-12-31,,5578900000.0,4750300000.0,3435700000.0,3226200000.0,4665600000.0,,144400000.0,3453800000.0,-76400000.0,3377400000.0,129706100000.0,3425400000.0,26737900000.0,2912000000.0,94890200000.0,93416900000.0,5019400000.0,,0.1114675060764234,,0.8514760974385631,0.615838247683235,0.5782860420513004,0.8362938930613562,0.6190826148523902,0.6053881589560666,0.0136944558963236,0.0,0.0258832386312714,0.0264089352775235,0.1281102854001249,0.0224507559783233,1.0157712362538256,0.0430118552635535,2024-03-30,108294709248.0,large_cap,2024-04-01,195.1698455810547,90,-0.0726241377393535,2024-07-01,0.0521650539913878,2024-09-30,0.2955939459219081,2025-04-02,0.010025991644612153,0.0889766099048408,0.18756510849466013,0.18197157831475808,-0.03711017368172864,-0.13828445523845168,25.40812213701764,0.009918000805227397,0.06748110828703013
CMG,2023-12-31,,9871649000.0,2586092000.0,1633114000.0,1228737000.0,1952508000.0,,633584000.0,1783477000.0,-560731000.0,1222746000.0,8044362000.0,4051625000.0,3062207000.0,560609000.0,1620713000.0,1030625000.0,8634652000.0,,0.1432596241284536,,0.2619716320951039,0.1654347718400441,0.1244713016032073,0.1977894473354958,0.1806665735380178,0.1238644121159494,0.0568021614220683,0.0,0.064182184759608,0.5036602032578842,1.3231061779951518,0.069689678311344,1.5725535476046089,1.2271512644508042,2024-03-30,41881264128.0,mid_cap,2024-04-01,57.540000915527344,90,0.0742092525169111,2024-07-01,0.0013903026604893,2024-09-30,-0.0959332702456402,2025-04-02,0.2627393279333172,0.5646668999250122,0.7365638711745266,0.2161278015808287,-0.026570507068218396,0.3374058347817197,24.458104407020425,0.08089396784103638,0.017744769122622787
COIN,2023-12-31,,3108383000.0,1972833000.0,-53743000.0,94871000.0,145563000.0,1324541000.0,691775000.0,673376000.0,-63202000.0,673376000.0,14753901000.0,2983778000.0,6281649000.0,5139351000.0,11356794000.0,5485079000.0,3194208000.0,,-0.0268689452909767,,0.6346814404788599,-0.0172896969260223,0.0305210136588702,0.0468291713086836,0.2166322489860483,0.2166322489860483,0.0203327582218793,0.4261189821202857,0.2225514037362834,0.2022365474731056,0.4749991602523477,0.3483384496073275,2.070488683936913,0.2106821104465863,2024-03-30,51488137216.0,large_cap,2024-04-01,252.1100006103516,90,-0.0743326541898179,2024-07-01,-0.2932846862972491,2024-09-30,-0.2743247133976235,2025-04-02,0.35281176102522416,2.3543106483036067,2.860796153570241,0.9052723540825969,-0.09867359653886076,2.1270495831603142,24.664617272762154,-0.0632578440072335,-0.005820680046267374
COP,2023-12-31,,56141000000.0,18203000000.0,15026000000.0,10957000000.0,25783000000.0,,705000000.0,19965000000.0,-11248000000.0,8717000000.0,95924000000.0,18937000000.0,49279000000.0,5635000000.0,14330000000.0,10005000000.0,78494000000.0,,-0.2847733584732591,,0.3242371885075079,0.2676475303254306,0.195169305854901,0.4592543773712616,0.3556224506154147,0.1552697671933168,0.2003526834220979,0.0,0.0125576673019718,0.1974167048913723,0.3842813368777775,0.0587444226679454,1.4322838580709645,0.5852654184562779,2024-03-30,149131378688.0,large_cap,2024-04-01,120.01913452148438,90,-0.1056300531912864,2024-07-01,-0.1706856359116321,2024-09-30,-0.1515563899087338,2025-04-02,0.11242884653026763,0.06137074410818677,0.3327996311473431,0.2083108951399214,0.0,-0.1658903210351057,25.72809349055197,-0.017476752911691325,-0.04421669307300189
CROX,2023-12-31,,3962347000.0,2210010000.0,1046070000.0,792566000.0,1091927000.0,,1151064000.0,930444000.0,-115625000.0,814819000.0,4643834000.0,1996360000.0,1453923000.0,149288000.0,910704000.0,698296000.0,3554985000.0,,0.1145889504456418,,0.5577527662266833,0.264002622688018,0.2000243794902364,0.2755758140314314,0.2348214328528016,0.2056404953932606,0.029180937459541,0.0,0.2905005543431708,0.4298947809073278,1.3730850946026716,0.0321475746118401,1.3041804621535853,0.8532490610129475,2024-03-30,4717535232.0,low_cap,2024-04-01,145.75,90,0.0137221269296741,2024-07-01,-0.00644941640759,2024-09-30,-0.2347169748505843,2025-04-02,0.5298625499700533,0.6973331237700633,0.222119716495645,0.5788893652704047,-0.03559852252359952,0.4700720586267708,22.274552303541572,0.07990667076379238,0.02356412853623557
CSX,2023-12-31,,14657000000.0,5499000000.0,5528000000.0,3668000000.0,7245000000.0,,-29000000.0,5514000000.0,-2257000000.0,3257000000.0,42212000000.0,19024000000.0,11980000000.0,1353000000.0,3359000000.0,3223000000.0,14853000000.0,,-0.0131959873426243,,0.3751790953128198,0.3771576721020673,0.2502558504468855,0.494303063382684,0.3762024971003616,0.2222146414682404,0.1539878556321211,0.0,-0.0019785767892474,0.450677532455226,1.5879799666110184,0.032052496920307,1.0421967111386907,0.3472235383303326,2024-03-30,84842618880.0,large_cap,2024-04-01,35.706581115722656,90,-0.0834291461375136,2024-07-01,-0.0544360598299236,2024-09-30,-0.1795923855155398,2025-04-02,0.06207927925883472,0.21111226267041938,0.26021475554071594,0.13887421655477708,-0.041688546299931795,-0.01614880247287309,25.164063834624745,-0.0027858347460716307,-0.0029323415961606974
CVX,2023-12-31,,196913000000.0,60391000000.0,26229000000.0,21369000000.0,47815000000.0,,4141000000.0,35609000000.0,-15829000000.0,19780000000.0,261632000000.0,20836000000.0,160957000000.0,8178000000.0,41128000000.0,32258000000.0,235717000000.0,,-0.164621134665722,,0.3066887407129037,0.1332009567677096,0.1085200062971972,0.2428229725818,0.1808362068527725,0.1004504527380112,0.0803857541147613,0.0,0.0210295917486402,0.0796385763209393,0.1294507228638704,0.0312576443248532,1.2749705499411,0.7526334699119374,2024-03-30,380594323456.0,large_cap,2024-04-01,145.91610717773438,90,-0.0061573240690604,2024-07-01,-0.0544255119705006,2024-09-30,0.0917310675434848,2025-04-02,0.07375177522207688,-0.04741443071972107,0.029901064294153956,0.18683922349000484,-0.04992053325824963,-0.27467549586301354,26.664999876973116,0.007805417384609748,-0.016536267507416887
DDOG,2023-12-31,,2128359000.0,1718451000.0,-33464000.0,48568000.0,111002000.0,962447000.0,789468000.0,659954000.0,-62406000.0,597548000.0,3936072000.0,902337000.0,2025354000.0,330339000.0,3178137000.0,1003052000.0,1675100000.0,,0.2705862336576921,,0.8074065512444094,-0.015722911407333,0.0228194585593877,0.0521537954828109,0.3100764485690619,0.2807552673209735,0.0293211812480883,0.452201437821345,0.3709280248303975,0.2292480930226886,0.4455206349112303,0.0839260562306787,3.168466839206741,0.5407317244196752,2024-03-30,74032603136.0,large_cap,2024-04-01,123.1500015258789,90,0.0596832999029768,2024-07-01,-0.065692276630505,2024-09-30,-0.1740966477933889,2025-04-02,-0.0010544877896268012,0.38433006737040176,0.8083701069784539,0.33969971358093987,-0.0954828714901702,0.1570690022271093,25.027771416041343,0.10399442541116406,0.07596851036394074
DHR,2023-12-31,,23890000000.0,14034000000.0,5202000000.0,4764000000.0,7496000000.0,1503000000.0,7329000000.0,7164000000.0,-1383000000.0,5781000000.0,84488000000.0,19536000000.0,53486000000.0,5864000000.0,13937000000.0,8274000000.0,26643000000.0,,-0.1033292046691438,,0.5874424445374634,0.2177480117203851,0.1994139807450816,0.3137714524905818,0.2998744244453746,0.2419840937630807,0.0578903306822938,0.0629133528673085,0.3067810799497698,0.2312281033992993,0.3652544591107953,0.0694063062210018,1.6844331641285957,0.2827620490483856,2024-03-30,114595143680.0,large_cap,2024-04-01,244.93020629882807,90,-0.012177553768917,2024-07-01,0.1242992506858755,2024-09-30,-0.1681062608391635,2025-04-02,0.0640396652027162,0.13453666889921068,0.1357509861384827,0.20575700456971255,-0.03173593987788892,-0.0927243962440818,25.46467126406388,-0.013901566996191373,-0.02500402395112265
DPZ,2023-12-31,,4479358000.0,1727417000.0,819668000.0,519118000.0,929555000.0,,907749000.0,590864000.0,-105396000.0,485468000.0,1674899000.0,5209306000.0,-4070367000.0,114098000.0,817291000.0,547350000.0,4537158000.0,,-0.0127392521926721,,0.3856394152912091,0.1829878299524172,0.1158911611887239,0.2075196936703875,0.1319081886288169,0.1083789239440116,0.0235292646848052,0.0,0.2026515853387918,3.110220974518464,1.279812360900135,0.0681223166292415,1.493178039645565,2.6744048447100397,2024-03-30,10054730752.0,mid_cap,2024-04-01,478.9837341308594,90,0.0260716254679176,2024-07-01,-0.1233744616793558,2024-09-30,-0.0384892610474995,2025-04-02,0.20515976949272274,0.30016723294585135,0.5281609808683623,0.23750754557794404,-0.005957161887995999,0.07290616780255887,23.03130908228888,-0.0038239060804737537,-0.0013806664444931925
DUK,2023-12-31,,29060000000.0,13756000000.0,7103000000.0,2841000000.0,13865000000.0,,,9878000000.0,-12604000000.0,-2726000000.0,176893000000.0,80457000000.0,49111000000.0,253000000.0,12769000000.0,17283000000.0,28768000000.0,,0.0101501668520578,,0.4733654507914659,0.2444253269098417,0.0977632484514797,0.477116311080523,0.3399174122505162,-0.093805918788713,0.4337233310392291,0.0,0.0,0.4548342783490585,1.6382684123719735,0.001430243141334,0.7388184921599259,0.1642801015303036,2024-03-30,94292164608.0,large_cap,2024-04-01,88.56414031982422,90,0.0445009979515482,2024-07-01,0.223492560783558,2024-09-30,0.301617836718087,2025-04-02,0.0024797129702442966,0.10830530095711244,0.04304009021252497,0.16761263089781106,-0.022433794814072372,-0.11895576418618004,25.269663933080633,0.0010993168756770265,-0.0009521457274160206
DUOL,2023-12-31,,531109000.0,389004000.0,-13259000.0,16067000.0,-6164000.0,194352000.0,207911000.0,153614000.0,-13684000.0,139930000.0,953957000.0,21094000.0,655501000.0,747610000.0,897798000.0,277362000.0,369495000.0,,0.4373915749874828,,0.7324372209847696,-0.0249647435837088,0.0302517938878836,-0.0116059038728396,0.289232530422192,0.2634675744527018,0.0257649559694902,0.3659361825915208,0.3914657819769576,0.0221121077784428,0.0321799661632857,0.7836936046383642,3.2369178185908667,0.5567431236418413,2024-03-30,5221224448.0,low_cap,2024-04-01,218.2100067138672,90,-0.1053114443851385,2024-07-01,0.2924246383598574,2024-09-30,0.5469501268162598,2025-04-02,-0.06383795897638267,0.3711826539573373,0.592889977106805,0.6096484927863312,-0.09535259466778057,0.14392158881404482,22.375997779916425,0.16235216562243357,0.11523849734799914
DXCM,2023-12-31,,3622300000.0,2288900000.0,597700000.0,541500000.0,916700000.0,505800000.0,1185400000.0,748500000.0,-236600000.0,511900000.0,6264500000.0,2594000000.0,2068600000.0,566300000.0,4425900000.0,1556000000.0,2909800000.0,,0.2448621898412262,,0.6318913397565082,0.1650056593876818,0.1494906551086326,0.253071253071253,0.2066366673108246,0.141319051431411,0.0653176158794136,0.139635038511443,0.3272506418573834,0.4140793359406177,1.2539882045828097,0.0903982759996807,2.844408740359897,0.5782265144863916,2024-03-30,23781353472.0,mid_cap,2024-04-01,137.94000244140625,90,-0.1868203843436021,2024-07-01,-0.5139915925113572,2024-09-30,-0.5060171220557086,2025-04-02,0.11098581163703836,0.4450031821113154,0.21042474157233415,0.3585135009432555,-0.015417584354089242,0.21774211696802293,23.892167642989705,0.10896445365809067,0.034603692399780166
ECL,2023-12-31,,15320200000.0,6165300000.0,2103700000.0,1372300000.0,3028000000.0,,4061600000.0,2411800000.0,-774800000.0,1637000000.0,21846600000.0,8733400000.0,8044700000.0,919500000.0,5644100000.0,4345800000.0,14187800000.0,,0.0798150523689367,,0.4024294722001018,0.1373154397462174,0.0895745486351353,0.1976475502930771,0.1574261432618373,0.1068523909609535,0.0505737523008838,0.0,0.2651140324538844,0.3997601457435024,1.085609158825065,0.0420889291697563,1.2987482166689677,0.7012624390065273,2024-03-30,69689556992.0,large_cap,2024-04-01,223.3874664306641,90,0.0356393316603278,2024-07-01,0.1253775208213214,2024-09-30,0.1238504634007247,2025-04-02,0.1490146518985056,0.35386289938127957,0.42096660992152524,0.22140659566788023,-0.01652561504256267,0.1266018342379871,24.96731631553921,0.028243585845540608,0.008528429180294603
ELV,2023-12-31,,171340000000.0,,,5987000000.0,,,,8061000000.0,-1296000000.0,6765000000.0,108928000000.0,25120000000.0,39306000000.0,6526000000.0,,,156595000000.0,,0.094160094511319,,,,0.0349422201470759,,0.0470468075172172,0.039482899498074,0.0075639080191432,0.0,0.0,0.2306110458284371,0.6390881799216405,0.059911133960047,,1.5729656286721505,2024-03-30,85275320320.0,large_cap,2024-04-01,498.0403747558594,90,0.0390922381523728,2024-07-01,0.0138488327084171,2024-09-30,-0.155982489232243,2025-04-02,0.10455464206004317,0.16093361627667346,0.1457843674348367,0.11954560409733063,-0.007615978346285912,-0.06632744886661901,25.16915092156186,0.015153524518659919,0.0037177135483195574
ENPH,2023-12-31,,2290786000.0,1058388000.0,461425000.0,438936000.0,596686000.0,227336000.0,369627000.0,696780000.0,-110401000.0,586379000.0,3383012000.0,1298958000.0,983624000.0,288748000.0,2443518000.0,532449000.0,2330853000.0,,-0.017189844232991,,0.4620195862904697,0.2014264972808459,0.1916093428194515,0.2604721698142035,0.3041663429058847,0.2559728407629521,0.0481935021429326,0.0992393003973308,0.1613537886122929,0.3839649401184506,1.3205838816458322,0.0853523428234957,4.58920572674566,0.6771439179051094,2024-03-30,6970807808.0,low_cap,2024-04-01,118.29000091552734,90,-0.1777834019488655,2024-07-01,-0.044551561684612,2024-09-30,-0.4714684252778885,2025-04-02,-0.1224125913826497,-0.014414229094539821,-0.4200048899949401,0.6318344376707877,-0.48088821060142684,-0.2416752942378323,22.664996952851126,0.00024777835287378644,-0.004400133260591356
EOG,2023-12-31,,23182000000.0,16616000000.0,8892000000.0,7594000000.0,13329000000.0,,6349000000.0,11340000000.0,-6185000000.0,5155000000.0,43857000000.0,4124000000.0,28090000000.0,5278000000.0,9935000000.0,4074000000.0,29492000000.0,,-0.2139563271395632,,0.7167630057803468,0.3835734621689242,0.3275817444569062,0.5749719610042274,0.4891726339401259,0.2223708049348632,0.2668018290052627,0.0,0.2738762833232681,0.0940328795859269,0.146813812744749,0.1203456688784002,2.438635247913598,0.52858152632419,2024-03-30,74706477056.0,large_cap,2024-04-01,120.73574829101562,90,-0.0182112237565241,2024-07-01,-0.0395749758168617,2024-09-30,0.0300091449797776,2025-04-02,0.07793247481958421,0.02945971026296479,0.19895804417053875,0.22905766936431327,-0.02765495772239479,-0.19780135488032768,25.036832632903273,-0.006303091406459641,-0.047577640686931585
EQIX,2023-12-31,,8188000000.0,3960000000.0,1451000000.0,969000000.0,3370000000.0,,2509000000.0,3217000000.0,-2781000000.0,436000000.0,32651000000.0,17454000000.0,12489000000.0,2096000000.0,3568000000.0,3162000000.0,7263000000.0,,0.127357841112488,,0.4836345872007816,0.1772105520273571,0.1183439179286761,0.4115779189057156,0.3928920371275036,0.0532486565705911,0.3396433805569125,0.0,0.3064240351734245,0.53456249425745,1.397549843862599,0.0641940522495482,1.1283997469955724,0.2507733300664604,2024-03-30,104486469632.0,large_cap,2024-04-01,766.103759765625,90,-0.0453456081831482,2024-07-01,0.1211988453648722,2024-09-30,0.0608281141798767,2025-04-02,-0.012452753203529676,0.12136315202707748,0.17494591596879983,0.24248958022282238,-0.1243459459444376,-0.10589791311621499,25.372323422762637,0.015456549032775258,0.006781633942970781
ETN,2023-12-31,,23196000000.0,8434000000.0,3885000000.0,3218000000.0,4904000000.0,754000000.0,3795000000.0,3624000000.0,-757000000.0,2867000000.0,38432000000.0,9802000000.0,19036000000.0,488000000.0,11675000000.0,7747000000.0,20752000000.0,,0.1177717810331533,,0.3635971719261942,0.1674857734092084,0.138730815657872,0.2114157613381617,0.1562338334195551,0.1235988963614416,0.0326349370581134,0.0325056044145542,0.1636057941024314,0.2550478767693588,0.5149191006513973,0.0126977518734388,1.5070349812830772,0.6035595337218984,2024-03-30,155102560256.0,large_cap,2024-04-01,303.4672241210937,90,0.0040832605424729,2024-07-01,0.0689672198772044,2024-09-30,-0.0786148330040564,2025-04-02,0.3001331314189821,0.4580677050449018,0.891822842361176,0.22800423331954867,-0.014372265280604646,0.23080663990160932,25.767352414123547,0.05394744945690723,0.014556462158219109
EXC,2023-12-31,,21727000000.0,8927000000.0,4013000000.0,2328000000.0,7937000000.0,,,4703000000.0,-7408000000.0,-2705000000.0,101856000000.0,44008000000.0,25755000000.0,445000000.0,8087000000.0,9901000000.0,19078000000.0,,0.1388510326029981,,0.4108712661665209,0.1847010631932618,0.107147788465964,0.3653058406590878,0.2164587840014728,-0.1244994707046532,0.340958254706126,0.0,0.0,0.4320609487904492,1.708716754028344,0.0043689129751806,0.8167861832138168,0.2133109487904492,2024-03-30,44386770944.0,mid_cap,2024-04-01,34.56012725830078,90,-0.0626925967992423,2024-07-01,0.1113492344694599,2024-09-30,0.284431324112308,2025-04-02,0.04962254757879325,0.002676095494774433,-0.06076627980703875,0.18145575851160253,-0.11374768648043732,-0.22458496964851804,24.51620731027645,0.00037157862279366116,-0.01728688006586781
FCX,2023-12-31,,22855000000.0,7160000000.0,6225000000.0,1848000000.0,8589000000.0,,479000000.0,5279000000.0,-4824000000.0,455000000.0,52506000000.0,9853000000.0,16693000000.0,4758000000.0,14065000000.0,5815000000.0,22780000000.0,,0.0032923617208078,,0.313279369940932,0.2723692846204331,0.0808575803981623,0.3758039816232771,0.2309779041785167,0.0199081163859111,0.2110697877926055,0.0,0.0209582148326405,0.1876547442197082,0.590247409093632,0.0906182150611358,2.4187446259673258,0.4352835866377176,2024-03-30,90580639744.0,large_cap,2024-04-01,45.98703002929688,90,0.0258510335436321,2024-07-01,0.0609527454653684,2024-09-30,-0.1825287526801658,2025-04-02,0.10419636247594033,0.277662113801906,0.21822333098181712,0.3503735343100679,0.0,0.0504010486586135,25.229506337800697,0.0009141641147999743,6.554472032236024e-05
GD,2023-12-31,,42272000000.0,6672000000.0,4245000000.0,3315000000.0,5246000000.0,,2427000000.0,4710000000.0,-904000000.0,3806000000.0,54810000000.0,11083000000.0,21299000000.0,1913000000.0,23615000000.0,16432000000.0,39407000000.0,,0.0727028192960641,,0.1578349735049205,0.1004210825132475,0.078420704012112,0.1241010598031794,0.1114212717638152,0.0900359576078728,0.0213853141559424,0.0,0.0574138909916729,0.2022076263455574,0.5203530682191653,0.0349023900748038,1.437134858812074,0.7712461229702609,2024-03-30,90458890240.0,large_cap,2024-04-01,279.0680236816406,90,-0.0077643383712243,2024-07-01,0.046846733353739,2024-09-30,-0.034062766246075,2025-04-02,0.13542145152277385,0.3259247143958912,0.3157432340560844,0.15701065184670498,0.0,0.09866364925259874,25.228161332957114,0.023695645614845783,0.006545867956113264
GE,2023-12-31,,35348000000.0,9523000000.0,4717000000.0,9482000000.0,12649000000.0,1011000000.0,3795000000.0,5189000000.0,-862000000.0,4327000000.0,173300000000.0,20525000000.0,27403000000.0,15204000000.0,42556000000.0,32102000000.0,29139000000.0,,0.2130821236144,,0.269407038587756,0.1334446078986081,0.2682471426954849,0.3578420278375014,0.1467975557315831,0.1224114518501753,0.0243861038814077,0.0286013352947832,0.1073610953943646,0.1184362377380265,0.7490055833302923,0.0877322562031159,1.3256494922434738,0.2039699942296595,2024-03-30,294150897664.0,large_cap,2024-04-01,138.04588317871094,90,0.1379089695727025,2024-07-01,0.354145225337751,2024-09-30,0.4395082334150364,2025-04-02,0.3665835818300547,0.5619560568990662,0.8682356556209117,0.20594029998669452,-0.02642655737189792,0.3346949917557738,26.40735872997413,0.11974278998202763,0.026083692114957223
GILD,2023-12-31,,27116000000.0,20618000000.0,8838000000.0,5665000000.0,10496000000.0,5718000000.0,6062000000.0,8006000000.0,-585000000.0,7421000000.0,62125000000.0,24987000000.0,22833000000.0,6085000000.0,16085000000.0,11280000000.0,27281000000.0,,-0.0060481653898317,,0.7603628853813247,0.3259330284702758,0.208917244431332,0.3870777400796578,0.2952500368785957,0.2736760584156955,0.0215739784629001,0.2108718100014751,0.2235580469095736,0.40220523138833,1.094337143607936,0.0979476861167002,1.4259751773049645,0.4364748490945674,2024-03-30,160882638848.0,large_cap,2024-04-01,68.42356872558594,90,-0.0466280883108206,2024-07-01,0.175374821010716,2024-09-30,0.5929011528682775,2025-04-02,-0.09259891056177161,-0.014887713574876837,-0.0681613565150424,0.27365864387367195,-0.156529625344478,-0.2421487787181693,25.803940984862066,9.004335397729766e-05,-0.001655238064535368
GOOGL,2023-12-31,,307394000000.0,174062000000.0,84293000000.0,73795000000.0,97971000000.0,45427000000.0,44342000000.0,101746000000.0,-32251000000.0,69495000000.0,402392000000.0,27121000000.0,283379000000.0,24048000000.0,171530000000.0,81814000000.0,282836000000.0,,0.0868277022726951,,0.566250479840205,0.2742181044522664,0.2400664944663851,0.318714743944254,0.3309954000403391,0.2260779325556126,0.1049174674847264,0.1477810237024795,0.144251351685459,0.0673994512813376,0.0957057509554342,0.0597626195351796,2.096584936563424,0.7639167776695361,2024-03-30,4807165739008.0,large_cap,2024-04-01,154.2154083251953,90,0.1782109838254197,2024-07-01,0.0692693660151457,2024-09-30,0.0147970729403112,2025-04-02,0.10882117931767743,0.17519438976091828,0.5335829858364514,0.2818420151661302,0.0,-0.052066675382374195,29.201128782924588,0.015211726314007515,0.01962982741836517
GS,2023-12-31,,46254000000.0,,,8516000000.0,,,16128000000.0,-12587000000.0,-2316000000.0,-14903000000.0,1641594000000.0,333248000000.0,116905000000.0,241577000000.0,,,47365000000.0,,-0.0234561384988916,,,,0.1841138063735028,,-0.2721278159726726,-0.3221991611536299,0.0500713451809573,0.0,0.3486833571150603,0.2030026912866397,2.8505880843419877,0.1471600164230619,,0.0281762725740956,2024-03-30,279805689856.0,large_cap,2024-04-01,396.3732299804688,90,0.1280644558765626,2024-07-01,0.2117070533473131,2024-09-30,0.3917967151813954,2025-04-02,0.07771640628519982,0.2910823052160252,0.33008396153349495,0.18641653503017638,-0.010007353853593082,0.06382124007273271,26.35736123441063,-0.006827666865723723,0.007557548148246237
HCA,2023-12-31,,64968000000.0,25579000000.0,9627000000.0,5242000000.0,12721000000.0,,29487000000.0,9431000000.0,-4744000000.0,4687000000.0,56211000000.0,41859000000.0,-1774000000.0,935000000.0,14927000000.0,12655000000.0,60233000000.0,,0.0786113924260787,,0.3937169067848787,0.148180642777983,0.0806858761236301,0.1958040881664819,0.1451637729343677,0.0721432089644132,0.0730205639699544,0.0,0.453869597340229,0.7446763089075092,23.595828635851184,0.0166337549589937,1.1795337811141842,1.155788013022362,2024-03-30,93838237696.0,large_cap,2024-04-01,325.2968139648437,90,-0.0435574444387947,2024-07-01,0.2356503591315248,2024-09-30,0.0596847305354955,2025-04-02,0.2229673565242951,0.32273925100924195,0.2939355620617896,0.19981501170919364,-0.01025389799845089,0.09547818586594947,25.26483826123464,0.025370981912386237,0.005671278110778086
HON,2023-12-31,,33009000000.0,12372000000.0,6110000000.0,5658000000.0,7944000000.0,1375000000.0,4887000000.0,5340000000.0,-741000000.0,4599000000.0,61525000000.0,21536000000.0,15856000000.0,7925000000.0,23502000000.0,18539000000.0,35466000000.0,,-0.0692776180003383,,0.3748068708534036,0.1851010330515919,0.1714077978733073,0.2406616377351631,0.1617740616195583,0.1393256384622375,0.0224484231573207,0.0416553061286315,0.14805053167318,0.3500365704997968,1.358224016145308,0.1288094270621698,1.2677059172555154,0.5365136123527021,2024-03-30,135120191488.0,large_cap,2024-04-01,181.5309295654297,90,0.0497840976039714,2024-07-01,0.0343125565330071,2024-09-30,0.0918797482787614,2025-04-02,-0.028922204062462376,0.09195425192464923,0.09224919505363105,0.15979532029736868,-0.03142264023874752,-0.13530681321864324,25.629430526614875,-0.0063703715383427225,-0.00965214835904013
IBM,2023-12-31,,61860000000.0,34300000000.0,9382000000.0,7502000000.0,14693000000.0,6775000000.0,19003000000.0,13931000000.0,-1810000000.0,12121000000.0,135241000000.0,59935000000.0,22533000000.0,13068000000.0,32908000000.0,34122000000.0,60530000000.0,,0.0219725755823558,,0.5544778532169414,0.1516650501131587,0.1212738441642418,0.237520206918849,0.2252020691884901,0.195942450695118,0.0292596184933721,0.1095215001616553,0.3071936631102489,0.4431718191968412,2.6598766253938666,0.0966275020149215,0.9644217806693628,0.4574056683993759,2024-03-30,206116847616.0,large_cap,2024-04-01,177.88992309570312,90,-0.0684392453925539,2024-07-01,0.1864692764591153,2024-09-30,0.3611477901294144,2025-04-02,0.16983624974713174,0.36836551016010244,0.5313753301636224,0.27358047414100467,-0.04019599828196474,0.14110444501680997,26.051709066363614,0.008093939013925903,0.004305360307690505
ICE,2023-12-31,,9903000000.0,5659000000.0,3963000000.0,2368000000.0,4917000000.0,,481000000.0,3542000000.0,-489000000.0,3053000000.0,136084000000.0,22912000000.0,25717000000.0,899000000.0,84973000000.0,84626000000.0,9636000000.0,,0.0277085927770859,,0.5714429970715945,0.4001817631020902,0.2391194587498737,0.4965162072099364,0.357669393113198,0.3082904170453397,0.0493789760678582,0.0,0.0485711400585681,0.16836659710179,0.890928179803243,0.0066062138091178,1.0041003946777587,0.0727712295346991,2024-03-30,87292510208.0,large_cap,2024-04-01,133.84857177734375,90,0.0025863267935111,2024-07-01,0.1794777642243983,2024-09-30,0.2585947172220386,2025-04-02,0.06905155276554709,0.2450047028837683,0.3672188285551832,0.1623958911143332,-0.013985113165369434,0.017743637740475826,25.19253050238868,0.00678873554067726,0.0085422936229873
INTC,2023-12-31,,54228000000.0,21711000000.0,31000000.0,1689000000.0,11242000000.0,16046000000.0,5634000000.0,11471000000.0,-25750000000.0,-14279000000.0,191572000000.0,49266000000.0,105590000000.0,7079000000.0,43269000000.0,28053000000.0,63054000000.0,,-0.139975259301551,,0.400365125027661,0.0005716603968429,0.0311462712989599,0.2073098768164048,0.2115327874898576,-0.2633141550490521,0.4748469425389098,0.2958987976691008,0.1038946669617171,0.257167018144614,0.4665782744578085,0.036952164199361,1.5424018821516416,0.2830685068799198,2024-03-30,546677981184.0,large_cap,2024-04-01,44.06040191650391,90,-0.3044639602707146,2024-07-01,-0.4675491356404277,2024-09-30,-0.5011393771693404,2025-04-02,-0.1139016278039614,0.2733744842220198,0.4321887812786045,0.3998338795975045,-0.12036061789834929,0.04611341907872735,27.027125766170165,-0.038265664315404985,0.03685746713075987
ISRG,2023-12-31,,7124100000.0,4729500000.0,1766800000.0,1798000000.0,2221600000.0,998800000.0,1963900000.0,1813800000.0,-1064200000.0,749600000.0,15441500000.0,,13307600000.0,2750100000.0,7888000000.0,1658700000.0,6222200000.0,,0.1449487319597571,,0.6638733313681728,0.2480032565517047,0.2523827571201976,0.3118428994539661,0.2546005811260369,0.1052203085302003,0.1493802725958366,0.1402001656349574,0.2756699091815106,,,0.1780979827089337,4.75553144028456,0.4613606191108377,2024-03-30,149145059328.0,large_cap,2024-04-01,394.8699951171875,90,0.1047686469692636,2024-07-01,0.2441309673779474,2024-09-30,0.2840934840908564,2025-04-02,0.16690794061233927,0.3333445998827522,0.5746929485054801,0.2941395432338419,-0.014278941743413931,0.10608353473945975,25.72818522183387,0.048317877058637534,0.015251550297866947
ITW,2023-12-31,,16107000000.0,6791000000.0,4040000000.0,2957000000.0,4484000000.0,,2638000000.0,3539000000.0,-455000000.0,3084000000.0,15518000000.0,8370000000.0,3012000000.0,1065000000.0,6235000000.0,4675000000.0,15932000000.0,,0.0109841827768013,,0.4216179300925063,0.2508226237039796,0.1835847768051157,0.2783882783882784,0.2197181349723722,0.1914695474017508,0.0282485875706214,0.0,0.163779723101757,0.5393736306225029,2.7788844621513946,0.06862997808996,1.3336898395721926,1.0379559221549168,2024-03-30,71257530368.0,large_cap,2024-04-01,252.6455993652344,90,-0.1147505082627192,2024-07-01,-0.0003719187006737,2024-09-30,-0.025510313164243,2025-04-02,0.01816118452507043,0.15517917770196443,0.13851964239606884,0.13029539664199624,-0.013664631571723596,-0.07208188744132804,24.98956633988588,0.001704516451032106,0.0021031365048522514
JNJ,2023-12-31,,85159000000.0,58606000000.0,22009000000.0,35153000000.0,23320000000.0,15085000000.0,21512000000.0,22791000000.0,-5013000000.0,17778000000.0,167558000000.0,29332000000.0,68774000000.0,21859000000.0,53495000000.0,46282000000.0,79990000000.0,,0.0646205775721964,,0.6881950234267664,0.2584459657816555,0.4127925410115196,0.2738406979884686,0.2676287885015089,0.2087624326260289,0.0588663558754799,0.1771392336687842,0.2526098239763266,0.1750558015731866,0.4264983860179719,0.1304563196027644,1.1558489261483946,0.5082359541173802,2024-03-30,545740161024.0,large_cap,2024-04-01,148.73165893554688,90,-0.0643695604044534,2024-07-01,0.0432880851454118,2024-09-30,0.0162509984838843,2025-04-02,0.015314594801345782,0.021488263961723097,0.060807790745496915,0.11627485112880574,-0.07488219724349898,-0.20577280118156938,27.025408803856646,0.0013885840282303597,0.013490348971670724
JPM,2023-12-31,,154952000000.0,,,49552000000.0,,,51056000000.0,12974000000.0,,12974000000.0,3875393000000.0,436537000000.0,327878000000.0,624151000000.0,,,127727000000.0,,0.2131499213165579,,,,0.319789354122567,,0.0837291548350456,0.0837291548350456,,0.0,0.3294955857297744,0.1126432854680802,1.3314007039203606,0.1610548917232394,,0.0399835577965899,2024-03-30,797985275904.0,large_cap,2024-04-01,189.61558532714844,90,0.0387472984466363,2024-07-01,0.072007436921641,2024-09-30,0.2638958039123507,2025-04-02,0.1753770994965702,0.3662425004040464,0.5844967854911696,0.13448461026850292,-0.006789940022049912,0.1389814352607539,27.405355982977873,0.07806456014390191,0.017846862764991863
KKR,2023-12-31,,14322870000.0,4860651000.0,2138148000.0,3732261000.0,9500580000.0,,2722503000.0,-1493812000.0,-108393000.0,-1602205000.0,317294194000.0,49387579000.0,22858694000.0,20348567000.0,191486333000.0,40628717000.0,5565056000.0,,1.5737153408698852,,0.3393629209788261,0.1492820922063804,0.2605805261096414,0.6633153830203025,-0.1042955776321365,-0.1118634044713105,0.0075678268391739,0.0,0.1900808287724457,0.1556523249839232,2.1605599602496977,0.064131545375835,4.713078510453579,0.0451406621074194,2024-03-30,90418855936.0,large_cap,2024-04-01,98.6125946044922,90,0.0468923472091664,2024-07-01,0.3100527258449481,2024-09-30,0.2160097792322839,2025-04-02,0.19851962505204268,0.6054640438299035,0.9759480528573534,0.23583132987675212,-0.016135323124355727,0.378202978686611,25.22771866595689,0.9528280541202356,-0.17604115569843426
KMB,2023-12-31,,17146000000.0,6269000000.0,2586000000.0,1764000000.0,2652000000.0,,3615000000.0,3542000000.0,-766000000.0,2776000000.0,17344000000.0,8114000000.0,915000000.0,1093000000.0,5703000000.0,6930000000.0,20175000000.0,,-0.1501363073110284,,0.3656246354834947,0.1508223492359734,0.1028811384579493,0.1546716435320191,0.2065787938877872,0.1619036509973171,0.04467514289047,0.0,0.2108363466697772,0.4678274907749077,8.86775956284153,0.0630189114391144,0.822943722943723,0.9885839483394834,2024-03-30,31836399616.0,mid_cap,2024-04-01,119.0769271850586,90,0.0796454892539562,2024-07-01,0.1238448373813587,2024-09-30,0.148964440581097,2025-04-02,0.07657193521882055,0.08007450245769543,0.009524790833246755,0.17294846648446444,-0.08633823666807083,-0.14718656268559704,24.183876114141928,-0.012022090108766259,-0.02430761630091069
KO,2023-12-31,,45754000000.0,27234000000.0,13098000000.0,10714000000.0,15607000000.0,,13972000000.0,11599000000.0,-1852000000.0,9747000000.0,97703000000.0,42064000000.0,25941000000.0,9366000000.0,26732000000.0,23571000000.0,43004000000.0,,0.063947539763743,,0.5952266468505486,0.2862700528915504,0.2341653188792236,0.3411067884775101,0.2535078900205446,0.2130305547055995,0.0404773353149451,0.0,0.3053722078943917,0.4305292570340726,1.6215257700165762,0.0958619489677901,1.1341054685842773,0.4682967769669304,2024-03-30,347726643200.0,large_cap,2024-04-01,57.25801849365234,90,0.0509394300247982,2024-07-01,0.2016157927269872,2024-09-30,0.2106687836770611,2025-04-02,0.04111243846812407,0.10468374584856122,0.012201641024520482,0.11437114968085889,-0.02620862487096809,-0.12257731929473126,26.57468250000181,0.006694268000268434,0.013622779867928552
LIN,2023-12-31,,32854000000.0,15362000000.0,8105000000.0,6199000000.0,12217000000.0,146000000.0,3295000000.0,9305000000.0,-3787000000.0,5518000000.0,80811000000.0,20315000000.0,39720000000.0,4664000000.0,12620000000.0,15717000000.0,33364000000.0,,-0.015285936938017,,0.467583855847081,0.2466975101966275,0.1886832653558166,0.371857308090339,0.2832227430449869,0.1679551957143726,0.1152675473306142,0.0044439033298837,0.1002922018627868,0.251389043570801,0.5114551863041289,0.0577149150486938,0.8029522173442769,0.4065535632525275,2024-03-30,233998581760.0,large_cap,2024-04-01,451.5526123046875,90,-0.0713915935118605,2024-07-01,0.035385993259476,2024-09-30,0.0264325775948273,2025-04-02,0.13422226439944995,0.24824444896619058,0.3422928230824862,0.1386555555658108,-0.024195108812997468,0.020983383822898105,26.178580891431043,-0.0037946489921099687,-0.0025673525301022028
LLY,2023-12-31,,34124000000.0,27042000000.0,10325000000.0,5240000000.0,11852000000.0,9313000000.0,7404000000.0,4240000000.0,-7392000000.0,-3152000000.0,64006300000.0,25225300000.0,10771900000.0,2818600000.0,25727000000.0,27293200000.0,28541400000.0,,0.195596571997169,,0.7924627827921698,0.3025729691712577,0.1535576134099167,0.347321533231743,0.1242527253545891,-0.0923690071503926,0.2166217325049818,0.2729164224592662,0.2169733911616457,0.3941065176396698,2.341768861575024,0.0440362901776856,0.9426157431155012,0.5331350195215159,2024-03-30,896128712704.0,large_cap,2024-04-01,748.7977905273438,90,0.2042975299843834,2024-07-01,0.1684834487703801,2024-09-30,0.0828164253849941,2025-04-02,0.31166933491625004,0.40194837213793555,1.2833736701393823,0.2628458193155674,-0.04004902921604503,0.17468730699464308,27.521349892175728,0.0786197237100226,-0.018067061157398787
LMT,2023-12-31,,67571000000.0,8479000000.0,8507000000.0,6920000000.0,10444000000.0,,,7920000000.0,-1691000000.0,6229000000.0,52456000000.0,17459000000.0,6835000000.0,1442000000.0,20521000000.0,16937000000.0,65984000000.0,,0.0240512851600387,,0.125482825472466,0.1258972044220153,0.1024107975314854,0.1545633481819123,0.1172100457296769,0.092184517026535,0.0250255287031418,0.0,0.0,0.3328313253012048,2.5543525969275787,0.0274897056580753,1.2116077227372026,1.2881462559097148,2024-03-30,118973136896.0,large_cap,2024-04-01,429.4854431152344,90,0.0370920160680672,2024-07-01,0.3069692786643492,2024-09-30,0.0264063093873903,2025-04-02,0.010819639068120113,0.11778215658268532,-0.01822509926487803,0.14874431331898985,-0.07152257971130949,-0.10947890856060716,25.502163564205,0.0028328122347344937,0.0022171561063456364
MA,2023-12-31,,25098000000.0,19076000000.0,14630000000.0,11195000000.0,15013000000.0,,3647000000.0,11980000000.0,-1088000000.0,10892000000.0,42448000000.0,15681000000.0,6929000000.0,8588000000.0,18961000000.0,16264000000.0,22237000000.0,,0.1286594414714215,,0.7600605625946291,0.5829149733046458,0.4460514782054346,0.5981751533986772,0.4773288708263606,0.4339788030918798,0.0433500677344808,0.0,0.1453103832974739,0.3694166980776479,2.2630971280127,0.2023181304183942,1.1658263649778653,0.5912646061062947,2024-03-30,436667154432.0,large_cap,2024-04-01,472.1549072265625,90,-0.0839963127211637,2024-07-01,0.0351513731119241,2024-09-30,0.1506901819672881,2025-04-02,0.12393032253302771,0.20130347198087306,0.338682413578103,0.15346373449207662,-0.02095617860651744,-0.025957593162419412,26.802437081492723,0.025899592271317076,0.055835470416237265
MCD,2023-12-31,,25495000000.0,14564000000.0,11747000000.0,8469000000.0,13861000000.0,,2435000000.0,9612000000.0,-2357000000.0,7255000000.0,56147000000.0,53091000000.0,-4706000000.0,4579000000.0,7986000000.0,6859000000.0,23182000000.0,,0.0997756880338194,,0.5712492645616788,0.4607570111786624,0.3321827809374387,0.5436752304373407,0.3770151010001961,0.2845656010982546,0.0924494999019415,0.0,0.0955089233182977,0.9455714463818192,11.281555461113472,0.0815537784743619,1.1643096661320893,0.4540759078846599,2024-03-30,196376723456.0,large_cap,2024-04-01,267.3814697265625,90,-0.1020874031964185,2024-07-01,0.1001017399192563,2024-09-30,0.1389528298398139,2025-04-02,-0.047409484919507916,0.06744570670074745,0.03280019586710514,0.16694863380408653,-0.06227546371388726,-0.15981535844254502,26.003300709835052,0.0067294417909942615,0.028392728640335745
MDLZ,2023-12-31,,36016000000.0,13764000000.0,5611000000.0,4959000000.0,7645000000.0,,8002000000.0,4714000000.0,-1112000000.0,3602000000.0,71391000000.0,19945000000.0,28332000000.0,1810000000.0,11703000000.0,19013000000.0,31496000000.0,,0.143510287020574,,0.3821634828964904,0.1557918702798756,0.1376888049755664,0.2122667703243003,0.1308862727676588,0.1000111061750333,0.0308751665926255,0.0,0.2221790315415371,0.2793769522768976,0.7039743046731611,0.0253533358546595,0.615526218902856,0.5044893614040985,2024-03-30,77583794176.0,large_cap,2024-04-01,65.67108154296875,90,-0.0587873679661323,2024-07-01,0.0696066517651761,2024-09-30,-0.0254651681529431,2025-04-02,-0.02870353015810967,0.017458151323678894,0.02033609674063186,0.15080988687049668,-0.08871586564603096,-0.20980291381961358,25.074624404387762,0.002505424307309772,0.01435262255242413
META,2023-12-31,,134902000000.0,108943000000.0,46751000000.0,39098000000.0,59052000000.0,38483000000.0,23709000000.0,71113000000.0,-27045000000.0,44068000000.0,229623000000.0,37234000000.0,153168000000.0,41862000000.0,85365000000.0,31960000000.0,116609000000.0,,0.1568746837722645,,0.8075714222176098,0.3465552771641636,0.2898252064461609,0.4377399890290729,0.5271456316437118,0.3266667655038472,0.2004788661398645,0.2852663414923426,0.1757498035611036,0.1621527460228287,0.2430925519690797,0.1823075214590873,2.6709949937421777,0.5874934131162819,2024-03-30,1559175626752.0,large_cap,2024-04-01,488.04144287109375,90,0.0281491372450295,2024-07-01,0.1673042923205658,2024-09-30,0.1927550418199137,2025-04-02,0.37271531253157186,0.6182109639693252,1.3952830181614209,0.4886816754089723,-0.04068797509650168,0.3909498988260327,28.075178353124304,0.09698164947723469,0.05124574553732451
MMM,2023-12-31,,24610000000.0,9627000000.0,-10725000000.0,-6995000000.0,-8343000000.0,1154000000.0,19198000000.0,6680000000.0,-1615000000.0,5065000000.0,50580000000.0,16751000000.0,4807000000.0,5735000000.0,16379000000.0,15297000000.0,26161000000.0,,-0.0592867245135889,,0.3911824461600975,-0.4357984559122308,-0.2842340511986997,-0.3390085331166192,0.271434376269809,0.2058106460788297,0.0656237301909792,0.0468915075172694,0.7800893945550589,0.3311783313562673,3.4847097982109423,0.1133847370502174,1.0707328234294309,0.4865559509687623,2024-03-30,76263563264.0,large_cap,2024-04-01,90.2627410888672,90,0.0775234009736185,2024-07-01,0.4719359900896955,2024-09-30,0.6073777199706734,2025-04-02,0.0421702661327199,0.24506320231296486,0.15943912588797282,0.34803607039468565,0.0,0.017802137169672383,25.05746111548749,-0.01452899456394665,-0.012201839076039321
MRK,2023-12-31,,60115000000.0,43989000000.0,2954000000.0,365000000.0,6907000000.0,30531000000.0,10504000000.0,13006000000.0,-3863000000.0,9143000000.0,106675000000.0,35055000000.0,37581000000.0,6841000000.0,32168000000.0,25694000000.0,59283000000.0,,0.0140343774775231,,0.731747483989021,0.0491391499625717,0.0060716959161606,0.1148964484737586,0.216351992015304,0.1520918240039923,0.0642601680113116,0.5078765699076769,0.1747317641187723,0.3286149519568783,0.9327851840025544,0.0641293648933677,1.251965439402195,0.5635340988985236,2024-03-30,275089031168.0,large_cap,2024-04-01,122.75997924804688,90,-0.0177482269547623,2024-07-01,-0.1220423661418899,2024-09-30,-0.3192863618769854,2025-04-02,0.21192340441877877,0.273014508446191,0.28263191152306666,0.18494758230024355,-0.007275338053255198,0.045753443302898544,26.340360631919175,0.0038315886683742634,0.0021345140693170366
MRNA,2023-12-31,,6754000000.0,2061000000.0,-4239000000.0,-4714000000.0,-3618000000.0,4845000000.0,1549000000.0,-3118000000.0,-707000000.0,-3825000000.0,18426000000.0,1243000000.0,13854000000.0,2907000000.0,10325000000.0,3015000000.0,18875000000.0,,-0.6421721854304636,,0.3051525022209061,-0.6276280722534794,-0.6979567663606752,-0.5356825584838614,-0.4616523541604975,-0.566331063073734,0.1046787089132366,0.7173526798933965,0.2293455729937814,0.0674590252903506,0.0897213801068283,0.1577661999348746,3.4245439469320065,0.366547270161728,2024-03-30,19458398208.0,mid_cap,2024-04-01,105.5999984741211,90,0.0980113506029787,2024-07-01,-0.3671401250310395,2024-09-30,-0.737500002709302,2025-04-02,0.06893407729003664,0.05315649755158591,-0.2903226054545863,0.597406192983237,-0.3421790364596947,-0.17410456759170656,23.691544598291784,-0.034135624202531016,0.36368205645121754
MS,2023-12-31,,50667000000.0,,,9087000000.0,,,25456000000.0,-33536000000.0,-3412000000.0,-36948000000.0,1193693000000.0,276387000000.0,99038000000.0,58661000000.0,,,50210000000.0,,0.0091017725552677,,,,0.1793475042927349,,-0.6618903823001164,-0.7292320445260229,0.0673416622259064,0.0,0.5024177472516628,0.2315394326681986,2.790716694602072,0.049142451199764,,0.0424455869306429,2024-03-30,303643099136.0,large_cap,2024-04-01,87.68756866455078,90,0.0699919997459408,2024-07-01,0.1349256985648701,2024-09-30,0.3175423950385374,2025-04-02,0.008609798115411627,0.1631643530829201,0.1284826857874255,0.2327452357870007,-0.006690635046842086,-0.06409671206037237,26.439118832655986,0.0014850848308881307,-0.006637304209288708
NEE,2023-12-31,,28114000000.0,17976000000.0,9832000000.0,7310000000.0,16763000000.0,,,11301000000.0,-9548000000.0,1753000000.0,177489000000.0,73211000000.0,47468000000.0,2690000000.0,15361000000.0,27963000000.0,20956000000.0,,0.3415728192403131,,0.6393967418368073,0.3497190012093619,0.2600128050081809,0.5962509781603471,0.4019705484811837,0.0623532759479263,0.3396172725332574,0.0,0.0,0.4124819002867783,1.5423232493469283,0.0151558688144054,0.5493330472409971,0.1583985486424511,2024-03-30,194687483904.0,large_cap,2024-04-01,59.86212921142578,90,0.1100153716763259,2024-07-01,0.3510347428433638,2024-09-30,0.1433683789540709,2025-04-02,0.04818288781519375,0.12965309333502062,-0.1414531893465666,0.25167954954767763,-0.17327922203470747,-0.09760797180827185,25.994661463252097,0.04428597261367044,0.02129818425440239
NEM,2023-12-31,,11812000000.0,3005000000.0,708000000.0,-2494000000.0,320000000.0,200000000.0,299000000.0,2763000000.0,-2666000000.0,97000000.0,55506000000.0,9436000000.0,29027000000.0,3002000000.0,7512000000.0,5998000000.0,11915000000.0,,-0.0086445656735207,,0.2544023027429732,0.0599390450389434,-0.2111412123264476,0.0270910938029122,0.2339146630545208,0.0082119878090077,0.225702675245513,0.0169319336268201,0.0253132407720961,0.1699996396785933,0.3250766527715575,0.0540842431448852,1.2524174724908304,0.2128058227939321,2024-03-30,116427300864.0,large_cap,2024-04-01,35.15553665161133,90,0.1501526777941348,2024-07-01,0.4831907939104234,2024-09-30,0.3683395051527196,2025-04-02,-0.11948688815231046,0.001431763526041463,-0.21713747679546191,0.3762731336355357,-0.27321708829369185,-0.225829301617251,25.480532888247875,-1.237697382981699e-05,-7.098906792511842e-05
NET,2023-12-31,,1296745000.0,989740000.0,-185485000.0,-183949000.0,-36170000.0,358143000.0,817082000.0,254406000.0,-134942000.0,119464000.0,2759767000.0,1435203000.0,763047000.0,86864000.0,1983077000.0,567084000.0,975241000.0,,0.3296662055840555,,0.7632495209158315,-0.143038916672129,-0.1418544123941098,-0.0278929164947618,0.196188148016765,0.0921260540815657,0.1040620939351992,0.2761861429965028,0.6301022945914578,0.5200449893052566,1.8808841395091,0.0314751209069461,3.4969722298636534,0.469874811895352,2024-03-30,69830787072.0,large_cap,2024-04-01,95.66000366210938,90,-0.1224127771856388,2024-07-01,-0.1544010423063708,2024-09-30,0.2497386418051246,2025-04-02,0.1296646589202064,0.5162466861744888,0.6755999896029621,0.5870399719837461,-0.11360261967057583,0.2889856210311963,24.969340824999605,0.1701890861764864,0.030370846684501254
NFLX,2023-12-31,,33723297000.0,14007929000.0,6954003000.0,5407990000.0,21508387000.0,2675758000.0,4378168000.0,7274301000.0,-348552000.0,6925749000.0,48731992000.0,14543261000.0,20588313000.0,7116913000.0,9918133000.0,8860655000.0,31615550000.0,,0.0666680478435453,,0.4153783955346952,0.2062076848535895,0.1603636204372306,0.6377901603155824,0.2157055106444663,0.2053698664160861,0.0103356442283801,0.0793444958836616,0.129826214797444,0.2984335423842308,0.7063842967609828,0.1460419061055415,1.119345353136986,0.6920155654626226,2024-03-30,366423670784.0,large_cap,2024-04-01,61.430999755859375,90,0.0965310727278236,2024-07-01,0.1545799715942255,2024-09-30,0.522879365872633,2025-04-02,0.252390397735337,0.6322403328099224,0.8501641837566709,0.32054759026398333,-0.02372703635474893,0.40497926766662995,26.627056071327782,0.042150228756390906,0.013691608079850134
NOC,2023-12-31,,39290000000.0,6551000000.0,2537000000.0,2056000000.0,4229000000.0,,4014000000.0,3875000000.0,-1775000000.0,2100000000.0,46544000000.0,15678000000.0,14795000000.0,3109000000.0,13706000000.0,11942000000.0,36602000000.0,,0.0734386099120267,,0.1667345380503945,0.0645711376940697,0.0523288368541613,0.1076355306693815,0.0986256044795113,0.0534487146856706,0.0451768897938406,0.0,0.1021634003563247,0.3368425575799244,1.0596823251098344,0.06679700928154,1.1477139507620164,0.8441474733585425,2024-03-30,76796076032.0,large_cap,2024-04-01,456.0524597167969,90,-0.073031807502807,2024-07-01,0.1297450797236898,2024-09-30,0.1053106723553989,2025-04-02,0.016333920643547106,0.08116308655047955,0.0384201344421542,0.1857280970144597,-0.03176454969736986,-0.14609797859281293,25.064419382461395,0.005960504252436729,0.003925199308100176
NOW,2023-12-31,,8971000000.0,7050000000.0,762000000.0,1731000000.0,1324000000.0,2124000000.0,4164000000.0,3398000000.0,-697000000.0,2701000000.0,17387000000.0,2284000000.0,7628000000.0,1897000000.0,7777000000.0,7365000000.0,7245000000.0,,0.2382332643202207,,0.7858655668264407,0.0849403633931557,0.1929550774718537,0.1475866681529372,0.3787760561810278,0.3010812618437186,0.0776947943373091,0.236762902686434,0.4641623007468509,0.1313625122217749,0.2994231777661248,0.1091045033645827,1.055940257976918,0.515960200149537,2024-03-30,98046451712.0,large_cap,2024-04-01,153.6739959716797,90,0.0267970611980981,2024-07-01,0.1640095960959486,2024-09-30,0.0724390858309638,2025-04-02,0.09382734365530587,0.3881521233863501,0.752508778484287,0.2796312850997534,-0.05482570426715472,0.1608910582430576,25.308707200377086,0.09247074740715526,0.07172757183468019
NSC,2023-12-31,,12156000000.0,4435000000.0,4326000000.0,1827000000.0,4340000000.0,,-117000000.0,3179000000.0,-2327000000.0,852000000.0,41652000000.0,17571000000.0,12781000000.0,1568000000.0,3271000000.0,2632000000.0,12745000000.0,,-0.0462142016477049,,0.3648404080289569,0.3558736426456071,0.1502961500493583,0.3570253372820006,0.2615169463639355,0.0700888450148075,0.191428101349128,0.0,-0.0096248766041461,0.4218524920772112,1.3747750567248258,0.0376452511283971,1.2427811550151977,0.2918467300489772,2024-03-30,70960480256.0,large_cap,2024-04-01,240.51443481445312,90,-0.1455529421557211,2024-07-01,-0.0026182003018077,2024-09-30,-0.0320875295656981,2025-04-02,0.07155337146614404,0.29327413275987047,0.2472441879465046,0.264329100774779,-0.04229862125571748,0.06601306761657799,24.985388942906795,-0.013553429909420432,-0.00323910001676905
NXPI,2023-12-31,,13276000000.0,7553000000.0,3676000000.0,2797000000.0,4896000000.0,2418000000.0,1159000000.0,3513000000.0,-1006000000.0,2507000000.0,24353000000.0,11175000000.0,8644000000.0,3648000000.0,7864000000.0,4111000000.0,13205000000.0,,0.0053767512305944,,0.5689213618559807,0.2768906297077433,0.2106809279903585,0.3687857788490509,0.2646128351913226,0.1888369990961133,0.0757758360952094,0.1821331726423621,0.0873003916842422,0.4588757031987845,1.2928042572882923,0.1497967396214019,1.912916565312576,0.5451484416704308,2024-03-30,73595314176.0,large_cap,2024-04-01,237.49403381347656,90,0.0826109748208236,2024-07-01,-0.0176396032769378,2024-09-30,-0.1997809232589557,2025-04-02,0.0704158060835205,0.23913346700930083,0.40263855623964373,0.297280905804564,-0.045162955411318095,0.011872401866008353,25.021847194567513,0.0012857611630185636,0.0010153295672717807
O,2023-12-31,,4078993000.0,3762029000.0,1722316000.0,872309000.0,3617493000.0,,144536000.0,2958769000.0,,2958769000.0,57779357000.0,21989695000.0,32941467000.0,232923000.0,2897717000.0,1890713000.0,3343681000.0,,0.2199109304984536,,0.9222935660835896,0.4222404892580105,0.2138540075945215,0.8868593302317508,0.7253675110499086,0.7253675110499086,,0.0,0.0354342358518389,0.380580472711041,0.6675384250494977,0.0040312494304843,1.5326054245144556,0.0705960261897687,2024-03-30,56993943552.0,large_cap,2024-04-01,47.64091873168945,90,-0.0060684865880825,2024-07-01,0.2145610528361414,2024-09-30,0.1298824120624744,2025-04-02,-0.07007445789505662,0.1150024337816753,-0.08518927772342988,0.1789204940911798,-0.1245426971497613,-0.11225863136161718,24.766210845661977,0.025290292222515005,0.15951624430833272
OPEN,2023-12-31,,6946000000.0,487000000.0,-372000000.0,-275000000.0,9000000.0,167000000.0,692000000.0,2344000000.0,-37000000.0,2307000000.0,3567000000.0,2534000000.0,967000000.0,999000000.0,3445000000.0,70000000.0,15567000000.0,,-0.5537997045031156,,0.0701122948459545,-0.053556003455226,-0.0395911315865246,0.0012957097610135,0.3374604088684135,0.3321336020731356,0.0053268067952778,0.0240426144543622,0.0996256838468183,0.7104008971124194,2.62047569803516,0.280067283431455,49.21428571428572,1.9472946453602469,2024-03-30,4225546496.0,low_cap,2024-04-01,2.9100000858306885,90,-0.384879756337858,2024-07-01,-0.3127147969038357,2024-09-30,-0.6529209757136683,2025-04-02,-0.376873653471109,0.11494260643403154,0.8417721561964573,0.8237776135329039,-0.44781781852699665,-0.11231845870926094,22.164414437556477,-0.06365518147798457,-0.18393549068365786
ORLY,2023-12-31,,15812250000.0,8104803000.0,3186376000.0,2346581000.0,3615479000.0,,4918427000.0,3034084000.0,-1006264000.0,2027820000.0,13872995000.0,7841005000.0,-1739278000.0,279132000.0,5558302000.0,7661353000.0,14409860000.0,,0.0973215562122047,,0.5125648152539961,0.2015131306423817,0.1484027257347942,0.2286505083084317,0.1918818637448813,0.1282436085946023,0.063638255150279,0.0,0.3110516846116144,0.5651991513007826,4.50819535462416,0.0201205291287137,0.7254987467618318,1.139786325879884,2024-03-30,73332998144.0,large_cap,2024-04-01,75.35199737548828,90,-0.1008245096434103,2024-07-01,0.0188625831098492,2024-09-30,0.2536805157516242,2025-04-02,0.20087967313433763,0.23203360190188893,0.3583789517174527,0.18641642686142115,-0.03190501344192864,0.004772536758596457,25.01827652385658,0.022581871230615013,0.012480867562695565
PEP,2023-12-31,,91471000000.0,49590000000.0,12913000000.0,9074000000.0,15754000000.0,,36677000000.0,13442000000.0,-5518000000.0,7924000000.0,100495000000.0,44661000000.0,18503000000.0,9711000000.0,26950000000.0,31647000000.0,86392000000.0,,0.0587901657560885,,0.5421390386023985,0.1411704255993703,0.0992008396103683,0.1722294497709656,0.146953679308196,0.086628548939008,0.060325130369188,0.0,0.4009686130030283,0.4444101696601821,2.4137166945900663,0.096631673217573,0.851581508515815,0.910204487785462,2024-03-30,203838226432.0,large_cap,2024-04-01,160.9637451171875,90,-0.0509051163531432,2024-07-01,-0.0016419690356928,2024-09-30,-0.109260568854442,2025-04-02,0.02898664102163173,0.036160087097426574,-0.014223638064391309,0.16682367144806903,-0.09188131164001834,-0.1911009780458659,26.040592508507427,0.0021258575142123056,0.005092906751333705
PFE,2023-12-31,,59554000000.0,34600000000.0,4223000000.0,2119000000.0,9557000000.0,10873000000.0,14771000000.0,8700000000.0,-3907000000.0,4793000000.0,226501000000.0,70845000000.0,89014000000.0,2853000000.0,43333000000.0,47794000000.0,101175000000.0,,-0.4113763281443044,,0.5809853242435437,0.0709104342277596,0.0355811532390771,0.1604762064680794,0.1460859052288679,0.0804815797427544,0.0656043254861134,0.1825737985693656,0.2480270007052423,0.3127800760261544,0.7958860403981396,0.0125959708787157,0.90666192409089,0.2629304064882716,2024-03-30,144366927872.0,large_cap,2024-04-01,23.924819946289062,90,0.0333903721896988,2024-07-01,0.0747123449475328,2024-09-30,-0.0530966805426493,2025-04-02,-0.022676697203273588,-0.11135891037343126,-0.27587031831119524,0.2226502402623487,-0.3025554274977681,-0.33861997551672374,25.69562400581611,0.045810419655572844,-0.03310821675782734
PGR,2023-12-31,,62083000000.0,,,3903000000.0,,,,10643000000.0,-252000000.0,10391000000.0,88691000000.0,6889000000.0,20277000000.0,85000000.0,,,49587000000.0,,0.2520015326597697,,,,0.0628674516373242,,0.1714317929223781,0.1673727107259636,0.0040590821964144,0.0,0.0,0.0776741721256948,0.3397445381466686,0.0009583836014928,,0.6999921074291642,2024-03-30,116709515264.0,large_cap,2024-04-01,193.1011962890625,90,-0.0018584631626192,2024-07-01,0.2098177174699804,2024-09-30,0.3671270351511013,2025-04-02,0.33261159009701724,0.5038617088392865,0.46362490642055887,0.16369130530247333,0.0,0.276600643695994,25.482953909024715,0.12697392287607084,0.04217817962836311
PLD,2023-12-31,,8023469000.0,6013134000.0,3084483000.0,3059214000.0,6567797000.0,,390406000.0,5373058000.0,,5373058000.0,93020840000.0,29598064000.0,53181724000.0,530388000.0,1794979000.0,3289062000.0,5973692000.0,,0.3431340283362449,,0.7494431647956763,0.3844325939316273,0.3812832080487878,0.8185732380844246,0.669667696105014,0.669667696105014,,0.0,0.0486580056581511,0.318187451328111,0.5565457787716698,0.0057018190762414,0.5457419166923578,0.0862545317801903,2024-03-30,131021455360.0,large_cap,2024-04-01,119.54751586914062,90,-0.1172971508932224,2024-07-01,0.003100578888749,2024-09-30,-0.0918403541389001,2025-04-02,-0.04677730401208258,0.15659527259387307,0.09725457599844267,0.2018716611998712,-0.05419323202086346,-0.0706657925494194,25.598626928110903,0.05373316670354804,0.2297857742111657
PNC,2023-12-31,,21509000000.0,,,5578000000.0,,,7778000000.0,10111000000.0,,10111000000.0,561580000000.0,72737000000.0,51105000000.0,50725000000.0,,,21114000000.0,,0.0187079662782987,,,,0.2593333023385559,,0.4700822911339439,0.4700822911339439,,0.0,0.3616160676925938,0.1295220627515224,1.4232853928187066,0.090325510167741,,0.038300865415435,2024-03-30,85469020160.0,large_cap,2024-04-01,147.69557189941406,90,-0.013838390631959,2024-07-01,0.1786788550544109,2024-09-30,0.1475371813702473,2025-04-02,0.038243723450275935,0.3329808326915311,0.30138325911408415,0.2531762724665688,-0.010272256043505013,0.10571976754823864,25.17141980991916,0.0062293941893129855,0.008794283650559214
PYPL,2023-12-31,,29771000000.0,13704000000.0,4944000000.0,4246000000.0,6830000000.0,2973000000.0,3868000000.0,4843000000.0,-623000000.0,4220000000.0,82166000000.0,9676000000.0,21051000000.0,9081000000.0,62569000000.0,48466000000.0,27518000000.0,,0.0818736826804273,,0.4603137281246851,0.1660676497262436,0.1426220147123039,0.2294178898928487,0.1626750864935675,0.1417486816029021,0.0209264048906654,0.0998622820865943,0.1299250948910013,0.1177616045566292,0.4596456225357465,0.110520166492223,1.2909874963892214,0.3623274833872891,2024-03-30,39174303744.0,mid_cap,2024-04-01,64.68416595458984,90,-0.1110255460922925,2024-07-01,0.1999078115226868,2024-09-30,0.0326003508021612,2025-04-02,0.030913044390220135,0.11773799424274722,-0.1233487209207943,0.42513242568109805,-0.15905867309085508,-0.10952307090054525,24.3912868520631,0.009639643180060662,0.01160548657792493
REGN,2023-12-31,,13117200000.0,11301400000.0,4047100000.0,3953600000.0,4693300000.0,4625100000.0,2631300000.0,4594000000.0,-926400000.0,3667600000.0,33080200000.0,2702900000.0,25973100000.0,2730000000.0,19479200000.0,3423400000.0,12172900000.0,,0.077573955261277,,0.8615710669960053,0.3085338334400634,0.3014057878205715,0.357797395785686,0.3502271826304394,0.279602354160949,0.0706248284694904,0.3525981154514683,0.2005992132467295,0.0817074866536478,0.1040653599300815,0.0825267078191788,5.690015773792137,0.3965272277676677,2024-03-30,73203851264.0,large_cap,2024-04-01,962.8056030273438,90,0.0904871354322804,2024-07-01,0.0845238806900228,2024-09-30,-0.3537630446197487,2025-04-02,0.099364917170639,0.16144852243878582,0.1830233172753144,0.15093255997160995,-0.02420079285733112,-0.06581254270450665,25.016513869425843,0.012524200456665647,0.021689860512629184
RTX,2023-12-31,,68920000000.0,12089000000.0,3561000000.0,3195000000.0,9700000000.0,2805000000.0,5809000000.0,7883000000.0,-3166000000.0,4717000000.0,161869000000.0,45239000000.0,59798000000.0,6587000000.0,48417000000.0,46761000000.0,67074000000.0,,0.0275218415481408,,0.1754062681369704,0.0516686012768427,0.0463580963435867,0.140742890307603,0.1143789901334881,0.0684416715031921,0.0459373186302959,0.0406993615786419,0.0842861288450377,0.2794790849390556,0.7565303187397572,0.0406934002186953,1.0354141271572463,0.4257763994341103,2024-03-30,230525255680.0,large_cap,2024-04-01,94.07389068603516,90,0.0244364906950296,2024-07-01,0.2534898758383004,2024-09-30,0.3918807362551886,2025-04-02,0.16910537346702803,0.3767910184282204,0.027986804237850604,0.15039048012178288,-0.04037550829814973,0.1495299532849279,26.163626262491487,0.01036998270594408,0.0018836408384007564
RUN,2023-12-31,,2259813000.0,163061000.0,-820643000.0,-1604497000.0,-1510874000.0,21816000.0,961888000.0,-820740000.0,-2608143000.0,-3428883000.0,20450237000.0,11086948000.0,5230228000.0,678821000.0,1882259000.0,1488159000.0,2321422000.0,,-0.0265393366651991,,0.072156855456624,-0.3631464196373771,-0.7100131736564043,-0.6685836394427327,-0.3631893435430277,-1.517330416277807,1.1541410727347794,0.0096538961409638,0.4256493789530373,0.5421427634310546,2.119782923421312,0.033193796238156,1.264823852827554,0.1105030225322083,2024-03-30,3337304320.0,low_cap,2024-04-01,12.739999771118164,90,-0.1432495951375484,2024-07-01,0.4175824011303961,2024-09-30,-0.4678178703598765,2025-04-02,-0.37303149791073986,0.03577232305368061,-0.31652359504940686,0.8637388449561605,-0.4330217997137873,-0.19148874208961186,21.928429228242322,-0.0009493737248178929,0.040268942749943415
SCHW,2023-12-31,,18837000000.0,,,5067000000.0,,,6712000000.0,19587000000.0,-700000000.0,18887000000.0,493178000000.0,59081000000.0,40958000000.0,43337000000.0,,,20762000000.0,,-0.0927174645987862,,,,0.2689918776875298,,1.0398152572065615,1.0026543504804375,0.0371609067261241,0.0,0.3563200084939215,0.1197965034936676,1.4424776600419942,0.0878729383711357,,0.0381951344139438,2024-03-30,158052630528.0,large_cap,2024-04-01,70.24403381347656,90,0.0178392023656717,2024-07-01,-0.0979308627997792,2024-09-30,0.1012638608818961,2025-04-02,0.04473013149353067,0.3381002130388,0.3342008679887103,0.19341752243953414,-0.0001379190812460518,0.11083914789550753,25.786193919113952,-0.03134779453326701,-0.09296356924548893
SEDG,2023-12-31,,2976528000.0,703823000.0,71392000.0,34329000.0,142494000.0,321482000.0,310822000.0,-180113000.0,-181123000.0,-361236000.0,4587731000.0,732047000.0,2411909000.0,338468000.0,3304306000.0,893231000.0,3110279000.0,,-0.0430028945956295,,0.2364577118038197,0.0239849919100374,0.0115332360387673,0.0478725548692973,-0.060511105556541,-0.1213615326313073,0.0608504270747663,0.1080057032892013,0.1044243494433783,0.1595662430948981,0.3035135239347753,0.073776775490978,3.699273760091175,0.6488017715075274,2024-03-30,3756131840.0,low_cap,2024-04-01,70.95999908447266,90,-0.6622040639428424,2024-07-01,-0.6771420498450198,2024-09-30,-0.7628241242834406,2025-04-02,-0.26641169624867744,-0.45724341362229093,-0.7569363619543208,0.7054026126041019,-0.7776942469587111,-0.6845044787655834,22.046655498847855,0.019662790320545197,0.005218897195708158
SHAK,2023-12-31,,1087533000.0,478238000.0,28159000.0,20264000.0,111737000.0,,209388000.0,132139000.0,-146167000.0,-14028000.0,1605857000.0,771329000.0,443417000.0,224653000.0,334432000.0,164067000.0,900486000.0,,0.20771783237052,,0.4397457364512157,0.0258925476284397,0.018632997803285,0.1027435489313887,0.1215034394358608,-0.0128989189293566,0.1344023583652174,0.0,0.1925348472184292,0.4803223450157766,1.7395115658623823,0.1398960181386014,2.0383867566299134,0.6772290434328835,2024-03-30,2584431616.0,low_cap,2024-04-01,106.4499969482422,90,-0.1867543243151427,2024-07-01,-0.0304368056050285,2024-09-30,-0.1008924205887155,2025-04-02,0.41012054524552477,0.8196580674913194,0.9786245066507973,0.647798992924117,-0.025807630470016663,0.592397002348027,21.67277144297386,0.17025759706430627,-0.002679335479929021
SHOP,2023-12-31,,7060000000.0,3515000000.0,74000000.0,132000000.0,144000000.0,1730000000.0,1711000000.0,944000000.0,-39000000.0,905000000.0,11299000000.0,1150000000.0,9066000000.0,1405000000.0,6275000000.0,898000000.0,5600000000.0,,0.2607142857142857,,0.4978753541076487,0.0104815864022662,0.0186968838526912,0.0203966005665722,0.1337110481586402,0.1281869688385269,0.0055240793201133,0.245042492917847,0.2423512747875354,0.1017789184883618,0.1268475623207589,0.1243472873705637,6.987750556792873,0.6248340561111603,2024-03-30,130128805888.0,large_cap,2024-04-01,78.19000244140625,90,-0.1734237724081135,2024-07-01,0.0249392107348183,2024-09-30,0.2872489881465812,2025-04-02,-0.011629353581687707,0.4697368669189099,0.6743040934478286,0.4849759066545092,-0.13811726863642737,0.24247580177561745,25.59179061139235,0.12246711173243006,0.03342017401861594
SHW,2023-12-31,,23051900000.0,10758100000.0,3606400000.0,2388800000.0,4149900000.0,,7071000000.0,3521900000.0,-888400000.0,2633500000.0,22954400000.0,11809700000.0,3715800000.0,276800000.0,5512900000.0,6626900000.0,22148900000.0,,0.040769519028033,,0.4666903812700905,0.156446974002143,0.1036270329126883,0.1800242062476412,0.1527813325582706,0.1142422099696771,0.0385391225885935,0.0,0.3067426112381192,0.5144852403025129,3.178238871844556,0.0120586902728888,0.831897267198841,1.004247551667654,2024-03-30,74015350784.0,large_cap,2024-04-01,332.39666748046875,90,-0.123314286280889,2024-07-01,0.1334971052997371,2024-09-30,0.0545483307249907,2025-04-02,0.08335195784107685,0.32583405136328913,0.5853309091433072,0.18343676919945784,-0.0264014596504476,0.09857298621999666,25.02753835166428,0.013284097557036698,0.0046575999531632915
SLB,2023-12-31,,33135000000.0,6563000000.0,5488000000.0,4203000000.0,7544000000.0,711000000.0,364000000.0,6637000000.0,-2092000000.0,4545000000.0,47957000000.0,11965000000.0,20189000000.0,2900000000.0,17718000000.0,13395000000.0,28091000000.0,,0.1795592894521376,,0.198068507620341,0.1656254715557567,0.1268447261204164,0.2276746642523011,0.2003017956843217,0.1371661385242191,0.0631356571601026,0.0214576731552738,0.0109853629093103,0.2494943386783994,0.5926494625786319,0.0604708384594532,1.3227323628219485,0.6909314594324082,2024-03-30,82796298240.0,large_cap,2024-04-01,52.19978332519531,90,-0.1510873393910782,2024-07-01,-0.2304642842005106,2024-09-30,-0.2157323299127584,2025-04-02,0.06306592980506864,-0.0843010539413439,0.15688823594610124,0.2593232135036029,-0.10140592294167183,-0.3115621190846364,25.13964919009185,-0.015137037345774035,0.02462945437030226
SO,2023-12-31,,25253000000.0,11776000000.0,5826000000.0,3976000000.0,11777000000.0,,,7553000000.0,-9095000000.0,-1542000000.0,139331000000.0,63490000000.0,31444000000.0,748000000.0,10432000000.0,13467000000.0,29279000000.0,,-0.1375046961986407,,0.4663208331683364,0.2307052627410604,0.1574466400031679,0.4663604324238704,0.2990931770482715,-0.0610620520334217,0.3601552290816933,0.0,0.0,0.4556774874220382,2.019145146927872,0.005368510955925,0.774634291230415,0.1812446619919472,2024-03-30,104331722752.0,large_cap,2024-04-01,66.53560638427734,90,0.092894757512222,2024-07-01,0.2906010866929138,2024-09-30,0.3285949761236011,2025-04-02,0.02412477452933004,0.1153462770953424,0.06751886636035587,0.16775588703179364,-0.021652871089508086,-0.11191478804795008,25.370841301817517,-0.015860654789639283,0.008396318914121242
SRE,2023-12-31,,16720000000.0,6620000000.0,3716000000.0,3075000000.0,6163000000.0,,,6218000000.0,-8397000000.0,-2179000000.0,87181000000.0,31076000000.0,28695000000.0,236000000.0,5470000000.0,10090000000.0,14439000000.0,,0.1579749290117045,,0.3959330143540669,0.2222488038277512,0.1839114832535885,0.3686004784688995,0.37188995215311,-0.130322966507177,0.502212918660287,0.0,0.0,0.3564538144779252,1.082976128245339,0.002707011848912,0.5421209117938554,0.1917849072619034,2024-03-30,59113189376.0,large_cap,2024-04-01,67.09452819824219,90,0.0592168896503997,2024-07-01,0.190462842955607,2024-09-30,0.0535005174993468,2025-04-02,-0.03592046985082231,0.07098939424551332,-0.0058364157615331536,0.1674521082515112,-0.0658675002063348,-0.15627167089777916,24.802719906950326,0.011214544516518871,-0.020587761382566034
SYK,2023-12-31,,20498000000.0,13058000000.0,3924000000.0,3165000000.0,5064000000.0,1388000000.0,7111000000.0,3711000000.0,-575000000.0,3136000000.0,39912000000.0,12995000000.0,18593000000.0,2971000000.0,12518000000.0,7921000000.0,18449000000.0,,0.1110629302401213,,0.6370377597814421,0.1914333105668845,0.1544053078349107,0.2470484925358571,0.1810420528832081,0.1529905356620158,0.0280515172211923,0.0677139233095911,0.3469118938433018,0.3255913008618962,0.6989189479911795,0.0744387652836239,1.580356015654589,0.5135798757265985,2024-03-30,117599756288.0,large_cap,2024-04-01,348.06298828125,90,-0.0489966619109946,2024-07-01,0.0232514137252344,2024-09-30,0.0740972114085627,2025-04-02,0.1884250014483675,0.3036659675499982,0.287681695621828,0.18422326812705989,-0.011262440569094201,0.07640490240670572,25.49055280002784,0.03372603217030439,0.01699157718962925
TMO,2023-12-31,,42857000000.0,17100000000.0,7318000000.0,5995000000.0,11079000000.0,1337000000.0,8445000000.0,8406000000.0,-1479000000.0,6927000000.0,98726000000.0,34917000000.0,46735000000.0,8077000000.0,24589000000.0,14012000000.0,44915000000.0,,-0.045819881999332,,0.3990013300044333,0.1707539025130083,0.1398837996126653,0.2585108617028723,0.1961406538021793,0.1616305387684625,0.0345101150337167,0.0311967706559021,0.1970506568355227,0.3536758300751575,0.7471274205627474,0.081812288556206,1.7548529831572937,0.4341004396005105,2024-03-30,162896560128.0,large_cap,2024-04-01,573.6641235351562,90,-0.0612362301895974,2024-07-01,0.0726208445593654,2024-09-30,-0.150605766858359,2025-04-02,0.08423058993932098,0.14949718352819574,0.04296434124905435,0.2014745338060839,-0.03603433591897487,-0.07776388161509673,25.816381235867368,-0.006849943308494409,-0.007405892213859408
TRV,2023-12-31,,41373000000.0,,,2991000000.0,,,5176000000.0,7711000000.0,,7711000000.0,125978000000.0,8031000000.0,24921000000.0,500000000.0,,,36896000000.0,,0.1213410667823069,,,,0.0722935247625262,,0.1863775892490271,0.1863775892490271,,0.0,0.1251057452928238,0.063749226055343,0.3222583363428434,0.0039689469589928,,0.3284144850688215,2024-03-30,63742373888.0,large_cap,2024-04-01,220.6883850097656,90,-0.1059969159997826,2024-07-01,0.0357171946079917,2024-09-30,0.179774312913874,2025-04-02,0.21057889360556659,0.37487954502741627,0.3730598915908889,0.16633938027207293,-0.008603530468355158,0.1476184798841238,24.878115388542998,0.04548828390849254,0.02261525550379156
TSLA,2023-12-31,,96773000000.0,17660000000.0,8891000000.0,14999000000.0,14796000000.0,3969000000.0,4800000000.0,13256000000.0,-8899000000.0,4357000000.0,106618000000.0,9573000000.0,62634000000.0,16398000000.0,49616000000.0,28748000000.0,81462000000.0,,0.1879526650462792,,0.1824889173633141,0.0918747997891974,0.1549915782294648,0.1528938856912568,0.1369803560910584,0.0450228886156262,0.0919574674754322,0.0410135058332386,0.0496006117408781,0.0897878407023204,0.1528403103745569,0.1538014218987413,1.7258939752330598,0.9076609953291188,2024-03-30,1585816797184.0,large_cap,2024-04-01,175.22000122070312,90,0.197694322270987,2024-07-01,0.4931514841919748,2024-09-30,0.6137427679244616,2025-04-02,-0.3079231918412787,-0.28882215379432163,-0.09624511652652423,0.457397452368476,-0.4026726549117706,-0.5160832189376141,28.092120719974798,-0.05428489353004907,0.008462171903388728
TXN,2023-12-31,,17519000000.0,11019000000.0,7331000000.0,6510000000.0,9009000000.0,1863000000.0,1825000000.0,6420000000.0,-5071000000.0,1349000000.0,32348000000.0,11223000000.0,16897000000.0,2964000000.0,15122000000.0,3320000000.0,20028000000.0,,-0.1252746155382464,,0.628974256521491,0.4184599577601461,0.3715965523146298,0.5142416804612135,0.3664592727895427,0.0770021119926936,0.2894571607968491,0.1063416861693019,0.1041726125920429,0.3469457153456164,0.6642007456945019,0.0916285396315073,4.554819277108434,0.5415790775318412,2024-03-30,275512393728.0,large_cap,2024-04-01,162.4736328125,90,0.1318507585365413,2024-07-01,0.2092933686655886,2024-09-30,0.0577849733730833,2025-04-02,0.016401892813195706,0.10714960088905756,-0.01270627200412433,0.22631359713160573,-0.04678635273386578,-0.12011146425423491,26.341898450836055,-0.01342312505645323,-0.009646409975517684
UBER,2023-12-31,,37281000000.0,14824000000.0,1110000000.0,1887000000.0,3777000000.0,3164000000.0,7038000000.0,3585000000.0,-223000000.0,3362000000.0,38699000000.0,11224000000.0,11249000000.0,4680000000.0,11297000000.0,9454000000.0,31877000000.0,,0.1695266179376979,,0.3976288189694482,0.0297738794560231,0.0506155950752394,0.1013116600949545,0.0961615836485072,0.0901799844424774,0.0059815992060298,0.0848689681070786,0.188782489740082,0.290033334194682,0.9977775802293536,0.1209333574510969,1.194943939073408,0.9633582263107574,2024-03-30,152853118976.0,large_cap,2024-04-01,76.4000015258789,90,-0.0693717663076557,2024-07-01,-0.0162303382068585,2024-09-30,-0.0248691294231888,2025-04-02,0.210009538555751,0.6558301373324105,1.4748947019392489,0.40719448077022447,-0.06130971742462232,0.428569072189118,25.75274329054448,0.1111806651235795,0.015287907768207409
UNH,2023-12-31,,371622000000.0,90958000000.0,32358000000.0,22381000000.0,36330000000.0,,,29068000000.0,-3386000000.0,25682000000.0,273720000000.0,62537000000.0,88756000000.0,25427000000.0,78437000000.0,99054000000.0,324162000000.0,,0.1464082773428101,,0.2447594598812772,0.087072347708155,0.0602251750434581,0.0977606277346335,0.0782192658131111,0.0691078569083638,0.0091114089047472,0.0,0.0,0.2284706999853865,0.7045946189553383,0.0928941984509718,0.7918610051083248,1.357672073651907,2024-03-30,357672681472.0,large_cap,2024-04-01,468.7732543945313,90,0.0143934265761034,2024-07-01,0.203272467863248,2024-09-30,0.085495563306039,2025-04-02,-0.0633826730133159,-0.03291976547706388,0.06573436655403242,0.20390307191238916,-0.10789430187659288,-0.26018083062035635,26.602884107557905,-0.0048197261540262335,0.01011796228080696
UNP,2023-12-31,,24119000000.0,10529000000.0,9082000000.0,6379000000.0,11891000000.0,,,8379000000.0,-3606000000.0,4773000000.0,67132000000.0,34179000000.0,14788000000.0,1055000000.0,4148000000.0,5106000000.0,24875000000.0,,-0.030391959798995,,0.4365438036402836,0.3765496081927111,0.2644802852522907,0.4930138065425598,0.3474024627886728,0.1978937766905759,0.1495086860980969,0.0,0.0,0.5091312637788238,2.3112658912631865,0.0157153071560507,0.8123775949862906,0.3592772448310791,2024-03-30,160635043840.0,large_cap,2024-04-01,232.46841430664065,90,-0.0705202148991962,2024-07-01,0.0242686436867618,2024-09-30,0.0021383585875989,2025-04-02,-0.005954142629560288,0.2048771784500798,0.25090802411194435,0.15023150727932444,-0.048090191399174254,-0.022383886693212673,25.802400820384182,-0.00622661897118635,-0.006014379705651276
UPS,2023-12-31,,90958000000.0,17238000000.0,9141000000.0,6708000000.0,12726000000.0,,,10238000000.0,-5158000000.0,5080000000.0,70857000000.0,26729000000.0,17306000000.0,3169000000.0,19413000000.0,17676000000.0,100338000000.0,,-0.0934840239988837,,0.1895160403702808,0.1004969326502341,0.0737483234020097,0.1399107280283207,0.1125574440950768,0.0558499527254337,0.0567074913696431,0.0,0.0,0.3772245508559493,1.5444932393389577,0.0447238804916945,1.0982688391038695,1.2836840396855638,2024-03-30,84091117568.0,large_cap,2024-04-01,131.41543579101562,90,-0.0688026694403283,2024-07-01,-0.0542409458316236,2024-09-30,-0.2150838867768282,2025-04-02,-0.05107440010709574,-0.028786668404806814,-0.1964460338044406,0.30618499811734323,-0.2151379078871658,-0.2560477335480993,25.155166780844418,0.002691093600002867,-0.005221078320920964
UPST,2023-12-31,,508119000.0,,,-240132000.0,,,489949000.0,-111712000.0,-12086000.0,-123798000.0,2017100000.0,1102748000.0,635305000.0,377324000.0,,,837760000.0,,-0.39347903934301,,,,-0.4725900822445136,,-0.2198540105762626,-0.2436397772962632,0.0237857667200006,0.0,0.9642406601603168,0.5466997174160924,1.735777303814703,0.187062614644787,,0.2519057062118883,2024-03-30,2824448512.0,low_cap,2024-04-01,26.43000030517578,90,-0.1335603725269056,2024-07-01,0.5138099833354166,2024-09-30,0.8021188239936516,2025-04-02,-0.40149455623866703,-0.042044213156820276,0.9235808402800942,0.7980881104160245,-0.6333749251241934,-0.26930527830011275,21.761578965496348,0.016543516602878384,0.09586714551627855
URI,2023-12-31,,14332000000.0,5813000000.0,3855000000.0,2424000000.0,6627000000.0,,1527000000.0,4704000000.0,-4070000000.0,634000000.0,25589000000.0,12662000000.0,8130000000.0,363000000.0,2933000000.0,3637000000.0,11642000000.0,,0.231059955334135,,0.4055958693831984,0.2689785096288026,0.1691320122802121,0.4623918504046888,0.3282165782863522,0.0442366731789003,0.2839799051074518,0.0,0.1065447948646385,0.4948219938254719,1.5574415744157442,0.0141857829536128,0.8064338740720374,0.5600844112704678,2024-03-30,60212740096.0,large_cap,2024-04-01,696.218017578125,90,-0.095441540493788,2024-07-01,0.1456058454772208,2024-09-30,-0.0818970308681565,2025-04-02,0.2301904336885734,0.5936583300518754,0.8734558895927749,0.3679929789292217,-0.015198724324175017,0.36639726490858293,24.821149796372485,0.1371706672255235,0.010221323728847431
USB,2023-12-31,,28013000000.0,,,5429000000.0,,,11142000000.0,8393000000.0,,8393000000.0,663491000000.0,62935000000.0,55306000000.0,61192000000.0,,,24184000000.0,,0.1583278200463116,,,,0.1938028772355692,,0.2996108949416342,0.2996108949416342,,0.0,0.3977439046157141,0.0948543386421217,1.1379416338191155,0.09222732486198,,0.0422206179134306,2024-03-30,82458165248.0,large_cap,2024-04-01,40.27384185791016,90,-0.0960039387941099,2024-07-01,0.0652209329705975,2024-09-30,0.0244738692116519,2025-04-02,0.018802532158607388,0.384405244601695,0.29582778371802854,0.2536789853671851,-0.016778625682629333,0.15714417945840253,25.135556913771467,0.06086204439215556,0.04743673985823343
VRTX,2023-12-31,,9869200000.0,8607000000.0,3780400000.0,3619600000.0,4605200000.0,3690000000.0,1136600000.0,3537300000.0,-258400000.0,3278900000.0,22730200000.0,808400000.0,17580400000.0,10369100000.0,14144200000.0,3547400000.0,8930700000.0,,0.1050869472717703,,0.8721071616747051,0.383050297896486,0.3667571839662789,0.4666234345235682,0.3584181088639403,0.3322356421999757,0.0261824666639646,0.3738904875775138,0.1151663762007052,0.0355650192255237,0.0459830265522968,0.456181643804278,3.987201894345154,0.4341888764727103,2024-03-30,110900281344.0,large_cap,2024-04-01,420.4800109863281,90,0.1207429311433372,2024-07-01,0.1060691933519466,2024-09-30,0.1498524961989111,2025-04-02,0.02739028581028391,0.19285109499667552,0.33808561626008937,0.18736325310660562,-0.057388756179471145,-0.03440997014661695,25.431897268215653,0.020266132851218806,0.03491362941367159
WFC,2023-12-31,,82597000000.0,,,19142000000.0,,,37338000000.0,40358000000.0,,40358000000.0,1932468000000.0,219471000000.0,185735000000.0,237219000000.0,,,74368000000.0,,0.1106524311531842,,,,0.2317517585384457,,0.4886133878954441,0.4886133878954441,,0.0,0.4520503165974551,0.1135703152652463,1.1816351253129458,0.1227544259465098,,0.0427417168097997,2024-03-30,224679100416.0,large_cap,2024-04-01,54.73518371582031,90,0.0577733560999407,2024-07-01,-0.0062698539917064,2024-09-30,0.2847804300101055,2025-04-02,0.17248675891085097,0.4307465189835551,0.5657384303832609,0.2309815634506175,-0.006038721300955063,0.20348545384026262,26.137939000757157,0.04766314953630158,0.054066259264624716
WING,2023-12-31,,460055000.0,222826000.0,112689000.0,70175000.0,125776000.0,,96898000.0,121601000.0,-40833000.0,80768000.0,377825000.0,732514000.0,-457366000.0,90216000.0,144344000.0,71004000.0,357521000.0,,0.2867915451120353,,0.4843464368390736,0.2449467998391496,0.1525361098129571,0.2733933986153829,0.2643183967134364,0.1755616176326743,0.088756779080762,0.0,0.2106226429448653,1.938765301396149,1.60159259761329,0.2387772116720704,2.0328995549546502,1.2176404420035731,2024-03-30,3518718208.0,low_cap,2024-04-01,364.059814453125,90,0.1551935234232548,2024-07-01,0.1326932736225925,2024-09-30,-0.3563255982306736,2025-04-02,0.427094783904727,1.0319954432384075,1.0579865305913323,0.34913329292432044,-0.007983688023470048,0.804734378095115,21.981362614784814,0.2959675677149226,0.050349587583243004
WM,2023-12-31,,20426000000.0,7820000000.0,3823000000.0,2304000000.0,5592000000.0,,1870000000.0,4719000000.0,-2895000000.0,1824000000.0,32823000000.0,16229000000.0,6903000000.0,458000000.0,3804000000.0,4226000000.0,19698000000.0,,0.0369580668088129,,0.3828453931264075,0.1871634191716439,0.1127974150592382,0.2737687261333594,0.2310290805835699,0.0892979535885636,0.1417311269950063,0.0,0.0915499853128365,0.4944398744782622,2.3510068086339277,0.0139536300764707,0.9001419782300047,0.6223075282576243,2024-03-30,88274386944.0,large_cap,2024-04-01,206.7373046875,90,-0.0130181885601726,2024-07-01,-0.0177711042565151,2024-09-30,0.1176445537059693,2025-04-02,0.19944717593714767,0.38924059491289564,0.37835816643980125,0.14344636669063668,-0.004953955184676784,0.16197952976960317,25.203715833893924,0.014385579911492877,0.0033002797346164073
XOM,2023-12-31,,334697000000.0,84142000000.0,44461000000.0,36010000000.0,74273000000.0,,9919000000.0,55369000000.0,-21919000000.0,33450000000.0,376317000000.0,41573000000.0,204802000000.0,31539000000.0,96609000000.0,65316000000.0,398675000000.0,,-0.1604765786668338,,0.2513975326937498,0.1328395533870934,0.107589849923961,0.2219111614385548,0.1654302249497306,0.0999411407930157,0.0654890841567148,0.0,0.0296357601054087,0.1104733509248851,0.2029911817267409,0.0838096604724208,1.4791015983832445,0.889401754371979,2024-03-30,654570029056.0,large_cap,2024-04-01,108.67317962646484,90,-0.0093704645412026,2024-07-01,0.0182366469669252,2024-09-30,0.0485987409024044,2025-04-02,0.17853346324441,-0.0026199064435161734,0.11211664443319802,0.17754026665177283,-0.008677200217973913,-0.22988097158680865,27.207244412838527,0.00042043362248266795,-0.016038212342523495
YUM,2023-12-31,,7076000000.0,3496000000.0,2303000000.0,1597000000.0,2484000000.0,,1193000000.0,1603000000.0,-285000000.0,1318000000.0,6231000000.0,12031000000.0,-7858000000.0,512000000.0,1609000000.0,1277000000.0,6842000000.0,,0.0342005261619409,,0.4940644431882419,0.3254663651780667,0.2256924816280384,0.3510457885811193,0.2265404183154324,0.186263425664217,0.0402769926512153,0.0,0.1685980780101752,1.930829722355962,1.5310511580554849,0.0821697961803883,1.259984338292874,1.1356122612742738,2024-03-30,41334915072.0,mid_cap,2024-04-01,135.1665802001953,90,-0.072133948848066,2024-07-01,0.0044640735438732,2024-09-30,0.1485301261182057,2025-04-02,0.08161956065977471,0.1431394990655015,0.1149460609099291,0.142867297457851,-0.0019184697130903983,-0.08412156607779098,24.44497338102211,0.004895446182596799,0.006370307162441788
ZTS,2023-12-31,,8544000000.0,5983000000.0,3069000000.0,2344000000.0,3666000000.0,614000000.0,2151000000.0,2353000000.0,-732000000.0,1621000000.0,14286000000.0,6755000000.0,4997000000.0,2039000000.0,6343000000.0,1889000000.0,8080000000.0,,0.0574257425742574,,0.7002574906367042,0.3591994382022472,0.2743445692883895,0.4290730337078651,0.2753979400749063,0.1897237827715356,0.0856741573033707,0.0718632958801498,0.2517556179775281,0.4728405431891362,1.3518110866519912,0.1427271454570908,3.3578613022763366,0.5980680386392272,2024-03-30,31115112448.0,mid_cap,2024-04-01,162.18231201171875,90,0.0362355792480415,2024-07-01,0.1759259294105251,2024-09-30,-0.0106352751679873,2025-04-02,-0.15094921255694305,-0.03568956278797675,0.03608665679395906,0.26236776928487787,-0.16464928225483455,-0.2629506279312692,24.16095946890932,-0.002049499645250149,0.010895029109652534
ADSK,2024-01-31,,5497000000.0,4986000000.0,1128000000.0,906000000.0,1267000000.0,1373000000.0,2443000000.0,1313000000.0,-61000000.0,1252000000.0,9912000000.0,2626000000.0,1855000000.0,1892000000.0,3579000000.0,4351000000.0,5005000000.0,,0.0983016983016982,,0.9070402037474986,0.2052028379115881,0.1648171730034564,0.2304893578315444,0.2388575586683645,0.2277605966891031,0.0110969619792614,0.2497726032381299,0.4444242313989449,0.2649313962873285,1.415633423180593,0.1908797417271993,0.8225695242472995,0.5545803066989508,2024-04-30,49961189376.0,mid_cap,2024-04-30,212.8500061035156,90,0.1628846472857708,2024-07-31,0.3608644367209397,2024-10-29,0.3154333202048729,2025-05-02,-0.17007835189134135,0.09069952734110798,0.09271530078474788,0.2775067090840037,-0.2018523625719082,-0.14038377400399238,24.63451232848567,0.008915917572792224,0.022389253460746973
ASAN,2024-01-31,,652504000.0,587980000.0,-269997000.0,-257030000.0,-235029000.0,324688000.0,533289000.0,-17931000.0,-13161000.0,-31092000.0,961960000.0,277881000.0,326396000.0,236663000.0,659716000.0,367213000.0,547212000.0,,0.1924153710079457,,0.9011132498804604,-0.4137859691281586,-0.393913294018121,-0.3601954930544487,-0.027480291308559,-0.0476502826036315,0.0201699912950725,0.4976030798278631,0.8172961391807559,0.2888695995675496,0.8513615362933369,0.2460216641024575,1.7965485971357222,0.6783067903031311,2024-04-30,1476145920.0,low_cap,2024-04-30,14.869999885559082,90,-0.0215198182439116,2024-07-31,-0.1815736267682979,2024-10-29,0.094149333085348,2025-05-02,-0.19316334024242676,-0.17708909038784937,-0.08096417768284259,0.5158632832349167,-0.4059129253842645,-0.4081723917329497,21.112700420026805,-0.03407466302843767,-0.009168646805811215
CHWY,2024-01-31,,11147700000.0,3161500000.0,-23600000.0,39600000.0,161600000.0,,3185100000.0,486200000.0,-143300000.0,342900000.0,3186851000.0,527795000.0,510244000.0,602232000.0,2104348000.0,2110877000.0,10119000000.0,,0.1016602431070263,,0.2836011015725216,-0.0021170286247387,0.0035523022686294,0.0144962638032957,0.0436143778537276,0.0307597082806318,0.0128546695730957,0.0,0.2857181301972604,0.165616465909451,1.0343972687576923,0.1889740060015357,0.9969069727890352,3.498029873376572,2024-04-30,8866885632.0,low_cap,2024-04-30,14.989999771118164,90,0.6130754285776816,2024-07-31,0.7805204097122347,2024-10-29,1.4456304474431283,2025-05-02,-0.1835512378650661,-0.16814653771776533,-0.5166075569016957,0.5266903866066975,-0.6300592398377907,-0.3992298390628657,22.905589459099374,-0.01709381790199279,0.0031270394217102386
CRM,2024-01-31,,34857000000.0,26316000000.0,5999000000.0,4136000000.0,9958000000.0,4906000000.0,14520000000.0,10234000000.0,-736000000.0,9498000000.0,99823000000.0,12588000000.0,59646000000.0,8472000000.0,29074000000.0,26631000000.0,31352000000.0,,0.111795100791018,,0.7549703072553576,0.1721031643572309,0.118656224000918,0.2856814986946668,0.2935995639326391,0.2724847232980463,0.0211148406345927,0.140746478469174,0.416559084258542,0.1261032026687236,0.2110451664822452,0.0848702202899131,1.0917351958244152,0.3491880628712822,2024-04-30,141940506624.0,large_cap,2024-04-30,265.3948974609375,90,-0.0362058239789523,2024-07-31,0.1148406363048872,2024-10-29,0.0288152880597392,2025-05-02,-0.06408333867848137,0.3699510728327804,0.3575203022165234,0.2888393770170313,-0.15017906275248494,0.13886777148768004,25.678673839319675,0.041358717475085925,0.030462457105117736
CRWD,2024-01-31,,3055555000.0,2296626000.0,-19141000.0,72181000.0,276681000.0,780319000.0,1535448000.0,1166207000.0,-237112000.0,929095000.0,6646520000.0,792874000.0,2303950000.0,3375069000.0,4757307000.0,2697279000.0,2241236000.0,,0.3633347849133246,,0.7516231912042166,-0.006264328411696,0.0236228770223412,0.0905501619182112,0.3816678148486936,0.3040675098304563,0.0776003050182372,0.2553771737049407,0.502510345910972,0.1192915992128211,0.3441368085244905,0.5077949062065562,1.763743016573369,0.4597225314901633,2024-04-30,151215063040.0,large_cap,2024-04-30,292.5400085449219,90,-0.2070827923072004,2024-07-31,0.0628973588535972,2024-10-29,0.5060503647473267,2025-05-02,-0.02923509998392848,0.6927438730870008,1.4368180017354728,0.45895937846587026,-0.12557160598088002,0.46166057174190045,25.741968919010198,0.2516979461280889,0.11047830328337904
FIVE,2024-01-31,,3559369000.0,1273825000.0,385571000.0,301106000.0,516318000.0,,757507000.0,499619000.0,-335050000.0,164569000.0,3872037000.0,1738550000.0,1584956000.0,179749000.0,1203542000.0,715926000.0,3076308000.0,,0.1570262145402865,,0.3578794443621889,0.1083256610933005,0.0845953313635085,0.1450588573424109,0.1403672954391635,0.0462354422932828,0.0941318531458806,0.0,0.2128205870197779,0.4490013912573666,1.0969074220356905,0.0464223353237585,1.6810983258046224,0.9192497385742956,2024-04-30,11813208064.0,mid_cap,2024-04-30,146.33999633789062,90,-0.5029383648758807,2024-07-31,-0.3813037912992993,2024-10-29,-0.4238759076915185,2025-05-02,-0.19919015027410125,-0.13795946587405328,-0.2585123840427518,0.41014551193981214,-0.3209595839266344,-0.36904276721915363,23.19248406989575,-0.021663252686202426,0.007260176480910062
GTLB,2024-01-31,,579906000.0,520198000.0,-187440000.0,-425677000.0,-180905000.0,200840000.0,506798000.0,35040000.0,-1598000.0,33442000.0,1321403000.0,410000.0,559771000.0,287996000.0,1284459000.0,677157000.0,424336000.0,,0.3666198484220051,,0.8970384855476577,-0.3232247985018261,-0.7340448279548755,-0.3119557307563639,0.0604235858915065,0.0576679668773904,0.002755619014116,0.3463319917365918,0.8739312923128921,0.0003102762745354,0.0007324423737564,0.2179471364905331,1.8968407621866128,0.4388562762457781,2024-04-30,3995034624.0,low_cap,2024-04-30,52.470001220703125,90,-0.0236325833737074,2024-07-31,0.0430721987603361,2024-10-29,-0.1128264121577096,2025-05-02,-0.2945683899135667,0.24218747953912612,0.7282608750282082,0.5933787106869449,-0.3238401771592637,0.01110417819402576,22.108318082960633,0.08879073703834188,0.02114222127539408
HD,2024-01-31,,152669000000.0,50960000000.0,21689000000.0,15143000000.0,25114000000.0,,26598000000.0,21172000000.0,-3226000000.0,17946000000.0,76530000000.0,52243000000.0,1044000000.0,3760000000.0,29775000000.0,22015000000.0,157403000000.0,,-0.0300756656480498,,0.3337940249821509,0.1420655142825328,0.0991884403513483,0.1644996692190294,0.138679103157812,0.1175484217490125,0.0211306814087994,0.0,0.1742200446718063,0.6826473278452895,50.0411877394636,0.0491310597151443,1.3524869407222349,1.994890892460473,2024-04-30,296328200192.0,large_cap,2024-04-30,318.0711669921875,90,0.1092075686616602,2024-07-31,0.197512683069297,2024-10-29,0.1177785948091811,2025-05-02,-0.058474026985899985,0.2243241027212095,0.1415797758167332,0.19360846959318437,-0.15430161795491792,-0.00675919862389085,26.414733461455448,-0.006746696710241876,-0.003535347029979245
LOW,2024-01-31,,86377000000.0,28844000000.0,11557000000.0,7726000000.0,13581000000.0,,15570000000.0,8140000000.0,-1964000000.0,6176000000.0,41795000000.0,40145000000.0,-15050000000.0,921000000.0,19071000000.0,15568000000.0,97059000000.0,,-0.1100567695937522,,0.3339314863910532,0.1337971913819651,0.0894451069150352,0.1572293550366417,0.0942380494807645,0.07150051518344,0.0227375342973245,0.0,0.1802563182328629,0.9605215934920444,2.667441860465116,0.0220361287235315,1.225012846865365,2.066682617537983,2024-04-30,122328940544.0,large_cap,2024-04-30,219.4510498046875,90,0.0820671391850782,2024-07-31,0.1639380601120406,2024-10-29,0.0152945943886306,2025-05-02,0.06787135685466317,0.2538484809384982,0.11955775191725615,0.21242560138062455,-0.12229984228553004,0.022765179593397855,25.52997948732848,-0.027937743778372295,-0.007869115725378437
LULU,2024-01-31,,9619278000.0,5609405000.0,2207177000.0,1550190000.0,2586561000.0,,3397218000.0,2296164000.0,-651865000.0,1644299000.0,7091941000.0,1403282000.0,4232081000.0,2243971000.0,4060577000.0,1631261000.0,8110518000.0,,0.1860251096169196,,0.583141998806979,0.2294534995246005,0.1611545066064209,0.2688934658089723,0.2387044017232894,0.1709378812006473,0.0677665205226421,0.0,0.3531676701723352,0.1978699484386573,0.3315820278487108,0.3164114027457363,2.4892258197799126,1.3563674599097764,2024-04-30,13976446976.0,mid_cap,2024-04-30,360.6000061035156,90,-0.2826955094730166,2024-07-31,-0.1546866273853705,2024-10-29,-0.2308375467083543,2025-05-02,-0.25093475140123167,-0.06778346704989968,-0.05087775891586732,0.413116715186459,-0.29472510693149334,-0.29886676839500004,23.360639390949647,-0.012609426888172445,0.03179873808803439
MDB,2024-01-31,,1683011000.0,1258526000.0,-233732000.0,-176600000.0,-122004000.0,515940000.0,976318000.0,121477000.0,-6074000.0,115403000.0,2869642000.0,1183988000.0,1068989000.0,802959000.0,2483636000.0,564220000.0,1284040000.0,,0.310715398274197,,0.7477823971441661,-0.1388772860070433,-0.1049309838141283,-0.0724915048089406,0.0721783755424058,0.0685693676393083,0.0036090079030974,0.306557711149838,0.5801019720013714,0.4125908388572512,1.1075773464460346,0.2798115583755743,4.401892878664351,0.5864881403324874,2024-04-30,25088151552.0,mid_cap,2024-04-30,365.1799926757813,90,-0.308943519163699,2024-07-31,-0.2463716606199218,2024-10-29,-0.5299852050163218,2025-05-02,-0.12117056831378936,0.089081731337187,0.5218368997264979,0.4757178103564409,-0.27095229162400614,-0.14200157000791336,23.945661521912488,0.027679065631389072,0.021305558375457515
MRVL,2024-01-31,,5507700000.0,2293600000.0,-436600000.0,-933400000.0,850700000.0,1896200000.0,834000000.0,1370500000.0,-350200000.0,1020300000.0,21228500000.0,4401300000.0,14831400000.0,950800000.0,3062700000.0,1814200000.0,5919600000.0,,-0.069582404216501,,0.4164351725765746,-0.079270839007208,-0.1694718303466056,0.1544564881892623,0.2488334513499283,0.185249741271311,0.0635837100786172,0.3442816420647457,0.1514243695190369,0.2073297689426949,0.2967555321817225,0.0447888451845396,1.68818211884026,0.2594483830699295,2024-04-30,154876592128.0,large_cap,2024-04-30,65.51559448242188,90,0.0170797204230452,2024-07-31,0.289803266699739,2024-10-29,-0.0511885048315761,2025-05-02,-0.04161841608326988,0.39727519247749465,0.6761912123549139,0.5163159048553303,-0.22475711537128196,0.1661918911323943,25.765894456926816,-0.02764336302815727,-0.012890122378142589
NCNO,2024-01-31,,476543000.0,285073000.0,-39512000.0,-42346000.0,7463000.0,117311000.0,207274000.0,57285000.0,-3515000.0,53770000.0,1340430000.0,74226000.0,1049176000.0,112085000.0,250775000.0,215036000.0,408315000.0,,0.1670964818828599,,0.5982104448077089,-0.0829138188998684,-0.0888608163376652,0.0156607063790675,0.1202095089005609,0.112833469382616,0.0073760395179448,0.2461708597125547,0.4349534039950224,0.055374767798393,0.0707469480811608,0.0836186895250031,1.1662000781264532,0.3555150212991353,2024-04-30,1628655232.0,low_cap,2024-04-30,29.15999984741211,90,0.12345673844167,2024-07-31,0.3175582431409034,2024-10-29,-0.2126200547113408,2025-05-02,-0.10579578958499936,0.041428565979003906,0.17913466992224536,0.4987380128733431,-0.21990371818674725,-0.18965473536609645,21.21102050021323,0.006922567624543492,0.01885407577247252
NVDA,2024-01-31,,60922000000.0,44301000000.0,32972000000.0,29760000000.0,35583000000.0,8675000000.0,2654000000.0,28090000000.0,-1069000000.0,27021000000.0,65728000000.0,11056000000.0,42978000000.0,7280000000.0,44345000000.0,10631000000.0,26974000000.0,,1.2585452658115224,,0.7271757329043695,0.5412166376678376,0.4884934834706674,0.5840747184924986,0.4610813827517153,0.4435343554052723,0.0175470273464429,0.1423951938544368,0.0435639013820951,0.1682083739045764,0.2572478942714877,0.110759493670886,4.171291505973097,0.9268804771178188,2024-04-30,5457368842240.0,large_cap,2024-04-30,86.353271484375,90,0.3544779271026821,2024-07-31,0.6350741299904157,2024-10-29,0.3256362859517732,2025-05-02,0.37646263267770985,1.133670342207402,2.1146966069512096,0.5809438319643161,-0.0905243020574078,0.9025870408623016,29.327987892510034,1.4267754421760541,0.5582080632200707
PATH,2024-01-31,,1308072000.0,1112148000.0,-164720000.0,-89883000.0,-142123000.0,332101000.0,944767000.0,299082000.0,-7342000.0,291740000.0,2954758000.0,67070000.0,2016114000.0,1061678000.0,2580412000.0,711691000.0,1058581000.0,,0.2356843737040435,,0.8502192539860192,-0.1259257900176748,-0.0687141074803221,-0.108650747053679,0.2286433774287654,0.2230305365453889,0.0056128408833764,0.2538858717257154,0.7222591722779785,0.0226989824547391,0.0332669680385136,0.3593113209271283,3.625747691062554,0.4427002143661173,2024-04-30,5344953856.0,low_cap,2024-04-30,18.96999931335449,90,-0.3584607002211901,2024-07-31,-0.3305218624691991,2024-10-29,-0.3690036531207371,2025-05-02,-0.2046122008411687,0.26974563896659753,0.34730109489669103,0.4366503481829857,-0.2942708368442717,0.03866233762149718,22.399418748271092,0.06357483197923956,0.052564812322576766
ROST,2024-01-31,,20376941000.0,5575340000.0,2307663000.0,1874520000.0,2965302000.0,,3267677000.0,2514490000.0,-762812000.0,1751678000.0,14300109000.0,5747704000.0,4871326000.0,4872446000.0,7398138000.0,4185796000.0,18695829000.0,,0.0899190937187113,,0.2736102538648956,0.113248745236098,0.0919922180664899,0.145522431458186,0.1233987967084951,0.0859637371477887,0.0374350595607063,0.0,0.1603615086287976,0.401934278962489,1.1799054302668308,0.3407278923538275,1.7674387380560352,1.4249500475835537,2024-04-30,68812906496.0,large_cap,2024-04-30,126.9206085205078,90,0.1084140661508374,2024-07-31,0.0783884670460668,2024-10-29,0.0959786695366324,2025-05-02,-0.08866084721034673,0.15440203898534532,0.227291992457598,0.1531863300429568,-0.13675704465292582,-0.07668126235975503,24.95465715871068,0.013883691413883383,0.0077297813370026764
S,2024-01-31,,621154000.0,441873000.0,-371710000.0,-338693000.0,-332798000.0,218176000.0,595407000.0,-68374000.0,-18765000.0,-87139000.0,2321407000.0,22928000.0,1594043000.0,256651000.0,1297331000.0,590067000.0,422179000.0,,0.4713048256782075,,0.7113743129723064,-0.5984184276363027,-0.5452641373958793,-0.5357737372696626,-0.1100757622103375,-0.1402856618487525,0.0302098996384149,0.3512430089800596,0.9585497316285494,0.0098767687010507,0.0143835517611507,0.1105583811886498,2.1986164283039047,0.2675765171725596,2024-04-30,5757388800.0,low_cap,2024-04-30,21.1299991607666,90,0.0837671806939843,2024-07-31,0.2560341679902114,2024-10-29,-0.1064836767328281,2025-05-02,-0.23497470967661738,0.37924279253773485,0.3148724058515131,0.5645628320433501,-0.2956666946411133,0.1481594911926345,22.473749875534256,0.17873895822671373,-0.06611730940277825
SNOW,2024-01-31,,2806489000.0,1907931000.0,-1094773000.0,-836097000.0,-729320000.0,1287949000.0,1714755000.0,848122000.0,-97963000.0,750159000.0,8223383000.0,287981000.0,5180308000.0,1762749000.0,5039264000.0,2731230000.0,2065659000.0,,0.3586409954401961,,0.6798284261937246,-0.3900863320682889,-0.2979156519052809,-0.2598691817427397,0.3022003649399659,0.2672944736287938,0.034905891311172,0.4589182426868589,0.6109965155751546,0.0350197722762031,0.0555914822053051,0.2143581297380895,1.8450529614862168,0.3412815625880492,2024-04-30,54437380096.0,large_cap,2024-04-30,155.1999969482422,90,-0.1599226324321832,2024-07-31,-0.2371778239845555,2024-10-29,0.0802835499927392,2025-05-02,-0.24751516631155301,0.08243821776328164,0.048082084205473885,0.5472060125200344,-0.3423728942871094,-0.14864508358181872,24.720316888957395,0.029565724480938985,0.09586275609789387
TGT,2024-01-31,,107412000000.0,29584000000.0,5707000000.0,4138000000.0,8600000000.0,,21462000000.0,8621000000.0,-4806000000.0,3815000000.0,55356000000.0,19646000000.0,13432000000.0,3805000000.0,17498000000.0,19304000000.0,109120000000.0,,-0.0156524926686216,,0.2754254645663427,0.0531318660857259,0.0385245596395188,0.0800655420250996,0.0802610509067888,0.035517446840204,0.0447436040665847,0.0,0.199810077086359,0.3549028108967411,1.4626265634306137,0.0687369029554158,0.9064442602569416,1.940385866030783,2024-04-30,55200583680.0,large_cap,2024-04-30,147.92864990234375,90,-0.0592286345090056,2024-07-31,-0.0675043312539738,2024-10-29,-0.3765049018778601,2025-05-02,0.1540873364264861,0.5280435641279688,0.05467974277289911,0.3232295119313603,-0.0947025633679659,0.29696026278286847,24.7342393640866,-0.008265198016225852,-0.0005559365762744505
TJX,2024-01-31,,54217000000.0,16266000000.0,5797000000.0,4474000000.0,7010000000.0,,10469000000.0,6057000000.0,-1722000000.0,4335000000.0,29747000000.0,12542000000.0,7302000000.0,5600000000.0,12664000000.0,10451000000.0,49936000000.0,,0.0857297340595963,,0.3000165999594223,0.106922183079108,0.0825202427282955,0.1292952395005256,0.1117177269122231,0.0799564712175148,0.0317612556947083,0.0,0.1930944168803142,0.4216223484721148,1.717611613256642,0.1882542777422933,1.2117500717634675,1.8226039600632,2024-04-30,163030188032.0,large_cap,2024-04-30,91.4233627319336,90,0.2057558334723492,2024-07-31,0.2215842002736701,2024-10-29,0.3917252070279644,2025-05-02,-0.024881978033030716,0.08680544313120708,0.2119917868463923,0.162886285535049,-0.07227380882887369,-0.14427785821389327,25.817201223255587,0.007441807554563794,0.00685464701382131
ULTA,2024-01-31,,11207303000.0,,1686539000.0,1291005000.0,1930379000.0,,2694561000.0,1476266000.0,-435267000.0,1040999000.0,5707011000.0,1911092000.0,2279328000.0,766594000.0,2836518000.0,1658191000.0,10208580000.0,,0.0978317258619709,,,0.1504857145381007,0.1151931914395461,0.1722429562223846,0.1317235734591988,0.0928857727858343,0.0388378006733645,0.0,0.2404290309631139,0.3348674113296785,0.8384453663535919,0.1343249557430325,1.7106099357673512,1.96377806175597,2024-04-30,21618143232.0,mid_cap,2024-04-30,404.8399963378906,90,-0.0986809160429637,2024-07-31,-0.061752791784768,2024-10-29,-0.0223051053773851,2025-05-02,-0.20423005049911247,0.0657330179842186,-0.2658360957599919,0.3755012823605437,-0.28622306575381884,-0.16535028336088176,23.79679876350826,0.006430774595512077,0.009087175459661059
WDAY,2024-01-31,,7259000000.0,5488000000.0,183000000.0,1381000000.0,752000000.0,2464000000.0,2841000000.0,2149000000.0,-242000000.0,1907000000.0,16452000000.0,3296000000.0,8082000000.0,2012000000.0,9939000000.0,5055000000.0,6216000000.0,,0.1677927927927927,,0.7560270009643202,0.0252100840336134,0.1902465904394544,0.1035955365752858,0.2960462873674059,0.2627083620333379,0.033337925334068,0.3394406943105111,0.3913762226201956,0.2003403841478239,0.4078198465726305,0.1222951616824702,1.9661721068249256,0.4412229516168247,2024-04-30,31213191168.0,mid_cap,2024-04-30,244.72999572753903,90,-0.0719568541567622,2024-07-31,-0.0249253910481728,2024-10-29,0.0161402239905228,2025-05-02,-0.17001286072863797,0.18795205210016297,0.31476306290967426,0.22618113688259991,-0.20337878801274345,-0.043131249244937386,24.164106636255866,0.03153699973302282,0.04408056975559384
WMT,2024-01-31,,648125000000.0,157983000000.0,27012000000.0,15511000000.0,36384000000.0,,130971000000.0,35726000000.0,-20606000000.0,15120000000.0,252399000000.0,61321000000.0,83861000000.0,9867000000.0,76877000000.0,92415000000.0,611289000000.0,,0.0602595499019285,,0.2437539054966248,0.0416771456123433,0.0239321118611378,0.056137319189971,0.0551220829315332,0.0233288331726133,0.0317932497589199,0.0,0.2020767598842816,0.2429526265951925,0.731221902910769,0.0390928648687197,0.8318671211383434,2.567858826698997,2024-04-30,1047786684416.0,large_cap,2024-04-30,58.05866622924805,90,0.1605322065153451,2024-07-31,0.3852816452537828,2024-10-29,0.6826945233131914,2025-05-02,0.0789080661925341,0.11261386491971015,0.19653572414096732,0.13970879819458693,-0.034174088438091665,-0.1184694364253902,27.67770113570464,0.006786060812778309,0.0014057849867188561
BOOT,2024-03-31,,1667009000.0,614424000.0,198214000.0,146996000.0,249195000.0,,416210000.0,236080000.0,-118782000.0,117298000.0,1705592000.0,466757000.0,943643000.0,75847000.0,729649000.0,312808000.0,1657615000.0,0.1137969542874344,0.005667178446141,-0.1081297758412933,0.3685786939362654,0.1189039771230989,0.0881794879331785,0.1494862955149012,0.1416189114755829,0.0703643471630927,0.0712545643124902,0.0,0.2496747168131665,0.273662751701462,0.4946330338909948,0.0444696035159639,2.3325778113091737,0.977378528979967,2024-06-29,4365484032.0,low_cap,2024-07-01,130.1300048828125,90,0.2854836894069088,2024-09-30,0.1781294997772098,2024-12-30,0.2674247789685984,2025-07-03,0.3060016627853539,0.6847489446119177,0.5309412339154411,0.33095798324690123,-0.027501627254494343,0.533478341006957,22.196994909437286,0.0038805944599224576,0.0003987673116194616
AI,2024-04-30,,310582000.0,178560000.0,-318342000.0,-279696000.0,-305623000.0,201365000.0,295537000.0,-62362000.0,-28006000.0,-90368000.0,1038225000.0,3226000.0,873353000.0,167146000.0,904394000.0,102335000.0,266795000.0,0.0555311581387805,0.1641222661594108,0.1085911080206303,0.5749206328763419,-1.0249853500846795,-0.9005544429490441,-0.9840332021817104,-0.2007907734511337,-0.2909634170686002,0.0901726436174665,0.648347296366177,0.9515586865948444,0.0031072262756146,0.0036938099485545,0.1609920778251342,8.837582449797235,0.2991471020250909,2024-07-29,1256769024.0,low_cap,2024-07-29,27.399999618530277,90,-0.0773722248686105,2024-10-25,0.1551094912105683,2025-01-29,-0.1401459929215088,2025-07-31,0.20017519536120787,0.09076427958298017,-0.2829102257250571,0.5601996431144226,-0.3824656236617501,-0.033988176300415285,20.951809997880115,0.014896439251485047,-0.047753575378784455
MDT,2024-04-30,,32364000000.0,21148000000.0,5520000000.0,3676000000.0,8203000000.0,2735000000.0,10736000000.0,6787000000.0,-1587000000.0,5200000000.0,89981000000.0,25024000000.0,50214000000.0,1284000000.0,21935000000.0,10789000000.0,31227000000.0,-0.0144858928233289,0.0364107983475838,0.0508966911709127,0.653442096156223,0.1705598813496477,0.1135829934495118,0.2534606352737609,0.2097083178840687,0.160672351996045,0.0490359658880237,0.0845074774440736,0.3317266098133729,0.2781031551105233,0.4983470745210499,0.0142696791544881,2.0330892575771617,0.3596759315855569,2024-07-29,97767841792.0,large_cap,2024-07-29,75.66902923583984,90,0.1413063259855147,2024-10-25,0.1616020663653923,2025-01-29,0.1654283067174922,2025-07-31,0.01219201549278437,-0.05962142666768944,-0.06493133417650276,0.20385036083681604,-0.07616802708168369,-0.1843738825510849,25.305861543882617,-0.0021708637435924956,0.005850208608559998
NKE,2024-05-31,,51362000000.0,22887000000.0,6311000000.0,5700000000.0,7155000000.0,,16576000000.0,7429000000.0,-812000000.0,6617000000.0,38110000000.0,11952000000.0,14430000000.0,9860000000.0,25382000000.0,10593000000.0,51217000000.0,0.0964889745236565,0.002831091239237,-0.0936578832844194,0.445601806783225,0.1228729410848487,0.110976986877458,0.1393053230014407,0.1446400062302869,0.1288306530119543,0.0158093532183326,0.0,0.3227288656983762,0.3136184728417738,0.8282744282744283,0.2587247441616374,2.3961106391012934,1.347730254526371,2024-08-29,62019551232.0,large_cap,2024-08-29,80.04519653320312,90,-0.0548952865907894,2024-11-27,-0.0576941699730948,2025-03-04,-0.078318599759581,2025-09-03,-0.10556059396253914,-0.19287984970433292,-0.170200355372514,0.4819628533371731,-0.31601441054887325,-0.2987915249761628,24.850715514733135,-0.0005460604527232862,0.0003647313330873256
ORCL,2024-05-31,,52961000000.0,37818000000.0,16071000000.0,10467000000.0,21394000000.0,8915000000.0,9822000000.0,18673000000.0,-6866000000.0,11807000000.0,140976000000.0,93124000000.0,8704000000.0,10454000000.0,22554000000.0,31544000000.0,49954000000.0,0.1770499528746465,0.0601953797493695,-0.116854573125277,0.7140726194747078,0.3034497082759011,0.1976359962991635,0.4039576291988444,0.3525802005249145,0.2229376333528445,0.12964256717207,0.1683314136817658,0.1854572232397424,0.6605663375326297,10.698988970588236,0.0741544660083985,0.7150012680699974,0.375673873567132,2024-08-29,554933092352.0,large_cap,2024-08-29,136.89596557617188,90,0.3133756088926698,2024-11-27,0.1347870071093115,2025-03-04,0.6194816228161399,2025-09-03,0.19406972140055045,0.25595287425706315,0.17135172077123229,0.35417251378011644,-0.036955269086648146,0.15004119898523327,27.04211338910487,0.015407180463846535,0.013419815500100178
BILL,2024-06-30,,1290172000.0,1055556000.0,-146577000.0,-28878000.0,89788000.0,336754000.0,756202000.0,278771000.0,-20893000.0,257878000.0,9178813000.0,976847000.0,4134201000.0,985941000.0,6314817000.0,4063024000.0,1058468000.0,0.6488093476374659,0.2189050590098142,-0.4299042886276516,0.8181513782658436,-0.1136104333375705,-0.0223830621033474,0.0695938215989806,0.2160727406888384,0.199878775853142,0.0161939648356963,0.261014810428377,0.5861249507817562,0.1064241095226583,0.2362843509543924,0.1074148694390004,1.5542160223518249,0.1405597869789917,2024-09-28,3990840832.0,low_cap,2024-09-30,52.7599983215332,90,0.6207354976607504,2024-12-30,-0.1142911101427351,2025-04-02,0.0314632278283186,2025-10-02,-0.0009468481434863341,-0.18201552989871006,-0.4939574406243078,0.46208446324653624,-0.5440325059287536,-0.2877620560114298,22.10726778048381,-0.03984412031317972,0.04375447522294148
EL,2024-06-30,,15608000000.0,11184000000.0,1563000000.0,390000000.0,1975000000.0,,9621000000.0,2360000000.0,-919000000.0,1441000000.0,21677000000.0,9826000000.0,5314000000.0,3395000000.0,7922000000.0,5702000000.0,15910000000.0,-0.1030050177594857,-0.0189817724701445,0.0840232452893412,0.716555612506407,0.1001409533572526,0.0249871860584315,0.1265376729882111,0.151204510507432,0.0923244490005125,0.0588800615069195,0.0,0.6164146591491543,0.45329150712737,1.849077907414377,0.1566176131383494,1.389337074710628,0.7200258338330949,2024-09-28,29044895744.0,mid_cap,2024-09-30,97.19371795654295,90,-0.2522543688367757,2024-12-30,-0.3036422116469607,2025-04-02,-0.0929270078006181,2025-10-02,-0.04705063386963426,-0.33584982503422833,-0.28175109343828775,0.3818881340577197,-0.36070188947467885,-0.44159635114694806,24.09210859891984,0.006375024962937563,-0.001752481684359188
KLAC,2024-06-30,,9812247000.0,5884174000.0,3635684000.0,2761896000.0,3903015000.0,1278981000.0,969509000.0,3308575000.0,-277384000.0,3031191000.0,15433566000.0,6819643000.0,3368328000.0,1977129000.0,10031144000.0,4660774000.0,10496056000.0,0.1394039633373545,-0.0651491379238068,-0.2045531012611613,0.5996765063089016,0.3705251202909996,0.2814743656575298,0.3977697463180452,0.3371883117088267,0.3089191497115798,0.0282691619972469,0.1303453734909037,0.0988060125269981,0.4418708547331187,2.0246374462344523,0.1281057793124414,2.152248532110761,0.6357731583225807,2024-09-28,235693834240.0,large_cap,2024-09-30,764.7288208007812,90,-0.1795070712952668,2024-12-30,-0.1094536118768485,2025-04-02,0.4853315627659513,2025-10-02,-0.06277309068130987,0.09358174790248674,0.7055116415682117,0.5792636457290967,-0.13057998749715582,-0.012164778210232985,26.185799487191222,-0.006096770201250027,-0.020125816291864836
LRCX,2024-06-30,,14905386000.0,7052791000.0,4282100000.0,3827772000.0,4905157000.0,1902444000.0,868247000.0,4652269000.0,-396670000.0,4255599000.0,18744728000.0,4983334000.0,8539454000.0,5847856000.0,12883220000.0,4338438000.0,17428516000.0,0.0116953935032015,-0.1447702145151084,-0.15646560801831,0.4731706377815375,0.2872854148158256,0.2568046208263241,0.3290862108502255,0.3121199947455235,0.2855074668982071,0.0266125278473163,0.1276346684346182,0.0582505545310936,0.2658525639849242,0.5835658813783645,0.3119733719262291,2.969552636225296,0.7951775027090284,2024-09-28,356062593024.0,large_cap,2024-09-30,80.52338409423828,90,-0.1131807979658835,2024-12-30,-0.0904090735573664,2025-04-02,0.8202513633937667,2025-10-02,-0.22823031037631603,-0.16469649413150733,0.31326244312530926,0.5694987992925183,-0.27387377197740426,-0.27044302024422706,26.598372375444495,0.02384314678530461,-0.041332977228518655
MSFT,2024-06-30,,245122000000.0,171008000000.0,109433000000.0,88136000000.0,133009000000.0,29510000000.0,32065000000.0,118548000000.0,-44477000000.0,74071000000.0,512163000000.0,67127000000.0,268477000000.0,18315000000.0,159734000000.0,125286000000.0,211915000000.0,0.0688202955565642,0.1566996201307127,0.0878793245741484,0.6976444382797138,0.4464429957327371,0.3595597294408498,0.5426236731097168,0.4836285604719282,0.3021801388696241,0.1814484216023041,0.120389030768352,0.1308124117786245,0.1310656958819751,0.2500288665323286,0.0357600998119739,1.2749549031815206,0.4786015389631816,2024-09-28,3134205460480.0,large_cap,2024-09-30,425.324951171875,90,-0.0107359176778324,2024-12-30,-0.1083599625975314,2025-04-02,0.2075571527055084,2025-10-02,-0.0561697959506523,0.01715398836213944,0.38225287317106504,0.20108764790161648,-0.07803146986769993,-0.08859253775058029,28.7733968162585,0.0026880234600739164,0.04735151297191611
PG,2024-06-30,,84039000000.0,43191000000.0,19886000000.0,14879000000.0,22582000000.0,,23305000000.0,19846000000.0,-3322000000.0,16524000000.0,122370000000.0,33369000000.0,50286000000.0,9482000000.0,24709000000.0,33627000000.0,82006000000.0,0.0226844750395949,0.0247908689608078,0.0021063939212129,0.5139399564487916,0.2366282321303204,0.1770487511750496,0.2687085757802925,0.2361522626399647,0.1966229964659265,0.0395292661740382,0.0,0.2773117243184712,0.2726893846531013,0.6635842978164896,0.0774863120045762,0.7347964433342254,0.6867614611424369,2024-09-28,329659777024.0,large_cap,2024-09-30,165.32791137695312,90,-0.0296050828201013,2024-12-30,-0.0096061534315403,2025-04-02,-0.0999156432021249,2025-10-02,0.07080673141095506,0.0920836669577565,0.21353086258249343,0.18707427213227149,-0.025817051289382498,-0.013662859154963236,26.521326980867666,0.002282834120980408,0.004874454940068158
PH,2024-06-30,,19930000000.0,7128000000.0,3813000000.0,2844000000.0,5028000000.0,,3315000000.0,3384000000.0,-400000000.0,2984000000.0,29298000000.0,10560000000.0,12072000000.0,422000000.0,6799000000.0,7313000000.0,19065000000.0,0.2019588430126377,0.045371098872279,-0.1565877441403587,0.3576517812343201,0.1913196186653286,0.1426994480682388,0.2522829904666332,0.1697942799799297,0.1497240341194179,0.0200702458605117,0.0,0.1663321625689914,0.3604341593282817,0.8747514910536779,0.0144037135640658,0.9297142075755505,0.6802512116868046,2024-09-28,108777250816.0,large_cap,2024-09-30,621.674072265625,90,0.0103011062383928,2024-12-30,0.000220313017279,2025-04-02,0.2118791718586838,2025-10-02,0.2645858386858797,0.15322185738374472,0.629752337201902,0.340975416576712,-0.0056341658189514865,0.04747533127102499,25.412568057740817,0.006951844040752113,0.006793143955588584
TEAM,2024-06-30,,4358603000.0,3555108000.0,-117077000.0,-300519000.0,27408000.0,2184111000.0,1475688000.0,1448159000.0,-33112000.0,1415047000.0,5212133000.0,1249338000.0,1032851000.0,2176930000.0,3076264000.0,2610126000.0,3534647000.0,0.2610759211411682,0.2331084263860012,-0.0279674947551669,0.8156530888452103,-0.0268611295867047,-0.0689484681215518,0.0062882533692561,0.3322530177673901,0.3246560882007377,0.0075969295666524,0.5011034498897927,0.3385690323252657,0.2396980276596932,1.2096013849045022,0.4176658577208217,1.1785883133611177,0.8362417075696265,2024-09-28,22194536448.0,mid_cap,2024-09-30,158.80999755859375,90,0.5559474208312787,2024-12-30,0.4102387139149475,2025-04-02,-0.0488633878605334,2025-10-02,-0.10906032225192852,-0.1787247165086261,-0.19361229008899283,0.47830852870307744,-0.38309442537021665,-0.2844712426213458,23.823111989589663,-0.04166223742161,0.07568006983710879
CSCO,2024-07-31,,53803000000.0,34828000000.0,12970000000.0,10320000000.0,15747000000.0,7983000000.0,13177000000.0,10880000000.0,-670000000.0,10210000000.0,124413000000.0,30973000000.0,45457000000.0,7508000000.0,36862000000.0,40584000000.0,56998000000.0,0.1055336811684155,-0.0560545984069617,-0.1615882795753772,0.6473244986339052,0.2410646246491831,0.1918108655651172,0.2926788469044477,0.2022192071074103,0.1897663699050238,0.0124528372023864,0.1483746259502258,0.244911993754995,0.2489530836809658,0.6813692060628727,0.0603473913497785,0.9082889808791642,0.4324548077773223,2024-10-29,466916868096.0,large_cap,2024-10-29,53.70032501220703,90,0.0957785124873393,2025-01-31,0.0799768817958206,2025-05-02,0.346899508127245,2025-10-31,0.15800859497736264,0.20447403366348826,0.11505834578978713,0.22928919283228286,-0.01902751920730683,0.03821819867153997,26.86941706612678,-0.011461709841658401,-0.01063727765617305
INTU,2024-07-31,,16285000000.0,12820000000.0,3853000000.0,2963000000.0,4581000000.0,2754000000.0,5730000000.0,4884000000.0,-250000000.0,4634000000.0,32132000000.0,6567000000.0,18436000000.0,3609000000.0,9678000000.0,7491000000.0,14368000000.0,0.1290271884331291,0.1334214922048997,0.0043943037717706,0.7872275099785079,0.2365980964077371,0.181946576604237,0.2813018114829598,0.2999078906969604,0.2845563401903592,0.0153515505066011,0.1691126803807184,0.3518575376112987,0.2043757002365243,0.3562052505966587,0.1123179385036723,1.2919503404084902,0.5068156355035479,2024-10-29,109361717248.0,large_cap,2024-10-29,616.5614624023438,90,-0.0339732460031897,2025-01-31,0.0162518488146055,2025-05-02,0.0773783296605348,2025-10-31,-0.03491892376285766,-1.4551733839129888e-05,0.30845080428970917,0.25865514582409815,-0.06822600902023057,-0.16627038672578742,25.417926731945474,-1.9415140429852436e-06,0.0379659315245628
PANW,2024-07-31,,8027500000.0,5968300000.0,683900000.0,2577600000.0,1276400000.0,1809400000.0,3475000000.0,3257600000.0,-156800000.0,3100800000.0,19990900000.0,1344400000.0,5169700000.0,1535200000.0,6849700000.0,7682700000.0,6892700000.0,0.2528764882304826,0.1646379502952399,-0.0882385379352426,0.7434817813765182,0.0851946434132669,0.3210962317035191,0.1590034257240735,0.4058050451572719,0.3862721893491124,0.0195328558081594,0.2254001868576767,0.4328869511055745,0.0672505990225552,0.260053774880554,0.0767949416984728,0.8915745766462312,0.4015577087574846,2024-10-29,196935139328.0,large_cap,2024-10-29,182.69500732421875,90,0.0094419156275318,2025-01-31,0.0273953278599528,2025-05-02,0.205506426906983,2025-10-31,0.12521172138851444,0.25611054435828207,0.5301730596834717,0.3522617405961901,-0.034407095181600234,0.08985470936633377,26.006140269482508,0.04216551507214567,0.06359506151049266
ZS,2024-07-31,,2167771000.0,1690642000.0,-121477000.0,-57706000.0,64835000.0,499828000.0,1311059000.0,779846000.0,-194896000.0,584950000.0,4704968000.0,1237965000.0,1274102000.0,1423080000.0,3396617000.0,3112887000.0,1616952000.0,0.4821558537269488,0.3406526600665944,-0.1415031936603543,0.7798987992735396,-0.0560377456843919,-0.0266199704673602,0.0299086019694884,0.3597455635304651,0.2698393880165387,0.0899061755139265,0.2305723252133182,0.6047958940312422,0.2631186864607793,0.9716372786480204,0.3024632686130915,1.0911468999677791,0.4607408594489909,2024-10-29,25895344128.0,mid_cap,2024-10-29,189.8500061035156,90,0.0671055560958397,2025-01-31,0.2139583556033149,2025-05-02,0.7442191414409729,2025-10-31,0.058544742919828474,0.09777959652705936,0.22983748207929944,0.500416548423621,-0.2552857193819248,-0.06847623846488893,23.977329026094843,0.03330887965718111,0.09192150531857582
ACN,2024-08-31,,64896464000.0,21162317000.0,10034287000.0,7264787000.0,10836289000.0,,11128030000.0,9131027000.0,-516509000.0,8614518000.0,55932363000.0,4120549000.0,28288646000.0,5004469000.0,20857781000.0,18976127000.0,64111745000.0,0.0408713110733207,0.0122398633822866,-0.028631447691034,0.3260935295334426,0.1546199343002725,0.1119442655612176,0.1669781114730688,0.1407014563998433,0.1327424865551996,0.0079589698446436,0.0,0.1714735952331701,0.0736702112871576,0.1456608775124832,0.0894735843718957,1.099159011741437,1.1602668029598535,2024-11-29,103897767936.0,large_cap,2024-11-29,354.2649230957031,90,-0.0348536979587378,2025-03-05,-0.118800508556062,2025-06-04,-0.2362901732886088,2025-12-03,0.06402966455514614,0.29455745261786337,0.1045636439272637,0.23984485140551512,-0.05183212379894997,0.14479940456510887,25.36667325201044,0.003605342978277006,0.001624749900460659
AZO,2024-08-31,,18490268000.0,9817052000.0,3788708000.0,2662427000.0,4349775000.0,,6028344000.0,3004116000.0,-1072696000.0,1931420000.0,17176538000.0,12366969000.0,-4749614000.0,298172000.0,7306759000.0,8714243000.0,17457209000.0,0.0741423792304194,0.059176641581137,-0.0149657376492824,0.530930757736989,0.2049028169845888,0.1439907198749093,0.2352467254666076,0.1624701167122077,0.1044560305994483,0.0580140861127594,0.0,0.3260279407524001,0.7199919448261344,2.6037840127639846,0.0173592606379702,0.8384846509329611,1.076483980648487,2024-11-29,55024222208.0,large_cap,2024-11-29,3169.5400390625,90,0.1218914539613367,2025-03-05,0.172737997707056,2025-06-04,0.2061434387198211,2025-12-03,-0.0037529519216056295,0.14426309093668643,0.22069240139328405,0.21081128290264048,-0.021541566694339265,-0.005494957116068067,24.73103932901142,0.008537005225747267,0.006181357083771832
COST,2024-08-31,,254453000000.0,32095000000.0,9285000000.0,7367000000.0,12146000000.0,,22810000000.0,11339000000.0,-4710000000.0,6629000000.0,69831000000.0,8169000000.0,23622000000.0,9906000000.0,34246000000.0,35464000000.0,242290000000.0,0.0675731646060435,0.0502001733459902,-0.0173729912600533,0.1261333134213391,0.0364900394178885,0.0289523016038325,0.0477337661572078,0.0445622570769454,0.0260519624449308,0.0185102946320145,0.0,0.0896432740034505,0.1169824290071744,0.3458216916433833,0.1418567684839111,0.965655312429506,3.643840128309777,2024-11-29,465369300992.0,large_cap,2024-11-29,964.1168212890624,90,0.0792564489060267,2025-03-05,0.0847264101432696,2025-06-04,-0.0461038776051542,2025-12-03,0.0905346274140002,0.2033200653518743,0.7007213057708122,0.1814068960096033,0.0,0.0535620172991198,26.866097123008977,0.010206702525382146,0.0013078130307387528
MU,2024-08-31,,25111000000.0,5613000000.0,1305000000.0,778000000.0,9582000000.0,3430000000.0,1129000000.0,8507000000.0,-8386000000.0,121000000.0,69416000000.0,14007000000.0,45131000000.0,7041000000.0,24372000000.0,9248000000.0,15540000000.0,-0.4947655894401457,0.6158944658944658,1.1106600553346115,0.2235275377324678,0.0519692565011349,0.0309824379753892,0.3815857592290231,0.3387758352913066,0.0048186053920592,0.3339572298992473,0.1365935247501095,0.0449603759308669,0.2017834505013253,0.3103631650085307,0.1014319465252967,2.63538062283737,0.3617465713956436,2024-11-29,817223696384.0,large_cap,2024-11-29,97.46240997314452,90,-0.0356042654353058,2025-03-05,0.0568530833037106,2025-06-04,1.4005887310852096,2025-12-03,0.0189140399182961,-0.21483161796490535,0.2827270752800526,0.5309008054604897,-0.36040369700944785,-0.36458966601765985,27.429178696513034,-0.1323136046037393,0.002967752394298494
AAPL,2024-09-30,,391035000000.0,180683000000.0,123216000000.0,93736000000.0,134661000000.0,31370000000.0,26097000000.0,118254000000.0,-9447000000.0,108807000000.0,364980000000.0,106629000000.0,56950000000.0,29943000000.0,152987000000.0,176392000000.0,383285000000.0,-0.0280046053031993,0.0202199407751411,0.0482245460783404,0.4620634981523393,0.3151022287007556,0.2397125576994386,0.3443707085043538,0.3024128274962599,0.2782538647435651,0.0241589627526947,0.0802229979413607,0.0667382715102228,0.2921502548084826,1.872326602282704,0.0820401117869472,0.8673125765340832,1.0713874732862074,2024-12-29,4409585041408.0,large_cap,2024-12-30,250.598876953125,90,-0.1112760399160994,2025-04-02,-0.151208640337161,2025-07-03,0.0794439686960826,2026-01-02,0.08359430340125851,0.16618083047455445,0.30920300779690546,0.17801400704352938,-0.02632989644026218,0.08060126035967241,29.114801706041277,0.003360166550159254,0.005626276665569008
APD,2024-09-30,,12100600000.0,3931900000.0,2947500000.0,3828200000.0,6491100000.0,100200000.0,942400000.0,3646700000.0,-6796700000.0,-3150000000.0,39574600000.0,15006100000.0,17036500000.0,2979700000.0,6363000000.0,4179600000.0,12600000000.0,-0.0077646354716267,-0.0396349206349206,-0.0318702851632939,0.3249343007784738,0.2435829628282895,0.3163644777944895,0.5364279457216997,0.3013652215592615,-0.260317670198172,0.5616828917574335,0.0082805811282085,0.0778804356808753,0.379185133899016,0.8808205910838494,0.0752932436461771,1.522394487510767,0.3057668302395981,2024-12-29,65775423488.0,large_cap,2024-12-30,277.735595703125,90,0.0342696937865076,2025-04-02,0.0298652651843127,2025-07-03,-0.1037901995859722,2026-01-02,-0.024596962661270982,0.17415896862633962,0.08105898354210095,0.2527112359678975,-0.13983066626718166,0.08857939851145757,24.909512102286097,-0.006902776899364597,0.010317670198171982
EMR,2024-09-30,,17492000000.0,8885000000.0,2666000000.0,1968000000.0,4032000000.0,,5142000000.0,3332000000.0,-419000000.0,2913000000.0,44246000000.0,8356000000.0,21636000000.0,3588000000.0,10192000000.0,5742000000.0,15165000000.0,0.0985946102578962,0.153445433564128,0.0548508233062317,0.5079464898239195,0.1524125314429453,0.1125085753487308,0.2305053738852046,0.1904870798079121,0.1665332723530757,0.0239538074548364,0.0,0.2939629544934827,0.1888532296704786,0.3862081715659087,0.0810920761198752,1.7749912922326716,0.3953351715409302,2024-12-29,74521305088.0,large_cap,2024-12-30,121.22122192382812,90,-0.0985674857892787,2025-04-02,0.1344792792466196,2025-07-03,0.1116491032499307,2026-01-02,0.14081264200736165,0.16059186086491062,0.30398202344568137,0.2817537875559243,-0.07496458497173197,0.07501229075002858,25.03435089578463,0.024642087717286328,0.025553770179070706
QCOM,2024-09-30,,38962000000.0,21902000000.0,10253000000.0,10142000000.0,12739000000.0,8893000000.0,2759000000.0,12202000000.0,-1041000000.0,11161000000.0,55154000000.0,14634000000.0,26274000000.0,7849000000.0,25231000000.0,10504000000.0,35820000000.0,-0.1895927601809954,0.087716359575656,0.2773091197566515,0.5621374672758072,0.2631538422052256,0.2603049124788255,0.3269596016631589,0.3131769416354396,0.2864586006878497,0.0267183409475899,0.2282480365484318,0.0708125866228633,0.2653298038220256,0.5569764786480932,0.1423106211698154,2.402037319116527,0.7064220183486238,2024-12-29,212370472960.0,large_cap,2024-12-30,150.23095703125,90,0.0021400561635243,2025-04-02,0.061355217227381,2025-07-03,0.1440815411167051,2026-01-02,-0.08621807077140431,-0.21915891545383825,0.08068257654920497,0.3261074673067326,-0.3122037598920767,-0.3047384855687203,26.08159810045469,-0.019223822232159668,0.02512710562147468
SBUX,2024-09-30,,36176200000.0,9709100000.0,5107600000.0,3760900000.0,7124000000.0,,2523300000.0,6095600000.0,-2777500000.0,3318100000.0,31339300000.0,25803100000.0,-7448900000.0,3286200000.0,6847400000.0,9070000000.0,35975600000.0,0.1155121037633759,0.0055760015121359,-0.1099361022512399,0.268383633438559,0.1411867470878643,0.1039606149899657,0.1969250501711069,0.1684975204692587,0.0917205234380614,0.0767769970311973,0.0,0.0697502778069559,0.82334640531218,3.464014820980279,0.1048587556199404,0.7549503858875414,1.154339758705523,2024-12-29,121737052160.0,large_cap,2024-12-30,87.1611099243164,90,0.1034394773773739,2025-04-02,0.0556527307693957,2025-07-03,-0.0483623576629665,2026-01-02,-0.06513219461755326,0.1887866517351815,-0.03114152224450173,0.21095036906763967,-0.11629268025532913,0.10320708162029946,25.52512924549198,0.0010526746555464457,0.0005114337773845267
V,2024-09-30,,35926000000.0,28884000000.0,24057000000.0,19743000000.0,25591000000.0,,3793000000.0,19950000000.0,-1257000000.0,18693000000.0,94511000000.0,20836000000.0,39137000000.0,11975000000.0,34033000000.0,26517000000.0,32653000000.0,0.1140566359604231,0.1002358129421492,-0.0138208230182739,0.803985971162946,0.6696264543784446,0.5495462895952792,0.7123253354116795,0.555308133385292,0.5203195457328954,0.0349885876523965,0.0,0.1055781328285921,0.2204611103469437,0.5323862329764673,0.126704828009438,1.2834408115548517,0.3801250648072711,2024-12-29,619492999168.0,large_cap,2024-12-30,311.79559326171875,90,0.1002274854315166,2025-04-02,0.1419263617462722,2025-07-03,0.1066599536181067,2026-01-02,0.1489704841458359,0.20248815921695584,0.22012351564593624,0.17553810642567144,-0.017450418935651024,0.1169085891020738,27.152167237173707,0.02029656525027091,0.05215465265622655
AMAT,2024-10-31,,27176000000.0,12897000000.0,7867000000.0,7177000000.0,8791000000.0,3233000000.0,1797000000.0,8677000000.0,-1190000000.0,7487000000.0,34409000000.0,6606000000.0,19001000000.0,8022000000.0,21220000000.0,8468000000.0,26517000000.0,0.0283885980221059,0.024851981747558,-0.0035366162745478,0.4745731527818663,0.2894833676773624,0.2640933176332057,0.323483956432146,0.3192890785987636,0.2755004415660877,0.0437886370326758,0.1189652634677656,0.0661245216367382,0.1919846551774245,0.3476659123204041,0.2331366793571449,2.5059045819555976,0.7897933680141823,2025-01-29,346505936896.0,large_cap,2025-01-29,173.32664489746094,90,-0.1381952058849551,2025-04-30,0.032564539465373,2025-07-31,0.8572938872546192,2026-01-30,-0.058051738296540756,-0.14370353238668165,0.05841034958250635,0.3945774235207511,-0.3096093537560297,-0.25554654982415503,26.571165789328575,-0.0035713175639334226,0.006846731945244581
AVGO,2024-10-31,,51574000000.0,32509000000.0,14996000000.0,5895000000.0,23879000000.0,9310000000.0,4959000000.0,19962000000.0,-548000000.0,19414000000.0,165645000000.0,67566000000.0,67678000000.0,9348000000.0,19595000000.0,16697000000.0,35819000000.0,0.0787880613197602,0.4398503587481503,0.3610622974283901,0.6303369915073487,0.2907666653740257,0.1143017799666498,0.4630046147283514,0.3870554930779075,0.3764299841005157,0.0106255089773917,0.1805173149261255,0.096153100399426,0.4078964049624196,0.998345104760779,0.0564339400525219,1.1735641133137689,0.3113525913851912,2025-01-29,2013133668352.0,large_cap,2025-01-29,204.073974609375,90,-0.0644419490912049,2025-04-30,0.4309769143436852,2025-07-31,0.6200325223385457,2026-01-30,0.19597045832625026,0.381862667099246,0.7356865343727577,0.7515575902319408,-0.17238844313426738,0.2700196496617726,28.330713662941015,0.16796243111612885,0.16557286355017234
DE,2024-10-31,,50518000000.0,19495000000.0,11427000000.0,7100000000.0,14672000000.0,2290000000.0,4507000000.0,9231000000.0,-4802000000.0,4429000000.0,107320000000.0,65463000000.0,22836000000.0,7324000000.0,77667000000.0,35960000000.0,60248000000.0,0.1748371748371748,-0.1614991369008099,-0.3363363117379848,0.3859020547131715,0.2261966031909418,0.1405439645274951,0.2904311334573815,0.182726948810325,0.0876717209707431,0.0950552278395819,0.0453303772912625,0.0892157250880874,0.6099795005590757,2.866657908565423,0.0682445024226612,2.159816462736374,0.4707230711889675,2025-01-29,151754391552.0,large_cap,2025-01-29,470.33111572265625,90,-0.0271466492254965,2025-04-30,0.1039566410434595,2025-07-31,0.1193395194983586,2026-01-30,0.1766508128854778,0.27845927996438324,0.23307264497183078,0.3041711921710879,-0.012372158548392131,0.16661626252690986,25.74552920585443,-0.044970933376268875,-0.014158907267383647
SNPS,2024-10-31,,6127436000.0,4882147000.0,1355711000.0,2263380000.0,1845752000.0,2082360000.0,1427838000.0,1407029000.0,-139500000.0,1267529000.0,13073561000.0,684457000.0,8990702000.0,3896532000.0,6469666000.0,2650120000.0,5318014000.0,0.1521541412661182,0.1522038114228356,4.967015671741848e-05,0.7967683383392336,0.2212525761182981,0.3693845190712722,0.3012274628409011,0.2296276941937867,0.2068612385343559,0.0227664556594307,0.3398419828456797,0.2330237312964182,0.0523542896996464,0.0761294279356606,0.2980467219298552,2.4412728480219763,0.4686891352707957,2025-01-29,96244596736.0,large_cap,2025-01-29,512.7100219726562,90,-0.1047375902667554,2025-04-30,0.2355326472180976,2025-07-31,-0.0928205512198995,2026-01-30,0.02218995115106548,-0.06357757947991705,-0.02919732408231157,0.44642400253859216,-0.1747786382646721,-0.17542059691739043,25.290158670730726,-0.009676749917881635,0.031485068940577315
ADBE,2024-11-30,,21505000000.0,19147000000.0,7741000000.0,5560000000.0,7957000000.0,3944000000.0,7293000000.0,8056000000.0,-183000000.0,7873000000.0,30230000000.0,6056000000.0,14105000000.0,7613000000.0,11232000000.0,10521000000.0,19409000000.0,0.102408269907986,0.1079911381317946,0.0055828682238086,0.89035108114392,0.3599627993489886,0.2585445245291792,0.3700069751220646,0.3746105556847244,0.3661009067658684,0.008509648918856,0.183399209486166,0.3391304347826087,0.2003307972213033,0.4293512938674229,0.2518359245782335,1.067579127459367,0.711379424412835,2025-02-28,100079919104.0,large_cap,2025-02-28,438.55999755859375,90,-0.0535160556169225,2025-05-30,-0.1866562974445146,2025-08-29,-0.3820914088313095,2026-03-03,-0.154550509761766,-0.2276425770461079,-0.206211867526234,0.3539007832236314,-0.2523058448798574,-0.29254827377324566,25.32923489479139,-0.024583380982463935,0.03953565359272815
ABBV,2024-12-31,,56334000000.0,39430000000.0,11894000000.0,4278000000.0,14910000000.0,12791000000.0,14752000000.0,18806000000.0,-974000000.0,17832000000.0,135161000000.0,67144000000.0,3325000000.0,5524000000.0,25582000000.0,38749000000.0,54318000000.0,-0.0643538774244668,0.0371147685849995,0.1014686460094663,0.6999325451769801,0.2111335960521177,0.0759399297049739,0.2646714240068165,0.3338303688713743,0.3165406326552348,0.0172897362161394,0.2270564845386445,0.2618667234707281,0.4967705181228313,20.19368421052632,0.0408697775245818,0.6601976825208392,0.4167918260444951,2025-03-31,371715538944.0,large_cap,2025-03-31,201.05157470703125,90,-0.0848329659514229,2025-07-01,0.1249430408779035,2025-09-30,0.0604799623804162,2026-04-01,0.18022206718159706,0.11091573016182155,0.2040603965852723,0.2217313133965433,-0.03295484153178718,0.1272338338512693,26.641394718444413,0.004116611657392256,0.011748332328748376
ABT,2024-12-31,,41950000000.0,23244000000.0,6825000000.0,13402000000.0,10790000000.0,2844000000.0,11697000000.0,8558000000.0,-2207000000.0,6351000000.0,81414000000.0,15021000000.0,47664000000.0,7616000000.0,23656000000.0,14157000000.0,40109000000.0,-0.0811857146129704,0.0458999227106136,0.127085637323584,0.554088200238379,0.1626936829558999,0.3194755661501788,0.2572109654350417,0.2040047675804529,0.1513945172824791,0.0526102502979737,0.0677949940405244,0.2788319427890345,0.1845014370992704,0.3151435045317221,0.0935465644729407,1.6709754891573074,0.5152676443854866,2025-03-31,147130957824.0,large_cap,2025-03-31,129.3950653076172,90,0.0319726274714669,2025-07-01,0.0189554642168339,2025-09-30,-0.2137126202898926,2026-04-01,0.1568154393844512,0.18845513102873968,0.19275016249044086,0.24184368537677653,-0.05398657670502871,0.20477323471818742,25.71458889668741,0.00865007594863771,0.006948996642076446
AEP,2024-12-31,,19721000000.0,12460000000.0,4447000000.0,2967000000.0,8099000000.0,,,6804000000.0,-7771000000.0,-967000000.0,103078000000.0,45763000000.0,26944000000.0,203000000.0,5789000000.0,13009000000.0,18982000000.0,-0.0334784490440184,0.0389316194289326,0.072410068472951,0.6318138025455099,0.2254956645200547,0.1504487602048577,0.4106789716545814,0.345012930378784,-0.0490340246437807,0.3940469550225647,0.0,0.0,0.443964764547236,1.6984486342042755,0.0019693824094375,0.4449996156507033,0.1913211354508236,2025-03-31,68094746624.0,large_cap,2025-03-31,104.97942352294922,90,-0.0361383685288145,2025-07-01,0.0473076657812654,2025-09-30,0.2452025140075886,2026-04-01,0.19804632932738442,0.10549250418862077,0.3381892447811563,0.2142507846866155,0.0,0.12181060787806852,24.944165905041107,0.004106994025676462,-0.0019089739865005724
AMD,2024-12-31,,25785000000.0,12725000000.0,2086000000.0,1641000000.0,5145000000.0,6456000000.0,2735000000.0,3041000000.0,-636000000.0,2405000000.0,69226000000.0,2212000000.0,57568000000.0,3787000000.0,19049000000.0,7281000000.0,22680000000.0,-0.0390237701792296,0.1369047619047618,0.1759285320839915,0.4935039751793678,0.0808997479154547,0.0636416521233275,0.1995346131471786,0.1179367849524917,0.0932712817529571,0.0246655031995346,0.2503781268179174,0.1060694202055458,0.0319533123392944,0.0384241245136186,0.0547048796694883,2.61626150254086,0.3724756594343166,2025-03-31,691537707008.0,large_cap,2025-03-31,102.73999786376952,90,0.3248005006855241,2025-07-01,0.5747517680568963,2025-09-30,1.0460386517877875,2026-04-01,-0.17847433336440566,-0.3865902770660381,-0.4279191494025716,0.4342378764515917,-0.44150905569615406,-0.37027217337659035,27.26218351586029,-0.052926049836421844,0.012769282620940545
AMGN,2024-12-31,,33424000000.0,20566000000.0,7258000000.0,4090000000.0,13356000000.0,5964000000.0,7096000000.0,11490000000.0,-1096000000.0,10394000000.0,91839000000.0,60099000000.0,5877000000.0,11973000000.0,29030000000.0,23099000000.0,28190000000.0,0.0709265661208828,0.1856686768357573,0.1147421107148745,0.6153063666826233,0.2171493537577788,0.1223671613212063,0.399593106749641,0.3437649593106749,0.3109741503111536,0.0327908089995213,0.1784346577309717,0.2123025370990904,0.6543951915852743,10.226135783563045,0.1303694508868781,1.256764362093597,0.3639412450048454,2025-03-31,176207396864.0,large_cap,2025-03-31,299.80914306640625,90,-0.0592603163674481,2025-07-01,-0.0787883241963219,2025-09-30,0.1695180425860936,2026-04-01,0.193354340217875,-0.007901726380683982,0.12136583145338431,0.23835798392510468,-0.061655763099133454,0.008416377308763767,25.894927529499252,-0.0014671030818197925,0.057738159018395796
AMT,2024-12-31,,10127200000.0,7552800000.0,4603000000.0,2255000000.0,7154100000.0,,933400000.0,5290500000.0,-1590000000.0,3700500000.0,61077400000.0,43954100000.0,3382200000.0,1999600000.0,3178800000.0,7075600000.0,10012200000.0,0.0380284902647893,0.0114859870957431,-0.0265425031690462,0.7457935065960977,0.4545185243700134,0.2226676672722964,0.7064242831187297,0.522405008294494,0.3654020854727862,0.1570029228217078,0.0,0.0921676277747057,0.7196458919338413,12.995712849624503,0.0327387871782361,0.4492622533778054,0.165809284612639,2025-03-31,79495331840.0,large_cap,2025-03-31,208.14251708984372,90,0.048244798629526,2025-07-01,-0.0939744273588084,2025-09-30,-0.1864798089969318,2026-04-01,0.1932441119737307,-0.0459062563343009,0.1397750551658543,0.26756053892722564,-0.08936157912195897,-0.02958815264485315,25.09896413788896,-0.0005272786678696551,0.0041970036384980395
AMZN,2024-12-31,,637959000000.0,311671000000.0,68593000000.0,59248000000.0,123815000000.0,,55266000000.0,115877000000.0,-82999000000.0,32878000000.0,624894000000.0,130900000000.0,285970000000.0,78779000000.0,190867000000.0,179431000000.0,574785000000.0,0.1182957412988368,0.1099089224666614,-0.0083868188321754,0.4885439346415678,0.1075194487420038,0.0928711719718665,0.194079870336495,0.1816370644508503,0.0515362272497135,0.1301008372011367,0.0,0.0866293915439706,0.2094755270493875,0.4577403224114417,0.1260677810956738,1.063734806137178,1.020907545919788,2025-03-31,2841383010304.0,large_cap,2025-03-31,190.25999450683597,90,0.1587302274727342,2025-07-01,0.154052421232093,2025-09-30,0.106748730178551,2026-04-01,-0.16203482955485937,-0.004708145731490365,0.0579991801678339,0.2807061995191439,-0.2139965445518066,0.011609957957957384,28.67531202502675,-0.0005174672241641174,0.005664291205013003
ANET,2024-12-31,,7003100000.0,4491300000.0,2944600000.0,2852100000.0,3006600000.0,996700000.0,550000000.0,3708200000.0,-32000000.0,3676200000.0,14043900000.0,,9994800000.0,2762400000.0,11910900000.0,2732200000.0,5860200000.0,0.3375451634328545,0.1950274734650694,-0.1425176899677851,0.6413302680241607,0.420470934300524,0.4072624980365838,0.4293241564450029,0.5295083605831703,0.5249389556053747,0.0045694049777955,0.1423226856677757,0.0785366480558609,,,0.1966974985580928,4.359453919918015,0.4986577802462279,2025-03-31,178764283904.0,large_cap,2025-03-31,77.4800033569336,90,0.2765874984084915,2025-07-01,0.8806143572634186,2025-09-30,0.611383493350719,2026-04-01,-0.32543964003818016,-0.1977219176257624,0.0745813581099819,0.6782238490537563,-0.4031736328327937,-0.18140381393631466,25.909333925280347,-0.03856120604322102,0.10237751823510848
AON,2024-12-31,,15698000000.0,7415000000.0,4224000000.0,2654000000.0,4936000000.0,,1966000000.0,3035000000.0,-218000000.0,2817000000.0,48965000000.0,17892000000.0,6121000000.0,1085000000.0,23432000000.0,22995000000.0,13376000000.0,0.071880759676256,0.1735944976076555,0.1017137379313994,0.4723531660084087,0.2690788635494967,0.1690661230730029,0.314434959867499,0.1933367307937316,0.1794496114154669,0.0138871193782647,0.0,0.1252388839342591,0.3654038598999285,2.9230517889233787,0.0221586847748391,1.0190041313328984,0.3205963443275809,2025-03-31,67750879232.0,large_cap,2025-03-31,396.3722229003906,90,-0.1037584138062451,2025-07-01,-0.102758053867608,2025-09-30,-0.191430457738007,2026-04-01,0.10611902370661697,0.15387089211408322,0.20538603266506983,0.1545736291946772,-0.024992755940504097,0.17018899580353097,24.93910327421611,0.026711140212986036,0.031151465139556977
APH,2024-12-31,,15222700000.0,5139700000.0,3284300000.0,2424000000.0,3801400000.0,,1855400000.0,2814700000.0,-665400000.0,2149300000.0,21440200000.0,6886100000.0,9792000000.0,3317000000.0,9686000000.0,4083800000.0,12554700000.0,-0.0054107581399033,0.2125100559949659,0.2179208141348693,0.3376339282781635,0.2157501625861378,0.1592358779979898,0.2497191693983327,0.1849014957924678,0.1411904589855938,0.0437110368068739,0.0,0.1218837656920257,0.3211770412589435,0.7032373366013072,0.1547093777110288,2.37181056858808,0.7100073693342412,2025-03-31,153779306496.0,large_cap,2025-03-31,65.12893676757812,90,0.4874584435453073,2025-07-01,0.8926793868270431,2025-09-30,0.9607259581706022,2026-04-01,-0.08105223135414164,0.002803217821055304,0.14799309852355202,0.4351200010351247,-0.16282743472096173,0.019121321510503053,25.758784336825098,0.0005957119761185489,0.03000439234498347
AXP,2024-12-31,,65949000000.0,,,10129000000.0,,,14238000000.0,14050000000.0,-1911000000.0,12139000000.0,271461000000.0,51089000000.0,30264000000.0,40552000000.0,,,60515000000.0,0.1447731830048049,0.0897959183673469,-0.054977264637458,,,0.153588378898846,,0.213043412333773,0.184066475609941,0.028976936723832,0.0,0.2158940999863531,0.1882001466140624,1.6881112873380917,0.1493842577755184,,0.2429409749466774,2025-03-31,213895708672.0,large_cap,2025-03-31,265.3780517578125,90,0.2027530650048274,2025-07-01,0.2417918864826997,2025-09-30,0.1323469613523971,2026-04-01,-0.1128570772738634,0.008343504615168307,0.19443625267758602,0.2689150532476533,-0.17436399672438552,0.024661608304616056,26.08875439052403,0.0007492126593212354,0.016528418218035513
BA,2024-12-31,,66517000000.0,-1991000000.0,-10824000000.0,-11817000000.0,-7649000000.0,3812000000.0,5021000000.0,-12080000000.0,-2318000000.0,-14398000000.0,156363000000.0,54188000000.0,-3908000000.0,13801000000.0,127998000000.0,97078000000.0,77794000000.0,0.1679377852510208,-0.1449597655346171,-0.3128975507856379,-0.0299321977840251,-0.1627253183396725,-0.1776538328547589,-0.1149931596433994,-0.1816077093073951,-0.2164559435933671,0.034848234285972,0.0573086579370687,0.0754844626185787,0.3465525731790769,13.86591606960082,0.0882625685104532,1.318506767753765,0.4254011498884007,2025-03-31,173812793344.0,large_cap,2025-03-31,170.5500030517578,90,0.2300790942962727,2025-07-01,0.2654939781241485,2025-09-30,0.2155966204310306,2026-04-01,-0.05449607254108313,0.10331220747530612,-0.11148733647677378,0.3533671727993661,-0.11627546402759759,0.11963031116475387,25.881244656642874,-0.01497611337248409,0.031377402831868795
BAC,2024-12-31,,105856000000.0,,,26973000000.0,,,49623000000.0,-8805000000.0,,-8805000000.0,3261299000000.0,326670000000.0,293963000000.0,296486000000.0,,,102769000000.0,0.0823486045286994,0.0300382411038349,-0.0523103634248645,,,0.2548084189842805,,-0.0831790356711003,-0.0831790356711003,,0.0,0.4687783403869408,0.1001656088570842,1.1112623017182437,0.0909104010395857,,0.0324582321338828,2025-03-31,353197326336.0,large_cap,2025-03-31,40.812049865722656,90,0.1606456487809564,2025-07-01,0.2504830990573188,2025-09-30,0.2072415039153596,2026-04-01,-0.05738832744448874,0.06849551204547932,0.13093753267056152,0.25564807167229303,-0.12037401539196702,0.08481361573492707,26.59029273581744,0.0020574847053527355,-0.0024985519282729944
BL,2024-12-31,,653336000.0,491371000.0,20256000.0,161174000.0,183801000.0,100973000.0,370142000.0,190836000.0,-26840000.0,163996000.0,1825036000.0,916602000.0,446669000.0,885915000.0,1092404000.0,422243000.0,589996000.0,0.1282331748696785,0.1073566600451527,-0.0208765148245257,0.7520953996106138,0.0310039550858976,0.2466938910453426,0.2813269129513757,0.2920947261439749,0.2510132611703625,0.0410814649736123,0.1545498793882474,0.5665415651364688,0.5022377640769826,2.05208331001256,0.4854233012389892,2.5871453167962524,0.3579852671399359,2025-03-31,1598509952.0,low_cap,2025-03-31,48.41999816894531,90,0.1864932452596752,2025-07-01,0.0966542850507035,2025-09-30,-0.2467987897592786,2026-04-01,-0.2251560750776842,-0.07401037825250534,-0.23903823108360123,0.4559635785745435,-0.29427200498173545,-0.05769227456305759,21.19233775228151,-0.007945507017867377,0.026947945346291732
BLK,2024-12-31,,20407000000.0,10086000000.0,7538000000.0,6369000000.0,9362000000.0,,2257000000.0,4956000000.0,-255000000.0,4701000000.0,138615000000.0,14222000000.0,47495000000.0,12762000000.0,25114000000.0,1536000000.0,17859000000.0,-0.0007833044256699,0.1426731619911529,0.1434564664168229,0.4942421718037928,0.3693830548341255,0.3120987896310089,0.4587641495565247,0.2428578428970451,0.2303621306414465,0.0124957122555985,0.0,0.1105993041603371,0.1026007286368719,0.2994420465312138,0.092067958013202,16.350260416666668,0.1472207192583775,2025-03-31,167947649024.0,large_cap,2025-03-31,927.3680419921876,90,0.1197842727108426,2025-07-01,0.2441654921897449,2025-09-30,0.0323841032491909,2026-04-01,-0.0973492934324518,0.01199878778594421,0.1595483484561535,0.266435722758973,-0.11515887832833138,0.02831689147539196,25.846918154835883,0.001711904993481485,0.032866493581634224
BMY,2024-12-31,,48300000000.0,34332000000.0,5887000000.0,-8948000000.0,3168000000.0,11159000000.0,8414000000.0,15190000000.0,-1248000000.0,13942000000.0,92603000000.0,51200000000.0,16335000000.0,10346000000.0,29780000000.0,23774000000.0,45006000000.0,-0.0249788773586949,0.0731902413011598,0.0981691186598547,0.710807453416149,0.1218840579710145,-0.1852587991718426,0.0655900621118012,0.3144927536231884,0.2886542443064182,0.0258385093167701,0.2310351966873706,0.1742028985507246,0.5528978542811788,3.1343740434649527,0.1117242421951772,1.2526289223521494,0.5215813742535339,2025-03-31,116398063616.0,large_cap,2025-03-31,57.464622497558594,90,-0.2125763890428614,2025-07-01,-0.2426610823176783,2025-09-30,0.0632628531879235,2026-04-01,0.06315868667489499,0.2440835854699288,0.20259003814533605,0.2595613829714434,-0.033592091984238515,0.26040168915937656,25.480281736504,0.01786453651819635,0.021126673793390678
BROS,2024-12-31,,1281015000.0,340129000.0,106093000.0,35258000.0,204910000.0,,232757000.0,246432000.0,-221738000.0,24694000.0,2501085000.0,942909000.0,537369000.0,293354000.0,357941000.0,203071000.0,965776000.0,0.3068475207439121,0.3264100578187903,0.0195625370748782,0.2655152359652307,0.0828194829880992,0.0275234872347318,0.1599590949364371,0.1923724546550977,0.0192769015194982,0.1730955531355995,0.0,0.1816973259485642,0.3769999820078086,1.7546769538250253,0.1172906958380063,1.7626396678994047,0.5121837122688753,2025-03-31,8910600192.0,low_cap,2025-03-31,61.7400016784668,90,0.0868156243915962,2025-07-01,-0.1522513973166502,2025-09-30,-0.1810819566121757,2026-04-01,0.1060552134720183,0.8898073198288139,0.862443403819116,0.7954096647177097,-0.2767951307001839,0.9061254235182616,22.910507437776598,0.29044205871290596,0.006292174539546534
BSX,2024-12-31,,16747000000.0,11490000000.0,3002000000.0,1854000000.0,3856000000.0,1615000000.0,5984000000.0,3435000000.0,-1070000000.0,2365000000.0,39395000000.0,10746000000.0,21770000000.0,414000000.0,6920000000.0,6399000000.0,14240000000.0,0.1228512852862324,0.1760533707865168,0.0532020855002843,0.686093031587747,0.1792559861467725,0.1107063951752552,0.2302501940646086,0.2051113632292351,0.1412193228637965,0.0638920403654385,0.096435182420732,0.3573177285483967,0.2727757329610357,0.4936150666054203,0.0105089478360198,1.0814189717143303,0.4251047087193806,2025-03-31,78301192192.0,large_cap,2025-03-31,100.87999725341795,90,0.0386598099926769,2025-07-01,-0.0322164957224945,2025-09-30,-0.3854083892939505,2026-04-01,0.10311646385852669,0.21425126420386986,0.47012522902358533,0.23466354733413794,-0.049915266872526676,0.2305693678933176,25.083828665778725,0.037719657258363876,0.024862137810360795
BX,2024-12-31,,10930540000.0,,,2776508000.0,,,1381585000.0,3481662000.0,-61409000.0,3420253000.0,43469875000.0,12286698000.0,8212321000.0,1972140000.0,,,7006649000.0,-0.0176629048014814,0.5600239144275674,0.5776868192290489,,,0.2540137998671611,,0.3185260746495598,0.312907962461141,0.0056181121884188,0.0,0.1263967745417884,0.2826485698429084,1.4961297786581893,0.0453679703472807,,0.2514509185959241,2025-03-31,144092463104.0,large_cap,2025-03-31,133.93675231933594,90,0.10063617045007,2025-07-01,0.2383796445506836,2025-09-30,-0.1542249950129185,2026-04-01,-0.20110951361553764,-0.07669419609868522,0.09625038185328294,0.34832398211396476,-0.2917747742056199,-0.06037609240923747,25.693721035350162,-0.04295058391306116,0.1752359419930425
C,2024-12-31,,80672000000.0,,,12682000000.0,,,29745000000.0,-19669000000.0,-6500000000.0,-26169000000.0,2352945000000.0,335805000000.0,208598000000.0,276532000000.0,,,78090000000.0,0.0484693877551021,0.0330644128569599,-0.0154049748981421,,,0.1572044823482745,,-0.2438144585481951,-0.3243876437921459,0.0805731852439508,0.0,0.3687152915509718,0.1427168930850487,1.609818886087115,0.1175259090203978,,0.0342855442859905,2025-03-31,210502303744.0,large_cap,2025-03-31,68.86556243896484,90,0.2249592221526604,2025-07-01,0.4506906282242418,2025-09-30,0.6663939465212227,2026-04-01,0.0018443393975180467,0.1686189076461455,0.1703883676737572,0.31591472138723814,-0.16117208730388988,0.18493701133559326,26.07276243416098,0.005575285177901747,-0.010725686980039957
CAT,2024-12-31,,64809000000.0,23324000000.0,13072000000.0,10792000000.0,16038000000.0,2107000000.0,6667000000.0,12035000000.0,-3215000000.0,8820000000.0,87764000000.0,38409000000.0,19491000000.0,6889000000.0,45682000000.0,32272000000.0,67060000000.0,0.1284433001834182,-0.0335669549657023,-0.1620102551491206,0.359888287120616,0.2017003811199061,0.1665200820873644,0.2474656297736425,0.185699517042386,0.136092209415359,0.0496073076270271,0.032510916693669,0.1028715147587526,0.4376395788706075,1.970601816222872,0.078494599152272,1.4155304908279622,0.7384462877717515,2025-03-31,409148456960.0,large_cap,2025-03-31,324.7054748535156,90,0.1910317427273382,2025-07-01,0.4590775764056765,2025-09-30,1.244902865605841,2026-04-01,-0.09836281732124508,-0.15030097777347606,-0.08194959292379922,0.26766874584058115,-0.2059848581183661,-0.13398287408402831,26.737343902581884,0.005045146152223293,-0.004568201064628282
CB,2024-12-31,,56010000000.0,,,9272000000.0,,,4380000000.0,16182000000.0,,16182000000.0,246548000000.0,15179000000.0,64021000000.0,2288000000.0,,,49826000000.0,0.1572639646963187,0.1241119094448681,-0.0331520552514505,,,0.1655418675236565,,0.2889126941617568,0.2889126941617568,,0.0,0.0782003213711837,0.0615661047747294,0.2370940785054903,0.0092801401755439,,0.2271768580560377,2025-03-31,125724844032.0,large_cap,2025-03-31,300.0915222167969,90,-0.0378347303918004,2025-07-01,-0.0622219234671551,2025-09-30,0.0902007535746287,2026-04-01,0.08867425050537214,0.04868134711213212,0.18363318273005658,0.21191722576447422,0.0,0.06499945080157987,25.557361578454852,0.006041934944435133,0.03585750613527683
CDNS,2024-12-31,,4641264000.0,3993762000.0,1382850000.0,1055484000.0,1666833000.0,1549093000.0,1031444000.0,1260551000.0,-142542000.0,1118009000.0,8974482000.0,2585076000.0,4673578000.0,2644030000.0,4016079000.0,1370105000.0,4089986000.0,0.1483183115563893,0.1347872584404934,-0.0135310531158958,0.8604901595772186,0.2979468524091713,0.2274130495485712,0.3591334171036166,0.2715964875085752,0.2408845952309543,0.0307118922776209,0.3337653277210691,0.2222334260666921,0.2880473769962433,0.5531256780137188,0.2946164469436788,2.9312198700099628,0.5171623275861492,2025-03-31,95774343168.0,large_cap,2025-03-31,254.3300018310547,90,0.2167655771128604,2025-07-01,0.3811190470519423,2025-09-30,0.1016789227545782,2026-04-01,-0.17609899958023378,-0.07256685394752638,-0.1831116951802242,0.387006736020721,-0.22104134201820924,-0.05624875025807863,25.285260669435996,-0.009781087297238778,0.03246817419172828
CELH,2024-12-31,,1355630000.0,680207000.0,155728000.0,145074000.0,202324000.0,,524479000.0,262898000.0,-23390000.0,239508000.0,1766881000.0,20250000.0,1224417000.0,890190000.0,1324580000.0,365535000.0,1318014000.0,1.0165329465547948,0.0285399092877618,-0.9879930372670328,0.5017644932614357,0.1148750027662415,0.1070159261745461,0.1492472134727027,0.1939304972595767,0.1766765267809062,0.0172539704786704,0.0,0.3868894904951941,0.0114608737090952,0.016538483212827,0.503820008251829,3.6236748874936735,0.7672446531486841,2025-03-31,7710112768.0,low_cap,2025-03-31,35.619998931884766,90,0.2914093593311064,2025-07-01,0.6139810051202834,2025-09-30,-0.0362155289026512,2026-04-01,0.2868496582069875,0.13729244185692457,-0.573055270267391,0.8766440980360832,-0.6293058560786007,0.15361054554637232,22.76579865061443,0.003918313836491939,0.005042332047603881
CI,2024-12-31,,244384000000.0,,,3434000000.0,9479000000.0,,14844000000.0,10363000000.0,-1406000000.0,8957000000.0,155881000000.0,31972000000.0,41033000000.0,7550000000.0,48870000000.0,57979000000.0,195187000000.0,0.0841855013858723,0.2520505976320144,0.1678650962461421,,,0.0140516564095849,0.0387873183187115,0.0424045764043472,0.0366513356029854,0.0057532408013617,0.0,0.0607404740081183,0.2051051763845497,0.7791777349937855,0.0484343826380379,0.8428913917107919,1.567760022068116,2025-03-31,75463155712.0,large_cap,2025-03-31,322.1827697753906,90,0.0212789557163608,2025-07-01,-0.1151934422533823,2025-09-30,-0.1702845949503115,2026-04-01,0.1741473482194027,-0.03764100907402368,-0.07895393917334759,0.2768665128085257,-0.09498631543565883,-0.02132290538457593,25.046910370274205,-0.009487438832579744,0.009237991042743995
CL,2024-12-31,,20101000000.0,12161000000.0,4330000000.0,2889000000.0,4853000000.0,,7729000000.0,4107000000.0,-561000000.0,3546000000.0,16046000000.0,8512000000.0,212000000.0,1096000000.0,5317000000.0,5759000000.0,19457000000.0,0.0829298157733622,0.0330986277432285,-0.0498311880301336,0.6049947763792846,0.2154121685488284,0.1437241928262275,0.2414307745883289,0.2043181931247201,0.1764091338739366,0.0279090592507835,0.0,0.3845082334212228,0.5304748847064689,40.15094339622642,0.0683036270721675,0.9232505643340858,1.2527109560014955,2025-03-31,70520684544.0,large_cap,2025-03-31,90.88179779052734,90,-0.0122220684098357,2025-07-01,-0.136935520551065,2025-09-30,-0.0660123493344013,2026-04-01,0.020149657773628205,-0.08109611933906191,0.06434037213493049,0.24782832174942035,-0.1293349494257271,-0.06477801564961416,24.979171901519155,-0.002684170265424044,0.005838900252598788
CME,2024-12-31,,6130100000.0,5279800000.0,3931500000.0,3525800000.0,5039100000.0,,132700000.0,3690500000.0,-94000000.0,3596500000.0,137447000000.0,3428000000.0,26486900000.0,2892400000.0,103033500000.0,102313900000.0,5578900000.0,0.1114675060764234,0.0988008388750469,-0.0126666672013764,0.8612910066719955,0.6413435343632241,0.575161906004796,0.8220257418312915,0.6020293306797605,0.5866951599484511,0.0153341707313094,0.0,0.0216472814472847,0.0249405225286837,0.1294224692206336,0.0210437477718684,1.007033257455732,0.0445997366257539,2025-03-31,108294709248.0,large_cap,2025-03-31,255.509521484375,90,0.0429383641945522,2025-07-01,0.028027589251333,2025-09-30,0.1621484816547818,2026-04-01,0.1422039509786861,0.25667392675104694,0.2874263692541301,0.17725319320201205,-0.004689736763708319,0.2729920304404947,25.40812213701764,0.02535959928035578,0.05796597396683679
CMG,2024-12-31,,11313853000.0,3017692000.0,1985179000.0,1534110000.0,2320209000.0,,697483000.0,2105076000.0,-593603000.0,1511473000.0,9204374000.0,4540618000.0,3655546000.0,748537000.0,1780587000.0,1168768000.0,9871649000.0,0.1432596241284536,0.1460955510067263,0.0028359268782727,0.2667254029197657,0.1754644505280385,0.1355957161543463,0.205076820425367,0.186061812894334,0.1335948946835353,0.0524669182107987,0.0,0.0616485824943986,0.4933108976232387,1.2421175933772957,0.0813240531077941,1.523473435275435,1.229182234446362,2025-03-31,41881264128.0,mid_cap,2025-03-31,50.209999084472656,90,0.1599283557142585,2025-07-01,-0.2194782047142396,2025-09-30,-0.3501294231609337,2026-04-01,-0.18317881751461706,-0.1350559906223503,-0.14125729496618789,0.2827068385529497,-0.2675654632234922,-0.11873788693290255,24.458104407020425,-0.019731079366731526,0.01951761975047666
COIN,2024-12-31,,6564028000.0,4908731000.0,2235435000.0,2579066000.0,3150807000.0,1468252000.0,1197111000.0,3103935000.0,,3103935000.0,22541951000.0,4694138000.0,10276842000.0,9308266000.0,18112653000.0,7941320000.0,3108383000.0,-0.0268689452909767,1.1117178931939855,1.1385868384849622,0.7478229830829485,0.3405584193120444,0.39290904913873,0.4800112065335492,0.4728704691692357,0.4728704691692357,,0.2236815565076809,0.1823744505660244,0.2082400942136729,0.4567685286978237,0.4129308062110506,2.280811376446233,0.2911916541740331,2025-03-31,51488137216.0,large_cap,2025-03-31,172.22999572753906,90,0.9469894611316384,2025-07-01,0.9595308518051096,2025-09-30,0.0044127607529369,2026-04-01,-0.37236254717735484,-0.04279440483342278,-0.3290612094375992,0.7460076842467713,-0.49877772488529926,-0.026476301143975034,24.664617272762154,-0.04757530558190329,0.5256985617384742
COP,2024-12-31,,54745000000.0,16383000000.0,12783000000.0,9245000000.0,24425000000.0,,1158000000.0,20124000000.0,-12118000000.0,8006000000.0,122780000000.0,24324000000.0,64796000000.0,5607000000.0,15647000000.0,12124000000.0,56141000000.0,-0.2847733584732591,-0.0248659624873087,0.2599073959859503,0.2992602064115444,0.2335007763266051,0.1688738697597954,0.4461594666179559,0.3675952141748105,0.1462416659055621,0.2213535482692483,0.0,0.0211526166773221,0.1981104414399739,0.3753935428112846,0.045667046750285,1.2905806664467172,0.4458788076233914,2025-03-31,149131378688.0,large_cap,2025-03-31,100.79293823242188,90,-0.1166168803702816,2025-07-01,-0.0841553925886139,2025-09-30,0.2643045274242963,2026-04-01,0.09270533221805888,0.04204919517865191,-0.1480102487970948,0.28193509912190895,-0.19063525767358758,0.05836729886809966,25.72809349055197,-0.0010455937099338802,-0.0036364397784892383
CROX,2024-12-31,,4102108000.0,2410258000.0,1045993000.0,950071000.0,1089689000.0,,1338032000.0,992486000.0,-69347000.0,923139000.0,4812153000.0,1701296000.0,1835732000.0,180485000.0,872269000.0,740208000.0,3962347000.0,0.1145889504456418,0.0352722767592035,-0.0793166736864383,0.5875657101178223,0.2549891421678805,0.2316055549975768,0.2656412264133465,0.2419453607754842,0.2250401500886861,0.0169052106867981,0.0,0.3261815632352927,0.3535415436707852,0.9267670880063102,0.0375060809579412,1.1784106629487927,0.8524475427111315,2025-03-31,4717535232.0,low_cap,2025-03-31,106.1999969482422,90,0.0087570652721302,2025-07-01,-0.2132767848150044,2025-09-30,-0.2131826745784399,2026-04-01,-0.059760957789959934,-0.279511524112925,-0.2574465544978912,0.6067784366675808,-0.33491982828510236,-0.26319342042347726,22.274552303541572,-0.009859007835897873,0.00793767845586083
CSX,2024-12-31,,14540000000.0,5353000000.0,5403000000.0,3470000000.0,7045000000.0,,-50000000.0,5247000000.0,-2529000000.0,2718000000.0,42764000000.0,18989000000.0,12502000000.0,933000000.0,2820000000.0,3276000000.0,14657000000.0,-0.0131959873426243,-0.0079825339428259,0.0052134533997983,0.3681568088033012,0.371595598349381,0.2386519944979367,0.484525447042641,0.3608665749656121,0.1869325997248968,0.1739339752407152,0.0,-0.0034387895460797,0.4440417173323356,1.5188769796832506,0.021817416518567,0.8608058608058609,0.3400056121971752,2025-03-31,84842618880.0,large_cap,2025-03-31,28.98859977722168,90,0.1419999835508729,2025-07-01,0.2164467582883038,2025-09-30,0.4295274330314917,2026-04-01,-0.09132805952341516,-0.1254494921886239,-0.18946620112878887,0.21533974536226244,-0.1961152986930612,-0.10913138849917614,25.164063834624745,0.0010014048295059628,-0.0014921958223246762
CVX,2024-12-31,,193414000000.0,56926000000.0,18917000000.0,17661000000.0,45811000000.0,,4834000000.0,31492000000.0,-16448000000.0,15044000000.0,256938000000.0,24541000000.0,152318000000.0,6781000000.0,40911000000.0,38558000000.0,196913000000.0,-0.164621134665722,-0.0177692686617948,0.1468518660039272,0.2943220242588437,0.0978057431209736,0.0913119008965224,0.2368546227263797,0.1628217192137074,0.0777813395100665,0.0850403797036409,0.0,0.02499302015366,0.0955133144961041,0.1611168739085334,0.026391580848298,1.0610249494268376,0.752765258544863,2025-03-31,380594323456.0,large_cap,2025-03-31,160.0858154296875,90,-0.1192353649432715,2025-07-01,-0.0499656670654701,2025-09-30,0.2331511266768997,2026-04-01,0.1747847874592099,0.20340131060516553,0.11626533944031103,0.20805734211239219,-0.004048402743451196,0.21971941429461328,26.664999876973116,-0.0036142925343043584,-0.0013821175186286463
DDOG,2024-12-31,,2684275000.0,2168744000.0,54284000.0,183746000.0,265941000.0,1152703000.0,961757000.0,870603000.0,-95500000.0,775103000.0,5785339000.0,1842180000.0,2714363000.0,1246983000.0,4911115000.0,1862713000.0,2128359000.0,0.2705862336576921,0.2611946574802466,-0.0093915761774454,0.8079440444812845,0.0202229652326978,0.0684527479487012,0.0990736791126095,0.3243345037300574,0.2887569269169515,0.0355775768131059,0.429428057855473,0.3582930213931136,0.3184221356777882,0.6786785702575522,0.2155419068787498,2.636538747515049,0.463978861048592,2025-03-31,74032603136.0,large_cap,2025-03-31,99.20999908447266,90,0.3338373455520538,2025-07-01,0.4353391312425823,2025-09-30,0.1961495742773202,2026-04-01,-0.3276633184743858,-0.13133701182245539,-0.19674522412326667,0.4019173407981153,-0.4117402746817368,-0.11501890813300764,25.027771416041343,-0.034304525817445336,0.07542176662112175
DHR,2024-12-31,,23875000000.0,14206000000.0,4863000000.0,3899000000.0,7276000000.0,1584000000.0,7759000000.0,6688000000.0,-1392000000.0,5296000000.0,77542000000.0,17146000000.0,49543000000.0,2078000000.0,9497000000.0,6798000000.0,23890000000.0,-0.1033292046691438,-0.0006278777731267,0.102701326896017,0.5950157068062827,0.2036858638743455,0.1633089005235602,0.3047539267015707,0.2801256544502618,0.2218219895287958,0.0583036649214659,0.0663455497382198,0.3249842931937173,0.2211188775115421,0.3460832004521325,0.0267983802326481,1.3970285378052367,0.3078976554641355,2025-03-31,114595143680.0,large_cap,2025-03-31,203.59698486328125,90,-0.0174637028802965,2025-07-01,-0.0296281956619429,2025-09-30,-0.0629036406690822,2026-04-01,-0.11123897102756164,-0.2570206146508285,-0.17202974006391847,0.28382333326260983,-0.2671560666198789,-0.24070251096138073,25.46467126406388,0.0001613775311746179,-0.00013927709681587448
DPZ,2024-12-31,,4706416000.0,1848502000.0,879157000.0,584170000.0,1005817000.0,,969345000.0,624897000.0,-112885000.0,512012000.0,1737013000.0,5197241000.0,-3962291000.0,186126000.0,905278000.0,1612462000.0,4479358000.0,-0.0127392521926721,0.0506898533227306,0.0634291055154028,0.3927621357738032,0.1867996794163542,0.1241220495595799,0.2137118775730832,0.1327755557519777,0.1087902131898242,0.0239853425621534,0.0,0.205962456357449,2.992056478564064,1.3116757451686412,0.1071529113483894,0.5614259436811534,2.709488069461772,2025-03-31,10054730752.0,mid_cap,2025-03-31,451.7962951660156,90,-0.0003221326328597,2025-07-01,-0.0530926455208332,2025-09-30,-0.1997720822122467,2026-04-01,0.06634583650439607,0.0704888910227941,-0.05332981380452051,0.3526382018729236,-0.1294611082807522,0.08680699471224185,23.03130908228888,0.0035730715468273743,0.00551455994954078
DUK,2024-12-31,,30357000000.0,15197000000.0,7938000000.0,4524000000.0,14997000000.0,,,12328000000.0,-12280000000.0,48000000.0,186343000000.0,85230000000.0,50127000000.0,314000000.0,12950000000.0,19357000000.0,29060000000.0,0.0101501668520578,0.0446317962835511,0.0344816294314933,0.5006094146325395,0.2614882893566558,0.1490265836545113,0.4940211483348157,0.4061007345916922,0.0015811839114537,0.4045195506802385,0.0,0.0,0.4573823540460334,1.7002812855347418,0.0016850646388648,0.6690086273699437,0.1629092587325523,2025-03-31,94292164608.0,large_cap,2025-03-31,116.78955841064452,90,-0.0165519748996608,2025-07-01,0.0326724715784545,2025-09-30,0.1112169247119825,2026-04-01,0.13654226492046573,0.07903301616141634,0.3184256998891366,0.18193637390436562,0.0,0.09535111985086409,25.269663933080633,0.0035273854769909355,7.057107822283004e-05
DUOL,2024-12-31,,748024000.0,544379000.0,62595000.0,88574000.0,73449000.0,235298000.0,246486000.0,285513000.0,-21140000.0,264373000.0,1301728000.0,54656000.0,824550000.0,785791000.0,1101588000.0,422231000.0,531109000.0,0.4373915749874828,0.4084189874394899,-0.0289725875479929,0.7277560613028459,0.0836804701453429,0.1184106392308268,0.0981906997636439,0.3816896249318203,0.353428499620333,0.0282611253114873,0.3145594259007732,0.3295161652567297,0.0419872661569851,0.0662858528894548,0.6036522222768504,2.608969971413752,0.5746392487524276,2025-03-31,5221224448.0,low_cap,2025-03-31,310.5400085449219,90,0.297932589901015,2025-07-01,0.0363881866491742,2025-09-30,-0.6902492439150827,2026-04-01,-0.09166957964866407,0.11721117459851804,0.3953718458170521,0.6808027047262756,-0.2964498555947993,0.1335292782879658,22.375997779916425,0.04787126924612,0.14434690994719454
DXCM,2024-12-31,,4033000000.0,2438200000.0,600000000.0,576200000.0,945700000.0,552400000.0,1285800000.0,989500000.0,-358800000.0,630700000.0,6484500000.0,2587400000.0,2102600000.0,606100000.0,4301400000.0,2932000000.0,3622300000.0,0.2448621898412262,0.1133810010214504,-0.1314811888197757,0.6045623605256633,0.148772625836846,0.1428713116786511,0.2344904537565088,0.2453508554425985,0.1563848251921646,0.0889660302504339,0.1369699975204562,0.318819737168361,0.3990130310740998,1.2305716731665557,0.0934690415606446,1.4670532060027286,0.6219446372118128,2025-03-31,23781353472.0,mid_cap,2025-03-31,68.29000091552734,90,0.2238980921151343,2025-07-01,-0.0146434322242428,2025-09-30,-0.0866891478148527,2026-04-01,-0.15241403532096254,0.011254289204333023,-0.5103957341027929,0.38570538847351815,-0.5137771278080328,0.027572392893780773,23.892167642989705,0.0012760225757721807,0.017731068024852158
ECL,2024-12-31,,15741400000.0,6841700000.0,2613500000.0,2112400000.0,3846900000.0,,4228200000.0,2813900000.0,-994500000.0,1819400000.0,22387800000.0,8282700000.0,8757300000.0,1256800000.0,6025700000.0,4792800000.0,15320200000.0,0.0798150523689367,0.0274931136669234,-0.0523219387020132,0.4346309731027736,0.1660271640387767,0.1341939090551031,0.2443810588638875,0.1787579249622015,0.115580570978439,0.0631773539837625,0.0,0.2686038090639968,0.3699648915927425,0.945805213935802,0.0561377178641938,1.2572400267067267,0.7031240229053324,2025-03-31,69689556992.0,large_cap,2025-03-31,250.91552734375,90,0.0779323765507176,2025-07-01,0.0854823643882267,2025-09-30,0.0742261007054245,2026-04-01,0.06189811758486763,-0.003586216842385248,0.1046680282664405,0.20087302733931706,-0.057979674726886254,0.012731886847062501,24.96731631553921,-9.859626728193275e-05,0.0031776697755981314
ELV,2024-12-31,,176810000000.0,,,5980000000.0,,,,5808000000.0,-1256000000.0,4552000000.0,116889000000.0,31232000000.0,41315000000.0,8288000000.0,,,171340000000.0,0.094160094511319,0.0319248278277108,-0.0622352666836081,,,0.0338216164244103,,0.0328488207680561,0.0257451501611899,0.0071036706068661,0.0,0.0,0.2671936623634388,0.7559482028319012,0.0709048755657076,,1.5126316419851311,2025-03-31,85275320320.0,large_cap,2025-03-31,425.8670959472656,90,-0.0861121535630753,2025-07-01,-0.2497807745614362,2025-09-30,-0.2990770997791228,2026-04-01,0.168934636872772,-0.15704857579470155,-0.1514267744463358,0.25182340420301813,-0.2176819260071352,-0.1407304721052538,25.16915092156186,-0.0050137487428330366,0.0008219094862945485
ENPH,2024-12-31,,1330383000.0,629138000.0,90446000.0,102658000.0,210453000.0,201315000.0,337377000.0,513693000.0,-33604000.0,480089000.0,3249676000.0,1308195000.0,833016000.0,369110000.0,2327084000.0,660091000.0,2290786000.0,-0.017189844232991,-0.4192460579032698,-0.4020562136702788,0.4728999092742466,0.0679849336619605,0.0771642451835298,0.1581897844455318,0.386124146204514,0.3608652545920986,0.0252588916124153,0.1513210857324544,0.2535938898798316,0.4025616707634853,1.5704320205134117,0.1135836311066087,3.5253987707755448,0.4093894283614736,2025-03-31,6970807808.0,low_cap,2025-03-31,62.04999923706055,90,-0.3406929838771403,2025-07-01,-0.4296535080614299,2025-09-30,-0.383078174859454,2026-04-01,-0.1501164577247852,-0.4538332989727414,-0.4820534419331127,0.5141423424172331,-0.5387303206489454,-0.43751519528329363,22.664996952851126,0.19026782153955787,-0.1512913354219972
EOG,2024-12-31,,23378000000.0,15976000000.0,8253000000.0,6403000000.0,12464000000.0,,6386000000.0,12143000000.0,-6372000000.0,5771000000.0,47186000000.0,5067000000.0,29351000000.0,7092000000.0,11230000000.0,5354000000.0,23182000000.0,-0.2139563271395632,0.0084548356483478,0.222411162787911,0.6833775344340833,0.3530242107964753,0.2738899820343913,0.5331508255624946,0.5194199674908033,0.2468560184789118,0.2725639490118915,0.0,0.2731628026349559,0.1073835459670241,0.1726346632142005,0.1502988174458525,2.0974971983563693,0.4954435637689145,2025-03-31,74706477056.0,large_cap,2025-03-31,122.70361328125,90,-0.0463237971404354,2025-07-01,-0.110397010310509,2025-09-30,0.1355666800638288,2026-04-01,0.07260325526202527,0.08068128238623529,0.04339706747394567,0.24859422466051043,-0.06445365648162871,0.09699938607568304,25.036832632903273,0.0006821469824735576,0.002087127065044707
EQIX,2024-12-31,,8748000000.0,4281000000.0,1624000000.0,815000000.0,3443000000.0,,2657000000.0,3249000000.0,-3066000000.0,183000000.0,35085000000.0,18961000000.0,13528000000.0,3081000000.0,5447000000.0,3349000000.0,8188000000.0,0.127357841112488,0.0683927699071813,-0.0589650712053066,0.4893689986282579,0.1856424325560128,0.0931641518061271,0.3935756744398719,0.3713991769547325,0.0209190672153635,0.350480109739369,0.0,0.3037265660722451,0.5404303833547099,1.4016114725014783,0.0878153056861906,1.626455658405494,0.2493373236425823,2025-03-31,104486469632.0,large_cap,2025-03-31,796.87158203125,90,-0.0192409679453281,2025-07-01,-0.0283185957292708,2025-09-30,0.2498625913223893,2026-04-01,-0.13580960881181514,-0.06314781555555982,0.020692887445368013,0.2681201620415728,-0.16792941491977387,-0.04682971186611207,25.372323422762637,-0.004318854019432526,0.0014307129507332157
ETN,2024-12-31,,24878000000.0,9503000000.0,4632000000.0,3794000000.0,5617000000.0,794000000.0,4077000000.0,4327000000.0,-808000000.0,3519000000.0,38381000000.0,9821000000.0,18488000000.0,555000000.0,11801000000.0,7857000000.0,23196000000.0,0.1177717810331533,0.0725125021555441,-0.0452592788776091,0.38198408232173,0.1861886003698046,0.1525042205965109,0.2257818152584613,0.1739287724093576,0.141450277353485,0.0324784950558726,0.0319157488544095,0.1638797330975158,0.2558818165238008,0.5312094331458244,0.0144602798259555,1.501972763141148,0.6481853000182382,2025-03-31,155102560256.0,large_cap,2025-03-31,267.7791748046875,90,0.3106584605453839,2025-07-01,0.3855971357287657,2025-09-30,0.3613924665180861,2026-04-01,-0.19794913963552185,-0.17844767163478703,-0.12425258559722585,0.4516570722231934,-0.2773213363865984,-0.16212956794533928,25.767352414123547,-0.01293968717406932,0.010256913541496892
EXC,2024-12-31,,23028000000.0,9405000000.0,4307000000.0,2460000000.0,8175000000.0,,,5569000000.0,-7097000000.0,-1528000000.0,107784000000.0,46649000000.0,26921000000.0,357000000.0,8384000000.0,9611000000.0,21727000000.0,0.1388510326029981,0.0598794127122934,-0.0789716198907046,0.4084158415841584,0.1870331770019107,0.1068264721208963,0.3550026055237102,0.2418360257078339,-0.0663540038214347,0.3081900295292687,0.0,0.0,0.4328007867587026,1.7328108168344416,0.0033121799153863,0.8723337842055977,0.2136495212647517,2025-03-31,44386770944.0,mid_cap,2025-03-31,44.49633026123047,90,-0.0495334283342732,2025-07-01,-0.0057256898441641,2025-09-30,0.0985175806892157,2026-04-01,0.24188924760295483,0.1764940949093059,0.2847438100273152,0.21283896936599417,0.0,0.19281219859875365,24.51620731027645,0.010568362750357009,-0.003973238779936782
FCX,2024-12-31,,25455000000.0,7660000000.0,6864000000.0,1889000000.0,9467000000.0,,513000000.0,7160000000.0,-4808000000.0,2352000000.0,54848000000.0,9738000000.0,17581000000.0,3923000000.0,13296000000.0,5496000000.0,22855000000.0,0.0032923617208078,0.1137606650623495,0.1104683033415416,0.3009231978000393,0.2696523276370065,0.0742093891180514,0.3719112158711452,0.2812806914162247,0.0923983500294637,0.1888823413867609,0.0,0.0201532115497937,0.1775452158693115,0.5538934076559923,0.0715249416569428,2.4192139737991267,0.4641007876312719,2025-03-31,90580639744.0,large_cap,2025-03-31,37.25848007202149,90,0.168691238237153,2025-07-01,0.0439784144443475,2025-09-30,0.6389701453463044,2026-04-01,-0.030254557152367467,-0.2656260408926936,-0.16419892042537765,0.41810451142143346,-0.3030771719384707,-0.24930793720324584,25.229506337800697,-0.030217795069831667,0.01051129775001555
GD,2024-12-31,,47716000000.0,7364000000.0,4796000000.0,3782000000.0,5819000000.0,,2568000000.0,4112000000.0,-916000000.0,3196000000.0,55880000000.0,10676000000.0,22063000000.0,1697000000.0,24386000000.0,17824000000.0,42272000000.0,0.0727028192960641,0.1287850113550341,0.05608219205897,0.1543297845586386,0.1005113588733338,0.0792606253667533,0.1219507083577835,0.0861765445552854,0.0669796294743901,0.0191969150808952,0.0,0.0538184256853047,0.1910522548317824,0.4838870507183973,0.0303686471009305,1.3681552962298025,0.8539012168933429,2025-03-31,90458890240.0,large_cap,2025-03-31,266.183349609375,90,0.085969451162859,2025-07-01,0.2644036616046967,2025-09-30,0.3107858297861021,2026-04-01,0.02716634419150199,-0.08366952163646324,-0.013518923914828451,0.2232991028601106,-0.12738452943891787,-0.06735141794701549,25.228161332957114,-0.01077538029402219,0.008625972342415305
GE,2024-12-31,,38702000000.0,11965000000.0,6761000000.0,6556000000.0,9790000000.0,1286000000.0,3918000000.0,4710000000.0,-1032000000.0,3678000000.0,123140000000.0,19273000000.0,19342000000.0,13619000000.0,37635000000.0,34392000000.0,35348000000.0,0.2130821236144,0.0948851420165215,-0.1181969815978785,0.3091571495013178,0.1746938142731642,0.1693969303911942,0.2529585034365149,0.1216991369955041,0.0950338483799286,0.0266652886155754,0.0332282569376259,0.1012350782905276,0.156512912132532,0.996432633646986,0.1105976936819879,1.094295184926727,0.3142926750040604,2025-03-31,294150897664.0,large_cap,2025-03-31,199.0961761474609,90,0.2441669265411232,2025-07-01,0.5070068770100353,2025-09-30,0.4700432642111984,2026-04-01,0.16670972093946124,0.08808208536028883,0.40413262414843043,0.28574599710007675,-0.05647483848201107,0.10440018904973658,26.40735872997413,0.008357681178522374,0.009017300199906098
GILD,2024-12-31,,28754000000.0,22503000000.0,10596000000.0,480000000.0,4434000000.0,5907000000.0,6000000000.0,10828000000.0,-523000000.0,10305000000.0,58995000000.0,26711000000.0,19330000000.0,9991000000.0,19173000000.0,12004000000.0,27116000000.0,-0.0060481653898317,0.0604071396961203,0.0664553050859521,0.7826041594212979,0.3685052514432774,0.0166933296237045,0.1542046323989706,0.3765736940947346,0.3583849203589065,0.018188773735828,0.2054322876817138,0.2086666202963066,0.4527671836596322,1.3818416968442837,0.1693533350283922,1.5972175941352882,0.4873972370539876,2025-03-31,160882638848.0,large_cap,2025-03-31,109.14784240722656,90,0.004224314644547,2025-07-01,0.0045912877372411,2025-09-30,0.2854125189969738,2026-04-01,0.19517443205884044,0.3702411427320276,0.5923382426499937,0.2496999419897773,-0.03895392869239478,0.3865592464214753,25.803940984862066,0.022365208430264804,0.021649007949103412
GOOGL,2024-12-31,,350018000000.0,203712000000.0,112390000000.0,100118000000.0,135394000000.0,49326000000.0,41996000000.0,125299000000.0,-52535000000.0,72764000000.0,450256000000.0,22574000000.0,325084000000.0,23466000000.0,163711000000.0,89122000000.0,307394000000.0,0.0868277022726951,0.1386624332290156,0.0518347309563205,0.5820043540617911,0.3210977721145769,0.28603671811164,0.3868201063945283,0.3579787325223274,0.20788645155392,0.1500922809684073,0.1409241810421178,0.1199824009050963,0.0501359226751003,0.0694405138364238,0.0521170178742759,1.8369313974102917,0.7773755374720159,2025-03-31,4807165739008.0,large_cap,2025-03-31,154.1056365966797,90,0.1384691885225231,2025-07-01,0.5753492733824468,2025-09-30,0.929780254740176,2026-04-01,-0.20849654055548605,-0.04752937772470489,0.029888744730846906,0.32211244630322056,-0.2498397283414886,-0.03121127403525714,29.201128782924588,-0.006590539165168554,0.02882604120781242
GS,2024-12-31,,53512000000.0,,,14276000000.0,,,17352000000.0,-13212000000.0,-2091000000.0,-15303000000.0,1675972000000.0,342555000000.0,121996000000.0,182092000000.0,,,46254000000.0,-0.0234561384988916,0.1569161586024992,0.1803722971013908,,,0.2667812827029451,,-0.2468978920615936,-0.2859732396471819,0.0390753475855882,0.0,0.324263716549559,0.2043918394818052,2.8079199318010426,0.1086485931745876,,0.0319289343736052,2025-03-31,279805689856.0,large_cap,2025-03-31,535.2022094726562,90,0.2996420357603868,2025-07-01,0.472850814705352,2025-09-30,0.6072617166887926,2026-04-01,-0.05545341559776973,0.11027637911314914,0.34459029437297883,0.3113006644359449,-0.1832683301302095,0.12659448280259689,26.35736123441063,0.017304145795028238,-0.04487382222854771
HCA,2024-12-31,,70603000000.0,28678000000.0,10547000000.0,5760000000.0,13896000000.0,,31170000000.0,10514000000.0,-4875000000.0,5639000000.0,59513000000.0,45237000000.0,-2499000000.0,1933000000.0,16414000000.0,15177000000.0,64968000000.0,0.0786113924260787,0.0867350080039404,0.0081236155778616,0.4061867059473393,0.1493845870572072,0.08158293556931,0.1968188320609605,0.1489171848221747,0.0798691273741909,0.0690480574479838,0.0,0.4414826565443395,0.760119637726211,18.10204081632653,0.0324802984221934,1.0815049087434934,1.1863458404046174,2025-03-31,93838237696.0,large_cap,2025-03-31,343.241943359375,90,0.1294663846210202,2025-07-01,0.2380042875869805,2025-09-30,0.3831351592801577,2026-04-01,0.14391172171160105,-0.1406305191668068,0.05013918785996152,0.3291533819872999,-0.16478577951140572,-0.12431241547735905,25.26483826123464,-0.012197589205531283,0.006927449402068183
HON,2024-12-31,,34717000000.0,13357000000.0,6668000000.0,5705000000.0,8444000000.0,1454000000.0,5235000000.0,6097000000.0,-871000000.0,5226000000.0,75196000000.0,32077000000.0,18619000000.0,9906000000.0,27908000000.0,21256000000.0,33009000000.0,-0.0692776180003383,0.0517434639037839,0.1210210819041223,0.3847394648155082,0.1920672869199527,0.1643287150387418,0.2432237808566408,0.1756200132499928,0.1505314399285652,0.0250885733214275,0.0418814989774462,0.1507906789181093,0.4265785414117772,1.7228100327622322,0.1317357306239693,1.3129469326307863,0.4616867918506303,2025-03-31,135120191488.0,large_cap,2025-03-31,194.3189697265625,90,0.1333648164004268,2025-07-01,0.0043774236569649,2025-09-30,0.1679390505829341,2026-04-01,-0.08184572046220873,0.03333460455839665,0.05416415057089674,0.20546889670262122,-0.09795226634491572,0.0496527082478444,25.629430526614875,0.0017248479077143074,0.007789018128328328
IBM,2024-12-31,,62753000000.0,35551000000.0,10074000000.0,6023000000.0,12176000000.0,7479000000.0,17910000000.0,13445000000.0,-1685000000.0,11760000000.0,137175000000.0,58396000000.0,27307000000.0,13947000000.0,34482000000.0,33142000000.0,61860000000.0,0.0219725755823558,0.0144358228257355,-0.0075367527566203,0.566522716045448,0.1605341577295109,0.0959794750848565,0.1940305642758115,0.2142527050499577,0.1874013991362962,0.0268513059136615,0.1191815530731598,0.2854046818478797,0.4257043921997449,2.138499285897389,0.101673045379989,1.0404320801400035,0.4574667395662475,2025-03-31,206116847616.0,large_cap,2025-03-31,240.85592651367188,90,0.1788697864658346,2025-07-01,0.1499960658190375,2025-09-30,0.0021076693468511,2026-04-01,0.11306239777510685,0.1291653206111174,0.3470769940277012,0.3498027824091717,-0.06073882575669676,0.14548342430056516,26.051709066363614,0.0018646076835714127,0.0027052933952265135
ICE,2024-12-31,,11761000000.0,6522000000.0,4413000000.0,2754000000.0,6075000000.0,,572000000.0,4609000000.0,-752000000.0,3857000000.0,139428000000.0,20703000000.0,27647000000.0,844000000.0,89095000000.0,89553000000.0,9903000000.0,0.0277085927770859,0.187619913157629,0.1599113203805431,0.554544681574696,0.3752231953065215,0.2341637615848992,0.5165377093784542,0.3918884448601309,0.3279483037156704,0.0639401411444605,0.0,0.0486353201258396,0.1484852396936053,0.7488335081564004,0.0060533034971454,0.9948857101381304,0.0843517801302464,2025-03-31,87292510208.0,large_cap,2025-03-31,170.49717712402344,90,0.0570944117630476,2025-07-01,-0.0179423956409079,2025-09-30,-0.0728292133771588,2026-04-01,0.14544690732418597,0.09718698706082396,0.27427158806568674,0.18102280079386054,-0.021886974794145697,0.11350509075027171,25.19253050238868,0.018234214072403405,0.06152963226332582
INTC,2024-12-31,,53101000000.0,17345000000.0,-4708000000.0,-18756000000.0,1203000000.0,16546000000.0,5507000000.0,8288000000.0,-23944000000.0,-15656000000.0,196485000000.0,50011000000.0,99270000000.0,8249000000.0,47324000000.0,35666000000.0,54228000000.0,-0.139975259301551,-0.0207826215239359,0.1191926377776151,0.3266416828308318,-0.0886612304853016,-0.3532136871245362,0.022654940584923,0.1560799231652888,-0.2948343722340446,0.4509142953993333,0.3115948852187341,0.1037080280973992,0.2545283354963483,0.5037876498438602,0.0419828485635035,1.3268659227275277,0.2702547268239306,2025-03-31,546677981184.0,large_cap,2025-03-31,22.709999084472656,90,0.0061647425205222,2025-07-01,0.4773227912633182,2025-09-30,1.1149273762910927,2026-04-01,0.11105667764698501,-0.050585325583692886,-0.47573935379150645,0.6790423650481046,-0.48457122276122344,-0.03426722189424514,27.027125766170165,0.0010512956762709612,0.006127431170387384
ISRG,2024-12-31,,8352100000.0,5634200000.0,2348900000.0,2322600000.0,2848600000.0,1145300000.0,2140000000.0,2415000000.0,-1111200000.0,1303800000.0,18743200000.0,,16433700000.0,2027400000.0,7111000000.0,1745300000.0,7124100000.0,0.1449487319597571,0.1723726505804241,0.027423918620667,0.6745848349516887,0.2812346595467008,0.2780857508889979,0.341063924043055,0.2891488368194825,0.1561044527723566,0.1330443840471258,0.1371271895690904,0.2562229858358975,,,0.1081672286482564,4.074371168280525,0.445606940116949,2025-03-31,149145059328.0,large_cap,2025-03-31,495.2699890136719,90,0.0862559859638978,2025-07-01,-0.0969975550568189,2025-09-30,-0.0622286378950973,2026-04-01,-0.080841873493675,0.01838258525742331,0.2378654872740329,0.3539910014321763,-0.18868051583279621,0.03470068894687106,25.72818522183387,0.0031686549453426843,0.026908138291777742
ITW,2024-12-31,,15898000000.0,7040000000.0,4264000000.0,3488000000.0,5107000000.0,,2675000000.0,3281000000.0,-437000000.0,2844000000.0,15067000000.0,8078000000.0,3316000000.0,948000000.0,5856000000.0,4308000000.0,16107000000.0,0.0109841827768013,-0.0129757248401316,-0.023959907616933,0.4428229966033463,0.2682098377154359,0.2193986664989307,0.3212353755189332,0.2063781607749402,0.1788904264687382,0.027487734306202,0.0,0.1682601585105044,0.536138581004845,2.436067551266586,0.0629189619698679,1.3593314763231197,1.055153647043207,2025-03-31,71257530368.0,large_cap,2025-03-31,241.88961791992188,90,0.0352102680729158,2025-07-01,0.0643617988304414,2025-09-30,0.0771028983607484,2026-04-01,-0.0300028611974148,-0.036486183243484294,-0.05321113443238845,0.22076447831732005,-0.09872112307385295,-0.020168079554036544,24.98956633988588,0.0004734346742340725,-0.002321232950392142
JNJ,2024-12-31,,88821000000.0,61350000000.0,21249000000.0,14066000000.0,24781000000.0,17232000000.0,22869000000.0,24266000000.0,-6207000000.0,18059000000.0,180104000000.0,36634000000.0,71490000000.0,24105000000.0,55893000000.0,50321000000.0,85159000000.0,0.0646205775721964,0.0430019140666282,-0.0216186635055681,0.6907150336069173,0.2392339649407234,0.1583634500850024,0.2789993357426735,0.273201157383952,0.2033190349129147,0.0698821224710372,0.194008173742696,0.2574728949234978,0.2034046995069515,0.512435305637152,0.1338393372717985,1.1107291190556627,0.4931650601874472,2025-03-31,545740161024.0,large_cap,2025-03-31,161.34461975097656,90,-0.0517564931929912,2025-07-01,0.1359278584655907,2025-09-30,0.513034618036651,2026-04-01,0.1482859570453252,0.04410922330888001,0.083567191708394,0.18002300367215243,-0.011091259141710275,0.06042732699832776,27.025408803856646,0.0018967810302741716,0.008743107667434937
JPM,2024-12-31,,169439000000.0,,,58471000000.0,,,56331000000.0,-42012000000.0,,-42012000000.0,4002814000000.0,454311000000.0,344758000000.0,469317000000.0,,,154952000000.0,0.2131499213165579,0.0934934689452218,-0.1196564523713361,,,0.3450858421024675,,-0.2479476389733178,-0.2479476389733178,,0.0,0.3324559280921157,0.1134979042243781,1.3177678255471954,0.1172467668994862,,0.0423299708654961,2025-03-31,797985275904.0,large_cap,2025-03-31,239.1473846435547,90,0.1911894539590752,2025-07-01,0.3000483705393872,2025-09-30,0.228849054885855,2026-04-01,0.014094201742782975,0.18256195264745712,0.257556001930213,0.24176123555570037,-0.12377222539964206,0.19888005633690486,27.405355982977873,0.017068350250424084,-0.023181484884392957
KKR,2024-12-31,,21640288000.0,3841876000.0,926197000.0,3076245000.0,9166347000.0,,2915679000.0,6649878000.0,-141536000.0,6508342000.0,360099411000.0,50816440000.0,23651568000.0,14878493000.0,218748787000.0,53074454000.0,14322870000.0,1.5737153408698852,0.5108904849377254,-1.0628248559321598,0.1775334967815585,0.0427996614462801,0.1421536071978339,0.4235778655071504,0.3072915665447706,0.3007511729973279,0.0065403935474426,0.0,0.1347338353352783,0.1411178092707294,2.148544231824292,0.0413177376732782,4.121545687497793,0.0600953162903118,2025-03-31,90418855936.0,large_cap,2025-03-31,114.66703033447266,90,0.1474597822954739,2025-07-01,0.1272632865318037,2025-09-30,-0.2048187191746546,2026-04-01,-0.24104755338220707,-0.11780447398393623,0.1569028278220681,0.45434493052728353,-0.30714427568413205,-0.10148637029448848,25.22771866595689,-0.060185184841486834,0.15365091261819458
KMB,2024-12-31,,16805000000.0,6289000000.0,2797000000.0,2545000000.0,3469000000.0,,3930000000.0,3234000000.0,-721000000.0,2513000000.0,16546000000.0,7534000000.0,840000000.0,1010000000.0,5580000000.0,7004000000.0,17146000000.0,-0.1501363073110284,-0.0198880205295696,0.1302482867814588,0.3742338589705445,0.1664385599523951,0.1514430229098482,0.20642665873252,0.1924427253793514,0.1495388277298423,0.042903897649509,0.0,0.2338589705444808,0.4553366372537169,8.969047619047618,0.0610419436721866,0.7966876070816676,1.0156533301099964,2025-03-31,31836399616.0,mid_cap,2025-03-31,136.1641082763672,90,-0.0659038548235469,2025-07-01,-0.1088091073933752,2025-09-30,-0.2834381913860145,2026-04-01,0.07781534831950454,0.01820238965126464,0.15724407733840606,0.186548738220055,-0.03514234259794269,0.03452049334071239,24.183876114141928,-0.0003620094990715764,-0.0029740312758588755
KO,2024-12-31,,47061000000.0,28737000000.0,14022000000.0,10631000000.0,15817000000.0,,14582000000.0,6805000000.0,-2064000000.0,4741000000.0,100549000000.0,44522000000.0,24856000000.0,10828000000.0,25997000000.0,25249000000.0,45754000000.0,0.063947539763743,0.0285658084539057,-0.0353817313098372,0.6106330082233696,0.2979537196404666,0.225898302203523,0.3360957055736172,0.144599562270245,0.10074159070143,0.0438579715688149,0.0,0.3098531692909202,0.4427890879073884,1.791197296427422,0.1076887885508558,1.0296249356410154,0.4680404578862047,2025-03-31,347726643200.0,large_cap,2025-03-31,69.60231018066406,90,0.0078132929894987,2025-07-01,-0.0602656125005672,2025-09-30,0.0930671932235687,2026-04-01,0.15308472029532294,0.018147480884304512,0.20861952701368924,0.20001798447321167,-0.0023712360018450784,0.03446558457375226,26.57468250000181,0.0005183974628619579,0.002877764983318817
LIN,2024-12-31,,33005000000.0,15862000000.0,8595000000.0,6565000000.0,12836000000.0,150000000.0,3337000000.0,9423000000.0,-4497000000.0,4926000000.0,80147000000.0,22609000000.0,38092000000.0,4850000000.0,12945000000.0,14544000000.0,32854000000.0,-0.015285936938017,0.0045960918000851,0.0198820287381021,0.480593849416755,0.2604150886229359,0.198909256173307,0.3889107710952886,0.2855021966368732,0.1492501136191486,0.1362520830177246,0.0045447659445538,0.1011058930465081,0.2820941519957078,0.5935367006195527,0.0605138058816923,0.8900577557755776,0.41180580682995,2025-03-31,233998581760.0,large_cap,2025-03-31,459.4429016113281,90,0.0271250296827803,2025-07-01,0.0266188199621055,2025-09-30,0.0748451762783521,2026-04-01,0.10104005877664601,-0.027133652938730046,0.011297698006789592,0.1540229633333407,-0.036673284847782206,-0.010815549249282297,26.178580891431043,-0.00012470875977805214,0.0006859672233667384
LLY,2024-12-31,,45043000000.0,36625000000.0,17040000000.0,10590000000.0,18807000000.0,10991000000.0,8594000000.0,8818000000.0,-8404000000.0,414000000.0,78715000000.0,33644000000.0,14272000000.0,3268000000.0,32740000000.0,28376000000.0,34124000000.0,0.195596571997169,0.3199800726761224,0.1243835006789533,0.8131119152809537,0.3783051750549475,0.2351086739337965,0.4175343560597651,0.1957684878893501,0.0091912172812645,0.1865772706080856,0.2440112781120262,0.1907954621139799,0.4274153592072667,2.3573430493273544,0.0415168646382519,1.1537919368480405,0.572228927142222,2025-03-31,896128712704.0,large_cap,2025-03-31,818.430908203125,90,-0.0586256183454131,2025-07-01,-0.0722435359916331,2025-09-30,0.164276287902042,2026-04-01,0.041797783187795146,-0.0886557549165844,0.06823103798715957,0.3200261388125085,-0.13678518696288755,-0.07233765122713665,27.521349892175728,-0.02836807490136517,0.0029410063736410464
LMT,2024-12-31,,71043000000.0,6930000000.0,7013000000.0,5336000000.0,8815000000.0,,,6972000000.0,-1685000000.0,5287000000.0,55617000000.0,20270000000.0,6333000000.0,2483000000.0,21849000000.0,19420000000.0,67571000000.0,0.0240512851600387,0.0513829897441209,0.0273317045840821,0.0975465563109665,0.0987148628295539,0.0751094407612291,0.1240797826668355,0.098137747561336,0.074419717635798,0.023718029925538,0.0,0.0,0.3644569106568135,3.200694773409127,0.0446446230469101,1.1250772399588054,1.277361238470252,2025-03-31,118973136896.0,large_cap,2025-03-31,434.8303833007813,90,0.0502328592397163,2025-07-01,0.1334327869234437,2025-09-30,0.4204159561251335,2026-04-01,-0.08158025330518792,-0.215743160212728,0.003601295223798928,0.30061383425433413,-0.2632237910031373,-0.19942505652328024,25.502163564205,-0.011085528588574835,0.0038239075880405816
MA,2024-12-31,,28167000000.0,21494000000.0,16327000000.0,12874000000.0,16797000000.0,,4270000000.0,14780000000.0,-1194000000.0,13586000000.0,48081000000.0,18226000000.0,6485000000.0,8442000000.0,19724000000.0,19220000000.0,25098000000.0,0.1286594414714215,0.1222806598135308,-0.0063787816578906,0.7630915610466148,0.5796499449710655,0.4570596797671033,0.5963361380338694,0.5247275180175383,0.4823374871303298,0.0423900308872084,0.0,0.1515958391024958,0.3790686549780578,2.810485736314572,0.1755787109253135,1.026222684703434,0.5858239221314032,2025-03-31,436667154432.0,large_cap,2025-03-31,544.0384521484375,90,0.0317184243362278,2025-07-01,0.0407995668605218,2025-09-30,-0.0978458468623976,2026-04-01,0.02383265499185727,0.11885048254718833,0.1533304608520918,0.20123744096353802,-0.04891477795503241,0.13516858623663608,26.802437081492723,0.014533115425026716,0.05898054617909715
MCD,2024-12-31,,25920000000.0,14710000000.0,11851000000.0,8223000000.0,13948000000.0,,2412000000.0,9447000000.0,-2775000000.0,6672000000.0,55182000000.0,51948000000.0,-3796000000.0,1085000000.0,4599000000.0,3861000000.0,25495000000.0,0.0997756880338194,0.0166699352814276,-0.0831057527523917,0.5675154320987654,0.4572145061728395,0.3172453703703703,0.5381172839506173,0.3644675925925926,0.2574074074074074,0.1070601851851851,0.0,0.0930555555555555,0.9413939328041752,13.684931506849315,0.0196622086912398,1.191142191142191,0.4697183864303577,2025-03-31,196376723456.0,large_cap,2025-03-31,305.3070678710937,90,-0.0422344307478922,2025-07-01,-0.0160751844556471,2025-09-30,0.0064949058914853,2026-04-01,0.06571754905998328,0.040880805786390084,0.13455309608310873,0.21071823543696228,-0.027763114111742038,0.057198909475837834,26.003300709835052,0.0006814803867117336,0.004290964822441549
MDLZ,2024-12-31,,36441000000.0,14257000000.0,6665000000.0,4611000000.0,8071000000.0,,7439000000.0,4910000000.0,-1387000000.0,3523000000.0,68497000000.0,18372000000.0,26932000000.0,1351000000.0,13242000000.0,19549000000.0,36016000000.0,0.143510287020574,0.011800310972901,-0.1317099760476729,0.3912351472242803,0.1828983836887023,0.1265333004033917,0.2214812985373617,0.1347383441727724,0.096676820065311,0.0380615241074613,0.0,0.2041381959880354,0.2682161262537045,0.6821624832912521,0.0197234915397754,0.6773748017801422,0.5320087011109975,2025-03-31,77583794176.0,large_cap,2025-03-31,65.66332244873047,90,0.0234565868633958,2025-07-01,-0.0654022489424713,2025-09-30,-0.1308694478659051,2026-04-01,0.15067079270201922,-0.06745608958706995,-0.004967633155413598,0.25081509910856364,-0.0845772879946538,-0.051137985897622196,25.074624404387762,-0.0007960028341432944,0.001140816540641865
META,2024-12-31,,164501000000.0,134340000000.0,69380000000.0,62360000000.0,86876000000.0,43873000000.0,21087000000.0,91328000000.0,-37256000000.0,54072000000.0,276054000000.0,49060000000.0,182637000000.0,43889000000.0,100045000000.0,33596000000.0,134902000000.0,0.1568746837722645,0.2194111280781605,0.062536444305896,0.8166515705071702,0.4217603540404009,0.3790858414234564,0.5281183701010936,0.5551820353675662,0.3287031689776962,0.2264788663898699,0.2667035458751011,0.1281876705916681,0.1777188521086454,0.2686202686202686,0.15898700978794,2.9778842719371355,0.5959015265129286,2025-03-31,1559175626752.0,large_cap,2025-03-31,574.5675048828125,90,0.2488260212706696,2025-07-01,0.2760099786333003,2025-09-30,0.0081147568324255,2026-04-01,-0.043883762215762845,0.01672660215465349,0.17130890045841585,0.330773320725298,-0.21691832410421175,0.03304470584410124,28.075178353124304,0.0036700026476671125,0.07212113310826253
MMM,2024-12-31,,24575000000.0,10128000000.0,4822000000.0,4173000000.0,7373000000.0,1085000000.0,4221000000.0,1819000000.0,-1181000000.0,638000000.0,39868000000.0,13044000000.0,3842000000.0,5600000000.0,15884000000.0,11256000000.0,24610000000.0,-0.0592867245135889,-0.00142218610321,0.0578645384103788,0.4121261444557477,0.1962156663275686,0.1698067141403865,0.3000203458799593,0.0740183112919633,0.0259613428280773,0.048056968463886,0.0441505595116988,0.1717599186164801,0.3271796929868566,3.3951067152524725,0.1404635296478378,1.4111584932480454,0.6164091501956457,2025-03-31,76263563264.0,large_cap,2025-03-31,144.20262145996094,90,0.0524533030815528,2025-07-01,0.0667338732504427,2025-09-30,0.0072632420231686,2026-04-01,0.12505284215496237,0.06403714872731636,0.7176153360813227,0.2540856282472306,-0.053249074959464515,0.08035525241676411,25.05746111548749,-9.107274300918127e-05,-3.692186099076213e-05
MRK,2024-12-31,,64168000000.0,48975000000.0,20221000000.0,17117000000.0,25706000000.0,17938000000.0,10816000000.0,21468000000.0,-3372000000.0,18096000000.0,117106000000.0,37111000000.0,46313000000.0,13242000000.0,38782000000.0,28420000000.0,60115000000.0,0.0140343774775231,0.0674207768443815,0.0533863993668584,0.7632308939035033,0.3151259194614138,0.2667528986410672,0.4006046627602543,0.3345592818850517,0.2820097244732577,0.052549557411794,0.2795474379753148,0.1685575364667747,0.3169009273649514,0.8013084878975666,0.1130770413129984,1.3646023926812103,0.5479480129113794,2025-03-31,275089031168.0,large_cap,2025-03-31,86.6136245727539,90,-0.079444033232502,2025-07-01,-0.0462599782023904,2025-09-30,0.3951615226122673,2026-04-01,-0.09346703589304939,-0.19303067481173874,-0.29851738972305186,0.2858305160477006,-0.30903483017412015,-0.176712571122291,26.340360631919175,-0.01301427805060261,0.019013314701657017
MRNA,2024-12-31,,3199000000.0,1735000000.0,-3945000000.0,-3561000000.0,-3394000000.0,4543000000.0,1174000000.0,-3004000000.0,-1051000000.0,-4055000000.0,14142000000.0,747000000.0,10901000000.0,1927000000.0,8099000000.0,2206000000.0,6754000000.0,-0.6421721854304636,-0.5263547527391176,0.115817432691346,0.5423569865582994,-1.23319787433573,-1.1131603626133166,-1.060956548921538,-0.939043451078462,-1.267583619881213,0.3285401688027509,1.4201312910284465,0.3669896842763364,0.0528213831141281,0.0685258233189615,0.1362607834818271,3.671350861287398,0.226205628623957,2025-03-31,19458398208.0,mid_cap,2025-03-31,28.350000381469727,90,0.0119929505471938,2025-07-01,-0.0888889038396911,2025-09-30,0.7647265645893162,2026-04-01,-0.29878802454917597,-0.5565462185806606,-0.7436476958110145,0.8575522113852653,-0.8298421446635039,-0.5402281148912128,23.691544598291784,0.29294074726891445,0.6671986628187314
MS,2024-12-31,,57621000000.0,,,13390000000.0,,,27143000000.0,1362000000.0,-3462000000.0,-2100000000.0,1215071000000.0,310421000000.0,104511000000.0,75743000000.0,,,50667000000.0,0.0091017725552677,0.1372490970454141,0.1281473244901463,,,0.2323805557001787,,0.0236372155984797,-0.0364450460769511,0.0600822616754308,0.0,0.4710608979365162,0.2554756059522448,2.9702232300906126,0.0623362749995679,,0.0474219202005479,2025-03-31,303643099136.0,large_cap,2025-03-31,113.0135726928711,90,0.2188386958272561,2025-07-01,0.3829488659051916,2025-09-30,0.462494856684184,2026-04-01,-0.08266559456896305,0.13169123975251318,0.2892346943526882,0.3380730183843296,-0.17302236609507582,0.14800934344196093,26.439118832655986,0.018074503744823577,-0.00500204966584005
NEE,2024-12-31,,24753000000.0,14867000000.0,7127000000.0,6946000000.0,14033000000.0,,,13260000000.0,-8514000000.0,4746000000.0,190144000000.0,82333000000.0,50101000000.0,1487000000.0,11951000000.0,25355000000.0,28114000000.0,0.3415728192403131,-0.1195489791562922,-0.4611217983966054,0.60061406698178,0.2879246959964449,0.2806124510160384,0.566921181270957,0.5356926433159617,0.191734335232093,0.3439583080838686,0.0,0.0,0.4330034079434534,1.6433404522863817,0.0078203887579939,0.4713468743837507,0.1301802844160215,2025-03-31,194687483904.0,large_cap,2025-03-31,68.84262084960938,90,0.0389499896933951,2025-07-01,0.081807180046413,2025-09-30,0.3487284087710316,2026-04-01,-0.012379433398814643,-0.137873016145999,0.1426279782489719,0.29177611471868103,-0.15775354648655615,-0.12155491245655126,25.994661463252097,0.016482578333453173,-0.022921644046207026
NEM,2024-12-31,,18682000000.0,7143000000.0,5910000000.0,3348000000.0,7528000000.0,197000000.0,442000000.0,6363000000.0,-3402000000.0,2961000000.0,56349000000.0,8972000000.0,29928000000.0,3619000000.0,12275000000.0,7543000000.0,11812000000.0,-0.0086445656735207,0.5816119200812733,0.5902564857547941,0.3823466438282839,0.3163472861577989,0.1792099346964993,0.4029547157691896,0.3405952253506049,0.1584948078364201,0.1821004175141847,0.0105449095385932,0.0236591371373514,0.159221991517152,0.2997861534349104,0.0642247422314504,1.6273366034734191,0.3315409324034144,2025-03-31,116427300864.0,large_cap,2025-03-31,47.66048431396485,90,0.2242215607443947,2025-07-01,0.7602820894339721,2025-09-30,1.3875124760783453,2026-04-01,0.2750493557096225,-0.12019242110739525,0.40108591116777004,0.31461165756768955,-0.1674213617617849,-0.1038743174179475,25.480532888247875,-0.06990534481948911,0.09218246950865272
NET,2024-12-31,,1669626000.0,1290924000.0,-154761000.0,-78800000.0,62047000.0,421374000.0,1024311000.0,380429000.0,-213514000.0,166915000.0,3301162000.0,1463213000.0,1046201000.0,147691000.0,2268997000.0,793654000.0,1296745000.0,0.3296662055840555,0.287551523237028,-0.0421146823470275,0.773181538859601,-0.0926920160562904,-0.0471961984300675,0.0371622147714518,0.2278528245247738,0.0999714906212529,0.1278813339035209,0.2523762806760316,0.6134972742398597,0.4432418039466103,1.398596445616091,0.0447390949005229,2.8589246699443334,0.5057691806703215,2025-03-31,69830787072.0,large_cap,2025-03-31,112.69000244140624,90,0.6412280853788064,2025-07-01,0.9042505252359704,2025-09-30,0.822965553511241,2026-04-01,0.0007104327379545694,0.3682613113924942,0.1671672592386788,0.6055524386714496,-0.36152973121016285,0.38457941508194193,24.969340824999605,0.10589410104017719,0.02874695440841753
NFLX,2024-12-31,,39000966000.0,17962502000.0,10417614000.0,8711631000.0,26314821000.0,2925295000.0,4619593000.0,7361364000.0,-439538000.0,6921826000.0,53630374000.0,15582804000.0,24743567000.0,7804733000.0,13100379000.0,10755400000.0,33723297000.0,0.0666680478435453,0.156499199944774,0.0898311521012287,0.4605655665041732,0.2671116915411787,0.2233696211524606,0.6747222876479521,0.1887482479280128,0.1774783219472051,0.0112699259808077,0.0750057062689165,0.1184481686940779,0.2905593013392,0.6297719322359626,0.1455282224957073,1.2180280603231866,0.7272178635189082,2025-03-31,366423670784.0,large_cap,2025-03-31,93.25299835205078,90,0.3871940087329828,2025-07-01,0.2856637363915817,2025-09-30,0.0246319661597937,2026-04-01,0.009078677190774043,0.3107825269132871,0.5199419323907046,0.3933648710884173,-0.11909127324403213,0.32710063060273487,26.627056071327782,0.048637216818744625,0.027775215392278618
NOC,2024-12-31,,41033000000.0,8362000000.0,4370000000.0,4174000000.0,7007000000.0,,3992000000.0,4388000000.0,-1767000000.0,2621000000.0,49359000000.0,16490000000.0,15290000000.0,4353000000.0,14274000000.0,14128000000.0,39290000000.0,0.0734386099120267,0.0443624331891066,-0.0290761767229201,0.2037871956717764,0.1064996466258864,0.1017230034362586,0.170764994029196,0.1069383179392196,0.0638754173470133,0.0430629005922062,0.0,0.0972875490458898,0.3340829433335359,1.078482668410726,0.0881906035373488,1.0103340883352208,0.8313174902246804,2025-03-31,76796076032.0,large_cap,2025-03-31,503.9123840332031,90,-0.0118535378778394,2025-07-01,0.200452562320432,2025-09-30,0.3831769610847155,2026-04-01,0.08909747614346752,-0.014938839491263067,0.09103251775367638,0.2693565832143412,-0.05038368934120363,0.001379264198184682,25.064419382461395,-0.000662723268853945,0.002833668934483178
NOW,2024-12-31,,10984000000.0,8697000000.0,1364000000.0,1425000000.0,2325000000.0,2543000000.0,4790000000.0,4267000000.0,-892000000.0,3375000000.0,20383000000.0,2278000000.0,9609000000.0,2304000000.0,9187000000.0,8358000000.0,8971000000.0,0.2382332643202207,0.2243897001449113,-0.0138435641753094,0.791788055353241,0.1241806263656227,0.129734158776402,0.2116715222141296,0.3884741442097597,0.3072651128914785,0.0812090313182811,0.2315185724690459,0.4360888565185725,0.1117597998331943,0.2370694140909564,0.1130353726144336,1.0991864082316345,0.5388804395820046,2025-03-31,98046451712.0,large_cap,2025-03-31,159.22799682617188,90,0.2709951140211857,2025-07-01,0.1559273709685116,2025-09-30,-0.3465973133537119,2026-04-01,-0.2756503338306867,-0.10026446716802162,0.04893276432861082,0.4119319484742729,-0.31976522854221,-0.08394636347857387,25.308707200377086,-0.022498313723021676,0.06894712654671119
NSC,2024-12-31,,12123000000.0,4543000000.0,4877000000.0,2622000000.0,5489000000.0,,-61000000.0,4052000000.0,-2381000000.0,1671000000.0,43682000000.0,17478000000.0,14306000000.0,1641000000.0,3188000000.0,3545000000.0,12156000000.0,-0.0462142016477049,-0.0027147087857848,0.0434994928619201,0.3747422255217355,0.4022931617586406,0.2162830982430091,0.4527757155819517,0.3342406994968242,0.1378371690175699,0.1964035304792543,0.0,-0.0050317578157221,0.4001190421683989,1.2217251502865931,0.0375669612197243,0.8992947813822285,0.2775285014422416,2025-03-31,70960480256.0,large_cap,2025-03-31,231.1185302734375,90,0.1145743489092985,2025-07-01,0.2823509248025826,2025-09-30,0.2364377340791825,2026-04-01,0.003998405966965102,-0.020140050017123934,-0.0379970199760683,0.2176585764284024,-0.14033094565745352,-0.0038219463276761845,24.985388942906795,5.467437072763166e-05,-0.0003741877737397015
NXPI,2024-12-31,,12614000000.0,7119000000.0,3472000000.0,2510000000.0,4422000000.0,2347000000.0,1164000000.0,2782000000.0,-876000000.0,1906000000.0,24385000000.0,10854000000.0,9183000000.0,3031000000.0,7305000000.0,3098000000.0,13276000000.0,0.0053767512305944,-0.0498644169930702,-0.0552411682236646,0.5643729189789123,0.2752497225305216,0.1989852544791501,0.3505628666560964,0.2205485967972094,0.1511019502140478,0.0694466465831615,0.1860631044870778,0.0922784208022831,0.4451096985851958,1.1819666775563542,0.1242977240106622,2.357972885732731,0.5172852163215091,2025-03-31,73595314176.0,large_cap,2025-03-31,186.5047912597656,90,0.1693219004713986,2025-07-01,0.2093355536687322,2025-09-30,0.0486593964154467,2026-04-01,-0.11181573217055596,-0.20795496452386397,-0.21200936812357218,0.3903149850720277,-0.33726039302262356,-0.19163686083441622,25.021847194567513,0.010369553066797073,-0.007534610653939412
O,2024-12-31,,5271142000.0,4893467000.0,2320928000.0,860772000.0,4327660000.0,,176895000.0,3573276000.0,,3573276000.0,68835039000.0,26757140000.0,38840738000.0,444962000.0,4019349000.0,2398472000.0,4078993000.0,0.2199109304984536,0.2922655174941462,0.0723545869956925,0.9283504409480906,0.4403083809922024,0.1632989587455621,0.8210099443346432,0.6778940882260429,0.6778940882260429,,0.0,0.0335591414535977,0.3887139513351623,0.6888937074264655,0.0064641788028913,1.6757956732452994,0.0765764366022949,2025-03-31,56993943552.0,large_cap,2025-03-31,54.41383743286133,90,0.0152388546451862,2025-07-01,0.0778336150747662,2025-09-30,0.1323413810221223,2026-04-01,0.10905973945355418,-0.04545775753926473,0.14103522064870622,0.19441443148160856,-0.08218936750548733,-0.029139653849816982,24.766210845661977,-0.013285735031336633,0.19812506650160683
OPEN,2024-12-31,,5153000000.0,433000000.0,-303000000.0,-392000000.0,-205000000.0,141000000.0,595000000.0,-595000000.0,-25000000.0,-620000000.0,3126000000.0,2317000000.0,713000000.0,671000000.0,2997000000.0,529000000.0,6946000000.0,-0.5537997045031156,-0.2581341779441405,0.295665526558975,0.0840287211333204,-0.0588006986221618,-0.0760721909567242,-0.0397826508829807,-0.1154667184164564,-0.1203182612070638,0.0048515427906074,0.0273627013390258,0.1154667184164564,0.7412028150991683,3.249649368863955,0.2146513115802943,5.665406427221172,1.648432501599488,2025-03-31,4225546496.0,low_cap,2025-03-31,1.0199999809265137,90,-0.4460784233519315,2025-07-01,6.813725430614348,2025-09-30,3.480392408939294,2026-04-01,-0.40350879639053794,-0.5119617115716861,-0.6542373001900802,0.7049477772182294,-0.6633663397499406,-0.4956436078822384,22.164414437556477,0.13215481555543238,0.031058255448353788
ORLY,2024-12-31,,16708479000.0,8554489000.0,3251157000.0,2386680000.0,3729504000.0,,5303332000.0,3049576000.0,-1023387000.0,2026189000.0,14893741000.0,7920850000.0,-1370961000.0,130245000.0,5839895000.0,8283505000.0,15812250000.0,0.0973215562122047,0.0566794099511454,-0.0406421462610593,0.5119849029944616,0.1945812661942478,0.1428424454434183,0.2232102634835882,0.1825166731214732,0.1212671123445766,0.0612495607768965,0.0,0.3174036368002138,0.5318240729444671,5.777589588617036,0.0087449486331204,0.7050028943062145,1.1218456800074608,2025-03-31,73332998144.0,large_cap,2025-03-31,95.50533294677734,90,-0.0524089366775641,2025-07-01,0.1288374610313487,2025-09-30,-0.0356559614797004,2026-04-01,0.18710944186370693,0.23538747096837098,0.2616070326259219,0.198522625951193,0.0,0.25170557465781873,25.01827652385658,0.013341622964379634,0.006873348374169862
PEP,2024-12-31,,91854000000.0,50110000000.0,12920000000.0,9578000000.0,16680000000.0,,37190000000.0,12507000000.0,-5318000000.0,7189000000.0,99467000000.0,44948000000.0,18041000000.0,8505000000.0,25826000000.0,31536000000.0,91471000000.0,0.0587901657560885,0.0041871194148965,-0.0546030463411919,0.5455396607659982,0.1406580007403052,0.1042741742330219,0.1815925272715396,0.136161734927167,0.0782655083066605,0.0578962266205064,0.0,0.4048816600256929,0.4518885660570843,2.491436173161133,0.0855057456241768,0.8189370877727042,0.9234620527411102,2025-03-31,203838226432.0,large_cap,2025-03-31,144.16519165039062,90,-0.0880076333534787,2025-07-01,-0.0438182220382916,2025-09-30,0.0727276960968499,2026-04-01,-0.007703417936811063,-0.10098586947068411,-0.10740676743221311,0.23252635863489624,-0.15391077601909398,-0.08466776578123636,26.040592508507427,-0.00042283989469090523,0.0003277070293475615
PFE,2024-12-31,,63627000000.0,45776000000.0,14830000000.0,8031000000.0,18127000000.0,10930000000.0,14730000000.0,12744000000.0,-2909000000.0,9835000000.0,213396000000.0,63649000000.0,88203000000.0,1043000000.0,50358000000.0,42995000000.0,59554000000.0,-0.4113763281443044,0.0683917117238137,0.4797680398681182,0.719443003756267,0.233077152781052,0.1262200009429959,0.284894777374385,0.20029232872837,0.154572744275229,0.0457195844531409,0.1717824194131422,0.2315054929511056,0.2982670715477328,0.7216194460505878,0.0048876267596393,1.1712524712175834,0.2981639768318057,2025-03-31,144366927872.0,large_cap,2025-03-31,23.241491317749023,90,0.0070123391136895,2025-07-01,0.042388923972332,2025-09-30,0.2084587617719313,2026-04-01,-0.03016097425515052,-0.09703041744623642,-0.0306597559648476,0.18701003478370515,-0.16664455370829523,-0.08071231375678867,25.69562400581611,-0.0066360763384243045,0.010571494566830235
PGR,2024-12-31,,75343000000.0,,,8480000000.0,,,,15119000000.0,-285000000.0,14834000000.0,105745000000.0,6893000000.0,25591000000.0,143000000.0,,,62083000000.0,0.2520015326597697,0.2135850393827618,-0.0384164932770079,,,0.1125519291772294,,0.2006689407111477,0.1968862402612054,0.0037827004499422,0.0,0.0,0.0651851151354674,0.269352506740651,0.0013523098018818,,0.7124970447775308,2025-03-31,116709515264.0,large_cap,2025-03-31,265.6647644042969,90,-0.0657785834680309,2025-07-01,-0.1267668109886582,2025-09-30,-0.2725418632757527,2026-04-01,0.18613934235249396,0.14339742091064078,0.40113981707269475,0.20676220567398682,-0.028191840890214648,0.15971552460008853,25.482953909024715,0.03062754379258568,0.04205195538011346
PLD,2024-12-31,,8201610000.0,6144369000.0,3098041000.0,3731635000.0,7532693000.0,,418765000.0,4912209000.0,,4912209000.0,95328909000.0,31494568000.0,53951138000.0,1318591000.0,2422879000.0,2642298000.0,8023469000.0,0.3431340283362449,0.0222024912167044,-0.3209315371195405,0.7491662002948202,0.3777357128661324,0.4549881059938231,0.9184407695562212,0.5989322828078877,0.5989322828078877,,0.0,0.0510588774643027,0.3303779339381719,0.5837609579245576,0.0138320160571647,0.9169590258176784,0.0860348669258346,2025-03-31,131021455360.0,large_cap,2025-03-31,108.03670501708984,90,-0.0375046599410038,2025-07-01,0.0434217875290057,2025-09-30,0.2341176252086159,2026-04-01,0.05515394474084223,-0.09152598307434345,-0.1028788031987885,0.2766268122527245,-0.13432991297809327,-0.0752078793848957,25.598626928110903,-0.002032104835308346,0.013297788748442842
PNC,2024-12-31,,20809000000.0,,,5889000000.0,,,7664000000.0,7880000000.0,,7880000000.0,560038000000.0,61673000000.0,54425000000.0,46251000000.0,,,21509000000.0,0.0187079662782987,-0.032544516249012,-0.0512524825273107,,,0.2830025469748666,,0.3786823009274833,0.3786823009274833,,0.0,0.368302176942669,0.1101228845185505,1.1331740927882408,0.0825854674147111,,0.0371564072437941,2025-03-31,85469020160.0,large_cap,2025-03-31,168.29885864257812,90,0.1066902129300029,2025-07-01,0.1650686686430393,2025-09-30,0.2337867240200355,2026-04-01,-0.09011222843014088,-0.025172246628093586,0.13928481120919822,0.2303402251050817,-0.17572619393435474,-0.008854142938645837,25.17141980991916,0.0008192185894121293,-0.012324032295747732
PYPL,2024-12-31,,31797000000.0,14658000000.0,5763000000.0,4147000000.0,6743000000.0,2979000000.0,4148000000.0,7450000000.0,-683000000.0,6767000000.0,78725000000.0,9879000000.0,20417000000.0,6662000000.0,58206000000.0,45490000000.0,29771000000.0,0.0818736826804273,0.0680528030633838,-0.0138208796170435,0.4609868855552411,0.1812435135390131,0.1304211089096455,0.2120640311979117,0.23429883322326,0.2128188193854766,0.0214800138377834,0.0936880837814888,0.1304525584174607,0.1254874563353445,0.4838614879757065,0.0846236900603366,1.2795339635084635,0.4038996506827564,2025-03-31,39174303744.0,mid_cap,2025-03-31,64.90299987792969,90,0.1538696639906636,2025-07-01,0.0277393844056741,2025-09-30,-0.31235842484853,2026-04-01,-0.2597004903470458,-0.18518983945771572,-0.01982875797278072,0.40670913544877274,-0.28929311241486333,-0.16887173576826797,24.3912868520631,-0.012602687673955589,0.014482917203821683
REGN,2024-12-31,,14202000000.0,12231500000.0,3990700000.0,4412600000.0,5318000000.0,5233000000.0,2954400000.0,4420500000.0,-881600000.0,3538900000.0,37759400000.0,2704400000.0,29353600000.0,2488200000.0,18660900000.0,3944300000.0,13117200000.0,0.077573955261277,0.0827005763425121,0.005126621081235,0.8612519363469934,0.2809956344176876,0.3107027179270525,0.3744543022109562,0.3112589776087875,0.2491832136318828,0.0620757639769046,0.3684692296859597,0.2080270384452894,0.0716219007717283,0.0921317998473781,0.0658961741976832,4.731105646122252,0.3761182645910687,2025-03-31,73203851264.0,large_cap,2025-03-31,630.7836303710938,90,-0.1553534049511943,2025-07-01,-0.1108024870246128,2025-09-30,0.2321974803669828,2026-04-01,-0.11390705367010512,-0.3893562098574328,-0.3428076167670824,0.3227427668714415,-0.4715708726140626,-0.37303810616798505,25.016513869425843,-0.03219998295774578,0.020607595382236027
RTX,2024-12-31,,80738000000.0,15410000000.0,6538000000.0,4774000000.0,12528000000.0,2934000000.0,5806000000.0,7159000000.0,-3236000000.0,3923000000.0,162861000000.0,42893000000.0,60156000000.0,5578000000.0,51133000000.0,51499000000.0,68920000000.0,0.0275218415481408,0.1714741729541498,0.1439523314060089,0.1908642770442666,0.0809779781515519,0.0591295300849661,0.1551685699422824,0.0886695236443805,0.048589264039238,0.0400802596051425,0.0363397656617701,0.0719116153484109,0.2633718324215128,0.7130294567457943,0.0342500660072086,0.9928930658847744,0.4957479077249925,2025-03-31,230525255680.0,large_cap,2025-03-31,130.26112365722656,90,0.0941041911172029,2025-07-01,0.2752807758135871,2025-09-30,0.4948435554194648,2026-04-01,0.13747759999008657,0.11236235937871664,0.38907251389879427,0.22304983331431233,-0.023588403327223673,0.12868046306816439,26.163626262491487,0.01926724264564239,0.008331803865579149
RUN,2024-12-31,,2037719000.0,328554000.0,-573039000.0,-2846167000.0,-2912792000.0,39304000.0,862289000.0,-766153000.0,-2701024000.0,-3467177000.0,19897884000.0,13022460000.0,2554207000.0,574956000.0,1722636000.0,1334482000.0,2259813000.0,-0.0265393366651991,-0.0982798134181899,-0.0717404767529907,0.161236166517562,-0.281215908572281,-1.3967416508360573,-1.429437523034334,-0.3759855995846336,-1.701499078135896,1.3255134785512626,0.0192882335591904,0.4231638415306527,0.6544645651768801,5.098435639711268,0.028895333795292,1.2908649198715307,0.1024088289991036,2025-03-31,3337304320.0,low_cap,2025-03-31,5.860000133514404,90,0.5426620743831774,2025-07-01,1.9505120344012776,2025-09-30,1.414675647804828,2026-04-01,-0.4180734547066244,-0.6842672251005444,-0.5526717585593723,0.7498779019456139,-0.727441854255144,-0.6679491214110966,21.928429228242322,0.06724965521106406,0.167223011930418
SCHW,2024-12-31,,19606000000.0,,,5942000000.0,,,6440000000.0,2670000000.0,-620000000.0,2050000000.0,479843000000.0,45134000000.0,48375000000.0,42083000000.0,,,18837000000.0,-0.0927174645987862,0.0408239103891276,0.1335413749879139,,,0.3030704886259308,,0.1361828011833112,0.1045598286238906,0.0316229725594205,0.0,0.3284708762623686,0.0940599321027919,0.933002583979328,0.087701602399118,,0.040859197695913,2025-03-31,158052630528.0,large_cap,2025-03-31,77.05207824707031,90,0.1684043658168776,2025-07-01,0.2269630679933501,2025-09-30,0.1943840061310755,2026-04-01,0.04650177191055471,0.2344804062598418,0.09676837131031157,0.2811562705318995,-0.06097602475756325,0.25079850994928954,25.786193919113952,0.009572407093158016,0.004268541074044249
SEDG,2024-12-31,,901456000.0,-877204000.0,-1474846000.0,-1806357000.0,-1640364000.0,277237000.0,294320000.0,-313319000.0,-118163000.0,-431482000.0,2646453000.0,757699000.0,658342000.0,274611000.0,2050565000.0,1057337000.0,2976528000.0,-0.0430028945956295,-0.6971451301650782,-0.6541422355694486,-0.9730968566408122,-1.6360709785058838,-2.0038215952858485,-1.819682824231022,-0.3475699313111233,-0.478650094957491,0.1310801636463676,0.3075435739514741,0.3264940274400525,0.286307370658009,1.150920038521012,0.1037656818390502,1.9393674864305328,0.3406280028400277,2025-03-31,3756131840.0,low_cap,2025-03-31,16.18000030517578,90,0.3510506920916942,2025-07-01,1.2867737516768871,2025-09-30,2.205809515052493,2026-04-01,0.10973939573677494,-0.25127256602550574,-0.7678289605631805,0.875615660363845,-0.7755583142307424,-0.234954462336058,22.046655498847855,0.1751734457487644,0.3336885827526671
SHAK,2024-12-31,,1252608000.0,573918000.0,50953000.0,10207000.0,120895000.0,,242116000.0,171155000.0,-135499000.0,35656000.0,1696971000.0,809623000.0,470018000.0,320714000.0,368216000.0,187313000.0,1087533000.0,0.20771783237052,0.151788497452491,-0.0559293349180289,0.4581784564684242,0.0406775304005722,0.0081485987635397,0.0965146318720621,0.1366389165644798,0.0284654097690578,0.108173506795422,0.0,0.1932895207439199,0.4770989015133435,1.7225361581896863,0.1889920334525457,1.9657792037925823,0.7381434332112924,2025-03-31,2584431616.0,low_cap,2025-03-31,88.16999816894531,90,0.5694681610138883,2025-07-01,0.0616990195574518,2025-09-30,0.0285811991016748,2026-04-01,-0.33426459873440995,-0.1692264161807867,-0.15448792480758966,0.5615522913595871,-0.3645863241613081,-0.15290831249133896,21.67277144297386,-0.025686623441351527,0.004320721778214743
SHOP,2024-12-31,,8880000000.0,4472000000.0,1302000000.0,2019000000.0,1338000000.0,1367000000.0,1803000000.0,1616000000.0,-19000000.0,1597000000.0,13924000000.0,1126000000.0,11558000000.0,1489000000.0,7254000000.0,1956000000.0,7060000000.0,0.2607142857142857,0.2577903682719547,-0.002923917442331,0.5036036036036036,0.1466216216216216,0.2273648648648648,0.1506756756756756,0.1819819819819819,0.1798423423423423,0.0021396396396396,0.1539414414414414,0.2030405405405405,0.0808675667911519,0.0974216992559266,0.1069376615914967,3.708588957055215,0.6377477736282677,2025-03-31,130128805888.0,large_cap,2025-03-31,95.4800033569336,90,0.1800376435655353,2025-07-01,0.5564515645731778,2025-09-30,0.2413070012157649,2026-04-01,-0.13168421105947214,0.18241490225304768,0.2144492498263686,0.5512889780025193,-0.261619324417131,0.19873300594249543,25.59179061139235,0.04702480483010578,0.04636162366332337
SHW,2024-12-31,,23098500000.0,11195100000.0,3761900000.0,2681400000.0,4491500000.0,,7434500000.0,3153200000.0,-1070000000.0,2083200000.0,23632600000.0,11913300000.0,4051200000.0,210400000.0,5400800000.0,6808700000.0,23051900000.0,0.040769519028033,0.0020215253406443,-0.0387479936873886,0.4846678355737385,0.1628633893975799,0.1160854600948113,0.1944498560512587,0.1365110288546875,0.0901876745243197,0.0463233543303677,0.0,0.3218607268870272,0.5041044997164933,2.940684241706161,0.0089029560860844,0.7932204385565527,0.9773998629012466,2025-03-31,74015350784.0,large_cap,2025-03-31,346.09796142578125,90,0.0197263224611579,2025-07-01,-0.0040665948442712,2025-09-30,-0.0589369239122901,2026-04-01,0.012859664972990847,-0.08681674433585296,0.015015710858625075,0.21454061624949292,-0.12448237560339337,-0.07049864064640521,25.02753835166428,-0.00017550224866716424,0.0001823166694646926
SLB,2024-12-31,,36289000000.0,7460000000.0,6326000000.0,4461000000.0,8069000000.0,749000000.0,385000000.0,6602000000.0,-2129000000.0,4473000000.0,48935000000.0,12074000000.0,21130000000.0,3544000000.0,18570000000.0,12811000000.0,33135000000.0,0.1795592894521376,0.0951863588350687,-0.0843729306170688,0.2055719363994599,0.1743227975419548,0.1229298134420898,0.2223538813414533,0.1819284080575381,0.1232604921601587,0.0586679158973793,0.0206398633194631,0.0106092755380418,0.2467354654133033,0.5714150496923806,0.0724226014100337,1.4495355553820934,0.7415755594155512,2025-03-31,82796298240.0,large_cap,2025-03-31,40.56017303466797,90,-0.150799437127643,2025-07-01,-0.1641878764246507,2025-09-30,0.2334759700491111,2026-04-01,0.11558488963713964,0.028853080843878498,-0.2184528569832468,0.2845507899522984,-0.22298192512667114,0.04517118453332625,25.13964919009185,0.0027464197067026655,0.011732717436944038
SO,2024-12-31,,26724000000.0,13363000000.0,7068000000.0,4401000000.0,13238000000.0,,,9788000000.0,-8955000000.0,833000000.0,145180000000.0,66277000000.0,33208000000.0,1070000000.0,10694000000.0,15993000000.0,25253000000.0,-0.1375046961986407,0.0582505048905079,0.1957552010891486,0.5000374195479719,0.26448136506511,0.164683430624158,0.4953599760514893,0.3662625355485706,0.0311704834605597,0.3350920520880108,0.0,0.0,0.4565160490425679,1.995814261623705,0.0073701611792257,0.6686675420496467,0.1840749414519906,2025-03-31,104331722752.0,large_cap,2025-03-31,89.02820587158203,90,0.0122504682235697,2025-07-01,0.0475795701555517,2025-09-30,0.0888684264988617,2026-04-01,0.11938864605362687,0.051104248534331154,0.3389950662222285,0.217267560395841,-0.0108649602510138,0.0674223522237789,25.370841301817517,0.002976848279174788,0.0018156963992588284
SRE,2024-12-31,,13185000000.0,6092000000.0,2962000000.0,2862000000.0,5596000000.0,,,4907000000.0,-8215000000.0,-3308000000.0,96155000000.0,35848000000.0,31242000000.0,1565000000.0,5285000000.0,9676000000.0,16720000000.0,0.1579749290117045,-0.2114234449760765,-0.3693983739877811,0.4620401971937808,0.224649222601441,0.2170648464163822,0.4244216913158892,0.3721653394008343,-0.2508911642017444,0.6230565036025787,0.0,0.0,0.3728147262232853,1.1474297420139556,0.0162758046903437,0.5461967755270773,0.1371223545317456,2025-03-31,59113189376.0,large_cap,2025-03-31,69.24793243408203,90,0.0768029183167675,2025-07-01,0.2718656437280373,2025-09-30,0.4066846509075945,2026-04-01,-0.1780232996203669,-0.11514938694861376,0.033688481397234904,0.4671440468161027,-0.23494075224170452,-0.09883128325916601,24.802719906950326,0.024345280075559184,0.05304427424959129
SYK,2024-12-31,,22595000000.0,14440000000.0,4666000000.0,2993000000.0,4951000000.0,1466000000.0,7685000000.0,4242000000.0,-755000000.0,3487000000.0,42971000000.0,13597000000.0,20634000000.0,3652000000.0,14847000000.0,7616000000.0,20498000000.0,0.1110629302401213,0.1023026636745048,-0.0087602665656165,0.6390794423545032,0.2065058641292321,0.132462934277495,0.2191192741757026,0.1877406505864129,0.1543261783580438,0.0334144722283691,0.0648816109758796,0.3401194954635981,0.3164227036838798,0.6589609382572453,0.0849875497428498,1.9494485294117647,0.5258197388936725,2025-03-31,117599756288.0,large_cap,2025-03-31,368.6932678222656,90,0.0680688509661302,2025-07-01,-0.0025413569569802,2025-09-30,-0.1065744274580114,2026-04-01,0.012335632091061255,0.0372474716037825,0.047341694722712324,0.20595495288409488,-0.06699210197693839,0.05356557529323025,25.49055280002784,0.003810515560207429,0.015787979120734597
TMO,2024-12-31,,42879000000.0,17702000000.0,7717000000.0,6335000000.0,11535000000.0,1390000000.0,8595000000.0,8667000000.0,-1400000000.0,7267000000.0,97321000000.0,31275000000.0,49585000000.0,4009000000.0,22137000000.0,13332000000.0,42857000000.0,-0.045819881999332,0.0005133350444501,0.0463332170437822,0.4128361202453415,0.1799715478439329,0.1477413185941836,0.2690128034702301,0.2021269152732106,0.169476900114275,0.0326500151589356,0.0324168007649432,0.2004477716364654,0.3213592133249761,0.6307351013411314,0.0411935758983158,1.6604410441044104,0.4405934998612837,2025-03-31,162896560128.0,large_cap,2025-03-31,495.7756958007813,90,-0.1521165328805167,2025-07-01,-0.0233952894750805,2025-09-30,-0.0024924320944443,2026-04-01,-0.05531169825013549,-0.19527385721312618,-0.13863747636175539,0.2463190606442736,-0.20105784145263128,-0.17895575352367843,25.816381235867368,-0.00010024091417244261,8.699843205342652e-05
TRV,2024-12-31,,46428000000.0,,,4999000000.0,,,5819000000.0,9074000000.0,,9074000000.0,133189000000.0,8033000000.0,27864000000.0,568000000.0,,,41373000000.0,0.1213410667823069,0.1221811326227249,0.0008400658404179,,,0.1076720944257775,,0.19544240544499,0.19544240544499,,0.0,0.1253338502627724,0.0603127885936526,0.2882931380993396,0.0042646164473042,,0.3485873458018305,2025-03-31,63742373888.0,large_cap,2025-03-31,260.3329772949219,90,0.0137689170656523,2025-07-01,0.0644472346640461,2025-09-30,0.1159938391138433,2026-04-01,0.08949219898445415,0.1296477630187023,0.17618677710198827,0.22071171745496243,-0.002527068171791491,0.14596586670815004,24.878115388542998,0.015840510527627673,0.023879374459778693
TSLA,2024-12-31,,97690000000.0,17450000000.0,7760000000.0,7130000000.0,14708000000.0,4540000000.0,5150000000.0,14923000000.0,-11342000000.0,3581000000.0,122070000000.0,13623000000.0,72913000000.0,16139000000.0,58360000000.0,28821000000.0,96773000000.0,0.1879526650462792,0.0094757835346634,-0.1784768815116157,0.1786262667622069,0.0794349472822192,0.0729859760466782,0.1505578871941857,0.1527587265840925,0.0366567714197973,0.1161019551642952,0.0464735387450097,0.0527177807349779,0.1115999016957483,0.1868391096237982,0.1322110264602277,2.024912390270983,0.8002785287130335,2025-03-31,1585816797184.0,large_cap,2025-03-31,259.1600036621094,90,0.1603256181734789,2025-07-01,0.7160055368749156,2025-09-30,0.4711375381160612,2026-04-01,-0.42932640240544073,0.019431997552063374,0.44113885905191186,0.7097492524615939,-0.45992578757689173,0.03575010124151112,28.092120719974798,0.00018413340244946162,0.00034735163105363516
TXN,2024-12-31,,15641000000.0,9094000000.0,5341000000.0,4799000000.0,7541000000.0,1959000000.0,1794000000.0,6318000000.0,-4820000000.0,1498000000.0,35509000000.0,13596000000.0,16903000000.0,3200000000.0,15026000000.0,3643000000.0,17519000000.0,-0.1252746155382464,-0.1071978994234831,0.0180767161147633,0.5814206252797136,0.3414743302857873,0.3068218144619909,0.4821302985742599,0.4039383671120772,0.0957739274982418,0.3081644396138354,0.1252477463077808,0.1146985486861453,0.3828888450815286,0.804354256640833,0.0901179982539637,4.124622563821027,0.4404798783407023,2025-03-31,275512393728.0,large_cap,2025-03-31,173.31854248046875,90,0.1811098441322542,2025-07-01,0.038602102864049,2025-09-30,0.1268709605511382,2026-04-01,-0.055813594696744295,-0.12921386560033365,0.06859984080044956,0.34232359243845123,-0.17822485460533521,-0.1128957619108859,26.341898450836055,0.013851454968744029,-0.010266763847348486
UBER,2024-12-31,,43978000000.0,17327000000.0,2799000000.0,9856000000.0,5385000000.0,3109000000.0,7976000000.0,7137000000.0,-242000000.0,6895000000.0,51244000000.0,11126000000.0,21558000000.0,5893000000.0,12245000000.0,11476000000.0,37281000000.0,0.1695266179376979,0.1796357393846732,0.0101091214469752,0.3939924507708399,0.0636454590931829,0.224112056028014,0.1224475874300786,0.1622856882986948,0.1567829369230069,0.0055027513756878,0.0706944381281549,0.1813634089772158,0.2171181016314105,0.5160961128119491,0.1149988291312153,1.06700941094458,0.8582077901803138,2025-03-31,152853118976.0,large_cap,2025-03-31,72.86000061035156,90,0.2644797760313033,2025-07-01,0.3446335492726315,2025-09-30,-0.0157837155674621,2026-04-01,0.1835607372478596,-0.049941344492470674,-0.06721290435253491,0.4175052725313379,-0.15612689714260874,-0.033623240803022925,25.75274329054448,-0.008971250343769646,0.028163818797064925
UNH,2024-12-31,,400278000000.0,89399000000.0,32287000000.0,14405000000.0,28076000000.0,,,24204000000.0,-3499000000.0,20705000000.0,298278000000.0,76904000000.0,92658000000.0,25312000000.0,85779000000.0,103769000000.0,371622000000.0,0.1464082773428101,0.0771106123964673,-0.0692976649463428,0.2233422771174034,0.0806614402989922,0.0359874886953567,0.0701412518299781,0.0604679747575435,0.0517265500477168,0.0087414247098266,0.0,0.0,0.2578265913007329,0.829976904314792,0.0848604322142431,0.8266341585637329,1.341962866855752,2025-03-31,357672681472.0,large_cap,2025-03-31,509.3861389160156,90,-0.3728777978577803,2025-07-01,-0.3318469538356648,2025-09-30,-0.4621368936945097,2026-04-01,0.029029342831325744,-0.08142544764060766,0.0791439991196976,0.29591230415233283,-0.15552858290154992,-0.06510734395115991,26.602884107557905,-0.0062787661322237405,0.003988665951335957
UNP,2024-12-31,,24250000000.0,11039000000.0,9713000000.0,6747000000.0,12461000000.0,,,9346000000.0,-3452000000.0,5894000000.0,67715000000.0,32463000000.0,16890000000.0,1016000000.0,4021000000.0,5254000000.0,24119000000.0,-0.030391959798995,0.005431402628633,0.035823362427628,0.4552164948453608,0.4005360824742268,0.2782268041237113,0.5138556701030927,0.3854020618556701,0.2430515463917525,0.1423505154639175,0.0,0.0,0.4794063353762091,1.92202486678508,0.0150040611385955,0.7653216596878569,0.3581185852469911,2025-03-31,160635043840.0,large_cap,2025-03-31,230.79666137695312,90,0.0032055159865895,2025-07-01,0.0128988217902361,2025-09-30,0.05339476605386,2026-04-01,0.03174577188932082,-0.01776313760124426,-0.012588904104500642,0.21194158975853497,-0.06708792835467392,-0.0014450339117965116,25.802400820384182,-9.647875226016777e-05,0.00132011080796548
UPS,2024-12-31,,91070000000.0,16356000000.0,8468000000.0,5782000000.0,11917000000.0,,,10122000000.0,-3909000000.0,6213000000.0,70070000000.0,25652000000.0,16718000000.0,6112000000.0,19310000000.0,16441000000.0,90958000000.0,-0.0934840239988837,0.0012313375404031,0.0947153615392869,0.179598111342923,0.0929834193477544,0.063489623366641,0.1308553859668386,0.1111452728670253,0.0682222466234764,0.0429230262435489,0.0,0.0,0.3660910518053375,1.5343940662758704,0.08722705865563,1.174502767471565,1.2997002997002998,2025-03-31,84091117568.0,large_cap,2025-03-31,102.95353698730467,90,-0.0345594881878502,2025-07-01,-0.2134946198869065,2025-09-30,-0.0489884415123808,2026-04-01,-0.11709167795465403,-0.152948611503691,-0.2150376422702842,0.35750465759545913,-0.24053579717851248,-0.13663050781424324,25.155166780844418,-0.00018833136709702413,8.400461335812512e-05
UPST,2024-12-31,,628834000.0,,,-128581000.0,,,555731000.0,186331000.0,-9990000.0,176341000.0,2366958000.0,1452446000.0,633218000.0,793607000.0,,,508119000.0,-0.39347903934301,0.2375723009767396,0.6310513403197496,,,-0.20447526692259,,0.2963119042545409,0.2804253586797151,0.0158865455748257,0.0,0.8837483342185696,0.6136340399787407,2.2937534940573387,0.3352856282198501,,0.2656718032174631,2025-03-31,2824448512.0,low_cap,2025-03-31,46.02999877929688,90,0.4803389354052314,2025-07-01,0.1036280813439669,2025-09-30,-0.4490549362830345,2026-04-01,-0.3609607169321932,0.12570309284351966,0.6340077619677662,0.9623208914008281,-0.48146895888283037,0.1420211965329674,21.761578965496348,0.029863573006727692,0.06662129771376743
URI,2024-12-31,,15345000000.0,6150000000.0,4068000000.0,2575000000.0,6982000000.0,,1645000000.0,4546000000.0,-4127000000.0,419000000.0,28163000000.0,14789000000.0,8622000000.0,457000000.0,3249000000.0,3323000000.0,14332000000.0,0.231059955334135,0.0706809935807981,-0.1603789617533368,0.4007820136852394,0.2651026392961876,0.1678071032909742,0.4550016291951775,0.2962528510915607,0.0273053111762789,0.2689475399152818,0.0,0.1072010426849136,0.5251216134644746,1.715263279981443,0.0162269644569115,0.9777309659945832,0.5448638284273692,2025-03-31,60212740096.0,large_cap,2025-03-31,619.9398803710938,90,0.2383343859637032,2025-07-01,0.53008571840669,2025-09-30,0.1775854218159818,2026-04-01,-0.13485099679019685,-0.2158887991414924,-0.1219252108933162,0.36784238070203745,-0.28506133549040025,-0.19957069545204464,24.821149796372485,-0.015259234826286034,0.0019299665239722636
USB,2024-12-31,,27335000000.0,,,6299000000.0,,,11173000000.0,11350000000.0,,11350000000.0,678318000000.0,65626000000.0,58578000000.0,56502000000.0,,,28013000000.0,0.1583278200463116,-0.0242030485845857,-0.1825308686308974,,,0.2304371684653375,,0.4152185842326687,0.4152185842326687,,0.0,0.4087433693067496,0.0967481328816277,1.120318208201031,0.0832972145807718,,0.0402982082150259,2025-03-31,82458165248.0,large_cap,2025-03-31,40.501651763916016,90,0.1133015894394648,2025-07-01,0.1697807297830467,2025-09-30,0.3024160176844037,2026-04-01,-0.11910027843435911,-0.036361842587731785,0.004513908106821951,0.26436036247741107,-0.19543622075884903,-0.020043738898284036,25.135556913771467,0.0008800674427759299,-0.01004955556740617
VRTX,2024-12-31,,11020100000.0,9489600000.0,-233400000.0,-535600000.0,486300000.0,8258700000.0,1464300000.0,-492600000.0,-485400000.0,-978000000.0,22533200000.0,1744300000.0,16409600000.0,4569600000.0,9596400000.0,3564600000.0,9869200000.0,0.1050869472717703,0.1166153284967372,0.0115283812249669,0.8611174127276522,-0.0211794811299353,-0.0486020997994573,0.0441284561846081,-0.0447001388372156,-0.0887469260714512,0.0440467872342356,0.7494215116015281,0.1328753822560593,0.0774102213622565,0.106297533151326,0.202794099373369,2.692139370476351,0.4890605861573145,2025-03-31,110900281344.0,large_cap,2025-03-31,484.8200073242188,90,-0.0673652142418048,2025-07-01,-0.1921950234480897,2025-09-30,-0.0774720452769512,2026-04-01,0.18061613181572578,0.04678832713658143,0.16174637883478904,0.24285331318472483,-0.06177184563493621,0.06310643082602918,25.431897268215653,0.005456236138845247,-0.010349251936897933
WFC,2024-12-31,,82296000000.0,,,19722000000.0,,,37231000000.0,3035000000.0,,3035000000.0,1929845000000.0,175782000000.0,179120000000.0,203361000000.0,,,82597000000.0,0.1106524311531842,-0.0036442001525479,-0.1142966313057322,,,0.239647127442403,,0.0368790706717215,0.0368790706717215,,0.0,0.4524035190045689,0.0910860716793317,0.9813644484144708,0.1053768566905632,,0.0426438392720658,2025-03-31,224679100416.0,large_cap,2025-03-31,69.86528778076172,90,0.1413437660082579,2025-07-01,0.1808743829978498,2025-09-30,0.146663626496784,2026-04-01,0.005357142661095438,0.28675526550635433,0.2764238266316219,0.2894621516172635,-0.11392252327900176,0.3030733691958021,26.137939000757157,-0.00104499358230217,-0.00013439471496771226
WING,2024-12-31,,625807000.0,300869000.0,164578000.0,108717000.0,187972000.0,,116801000.0,157610000.0,-51929000.0,105681000.0,716246000.0,1265429000.0,-675586000.0,315910000.0,395618000.0,87443000.0,460055000.0,0.2867915451120353,0.360287356946452,0.0734958118344166,0.4807696302534168,0.262985233466548,0.1737228890057158,0.3003673656574631,0.2518508102338261,0.1688715530507009,0.0829792571831251,0.0,0.1866406096448266,1.7667519260142466,1.8730835156441965,0.4410635452065352,4.524295826995871,0.8737319300910581,2025-03-31,3518718208.0,low_cap,2025-03-31,224.0274200439453,90,0.4883581856550747,2025-07-01,0.1177088517593238,2025-09-30,-0.3549688966541775,2026-04-01,-0.22345063913869367,-0.4699526498071349,-0.38141203382050937,0.49247168430865407,-0.47254040428607935,-0.45363454611768717,21.981362614784814,-0.16931799808899417,0.060842285512079576
WM,2024-12-31,,22063000000.0,8680000000.0,4149000000.0,2746000000.0,6323000000.0,,2213000000.0,5390000000.0,-3231000000.0,2159000000.0,44567000000.0,23900000000.0,8252000000.0,414000000.0,4774000000.0,6258000000.0,20426000000.0,0.0369580668088129,0.0801429550572798,0.0431848882484668,0.393418846031818,0.1880523954131351,0.124461768571817,0.2865884059284775,0.2443004124552418,0.0978561392376376,0.1464442732176041,0.0,0.1003036758373747,0.5362712320775461,2.8962675714978188,0.00928938452218,0.7628635346756152,0.4950523930262301,2025-03-31,88274386944.0,large_cap,2025-03-31,228.0543670654297,90,-0.0082772578276489,2025-07-01,-0.0392281535693274,2025-09-30,0.0129163627624162,2026-04-01,0.13339615919477743,0.13543080025927057,0.09764698512234449,0.1841053669172442,-0.0060360327767067234,0.15174890394871832,25.203715833893924,0.010853824538550157,0.007842480169000904
XOM,2024-12-31,,339247000000.0,76742000000.0,39652000000.0,33680000000.0,73311000000.0,,9976000000.0,55022000000.0,-24306000000.0,30716000000.0,453475000000.0,41710000000.0,263705000000.0,23029000000.0,91990000000.0,70307000000.0,334697000000.0,-0.1604765786668338,0.0135943853694535,0.1740709640362874,0.226212759434866,0.1168823895273944,0.099278696642859,0.2160991843700902,0.1621886118373928,0.0905416997055243,0.0716469121318685,0.0,0.0294063027823385,0.0919786096256684,0.1581691663032555,0.0507833948949776,1.3084045685351386,0.7481051877170737,2025-03-31,654570029056.0,large_cap,2025-03-31,114.20423889160156,90,-0.0730168753003711,2025-07-01,-0.0343286629187377,2025-09-30,0.3983375484952947,2026-04-01,0.12680822913723055,0.07251606376210162,0.06936036239860832,0.2189666812323414,-0.03501789754658624,0.08883416745154937,27.207244412838527,0.0009858113162578713,0.0012308587578022318
YUM,2024-12-31,,7549000000.0,3584000000.0,2403000000.0,1486000000.0,2564000000.0,,1181000000.0,1689000000.0,-257000000.0,1432000000.0,6727000000.0,12286000000.0,-7648000000.0,616000000.0,1871000000.0,1269000000.0,7076000000.0,0.0342005261619409,0.0668456755228943,0.0326451493609534,0.4747648695191416,0.3183203073254735,0.1968472645383494,0.3396476354484037,0.223738243475957,0.1896939992051927,0.0340442442707643,0.0,0.156444562193668,1.8263713393786236,1.6064330543933054,0.0915712799167533,1.4743892828999212,1.1221941430057976,2025-03-31,41334915072.0,mid_cap,2025-03-31,154.38934326171875,90,-0.0397331108927996,2025-07-01,-0.0246117338699315,2025-09-30,-0.004464986370905,2026-04-01,0.1625264017076331,0.15064594666915632,0.1684166061079031,0.2752988181916703,-0.031809531501124755,0.16696405035860407,24.44497338102211,0.010070030069885664,0.01268022351951048
ZTS,2024-12-31,,9256000000.0,6537000000.0,3392000000.0,2486000000.0,3855000000.0,686000000.0,2318000000.0,2953000000.0,-655000000.0,2298000000.0,14237000000.0,6744000000.0,4770000000.0,1985000000.0,5986000000.0,3412000000.0,8544000000.0,0.0574257425742574,0.0833333333333332,0.0259075907590757,0.7062445980985307,0.3664649956784788,0.2685825410544512,0.4164866032843561,0.3190363007778738,0.2482713915298185,0.0707649092480553,0.0741140881590319,0.2504321521175454,0.4736953009763293,1.4138364779874213,0.1394254407529676,1.754396248534584,0.6501369670576667,2025-03-31,31115112448.0,mid_cap,2025-03-31,161.58607482910156,90,-0.0298985665795222,2025-07-01,-0.1053466550767939,2025-09-30,-0.2772765624727035,2026-04-01,-0.0022489125717689573,-0.15051517595976005,-0.012485920072169754,0.25876288923509577,-0.1574760844635058,-0.1341970722703123,24.16095946890932,-0.012542931329979985,0.02068928262748484
ADSK,2025-01-31,,6131000000.0,5553000000.0,1369000000.0,1112000000.0,1549000000.0,1485000000.0,2650000000.0,1607000000.0,-102000000.0,1505000000.0,10833000000.0,2559000000.0,2621000000.0,1599000000.0,3482000000.0,5151000000.0,5497000000.0,0.0983016983016982,0.1153356376205203,0.0170339393188221,0.9057250040776382,0.2232914695808188,0.181373348556516,0.2526504648507584,0.2621105855488501,0.2454738215625509,0.0166367639862991,0.2422117109770021,0.4322296525852226,0.2362226530047078,0.9763449065242272,0.1476045416782054,0.6759852455833819,0.5659558755654021,2025-05-01,49961189376.0,mid_cap,2025-05-01,273.489990234375,90,0.0860360511151876,2025-08-01,0.0997477046816905,2025-10-30,-0.0948846315216275,2026-05-04,-0.11763194236721874,-0.04547675303266585,0.26160158582164406,0.35311636363720905,-0.14872225982260534,-0.0131183131845658,24.63451232848567,-0.005245090307933446,0.028311879729062635
ASAN,2025-01-31,,723876000.0,646683000.0,-266735000.0,-255536000.0,-229545000.0,341467000.0,571951000.0,14925000.0,-12282000.0,2643000.0,891415000.0,263090000.0,227523000.0,184728000.0,600741000.0,415817000.0,652504000.0,0.1924153710079457,0.1093817049397398,-0.0830336660682058,0.893361570213683,-0.3684816183987313,-0.3530107366455028,-0.3171054158447027,0.0206181721731346,0.0036511778260365,0.0169669943470981,0.4717202946360979,0.7901228939763164,0.2951375060998525,1.1563226574895724,0.2072300780220211,1.4447244821640288,0.8120527475979201,2025-05-01,1476145920.0,low_cap,2025-05-01,16.049999237060547,90,-0.1271027479844493,2025-08-01,-0.1476634918718423,2025-10-30,-0.5501557549286247,2026-05-04,-0.24824360888579666,0.33749993642171217,0.045602530175559375,0.8402262949344192,-0.41678782812183135,0.3698583762698122,21.112700420026805,0.03691631846286066,0.000399372055650045
CHWY,2025-01-31,,11861300000.0,3467700000.0,112600000.0,392700000.0,271800000.0,,3355100000.0,596300000.0,-143800000.0,452500000.0,3014500000.0,502400000.0,261500000.0,595800000.0,1662400000.0,2206700000.0,11147700000.0,0.1016602431070263,0.0640132045175239,-0.0376470385895024,0.2923541264448248,0.0094930572534207,0.0331076694797366,0.0229148575619873,0.0502727357035063,0.0381492753745373,0.012123460328969,0.0,0.2828610691914039,0.1666611378338033,1.9212237093690248,0.197644717200199,0.7533420945302941,3.9347487145463593,2025-05-01,8866885632.0,low_cap,2025-05-01,36.369998931884766,90,-0.0126477618361815,2025-08-01,-0.0522407964525936,2025-10-30,-0.324718169171812,2026-05-04,-0.08618091384237692,0.35708955101723605,1.3062776078728384,0.4747271055958264,-0.08618091384237692,0.3894479908653361,22.905589459099374,0.022858446460337117,0.0024420573667455945
CRM,2025-01-31,,37895000000.0,29252000000.0,7666000000.0,6197000000.0,11143000000.0,5493000000.0,15192000000.0,13092000000.0,-658000000.0,12434000000.0,102928000000.0,11392000000.0,61173000000.0,8848000000.0,29727000000.0,27980000000.0,34857000000.0,0.111795100791018,0.0871560949020282,-0.0246390058889898,0.7719224172054361,0.202295817390157,0.1635308088138276,0.2940493468795355,0.3454809341601794,0.3281171658530149,0.0173637683071645,0.1449531600474996,0.4008972159915556,0.1106793098087983,0.1862259493567423,0.0859630032644178,1.0624374553252325,0.3681699829006684,2025-05-01,141940506624.0,large_cap,2025-05-01,267.3349304199219,90,-0.0675467358505923,2025-08-01,-0.0439066939374985,2025-10-30,-0.306188699560538,2026-05-04,-0.21485237708427496,-0.08070606142079106,-0.01753106430169138,0.39411602482723607,-0.2658793054538857,-0.04834762157269101,25.678673839319675,-0.007034025148359383,0.0285974108460699
CRWD,2025-01-31,,3953624000.0,2963452000.0,-116400000.0,-15241000.0,298831000.0,1075587000.0,2004265000.0,1381727000.0,-313821000.0,1067906000.0,8701578000.0,788901000.0,3279494000.0,4323295000.0,6113345000.0,3461050000.0,3055555000.0,0.3633347849133246,0.293913544347917,-0.0694212405654075,0.7495533212060631,-0.0294413429299296,-0.0038549442233252,0.0755840717276099,0.3494836635957288,0.2701081337021426,0.0793755298935862,0.2720509082300188,0.5069437559059738,0.0906618316815639,0.2405557076792944,0.4968403432113117,1.766326692766646,0.4543571292471319,2025-05-01,151215063040.0,large_cap,2025-05-01,431.8800048828125,90,0.0342224659910044,2025-08-01,0.2472908830820916,2025-10-30,0.0865054758941661,2026-05-04,0.08821531029395979,0.4332934899278422,0.4204709667971289,0.6393184252120491,-0.05156355679918201,0.4656519297759423,25.741968919010198,0.12735082536757059,0.07938843893359779
FIVE,2025-01-31,,3876527000.0,1352662000.0,323817000.0,253611000.0,491264000.0,,861398000.0,430648000.0,-323994000.0,106654000.0,4339574000.0,1981567000.0,1808327000.0,331718000.0,1351367000.0,756442000.0,3559369000.0,0.1570262145402865,0.0891051194748282,-0.0679210950654582,0.3489365609990592,0.0835327601226561,0.0654222194247583,0.1267278674958281,0.1110911906456475,0.0275127710963963,0.0835784195492511,0.0,0.2222086935032311,0.4566270790635209,1.0958012571841265,0.0764402220125754,1.7864780115329395,0.8932966692122314,2025-05-01,11813208064.0,mid_cap,2025-05-01,75.36000061035156,90,0.766985172288047,2025-08-01,1.0808120526614498,2025-10-30,2.0666136442649043,2026-05-04,-0.21614311328500269,-0.17277714739194883,-0.48811302821974234,0.8056487183872317,-0.48643861394797183,-0.14041870754384878,23.19248406989575,-0.015395328360879602,0.002451528755627992
GTLB,2025-01-31,,759249000.0,674109000.0,-142715000.0,-6326000.0,-131729000.0,239652000.0,577172000.0,-63971000.0,-3765000.0,-67736000.0,1399263000.0,275000.0,775909000.0,227649000.0,1336317000.0,545031000.0,579906000.0,0.3666198484220051,0.3092621907688486,-0.0573576576531564,0.8878628750251893,-0.1879686374298813,-0.0083319174605432,-0.1734990760606863,-0.0842556262833405,-0.0892144737760602,0.0049588474927197,0.3156434845485473,0.7601880279065234,0.0001965320315051,0.0003544230057906,0.1626920743276996,2.451818336938633,0.542606357775486,2025-05-01,3995034624.0,low_cap,2025-05-01,46.959999084472656,90,-0.1094548443325669,2025-08-01,0.0110732637968813,2025-10-30,-0.476362848552129,2026-05-04,-0.32314786763472814,-0.1284335903203545,-0.1515808422934498,0.6900969007344269,-0.3578998056635174,-0.09607515047225446,22.108318082960633,-0.03971965351078162,-0.02759066360827437
HD,2025-01-31,,159514000000.0,53308000000.0,21526000000.0,14806000000.0,25488000000.0,,28748000000.0,19810000000.0,-3485000000.0,16325000000.0,96119000000.0,62290000000.0,6640000000.0,1659000000.0,31683000000.0,28661000000.0,152669000000.0,-0.0300756656480498,0.044835559281845,0.0749112249298948,0.3341901024361498,0.13494740273581,0.0928194390461025,0.1597853479945334,0.1241897262936168,0.1023421141717968,0.02184761212182,0.0,0.1802224256178141,0.6480508536293553,9.38102409638554,0.0172598549714416,1.1054394473326123,1.65954701983999,2025-05-01,296328200192.0,large_cap,2025-05-01,349.46649169921875,90,0.0493501272080645,2025-08-01,0.0719380948114443,2025-10-30,-0.1060086707923053,2026-05-04,-0.13009943300405757,-0.10031878047122944,0.09028885330333303,0.2803386635767358,-0.16411949540234694,-0.06796034062312939,26.414733461455448,-0.004497848628900202,0.004588565926978945
LOW,2025-01-31,,83674000000.0,27877000000.0,10466000000.0,6957000000.0,12597000000.0,,15682000000.0,9625000000.0,-1927000000.0,7698000000.0,43102000000.0,39678000000.0,-14231000000.0,1761000000.0,20358000000.0,18757000000.0,86377000000.0,-0.1100567695937522,-0.0312930525487108,0.0787637170450413,0.3331620336066161,0.12508067022014,0.0831441068910294,0.1505485574969524,0.1150297583478738,0.0919999043908502,0.0230298539570236,0.0,0.1874178358868943,0.920560530833836,2.7881385707258803,0.0408565727808454,1.0853548008743403,1.9413020277481323,2025-05-01,122328940544.0,large_cap,2025-05-01,218.0314178466797,90,0.0237679481012789,2025-08-01,0.0897844040835313,2025-10-30,0.0260906589986205,2026-05-04,-0.15343471090518668,-0.16233264278630044,-0.01916023677867329,0.29048279679830935,-0.20640007002430083,-0.1299742029382004,25.52997948732848,0.005079883921082799,-0.0028789578425792452
LULU,2025-01-31,,10588126000.0,6270811000.0,2505697000.0,1814616000.0,2952221000.0,,3762379000.0,2272713000.0,-689232000.0,1583481000.0,7603292000.0,1575791000.0,4324047000.0,1984336000.0,3980302000.0,1839630000.0,9619278000.0,0.1860251096169196,0.1007194095024595,-0.0853057001144601,0.5922493744407651,0.2366516038815556,0.1713821690448338,0.2788237503029336,0.2146473323041301,0.1495525270477514,0.0650948052563787,0.0,0.355339462337339,0.2072511485814302,0.3644250397833326,0.2609837949140977,2.1636426890189875,1.3925712704444335,2025-05-01,13976446976.0,mid_cap,2025-05-01,268.6000061035156,90,-0.2802308360464172,2025-08-01,-0.3744601621203695,2025-10-30,-0.519806430392144,2026-05-04,-0.3622376204578781,-0.12661768016995534,-0.26200677983951526,0.5347262914019989,-0.3622376204578781,-0.09425924032185529,23.360639390949647,-0.012752857979289177,0.015062842213850125
MDB,2025-01-31,,2006443000.0,1471147000.0,-216064000.0,-129072000.0,-96534000.0,596837000.0,1090374000.0,150191000.0,-29550000.0,120641000.0,3430293000.0,36500000.0,2782224000.0,490133000.0,2923522000.0,561987000.0,1683011000.0,0.310715398274197,0.1921746203679002,-0.1185407779062968,0.7332114592839168,-0.1076850924745931,-0.0643287648839264,-0.0481120071689053,0.0748543566899234,0.0601268015089389,0.0147275551809844,0.2974602318630531,0.5434363198954568,0.0106404904770525,0.0131190012019161,0.142883712849019,5.2021167749431925,0.584918839294486,2025-05-01,25088151552.0,mid_cap,2025-05-01,172.19000244140625,90,0.2832917015370622,2025-08-01,1.0183518416708583,2025-10-30,0.5371972744554459,2026-05-04,-0.3647766341207387,-0.3673671574878846,-0.5370489828704771,0.8213643205501807,-0.5426438765763376,-0.33500871763978457,23.945661521912488,-0.07059864402586884,0.011554845253916422
MRVL,2025-01-31,,5767300000.0,2382200000.0,-366400000.0,-885000000.0,651600000.0,1950400000.0,798200000.0,1681200000.0,-291600000.0,1389600000.0,20204500000.0,4343100000.0,13427000000.0,948300000.0,3120300000.0,2026800000.0,5507700000.0,-0.069582404216501,0.0471340123826642,0.1167164165991653,0.4130529017044371,-0.0635305949057618,-0.1534513550534912,0.1129818112461637,0.2915055571931406,0.2409446361382275,0.050560921054913,0.3381825117472647,0.1384009848629341,0.2149570640203915,0.3234601921501452,0.0469350887178598,1.5395204262877442,0.2854463114652676,2025-05-01,154876592128.0,large_cap,2025-05-01,60.78567123413086,90,0.2224927655851269,2025-08-01,0.4553106733341705,2025-10-30,1.6924108978205226,2026-05-04,-0.44693868781886426,-0.26833376280872867,-0.1105219500350274,0.9071120672361097,-0.5159507285891889,-0.23597532296062862,25.765894456926816,-0.012647646898913496,0.011356687463275736
NCNO,2025-01-31,,540657000.0,324788000.0,-18131000.0,-37878000.0,9548000.0,129422000.0,213497000.0,55199000.0,-1816000.0,53383000.0,1610381000.0,236824000.0,1089312000.0,120928000.0,302249000.0,251512000.0,476543000.0,0.1670964818828599,0.1345398001859223,-0.0325566816969375,0.6007283730720216,-0.0335351248573494,-0.0700592057441224,0.017659995154044,0.1020961533837534,0.0987372770536587,0.0033588763300946,0.2393791257673534,0.3948843721620177,0.147060850817291,0.2174069504421139,0.0750927886009584,1.201727949362257,0.335732351536686,2025-05-01,1628655232.0,low_cap,2025-05-01,22.8700008392334,90,0.1871446708455975,2025-08-01,0.1718407631662719,2025-10-30,-0.2133800126383734,2026-05-04,-0.33825231682693135,-0.4011520905570607,-0.22316574645519194,0.548378628607727,-0.46364912836313343,-0.36879365070896064,21.21102050021323,-0.05397092210771195,0.013284093525701292
NVDA,2025-01-31,,130497000000.0,97858000000.0,81453000000.0,72880000000.0,86137000000.0,12914000000.0,3491000000.0,64089000000.0,-3236000000.0,60853000000.0,111601000000.0,9982000000.0,79327000000.0,8589000000.0,80126000000.0,18047000000.0,60922000000.0,1.2585452658115224,1.1420340763599357,-0.1165111894515869,0.7498869705816992,0.6241752683969747,0.5584802715771244,0.6600688138424639,0.4911147382698453,0.4663172333463604,0.0247975049234848,0.0989601293516326,0.0267515728330919,0.0894436429781095,0.1258335749492606,0.0769616759706454,4.439851498864077,1.169317479234057,2025-05-01,5457368842240.0,large_cap,2025-05-01,111.58370208740234,90,0.5565994705548167,2025-08-01,0.8180766345134618,2025-10-30,0.7787543522446654,2026-05-04,-0.10453062045675765,-0.20560815532592636,0.27222514546147747,0.6910287664680423,-0.2530263530461593,-0.1732497154778263,29.327987892510034,-0.2348115197597145,0.5325501708754313
PATH,2025-01-31,,1429664000.0,1182722000.0,-162569000.0,-73694000.0,-145337000.0,380682000.0,964609000.0,320565000.0,-14923000.0,305642000.0,2865270000.0,77817000.0,1845762000.0,879196000.0,2338559000.0,798920000.0,1308072000.0,0.2356843737040435,0.0929551278522895,-0.1427292458517539,0.8272727018376346,-0.113711333572084,-0.0515463773306175,-0.1016581518454685,0.2242240134744947,0.2137858965463213,0.0104381169281733,0.2662737538330684,0.6747102815766501,0.0271586970861384,0.0421598234225214,0.3068457771867922,2.9271504030441093,0.4989630994635758,2025-05-01,5344953856.0,low_cap,2025-05-01,11.880000114440918,90,-0.0648148527227441,2025-08-01,0.3358585633570876,2025-10-30,-0.0883838535875534,2026-05-04,-0.18518517307226645,-0.04807687899064572,-0.3987854262735919,0.6048031523944434,-0.427193816511772,-0.01571843914254567,22.399418748271092,-0.004468992433314524,0.019872495346479634
ROST,2025-01-31,,21129219000.0,5868713000.0,2585586000.0,2090730000.0,3267329000.0,,3283127000.0,2356988000.0,-720104000.0,1636884000.0,14905332000.0,5682429000.0,5509195000.0,4730744000.0,7538696000.0,4661825000.0,20376941000.0,0.0899190937187113,0.0369181026730165,-0.0530009910456947,0.2777534276113092,0.1223701642734641,0.098949705618556,0.1546355783429572,0.11155111790928,0.0774701611072326,0.0340809568020474,0.0,0.1553832633378451,0.3812346481111591,1.0314445213865184,0.3173860199826478,1.6171126114772647,1.4175611116880855,2025-05-01,68812906496.0,large_cap,2025-05-01,137.5576629638672,90,-0.0110023550803612,2025-08-01,0.1440749889711334,2025-10-30,0.6430927903437158,2026-05-04,-0.08854555392193242,-0.02410799853339818,0.07132166819967622,0.2937156306773499,-0.10791970249275429,0.008250441314701873,24.95465715871068,-0.000890021565096925,0.0028600513618519422
S,2025-01-31,,821461000.0,610355000.0,-329359000.0,-288441000.0,-286593000.0,267002000.0,672712000.0,33728000.0,-27136000.0,6592000.0,2406625000.0,19065000.0,1669247000.0,186574000.0,1069722000.0,613553000.0,621154000.0,0.4713048256782075,0.3224755857645607,-0.1488292399136468,0.74301153676194,-0.4009429540781607,-0.3511317031484148,-0.3488820528302622,0.0410585529927775,0.0080247266760077,0.0330338263167697,0.3250330813027033,0.8189214095373973,0.0079218823040565,0.0114213175162213,0.0775251649093647,1.7434875226753026,0.3413331948267802,2025-05-01,5757388800.0,low_cap,2025-05-01,18.56999969482422,90,-0.0339256419558365,2025-08-01,-0.0840064346569258,2025-10-30,-0.1599353452968706,2026-05-04,-0.2300995419279419,-0.28823305533855104,-0.14423967548705507,0.5522929607959091,-0.3525104777815168,-0.255874615490451,22.473749875534256,-0.09294812335700829,0.0025877784354460796
SNOW,2025-01-31,,3626396000.0,2411723000.0,-1456010000.0,-1285640000.0,-1099832000.0,1783379000.0,2084354000.0,959764000.0,-75712000.0,884052000.0,9033938000.0,2685270000.0,2999929000.0,2628798000.0,5869372000.0,3301183000.0,2806489000.0,0.3586409954401961,0.2921468781812435,-0.0664941172589526,0.6650467847416554,-0.4015033107250284,-0.3545227823988334,-0.3032851348832284,0.2646605610639323,0.2437825322992855,0.0208780287646467,0.4917772355804495,0.5747728598862342,0.2972424650246659,0.8951111842980284,0.2909913705407321,1.7779602039632458,0.401419181756616,2025-05-01,54437380096.0,large_cap,2025-05-01,165.36000061035156,90,0.2398403695919353,2025-08-01,0.6399370565725877,2025-10-30,-0.1279027202371719,2026-05-04,-0.07769531595413737,0.40935820361151976,0.050304865638533425,0.5961376186741965,-0.14223466304892418,0.4417166434596198,24.720316888957395,0.11959272124298734,0.07122030576635442
TGT,2025-01-31,,106566000000.0,30064000000.0,5566000000.0,4091000000.0,8653000000.0,,21969000000.0,7367000000.0,-2891000000.0,4476000000.0,57769000000.0,19875000000.0,14666000000.0,4762000000.0,19454000000.0,20799000000.0,107412000000.0,-0.0156524926686216,-0.0078762149480504,0.0077762777205712,0.2821162472083028,0.0522305425745547,0.0383893549537375,0.0811985060901225,0.0691308672559728,0.0420021395191712,0.0271287277368016,0.0,0.2061539327740555,0.3440426526337655,1.3551752352379651,0.0824317540549429,0.9353334294918024,1.8446917897142063,2025-05-01,55200583680.0,large_cap,2025-05-01,90.90664672851562,90,0.0514802964520622,2025-08-01,-0.010091885099816,2025-10-30,0.3922438145996296,2026-05-04,-0.3108199838973875,-0.3470304070257336,-0.39579110575357934,0.4317093898551785,-0.3979605881044007,-0.31467196717763357,24.7342393640866,0.0027332860792440975,-0.00033081787913099463
TJX,2025-01-31,,56360000000.0,17248000000.0,6302000000.0,4864000000.0,7663000000.0,,10946000000.0,6116000000.0,-1918000000.0,4198000000.0,31749000000.0,12778000000.0,8393000000.0,5335000000.0,12991000000.0,11008000000.0,54217000000.0,0.0857297340595963,0.0395263478244831,-0.0462033862351132,0.3060326472675656,0.1118168914123491,0.0863023420865862,0.1359652235628105,0.1085166784953867,0.074485450674237,0.0340312278211497,0.0,0.1942157558552164,0.4024693691139878,1.5224591921839628,0.1680367885602696,1.180141715116279,1.775174021229015,2025-05-01,163030188032.0,large_cap,2025-05-01,125.6803207397461,90,-0.0095641573805067,2025-08-01,0.122041166208983,2025-10-30,0.2264063791968165,2026-05-04,0.015273754666232486,0.12475609371408991,0.3634041397297205,0.23222676299576994,-0.022741186964702287,0.15711453356218996,25.817201223255587,0.004931152753366928,0.002944137831213271
ULTA,2025-01-31,,11295654000.0,,1578661000.0,1201118000.0,1845703000.0,,2808592000.0,1338605000.0,-374458000.0,964147000.0,6001693000.0,1923234000.0,2488353000.0,703201000.0,3028808000.0,1779478000.0,11207303000.0,0.0978317258619709,0.0078833417816936,-0.0899483840802772,,0.139758264550242,0.1063345247650113,0.1633993923680736,0.1185061971622006,0.0853555712666128,0.0331506258955878,0.0,0.2486435933678563,0.3204485800923173,0.7728943602455118,0.1171671060149194,1.7020766764185902,1.8820779403411672,2025-05-01,21618143232.0,mid_cap,2025-05-01,392.9299926757813,90,0.2921640507225722,2025-08-01,0.297075848528177,2025-10-30,0.3183009942115005,2026-05-04,-0.06116647833651523,0.03380868911147572,-0.04172767416003542,0.5094765212035038,-0.11940566056253543,0.06616712895957577,23.79679876350826,0.00026652545145678606,0.0006728871412664145
WDAY,2025-01-31,,8446000000.0,6377000000.0,499000000.0,526000000.0,1078000000.0,2626000000.0,3252000000.0,2461000000.0,-272000000.0,2189000000.0,17977000000.0,3362000000.0,9034000000.0,1543000000.0,10545000000.0,5548000000.0,7259000000.0,0.1677927927927927,0.1635211461633834,-0.0042716466294092,0.7550319677954062,0.0590812218801799,0.0622780014207909,0.1276343831399479,0.2913805351645749,0.2591759412739758,0.0322045938905991,0.3109164101349751,0.385034335780251,0.1870167436168437,0.3721496568518928,0.0858318963119541,1.9006849315068493,0.4698225510374367,2025-05-01,31213191168.0,mid_cap,2025-05-01,246.6100006103516,90,-0.0989010961813551,2025-08-01,-0.0557155243467742,2025-10-30,-0.481407894760452,2026-05-04,-0.05175532100895874,0.0496275965676134,-0.008682733549112531,0.4225755639274033,-0.11896682010677828,0.08198603641571345,24.164106636255866,0.008115161472070134,0.042380746975094266
WMT,2025-01-31,,680985000000.0,169232000000.0,29348000000.0,19436000000.0,42010000000.0,,139884000000.0,36443000000.0,-23783000000.0,12660000000.0,260823000000.0,60114000000.0,91013000000.0,9037000000.0,79458000000.0,96584000000.0,648125000000.0,0.0602595499019285,0.0507000964320154,-0.009559453469913,0.2485106133027893,0.0430963971306269,0.0285410104481009,0.0616900519101008,0.0535151288207522,0.0185907178572215,0.0349244109635307,0.0,0.2054142161721623,0.2304781403480521,0.6604990495863229,0.0346480180045471,0.8226828460200447,2.610908547175671,2025-05-01,1047786684416.0,large_cap,2025-05-01,96.36933135986328,90,0.0135316804948588,2025-08-01,0.0544760916138542,2025-10-30,0.3498252478897496,2026-05-04,-0.009858132906736317,0.1830079371256248,0.635337940672178,0.3725924144894841,-0.07018090268711719,0.21536637697372485,27.67770113570464,0.009278520060093389,0.0009425511881015207
BOOT,2025-03-31,,1911104000.0,717038000.0,239352000.0,180942000.0,304096000.0,,477686000.0,147540000.0,-148293000.0,-753000.0,2018021000.0,563043000.0,1131057000.0,69770000.0,863960000.0,353349000.0,1667009000.0,0.005667178446141,0.146426923909829,0.1407597454636879,0.3751956984025987,0.125242791601085,0.0946793057834633,0.1591205920766217,0.0772014500519071,-0.0003940130940022,0.0775954631459093,0.0,0.2499529068015137,0.2790075028951631,0.4978024980173413,0.0345734756972301,2.4450613982210223,0.9470188863247706,2025-06-29,4365484032.0,low_cap,2025-06-30,152.0,90,0.0913158215974505,2025-09-29,0.1735526637027138,2025-12-29,,,0.4591533327425319,0.024742116386712976,0.1910358621589272,0.7201100949857582,-0.1290396729380242,-0.008919475876770111,22.196994909437286,0.0036229119935253544,-5.769412533493644e-05
AI,2025-04-30,,389056000.0,235863000.0,-324424000.0,-288702000.0,-311817000.0,226391000.0,333896000.0,-41407000.0,-3039000.0,-44446000.0,1025882000.0,4795000.0,838303000.0,164358000.0,904252000.0,131884000.0,310582000.0,0.1641222661594108,0.2526675724929326,0.0885453063335217,0.6062443452870538,-0.8338748149366673,-0.7420576986346439,-0.8014707394308275,-0.1064294086198388,-0.1142406234578055,0.0078112148379667,0.5818982357295608,0.8582209244941602,0.0046740268373945,0.0057198888707305,0.1602114083296129,6.856419277546936,0.3792404974451253,2025-07-29,1256769024.0,low_cap,2025-07-29,24.479999542236328,90,-0.2499999610427151,2025-10-27,-0.4636437761452078,2026-01-28,,,0.08414524468335016,-0.2138728316618409,-0.08792848721813484,0.6428015871327364,-0.4299021815289581,-0.28008340118270125,20.951809997880115,-0.054038729198186954,-0.028864901009162888
MDT,2025-04-30,,33537000000.0,21905000000.0,6540000000.0,4662000000.0,9218000000.0,2732000000.0,10849000000.0,7044000000.0,-1859000000.0,5185000000.0,91680000000.0,28516000000.0,48024000000.0,2218000000.0,23814000000.0,12879000000.0,32364000000.0,0.0364107983475838,0.0362439747868001,-0.0001668235607836,0.6531591973044697,0.195008498076751,0.1390106449592986,0.2748606017234696,0.2100366759101887,0.1546053612428064,0.0554313146673823,0.081462265557444,0.323493454990011,0.3110383944153577,0.5937864401132767,0.0241928446771378,1.849056603773585,0.3658049738219895,2025-07-29,97767841792.0,large_cap,2025-07-29,90.33677673339844,90,0.0260069952406216,2025-10-27,0.1066782640303862,2026-01-28,,,0.10908973057466742,0.016082348461724516,0.21727331120424775,0.18264272509759824,-0.005852150273338519,-0.050128221059135836,25.305861543882617,0.0005828882321592768,0.005603512814788397
NKE,2025-05-31,,46309000000.0,19790000000.0,3702000000.0,3219000000.0,4510000000.0,,16088000000.0,3698000000.0,-430000000.0,3268000000.0,36579000000.0,11018000000.0,13213000000.0,7464000000.0,23362000000.0,10566000000.0,51362000000.0,0.002831091239237,-0.0983801253845255,-0.1012112166237626,0.4273467360556263,0.0799412641171262,0.0695113260921203,0.0973892763825606,0.0798548878187825,0.070569435746831,0.0092854520719514,0.0,0.3474054719385001,0.3012110773941332,0.8338757284492545,0.2040515049618633,2.2110543251940187,1.2659996172667378,2025-08-29,62019551232.0,large_cap,2025-08-29,75.9774169921875,90,-0.1603222449297646,2025-11-28,-0.2183203675408535,2026-03-03,,,0.2854294740742993,-0.01449863389695083,-0.07341009795220943,0.4069597661798775,-0.12032757677194128,-0.1065972453272106,24.850715514733135,0.0014263774206863542,-0.006942629937088449
ORCL,2025-05-31,,57399000000.0,40472000000.0,18052000000.0,12443000000.0,23912000000.0,9860000000.0,10253000000.0,20821000000.0,-21215000000.0,-394000000.0,168361000000.0,104104000000.0,20451000000.0,10786000000.0,24579000000.0,32643000000.0,52961000000.0,0.0601953797493695,0.0837975113762958,0.0236021316269263,0.70509939197547,0.3145002526176414,0.2167807801529643,0.4165926235648705,0.3627415111761529,-0.0068642310841652,0.3696057422603181,0.1717799961671806,0.1786268053450408,0.6183379761346155,5.090411226834874,0.0640647180760389,0.7529638819961401,0.3409281246844578,2025-08-29,554933092352.0,large_cap,2025-08-29,224.35952758789065,90,-0.1053798566421643,2025-11-28,-0.3381543436972621,2026-03-03,,,0.3689995462932212,0.3695322915221988,0.6500302711498267,0.44858174158661646,-0.11816087244319973,0.27743368009193903,27.04211338910487,0.03096588640274011,-0.0005752054823648567
BILL,2025-06-30,,1462570000.0,1190467000.0,-80602000.0,23799000.0,133677000.0,340059000.0,825624000.0,350644000.0,-40970000.0,309674000.0,10063982000.0,1772842000.0,3914040000.0,1038346000.0,7238793000.0,4588660000.0,1290172000.0,0.2189050590098142,0.1336240439259262,-0.085281015083888,0.8139555713572684,-0.0551098408965041,0.0162720416800563,0.0913987022843351,0.2397451062171383,0.2117327717647702,0.028012334452368,0.2325078457783217,0.5645022118599452,0.1761571115687607,0.4529442724141807,0.1031744691117293,1.5775396303060152,0.1453271677155225,2025-09-28,3990840832.0,low_cap,2025-09-29,54.52999877929688,90,0.0126536302375313,2025-12-29,-0.2976343279948557,2026-03-31,,,0.17877217375328214,0.179027000633446,0.04523673937478456,0.5494905232617018,-0.44020124495172364,-0.022224605759930238,22.10726778048381,0.023922311796570405,0.028292589194853758
EL,2025-06-30,,14326000000.0,10597000000.0,1141000000.0,-1133000000.0,146000000.0,,9456000000.0,1272000000.0,-602000000.0,670000000.0,19892000000.0,9467000000.0,3865000000.0,2921000000.0,7069000000.0,5435000000.0,15608000000.0,-0.0189817724701445,-0.0821373654536135,-0.0631555929834689,0.7397040346223649,0.0796453999720787,-0.0790869747312578,0.0101912606449811,0.0887896132905207,0.0467681139187491,0.0420214993717716,0.0,0.6600586346502862,0.4759199678262618,2.449417852522639,0.1468429519404785,1.3006439742410305,0.720189020711844,2025-09-28,29044895744.0,mid_cap,2025-09-29,88.51932525634766,90,0.2016162166378436,2025-12-29,-0.1892166322413326,2026-03-31,,,0.1073188529867457,0.374651980054143,-0.00892017584261906,0.4025411188031129,-0.09909878081307344,0.17340037366076677,24.09210859891984,-0.03077292660362706,-0.003841409664520523
KLAC,2025-06-30,,12156162000.0,7404295000.0,5014227000.0,4061643000.0,5340702000.0,1360334000.0,1029734000.0,4081903000.0,-340209000.0,3741694000.0,16067926000.0,6088282000.0,4692453000.0,2078908000.0,10698789000.0,4085795000.0,9812247000.0,-0.0651491379238068,0.2388764775285417,0.3040256154523485,0.6090980853989936,0.4124843844627934,0.3341221513829776,0.4393411341507295,0.3357887958386866,0.3078022487689782,0.0279865470697083,0.111904892350069,0.084708808586131,0.378909014144078,1.297462542512413,0.1293824728841793,2.618532990519593,0.7565482937872628,2025-09-28,235693834240.0,large_cap,2025-09-29,1060.9688720703125,90,0.1864197222629071,2025-12-29,0.3877975810039675,2026-03-31,,,0.1905752384192989,0.5870147714620775,0.3916020089827341,0.33809190958920604,-0.006646580442652761,0.38576316506870123,26.185799487191222,0.14022402086408298,0.07352671696129742
LRCX,2025-06-30,,18435591000.0,8979059000.0,5900968000.0,5358217000.0,6522609000.0,2096387000.0,981704000.0,6173264000.0,-759186000.0,5414078000.0,21345260000.0,4484505000.0,9861619000.0,6390659000.0,14516995000.0,6568425000.0,14905386000.0,-0.1447702145151084,0.2368408976459919,0.3816111121611003,0.4870502388559173,0.3200856430368844,0.2906452524358996,0.3538052563652556,0.3348557689308685,0.2936753153180714,0.0411804536127971,0.1137141196070145,0.0532504762120183,0.2100937163566993,0.4547432830248258,0.2993947602418523,2.210118102893768,0.8636854739647116,2025-09-28,356062593024.0,large_cap,2025-09-29,130.71792602539062,90,0.3438059796445085,2025-12-29,0.63451188493159,2026-03-31,,,0.3493822526462791,0.8134650477835688,0.6482571493026144,0.3520191994894848,-0.006438347886970952,0.6122134413901925,26.598372375444495,0.19266179212070011,0.06955432529640174
MSFT,2025-06-30,,281724000000.0,193893000000.0,128528000000.0,101832000000.0,160165000000.0,32488000000.0,32877000000.0,136162000000.0,-64551000000.0,71611000000.0,619003000000.0,60588000000.0,343479000000.0,30242000000.0,191131000000.0,141218000000.0,245122000000.0,0.1566996201307127,0.1493215623240671,-0.0073780578066455,0.6882374238616519,0.4562195624085985,0.3614601524896707,0.5685174142068123,0.4833170052959634,0.2541884965427156,0.2291285087532478,0.1153185387116468,0.1166993227414064,0.0978799779645656,0.1763950634536609,0.0488559829273848,1.3534464445042416,0.4551254194244616,2025-09-28,3134205460480.0,large_cap,2025-09-29,512.4689331054688,90,-0.0516678733502685,2025-12-29,-0.2776732607290528,2026-03-31,,,0.036259622418890025,0.3632317669402587,0.1998410651521414,0.16493708633988347,-0.03770085407392809,0.16198016054688247,28.7733968162585,0.054238334925250854,0.03795582342856402
PG,2025-06-30,,84284000000.0,43120000000.0,20451000000.0,15974000000.0,23921000000.0,,22669000000.0,17817000000.0,-3773000000.0,14044000000.0,125231000000.0,35463000000.0,52012000000.0,9556000000.0,25392000000.0,36058000000.0,84039000000.0,0.0247908689608078,0.0029153131284285,-0.0218755558323793,0.5116036258364577,0.2426439181813867,0.1895258886621423,0.2838142470694319,0.2113924351003749,0.1666271178396848,0.04476531726069,0.0,0.2689597076550709,0.2831806820994801,0.6818234253633777,0.0763069846922886,0.7041987908369849,0.6730282438054476,2025-09-28,329659777024.0,large_cap,2025-09-29,150.2575225830078,90,-0.0517751252452834,2025-12-29,-0.0459014202606467,2026-03-31,,,-0.02975189462536887,-0.07431124753050067,-0.08619499124221364,0.15016664763983278,-0.12914880780668236,-0.2755628539238769,26.521326980867666,-0.00021664055551556856,0.0004857702241902359
PH,2025-06-30,,19850000000.0,7315000000.0,4060000000.0,3531000000.0,5423000000.0,,3255000000.0,3776000000.0,-435000000.0,3341000000.0,29494000000.0,9285000000.0,13682000000.0,467000000.0,6950000000.0,5819000000.0,19930000000.0,0.045371098872279,-0.0040140491721023,-0.0493851480443814,0.3685138539042821,0.2045340050377833,0.1778841309823677,0.2731989924433249,0.1902267002518891,0.1683123425692695,0.0219143576826196,0.0,0.1639798488664987,0.3148097918220655,0.6786288554304927,0.0158337288940123,1.1943632926619694,0.6730182409981691,2025-09-28,108777250816.0,large_cap,2025-09-29,748.8524780273438,90,0.1843302892063287,2025-12-29,0.1927864239548156,2026-03-31,,,0.08145024994856831,0.25947496067861286,0.22394585635822084,0.2050076931019609,-0.020918052666241582,0.05822335428523662,25.412568057740817,-0.0010415452510932628,-0.0006756140193447749
TEAM,2025-06-30,,5215304000.0,4320453000.0,-130392000.0,-256687000.0,24030000.0,2669312000.0,1766898000.0,1460393000.0,-44850000.0,1415543000.0,6041970000.0,1239331000.0,1345654000.0,2512874000.0,3891237000.0,3180859000.0,4358603000.0,0.2331084263860012,0.1965540334827467,-0.0365543929032545,0.828418247526894,-0.0250018023877419,-0.0492180321607331,0.0046075933445106,0.2800206852754892,0.2714209948259967,0.0085996904494924,0.5118228966135052,0.3387909889816586,0.205120349819678,0.9209878616642913,0.4159030912103171,1.2233289812594648,0.863179393475969,2025-09-28,22194536448.0,mid_cap,2025-09-29,165.30999755859375,90,-0.007984950002566,2025-12-29,-0.5871393079186942,2026-03-31,,,-0.1860258971911175,-0.24166249188989675,0.021062407601384336,0.4388210518370537,-0.48810925772942193,-0.442914098283273,23.823111989589663,-0.04749973752245076,0.05334889130494937
CSCO,2025-07-31,,56654000000.0,36790000000.0,12504000000.0,10180000000.0,15504000000.0,9300000000.0,13958000000.0,14193000000.0,-905000000.0,13288000000.0,122291000000.0,28093000000.0,46843000000.0,8346000000.0,34986000000.0,35064000000.0,53803000000.0,-0.0560545984069617,0.0529896102447819,0.1090442086517436,0.6493804497475907,0.2207081582942069,0.1796872242030571,0.2736611713206481,0.2505207046280933,0.2345465456984502,0.015974158929643,0.1641543403819677,0.2463727186076887,0.2297225470394387,0.599726746792477,0.0682470500690974,0.9977754962354553,0.4632720314659296,2025-10-29,466916868096.0,large_cap,2025-10-29,70.56795501708984,90,0.1038706703931451,2026-01-30,0.3015822614085566,2026-05-01,,,0.05406444898863416,0.25051534251772156,0.3126920717766215,0.21047076715915894,-0.01776375313802203,0.0038360640762973297,26.86941706612678,0.013274710360352106,0.012428530040820803
INTU,2025-07-31,,18831000000.0,14983000000.0,4938000000.0,3869000000.0,5890000000.0,2928000000.0,6636000000.0,6207000000.0,-124000000.0,6083000000.0,36958000000.0,6639000000.0,19710000000.0,2884000000.0,14107000000.0,10370000000.0,16285000000.0,0.1334214922048997,0.1563401903592263,0.0229186981543265,0.7956560989857151,0.2622271785884977,0.2054590834262652,0.3127821145982688,0.3296160586267325,0.3230311720036111,0.0065848866231214,0.1554882905846742,0.3523976421857575,0.1796363439580063,0.3368340943683409,0.0780345256777964,1.3603664416586307,0.5095243249093566,2025-10-29,109361717248.0,large_cap,2025-10-29,652.8165283203125,90,-0.238096903198711,2026-01-30,-0.388740953646431,2026-05-01,,,-0.16289158014540794,0.048860239584352705,0.08387876483528411,0.24444418030111878,-0.18597093841148538,-0.19781903885707153,25.417926731945474,0.0076388191576151065,0.050502754923008535
PANW,2025-07-31,,9221500000.0,6769900000.0,1242900000.0,1133900000.0,1941000000.0,1984100000.0,3542900000.0,3716000000.0,-246200000.0,3469800000.0,23576200000.0,338200000.0,7824400000.0,2268600000.0,7522800000.0,7988000000.0,8027500000.0,0.1646379502952399,0.1487387106820306,-0.0158992396132093,0.734143035297945,0.1347828444396248,0.1229626416526595,0.210486363389904,0.4029713170308518,0.3762728406441468,0.0266984763867049,0.2151602233909884,0.3841999674673317,0.0143449750171783,0.043223761566382,0.0962241582612974,0.9417626439659488,0.3911359761115023,2025-10-29,196935139328.0,large_cap,2025-10-29,217.16000366210935,90,-0.1850709235755032,2026-01-30,-0.1661447836738548,2026-05-01,,,0.2509216361007467,0.1617183553778887,0.1852417979220664,0.24033238880261543,-0.019062251005627084,-0.08496092306353553,26.006140269482508,0.024053779672525595,0.055966337182075554
ZS,2025-07-31,,2673115000.0,2054937000.0,-127144000.0,-41478000.0,108119000.0,672485000.0,1507896000.0,972453000.0,-245760000.0,726693000.0,6419888000.0,1796576000.0,1799273000.0,2389023000.0,4894290000.0,2429611000.0,2167771000.0,0.3406526600665944,0.233116874430002,-0.1075357856365923,0.7687424596397835,-0.0475639843403669,-0.0155167286106284,0.0404468195345131,0.3637901848592372,0.2718525016694006,0.0919376831898365,0.2515735387366424,0.5640969430795159,0.2798453804801579,0.9985010612619653,0.3721284545774007,2.01443358628192,0.416380316915186,2025-10-29,25895344128.0,mid_cap,2025-10-29,320.9599914550781,90,-0.376838235818468,2026-01-30,-0.5644005443645406,2026-05-01,,,0.12396692183477365,0.41910949309610124,0.7352940084588269,0.32503245479065385,-0.024378440219528397,0.172430214654677,23.977329026094843,0.09770149507450562,0.06337340549514757
ACN,2025-08-31,,69672977000.0,22235401000.0,10840988000.0,7678433000.0,11867333000.0,,11394413000.0,11474399000.0,-600039000.0,10874360000.0,65394897000.0,8182866000.0,31195446000.0,11478729000.0,28900689000.0,20352097000.0,64896464000.0,0.0122398633822866,0.0736020532644121,0.0613621898821254,0.319139528084181,0.1555981740237682,0.1102067592145517,0.1703290645955892,0.1646893744758459,0.1560771545616602,0.0086122199141856,0.0,0.1635413540604128,0.1251300388163315,0.2623096332714717,0.1755294300715849,1.4200349477501015,1.0654191717742134,2025-11-29,103897767936.0,large_cap,2025-12-01,255.2652587890625,90,-0.1842442589734847,2026-03-04,,,,,0.004918549587725973,-0.1772904105053844,-0.28105801176535106,0.28073719711937767,-0.34714273304230325,-0.3316030270309184,25.36667325201044,-0.01304893823728679,0.011487599043405194
AZO,2025-08-31,,18938717000.0,9966474000.0,3610156000.0,2498247000.0,4234327000.0,,6356318000.0,3117337000.0,-1327257000.0,1790080000.0,19355324000.0,12288796000.0,-3414313000.0,271803000.0,8341379000.0,9519397000.0,18490268000.0,0.059176641581137,0.0242532450043448,-0.0349233965767921,0.5262486365892685,0.1906230501253068,0.1319121564570609,0.2235804569021227,0.1646012768446774,0.0945196023574353,0.0700816744872421,0.0,0.3356255864639616,0.6349052074767645,3.5992001904922013,0.0140428029001219,0.8762507751278784,0.978475844682321,2025-11-29,55024222208.0,large_cap,2025-12-01,3946.989990234375,90,-0.0582697171270804,2026-03-04,,,,,-0.055707841022616944,0.05258397853745467,0.2553201087937247,0.20741552813576203,-0.09359198564536964,-0.1017286379880793,24.73103932901142,0.0012753321147720965,0.0022924070736881244
COST,2025-08-31,,275235000000.0,35349000000.0,10383000000.0,8099000000.0,13398000000.0,,24966000000.0,13335000000.0,-5498000000.0,7837000000.0,77099000000.0,8173000000.0,29164000000.0,14161000000.0,38380000000.0,37108000000.0,254453000000.0,0.0502001733459902,0.0816732363147614,0.0314730629687711,0.1284320671426235,0.0377241266554035,0.0294257634385161,0.048678402092757,0.0484495067851109,0.0284738496194161,0.0199756571656947,0.0,0.09070794048722,0.1060065629904408,0.2802427650528048,0.1836729399862514,1.0342783227336425,3.569890660060442,2025-11-29,465369300992.0,large_cap,2025-12-01,909.396240234375,90,0.1054381649698366,2026-03-04,,,,,-0.027236189060619198,-0.1346781346393392,-0.0563882741856605,0.17544821175786374,-0.14965100961174627,-0.28899075116487316,26.866097123008977,-0.010999599116830003,0.00232555144875755
MU,2025-08-31,,37378000000.0,14873000000.0,9809000000.0,8539000000.0,18483000000.0,3798000000.0,1205000000.0,17525000000.0,-15857000000.0,1668000000.0,82798000000.0,15278000000.0,54165000000.0,9642000000.0,28841000000.0,11454000000.0,25111000000.0,0.6158944658944658,0.4885110111106685,-0.1273834547837973,0.397907860238643,0.2624270961528172,0.2284498903098079,0.4944887366900315,0.4688586869281395,0.0446251805875113,0.4242335063406282,0.1016105730643694,0.0322382149927765,0.1845213652503683,0.2820640635096464,0.1164520882146911,2.517984983411909,0.451436025024759,2025-11-29,817223696384.0,large_cap,2025-12-01,240.2619781494141,90,0.6673536431186229,2026-03-04,,,,,1.0308118102954227,1.4530155975422812,1.3719445835560604,0.6251248850852277,-0.05069080776484769,1.2987029810167472,27.429178696513034,0.7098141187149519,0.02179989208980132
AAPL,2025-09-30,,416161000000.0,195201000000.0,133050000000.0,112010000000.0,144748000000.0,34550000000.0,27601000000.0,111482000000.0,-12715000000.0,98767000000.0,359241000000.0,98657000000.0,73733000000.0,35934000000.0,147957000000.0,165631000000.0,391035000000.0,0.0202199407751411,0.0642551178283274,0.0440351770531863,0.4690516410716045,0.3197079976259188,0.2691506412181824,0.3478173110887373,0.2678819014756308,0.2373288222586931,0.0305530792169376,0.0830207539870386,0.066322889458647,0.2746262258483859,1.3380304612588665,0.1000275581016643,0.8932929222186667,1.1584451663368045,2025-12-29,4409585041408.0,large_cap,2025-12-29,273.2523498535156,90,-0.0720797776798195,2026-03-31,,,,,0.07701684309855761,0.33711758061442754,0.06505863100045595,0.1747928254253093,-0.0434325878269316,0.21743612332615303,29.114801706041277,0.0216615298643807,0.015249591438290494
APD,2025-09-30,,12037300000.0,3781300000.0,2889000000.0,-394500000.0,1337500000.0,96300000.0,906100000.0,3256800000.0,-7022600000.0,-3765800000.0,41059500000.0,18406200000.0,15024900000.0,1856000000.0,5825800000.0,4218600000.0,12100600000.0,-0.0396349206349206,-0.0052311455630299,0.0344037750718907,0.3141319066568084,0.2400039876051938,-0.032773130187002,0.1111129572246267,0.2705590124031136,-0.3128442424796258,0.5834032548827395,0.0080001329201731,0.0752743555448481,0.4482811529609469,1.225046422937923,0.0452026936518954,1.380979471862703,0.2931672329180823,2025-12-29,65775423488.0,large_cap,2025-12-29,244.5208740234375,90,0.180594474106579,2026-03-31,,,,,-0.07761214940306671,-0.10983146538646171,-0.14139171863438538,0.32552003095550897,-0.25277567844114746,-0.22951292267473622,24.909512102286097,0.0005745443828374612,0.0016365337709667446
EMR,2025-09-30,,18016000000.0,9519000000.0,3532000000.0,2293000000.0,4839000000.0,,5103000000.0,3098000000.0,-431000000.0,2667000000.0,41964000000.0,13759000000.0,20282000000.0,1544000000.0,8583000000.0,9797000000.0,17492000000.0,0.153445433564128,0.0299565515664304,-0.1234888819976975,0.528363676731794,0.1960479573712255,0.127275754884547,0.2685945825932504,0.1719582593250444,0.148035079928952,0.0239231793960923,0.0,0.2832482238010657,0.3278762749022972,0.6783847746770535,0.0367934419979029,0.8760845156680617,0.4293203698408159,2025-12-29,74521305088.0,large_cap,2025-12-29,134.16015625,90,-0.0273370395981947,2026-03-31,,,,,0.05072911696614213,0.02259418235800803,0.0894659097681958,0.25149723878700425,-0.08880246138744052,-0.09708727493026648,25.03435089578463,0.0006768437889089995,0.004434620505532297
QCOM,2025-09-30,,44284000000.0,24546000000.0,12394000000.0,5541000000.0,14929000000.0,9042000000.0,3110000000.0,14012000000.0,-1192000000.0,12820000000.0,50143000000.0,14811000000.0,21206000000.0,5520000000.0,25754000000.0,9144000000.0,38962000000.0,0.087716359575656,0.1365946306657768,0.0488782710901207,0.5542859723602204,0.2798753500135489,0.1251241983560654,0.3371195014000542,0.3164122482160599,0.2894950772287959,0.026917170987264,0.2041820973715111,0.0702285249751603,0.2953752268512055,0.6984344053569744,0.1100851564525457,2.8164916885389326,0.8831541790479229,2025-12-29,212370472960.0,large_cap,2025-12-29,172.32359313964844,90,-0.2526850419435282,2026-03-31,,,,,0.05454424064385344,0.10076706903562838,0.11265179209624443,0.3918916703425558,-0.07120550108514534,-0.01891438825264613,26.08159810045469,0.013764240578194491,0.039543473153627905
SBUX,2025-09-30,,37184400000.0,8467300000.0,3580800000.0,1856400000.0,4821400000.0,,2617200000.0,4747500000.0,-2305500000.0,2442000000.0,32019700000.0,26611500000.0,-8096600000.0,3219800000.0,7382300000.0,10210400000.0,36176200000.0,0.0055760015121359,0.0278691515416213,0.0222931500294853,0.227711083142393,0.0962984477361474,0.049924161745248,0.1296619012273964,0.127674508664924,0.065672701455449,0.0620018072094749,0.0,0.0703843547294026,0.8310977304596857,3.2867499938245683,0.1005568446924861,0.7230177074355559,1.1612975761796644,2025-12-29,121737052160.0,large_cap,2025-12-29,84.5262680053711,90,0.0537309819716118,2026-03-31,,,,,0.006401109681920314,-0.05318264967202457,-0.02300289500494579,0.300987639822464,-0.2455951279141788,-0.17286410696029908,25.52512924549198,-0.0014821553230946092,0.001830242469009562
V,2025-09-30,,40000000000.0,32145000000.0,26556000000.0,20058000000.0,26003000000.0,,4369000000.0,23059000000.0,-1482000000.0,21577000000.0,99627000000.0,25171000000.0,37909000000.0,17164000000.0,37766000000.0,35048000000.0,35926000000.0,0.1002358129421492,0.113399766186049,0.0131639532438998,0.803625,0.6639,0.50145,0.650075,0.576475,0.539425,0.03705,0.0,0.109225,0.2526523934274845,0.6639848057189586,0.1722826141507824,1.0775507874914405,0.4014975859957642,2025-12-29,619492999168.0,large_cap,2025-12-29,353.1481628417969,90,-0.1459258540407895,2026-03-31,,,,,0.04454496374905226,0.0024999345929717087,0.11376475476443626,0.1958086711564167,-0.046536076032178575,-0.1171815226953028,27.152167237173707,0.0002834919983234073,0.06117066887490948
AMAT,2025-10-31,,28368000000.0,13808000000.0,8470000000.0,6998000000.0,9975000000.0,3570000000.0,1768000000.0,7958000000.0,-2260000000.0,5698000000.0,36299000000.0,7050000000.0,20415000000.0,7241000000.0,20881000000.0,7999000000.0,27176000000.0,0.024851981747558,0.04386223138063,0.0190102496330719,0.4867456288776086,0.2985758601240835,0.2466864072194021,0.3516285956006768,0.2805273547659334,0.2008601240834743,0.0796672306824591,0.1258460236886633,0.0623237450648618,0.1942202264525193,0.3453343130051433,0.1994820793961266,2.6104513064133017,0.7815091324829885,2026-01-29,346505936896.0,large_cap,2026-01-29,340.9148254394531,90,0.1571511732464592,2026-04-30,,,,,0.5024121635824963,0.8110210805173532,0.994543664388224,0.4327791370222818,0.0,0.7108403588297223,26.571165789328575,0.0355731942882207,0.008810173237691402
AVGO,2025-10-31,,63887000000.0,43294000000.0,26075000000.0,23126000000.0,34714000000.0,10977000000.0,4211000000.0,27537000000.0,-623000000.0,26914000000.0,171092000000.0,65136000000.0,81292000000.0,16178000000.0,31573000000.0,18514000000.0,51574000000.0,0.4398503587481503,0.2387443285376351,-0.2011060302105152,0.6776652527118193,0.4081425016043952,0.3619828760154648,0.5433656299403634,0.4310266564402774,0.4212750637844945,0.0097515926557828,0.1718189929093556,0.0659132530874825,0.3807074556379024,0.8012596565467697,0.0945573141935333,1.7053581073782005,0.373407289645337,2026-01-29,2013133668352.0,large_cap,2026-01-29,330.0376892089844,90,0.2647949198658303,2026-04-30,,,,,-0.11155630930632277,0.09685606148582782,0.6093680685529552,0.48308287107033687,-0.19761041720689554,-0.003324660201803109,28.330713662941015,0.023123835364233864,0.10057703223287853
DE,2025-10-31,,44665000000.0,16295000000.0,8416000000.0,5027000000.0,11656000000.0,2311000000.0,4241000000.0,7459000000.0,-4228000000.0,3231000000.0,105996000000.0,64250000000.0,25950000000.0,8276000000.0,74902000000.0,32455000000.0,50518000000.0,-0.1614991369008099,-0.1158596935745674,0.0456394433262424,0.3648270457852905,0.1884249412291503,0.1125489757080488,0.2609649613791559,0.166998768610769,0.0723385200940333,0.0946602485167357,0.051740736594649,0.09495130415314,0.6061549492433677,2.4759152215799616,0.0780784180535114,2.307872438761362,0.4213838258047473,2026-01-29,151754391552.0,large_cap,2026-01-29,528.524169921875,90,0.1160700469088868,2026-04-30,,,,,0.13608487122099988,0.050979931428649206,0.11944358637595376,0.2691349280901468,0.0,-0.04920079025898172,25.74552920585443,-0.005906519233775755,-0.008381118771732384
SNPS,2025-10-31,,7054178000.0,5430629000.0,914927000.0,1332220000.0,2500301000.0,2479338000.0,1843839000.0,1518608000.0,-169454000.0,1349154000.0,48224461000.0,14293418000.0,28327602000.0,2888030000.0,6012102000.0,3722494000.0,6127436000.0,0.1522038114228356,0.151244664162955,-0.0009591472598806,0.7698457566565516,0.1297000160755796,0.188855455589581,0.3544425728979337,0.2152778112488797,0.1912560187735552,0.0240217924753245,0.3514708588300437,0.261382545209378,0.2963935252692611,0.5045756432189353,0.0598872427003383,1.61507365760697,0.1462780060932148,2026-01-29,96244596736.0,large_cap,2026-01-29,480.0,90,0.0054166793823242,2026-04-30,,,,,0.05071911675848173,-0.25621752822692845,-0.08766060127958974,0.36423812047910104,-0.25621752822692845,-0.3563982499145594,25.290158670730726,-0.03875153400934424,0.028926452328550175
ADBE,2025-11-30,,23769000000.0,21218000000.0,8706000000.0,7130000000.0,9815000000.0,4294000000.0,8061000000.0,10031000000.0,-179000000.0,9852000000.0,29496000000.0,6648000000.0,11623000000.0,5431000000.0,10163000000.0,10200000000.0,21505000000.0,0.1079911381317946,0.1052778423622413,-0.0027132957695532,0.8926753334174765,0.3662754007320459,0.2999705498758888,0.4129328116454205,0.4220202785140309,0.4144894610627287,0.0075308174513021,0.1806554756195044,0.3391392149438344,0.2253864930838079,0.5719693710745934,0.1841266612422023,0.9963725490196078,0.8058380797396257,2026-02-28,100079919104.0,large_cap,2026-03-02,260.8800048828125,90,,,,,,,-0.17838242029046103,-0.2629675353692583,-0.40328003059087203,0.33483054970535153,-0.4218597408724548,-0.32676086221582057,25.32923489479139,-0.027684654734991893,0.04363655614257231
ABBV,2025-12-31,,61160000000.0,42956000000.0,20091000000.0,4226000000.0,17629000000.0,9096000000.0,14010000000.0,19030000000.0,-1214000000.0,17816000000.0,133960000000.0,67496000000.0,-3270000000.0,5229000000.0,29062000000.0,43289000000.0,56334000000.0,0.0371147685849995,0.0856676252352042,0.0485528566502047,0.7023544800523218,0.3284990189666448,0.0690974493132766,0.28824395029431,0.3111510791366906,0.2913015042511445,0.0198495748855461,0.1487246566383257,0.2290712884238064,0.5038518960883845,20.64097859327217,0.0390340400119438,0.6713483794959458,0.4565541952821738,2026-03-31,371715538944.0,large_cap,2026-03-31,215.7005157470703,90,,,,,,,-0.05025180558424014,-0.01048395756325704,0.09496794874525794,0.27634075438128486,-0.09640564873472235,0.004036533191188241,26.641394718444413,-0.0008981357475108888,0.024955108096638288
ABT,2025-12-31,,44328000000.0,25009000000.0,8053000000.0,6524000000.0,12075000000.0,2942000000.0,12332000000.0,9566000000.0,-2171000000.0,7395000000.0,86713000000.0,13860000000.0,52130000000.0,8522000000.0,25996000000.0,16496000000.0,41950000000.0,0.0458999227106136,0.0566865315852205,0.0107866088746069,0.5641806533116765,0.181668471395055,0.1471756000721891,0.2724011911207363,0.2158003970402454,0.1668245804006497,0.0489758166395957,0.0663688864825843,0.2781988810683992,0.1598376252695674,0.2658737770957222,0.0982782281780125,1.5758971871968963,0.5112036257539239,2026-03-31,147130957824.0,large_cap,2026-03-31,102.02989959716795,90,,,,,,,-0.17162981122599474,-0.22132874466082386,-0.20045515704651917,0.27706705189903524,-0.24598643535243137,-0.20680825390637858,25.71458889668741,-0.012546358874932995,0.009456706846072587
AEP,2025-12-31,,21876000000.0,13346000000.0,5385000000.0,3580000000.0,9239000000.0,,,6944000000.0,-8583000000.0,-1639000000.0,114460000000.0,49508000000.0,31138000000.0,197000000.0,6052000000.0,13314000000.0,19721000000.0,0.0389316194289326,0.1092743775670606,0.0703427581381279,0.6100749680014628,0.2461601755348327,0.1636496617297494,0.4223349789723898,0.3174254891204973,-0.0749222892667763,0.3923477783872737,0.0,0.0,0.4325353835401013,1.5899543965572611,0.0017211252839419,0.4545591107105303,0.1911235366066748,2026-03-31,68094746624.0,large_cap,2026-03-31,130.13490295410156,90,,,,,,,0.14119742673559998,0.21295478314531047,0.2663949558151233,0.1805180787041642,-0.0228848433354345,0.22747527389975575,24.944165905041107,0.023270501378132167,-0.008187086525526245
AMD,2025-12-31,,34639000000.0,17152000000.0,3694000000.0,4335000000.0,7275000000.0,8091000000.0,4144000000.0,7709000000.0,-974000000.0,6735000000.0,76926000000.0,3847000000.0,62999000000.0,5539000000.0,26947000000.0,9455000000.0,25785000000.0,0.1369047619047618,0.3433779329067288,0.2064731710019669,0.4951644100580271,0.106642801466555,0.1251479546176275,0.2100233840468835,0.222552614105488,0.1944340194578365,0.0281185946476514,0.2335806460925546,0.1196339386240942,0.0500090996542131,0.0610644613406562,0.0720042638379741,2.850026441036489,0.4502898889842186,2026-03-31,691537707008.0,large_cap,2026-03-31,203.42999267578125,90,,,,,,,-0.05649092296317881,0.2607213182095811,0.9708388904279408,0.6405552353161953,-0.23039381451273533,0.2752418089640264,27.26218351586029,0.08952594731152343,0.06676435168817858
AMGN,2025-12-31,,36751000000.0,24714000000.0,9080000000.0,7711000000.0,16898000000.0,7272000000.0,7050000000.0,9958000000.0,-1858000000.0,8100000000.0,90586000000.0,54604000000.0,8658000000.0,9129000000.0,29057000000.0,25489000000.0,33424000000.0,0.1856686768357573,0.0995392532312111,-0.0861294236045462,0.6724714973742211,0.2470681069902859,0.2098174199341514,0.4597970123261952,0.2709586133710647,0.2204021659274577,0.0505564474436069,0.197872166743762,0.1918315147887132,0.6027863025191531,6.306768306768307,0.1007771620338683,1.1399819529993331,0.4057028679928465,2026-03-31,176207396864.0,large_cap,2026-03-31,349.21295166015625,90,,,,,,,0.074805172360352,0.30238694095035346,0.18223966186921392,0.30496140862671856,-0.09354384834224738,0.31690743170479874,25.894927529499252,0.03009937028906851,0.021938667006960618
AMT,2025-12-31,,10644600000.0,7896500000.0,4929200000.0,2529500000.0,6445200000.0,,940700000.0,5464000000.0,-1680400000.0,3783600000.0,63190400000.0,44963900000.0,3652500000.0,1474800000.0,2741800000.0,6913800000.0,10127200000.0,0.0114859870957431,0.0510901335018563,0.0396041464061132,0.7418315389962986,0.4630704770493959,0.2376322266689213,0.605490107660222,0.5133119140221333,0.3554478327039062,0.157864081318227,0.0,0.0883734475696597,0.711562199321416,12.310444900752907,0.0233389882007393,0.3965691804796205,0.1684528029574112,2026-03-31,79495331840.0,large_cap,2026-03-31,170.87271118164062,90,,,,,,,-0.018483769105964387,-0.09639991872830123,-0.17128990016610002,0.291463476190449,-0.2434026091270599,-0.08187942797385594,25.09896413788896,-0.004925084717397007,0.018159877225788053
AMZN,2025-12-31,,716924000000.0,360510000000.0,79975000000.0,77670000000.0,165341000000.0,,58301000000.0,139514000000.0,-131819000000.0,7695000000.0,818042000000.0,152987000000.0,411065000000.0,86810000000.0,229083000000.0,218005000000.0,637959000000.0,0.1099089224666614,0.1237775468329469,0.0138686243662855,0.5028566486824266,0.1115529679575519,0.1083378433418326,0.2306255614263157,0.1946008224023745,0.0107333552789417,0.1838674671234328,0.0,0.0813210326338635,0.1870160700795313,0.3721722841886319,0.1061192457111004,1.0508153482718283,0.8763902097936291,2026-03-31,2841383010304.0,large_cap,2026-03-31,208.2700042724609,90,,,,,,,-0.10255527341155923,-0.06256467574849767,0.08068702238098235,0.3139709351136984,-0.18003935325802778,-0.048044184994052386,28.67531202502675,-0.007744102082547806,0.001328548385713864
ANET,2025-12-31,,9005700000.0,5768700000.0,3856100000.0,3511400000.0,3928700000.0,1237300000.0,675300000.0,4371900000.0,-119500000.0,4252400000.0,19448600000.0,,12370500000.0,1963900000.0,16387000000.0,5376500000.0,7003100000.0,0.1950274734650694,0.2859590752666676,0.0909316018015982,0.6405609780472368,0.4281843721198796,0.3899086134337142,0.4362459331312391,0.4854592091675272,0.4721898353265154,0.0132693738410118,0.1373907636274803,0.0749858422998767,,,0.1009789907756856,3.0478936110852786,0.4630513250311076,2026-03-31,178764283904.0,large_cap,2026-03-31,122.77999877929688,90,,,,,,,-0.08475583775248663,-0.143614403565131,0.575314279359953,0.572080886439698,-0.24223909335124372,-0.12909391281068572,25.909333925280347,-0.04106784203845887,0.13502696866029038
AON,2025-12-31,,17181000000.0,8196000000.0,4709000000.0,3695000000.0,6540000000.0,,1953000000.0,3481000000.0,-263000000.0,3218000000.0,50784000000.0,16071000000.0,9352000000.0,1195000000.0,25774000000.0,23226000000.0,15698000000.0,0.1735944976076555,0.0944706332016818,-0.0791238644059737,0.4770385891391653,0.2740818345847157,0.215063151155346,0.3806530469704907,0.2026075315755776,0.1872999243350212,0.0153076072405564,0.0,0.1136720796228391,0.3164579395085066,1.7184559452523525,0.0235310333963453,1.109704641350211,0.3383152173913043,2026-03-31,67750879232.0,large_cap,2026-03-31,321.93072509765625,90,,,,,,,-0.0951700521152975,-0.08978625172503585,-0.1784613005138167,0.3095490639798015,-0.18780704979279472,-0.07526576097059057,24.93910327421611,-0.008482164053269731,0.017694342450556542
APH,2025-12-31,,23094700000.0,8517700000.0,5972000000.0,4270300000.0,6890900000.0,,2545700000.0,5374700000.0,-996600000.0,4378100000.0,36236900000.0,15502000000.0,13413100000.0,11130600000.0,20267200000.0,6802800000.0,15222700000.0,0.2125100559949659,0.5171224552806006,0.3046123992856346,0.3688162219037268,0.2585874681203912,0.1849038956990132,0.2983758178283329,0.2327243913105604,0.189571633318467,0.0431527579920934,0.0,0.1102287537833355,0.4277959759250929,1.1557358105136024,0.3071620364876686,2.979243840771447,0.63732548865935,2026-03-31,153779306496.0,large_cap,2026-03-31,126.3499984741211,90,,,,,,,-0.07523932956451629,0.04820963247036092,0.9108643155071965,0.5745201264385902,-0.23849788318195508,0.0627301232248062,25.758784336825098,0.024930283511248406,0.09803174847319937
AXP,2025-12-31,,72230000000.0,,,10833000000.0,,,15268000000.0,18428000000.0,-2425000000.0,16003000000.0,300052000000.0,57759000000.0,33474000000.0,47708000000.0,,,65949000000.0,0.0897959183673469,0.095240261414123,0.0054443430467761,,,0.1499792330056763,,0.255129447597951,0.2215561401079883,0.0335733074899626,0.0,0.2113803128893811,0.1924966339167877,1.7254884387883134,0.1589991068214842,,0.2407249410102249,2026-03-31,213895708672.0,large_cap,2026-03-31,301.5267639160156,90,,,,,,,-0.1922840479592406,-0.11214951759372771,0.15149496132112228,0.3184624774104987,-0.2123673209447069,-0.09762902683928243,26.08875439052403,-0.010681149373094414,0.02110106470178887
BA,2025-12-31,,89463000000.0,4289000000.0,-5416000000.0,2235000000.0,7359000000.0,3615000000.0,6090000000.0,1065000000.0,-2951000000.0,-1886000000.0,168235000000.0,54433000000.0,5454000000.0,10921000000.0,128459000000.0,108115000000.0,66517000000.0,-0.1449597655346171,0.3449644451794278,0.4899242107140449,0.0479416071448531,-0.0605389937739624,0.0249823949565742,0.0822574695684249,0.0119043626974279,-0.0210813408895297,0.0329857035869577,0.0404077663391569,0.0680728345796586,0.3235533628555295,9.98038137147048,0.0649151484530567,1.1881700041622347,0.5317740065979136,2026-03-31,173812793344.0,large_cap,2026-03-31,199.02999877929688,90,,,,,,,-0.08386651885248853,-0.08314908282433797,0.1484046020600025,0.3161795585421844,-0.21066823875869278,-0.06862859206989269,25.881244656642874,-0.02868347722367604,-0.007272313063594998
BAC,2025-12-31,,113097000000.0,,,30509000000.0,,,52246000000.0,12613000000.0,,12613000000.0,3411738000000.0,365904000000.0,303243000000.0,239319000000.0,,,105856000000.0,0.0300382411038349,0.0684042472793229,0.038366006175488,,,0.2697595869032777,,0.1115237362617929,0.1115237362617929,,0.0,0.4619574347683846,0.1072485636353084,1.2066362620076967,0.0701457732100178,,0.0331493801692861,2026-03-31,353197326336.0,large_cap,2026-03-31,48.75,90,,,,,,,-0.1142621214454621,-0.059893852291418304,0.20839988607708415,0.26038516001795986,-0.14365780406315465,-0.04537336153697302,26.59029273581744,-0.004096993882653418,0.007628697232765672
BL,2025-12-31,,700427000.0,527042000.0,40178000.0,24518000.0,104912000.0,109202000.0,377662000.0,169567000.0,-34671000.0,134896000.0,1759519000.0,920407000.0,332326000.0,390034000.0,1025209000.0,695377000.0,653336000.0,0.1073566600451527,0.0720777670295222,-0.0352788930156304,0.7524581433896752,0.0573621519444567,0.0350043616251229,0.1497829181342238,0.2420908959820224,0.1925910908631449,0.0494998051188774,0.155907753413275,0.5391882380319434,0.5231014839851118,2.769590703104783,0.2216708088972042,1.4743211236494735,0.3980786794572835,2026-03-31,1598509952.0,low_cap,2026-03-31,37.0,90,,,,,,,-0.358307317067039,-0.30043485674077,-0.24195863636573234,0.5437090486194194,-0.3710692019650975,-0.2859143659863247,21.19233775228151,-0.021654673611709096,0.0138815357791953
BLK,2025-12-31,,24216000000.0,11310000000.0,7909000000.0,5553000000.0,9359000000.0,,2626000000.0,3927000000.0,-375000000.0,3552000000.0,169998000000.0,14996000000.0,55888000000.0,11468000000.0,27424000000.0,1740000000.0,20407000000.0,0.1426731619911529,0.1866516391434312,0.0439784771522782,0.4670465807730426,0.326602246448629,0.2293111992071357,0.3864800132144037,0.1621655104063429,0.1466798810703667,0.0154856293359762,0.0,0.1084407003633961,0.0882128025035588,0.2683223590037217,0.0674596171719667,15.760919540229883,0.1424487346909963,2026-03-31,167947649024.0,large_cap,2026-03-31,961.7100219726562,90,,,,,,,-0.11148117400946067,-0.17335483696315945,0.036790649533180675,0.3234798451976198,-0.19193481386966882,-0.15883434620871417,25.846918154835883,-0.03235696447261598,0.02737804023114749
BMY,2025-12-31,,48195000000.0,34259000000.0,13724000000.0,7054000000.0,15230000000.0,9951000000.0,7267000000.0,14156000000.0,-1311000000.0,12845000000.0,90038000000.0,47139000000.0,18473000000.0,10209000000.0,29390000000.0,23417000000.0,48300000000.0,0.0731902413011598,-0.0021739130434782,-0.075364154344638,0.7108413735864716,0.2847598298578691,0.1463637306774561,0.3160078846353356,0.2937234152920427,0.2665214233841685,0.0272019919078742,0.2064737005913476,0.1507832762734723,0.5235456140740576,2.5517782709900936,0.1133854594726671,1.2550711021907162,0.5352739954241542,2026-03-31,116398063616.0,large_cap,2026-03-31,60.03102493286133,90,,,,,,,0.13411097122796,0.4090642181528268,0.06154371067258402,0.24413355024959607,-0.02757729719562274,0.42358470890727207,25.480281736504,-0.0008892700394626421,-0.0005793943986612197
BROS,2025-12-31,,1638159000.0,423946000.0,161180000.0,79842000.0,279061000.0,,259387000.0,295545000.0,-241134000.0,54411000.0,3009314000.0,1089022000.0,680818000.0,269404000.0,357378000.0,240499000.0,1281015000.0,0.3264100578187903,0.2787976721584055,-0.0476123856603847,0.2587941707734109,0.0983909376318171,0.0487388586822158,0.1703503750246465,0.180412890323833,0.0332147245780171,0.1471981657458158,0.0,0.1583405518023586,0.3618838047475272,1.5995787420426604,0.089523393039078,1.485985388712635,0.5443629345425569,2026-03-31,8910600192.0,low_cap,2026-03-31,50.65999984741211,90,,,,,,,-0.2143300680835868,-0.03633250634392071,-0.18969930459875417,0.5293333079245167,-0.31761851690279874,-0.02181201558947543,22.910507437776598,-0.010129418192365595,0.009260187893733745
BSX,2025-12-31,,20074000000.0,13853000000.0,3971000000.0,2898000000.0,5102000000.0,2052000000.0,6887000000.0,4534000000.0,-1130000000.0,3404000000.0,43673000000.0,11436000000.0,24232000000.0,1965000000.0,8794000000.0,5439000000.0,16747000000.0,0.1760533707865168,0.1986624470054339,0.022609076218917,0.6900966424230348,0.1978180731294211,0.1443658463684367,0.2541596094450533,0.2258643020822955,0.16957258144864,0.0562917206336554,0.1022217794161602,0.3430806017734383,0.2618551507796579,0.4719379333113239,0.0449934742289286,1.616841331127045,0.4596432578480983,2026-03-31,78301192192.0,large_cap,2026-03-31,62.75,90,,,,,,,-0.3447159711762501,-0.3533594455071837,-0.3684581359245427,0.4627154869128053,-0.4197336752897498,-0.3388389547527384,25.083828665778725,-0.07019925211694038,0.03368770397561507
BX,2025-12-31,,12410012000.0,,,3019214000.0,,,1573764000.0,4663161000.0,-115703000.0,4547458000.0,47708975000.0,13306165000.0,8665526000.0,2631241000.0,,,10930540000.0,0.5600239144275674,0.135352141797203,-0.4246717726303644,,,0.2432885641045311,,0.3757579767046156,0.3664346174685407,0.0093233592360748,0.0,0.1268140594868079,0.2789027641025614,1.5355288299867775,0.0551519080005386,,0.2601190237266678,2026-03-31,144092463104.0,large_cap,2026-03-31,113.93429565429688,90,,,,,,,-0.2501356008833917,-0.333718163814287,-0.13905666098992142,0.4258927254419313,-0.3780003941853167,-0.3191976730598417,25.693721035350162,-0.045169468228893596,0.04959771030300577
C,2025-12-31,,85213000000.0,,,14306000000.0,,,30823000000.0,-67632000000.0,-6520000000.0,-74152000000.0,2657202000000.0,367705000000.0,212291000000.0,349579000000.0,,,80672000000.0,0.0330644128569599,0.0562896667988892,0.0232252539419293,,,0.1678851818384518,,-0.7936817152312441,-0.870195862133712,0.0765141469024679,0.0,0.3617171088918357,0.1383805220679496,1.732080022233632,0.1315590609972444,,0.0320686948150723,2026-03-31,210502303744.0,large_cap,2026-03-31,112.87606048583984,90,,,,,,,-0.03495176712754722,0.11167949071103989,0.6544599906803845,0.38075153943992646,-0.0837035396492668,0.12619998146548517,26.07276243416098,0.006286401320394076,-0.048983035129278776
CAT,2025-12-31,,67589000000.0,21478000000.0,11151000000.0,8884000000.0,14305000000.0,2148000000.0,6985000000.0,11739000000.0,-4286000000.0,7453000000.0,98585000000.0,43330000000.0,21318000000.0,9980000000.0,52485000000.0,36558000000.0,64809000000.0,-0.0335669549657023,0.0428952768905552,0.0764622318562576,0.3177736022133779,0.1649824675612895,0.1314415067540576,0.2116468656142271,0.1736821080353311,0.1102694225391705,0.0634126854961606,0.0317803192827235,0.103345218896566,0.4395191966323477,2.03255464865372,0.10123243901202,1.4356638765796816,0.6855911142668762,2026-03-31,409148456960.0,large_cap,2026-03-31,707.1138305664062,90,,,,,,,0.22728199167655916,0.5100567234839968,1.1784349968034298,0.38657039349432487,-0.08585800323699777,0.5245772142384421,26.737343902581884,0.02187902438373539,0.004730037412379347
CB,2025-12-31,,59783000000.0,,,10310000000.0,,,4504000000.0,12816000000.0,,12816000000.0,272327000000.0,17227000000.0,73757000000.0,2272000000.0,,,56010000000.0,0.1241119094448681,0.0673629708980538,-0.0567489385468142,,,0.1724570530083803,,0.2143753240887878,0.2143753240887878,,0.0,0.0753391432346988,0.0632585090718144,0.2335642718657212,0.0083429112794544,,0.2195265250966668,2026-03-31,125724844032.0,large_cap,2026-03-31,325.92999267578125,90,,,,,,,0.03956793986900364,0.16930947389211704,0.10643614001500112,0.19385726689550437,-0.04629440616253855,0.18382996464656232,25.557361578454852,0.011405189162559481,0.014440958717853865
CDNS,2025-12-31,,5296759000.0,4574510000.0,1649781000.0,1108888000.0,1872428000.0,1768772000.0,1116020000.0,1728781000.0,-141871000.0,1586910000.0,10153148000.0,2616439000.0,5474181000.0,3001317000.0,4669673000.0,1635291000.0,4641264000.0,0.1347872584404934,0.1412320005929419,0.0064447421524485,0.8636432203164237,0.311469900744965,0.2093521717714549,0.3535044732071065,0.3263846816515533,0.2996001894743559,0.0267844921771974,0.3339347703001024,0.2106986555363383,0.2576973171276534,0.477959899389516,0.2956045750539635,2.855560875709583,0.5216863774663779,2026-03-31,95774343168.0,large_cap,2026-03-31,277.8699951171875,90,,,,,,,-0.12539736681061764,-0.2027143237793253,0.08251195011233814,0.4293603615788709,-0.25577845367575924,-0.18819383302488002,25.285260669435996,-0.028629749496199484,0.04231313413748773
CELH,2025-12-31,,2515269000.0,1267333000.0,468523000.0,107999000.0,203461000.0,,798810000.0,359442000.0,-36067000.0,323375000.0,5119621000.0,669926000.0,2941442000.0,398866000.0,1811154000.0,1078726000.0,1355630000.0,0.0285399092877618,0.8554244152165413,0.8268845059287795,0.5038558500104761,0.1862715280154925,0.0429373558056812,0.0808903540734609,0.1429039995324555,0.1285647777633326,0.0143392217691229,0.0,0.3175843219949834,0.1308546081829104,0.2277542783437511,0.0779092827379214,1.678975013117325,0.4912998442658157,2026-03-31,7710112768.0,low_cap,2026-03-31,35.47999954223633,90,,,,,,,-0.2360034325705006,-0.3764499368932436,0.054383296682766646,0.5368583439716793,-0.452975652045033,-0.3619294461387983,22.76579865061443,-0.32202446712520677,0.10997744983564339
CI,2025-12-31,,274876000000.0,,,5957000000.0,,,14617000000.0,9601000000.0,-1212000000.0,8389000000.0,157919000000.0,31463000000.0,41713000000.0,7676000000.0,47814000000.0,56342000000.0,244384000000.0,0.2520505976320144,0.1247708524289643,-0.12727974520305,,,0.0216715900988081,,0.0349284768404662,0.0305192159373681,0.0044092609030981,0.0,0.0531767051324961,0.1992350508805146,0.7542732481480594,0.0486071973606722,0.8486386709736964,1.7406138590036664,2026-03-31,75463155712.0,large_cap,2026-03-31,266.75,90,,,,,,,-0.02822548054447349,-0.05900732717535673,-0.1619669548486733,0.2733198227012065,-0.1989347068015085,-0.044486836420911446,25.046910370274205,-0.007362394511224049,0.0038079085879690502
CL,2025-12-31,,20382000000.0,12251000000.0,4233000000.0,2132000000.0,3956000000.0,,7903000000.0,4198000000.0,-564000000.0,3634000000.0,16330000000.0,8554000000.0,54000000.0,1288000000.0,5709000000.0,6853000000.0,20101000000.0,0.0330986277432285,0.0139794040097507,-0.0191192237334778,0.6010695711902659,0.2076832499264056,0.1046020998920616,0.1940928270042194,0.2059660484741438,0.1782945736434108,0.027671474830733,0.0,0.3877440879207143,0.5238211879975505,158.40740740740742,0.0788732394366197,0.8330658105939005,1.248132271892223,2026-03-31,70520684544.0,large_cap,2026-03-31,84.7035903930664,90,,,,,,,0.07606850422251177,0.07371677175173974,-0.05914441673112891,0.25275469427283764,-0.14030658764575699,0.08823726250618502,24.979171901519155,0.0010305165346121475,0.0024924518777074884
CME,2025-12-31,,6520600000.0,5613600000.0,4229500000.0,4072200000.0,5834800000.0,,150500000.0,4277100000.0,-83500000.0,4193600000.0,198424200000.0,3422300000.0,28728200000.0,4416900000.0,165359300000.0,160296700000.0,6130100000.0,0.0988008388750469,0.0637020603252802,-0.0350987785497667,0.8609023709474588,0.6486366285311168,0.624513081618256,0.8948256295432936,0.6559365702542711,0.6431310002147042,0.0128055700395669,0.0,0.0230806980952673,0.0172473922031687,0.1191268509687345,0.0222598856389492,1.031582683860616,0.0328619190602759,2026-03-31,108294709248.0,large_cap,2026-03-31,295.3500061035156,90,,,,,,,0.08616684586083911,0.11594415130210978,0.1694589661363617,0.21522097278028993,-0.0736672568773874,0.13046464205655506,25.40812213701764,0.007385881320610412,0.04096876977273488
CMG,2025-12-31,,11925601000.0,3026207000.0,2012808000.0,1535761000.0,2374190000.0,,652017000.0,2113926000.0,-666336000.0,1447590000.0,8994531000.0,5075814000.0,2830607000.0,350545000.0,1466953000.0,1188142000.0,11313853000.0,0.1460955510067263,0.0540707042949912,-0.092024846711735,0.253757190098847,0.1687804245672817,0.1287784992974358,0.1990834675753448,0.1772594940917443,0.1213850773642351,0.0558744167275091,0.0,0.0546737225235021,0.5643222531558344,1.79318923467652,0.0389731271146878,1.2346613451927464,1.3258724662797872,2026-03-31,41881264128.0,mid_cap,2026-03-31,32.0099983215332,90,,,,,,,-0.13812604072215073,-0.19774443364941463,-0.3586455936807029,0.3518348661735966,-0.4503777919125931,-0.18322394289496935,24.458104407020425,-0.010692180797838007,0.006563376623986186
COIN,2025-12-31,,7181325000.0,5360105000.0,1456145000.0,1260327000.0,1795906000.0,1670605000.0,1877229000.0,2426383000.0,,2426383000.0,29671832000.0,7831459000.0,14793058000.0,11285452000.0,20388445000.0,8701282000.0,6564028000.0,1.1117178931939855,0.0940424081067294,-1.017675485087256,0.7463949897825262,0.2027682913668438,0.1755006214034318,0.2500800339770168,0.3378739995752873,0.3378739995752873,,0.2326318611119814,0.261404267318357,0.2639358095583717,0.5294009527982653,0.3803422720915917,2.3431541467107952,0.2420249952884607,2026-03-31,51488137216.0,large_cap,2026-03-31,174.61000061035156,90,,,,,,,-0.2530692671466861,-0.4771998990514048,0.003909664596133844,0.8641111114068704,-0.5840440203961352,-0.4626794082969595,24.664617272762154,-0.04487702765508228,0.031774484556712085
COP,2025-12-31,,58944000000.0,14788000000.0,11342000000.0,7988000000.0,25570000000.0,,893000000.0,19796000000.0,-12553000000.0,7243000000.0,121939000000.0,23444000000.0,64487000000.0,6497000000.0,15532000000.0,11972000000.0,54745000000.0,-0.0248659624873087,0.0767010685907387,0.1015670310780475,0.2508821932681867,0.1924199239956568,0.1355184581976113,0.4338015743756786,0.3358441910966341,0.1228793431053203,0.2129648479913138,0.0,0.0151499728555917,0.1922600644584587,0.3635461410826988,0.0532807387300207,1.297360507851654,0.4833892356014073,2026-03-31,149131378688.0,large_cap,2026-03-31,131.02626037597656,90,,,,,,,0.4361141112835212,0.4007466571140492,0.33360599954712655,0.30105694453672077,-0.013452847307184435,0.4152671478684945,25.72809349055197,0.030737696834813935,0.009424976923906087
CROX,2025-12-31,,4040647000.0,2357055000.0,887630000.0,-81198000.0,240547000.0,,1435580000.0,710431000.0,-51231000.0,659200000.0,4174750000.0,1613849000.0,1293283000.0,130354000.0,885883000.0,700129000.0,4102108000.0,0.0352722767592035,-0.0149827844610624,-0.050255061220266,0.5833360350458726,0.2196752153801111,-0.020095296619576,0.0595318027038739,0.175821099937708,0.1631421898522687,0.0126789100854392,0.0,0.3552846858436285,0.3865738068147793,1.2478699557637425,0.0312243846936942,1.2653139635695707,0.9678775974609258,2026-03-31,4717535232.0,low_cap,2026-03-31,83.0199966430664,90,,,,,,,-0.033977259895130896,-0.008834831354952555,-0.21671857423968244,0.5158805014400119,-0.30966243831410045,0.005685659399492726,22.274552303541572,0.00013237037394109002,-0.0024443242670622633
CSX,2025-12-31,,14092000000.0,4685000000.0,4718000000.0,2889000000.0,6293000000.0,,-33000000.0,4613000000.0,-2902000000.0,1711000000.0,43682000000.0,19352000000.0,13155000000.0,670000000.0,2550000000.0,3133000000.0,14540000000.0,-0.0079825339428259,-0.0308115543328748,-0.0228290203900488,0.3324581322736304,0.334799886460403,0.2050099347147317,0.4465654271927334,0.327348850411581,0.121416406471757,0.205932443939824,0.0,-0.0023417541867726,0.4430200082413809,1.4710756366400608,0.0153381255437022,0.8139163740823492,0.3226042763609725,2026-03-31,84842618880.0,large_cap,2026-03-31,41.04999923706055,90,,,,,,,0.12160109147798748,0.15370989559584758,0.43164049988561914,0.23756318811100682,-0.04910815431560067,0.16823038635029286,25.164063834624745,-0.00473604079965197,-0.003741028204906952
CVX,2025-12-31,,184432000000.0,56086000000.0,16674000000.0,12299000000.0,41417000000.0,,5126000000.0,33939000000.0,-17347000000.0,16592000000.0,324012000000.0,40758000000.0,186450000000.0,6293000000.0,38552000000.0,33387000000.0,193414000000.0,-0.0177692686617948,-0.0464392443153028,-0.028669975653508,0.3041012405656285,0.0904073045892253,0.0666858245857551,0.2245651513837078,0.1840190422486336,0.0899626962783031,0.0940563459703305,0.0,0.0277934414852086,0.1257916373467649,0.2186001609010458,0.0194221201683888,1.1547009315002843,0.5692134859202745,2026-03-31,380594323456.0,large_cap,2026-03-31,206.8999938964844,90,,,,,,,0.38369407410786294,0.3533459771002896,0.3017695251056822,0.2350341807179332,-0.020127871763441996,0.36786646785473487,26.664999876973116,-0.016409120158389738,-0.0041777996317315
DDOG,2025-12-31,,3427158000.0,2740201000.0,-44373000.0,107741000.0,193836000.0,1548451000.0,1236123000.0,1050135000.0,-135418000.0,914717000.0,6643844000.0,1279005000.0,3732206000.0,401305000.0,5382280000.0,1591401000.0,2684275000.0,0.2611946574802466,0.2767536858183308,0.0155590283380842,0.7995549081775629,-0.0129474625914533,0.0314374184090724,0.0565588163720493,0.3064156948702102,0.2669024888843759,0.0395132059858343,0.4518178035561827,0.3606845672128335,0.1925097880082675,0.3426941063810518,0.0604025320281451,3.382101682731128,0.5158396253735037,2026-03-31,74032603136.0,large_cap,2026-03-31,118.0500030517578,90,,,,,,,-0.1441931204698742,-0.18731923780843607,0.167655834158845,0.6641738694496977,-0.4089224798206107,-0.1727987470539908,25.027771416041343,-0.05184128948816511,0.0738662475528371
DHR,2025-12-31,,24568000000.0,14523000000.0,4690000000.0,3614000000.0,6945000000.0,1598000000.0,8235000000.0,6416000000.0,-1156000000.0,5260000000.0,83464000000.0,19696000000.0,52534000000.0,4615000000.0,12756000000.0,6807000000.0,23875000000.0,-0.0006278777731267,0.0290261780104712,0.029654055783598,0.5911348095083034,0.1908987300553565,0.1471019211983067,0.2826847932269619,0.2611527189840443,0.2140996418104852,0.0470530771735591,0.0650439596222728,0.335192119830674,0.2359819802549602,0.3749191000114212,0.0552933001054346,1.873953283384751,0.2943544522189207,2026-03-31,114595143680.0,large_cap,2026-03-31,189.6000061035156,90,,,,,,,-0.1761515958515405,0.022612043417467254,-0.07259384560245408,0.26836720896217153,-0.2150210303749761,0.037132534171912535,25.46467126406388,0.000656341197415908,0.006214494315169266
DPZ,2025-12-31,,4939994000.0,1973560000.0,949946000.0,601704000.0,1055137000.0,,1023614000.0,792062000.0,-120558000.0,671504000.0,1716459000.0,5048284000.0,-3901142000.0,125675000.0,894201000.0,541621000.0,4706416000.0,0.0506898533227306,0.049629696992361,-0.0010601563303695,0.3995065581051313,0.1922969946927061,0.1218025770881503,0.2135907452519173,0.1603366319878121,0.135932148905444,0.0244044830823681,0.0,0.2072095634124252,2.9411037490554683,1.294052869646888,0.0732175950605286,1.6509718050075606,2.878014563703532,2026-03-31,10054730752.0,mid_cap,2026-03-31,358.7900085449219,90,,,,,,,-0.14397097745401066,-0.1665444857338253,-0.18395926970211063,0.2836875586663725,-0.2666261705253089,-0.15202399497938002,23.03130908228888,-0.008265552362718339,0.006746271361697682
DUK,2025-12-31,,32237000000.0,16498000000.0,8577000000.0,4968000000.0,17050000000.0,,,12330000000.0,-14024000000.0,-1694000000.0,195736000000.0,90869000000.0,51842000000.0,245000000.0,11613000000.0,21047000000.0,30357000000.0,0.0446317962835511,0.0619297031986032,0.017297906915052,0.5117721872382666,0.2660607376616931,0.154108632937308,0.5288953686757453,0.3824797592828117,-0.052548314049074,0.4350280733318857,0.0,0.0,0.4642426533698451,1.7528066046834614,0.0012516859443331,0.5517650971634912,0.1646963256631381,2026-03-31,94292164608.0,large_cap,2026-03-31,129.81820678710938,90,,,,,,,0.1236829497092482,0.08471544433502354,0.1353870150751193,0.1470805497013639,-0.018882080636088205,0.09923593508946882,25.269663933080633,0.005246402324005799,-0.0032543014926461437
DUOL,2025-12-31,,1037589000.0,749457000.0,135570000.0,414065000.0,149961000.0,306323000.0,307564000.0,387823000.0,-27399000.0,360424000.0,1992182000.0,93779000.0,1347006000.0,1036389000.0,1436606000.0,551148000.0,748024000.0,0.4084189874394899,0.3871065634257724,-0.0213124240137174,0.7223062310799363,0.1306586712079638,0.3990645621724979,0.1445283247991256,0.3737732377656278,0.3473668282913562,0.0264064094742716,0.2952257589469433,0.296421800925029,0.0470735103519658,0.0696203283430066,0.5202280715316171,2.606570286021177,0.5208304261357647,2026-03-31,5221224448.0,low_cap,2026-03-31,98.56999969482422,90,,,,,,,-0.4529055852995282,-0.7001946588576022,-0.6870793660481771,0.6025339836941338,-0.8176925334207221,-0.685674168103157,22.375997779916425,-0.27104994811944744,0.13446797914797726
DXCM,2025-12-31,,4662000000.0,2801900000.0,911800000.0,836300000.0,1358500000.0,599100000.0,1291000000.0,1440700000.0,-363500000.0,1077200000.0,6339900000.0,1389700000.0,2746000000.0,917700000.0,4033300000.0,2142500000.0,4033000000.0,0.1133810010214504,0.1559633027522935,0.0425823017308431,0.601008151008151,0.1955812955812955,0.1793865293865293,0.2913985413985414,0.309030459030459,0.231059631059631,0.0779708279708279,0.1285070785070785,0.2769197769197769,0.2191990409943374,0.506081573197378,0.1447499171911229,1.882520420070012,0.7353428287512421,2026-03-31,23781353472.0,mid_cap,2026-03-31,62.79999923706055,90,,,,,,,-0.06921597597673668,-0.05507071769230898,-0.07292587514755622,0.3322428417507496,-0.29855914114473814,-0.0405502269378637,23.892167642989705,-0.008589011016231671,0.03603682319278647
ECL,2025-12-31,,16081200000.0,7150400000.0,2892500000.0,2075600000.0,3830500000.0,,4257900000.0,2952600000.0,-1048300000.0,1904300000.0,24696300000.0,8997500000.0,9770800000.0,646200000.0,5955600000.0,5534700000.0,15741400000.0,0.0274931136669234,0.0215863900288411,-0.0059067236380823,0.4446434345695594,0.1798684177797676,0.1290699699027435,0.2381973982041141,0.1836057010670845,0.118417779767679,0.0651879212994055,0.0,0.2647750167897918,0.3643258301850884,0.9208560199778932,0.02616586290254,1.0760474822483603,0.651158270672125,2026-03-31,69689556992.0,large_cap,2026-03-31,266.0199890136719,90,,,,,,,0.004568239693831133,-0.019893911283009658,0.07723632268882508,0.21265049563001867,-0.1349669733252119,-0.005373420528564377,24.96731631553921,-0.00042943772815420914,0.0025562123804145276
ELV,2025-12-31,,199125000000.0,,,5662000000.0,,,,4290000000.0,-1116000000.0,3174000000.0,121494000000.0,32046000000.0,43882000000.0,9491000000.0,,,176810000000.0,0.0319248278277108,0.1262089248345681,0.0942840970068572,,,0.0284344005021971,,0.0215442561205273,0.015939736346516,0.0056045197740112,0.0,0.0,0.2637661119067608,0.7302766510186409,0.0781190840699952,,1.6389698256704035,2026-03-31,85275320320.0,large_cap,2026-03-31,292.75,90,,,,,,,-0.15450190449732126,-0.07387539491077266,-0.3078689385432698,0.4371199476099682,-0.33950244583918154,-0.05935490415632738,25.16915092156186,-0.009323734163417743,0.002011736986440271
ENPH,2025-12-31,,1472985000.0,687004000.0,164657000.0,172133000.0,289980000.0,189075000.0,333272000.0,136540000.0,-40639000.0,95901000.0,3509792000.0,1212588000.0,1087023000.0,474318000.0,2606860000.0,1262150000.0,1330383000.0,-0.4192460579032698,0.1071886817555545,0.5264347396588244,0.4664025770798752,0.1117845735021062,0.116859981601985,0.1968655485290074,0.0926961238573373,0.0651065693133331,0.0275895545440041,0.1283617959449688,0.2262562076328,0.3454871399786654,1.1155127352411127,0.1351413417091383,2.0654121934793803,0.4196787160036834,2026-03-31,6970807808.0,low_cap,2026-03-31,37.810001373291016,90,,,,,,,0.14126170100489,0.04794898709642759,-0.3866991007709958,1.0177450625590605,-0.3952335077343109,0.06246947785087287,22.664996952851126,0.005139588718380166,0.006978687338322812
EOG,2025-12-31,,22582000000.0,14312000000.0,7250000000.0,4980000000.0,11058000000.0,,5615000000.0,10044000000.0,-6594000000.0,3450000000.0,51799000000.0,8408000000.0,29833000000.0,3396000000.0,7656000000.0,4691000000.0,23378000000.0,0.0084548356483478,-0.0340491059970913,-0.0425039416454391,0.6337791161101762,0.321052165441502,0.2205296253653352,0.4896820476485696,0.4447790275440616,0.1527765476928527,0.2920024798512089,0.0,0.2486493667522805,0.1623197359022375,0.2818355512352093,0.0655611112183632,1.6320613941590278,0.4359543620533215,2026-03-31,74706477056.0,large_cap,2026-03-31,143.45616149902344,90,,,,,,,0.3947643502147289,0.29995158475077965,0.18436601183025259,0.28405612076971243,-0.035492661303791695,0.31447207550522494,25.036832632903273,-0.010213083303174811,-0.005201904866263617
EQIX,2025-12-31,,9217000000.0,4709000000.0,1966000000.0,1350000000.0,4101000000.0,,2743000000.0,3911000000.0,-4311000000.0,-400000000.0,40141000000.0,22726000000.0,14156000000.0,1727000000.0,5125000000.0,3893000000.0,8748000000.0,0.0683927699071813,0.053612254229538,-0.0147805156776432,0.5109037647824671,0.2133015080828903,0.1464684821525442,0.4449387002278399,0.4243246175545188,-0.043398068785939,0.4677226863404578,0.0,0.2976022566995768,0.5661543060710994,1.6053970048036168,0.0430233427169228,1.316465450809145,0.2296156049924017,2026-03-31,104486469632.0,large_cap,2026-03-31,980.239990234375,90,,,,,,,0.28834321181329625,0.26842220073643164,0.2490291789169672,0.2941196233846929,-0.004286646124872728,0.2829426914908769,25.372323422762637,0.014390719266733654,-0.002326668296822739
ETN,2025-12-31,,27448000000.0,10317000000.0,5209000000.0,4087000000.0,6179000000.0,797000000.0,4311000000.0,4472000000.0,-919000000.0,3553000000.0,41251000000.0,10532000000.0,19425000000.0,622000000.0,12355000000.0,9370000000.0,24878000000.0,0.0725125021555441,0.1033041241257335,0.0307916219701893,0.3758743806470417,0.1897770329350043,0.1488997376858059,0.2251165840862722,0.1629262605654328,0.1294447682891285,0.0334814922763042,0.0290367239871757,0.1570606237248615,0.2553150226661171,0.5421879021879021,0.0150784223412765,1.3185699039487726,0.6653899299410924,2026-03-31,155102560256.0,large_cap,2026-03-31,356.684326171875,90,,,,,,,0.11614640521777297,-0.020084695813585407,0.3206406283844869,0.3488382333701317,-0.09418236305550132,-0.005564205059140126,25.767352414123547,-0.002074831909354227,0.013372178410766941
EXC,2025-12-31,,24258000000.0,10414000000.0,5145000000.0,2768000000.0,9058000000.0,,,6254000000.0,-8529000000.0,-2275000000.0,116570000000.0,50080000000.0,28798000000.0,626000000.0,9546000000.0,10331000000.0,23028000000.0,0.0598794127122934,0.0534132360604482,-0.0064661766518452,0.429301673674664,0.2120949789760079,0.1141066864539533,0.3734025888366724,0.2578118558825954,-0.0937834941050375,0.3515953499876329,0.0,0.0,0.4296131080037745,1.739009653448156,0.0053701638500471,0.9240151001839124,0.2080981384575791,2026-03-31,44386770944.0,mid_cap,2026-03-31,49.02000045776367,90,,,,,,,0.1331593511248439,0.12652896448974027,0.13542103392302862,0.22281506519836317,-0.0252535381714728,0.14104945524418555,24.51620731027645,0.006758321448774565,-0.00500927990920602
FCX,2025-12-31,,25915000000.0,7297000000.0,6502000000.0,2204000000.0,8985000000.0,,545000000.0,5610000000.0,-4494000000.0,1116000000.0,58167000000.0,10492000000.0,18899000000.0,3824000000.0,13790000000.0,6019000000.0,25455000000.0,0.1137606650623495,0.0180711058731093,-0.0956895591892401,0.2815743777734902,0.2508971638047463,0.0850472699208952,0.3467103993825969,0.2164769438549103,0.0430638626278217,0.1734130812270885,0.0,0.0210302913370634,0.1803771898155311,0.5551616487644849,0.0657417436003232,2.291078252201362,0.4455275327935084,2026-03-31,90580639744.0,large_cap,2026-03-31,58.65085220336914,90,,,,,,,0.1446476465922486,0.5931525698198579,0.5512167920388669,0.5123558334318805,-0.14588782070796513,0.6076730605743031,25.229506337800697,0.010718922888121507,0.0007782116208524009
GD,2025-12-31,,52550000000.0,7951000000.0,5356000000.0,4210000000.0,6429000000.0,,2595000000.0,5120000000.0,-1161000000.0,3959000000.0,57249000000.0,9789000000.0,25622000000.0,2333000000.0,24248000000.0,16796000000.0,47716000000.0,0.1287850113550341,0.1013077374465587,-0.0274772739084754,0.1513035204567079,0.1019219790675547,0.0801141769743101,0.1223406279733587,0.0974310180780209,0.0753377735490009,0.0220932445290199,0.0,0.0493815413891531,0.1709898862862233,0.3820544844274451,0.0407518035249524,1.4436770659680875,0.9179199636674876,2026-03-31,90458890240.0,large_cap,2026-03-31,341.6331481933594,90,,,,,,,0.012165367626017387,0.04204711081506107,0.3001445942650083,0.24802609864144468,-0.06576299900272475,0.056567601569506354,25.228161332957114,0.004259697662838566,0.007632299382510478
GE,2025-12-31,,45855000000.0,14438000000.0,8680000000.0,8704000000.0,12063000000.0,1580000000.0,4178000000.0,8537000000.0,-1273000000.0,7264000000.0,130169000000.0,20495000000.0,18677000000.0,12392000000.0,40595000000.0,38981000000.0,38702000000.0,0.0948851420165215,0.1848224897938091,0.0899373477772875,0.3148620652055392,0.1892923345327663,0.1898157234761749,0.2630683676807327,0.1861738087449569,0.1584123868716606,0.0277614218732962,0.0344564387743975,0.0911132918983753,0.1574491622429303,1.09733897306848,0.095199317809924,1.0414047869474872,0.3522728145718258,2026-03-31,294150897664.0,large_cap,2026-03-31,283.7699890136719,90,,,,,,,-0.08792808476153313,-0.031065063323349684,0.4272163519594425,0.3637560265663585,-0.1780431582865637,-0.016544572568904403,26.40735872997413,-0.0057415223490238304,0.02927817175580043
GILD,2025-12-31,,29442000000.0,23208000000.0,11701000000.0,8510000000.0,13580000000.0,5799000000.0,5708000000.0,10019000000.0,-563000000.0,9456000000.0,59023000000.0,24936000000.0,22702000000.0,7564000000.0,18342000000.0,11813000000.0,28754000000.0,0.0604071396961203,0.0239271057939765,-0.0364800339021438,0.7882616670063175,0.3974254466408532,0.2890428639358739,0.461245839277223,0.3402961755315535,0.3211738332993682,0.0191223422321853,0.1969635214998981,0.1938726988655661,0.4224793724480287,1.0984054268346402,0.128153431713061,1.5526961821721832,0.4988224929264863,2026-03-31,160882638848.0,large_cap,2026-03-31,139.3699951171875,90,,,,,,,0.1220997865446336,0.2527723346781503,0.27986166917606137,0.30349931254760915,-0.10037555957194289,0.2672928254325956,25.803940984862066,0.006048110393634537,0.0076847602876109556
GOOGL,2025-12-31,,402836000000.0,240301000000.0,129039000000.0,132170000000.0,180698000000.0,61087000000.0,50175000000.0,164713000000.0,-91447000000.0,73266000000.0,595281000000.0,59291000000.0,415265000000.0,30708000000.0,206038000000.0,102745000000.0,350018000000.0,0.1386624332290156,0.1509008108154437,0.012238377586428,0.5965231508603998,0.3203263859238002,0.3280987796522654,0.4485646764440119,0.4088835158724642,0.1818755026859565,0.2270080131865076,0.1516423556981004,0.124554409238499,0.0996017007094128,0.1427787075722731,0.0515857217011797,2.005333592875566,0.6767157023321759,2026-03-31,4807165739008.0,large_cap,2026-03-31,287.5599975585937,90,,,,,,,-0.08227314403322483,0.17988385186862166,0.8697407399102828,0.25512027357355704,-0.1627268326457032,0.19440434262306694,29.201128782924588,0.027144619099580176,0.02744516082277725
GS,2025-12-31,,58283000000.0,,,17176000000.0,,,19616000000.0,-45154000000.0,-2064000000.0,-47218000000.0,1809320000000.0,386150000000.0,124972000000.0,164259000000.0,,,53512000000.0,0.1569161586024992,0.0891575721333532,-0.0677585864691459,,,0.2946999982842338,,-0.7747370588336222,-0.8101504726935813,0.0354134138599591,0.0,0.3365646929636429,0.2134227223487277,3.089892135838428,0.0907849357769769,,0.0322126544779254,2026-03-31,279805689856.0,large_cap,2026-03-31,845.989990234375,90,,,,,,,-0.04678180630814266,0.06284925218605397,0.5899181795553272,0.3521209352955403,-0.12852023733483509,0.07736974294049925,26.35736123441063,0.005603486735305413,-0.07223104920804817
HCA,2025-12-31,,75600000000.0,31374000000.0,11965000000.0,6784000000.0,15603000000.0,,,12636000000.0,-4944000000.0,7692000000.0,60720000000.0,48697000000.0,-6027000000.0,1040000000.0,15783000000.0,16350000000.0,70603000000.0,0.0867350080039404,0.0707760293471948,-0.0159589786567455,0.415,0.1582671957671957,0.0897354497354497,0.2063888888888889,0.1671428571428571,0.1017460317460317,0.0653968253968254,0.0,0.0,0.8019927536231884,8.079807532769205,0.0171277997364953,0.9653211009174312,1.245059288537549,2026-03-31,93838237696.0,large_cap,2026-03-31,473.239990234375,90,,,,,,,-0.0001605455401931799,0.12764613248274692,0.3923958591762189,0.29811831988925047,-0.13058556459891602,0.1421666232371922,25.26483826123464,0.009034286418654813,0.007201180128817754
HON,2025-12-31,,37442000000.0,13829000000.0,6567000000.0,4729000000.0,8208000000.0,1812000000.0,5450000000.0,6408000000.0,-986000000.0,5422000000.0,73681000000.0,35563000000.0,13904000000.0,12487000000.0,30387000000.0,23414000000.0,34717000000.0,0.0517434639037839,0.0784918051674972,0.0267483412637132,0.3693445862934672,0.1753912718337695,0.1263020137813151,0.2192190588109609,0.1711447038085572,0.1448106404572405,0.0263340633513167,0.0483948507024197,0.1455584637572779,0.482661744547441,2.5577531645569622,0.1694738127875571,1.2978132741095072,0.5081635699841207,2026-03-31,135120191488.0,large_cap,2026-03-31,224.7945709228516,90,,,,,,,0.15253014078464422,0.1585051867631868,0.1645876167353446,0.2364687588381985,-0.0887356727099532,0.1730256775176321,25.629430526614875,0.012441358237453815,0.01136644857695021
IBM,2025-12-31,,67536000000.0,39297000000.0,12492000000.0,10593000000.0,17284000000.0,8316000000.0,18141000000.0,13193000000.0,-1738000000.0,11455000000.0,151880000000.0,64607000000.0,32648000000.0,13587000000.0,36944000000.0,38658000000.0,62753000000.0,0.0144358228257355,0.0762194636113013,0.0617836407855658,0.5818674484719261,0.1849680170575693,0.1568496801705756,0.2559227671167969,0.1953476664297559,0.1696132433072731,0.0257344231224828,0.1231343283582089,0.2686122956645345,0.4253818804319199,1.978896103896104,0.0894587832499341,0.9556624760722232,0.4446668422438767,2026-03-31,206116847616.0,large_cap,2026-03-31,240.6190490722656,90,,,,,,,-0.20268201477028458,-0.12395974035021362,0.018096161643290865,0.46122826190796473,-0.22607155442260674,-0.10943924959576834,26.051709066363614,-0.009448144918889465,0.012927830426253496
ICE,2025-12-31,,12640000000.0,7098000000.0,4999000000.0,3315000000.0,6709000000.0,,539000000.0,4662000000.0,-791000000.0,3871000000.0,136887000000.0,20279000000.0,28915000000.0,837000000.0,85778000000.0,84116000000.0,11761000000.0,0.187619913157629,0.0747385426409319,-0.1128813705166971,0.5615506329113924,0.3954905063291139,0.2622626582278481,0.5307753164556962,0.3688291139240506,0.30625,0.0625791139240506,0.0,0.0426424050632911,0.1481440896505877,0.7013314888466194,0.0061145324245545,1.0197584288363688,0.0923389364950652,2026-03-31,87292510208.0,large_cap,2026-03-31,157.27999877929688,90,,,,,,,-0.03776021427953291,-0.05792772289453174,-0.08919031929009258,0.30300949467407257,-0.15786132521677665,-0.04340723214008646,25.19253050238868,-0.004329433587645048,0.022888678683785395
INTC,2025-12-31,,52853000000.0,18375000000.0,-23000000.0,-267000000.0,14354000000.0,13774000000.0,4624000000.0,9697000000.0,-14646000000.0,-4949000000.0,211429000000.0,46585000000.0,114281000000.0,14265000000.0,63688000000.0,31575000000.0,53101000000.0,-0.0207826215239359,-0.0046703451912393,0.0161122763326966,0.3476623843490435,-0.0004351692429947,-0.0050517472991126,0.2715834484324447,0.1834711369269483,-0.0936370688513424,0.2771082057782907,0.26060961534823,0.0874879382438083,0.2203340128364604,0.4076355649670549,0.06746945783218,2.017038796516231,0.2499798986893945,2026-03-31,546677981184.0,large_cap,2026-03-31,44.130001068115234,90,,,,,,,0.20310797985157625,0.2798724377608568,0.9431969549610384,0.7727861160916538,-0.18759202290054355,0.2943929285153021,27.027125766170165,-0.0013071008938568378,0.0004373174342316102
ISRG,2025-12-31,,10064700000.0,6642300000.0,2945500000.0,2856000000.0,3622600000.0,1311800000.0,2385000000.0,3030500000.0,-539800000.0,2490700000.0,20458700000.0,,17824000000.0,3368000000.0,9779500000.0,2006200000.0,8352100000.0,0.1723726505804241,0.2050502268890459,0.0326775763086217,0.6599600584220096,0.2926565123649984,0.283764046618379,0.3599312448458474,0.3011018708953074,0.2474688763698868,0.0536329945254205,0.1303367214124614,0.2369668246445497,,,0.1646243407450131,4.874638620277141,0.4919520790666074,2026-03-31,149145059328.0,large_cap,2026-03-31,460.989990234375,90,,,,,,,-0.1988356435962837,0.04956511304851241,-0.06272366284404796,0.24612852226348114,-0.22241712200669317,0.06408560380295769,25.72818522183387,0.010163337676378678,0.05074354924762253
ITW,2025-12-31,,16044000000.0,7075000000.0,4216000000.0,3066000000.0,4655000000.0,,2779000000.0,3126000000.0,-419000000.0,2707000000.0,16148000000.0,9211000000.0,3225000000.0,851000000.0,6200000000.0,5126000000.0,15898000000.0,-0.0129757248401316,0.0091835451000126,0.0221592699401442,0.4409748192470705,0.262777362253802,0.1910994764397905,0.2901396160558464,0.1948391922213911,0.168723510346547,0.0261156818748441,0.0,0.1732111692844677,0.5704111964329948,2.856124031007752,0.0527000247708694,1.2095200936402652,0.9935595739410452,2026-03-31,71257530368.0,large_cap,2026-03-31,260.2900085449219,90,,,,,,,0.04518998668449914,0.014852654980345825,0.08946751868717961,0.24168208446111422,-0.12571388506515802,0.029373145734791106,24.98956633988588,0.00013640002686693265,0.001549479966699957
JNJ,2025-12-31,,94193000000.0,63937000000.0,25596000000.0,26804000000.0,41055000000.0,14665000000.0,23676000000.0,24530000000.0,-5217000000.0,19313000000.0,199210000000.0,47933000000.0,81544000000.0,19709000000.0,55624000000.0,54126000000.0,88821000000.0,0.0430019140666282,0.0604811925107802,0.0174792784441519,0.6787871710212011,0.271739938211969,0.2845646704107524,0.4358604142558364,0.2604227490365526,0.2050364676780652,0.0553862813584873,0.1556909749132101,0.251356257896022,0.2406154309522614,0.5878176199352497,0.0989357963957632,1.027676163027011,0.472832689122032,2026-03-31,545740161024.0,large_cap,2026-03-31,244.44000244140625,90,,,,,,,0.1839442997900851,0.36163273327140955,0.5347293442516938,0.15970707998736672,-0.016575455252876292,0.3761532240258548,27.025408803856646,0.021871978959187747,0.012400850073367423
JPM,2025-12-31,,181847000000.0,,,57048000000.0,,,60018000000.0,-147782000000.0,,-147782000000.0,4424900000000.0,499982000000.0,362438000000.0,343338000000.0,,,169439000000.0,0.0934934689452218,0.0732298939441333,-0.0202635750010884,,,0.3137142762872085,,-0.812672191457654,-0.812672191457654,,0.0,0.3300466876000154,0.1129928359962937,1.379496631147948,0.0775922619720219,,0.0410962959614906,2026-03-31,797985275904.0,large_cap,2026-03-31,292.6622314453125,90,,,,,,,-0.0872992298921057,-0.05944612205110733,0.23611957984373388,0.25756512311824675,-0.12088694205857509,-0.04492563129666205,27.405355982977873,-0.0043532332131925935,-0.0595118983917904
KKR,2025-12-31,,19207544000.0,3456678000.0,490198000.0,2370463000.0,10171075000.0,,2966480000.0,477760000.0,-160765000.0,316995000.0,410144072000.0,54537875000.0,30902561000.0,16892147000.0,243379872000.0,58248712000.0,21640288000.0,0.5108904849377254,-0.1124173578466238,-0.6233078427843493,0.1799646014086965,0.025521118160656,0.1234131235102207,0.529535426288754,0.0248735600970118,0.0165036716823348,0.008369888414677,0.0,0.1544434832480404,0.1329724814357429,1.7648335036050895,0.0411858860171457,4.178287616042051,0.0468312120332193,2026-03-31,90418855936.0,large_cap,2026-03-31,92.31884765625,90,,,,,,,-0.2839705815521185,-0.3098475100610507,-0.18963925788241265,0.46721811971650157,-0.38924679254547334,-0.29532701930660543,25.22771866595689,0.034832238416418505,-0.001855299165296223
KMB,2025-12-31,,16447000000.0,5923000000.0,2351000000.0,2021000000.0,3113000000.0,,3528000000.0,2777000000.0,-1138000000.0,1639000000.0,17098000000.0,7296000000.0,1502000000.0,688000000.0,5310000000.0,7125000000.0,16805000000.0,-0.0198880205295696,-0.0213031835763165,-0.0014151630467469,0.360126466832857,0.1429440019456435,0.122879552501976,0.1892746397519304,0.1688453821365598,0.0996534322368821,0.0691919498996777,0.0,0.2145072049613911,0.4267165750380161,4.857523302263648,0.0402386244005146,0.7452631578947368,0.9619253713884665,2026-03-31,31836399616.0,mid_cap,2026-03-31,96.47000122070312,90,,,,,,,-0.03334096038289269,-0.19412666978151238,-0.28391377142309593,0.2171227794347344,-0.3061527973126974,-0.1796061790270671,24.183876114141928,0.004135516083414532,-0.002122935360952316
KO,2025-12-31,,47941000000.0,29544000000.0,14911000000.0,13107000000.0,18702000000.0,,14521000000.0,7408000000.0,-2112000000.0,5296000000.0,104816000000.0,45492000000.0,32169000000.0,10270000000.0,31044000000.0,21281000000.0,47061000000.0,0.0285658084539057,0.0186991351649985,-0.0098666732889072,0.6162574831563797,0.3110281387538849,0.2733985523873094,0.3901045034521599,0.1545232681838092,0.1104691182912329,0.0440541498925762,0.0,0.302893139483949,0.4340177072202717,1.4141564860580065,0.0979812242405739,1.4587660354306655,0.4573824606930239,2026-03-31,347726643200.0,large_cap,2026-03-31,76.05000305175781,90,,,,,,,0.09140420697559626,0.16763713755814313,0.1120448038648365,0.17046669993352942,-0.061146091993126594,0.18215762831258842,26.57468250000181,0.003134669493873165,0.002065676974485972
LIN,2025-12-31,,33986000000.0,16597000000.0,9254000000.0,6898000000.0,13124000000.0,147000000.0,3433000000.0,10350000000.0,-5261000000.0,5089000000.0,86817000000.0,28069000000.0,38245000000.0,5056000000.0,13325000000.0,15198000000.0,33005000000.0,0.0045960918000851,0.0297227692773822,0.0251266774772971,0.4883481433531454,0.2722885894191726,0.202965927146472,0.3861590066497969,0.3045371623609721,0.14973812746425,0.1547990348967221,0.0043253104219384,0.1010121814864944,0.3233122545123651,0.7339260033991372,0.0582374419756499,0.8767601000131596,0.3914671089763525,2026-03-31,233998581760.0,large_cap,2026-03-31,495.760009765625,90,,,,,,,0.16618656628719752,0.047781147534163626,0.09439354735441419,0.18752394795033844,-0.0233925567716593,0.06230163828860891,26.178580891431043,0.001420188023966505,0.00445063181464715
LLY,2025-12-31,,65179000000.0,54127000000.0,29696000000.0,20640000000.0,31693000000.0,13337000000.0,11094000000.0,16813000000.0,-10849000000.0,5964000000.0,112476000000.0,42503000000.0,26535000000.0,7268000000.0,55629000000.0,35228000000.0,45043000000.0,0.3199800726761224,0.4470394955930998,0.1270594229169774,0.8304361834333144,0.4556068672425167,0.3166664109605854,0.4862455698921432,0.2579511805949769,0.0915018640973319,0.1664493164976449,0.2046211202994829,0.1702081958913147,0.3778850599238949,1.6017712455247786,0.0646182296667733,1.5791132054047916,0.5794925139585334,2026-03-31,896128712704.0,large_cap,2026-03-31,918.189453125,90,,,,,,,-0.1459352542900193,0.2699869123174232,0.12652753252197413,0.4153870080108888,-0.16995042308007235,0.2845074030718685,27.521349892175728,0.12069481309911934,0.04090494717189962
LMT,2025-12-31,,75048000000.0,7619000000.0,7731000000.0,5017000000.0,8727000000.0,,,8557000000.0,-1649000000.0,6908000000.0,59840000000.0,21700000000.0,6721000000.0,4121000000.0,25362000000.0,23335000000.0,71043000000.0,0.0513829897441209,0.0563743085173769,0.0049913187732559,0.1015216927832853,0.1030140709945634,0.0668505489819848,0.1162855772305724,0.1140203603027395,0.0920477561027609,0.0219726041999786,0.0,0.0,0.3626336898395721,3.228686207409612,0.0688669786096256,1.0868652239125778,1.254144385026738,2026-03-31,118973136896.0,large_cap,2026-03-31,604.3900146484375,90,,,,,,,0.24281560885856623,0.24433533167695498,0.40637843059753775,0.31450128545630235,-0.10685679954808547,0.25885582243140026,25.502163564205,0.013774235369652273,0.005189128600869306
MA,2025-12-31,,32791000000.0,25540000000.0,19514000000.0,14968000000.0,20443000000.0,,4883000000.0,17648000000.0,-1215000000.0,16433000000.0,54157000000.0,19000000000.0,7737000000.0,10566000000.0,23558000000.0,22762000000.0,28167000000.0,0.1222806598135308,0.164163737707246,0.0418830778937151,0.7788722515324327,0.5951023146595102,0.4564667134274648,0.6234332591259797,0.5381964563447288,0.5011436064773871,0.0370528498673416,0.0,0.148912811442164,0.350831840759274,2.455732195941579,0.1950994331296046,1.0349705649767156,0.6054803626493344,2026-03-31,436667154432.0,large_cap,2026-03-31,498.8028259277344,90,,,,,,,-0.13408801794129077,-0.11804976243936882,-0.07041126218932847,0.259568858181429,-0.16343136038561412,-0.10352927168492354,26.802437081492723,-0.01937949023749924,0.08226960756741708
MCD,2025-12-31,,26885000000.0,15434000000.0,12394000000.0,8563000000.0,14678000000.0,,2583000000.0,10551000000.0,-3365000000.0,7186000000.0,59515000000.0,54814000000.0,-1790000000.0,774000000.0,4163000000.0,4361000000.0,25920000000.0,0.0166699352814276,0.037229938271605,0.0205600029901773,0.5740747628789288,0.4610005579319323,0.3185047424214245,0.5459549934907941,0.3924493211828156,0.2672865910358936,0.125162730146922,0.0,0.0960758787427933,0.921011509703436,30.622346368715085,0.0130051247584642,0.9545975693648244,0.4517348567588003,2026-03-31,196376723456.0,large_cap,2026-03-31,310.7900085449219,90,,,,,,,0.012952284063614927,0.037663200170200195,0.03546130947236659,0.16037324417603216,-0.08366224962366509,0.052183690924645476,26.003300709835052,0.0014021986174476563,0.009951063285094049
MDLZ,2025-12-31,,38537000000.0,10935000000.0,3620000000.0,2451000000.0,4971000000.0,,7173000000.0,4514000000.0,-1279000000.0,3235000000.0,71487000000.0,21804000000.0,25838000000.0,2125000000.0,12951000000.0,21864000000.0,36441000000.0,0.011800310972901,0.0575176312395377,0.0457173202666367,0.2837532760723461,0.0939356981602096,0.0636012144173132,0.1289929158990061,0.1171341827334769,0.0839452993227288,0.0331888834107481,0.0,0.1861328074318187,0.3050065046791724,0.8438733648115179,0.0297256843901688,0.5923435784851812,0.539077034985382,2026-03-31,77583794176.0,large_cap,2026-03-31,57.63999938964844,90,,,,,,,0.06603010498399708,-0.05562052469943102,-0.11435720887224177,0.2642778923070915,-0.1640071805847576,-0.04110003394498574,25.074624404387762,-0.003199160829011472,0.004828334770737329
META,2025-12-31,,200966000000.0,164791000000.0,83276000000.0,60458000000.0,105713000000.0,57372000000.0,24143000000.0,115800000000.0,-69691000000.0,46109000000.0,366021000000.0,83897000000.0,217243000000.0,35873000000.0,108722000000.0,41836000000.0,164501000000.0,0.2194111280781605,0.2216703849824621,0.0022592569043016,0.8199944269179861,0.4143785515957923,0.3008369574952977,0.5260243026183533,0.576216872505797,0.2294368201586338,0.3467800523471632,0.2854811261606441,0.1201347491615497,0.2292136243548867,0.3861896585850867,0.0980080377901814,2.5987666124868536,0.5490559284849776,2026-03-31,1559175626752.0,large_cap,2026-03-31,572.1300048828125,90,,,,,,,-0.13066867481332445,-0.22910030239655643,-0.004898343085716239,0.41447631424066544,-0.2740839429435362,-0.21457981164211115,28.075178353124304,-0.05078475223184315,0.050859348253716276
MMM,2025-12-31,,24948000000.0,9957000000.0,4791000000.0,3250000000.0,6467000000.0,1169000000.0,3997000000.0,2306000000.0,-910000000.0,1396000000.0,37733000000.0,12602000000.0,4702000000.0,5235000000.0,16387000000.0,9595000000.0,24575000000.0,-0.00142218610321,0.0151780264496439,0.016600212552854,0.3991101491101491,0.192039442039442,0.1302709636042969,0.2592191758858425,0.0924322590989257,0.0559563892897226,0.0364758698092031,0.0468574635241301,0.1602132435465768,0.3339782153552593,2.680136112292641,0.1387379747170911,1.7078686816050026,0.6611719184798452,2026-03-31,76263563264.0,large_cap,2026-03-31,145.22999572753906,90,,,,,,,-0.09793682918373359,-0.049139991456260135,0.021170380264954325,0.3156402621611136,-0.16452859576744383,-0.034619500701814854,25.05746111548749,-0.0007458480900583915,0.0008493075566659802
MRK,2025-12-31,,65011000000.0,48629000000.0,22107000000.0,18254000000.0,28262000000.0,15789000000.0,10733000000.0,16472000000.0,-4112000000.0,12360000000.0,136866000000.0,49339000000.0,52606000000.0,14565000000.0,43516000000.0,28327000000.0,64168000000.0,0.0674207768443815,0.0131373893529485,-0.054283387491433,0.7480118749134762,0.340050145360016,0.2807832520650351,0.4347264309116919,0.2533725061912599,0.190121671717094,0.0632508344741659,0.2428665918075402,0.1650951377459199,0.3604912834451215,0.9378968178534768,0.106417956249178,1.5362022099057435,0.4749974427542268,2026-03-31,275089031168.0,large_cap,2026-03-31,120.29000091552734,90,,,,,,,0.13656874648621486,0.555315440480074,0.3970605344568192,0.23342674807446656,-0.022182201250731448,0.5698359312345193,26.340360631919175,0.00729539515529083,0.0024977024257809206
MRNA,2025-12-31,,1922000000.0,1054000000.0,-3074000000.0,-2822000000.0,-2543000000.0,3132000000.0,1018000000.0,-1873000000.0,-202000000.0,-2075000000.0,12338000000.0,1305000000.0,8650000000.0,2595000000.0,6544000000.0,1987000000.0,3199000000.0,-0.5263547527391176,-0.3991872460143795,0.1271675067247381,0.5483870967741935,-1.599375650364204,-1.4682622268470344,-1.3231009365244537,-0.9745057232049948,-1.0796045785639958,0.105098855359001,1.6295525494276797,0.5296566077003122,0.1057707894310261,0.1508670520231214,0.2103258226616955,3.293407146451937,0.1557788944723618,2026-03-31,19458398208.0,mid_cap,2026-03-31,50.79999923706055,90,,,,,,,0.6308186150615884,1.00552701895263,0.6323906769634888,0.8118747560666351,-0.12110726803455907,1.0200475097070751,23.691544598291784,-0.4013935614887491,0.4309643785014763
MS,2025-12-31,,65966000000.0,,,16861000000.0,,,30245000000.0,-17889000000.0,-2898000000.0,-20787000000.0,1420270000000.0,370538000000.0,111632000000.0,81310000000.0,,,57621000000.0,0.1372490970454141,0.1448256711962652,0.0075765741508511,,,0.2556013704029348,,-0.2711851559894491,-0.3151168783918988,0.0439317224024497,0.0,0.4584937695176302,0.2608926471727207,3.319281209688978,0.0572496778781499,,0.0464460982770881,2026-03-31,303643099136.0,large_cap,2026-03-31,163.69033813476562,90,,,,,,,-0.08037551326778858,0.033039395592205034,0.46524185564712295,0.3396365573107207,-0.13466904162725557,0.047559886346650315,26.439118832655986,0.004784952642560019,-0.045637013418378614
NEE,2025-12-31,,27412000000.0,17069000000.0,8020000000.0,6835000000.0,16043000000.0,,,12485000000.0,-9274000000.0,3211000000.0,212721000000.0,95619000000.0,54608000000.0,2812000000.0,13584000000.0,22817000000.0,24753000000.0,-0.1195489791562922,0.1074213226679594,0.2269703018242517,0.6226834962790019,0.2925725959433825,0.2493433532759375,0.585254633007442,0.4554574638844302,0.11713847949803,0.3383189843864001,0.0,0.0,0.4495042802544177,1.751007178435394,0.0132191932155264,0.5953455756672656,0.1288636288847833,2026-03-31,194687483904.0,large_cap,2026-03-31,92.87999725341795,90,,,,,,,0.16498462424742066,0.23535681146784415,0.3575904499598208,0.20335377853950834,-0.022645165765416864,0.24987730222228943,25.994661463252097,0.025282339986789373,0.012583170402992026
NEM,2025-12-31,,22669000000.0,12063000000.0,11023000000.0,7085000000.0,14092000000.0,166000000.0,382000000.0,10334000000.0,-3035000000.0,7299000000.0,57121000000.0,5589000000.0,33867000000.0,7647000000.0,13066000000.0,5712000000.0,18682000000.0,0.5816119200812733,0.213413981372444,-0.3681979387088292,0.5321363977237638,0.4862587674798183,0.3125413560368785,0.6216418898054612,0.4558648374432044,0.3219815607216904,0.1338832767215139,0.0073227755966297,0.0168512064934492,0.0978449256840741,0.1650279032686686,0.13387370669281,2.2874649859943976,0.3968592986817457,2026-03-31,116427300864.0,large_cap,2026-03-31,108.25,90,,,,,,,0.08675558602970579,0.2867792491856591,1.2807214892212393,0.5390977147306615,-0.17795321210520032,0.3012997399401044,25.480532888247875,0.06120270134371173,0.06871536680212928
NET,2025-12-31,,2167937000.0,1615412000.0,-207205000.0,-102267000.0,105802000.0,512489000.0,1310128000.0,603114000.0,-342552000.0,260562000.0,6036256000.0,3518327000.0,1459123000.0,943536000.0,4644837000.0,2350563000.0,1669626000.0,0.287551523237028,0.2984566603538756,0.0109051371168475,0.745137889154528,-0.0955770393696864,-0.0471724962487378,0.0488030786872496,0.2781971985348282,0.1201889169288591,0.1580082816059691,0.2363947845347904,0.604320143989424,0.5828657697751719,2.41126142210081,0.1563114619393213,1.9760529711392547,0.3591525939257712,2026-03-31,69830787072.0,large_cap,2026-03-31,206.33999633789065,90,,,,,,,0.028101641631329555,-0.055997828669727245,0.7955099166861075,0.6418934150621294,-0.18539283911604088,-0.041477337915281964,24.969340824999605,-0.0167129249318353,0.035871182758136666
NFLX,2025-12-31,,45183036000.0,21907707000.0,13326603000.0,10981201000.0,30254617000.0,3391390000.0,5189714000.0,10149273000.0,-688220000.0,9461053000.0,55596993000.0,14462836000.0,26615488000.0,9033681000.0,13020191000.0,10980930000.0,39000966000.0,0.156499199944774,0.1585106891967753,0.0020114892520013,0.4848657580247595,0.2949470460550725,0.2430381393583202,0.6696012414924929,0.2246257422807976,0.2093939194347188,0.0152318228460787,0.0750589225566869,0.114859789413,0.2601370185614175,0.5433992418249104,0.1624850646149154,1.185709316059751,0.8126884847890964,2026-03-31,366423670784.0,large_cap,2026-03-31,96.1500015258789,90,,,,,,,0.021242697478345285,-0.20300724919284596,0.029608602306554932,0.4011503616241927,-0.28199647862689237,-0.18848675843840068,26.627056071327782,-0.03217881898149952,0.03319117448321132
NOC,2025-12-31,,41954000000.0,8313000000.0,4280000000.0,4182000000.0,7205000000.0,,4033000000.0,4757000000.0,-1450000000.0,3307000000.0,51377000000.0,17019000000.0,16674000000.0,4403000000.0,15287000000.0,13882000000.0,41033000000.0,0.0443624331891066,0.0224453488655471,-0.0219170843235594,0.1981455880249797,0.1020164942556133,0.0996806025647137,0.1717357105401153,0.1133860895266243,0.0788244267531105,0.0345616627735138,0.0,0.0961290937693664,0.3312571773361621,1.0206908960057577,0.0856998267707339,1.1012102002593287,0.8165910816123947,2026-03-31,76796076032.0,large_cap,2026-03-31,682.239990234375,90,,,,,,,0.18457723010481208,0.1569202655059878,0.3534103329421239,0.33176296997121685,-0.11168983505043217,0.1714407562604331,25.064419382461395,0.003522130103356173,0.001769241757600329
NOW,2025-12-31,,13278000000.0,10295000000.0,1824000000.0,1748000000.0,3022000000.0,2960000000.0,5511000000.0,5444000000.0,-911000000.0,4533000000.0,26038000000.0,2403000000.0,12964000000.0,3726000000.0,10471000000.0,10443000000.0,10984000000.0,0.2243897001449113,0.2088492352512745,-0.0155404648936368,0.7753426720891701,0.1373700858563036,0.1316463322789576,0.2275945172465732,0.4100015062509414,0.3413917758698599,0.0686097303810815,0.2229251393282121,0.4150474469046543,0.0922881941777402,0.1853594569577291,0.1430985482755972,1.00268122187111,0.5099470005376757,2026-03-31,98046451712.0,large_cap,2026-03-31,104.5500030517578,90,,,,,,,-0.3236511721223566,-0.4443853745596079,-0.3447277265598102,0.49741660291102574,-0.49961231905940573,-0.42986488380516263,25.308707200377086,-0.09280954563362528,0.07129941131149475
NSC,2025-12-31,,12180000000.0,4427000000.0,4571000000.0,2873000000.0,5850000000.0,,-86000000.0,4361000000.0,-2204000000.0,2157000000.0,45236000000.0,17305000000.0,15547000000.0,1530000000.0,3198000000.0,3775000000.0,12123000000.0,-0.0027147087857848,0.0047018064835435,0.0074165152693284,0.3634646962233169,0.375287356321839,0.2358784893267652,0.4802955665024631,0.3580459770114942,0.1770935960591133,0.1809523809523809,0.0,-0.0070607553366174,0.3825492970200725,1.1130764777770632,0.033822619152887,0.8471523178807947,0.2692545760014148,2026-03-31,70960480256.0,large_cap,2026-03-31,285.763671875,90,,,,,,,-0.01294984291785306,-0.03326165314158602,0.27022460715079766,0.21110213688878293,-0.09700149154433135,-0.018741162387140742,24.985388942906795,-0.0001563898563944842,0.0008326598181447724
NXPI,2025-12-31,,12269000000.0,6716000000.0,3035000000.0,2021000000.0,3961000000.0,2360000000.0,1204000000.0,2820000000.0,-537000000.0,2283000000.0,26560000000.0,12222000000.0,10056000000.0,2906000000.0,7940000000.0,3881000000.0,12614000000.0,-0.0498644169930702,-0.027350562866656,0.0225138541264141,0.5473958757844976,0.2473714239139294,0.1647241013937566,0.3228461977341266,0.2298475833401255,0.1860787350232292,0.0437688483168962,0.1923547151357078,0.0981335072133018,0.4601656626506024,1.2153937947494031,0.1094126506024096,2.045864467920639,0.4619352409638554,2026-03-31,73595314176.0,large_cap,2026-03-31,196.8600006103516,90,,,,,,,-0.1024147123255954,-0.12093477841233868,0.0559114068138582,0.40421351524508947,-0.20768107519502876,-0.1064142876578934,25.021847194567513,0.003307634259731782,-0.005089358140400653
O,2025-12-31,,5749377000.0,5320577000.0,2593823000.0,1058590000.0,4785826000.0,,202554000.0,3994754000.0,,3994754000.0,72795612000.0,29345846000.0,39438695000.0,434842000.0,5108171000.0,3594827000.0,5271142000.0,0.2922655174941462,0.0907270189268283,-0.2015384985673178,0.925418006159624,0.4511485331367207,0.1841225579745422,0.8324077547880405,0.6948151077934183,0.6948151077934183,,0.0,0.0352305997675922,0.4031265785635541,0.744087653001703,0.0059734644445327,1.420978255699092,0.0789797192720901,2026-03-31,56993943552.0,large_cap,2026-03-31,60.91803359985352,90,,,,,,,0.09615613904319686,0.042804401442124274,0.14721837584226738,0.16600704323215756,-0.09040346511728847,0.057324892196569555,24.766210845661977,0.0038835157397911655,0.06303850343541971
OPEN,2025-12-31,,4371000000.0,350000000.0,-277000000.0,-1300000000.0,-1123000000.0,79000000.0,548000000.0,1049000000.0,-12000000.0,1037000000.0,2407000000.0,1320000000.0,1005000000.0,962000000.0,2299000000.0,327000000.0,5153000000.0,-0.2581341779441405,-0.1517562584901999,0.1063779194539406,0.0800732097918096,-0.0633722260352322,-0.2974147792267215,-0.2569206131320064,0.2399908487760237,0.2372454815831617,0.002745367192862,0.0180736673530084,0.1253717684740334,0.5484004985459078,1.3134328358208955,0.3996676360614873,7.030581039755352,1.8159534690486083,2026-03-31,4225546496.0,low_cap,2026-03-31,4.679999828338623,90,,,,,,,-0.19725559355348865,-0.4292683003418225,3.1415927859179433,0.824429073764855,-0.5551331155233152,-0.4147478095873772,22.164414437556477,0.0651441511483224,-0.03600348662876625
ORLY,2025-12-31,,17781992000.0,9174141000.0,3460612000.0,2538209000.0,3986465000.0,,5713529000.0,2761993000.0,-1168815000.0,1593178000.0,16538253000.0,8491499000.0,-763352000.0,193793000.0,6744277000.0,8775821000.0,16708479000.0,0.0566794099511454,0.0642495944723633,0.0075701845212179,0.5159231316716373,0.1946132919191505,0.1427404196335258,0.2241855130741258,0.155325286390861,0.0895950239995609,0.0657302623913001,0.0,0.3213098397524866,0.5134459486137986,11.12396247078674,0.0117178640331599,0.7685066730508747,1.075203771522905,2026-03-31,73332998144.0,large_cap,2026-03-31,92.30999755859376,90,,,,,,,0.005774665355698705,-0.1417015812247806,-0.016967853197139005,0.24765962534507738,-0.14385088276878388,-0.12718109047033532,25.01827652385658,-0.009104269129784803,0.0057564439587134445
PEP,2025-12-31,,93925000000.0,50859000000.0,13491000000.0,8240000000.0,15543000000.0,,37368000000.0,12087000000.0,-4415000000.0,7672000000.0,107399000000.0,49901000000.0,20406000000.0,9159000000.0,27949000000.0,32764000000.0,91854000000.0,0.0041871194148965,0.0225466501186666,0.01835953070377,0.541485227575193,0.143635879691243,0.0877295714665956,0.1654830982166622,0.1286877828054298,0.0816821932392866,0.0470055895661432,0.0,0.3978493478839499,0.4646318867028557,2.4454082132706065,0.0852801236510582,0.8530399218654621,0.8745425935064572,2026-03-31,203838226432.0,large_cap,2026-03-31,155.2899932861328,90,,,,,,,0.08622681874497817,0.12869962955183123,0.08200180463252815,0.22408577892964118,-0.0810172639447716,0.1432201203062765,26.040592508507427,0.002901745517907143,0.0018416598318915093
PFE,2025-12-31,,62579000000.0,46512000000.0,15794000000.0,7771000000.0,16783000000.0,12050000000.0,13794000000.0,11704000000.0,-2629000000.0,9075000000.0,208160000000.0,63961000000.0,86476000000.0,1142000000.0,42898000000.0,36984000000.0,63627000000.0,0.0683917117238137,-0.0164709950178383,-0.084862706741652,0.7432525288035923,0.2523849853784816,0.1241790376963518,0.2681890090925071,0.1870275971172438,0.1450166988925997,0.042010898224644,0.1925566084469231,0.2204253823167516,0.3072684473481937,0.7396387436976734,0.0054861644888547,1.1599069868051048,0.3006293235972329,2026-03-31,144366927872.0,large_cap,2026-03-31,27.6240177154541,90,,,,,,,0.14201485264060953,0.2181593195371161,0.1946939140148487,0.22421157476152861,0.0,0.23267981029156137,25.69562400581611,-0.0035933010651908325,-0.0023885693249633662
PGR,2025-12-31,,87637000000.0,,,11308000000.0,,,,17548000000.0,-348000000.0,17200000000.0,123039000000.0,6897000000.0,30323000000.0,125000000.0,,,75343000000.0,0.2135850393827618,0.1631737520406673,-0.0504112873420945,,,0.1290322580645161,,0.2002350605337928,0.1962641350114677,0.003970925522325,0.0,0.0,0.0560553970692219,0.2274511097186954,0.0010159380359073,,0.7122700932224741,2026-03-31,116709515264.0,large_cap,2026-03-31,198.13748168945312,90,,,,,,,-0.07736468881621572,-0.13700098368214808,-0.24308301224694406,0.23852885006193292,-0.26924285134638537,-0.1224804929277028,25.482953909024715,-0.02235496454067834,0.03202515530083728
PLD,2025-12-31,,8790127000.0,6555473000.0,3414302000.0,3328231000.0,7367603000.0,,469114000.0,5008434000.0,,5008434000.0,98724256000.0,35680534000.0,53193178000.0,1145647000.0,2435901000.0,2681055000.0,8201610000.0,0.0222024912167044,0.0717562771211994,0.0495537859044949,0.7457768243849037,0.3884246496097269,0.3786328684443353,0.8381679809631875,0.5697794810018103,0.5697794810018103,,0.0,0.0533682846675594,0.361416084006751,0.6707727445801415,0.0116045138896767,0.908560622590734,0.0890371561777077,2026-03-31,131021455360.0,large_cap,2026-03-31,132.17999267578125,90,,,,,,,0.03707500138724851,0.17543235826247017,0.23831653925716867,0.21535989646312712,-0.06639996120125236,0.18995284901691545,25.598626928110903,0.012588372915507346,0.04088525433673907
PNC,2025-12-31,,23077000000.0,,,6936000000.0,,,8160000000.0,4384000000.0,,4384000000.0,573572000000.0,57101000000.0,60585000000.0,39713000000.0,,,20809000000.0,-0.032544516249012,0.1089913018405497,0.1415358180895617,,,0.3005589981366728,,0.1899727000909997,0.1899727000909997,,0.0,0.3535988213372622,0.099553325476139,0.9424940166707932,0.0692380381190155,,0.040233832892819,2026-03-31,85469020160.0,large_cap,2026-03-31,206.503662109375,90,,,,,,,-0.010769360204263556,0.04836154969212081,0.25477540057122794,0.25633743134002684,-0.1418261453722397,0.06288204044656609,25.17141980991916,0.005270988259970682,0.02070537189708237
PYPL,2025-12-31,,33172000000.0,15465000000.0,6396000000.0,5233000000.0,7696000000.0,3103000000.0,4262000000.0,6416000000.0,-852000000.0,5564000000.0,80173000000.0,9987000000.0,20256000000.0,8049000000.0,59759000000.0,46443000000.0,31797000000.0,0.0680528030633838,0.0432430732459037,-0.02480972981748,0.4662064391655613,0.1928132159652719,0.1577535270710237,0.2320028940069938,0.1934161340889907,0.1677318220185698,0.0256843120704208,0.0935427468949716,0.128481852164476,0.1245681214373916,0.4930390995260663,0.1003953949584024,1.286717051008763,0.413755254262657,2026-03-31,39174303744.0,mid_cap,2026-03-31,45.22999954223633,90,,,,,,,-0.23740224788303843,-0.3474193538089545,-0.30204426008270147,0.52955334959744,-0.4186676039811613,-0.3328988630545092,24.3912868520631,-0.015023480563805152,0.007253239465217896
REGN,2025-12-31,,14342900000.0,12242200000.0,3702000000.0,4504900000.0,5818200000.0,5850200000.0,2700000000.0,4978900000.0,-1213700000.0,3765200000.0,40558700000.0,2705900000.0,31256900000.0,3118100000.0,18021900000.0,4368400000.0,14202000000.0,0.0827005763425121,0.0099211378679058,-0.0727794384746063,0.8535372902272205,0.2581067984856618,0.314085714883322,0.4056501823201723,0.3471334249001248,0.2625131598212356,0.0846202650788892,0.4078812513508426,0.1882464494628004,0.066715649170215,0.0865696854134607,0.0768786968024123,4.125515062723194,0.3536331292669636,2026-03-31,73203851264.0,large_cap,2026-03-31,772.6400146484375,90,,,,,,,-0.008879651572287206,0.38125604282210657,0.21887376016571913,0.2860264207673333,-0.04764500618894796,0.39577653357655185,25.016513869425843,0.0037824937638103163,0.0026044292507260676
RTX,2025-12-31,,88603000000.0,17789000000.0,9300000000.0,6732000000.0,14946000000.0,2807000000.0,6095000000.0,10567000000.0,-3119000000.0,7448000000.0,171079000000.0,39506000000.0,65245000000.0,7435000000.0,60332000000.0,58784000000.0,80738000000.0,0.1714741729541498,0.0974138571676286,-0.0740603157865211,0.2007719828899698,0.1049625859169554,0.0759793686444025,0.1686850332381522,0.1192623274606954,0.084060359130052,0.0352019683306434,0.0316806428676229,0.0687899958240691,0.2309225562459448,0.6055023373438577,0.0434594544041057,1.0263336962438758,0.5179069318852694,2026-03-31,230525255680.0,large_cap,2026-03-31,192.8999938964844,90,,,,,,,0.04945609543439611,0.18746948994085044,0.4891914913467259,0.261437861179673,-0.09078058744898454,0.20198998069529572,26.163626262491487,0.018262126116386192,0.00818864381775445
RUN,2025-12-31,,2956997000.0,897298000.0,-126129000.0,449947000.0,546036000.0,36125000.0,987302000.0,-421440000.0,-2500338000.0,-2921778000.0,22610596000.0,14776833000.0,3132484000.0,823380000.0,2155969000.0,1302515000.0,2037719000.0,-0.0982798134181899,0.4511308968508416,0.5494107102690315,0.3034490735026109,-0.0426544227133135,0.1521634956004351,0.1846589631305003,-0.1425229717852267,-0.9880896057723428,0.845566633987116,0.0122167861516261,0.3338867100642983,0.6535357581905404,4.717289218396647,0.036415669892116,1.655235448344165,0.1307792594233252,2026-03-31,3337304320.0,low_cap,2026-03-31,13.5600004196167,90,,,,,,,-0.3127217063239871,-0.23734533768597854,1.2828283314801707,1.0307608109834492,-0.36665107350499415,-0.22282484693153326,21.928429228242322,-0.10707381505364136,-0.44575775002107154
SCHW,2025-12-31,,23921000000.0,,,8852000000.0,,,6911000000.0,9311000000.0,-548000000.0,8763000000.0,490995000000.0,30951000000.0,49425000000.0,46030000000.0,,,19606000000.0,0.0408239103891276,0.2200856880546771,0.1792617776655494,,,0.3700514192550478,,0.3892395802851051,0.366330839011747,0.0229087412733581,0.0,0.2889093265331717,0.0630373018055173,0.6262215477996965,0.0937484088432672,,0.0487194370614772,2026-03-31,158052630528.0,large_cap,2026-03-31,93.64398193359376,90,,,,,,,-0.06921955471701258,-0.023995015212476045,0.22267461441598257,0.26619723670151363,-0.12044240354669244,-0.009474524458030764,25.786193919113952,-0.005280959432920234,0.08062417475954749
SEDG,2025-12-31,,1184444000.0,196281000.0,-229702000.0,-405448000.0,-348898000.0,221255000.0,218367000.0,104261000.0,-23467000.0,80794000.0,2182194000.0,415925000.0,427464000.0,455075000.0,1739847000.0,803495000.0,901456000.0,-0.6971451301650782,0.3139232530484017,1.01106838321348,0.1657157282235378,-0.1939323429389654,-0.3423108226307026,-0.2945669022765111,0.0880252675516951,0.0682125959521936,0.0198126715995015,0.186800726754494,0.1843624519183684,0.190599460909525,0.973005913948309,0.208540120630888,2.1653488820714504,0.5427766733846762,2026-03-31,3756131840.0,low_cap,2026-03-31,51.04999923706055,90,,,,,,,0.7488865468672272,0.35483011739912973,2.22082006362241,0.936865790103819,-0.013717138861986444,0.369350608153575,22.046655498847855,0.11138942473348108,0.021413520020188852
SHAK,2025-12-31,,1445306000.0,687899000.0,85757000.0,45725000.0,183556000.0,,282865000.0,222355000.0,-165849000.0,56506000.0,1896209000.0,902126000.0,525327000.0,360123000.0,430347000.0,244918000.0,1252608000.0,0.151788497452491,0.1538374335785817,0.0020489361260906,0.4759538810466434,0.0593348398193877,0.0316368990372972,0.1270014792715176,0.1538463135142316,0.0390962190705636,0.1147500944436679,0.0,0.195712880179007,0.4757524091489915,1.7172656269333195,0.1899173561564152,1.7571064601213466,0.7622081743098994,2026-03-31,2584431616.0,low_cap,2026-03-31,88.47000122070312,90,,,,,,,0.07995609372756096,-0.06489799545542585,0.003288737973732081,0.4859268842127533,-0.37710341490477406,-0.05037750470098057,21.67277144297386,-0.009983741065257172,0.006014462004441507
SHOP,2025-12-31,,11556000000.0,5555000000.0,1885000000.0,1231000000.0,1916000000.0,1536000000.0,2134000000.0,2033000000.0,-26000000.0,2007000000.0,15189000000.0,188000000.0,13473000000.0,1534000000.0,8296000000.0,1392000000.0,8880000000.0,0.2577903682719547,0.3013513513513512,0.0435609830793966,0.4807026652821045,0.1631187262028383,0.1065247490481135,0.1658013153340256,0.1759259259259259,0.1736760124610591,0.0022499134648667,0.1329179646936656,0.1846659743856005,0.0123773783659227,0.0139538335931121,0.1009941404964118,5.959770114942529,0.7608137467904404,2026-03-31,130128805888.0,large_cap,2026-03-31,118.62000274658205,90,,,,,,,-0.29342387838632766,-0.20389259901622803,0.22693424050632416,0.6165621742346726,-0.33735541932519175,-0.18937210826178275,25.59179061139235,-0.0614433102440795,0.05233750105245427
SHW,2025-12-31,,23574300000.0,11515500000.0,3796700000.0,2568500000.0,4480100000.0,,7703500000.0,3451600000.0,-797600000.0,2654000000.0,25901700000.0,12942600000.0,4598300000.0,207200000.0,6007400000.0,6920300000.0,23098500000.0,0.0020215253406443,0.0205987401779337,0.0185772148372893,0.4884768582736284,0.1610525020891394,0.1089533941622869,0.1900416979507344,0.1464136793033091,0.112580225075612,0.0338334542276971,0.0,0.3267753443368414,0.4996814880876545,2.81464889198182,0.0079994749379384,0.8680837535944973,0.9101448939644888,2026-03-31,74015350784.0,large_cap,2026-03-31,320.54998779296875,90,,,,,,,-0.012210512615454472,-0.06097764411708695,-0.04808295842816601,0.25594611697928377,-0.14183420405798952,-0.04645715336264167,25.02753835166428,-0.0012560626478303814,0.0023190108055058277
SLB,2025-12-31,,35708000000.0,6507000000.0,5458000000.0,3374000000.0,6958000000.0,709000000.0,340000000.0,6489000000.0,-1946000000.0,4543000000.0,54868000000.0,11636000000.0,26109000000.0,3036000000.0,19513000000.0,14721000000.0,36289000000.0,0.0951863588350687,-0.0160103612664994,-0.1111967201015682,0.1822280721406967,0.1528509017587095,0.0944886299988798,0.1948582950599305,0.1817239834210821,0.1272263918449647,0.0544975915761173,0.0198554945670438,0.0095216758149434,0.2120726106291463,0.4456700754529089,0.0553327987169206,1.3255213640377692,0.6507982795071808,2026-03-31,82796298240.0,large_cap,2026-03-31,51.38999938964844,90,,,,,,,0.3639325978410679,0.4839486867327636,0.26458621105599334,0.4278601316053124,-0.03943926374488904,0.49846917748720887,25.13964919009185,-0.00774819330903949,-0.002036940496071098
SO,2025-12-31,,29553000000.0,14324000000.0,7285000000.0,4341000000.0,14267000000.0,,,9802000000.0,-12737000000.0,-2935000000.0,155720000000.0,74075000000.0,36016000000.0,1639000000.0,10917000000.0,16888000000.0,26724000000.0,0.0582505048905079,0.1058599012123933,0.0476093963218853,0.4846885256995906,0.2465062768585253,0.1468886407471322,0.482759787500423,0.3316752952322945,-0.0993130985009982,0.4309883937332927,0.0,0.0,0.4756935525301823,2.0567247889826743,0.0105253018237862,0.646435338702037,0.1897829437451836,2026-03-31,104331722752.0,large_cap,2026-03-31,96.5199966430664,90,,,,,,,0.11124219440281657,0.04438742029789022,0.09390601434910484,0.18433305514018578,-0.02613261982983628,0.058907911052335504,25.370841301817517,0.0046988479278076405,-0.010513274796412356
SRE,2025-12-31,,13702000000.0,6387000000.0,3080000000.0,1837000000.0,5264000000.0,,,4565000000.0,-10612000000.0,-6047000000.0,110878000000.0,35021000000.0,31614000000.0,29000000.0,34837000000.0,21894000000.0,13185000000.0,-0.2114234449760765,0.0392112248767539,0.2506346698528305,0.4661363304627062,0.2247847029630711,0.1340680192672602,0.3841774923368851,0.3331630418916946,-0.4413224346810684,0.7744854765727631,0.0,0.0,0.3158516567759158,1.107768710065161,0.0002615487292339,1.5911665296428246,0.1235772651021843,2026-03-31,59113189376.0,large_cap,2026-03-31,97.16999816894533,90,,,,,,,0.10052216681514525,0.10671995078257779,0.4360200795071272,0.21279992986645416,0.0,0.12124044153702307,24.802719906950326,0.004184619988971766,-0.01730479322943591
SYK,2025-12-31,,25116000000.0,16065000000.0,5059000000.0,3246000000.0,6314000000.0,1623000000.0,8651000000.0,5044000000.0,-761000000.0,4283000000.0,47844000000.0,15859000000.0,22420000000.0,4011000000.0,14755000000.0,7794000000.0,22595000000.0,0.1023026636745048,0.1115733569373755,0.0092706932628707,0.6396321070234113,0.2014253862079949,0.1292403248924988,0.2513935340022296,0.2008281573498964,0.1705287466157031,0.0302994107341933,0.0646201624462494,0.344441790093964,0.331473120976507,0.7073595004460304,0.0838349636318033,1.8931229150628688,0.5249561073488839,2026-03-31,117599756288.0,large_cap,2026-03-31,328.5899963378906,90,,,,,,,-0.06297892693215335,-0.10497527036350485,-0.08771966539781695,0.24381569607402792,-0.17961064554999806,-0.09045477960905957,25.49055280002784,-0.011712443309864823,0.019026464714237107
TMO,2025-12-31,,44557000000.0,18239000000.0,8110000000.0,6704000000.0,11507000000.0,1397000000.0,8732000000.0,7818000000.0,-1525000000.0,6293000000.0,110343000000.0,39385000000.0,53407000000.0,9852000000.0,28707000000.0,15189000000.0,42879000000.0,0.0005133350444501,0.0391333753119242,0.0386200402674741,0.4093408443117804,0.1820140494198442,0.1504589626770204,0.2582534730794263,0.1754606459142222,0.1412348228112305,0.0342258231029916,0.0313530982786094,0.1959736966133267,0.3569324741941038,0.7374501469844776,0.0892852287866017,1.8899861742050168,0.4038045005120397,2026-03-31,162896560128.0,large_cap,2026-03-31,491.5299987792969,90,,,,,,,-0.1590477866236717,0.06567808287110144,-0.013638243152309881,0.2787817026033584,-0.2305639034311887,0.08019857362554672,25.816381235867368,0.0025702050667624726,0.005526995328184997
TRV,2025-12-31,,48828000000.0,,,6288000000.0,,,6120000000.0,10606000000.0,,10606000000.0,143708000000.0,9267000000.0,32894000000.0,710000000.0,,,46428000000.0,0.1221811326227249,0.0516929439131559,-0.0704881887095689,,,0.1287785696731383,,0.2172114360612763,0.2172114360612763,,0.0,0.1253379208650774,0.0644849277702006,0.2817231105976774,0.0049405739416038,,0.3397723160853954,2026-03-31,63742373888.0,large_cap,2026-03-31,291.67999267578125,90,,,,,,,0.0027817949701487432,0.06293001853110392,0.13183829504435218,0.18262503579945924,-0.061814264005615516,0.0774505092855492,24.878115388542998,0.0032530379183822165,0.011228298581611606
TSLA,2025-12-31,,94827000000.0,17094000000.0,4849000000.0,3794000000.0,11764000000.0,6411000000.0,5834000000.0,14747000000.0,-8527000000.0,6220000000.0,137806000000.0,14719000000.0,82137000000.0,16513000000.0,68642000000.0,31714000000.0,97690000000.0,0.0094757835346634,-0.0293069915037362,-0.0387827750383997,0.1802651143661615,0.0511352251995739,0.040009701878157,0.1240574941736003,0.1555147795459099,0.0655931327575479,0.0899216467883619,0.0676073270271125,0.061522562139475,0.1068095728778137,0.1792006038691454,0.1198278739677517,2.1644068865485275,0.6881195303542661,2026-03-31,1585816797184.0,large_cap,2026-03-31,371.75,90,,,,,,,-0.19121488958192967,-0.1612328079980142,0.4105483483916059,0.3580944706954148,-0.24114069507913716,-0.14671231724356892,28.092120719974798,0.004725248534121332,-0.0019223373844288968
TXN,2025-12-31,,17682000000.0,10083000000.0,6140000000.0,5001000000.0,8252000000.0,2083000000.0,1860000000.0,7153000000.0,-4550000000.0,2603000000.0,34585000000.0,14048000000.0,16273000000.0,3225000000.0,13750000000.0,3159000000.0,15641000000.0,-0.1071978994234831,0.1304903778530783,0.2376882772765615,0.5702409229725144,0.3472457866757154,0.2828299966067187,0.4666892885420201,0.4045356860083701,0.1472118538626852,0.2573238321456849,0.1178034159031783,0.1051917203936206,0.406187653607055,0.8632704479813188,0.0932485181437039,4.352643241532131,0.5112621078502241,2026-03-31,275512393728.0,large_cap,2026-03-31,193.15855407714844,90,,,,,,,0.1122272574792722,0.07597761659299462,0.13577109870361292,0.3828789301698565,-0.14309674384128912,0.0904981073474399,26.341898450836055,0.00991434789759618,0.019209730434993934
UBER,2025-12-31,,52017000000.0,20679000000.0,5565000000.0,10053000000.0,6987000000.0,3402000000.0,8139000000.0,10099000000.0,-336000000.0,9763000000.0,61802000000.0,12080000000.0,27041000000.0,7105000000.0,13993000000.0,12320000000.0,43978000000.0,0.1796357393846732,0.1827959434262585,0.0031602040415852,0.3975431109060499,0.1069842551473556,0.1932637407001557,0.1343214718265182,0.1941480669781033,0.1876886402522252,0.006459426725878,0.0654016955995155,0.1564680777438145,0.1954629300022653,0.4467290410857586,0.1149639170253389,1.1357954545454545,0.8416717905569399,2026-03-31,152853118976.0,large_cap,2026-03-31,71.93000030517578,90,,,,,,,-0.1174233091389475,-0.27759364742757153,-0.011271473468374094,0.3384831257434208,-0.2814185674161436,-0.26307315667312625,25.75274329054448,-0.05074299267065911,0.03430872206529714
UNH,2025-12-31,,447567000000.0,82917000000.0,18964000000.0,12056000000.0,23060000000.0,,,19697000000.0,-3622000000.0,16075000000.0,309581000000.0,78389000000.0,94110000000.0,24365000000.0,90582000000.0,114897000000.0,400278000000.0,0.0771106123964673,0.118140392427263,0.0410297800307957,0.1852616479767275,0.0423713097703807,0.0269367491347664,0.0515230121970565,0.0440090533931232,0.0359164102804719,0.0080926431126512,0.0,0.0,0.2532099838168363,0.832950802252683,0.0787031503871361,0.7883756756051071,1.4457185679999742,2026-03-31,357672681472.0,large_cap,2026-03-31,270.5899963378906,90,,,,,,,-0.17099271613301037,-0.20468424638151095,-0.46085539010959176,0.4902003076212507,-0.5358897323340964,-0.19016375562706567,26.602884107557905,-0.02418147719119029,0.004243178805113533
UNP,2025-12-31,,24510000000.0,11220000000.0,9846000000.0,7138000000.0,12940000000.0,,,9290000000.0,-3791000000.0,5499000000.0,69698000000.0,32822000000.0,18467000000.0,1266000000.0,4555000000.0,5014000000.0,24250000000.0,0.005431402628633,0.0107216494845361,0.005290246855903,0.4577723378212974,0.4017135862913096,0.2912280701754386,0.5279477764177887,0.3790289677682578,0.2243574051407589,0.1546715626274989,0.0,0.0,0.4709173864386352,1.7773325391238426,0.0181640793136101,0.9084563222975668,0.3516600189388504,2026-03-31,160635043840.0,large_cap,2026-03-31,242.6199951171875,90,,,,,,,0.039900647817926904,0.03867633429133366,0.06974880419472407,0.23240157954204946,-0.09120877249195336,0.05319682504577894,25.802400820384182,0.0004146740996184234,0.0024054814571792746
UPS,2025-12-31,,88661000000.0,16030000000.0,7867000000.0,5572000000.0,11927000000.0,,,8450000000.0,-3685000000.0,4765000000.0,73090000000.0,28590000000.0,16227000000.0,5887000000.0,19045000000.0,15620000000.0,91070000000.0,0.0012313375404031,-0.0264521796420336,-0.0276835171824367,0.1808010286371685,0.0887312347029697,0.0628461217446227,0.1345236349691521,0.0953068429185323,0.0537440362729948,0.0415628066455375,0.0,0.0,0.3911615816117116,1.7618783508966538,0.0805445341359967,1.219270166453265,1.213038719387057,2026-03-31,84091117568.0,large_cap,2026-03-31,98.37999725341795,90,,,,,,,0.0007219709504282523,0.20101821720433333,-0.04154769504823119,0.27830686025941037,-0.1687336484722587,0.2155387079587786,25.155166780844418,-0.0053173699928103545,-0.0014216469021812283
UPST,2025-12-31,,1023985000.0,,,53601000.0,,,743624000.0,-147725000.0,-18407000.0,-166132000.0,2974805000.0,1850294000.0,798815000.0,657445000.0,,,628834000.0,0.2375723009767396,0.6283868238676662,0.3908145228909265,,,0.0523454933421876,,-0.1442648085665317,-0.162240657822136,0.0179758492556043,0.0,0.7262059502824748,0.6219883320083165,2.316298517178571,0.2210044019692047,,0.3442192009224134,2026-03-31,2824448512.0,low_cap,2026-03-31,25.649999618530277,90,,,,,,,-0.44921623820880097,-0.5136518998443091,-0.4576020485948379,0.7438215025534538,-0.6951146980158949,-0.49913140908986386,21.761578965496348,-0.322772085916758,-0.10194989167105288
URI,2025-12-31,,16099000000.0,6144000000.0,3974000000.0,2494000000.0,7162000000.0,,1732000000.0,5190000000.0,-4528000000.0,662000000.0,29866000000.0,15670000000.0,8968000000.0,459000000.0,3608000000.0,3819000000.0,15345000000.0,0.0706809935807981,0.0491365265558814,-0.0215444670249167,0.3816386110938567,0.2468476302875955,0.1549164544381638,0.4448723523200198,0.322380272066588,0.0411205664948133,0.2812597055717746,0.0,0.1075843220075781,0.5246768901091542,1.747323818019625,0.0153686466215763,0.9447499345378372,0.539041050023438,2026-03-31,60212740096.0,large_cap,2026-03-31,727.0582885742188,90,,,,,,,-0.10897853432371929,-0.22476883550834448,0.17101337322392318,0.4744025722953738,-0.2826147218923166,-0.2102483447538992,24.821149796372485,-0.011044359854890308,0.0020205218075652807
USB,2025-12-31,,28540000000.0,,,7570000000.0,,,11032000000.0,7970000000.0,,7970000000.0,692345000000.0,68413000000.0,65193000000.0,46890000000.0,,,27335000000.0,-0.0242030485845857,0.0440826778854948,0.0682857264700805,,,0.2652417659425368,,0.2792571829011913,0.2792571829011913,,0.0,0.3865451997196916,0.0988134528305974,1.0493918058687282,0.0677263503022337,,0.0412222230246481,2026-03-31,82458165248.0,large_cap,2026-03-31,52.0099983215332,90,,,,,,,-0.026513410038284446,0.09459491681377963,0.29829034411656075,0.2516858110928173,-0.1341730783958922,0.10911540756822491,25.135556913771467,0.0041699972475070235,0.012310404441043922
VRTX,2025-12-31,,12001300000.0,10350000000.0,4554400000.0,3953200000.0,4866300000.0,4042500000.0,1753100000.0,3631400000.0,-437600000.0,3193800000.0,25643000000.0,2030500000.0,18665800000.0,5084800000.0,11201000000.0,3861200000.0,11020100000.0,0.1166153284967372,0.0890373045616645,-0.0275780239350726,0.8624065726212994,0.3794922216759851,0.3293976485880696,0.4054810728837709,0.3025838867456025,0.2661211702065609,0.0364627165390416,0.3368385091615075,0.1460758417838067,0.0791834028779784,0.1087818362995424,0.1982919315212728,2.9009116336890086,0.4680146628709589,2026-03-31,110900281344.0,large_cap,2026-03-31,446.5400085449219,90,,,,,,,-0.028796359714486908,0.12959452405130412,-0.09366943446751352,0.36040412440935266,-0.1235721127675724,0.1441150148057494,25.431897268215653,0.011538747107479921,0.02369471168198812
WFC,2025-12-31,,83699000000.0,,,21338000000.0,,,37981000000.0,-19001000000.0,,-19001000000.0,2148631000000.0,193035000000.0,181117000000.0,174210000000.0,,,82296000000.0,-0.0036442001525479,0.0170482161951979,0.0206924163477458,,,0.2549373349741335,,-0.2270158544307578,-0.2270158544307578,,0.0,0.4537808098065687,0.0898409266179255,1.065802768376243,0.0810795338985614,,0.0389545715388077,2026-03-31,224679100416.0,large_cap,2026-03-31,79.15744018554688,90,,,,,,,-0.1536048658165019,-0.049948181442418416,0.15063154113603883,0.29985686556843544,-0.1700252728411712,-0.035427690687973135,26.137939000757157,-0.0008515273957873209,-0.0038702153660731342
WING,2025-12-31,,696853000.0,339250000.0,185826000.0,174267000.0,298041000.0,,128356000.0,153065000.0,-47441000.0,105624000.0,693409000.0,1270406000.0,-736762000.0,196572000.0,267488000.0,81965000.0,625807000.0,0.360287356946452,0.1135270139196269,-0.246760343026825,0.4868315125284673,0.2666645619664405,0.2500771324798774,0.4276956546072127,0.2196517773475898,0.1515728568292021,0.0680789205183876,0.0,0.1841937969700927,1.8321163988353195,1.7243098856890011,0.2834863695164037,3.263441712926249,1.004966765646249,2026-03-31,3518718208.0,low_cap,2026-03-31,154.57919311523438,90,,,,,,,-0.36279013391374215,-0.38305681478943543,-0.3051317217715176,0.691712313234565,-0.5923183053129439,-0.36853632403499015,21.981362614784814,-0.04348729634460818,0.01720761382708644
WM,2025-12-31,,25204000000.0,10192000000.0,4607000000.0,2708000000.0,7201000000.0,,2629000000.0,6043000000.0,-3227000000.0,2816000000.0,45835000000.0,22907000000.0,9990000000.0,201000000.0,4910000000.0,5524000000.0,22063000000.0,0.0801429550572798,0.1423650455513756,0.0622220904940957,0.4043802571020473,0.1827884462783685,0.107443262974131,0.2857086176797334,0.2397635295984764,0.111728297095699,0.1280352325027773,0.0,0.1043088398666878,0.4997709174211847,2.292992992992993,0.0043852950801789,0.888848660391021,0.5498854587105924,2026-03-31,88274386944.0,large_cap,2026-03-31,229.7899932861328,90,,,,,,,0.03785007630096726,0.055442430987550084,0.023481637362165353,0.19642788222904087,-0.06412037513197355,0.06996292174199537,25.203715833893924,0.007893064213021566,0.015906204105406815
XOM,2025-12-31,,323905000000.0,71240000000.0,33938000000.0,28844000000.0,67864000000.0,,11128000000.0,51970000000.0,-28358000000.0,23612000000.0,448980000000.0,43537000000.0,259386000000.0,10681000000.0,83382000000.0,72330000000.0,339247000000.0,0.0135943853694535,-0.0452236865764472,-0.0588180719459008,0.2199410320927432,0.1047776354177922,0.0890508019326654,0.2095182229357373,0.1604482795881508,0.072897917599296,0.0875503619888547,0.0,0.0343557524582825,0.0969686845739231,0.1678463756717787,0.0237894783732014,1.152799668187474,0.7214241168871665,2026-03-31,654570029056.0,large_cap,2026-03-31,168.51620483398438,90,,,,,,,0.4169986804984236,0.5083582737383647,0.49060898541841946,0.2677186442692887,-0.010555741608490044,0.52287876449281,27.207244412838527,-0.022989835240087558,-0.0032967125775862365
YUM,2025-12-31,,8214000000.0,3792000000.0,2530000000.0,1559000000.0,2784000000.0,,1262000000.0,2010000000.0,-371000000.0,1639000000.0,8197000000.0,13189000000.0,-7325000000.0,709000000.0,2040000000.0,1516000000.0,7549000000.0,0.0668456755228943,0.0880911378990594,0.021245462376165,0.4616508400292184,0.3080107134161188,0.1897979060141222,0.3389335281227173,0.2447041636230825,0.1995373752130509,0.0451667884100316,0.0,0.1536401266130996,1.609003293888008,1.8005460750853242,0.0864950591679882,1.345646437994723,1.0020739294863974,2026-03-31,41334915072.0,mid_cap,2026-03-31,155.47999572753906,90,,,,,,,0.025786979967050483,0.01946373770797538,0.017409171137296564,0.20840898933148924,-0.07540442232654065,0.03398422846242066,24.44497338102211,0.0017145828024643817,0.017577474435909225
ZTS,2025-12-31,,9467000000.0,6801000000.0,3597000000.0,2673000000.0,4069000000.0,698000000.0,2378000000.0,2904000000.0,-621000000.0,2283000000.0,15467000000.0,9238000000.0,3331000000.0,2310000000.0,6768000000.0,2235000000.0,9256000000.0,0.0833333333333332,0.0227960242005185,-0.0605373091328147,0.7183901975282561,0.379951410161614,0.2823492130558783,0.4298088095489595,0.3067497623323122,0.2411534805112496,0.0655962818210626,0.0737297982465406,0.2511883384387873,0.5972716105256353,2.773341338937256,0.1493502295209155,3.0281879194630874,0.6120773259197,2026-03-31,31115112448.0,mid_cap,2026-03-31,117.69805908203124,90,,,,,,,-0.05766984188843283,-0.16728561447266943,-0.2647305121118725,0.25843536752304463,-0.2981417561733546,-0.15276512371822415,24.16095946890932,-0.00381344691591758,0.005497340577773712
ADSK,2026-01-31,,7206000000.0,6556000000.0,1794000000.0,1124000000.0,1989000000.0,1643000000.0,3066000000.0,2452000000.0,-76000000.0,2376000000.0,12467000000.0,2734000000.0,3045000000.0,2249000000.0,4942000000.0,5808000000.0,6131000000.0,0.1153356376205203,0.1753384439732506,0.0600028063527302,0.9097973910630032,0.2489592006661115,0.1559811268387455,0.2760199833472107,0.3402719955592562,0.3297252289758534,0.0105467665834027,0.2280044407438246,0.4254787676935886,0.2192989492259565,0.8978653530377668,0.1803962460896767,0.8508953168044077,0.5780059356701692,2026-05-01,49961189376.0,mid_cap,2026-05-01,244.3500061035156,90,,,,,,,-0.03369315924462868,-0.1774942199141485,-0.10902459032446443,0.4003559230391398,-0.2522721022239385,-0.2318495829626459,24.63451232848567,-0.031121560333992746,0.05781350858734989
ASAN,2026-01-31,,790806000.0,704047000.0,-197331000.0,-189024000.0,-158982000.0,301496000.0,599882000.0,90361000.0,-13379000.0,76982000.0,844088000.0,249418000.0,154117000.0,199835000.0,593348000.0,501020000.0,723876000.0,0.1093817049397398,0.0924605871723887,-0.0169211177673511,0.8902904125664196,-0.2495314906563683,-0.2390270180044157,-0.2010379283920456,0.114264434007835,0.0973462517987976,0.0169181822090373,0.3812515332458276,0.7585703699769603,0.2954881481551686,1.6183678633765255,0.2367466425301627,1.1842800686599335,0.936876249869682,2026-05-01,1476145920.0,low_cap,2026-05-01,6.989999771118164,90,,,,,,,-0.31804880281774006,-0.49089584820338306,-0.5669144959446978,0.6619492504348197,-0.6321052752043071,-0.5452512112518805,21.112700420026805,-0.04538851836537259,0.009000691600348026
CHWY,2026-01-31,,12601500000.0,3753900000.0,254300000.0,222800000.0,397200000.0,,3499600000.0,691600000.0,-129200000.0,562400000.0,3366400000.0,518700000.0,497900000.0,860100000.0,2035800000.0,2301600000.0,11861300000.0,0.0640132045175239,0.0624046268115636,-0.0016085777059602,0.2978931079633377,0.0201801372852438,0.0176804348688648,0.0315200571360552,0.0548823552751656,0.0446296075863984,0.0102527476887672,0.0,0.2777129706780938,0.1540815114068441,1.04177545691906,0.2554954847908745,0.8845151199165797,3.743316302281369,2026-05-01,8866885632.0,low_cap,2026-05-01,25.540000915527344,90,,,,,,,-0.12263825558130426,-0.23942824529842566,-0.31893330891927085,0.5476325100518689,-0.4702343621542777,-0.2937836083469231,22.905589459099374,-0.01494143029599576,0.0027850940061757198
CRM,2026-01-31,,41525000000.0,32255000000.0,8917000000.0,7457000000.0,12548000000.0,5993000000.0,16350000000.0,14996000000.0,-594000000.0,14402000000.0,112305000000.0,17176000000.0,59142000000.0,7327000000.0,28222000000.0,37118000000.0,37895000000.0,0.0871560949020282,0.0957910014513787,0.0086349065493505,0.7767609873570138,0.2147381095725466,0.179578567128236,0.3021794099939795,0.3611318482841661,0.3468272125225767,0.0143046357615894,0.1443226971703793,0.3937387116195063,0.1529406526868794,0.2904196679178925,0.0652419749788522,0.760331914435045,0.3697520146030898,2026-05-01,141940506624.0,large_cap,2026-05-01,183.82000732421875,90,,,,,,,-0.13194332756301952,-0.26597794222170146,-0.31081163029272985,0.4481564342200783,-0.363929834550756,-0.3203333052701989,25.678673839319675,-0.025478293449393723,0.03322292601812777
CRWD,2026-01-31,,4812005000.0,3593076000.0,-293292000.0,-162502000.0,182483000.0,1384770000.0,2501598000.0,1612349000.0,-370859000.0,1241490000.0,11086684000.0,820077000.0,4428390000.0,5230125000.0,7419119000.0,4184192000.0,3953624000.0,0.293913544347917,0.2171124517657723,-0.0768010925821447,0.7466899972049074,-0.0609500613569603,-0.0337701228489995,0.0379224460489962,0.3350680225810239,0.2579984850389806,0.0770695375420432,0.2877740151974073,0.5198660433644603,0.0739695476122526,0.1851862640824317,0.4717483604655819,1.773130630716755,0.4340346491340422,2026-05-01,151215063040.0,large_cap,2026-05-01,455.6400146484375,90,,,,,,,0.03224933090587445,-0.16472957901294683,0.06241989375809598,0.5667257753841511,-0.18275251429404682,-0.21908494206144424,25.741968919010198,-0.03576484277784439,0.056014683638667996
FIVE,2026-01-31,,4764147000.0,1714686000.0,457399000.0,358641000.0,649522000.0,,1065164000.0,586428000.0,-174741000.0,411687000.0,4937019000.0,2032189000.0,2193290000.0,723699000.0,1916723000.0,954006000.0,3876527000.0,0.0891051194748282,0.2289729956737047,0.1398678761988765,0.3599145870184106,0.096008582438787,0.0752791633003767,0.136335423739024,0.1230919197077672,0.0864135804373794,0.0366783392703877,0.0,0.2235791632793866,0.4116226816222502,0.9265482448741388,0.146586229463569,2.009130969826185,0.964984538240586,2026-05-01,11813208064.0,mid_cap,2026-05-01,230.5200042724609,90,,,,,,,0.20288042687664842,0.4267499772397847,2.0375544357153386,0.39606736773316165,-0.06939567225987209,0.3723946141912873,23.19248406989575,0.0977142206922788,0.019786376379637406
GTLB,2026-01-31,,955224000.0,834481000.0,-70481000.0,-55956000.0,-59136000.0,274574000.0,630388000.0,232856000.0,-10827000.0,222029000.0,1722747000.0,187000.0,990668000.0,229576000.0,1655779000.0,652143000.0,759249000.0,0.3092621907688486,0.2581169023600953,-0.0511452884087533,0.8735971876753515,-0.0737847876519015,-0.0585789301776337,-0.0619079922615009,0.2437710945286131,0.2324365803204274,0.0113345142081857,0.2874446203194225,0.6599373550078306,0.0001085475696663,0.0001887615225282,0.1332615874530618,2.538981481055536,0.5544772389677649,2026-05-01,3995034624.0,low_cap,2026-05-01,24.049999237060547,90,,,,,,,-0.3124642781077923,-0.4992712919362555,-0.48467966186757516,0.64241830333073,-0.5498783623489739,-0.5536266549847529,22.108318082960633,-0.12887035931190913,0.059995810107482214
HD,2026-01-31,,164683000000.0,54865000000.0,20890000000.0,14156000000.0,25135000000.0,,30702000000.0,16325000000.0,-3679000000.0,12646000000.0,105095000000.0,65350000000.0,12813000000.0,1389000000.0,34391000000.0,32424000000.0,159514000000.0,0.044835559281845,0.0324046792131098,-0.0124308800687351,0.3331552133492831,0.1268497659139073,0.0859590850300273,0.1526265613329852,0.0991298433961003,0.0767899540328995,0.0223398893632008,0.0,0.1864309005786875,0.6218183548218279,5.100288769218762,0.0132166135401303,1.06066493955095,1.5669917693515392,2026-05-01,296328200192.0,large_cap,2026-05-01,323.8800048828125,90,,,,,,,-0.1295941039184053,-0.13195929747993462,-0.07884606871961608,0.2650543269107146,-0.2249914816173082,-0.18631466052843204,26.414733461455448,-0.00427609870402461,0.0024883538272255554
LOW,2026-01-31,,86286000000.0,28885000000.0,10153000000.0,6654000000.0,12468000000.0,,16791000000.0,9864000000.0,-2213000000.0,7651000000.0,54144000000.0,44677000000.0,-9917000000.0,982000000.0,20955000000.0,19463000000.0,83674000000.0,-0.0312930525487108,0.0312163874082749,0.0625094399569857,0.334758825301903,0.117666828917785,0.0771156386899381,0.1444962102774494,0.1143175022599262,0.0886702361912708,0.0256472660686554,0.0,0.1945970377581531,0.8251514479905437,4.505092265806192,0.0181368203309692,1.0766582746750244,1.5936391843971631,2026-05-01,122328940544.0,large_cap,2026-05-01,233.3300018310547,90,,,,,,,-0.12210725971201086,-0.012524839417187739,0.06423108327016314,0.3014782284676919,-0.1842095800690723,-0.06688020246568516,25.52997948732848,-0.0003909802394733645,0.0027679644445299475
LULU,2026-01-31,,11102600000.0,6284132000.0,2210615000.0,1579183000.0,2706843000.0,,4066556000.0,1602477000.0,-680802000.0,921675000.0,8456743000.0,1798441000.0,4961840000.0,1807202000.0,4262701000.0,1887548000.0,10588126000.0,0.1007194095024595,0.0485897126649228,-0.0521296968375366,0.566005440167168,0.1991078666258353,0.1422354223335074,0.2438026228090717,0.1443334894529209,0.0830143389836614,0.0613191504692594,0.0,0.3662706032821141,0.2126635514405487,0.3624544523805685,0.2136995294760642,2.258327205453848,1.3128695054348938,2026-05-01,13976446976.0,mid_cap,2026-05-01,133.5800018310547,90,,,,,,,-0.23449855684209353,-0.21561949831288685,-0.5066661474647034,0.47673982196433873,-0.6014797551892811,-0.26997486136138427,23.360639390949647,-0.010476889467977977,0.004033642878284606
MDB,2026-01-31,,2463797000.0,1767739000.0,-136968000.0,-71151000.0,-15151000.0,716303000.0,1188404000.0,505148000.0,-4960000.0,500188000.0,3758848000.0,32859000.0,2952358000.0,1083540000.0,3114855000.0,669496000.0,2006443000.0,0.1921746203679002,0.2279426826478499,0.0357680622799496,0.7174856532417241,-0.0555922423803584,-0.0288785967350394,-0.0061494514361369,0.2050282551687497,0.2030151022994183,0.0020131528693313,0.2907313386614238,0.4823465569606587,0.0087417740754614,0.0111297478151362,0.2882638510522373,4.652537132410052,0.6554659831948512,2026-05-01,25088151552.0,mid_cap,2026-05-01,263.4599914550781,90,,,,,,,-0.2904963213796218,-0.22632369424277687,0.5302317143347626,0.7310038952443509,-0.40204269676478355,-0.2806790572912743,23.945661521912488,-0.0515888300124703,0.046275807036157086
MRVL,2026-01-31,,8194600000.0,4180700000.0,1338400000.0,2670100000.0,4539800000.0,2075200000.0,767100000.0,1750500000.0,-358600000.0,1391900000.0,22285300000.0,4790300000.0,14308400000.0,2638800000.0,6460600000.0,3220500000.0,5767300000.0,0.0471340123826642,0.4208728521145077,0.3737388397318435,0.5101774339198984,0.1633270690454689,0.3258365264930564,0.5539989749347131,0.2136162838942718,0.1698557586703439,0.0437605252239279,0.2532399384960828,0.0936104263783467,0.2149533549021103,0.334789354505046,0.1184098935172512,2.0060860114888994,0.367713245951367,2026-05-01,154876592128.0,large_cap,2026-05-01,164.9499969482422,90,,,,,,,1.091137396197921,0.8319613460289785,1.8335777836172658,0.6671151361971326,-0.0036844685875020433,0.7776059829804811,25.765894456926816,0.3501499445522411,0.07148767759966115
NCNO,2026-01-31,,594781000.0,360169000.0,3727000.0,5180000.0,66419000.0,127528000.0,228914000.0,90065000.0,-7501000.0,82564000.0,1648106000.0,278695000.0,1055915000.0,88374000.0,293503000.0,294492000.0,540657000.0,0.1345398001859223,0.1001078317676456,-0.0344319684182767,0.6055489331367344,0.0062661719187398,0.0087090878827669,0.1116696733755785,0.1514254826566416,0.1388141181376002,0.0126113645190414,0.2144116910257725,0.384871070192222,0.1691001671009025,0.2639369646230994,0.0536215510410131,0.996641674476726,0.3608875885410283,2026-05-01,1628655232.0,low_cap,2026-05-01,18.1299991607666,90,,,,,,,-0.15081972661217635,-0.2972868334537132,-0.21853454463121658,0.5859414536148447,-0.44539614798412086,-0.3516421965022106,21.21102050021323,-0.029760740310120395,0.013896380385492962
NVDA,2026-01-31,,215938000000.0,153463000000.0,130387000000.0,120067000000.0,144552000000.0,18497000000.0,4579000000.0,102718000000.0,-6042000000.0,96676000000.0,206803000000.0,11040000000.0,157293000000.0,10605000000.0,125605000000.0,32163000000.0,130497000000.0,1.1420340763599357,0.6547353579009478,-0.4872987184589876,0.7106808435754708,0.6038168363141272,0.5560253406070261,0.6694143689392326,0.4756828348877918,0.4477025812964832,0.0279802535913086,0.0856588465207605,0.0212051607405829,0.053384138527971,0.0701874845034426,0.0512806874174939,3.905263812455306,1.0441724733200195,2026-05-01,5457368842240.0,large_cap,2026-05-01,198.4499969482422,90,,,,,,,0.03835470169062116,-0.04138435348377001,0.8224088590217697,0.3912561327751124,-0.08383732796703347,-0.09573971653226743,29.327987892510034,-0.027095799489695493,0.2931267097983311
PATH,2026-01-31,,1610572000.0,1339588000.0,56760000.0,282330000.0,73729000.0,385208000.0,897620000.0,371208000.0,-19048000.0,352160000.0,3179200000.0,81246000.0,2082587000.0,871157000.0,2243945000.0,905423000.0,1429664000.0,0.0929551278522895,0.1265388231080868,0.0335836952557973,0.8317467334586718,0.0352421375759668,0.1752979686719997,0.0457781459009594,0.2304820895930141,0.2186552355312274,0.0118268540617867,0.2391746534771497,0.5573299424055553,0.025555485656769,0.0390120556788263,0.2740176774031203,2.478338853773319,0.5065966280825365,2026-05-01,5344953856.0,low_cap,2026-05-01,10.670000076293944,90,,,,,,,-0.15250198991453445,-0.34176430111494593,-0.10636512133349552,0.593502359296791,-0.4468636822248563,-0.39611966416344335,22.399418748271092,-0.04324645244344306,0.027668376170543043
ROST,2026-01-31,,22750559000.0,6303303000.0,2707357000.0,2145044000.0,3389490000.0,,3595946000.0,3026883000.0,-819275000.0,2207608000.0,15548737000.0,5212338000.0,6187443000.0,4594392000.0,7640097000.0,4827180000.0,21129219000.0,0.0369181026730165,0.0767344973801444,0.0398163947071279,0.2770614559404892,0.1190017792529845,0.0942853316263569,0.148984910656481,0.1330465330544185,0.0970353299890345,0.036011203065384,0.0,0.1580596766875047,0.3352258128747049,0.842405820950593,0.295483292308565,1.5827246964065975,1.4631772985805858,2026-05-01,68812906496.0,large_cap,2026-05-01,228.83999633789065,90,,,,,,,0.21561800309261137,0.45161506699605636,0.6627552990058676,0.24682842081570858,0.0,0.39725970394755894,24.95465715871068,0.03465445517524263,0.007445957274825015
S,2026-01-31,,1001278000.0,742101000.0,-309044000.0,-450735000.0,-254111000.0,323853000.0,727292000.0,76616000.0,-24930000.0,51686000.0,2438102000.0,15001000.0,1437145000.0,169627000.0,1050585000.0,756355000.0,821461000.0,0.3224755857645607,0.2188990104216754,-0.1035765753428852,0.741153805436652,-0.3086495458803649,-0.4501596959086287,-0.2537866606476922,0.0765182097279676,0.0516200296021684,0.0248981801257992,0.3234396441347957,0.7263637071822211,0.0061527368420189,0.0104380560068747,0.0695733812613254,1.3890104514414527,0.4106792906941547,2026-05-01,5757388800.0,low_cap,2026-05-01,14.899999618530272,90,,,,,,,0.06580830518015723,-0.11729855691215607,-0.19459461521457977,0.546586040178648,-0.2674533182520885,-0.1716539199606535,22.473749875534256,-0.025676538031961536,0.011299573397852253
SNOW,2026-01-31,,4683946000.0,3146141000.0,-1435165000.0,-1331616000.0,-1083169000.0,1969472000.0,2611834000.0,1221942000.0,-104729000.0,1117213000.0,9132495000.0,2741114000.0,1924102000.0,2828163000.0,5742612000.0,4421691000.0,3626396000.0,0.2921468781812435,0.2916256250006894,-0.000521253180554,0.6716860100436683,-0.3064008423666712,-0.2842936276378933,-0.2312513850501265,0.260878754793501,0.238519615725715,0.022359139067786,0.4204728235551819,0.5576140288551577,0.3001495210235538,1.42461990060818,0.3096813083390684,1.2987366145666894,0.512887880037164,2026-05-01,54437380096.0,large_cap,2026-05-01,141.0,90,,,,,,,-0.2682926713389021,-0.4771969090911148,-0.11593206380544374,0.6677812530955303,-0.49123189526108746,-0.5315522721396122,24.720316888957395,-0.13916284686209351,0.0695584320109359
TGT,2026-01-31,,104780000000.0,29269000000.0,5117000000.0,3705000000.0,8346000000.0,,21535000000.0,6562000000.0,-3727000000.0,2835000000.0,59490000000.0,20290000000.0,16165000000.0,5488000000.0,20005000000.0,21230000000.0,106566000000.0,-0.0078762149480504,-0.0167595668412063,-0.0088833518931559,0.2793376598587517,0.048835655659477,0.0353598014888337,0.079652605459057,0.0626264554304256,0.0270566902080549,0.0355697652223706,0.0,0.2055258637144493,0.3410657253319886,1.2551809464893289,0.0922507984535216,0.9422986340084786,1.7613044209110775,2026-05-01,55200583680.0,large_cap,2026-05-01,127.6836395263672,90,,,,,,,0.23448243609746666,0.40078664853607404,0.3939548963563726,0.29911270526126155,-0.02429982147265064,0.3464312854875766,24.7342393640866,-0.00671701062520339,-0.0004534584080437081
TJX,2026-01-31,,60372000000.0,18693000000.0,7178000000.0,5494000000.0,8620000000.0,,11515000000.0,6874000000.0,-1957000000.0,4917000000.0,35767000000.0,13489000000.0,10190000000.0,6230000000.0,15202000000.0,13361000000.0,56360000000.0,0.0395263478244831,0.0711852377572745,0.0316588899327914,0.3096302921884317,0.1188961770357119,0.0910024514675677,0.1427814218511893,0.1138607301397999,0.0814450407473663,0.0324156893924335,0.0,0.1907341151527198,0.3771353482260184,1.3237487733071638,0.1741829060306987,1.1377890876431405,1.687924623256074,2026-05-01,163030188032.0,large_cap,2026-05-01,156.31800842285156,90,,,,,,,0.049819092594647785,0.11318708173812442,0.23362590903450386,0.19309068460789347,-0.049515138885770416,0.058831718689627,25.817201223255587,0.00805724932458045,0.00579768458975218
ULTA,2026-01-31,,12392820000.0,,1548813000.0,1153479000.0,1849585000.0,,3296411000.0,1502780000.0,-434829000.0,1067951000.0,6999294000.0,2182061000.0,2803451000.0,424243000.0,3144146000.0,2224342000.0,11295654000.0,0.0078833417816936,0.0971316933043451,0.0892483515226514,,0.1249766396994388,0.0930763942347262,0.1492464991825912,0.1212621501805077,0.0861749787376884,0.0350871714428193,0.0,0.2659936156580988,0.3117544426623599,0.7783481858609264,0.0606122560361087,1.4135173458038377,1.770581432927378,2026-05-01,21618143232.0,mid_cap,2026-05-01,531.9500122070312,90,,,,,,,-0.1782778913680546,0.0511391793788567,0.3445303622276874,0.40046440059154415,-0.24740385572726797,-0.0032161836696407153,23.79679876350826,0.0049672350872629984,0.00837032160525761
WDAY,2026-01-31,,9552000000.0,7231000000.0,1024000000.0,693000000.0,1470000000.0,2679000000.0,3528000000.0,2939000000.0,-162000000.0,2777000000.0,18074000000.0,3821000000.0,7805000000.0,1501000000.0,8429000000.0,6378000000.0,8446000000.0,0.1635211461633834,0.1309495619228036,-0.0325715842405798,0.7570142378559463,0.1072026800670016,0.0725502512562814,0.153894472361809,0.3076842546063651,0.2907244556113902,0.0169597989949748,0.280464824120603,0.3693467336683417,0.2114086533141529,0.4895579756566303,0.0830474715060307,1.321574161179053,0.5284939692375789,2026-05-01,31213191168.0,mid_cap,2026-05-01,126.95999908447266,90,,,,,,,-0.27711669102790526,-0.45124481868283595,-0.4817959221041932,0.5514448677986721,-0.5378398928557582,-0.5056001817313334,24.164106636255866,-0.05909031132645231,0.03807024010255711
WMT,2026-01-31,,713163000000.0,177768000000.0,29825000000.0,21893000000.0,46471000000.0,,,41565000000.0,-26642000000.0,14923000000.0,284668000000.0,67095000000.0,99617000000.0,10727000000.0,84874000000.0,107469000000.0,680985000000.0,0.0507000964320154,0.0472521421176677,-0.0034479543143477,0.2492669978672477,0.0418207338294331,0.030698451826581,0.0651618213507991,0.058282608604204,0.0209250900565508,0.0373575185476532,0.0,0.0,0.2356956173507384,0.6735296184386199,0.0376824932904295,0.7897533242144247,2.505244706113789,2026-05-01,1047786684416.0,large_cap,2026-05-01,131.34933471679688,90,,,,,,,0.10684982516998076,0.2896633262146566,0.36522118108520374,0.2783544634066794,-0.015086332163381955,0.2353079631661592,27.67770113570464,0.013687212656571295,0.0009887553291771335
