symbol,fiscal_period_end,error,total_revenue,gross_profit,operating_income,net_income,ebitda,research_development,selling_general_admin,operating_cash_flow,capital_expenditure,free_cash_flow,total_assets,total_debt,stockholders_equity,cash,current_assets,current_liabilities,prior_q_revenue,prior_y_revenue,prior_y_growth,q_revenue_growth_qoq,q_revenue_growth_yoy,q_revenue_growth_accel,q_gross_margin,q_operating_margin,q_net_margin,q_ebitda_margin,q_cfo_margin,q_fcf_margin,q_capex_to_revenue,q_rd_to_revenue,q_sga_to_revenue,q_debt_to_assets,q_debt_to_equity,q_cash_to_assets,q_current_ratio,q_asset_turnover,q_gross_margin_qoq_delta,q_operating_margin_qoq_delta,q_net_margin_qoq_delta,q_ebitda_margin_qoq_delta,q_cfo_margin_qoq_delta,q_fcf_margin_qoq_delta,q_capex_to_revenue_qoq_delta,q_rd_to_revenue_qoq_delta,q_sga_to_revenue_qoq_delta,q_debt_to_assets_qoq_delta,q_debt_to_equity_qoq_delta,q_cash_to_assets_qoq_delta,q_current_ratio_qoq_delta,q_asset_turnover_qoq_delta,availability_date,current_market_cap,market_cap_bucket,annual_revenue_growth_yoy,annual_revenue_growth_accel,annual_gross_margin,annual_operating_margin,annual_net_margin,annual_fcf_margin,annual_debt_to_assets,annual_asset_turnover,trade_date,trade_close,reporting_lag_days,fwd_1m_return,fwd_1m_return_end_date,fwd_3m_return,fwd_3m_return_end_date,fwd_6m_return,fwd_6m_return_end_date,fwd_12m_return,fwd_12m_return_end_date
ABBV,2024-12-31,,15102000000.0,10706000000.0,84000000.0,-22000000.0,535000000.0,6774000000.0,3855000000.0,7048000000.0,-291000000.0,6757000000.0,135161000000.0,67144000000.0,3325000000.0,5524000000.0,25582000000.0,38749000000.0,,,0.16595182415922993,,,,0.7089127267911535,0.0055621771950735005,-0.0014567606939478214,0.03542577142100384,0.4666931532247384,0.4474241822275195,0.01926897099721891,0.44854986094557014,0.255264203416766,0.4967705181228313,20.193684210526317,0.0408697775245818,0.6601976825208392,0.11173341422451742,,,,,,,,,,,,,,,2025-02-14,371715538944.0,large_cap,-0.0643538774244668,,0.6241577377664862,0.2491807503958172,0.0895283331492323,0.4061637026400088,0.4408325971895391,0.4032187423447231,2025-02-14,185.0745391845703,45,0.1087778963636461,2025-03-18,-0.037068375952105104,2025-05-16,0.09026629878939363,2025-08-18,0.22565816187506926,2026-02-18
AMD,2024-12-31,,7658000000.0,3882000000.0,1057000000.0,482000000.0,1694000000.0,1712000000.0,792000000.0,1299000000.0,-208000000.0,1091000000.0,69226000000.0,2212000000.0,57568000000.0,3787000000.0,19049000000.0,7281000000.0,,,-0.021490371197320668,,,,0.5069208670671194,0.1380255941499086,0.06294071559153826,0.22120658135283364,0.16962653434317054,0.1424653956646644,0.027161138678506138,0.22355706450770435,0.10342125881431183,0.031953312339294486,0.03842412451361868,0.054704879669488345,2.6162615025408598,0.11062317626325369,,,,,,,,,,,,,,,2025-02-14,691537707008.0,large_cap,-0.0390237701792296,,0.4611992945326278,0.0176807760141093,0.0376543209876543,0.049426807760141,0.0442365765633055,0.334094424394196,2025-02-14,113.0999984741211,45,-0.08479218803955113,2025-03-18,0.03598585101444973,2025-05-16,0.5573828626527506,2025-08-18,0.7694075845896482,2026-02-18
BLK,2024-12-31,,5677000000.0,2796000000.0,2040000000.0,1670000000.0,2469000000.0,,631000000.0,2618000000.0,-90000000.0,2528000000.0,138615000000.0,14222000000.0,47495000000.0,12762000000.0,25114000000.0,1536000000.0,,,0.09718985688697734,,,,0.4925136515765369,0.35934472432622866,0.2941694556984323,0.43491280605953847,0.46115906288532676,0.44530561916505196,0.015853443720274793,0.0,0.11115025541659328,0.1026007286368719,0.2994420465312138,0.09206795801320203,16.350260416666668,0.04095516358258486,,,,,,,,,,,,,,,2025-02-14,167947649024.0,large_cap,-0.0007833044256699,,0.4805420236295425,0.3549470855031076,0.3080799596841928,0.2139537488101237,0.0787429693777341,0.1449464739349571,2025-02-14,949.0731811523438,45,-0.010336718947703827,2025-03-18,0.021760152904107377,2025-05-16,0.17912321301845746,2025-08-18,0.14449869016049588,2026-02-18
BOOT,2024-12-31,,608170000.0,238869000.0,99464000.0,75066000.0,115835000.0,,139405000.0,157145000.0,-42958000.0,114187000.0,2013019000.0,541450000.0,1090572000.0,152914000.0,899380000.0,409050000.0,,,0.02571199000089286,,,,0.39276682506536004,0.1635463768354243,0.1234293043063617,0.1904648371343539,0.25838992386997056,0.18775506848414095,0.07063485538582961,0.0,0.2292204482299357,0.2689741130113526,0.4964825797838199,0.07596252196328003,2.198704314875932,0.3021183605321162,,,,,,,,,,,,,,,2025-02-14,4365484032.0,low_cap,0.005667178446141,-0.1081297758412933,0.3685786939362654,0.1189039771230989,0.0881794879331785,0.0703643471630927,0.273662751701462,0.977378528979967,2025-02-14,137.25999450683594,45,-0.2554276479797445,2025-03-18,0.14170197424904152,2025-05-16,0.21870905925882034,2025-08-18,0.4333382876783216,2026-02-18
BROS,2024-12-31,,342786000.0,87948000.0,15778000.0,3612000.0,39754000.0,,72170000.0,62237000.0,-42769000.0,19468000.0,2501085000.0,942909000.0,537369000.0,293354000.0,357941000.0,203071000.0,,,0.16027262114211482,,,,0.25656823790936617,0.04602871762557397,0.010537186466191735,0.11597323111212243,0.18156225750176494,0.05679345130781304,0.1247688061939519,0.0,0.21053952028379222,0.3769999820078086,1.7546769538250253,0.1172906958380063,1.7626396678994047,0.13705491816551615,,,,,,,,,,,,,,,2025-02-14,8910600192.0,low_cap,0.3068475207439121,,0.2602011232418283,0.047859959245208,0.0017788804029091,-0.0916796441410844,0.3835471454243456,0.547488959813153,2025-02-14,81.97000122070312,45,-0.23130416758345984,2025-03-18,-0.10064657651751141,2025-05-16,-0.20214712026427473,2025-08-18,-0.34829818990593053,2026-02-18
BX,2024-12-31,,2702643000.0,,,703873000.0,,,345382000.0,161405000.0,-11886000.0,149519000.0,43469875000.0,12286698000.0,8212321000.0,1972140000.0,,,,,0.11580527557366493,,,,,,0.2604387630922767,,0.05972116924062853,0.05532325209063868,0.004397917149989843,0.0,0.12779416297306007,0.2826485698429084,1.4961297786581893,0.04536797034728073,,0.06217278057505341,,,,,,,,,,,,,,,2025-02-14,144092463104.0,large_cap,-0.0176629048014814,,,,0.1985085880568585,0.5470054229917897,0.3051535301369927,0.1739160727897689,2025-02-14,157.9491424560547,45,-0.11313977735281999,2025-03-18,-0.10377250128123328,2025-05-16,0.04009484748615044,2025-08-18,-0.1663148447715299,2026-02-18
C,2024-12-31,,19586000000.0,,,2856000000.0,,,7263000000.0,24796000000.0,-1688000000.0,23108000000.0,2352945000000.0,335805000000.0,208598000000.0,276532000000.0,,,,,0.38251888984227667,,,,,,0.14581844174410294,,1.266006331052793,1.1798223220667825,0.08618400898601042,0.0,0.3708261002757071,0.14271689308504873,1.609818886087115,0.11752590902039785,,0.008324036473440731,,,,,,,,,,,,,,,2025-02-14,210502303744.0,large_cap,0.0484693877551021,,,,0.1181713407606607,-1.0244461518760404,0.1343691149556727,0.0323778502168888,2025-02-14,82.07797241210938,45,-0.1700745408772013,2025-03-18,-0.09791391138454997,2025-05-16,0.12986706604236953,2025-08-18,0.4099104081715361,2026-02-18
CAT,2024-12-31,,16215000000.0,5556000000.0,2924000000.0,2791000000.0,3905000000.0,519000000.0,1769000000.0,3393000000.0,-1037000000.0,2356000000.0,87764000000.0,38409000000.0,19491000000.0,6889000000.0,45682000000.0,32272000000.0,,,0.0042887776983560055,,,,0.3426456984273821,0.1803268578476719,0.1721245760098674,0.2408263953129818,0.20925069380203515,0.14529756398396546,0.06395312981806969,0.03200740055504163,0.10909651557200123,0.43763957887060756,1.970601816222872,0.078494599152272,1.4155304908279622,0.18475684791030492,,,,,,,,,,,,,,,2025-02-14,409148456960.0,large_cap,0.1284433001834182,,0.346898300029824,0.1933492394870265,0.1541157172681181,0.1460334029227557,0.4330101970826284,0.7666102702455531,2025-02-14,347.8621520996094,45,-0.04701121974195932,2025-03-18,0.005554294695724105,2025-05-16,0.17781533356253987,2025-08-18,1.1575818815875114,2026-02-18
CVX,2024-12-31,,48334000000.0,13213000000.0,2416000000.0,3239000000.0,10349000000.0,,1585000000.0,8695000000.0,-4338000000.0,4357000000.0,256938000000.0,24541000000.0,152318000000.0,6781000000.0,40911000000.0,38558000000.0,,,0.017236342389716608,,,,0.2733686431911284,0.049985517441138744,0.06701286878801671,0.21411428807878513,0.17989407042661482,0.09014358422642446,0.08975048620019034,0.0,0.0327926511358464,0.09551331449610412,0.16111687390853346,0.026391580848298034,1.0610249494268376,0.18811542084082541,,,,,,,,,,,,,,,2025-02-14,380594323456.0,large_cap,-0.164621134665722,,0.3066887407129037,0.1332009567677096,0.1085200062971972,0.1004504527380112,0.0796385763209393,0.7526334699119374,2025-02-14,148.65045166015625,45,0.03521305167052691,2025-03-18,-0.08523237017288932,2025-05-16,0.01205004415950972,2025-08-18,0.23692860037553043,2026-02-18
ECL,2024-12-31,,4005200000.0,1736100000.0,686100000.0,472900000.0,849000000.0,,1050000000.0,766700000.0,-359700000.0,407000000.0,22387800000.0,8282700000.0,8757300000.0,1256800000.0,6025700000.0,4792800000.0,,,0.15048262548262548,,,,0.4334615000499351,0.17130230700089882,0.1180715070408469,0.21197443323679216,0.19142614601018676,0.10161789673424548,0.08980824927594128,0.0,0.26215919304903623,0.3699648915927425,0.9458052139358021,0.056137717864193894,1.2572400267067267,0.1789010085850329,,,,,,,,,,,,,,,2025-02-14,69689556992.0,large_cap,0.0798150523689367,,0.4024294722001018,0.1373154397462174,0.0895745486351353,0.1068523909609535,0.3997601457435024,0.7012624390065273,2025-02-14,261.34405517578125,45,-0.0392217309249413,2025-03-18,-0.01880957835856889,2025-05-16,0.06327785979040423,2025-08-18,0.15472758223585492,2026-02-18
EXC,2024-12-31,,5471000000.0,2388000000.0,1098000000.0,647000000.0,2077000000.0,,,1426000000.0,-1936000000.0,-510000000.0,107784000000.0,46649000000.0,26921000000.0,357000000.0,8384000000.0,9611000000.0,,,0.16841775129371173,,,,0.4364832754523853,0.20069457137634802,0.11825991592030707,0.37963809175653446,0.2606470480716505,-0.09321878998354963,0.35386583805520017,0.0,0.0,0.4328007867587026,1.7328108168344416,0.003312179915386328,0.8723337842055977,0.050758925257923256,,,,,,,,,,,,,,,2025-02-14,44386770944.0,mid_cap,0.1388510326029981,,0.4108712661665209,0.1847010631932618,0.107147788465964,-0.1244994707046532,0.4320609487904492,0.2133109487904492,2025-02-14,40.99589157104492,45,0.04628482434861936,2025-03-18,0.04778228960045605,2025-05-16,0.05495463916931009,2025-08-18,0.14252755720362864,2026-02-18
FCX,2024-12-31,,5720000000.0,1425000000.0,1243000000.0,274000000.0,1847000000.0,,129000000.0,1436000000.0,-1239000000.0,197000000.0,54848000000.0,9738000000.0,17581000000.0,3923000000.0,13296000000.0,5496000000.0,,,-0.010784134527508704,,,,0.2491258741258741,0.2173076923076923,0.0479020979020979,0.3229020979020979,0.25104895104895103,0.03444055944055944,0.2166083916083916,0.0,0.022552447552447553,0.17754521586931155,0.5538934076559923,0.07152494165694283,2.4192139737991267,0.10428821470245041,,,,,,,,,,,,,,,2025-02-14,90580639744.0,large_cap,0.0032923617208078,,0.313279369940932,0.2723692846204331,0.0808575803981623,0.0199081163859111,0.1876547442197082,0.4352835866377176,2025-02-14,38.84290313720703,45,0.009374183029322802,2025-03-18,-0.03243654709669619,2025-05-16,0.06599168725277282,2025-08-18,0.6067946033335447,2026-02-18
GILD,2024-12-31,,7569000000.0,5988000000.0,2440000000.0,1783000000.0,3109000000.0,1641000000.0,1907000000.0,2975000000.0,-147000000.0,2828000000.0,58995000000.0,26711000000.0,19330000000.0,9991000000.0,19173000000.0,12004000000.0,,,0.2474330581840145,,,,0.7911216805390409,0.32236755185625576,0.23556612498348528,0.4107543929184833,0.3930506011362135,0.3736292773153653,0.019421323820848196,0.21680539040824415,0.2519487382745409,0.4527671836596322,1.3818416968442835,0.16935333502839223,1.5972175941352882,0.12829900839054156,,,,,,,,,,,,,,,2025-02-14,160882638848.0,large_cap,-0.0060481653898317,,0.7603628853813247,0.3259330284702758,0.208917244431332,0.2736760584156955,0.40220523138833,0.4364748490945674,2025-02-14,100.67767333984375,45,0.06652231005339182,2025-03-18,-0.008268778535110322,2025-05-16,0.14970948825191588,2025-08-18,0.5085518183355835,2026-02-18
ITW,2024-12-31,,3932000000.0,1711000000.0,1031000000.0,750000000.0,1153000000.0,,655000000.0,1114000000.0,-118000000.0,996000000.0,15067000000.0,8078000000.0,3316000000.0,948000000.0,5856000000.0,4308000000.0,,,0.22960859146179113,,,,0.435147507629705,0.26220752797558494,0.19074262461851474,0.29323499491353,0.28331637843336727,0.2533062054933876,0.030010172939979655,0.0,0.16658189216683622,0.536138581004845,2.436067551266586,0.06291896196986792,1.3593314763231197,0.26096767770624546,,,,,,,,,,,,,,,2025-02-14,71257530368.0,large_cap,0.0109841827768013,,0.4216179300925063,0.2508226237039796,0.1835847768051157,0.1914695474017508,0.5393736306225029,1.0379559221549168,2025-02-14,250.20822143554688,45,-0.013443880908271866,2025-03-18,-0.020266262608669594,2025-05-16,0.016597626269038823,2025-08-18,0.17621553727894845,2026-02-18
KKR,2024-12-31,,3200380000.0,948761000.0,292742000.0,1125555000.0,2490445000.0,,656019000.0,-111655000.0,-53167000.0,-164822000.0,360099411000.0,50816440000.0,23651568000.0,14878493000.0,218748787000.0,53074454000.0,,,0.09941094711761211,,,,0.2964526087527106,0.09147101281722796,0.35169417381685925,0.7781716546160143,-0.03488804454471032,-0.05150075928483493,0.01661271474012461,0.0,0.20498159593548265,0.14111780927072942,2.1485442318242916,0.041317737673278225,4.121545687497793,0.008887490238077618,,,,,,,,,,,,,,,2025-02-14,90418855936.0,large_cap,1.5737153408698852,,0.3393629209788261,0.1492820922063804,0.2605805261096414,-0.1118634044713105,0.1556523249839232,0.0451406621074194,2025-02-14,139.4135284423828,45,-0.18881619595024624,2025-03-18,-0.10289150072702058,2025-05-16,0.007435803561607335,2025-08-18,-0.2583424039892279,2026-02-18
MCD,2024-12-31,,6388000000.0,3679000000.0,2879000000.0,2016000000.0,3471000000.0,,664000000.0,2631000000.0,-807000000.0,1824000000.0,55182000000.0,51948000000.0,-3796000000.0,1085000000.0,4599000000.0,3861000000.0,,,0.15834482758620694,,,,0.5759236067626801,0.45068879148403257,0.31559173450219163,0.5433625547902317,0.41186599874765184,0.2855353788353162,0.12633061991233563,0.0,0.10394489668127739,0.9413939328041753,13.684931506849315,0.019662208691239896,1.191142191142191,0.11576238628538292,,,,,,,,,,,,,,,2025-02-14,196376723456.0,large_cap,0.0997756880338194,,0.5712492645616788,0.4607570111786624,0.3321827809374387,0.2845656010982546,0.9455714463818192,0.4540759078846599,2025-02-14,299.84222412109375,45,-0.01036158949968602,2025-03-18,0.038566120080649524,2025-05-16,0.011969897905697913,2025-08-18,0.08746696006098587,2026-02-18
NET,2024-12-31,,459946000.0,351260000.0,-34719000.0,-12848000.0,26848000.0,120213000.0,265766000.0,127308000.0,-79554000.0,47754000.0,3301162000.0,1463213000.0,1046201000.0,147691000.0,2268997000.0,793654000.0,,,0.45848303393213574,,,,0.7636983471972797,-0.07548494823305345,-0.02793371395772547,0.05837206976471151,0.2767890143625556,0.10382523165762937,0.17296378270492624,0.2613632904732295,0.5778200049571036,0.44324180394661034,1.398596445616091,0.044739094900522906,2.8589246699443334,0.13932851523190926,,,,,,,,,,,,,,,2025-02-14,69830787072.0,large_cap,0.3296662055840555,,0.7632495209158315,-0.143038916672129,-0.1418544123941098,0.0921260540815657,0.5200449893052566,0.469874811895352,2025-02-14,171.16000366210938,45,-0.3274129452939082,2025-03-18,-0.08161954266068838,2025-05-16,0.1823439517837966,2025-08-18,0.11848561781601763,2026-02-18
O,2024-12-31,,1340299000.0,1243990000.0,588205000.0,199612000.0,1090690000.0,,49114000.0,971963000.0,,971963000.0,68835039000.0,26757140000.0,38840738000.0,444962000.0,4019349000.0,2398472000.0,,,0.12204585537918877,,,,0.9281436455596849,0.43886103026265033,0.148930947497536,0.8137661820235634,0.7251837090082138,0.7251837090082138,,0.0,0.03664406225774995,0.3887139513351623,0.6888937074264655,0.0064641788028913585,1.6757956732452994,0.019471173685250618,,,,,,,,,,,,,,,2025-02-14,56993943552.0,large_cap,0.2199109304984536,,0.9222935660835896,0.4222404892580105,0.2138540075945215,0.7253675110499086,0.380580472711041,0.0705960261897687,2025-02-14,50.87187576293945,45,0.05026486310450928,2025-03-18,0.04668628859988977,2025-05-16,0.09247596518142909,2025-08-18,0.2628338983681242,2026-02-18
ORLY,2024-12-31,,4095601000.0,2101032000.0,738650000.0,551130000.0,863168000.0,,1362382000.0,624487000.0,-290471000.0,334016000.0,14893741000.0,7920850000.0,-1370961000.0,130245000.0,5839895000.0,8283505000.0,,,0.21656050955414008,,,,0.5129972377680345,0.18035204112900646,0.13456633104640808,0.21075490507986497,0.1524774996392471,0.08155481942699008,0.070922680212257,0.0,0.3326451966390281,0.5318240729444671,5.777589588617036,0.008744948633120449,0.7050028943062145,0.27498806377793195,,,,,,,,,,,,,,,2025-02-14,73332998144.0,large_cap,0.0973215562122047,,0.5125648152539961,0.2015131306423817,0.1484027257347942,0.1282436085946023,0.5651991513007826,1.139786325879884,2025-02-14,87.91999816894531,45,0.01512740967645354,2025-03-18,0.04766453919480029,2025-05-16,0.15320747840348492,2025-08-18,0.05493632770298129,2026-02-18
SCHW,2024-12-31,,5329000000.0,,,1840000000.0,,,1634000000.0,-10827000000.0,-254000000.0,-11081000000.0,479843000000.0,45134000000.0,48375000000.0,42083000000.0,,,,,0.08787207815924036,,,,,,0.3452805404391068,,-2.0317132670294615,-2.0793769938074687,0.04766372677800713,0.0,0.3066241321073372,0.09405993210279195,0.9330025839793281,0.08770160239911805,,0.01110571582788537,,,,,,,,,,,,,,,2025-02-14,158052630528.0,large_cap,-0.0927174645987862,,,,0.2689918776875298,1.0026543504804375,0.1197965034936676,0.0381951344139438,2025-02-14,79.07976531982422,45,-0.03460299582938697,2025-03-18,0.10747743663546183,2025-05-16,0.20426799707442522,2025-08-18,0.2018114945447449,2026-02-18
SRE,2024-12-31,,3758000000.0,1850000000.0,1046000000.0,676000000.0,1628000000.0,,,1365000000.0,-2450000000.0,-1085000000.0,96155000000.0,35848000000.0,31242000000.0,1565000000.0,5285000000.0,9676000000.0,,,0.08000000000000007,,,,0.49228312932410856,0.27833954230973923,0.1798829164449175,0.4332091538052155,0.36322511974454497,-0.2887174028738691,0.651942522618414,0.0,0.0,0.3728147262232853,1.1474297420139556,0.016275804690343718,0.5461967755270773,0.039082731007227915,,,,,,,,,,,,,,,2025-02-14,59113189376.0,large_cap,0.1579749290117045,,0.3959330143540669,0.2222488038277512,0.1839114832535885,-0.130322966507177,0.3564538144779252,0.1917849072619034,2025-02-14,80.87040710449219,45,-0.15873966470833634,2025-03-18,-0.0687205266944444,2025-05-16,-0.019734248969277446,2025-08-18,0.12643089342996117,2026-02-18
SYK,2024-12-31,,6436000000.0,4174000000.0,1558000000.0,546000000.0,1822000000.0,358000000.0,2102000000.0,1931000000.0,-266000000.0,1665000000.0,42971000000.0,13597000000.0,20634000000.0,3652000000.0,14847000000.0,7616000000.0,,,-0.0023948908994145812,,,,0.6485394655065257,0.2420758234928527,0.08483530142945929,0.28309509011808576,0.3000310752019888,0.2587010565568676,0.041330018645121196,0.05562461155997514,0.3266003729024239,0.3164227036838798,0.6589609382572453,0.08498754974284983,1.9494485294117647,0.14977542994112308,,,,,,,,,,,,,,,2025-02-14,117599756288.0,large_cap,0.1110629302401213,,0.6370377597814421,0.1914333105668845,0.1544053078349107,0.1529905356620158,0.3255913008618962,0.5135798757265985,2025-02-14,380.6205139160156,45,-0.024066616138182173,2025-03-18,0.02580761187324776,2025-05-16,-0.004855849898810716,2025-08-18,-0.011346539211731566,2026-02-18
UPS,2024-12-31,,25301000000.0,5260000000.0,2926000000.0,1721000000.0,3275000000.0,,,3315000000.0,-1098000000.0,2217000000.0,70070000000.0,25652000000.0,16718000000.0,6112000000.0,19310000000.0,16441000000.0,,,0.03152480504396871,,,,0.20789692107031343,0.11564760286154697,0.06802102683688392,0.1294415240504328,0.13102248922967472,0.08762499505948382,0.043397494170190905,0.0,0.0,0.3660910518053375,1.5343940662758704,0.08722705865563009,1.174502767471565,0.36108177536748964,,,,,,,,,,,,,,,2025-02-14,84091117568.0,large_cap,-0.0934840239988837,,0.1895160403702808,0.1004969326502341,0.0737483234020097,0.0558499527254337,0.3772245508559493,1.2836840396855638,2025-02-14,107.24989318847656,45,0.03735376623568776,2025-03-18,-0.11572696856003406,2025-05-16,-0.21806631042397562,2025-08-18,0.08270506659169818,2026-02-18
ADSK,2025-01-31,,1639000000.0,1485000000.0,381000000.0,303000000.0,427000000.0,393000000.0,699000000.0,692000000.0,-19000000.0,673000000.0,10833000000.0,2559000000.0,2621000000.0,1599000000.0,3482000000.0,5151000000.0,,,0.11970598529926502,,,,0.9060402684563759,0.2324588163514338,0.18486882245271508,0.2605247101891397,0.4222086638194021,0.4106162294081757,0.011592434411226357,0.2397803538743136,0.4264795607077486,0.23622265300470785,0.9763449065242273,0.14760454167820547,0.6759852455833819,0.15129696298347642,,,,,,,,,,,,,,,2025-03-17,49961189376.0,mid_cap,0.0983016983016982,,0.9070402037474986,0.2052028379115881,0.1648171730034564,0.2277605966891031,0.2649313962873285,0.5545803066989508,2025-03-17,260.6199951171875,45,0.0181106642204516,2025-04-15,0.1484152919977948,2025-06-16,0.22212422581930946,2025-09-16,-0.04658122790689834,2026-03-18
AI,2025-01-31,,98782000.0,58347000.0,-87585000.0,-80201000.0,-84462000.0,59356000.0,86576000.0,-22020000.0,-362000.0,-22382000.0,1055141000.0,4490000.0,860177000.0,125094000.0,930903000.0,138047000.0,,,0.10195863078894374,,,,0.5906642910651738,-0.8866493895649005,-0.8118989289546679,-0.8550343179931567,-0.22291510599097,-0.22657974124840558,0.0036646352574355653,0.6008787025976392,0.8764349780324351,0.004255355445385972,0.0052198559133759675,0.11855666683410085,6.743377255572377,0.09361971527975882,,,,,,,,,,,,,,,2025-03-17,1256769024.0,low_cap,0.1641222661594108,0.1085911080206303,0.5749206328763419,-1.0249853500846795,-0.9005544429490441,-0.2909634170686002,0.0031072262756146,0.2991471020250909,2025-03-17,21.940000534057617,45,-0.08979039073609307,2025-04-15,0.11440292469389624,2025-06-16,-0.20237011968916652,2025-09-16,-0.6075661145353264,2026-03-18
AMAT,2025-01-31,,7166000000.0,3496000000.0,2175000000.0,1185000000.0,2288000000.0,859000000.0,462000000.0,925000000.0,-381000000.0,544000000.0,33338000000.0,6588000000.0,18625000000.0,6264000000.0,20694000000.0,7736000000.0,,,-0.46083294527343033,,,,0.487859335752163,0.3035166061959252,0.1653642199274351,0.31928551493162155,0.12908177504884175,0.07591403851521071,0.053167736533631035,0.11987161596427574,0.06447111359196205,0.19761233427320174,0.35371812080536913,0.18789369488271643,2.675025853154085,0.21494990701301817,,,,,,,,,,,,,,,2025-03-17,346505936896.0,large_cap,0.024851981747558,-0.0035366162745478,0.4745731527818663,0.2894833676773624,0.2640933176332057,0.2755004415660877,0.1919846551774245,0.7897933680141823,2025-03-17,154.08160400390625,45,-0.06438957754747232,2025-04-15,0.13889116659199763,2025-06-16,0.12268263514800903,2025-09-16,1.2680838733470314,2026-03-18
ASAN,2025-01-31,,188334000.0,168730000.0,-63589000.0,-62299000.0,-55198000.0,84239000.0,148080000.0,15855000.0,-3516000.0,12339000.0,891415000.0,263090000.0,227523000.0,184728000.0,600741000.0,415817000.0,,,0.5838910829349409,,,,0.8959083330678476,-0.3376395127804857,-0.33078997950449734,-0.29308568819225417,0.08418554270604352,0.06551658224218675,0.018668960463856764,0.4472851423534784,0.7862627034948548,0.2951375060998525,1.1563226574895724,0.20723007802202117,1.4447244821640288,0.2112753319161109,,,,,,,,,,,,,,,2025-03-17,1476145920.0,low_cap,0.1924153710079457,,0.9011132498804604,-0.4137859691281586,-0.393913294018121,-0.0476502826036315,0.2888695995675496,0.6783067903031311,2025-03-17,14.0600004196167,45,0.11593165804550076,2025-04-15,-0.04907542770019546,2025-06-16,-0.02987198177518935,2025-09-16,-0.5227596132369177,2026-03-18
AVGO,2025-01-31,,14916000000.0,10145000000.0,6432000000.0,5503000000.0,8537000000.0,2253000000.0,949000000.0,6113000000.0,-100000000.0,6013000000.0,165358000000.0,66579000000.0,69789000000.0,9307000000.0,20990000000.0,20910000000.0,,,0.09151826011235364,,,,0.6801421292571735,0.43121480289621883,0.3689326897291499,0.5723384285331188,0.40982837221775276,0.4031241619737195,0.006704210244033253,0.1510458567980692,0.06362295521587558,0.4026354938980878,0.9540042126982762,0.05628394150872652,1.0038259206121474,0.09020428403826848,,,,,,,,,,,,,,,2025-03-17,2013133668352.0,large_cap,0.4398503587481503,0.3610622974283901,0.6303369915073487,0.2907666653740257,0.1143017799666498,0.3764299841005157,0.4078964049624196,0.3113525913851912,2025-03-17,192.35467529296875,45,-0.07716468049419667,2025-04-15,0.30006593603950327,2025-06-16,0.8608698797635059,2025-09-16,0.6389965347089153,2026-03-18
CHWY,2025-01-31,,3247386000.0,926003000.0,-9712000.0,22792000.0,27747000.0,,935715000.0,207516000.0,-50911000.0,156605000.0,3014500000.0,502400000.0,261500000.0,595800000.0,1662400000.0,2206700000.0,,,1.376775106597505,,,,0.28515335103372375,-0.0029907131458964224,0.007018568165287404,0.00854441079686862,0.06390247417461306,0.04822494153759362,0.015677532637019438,0.0,0.2881440641796202,0.1666611378338033,1.9212237093690248,0.19764471720019905,0.7533420945302941,1.0772552662133024,,,,,,,,,,,,,,,2025-03-17,8866885632.0,low_cap,0.1016602431070263,,0.2836011015725216,-0.0021170286247387,0.0035523022686294,0.0307597082806318,0.165616465909451,3.498029873376572,2025-03-17,33.040000915527344,45,0.05962461717366496,2025-04-15,0.26089584421996026,2025-06-16,0.15556898448004786,2025-09-16,-0.26361987743553517,2026-03-18
CRM,2025-01-31,,9993000000.0,7776000000.0,2118000000.0,1708000000.0,2995000000.0,1420000000.0,4238000000.0,3970000000.0,-154000000.0,3816000000.0,102928000000.0,11392000000.0,61173000000.0,8848000000.0,29727000000.0,27980000000.0,,,0.09218021750388394,,,,0.7781447012909036,0.21194836385469829,0.17091964375062543,0.29970979685780047,0.3972780946662664,0.38186730711498046,0.0154107875512859,0.14209946962874012,0.42409686780746525,0.11067930980879838,0.18622594935674236,0.08596300326441784,1.0624374553252323,0.09708728431524949,,,,,,,,,,,,,,,2025-03-17,141940506624.0,large_cap,0.111795100791018,,0.7549703072553576,0.1721031643572309,0.118656224000918,0.2724847232980463,0.1261032026687236,0.3491880628712822,2025-03-17,278.2331848144531,45,-0.09054117270263884,2025-04-15,-0.05861209841458048,2025-06-16,-0.14491148270648324,2025-09-16,-0.3032636861649124,2026-03-18
CRWD,2025-01-31,,1058538000.0,784548000.0,-85301000.0,-92282000.0,17641000.0,315142000.0,554707000.0,345722000.0,-104914000.0,240808000.0,8701578000.0,788901000.0,3279494000.0,4323295000.0,6113345000.0,3461050000.0,,,-0.016937417118569442,,,,0.7411618666500399,-0.08058378631659893,-0.08717873142012851,0.01666543855770884,0.3266032962444428,0.2274911245510317,0.0991121716934111,0.2977143947595646,0.5240312582070743,0.09066183168156397,0.24055570767929443,0.49684034321131176,1.766326692766646,0.12164896987649826,,,,,,,,,,,,,,,2025-03-17,151215063040.0,large_cap,0.3633347849133246,,0.7516231912042166,-0.006264328411696,0.0236228770223412,0.3040675098304563,0.1192915992128211,0.4597225314901633,2025-03-17,364.8299865722656,45,0.07666585053354114,2025-04-15,0.3140093531031056,2025-06-16,0.21969143810547598,2025-09-16,0.1945564059939695,2026-03-18
CSCO,2025-01-31,,13991000000.0,9111000000.0,3123000000.0,2428000000.0,4052000000.0,2299000000.0,3424000000.0,2241000000.0,-210000000.0,2031000000.0,121375000000.0,31037000000.0,45530000000.0,8556000000.0,34681000000.0,40019000000.0,,,0.23318671601775276,,,,0.6512043456507755,0.2232149238796369,0.17354013294260595,0.2896147523407905,0.1601743978271746,0.14516474876706453,0.015009649060110071,0.16431991994853834,0.244728754199128,0.25571163748712666,0.6816824072040413,0.07049227600411946,0.8666133586546391,0.11527085478887744,,,,,,,,,,,,,,,2025-03-17,466916868096.0,large_cap,-0.0560545984069617,-0.1615882795753772,0.6473244986339052,0.2410646246491831,0.1918108655651172,0.1897663699050238,0.2489530836809658,0.4324548077773223,2025-03-17,59.12525939941406,45,-0.05432924464099487,2025-04-15,0.08305764403265892,2025-06-16,0.11318810384860467,2025-09-16,0.3053943228004923,2026-03-18
DE,2025-01-31,,8262000000.0,3225000000.0,1478000000.0,869000000.0,2273000000.0,526000000.0,972000000.0,-1132000000.0,-791000000.0,-1923000000.0,103119000000.0,64655000000.0,22479000000.0,6601000000.0,74869000000.0,33281000000.0,,,0.32154426546806336,,,,0.39034132171387076,0.17889130961026387,0.10518034374243525,0.27511498426531106,-0.13701282982328733,-0.23275236020334059,0.09573953038005326,0.06366497216170419,0.11764705882352941,0.6269940554117088,2.876240046265403,0.0640134213869413,2.2496018749436617,0.08012102522328572,,,,,,,,,,,,,,,2025-03-17,151754391552.0,large_cap,-0.1614991369008099,-0.3363363117379848,0.3859020547131715,0.2261966031909418,0.1405439645274951,0.0876717209707431,0.6099795005590757,0.4707230711889675,2025-03-17,474.4524841308594,45,-0.040382304875859476,2025-04-15,0.09105897210491198,2025-06-16,-0.02181707571928193,2025-09-16,0.20002490535226447,2026-03-18
FIVE,2025-01-31,,1390885000.0,559314000.0,246764000.0,187457000.0,292278000.0,,267036000.0,363535000.0,-52139000.0,311396000.0,4339574000.0,1981567000.0,1808327000.0,331718000.0,1351367000.0,756442000.0,,,-0.015209790209790186,,,,0.4021281414351294,0.1774150990196889,0.13477534088008714,0.21013814945160814,0.26136955966884395,0.22388335484242047,0.037486204826423467,0.0,0.1919899919835213,0.45662707906352096,1.0958012571841265,0.07644022201257543,1.7864780115329397,0.3205118751287569,,,,,,,,,,,,,,,2025-03-17,11813208064.0,mid_cap,0.1570262145402865,,0.3578794443621889,0.1083256610933005,0.0845953313635085,0.0462354422932828,0.4490013912573666,0.9192497385742956,2025-03-17,74.37000274658203,45,-0.15732155634718514,2025-04-15,0.7005512511765446,2025-06-16,1.0043027034235843,2025-09-16,1.856931469327773,2026-03-18
GTLB,2025-01-31,,211431000.0,188562000.0,-19338000.0,5804000.0,-16644000.0,62885000.0,145015000.0,63222000.0,-1157000.0,62065000.0,1399263000.0,275000.0,775909000.0,227649000.0,1336317000.0,545031000.0,,,0.1437392112601248,,,,0.8918370532230373,-0.09146246293116904,0.027451036035396892,-0.07872071739716503,0.29901953828908723,0.2935473038485369,0.005472234440550345,0.2974256376784861,0.6858738784757202,0.00019653203150515663,0.0003544230057906275,0.16269207432769967,2.451818336938633,0.15110168710242464,,,,,,,,,,,,,,,2025-03-17,3995034624.0,low_cap,0.3666198484220051,,0.8970384855476577,-0.3232247985018261,-0.7340448279548755,0.0576679668773904,0.0003102762745354,0.4388562762457781,2025-03-17,51.939998626708984,45,-0.1596071875243973,2025-04-15,-0.1898343676617661,2025-06-16,-0.031382312216307606,2025-09-16,-0.5643049719079194,2026-03-18
HD,2025-01-31,,39704000000.0,13034000000.0,4495000000.0,2997000000.0,5534000000.0,,7725000000.0,4671000000.0,-1101000000.0,3570000000.0,96119000000.0,62290000000.0,6640000000.0,1659000000.0,31683000000.0,28661000000.0,,,0.043010752688172005,,,,0.3282792665726375,0.11321277453153335,0.07548357848075761,0.13938142252669755,0.11764557727181141,0.08991537376586742,0.027730203505943987,0.0,0.19456477936731814,0.6480508536293553,9.381024096385541,0.01725985497144165,1.1054394473326123,0.41307129703804657,,,,,,,,,,,,,,,2025-03-17,296328200192.0,large_cap,-0.0300756656480498,,0.3337940249821509,0.1420655142825328,0.0991884403513483,0.1175484217490125,0.6826473278452895,1.994890892460473,2025-03-17,345.3993225097656,45,-5.645851381574918e-05,2025-04-15,0.0045949631760608955,2025-06-16,0.20428934502380924,2025-09-16,-0.04189159876992887,2026-03-18
INTU,2025-01-31,,3963000000.0,3026000000.0,597000000.0,471000000.0,830000000.0,716000000.0,1593000000.0,1069000000.0,-31000000.0,1038000000.0,31682000000.0,6892000000.0,17949000000.0,2435000000.0,9135000000.0,7179000000.0,,,0.07184021473119118,,,,0.7635629573555387,0.1506434519303558,0.11884935654806965,0.2094372949785516,0.26974514256876103,0.2619227857683573,0.007822356800403735,0.1806712086802927,0.40196820590461774,0.21753677166845528,0.3839768232213494,0.07685752162110977,1.272461345591308,0.1250868000757528,,,,,,,,,,,,,,,2025-03-17,109361717248.0,large_cap,0.1334214922048997,0.0043943037717706,0.7872275099785079,0.2365980964077371,0.181946576604237,0.2845563401903592,0.2043757002365243,0.5068156355035479,2025-03-17,596.208984375,45,-0.011612986840682793,2025-04-15,0.2778754066219178,2025-06-16,0.08505175113592056,2025-09-16,-0.25292379790604047,2026-03-18
LOW,2025-01-31,,18554000000.0,6097000000.0,1830000000.0,1124000000.0,2376000000.0,,3822000000.0,911000000.0,-548000000.0,363000000.0,43102000000.0,39678000000.0,-14231000000.0,1761000000.0,20358000000.0,18757000000.0,,,0.0032288593219396144,,,,0.3286083863317883,0.09863102296000863,0.060579928856311305,0.12805863964643743,0.0490999245445726,0.01956451439042794,0.02953541015414466,0.0,0.20599331680500163,0.920560530833836,2.7881385707258803,0.04085657278084544,1.0853548008743403,0.43046726370006033,,,,,,,,,,,,,,,2025-03-17,122328940544.0,large_cap,-0.1100567695937522,,0.3339314863910532,0.1337971913819651,0.0894451069150352,0.07150051518344,0.9605215934920444,2.066682617537983,2025-03-17,220.33062744140625,45,-0.023644095662563203,2025-04-15,-0.038210023720898434,2025-06-16,0.21051085391079027,2025-09-16,0.043822302963214765,2026-03-18
LULU,2025-01-31,,3611497000.0,2181952000.0,1042168000.0,748403000.0,1175761000.0,,1138167000.0,1401390000.0,-234982000.0,1166408000.0,7603292000.0,1575791000.0,4324047000.0,1984336000.0,3980302000.0,1839630000.0,,,0.2375575058128141,,,,0.604168299184521,0.28856953224660026,0.20722791684445535,0.32556056394342847,0.38803576467044,0.32297077915335387,0.06506498551708613,0.0,0.31515103016837615,0.20725114858143026,0.3644250397833326,0.26098379491409773,2.1636426890189875,0.47499122748409506,,,,,,,,,,,,,,,2025-03-17,13976446976.0,mid_cap,0.1860251096169196,,0.583141998806979,0.2294534995246005,0.1611545066064209,0.1709378812006473,0.1978699484386573,1.3563674599097764,2025-03-17,327.0899963378906,45,-0.21844140067931916,2025-04-15,-0.26231313709491944,2025-06-16,-0.5036840069844566,2025-09-16,-0.49435934684227645,2026-03-18
MDB,2025-01-31,,548398000.0,399383000.0,-18562000.0,15826000.0,11901000.0,150400000.0,267545000.0,50538000.0,-25979000.0,24559000.0,3430293000.0,36500000.0,2782224000.0,490133000.0,2923522000.0,561987000.0,,,0.09705698184095168,,,,0.7282721672945561,-0.033847679969657075,0.028858602693664092,0.021701392054675618,0.09215569713966863,0.04478316842876889,0.047372528710899746,0.27425337072709965,0.48786647653711357,0.010640490477052544,0.013119001201916164,0.14288371284901902,5.2021167749431925,0.15986914237355235,,,,,,,,,,,,,,,2025-03-17,25088151552.0,mid_cap,0.310715398274197,,0.7477823971441661,-0.1388772860070433,-0.1049309838141283,0.0685693676393083,0.4125908388572512,0.5864881403324874,2025-03-17,193.0500030517578,45,-0.17855478205541142,2025-04-15,0.04895103236910381,2025-06-16,0.6957782436782336,2025-09-16,0.3909349120376866,2026-03-18
MDT,2025-01-31,,8292000000.0,5513000000.0,1710000000.0,1294000000.0,2403000000.0,675000000.0,2717000000.0,2572000000.0,-476000000.0,2096000000.0,89973000000.0,26607000000.0,49387000000.0,1240000000.0,22513000000.0,11840000000.0,,,0.08235799420165368,,,,0.6648576941630487,0.20622286541244572,0.1560540279787747,0.2897973950795948,0.31017848528702363,0.25277375783888084,0.05740472744814279,0.08140376266280752,0.3276652194886638,0.29572204994831786,0.5387450138700468,0.013781912351483223,1.9014358108108107,0.09216098162782169,,,,,,,,,,,,,,,2025-03-17,97767841792.0,large_cap,0.0364107983475838,0.0508966911709127,0.653442096156223,0.1705598813496477,0.1135829934495118,0.160672351996045,0.2781031551105233,0.3596759315855569,2025-03-17,89.76274871826172,45,-0.1106252129658678,2025-04-15,-0.05070017695131557,2025-06-16,0.025447195386669508,2025-09-16,-0.03630710534455195,2026-03-18
MRVL,2025-01-31,,1817400000.0,917400000.0,222700000.0,200200000.0,570700000.0,499000000.0,195700000.0,514000000.0,-70700000.0,443300000.0,20204500000.0,4343100000.0,13427000000.0,948300000.0,3120300000.0,2026800000.0,,,2.635514018691589,,,,0.5047870584351271,0.12253769120721911,0.11015736766809728,0.31402002861230327,0.2828216132937163,0.24391988555078684,0.03890172774292946,0.2745680642676351,0.10768130296027292,0.2149570640203915,0.3234601921501452,0.04693508871785988,1.5395204262877442,0.08995025860575614,,,,,,,,,,,,,,,2025-03-17,154876592128.0,large_cap,-0.069582404216501,,0.4164351725765746,-0.079270839007208,-0.1694718303466056,0.185249741271311,0.2073297689426949,0.2594483830699295,2025-03-17,70.13050842285156,45,-0.24175312272020044,2025-04-15,0.0014204517639297976,2025-06-16,-0.01996215029656845,2025-09-16,0.24875986521536975,2026-03-18
NCNO,2025-01-31,,141370000.0,84357000.0,-5738000.0,-18610000.0,-5437000.0,32131000.0,57964000.0,-10019000.0,-350000.0,-10369000.0,1610381000.0,236824000.0,1089312000.0,120928000.0,302249000.0,251512000.0,,,1.9628709797590962,,,,0.5967107590012025,-0.04058852656150527,-0.1316403763174648,-0.0384593619579826,-0.07087076466011176,-0.07334653745490556,0.0024757727947938035,0.2272830161986277,0.4100162693640801,0.14706085081729106,0.21740695044211392,0.0750927886009584,1.201727949362257,0.08778667905296945,,,,,,,,,,,,,,,2025-03-17,1628655232.0,low_cap,0.1670964818828599,,0.5982104448077089,-0.0829138188998684,-0.0888608163376652,0.112833469382616,0.055374767798393,0.3555150212991353,2025-03-17,28.690000534057617,45,-0.16277448551282647,2025-04-15,-0.0623911077799546,2025-06-16,0.045311927949158726,2025-09-16,-0.4705472534811771,2026-03-18
NVDA,2025-01-31,,39331000000.0,28723000000.0,24034000000.0,22091000000.0,25821000000.0,3714000000.0,975000000.0,16629000000.0,-1077000000.0,15552000000.0,111601000000.0,9982000000.0,79327000000.0,8589000000.0,80126000000.0,18047000000.0,,,0.0016705646508519134,,,,0.7302890849457171,0.6110701482291322,0.5616689125626096,0.6565050469095625,0.4227962675751951,0.3954132872289034,0.02738298034629173,0.09442933055350741,0.02478960616307747,0.08944364297810951,0.12583357494926065,0.07696167597064542,4.439851498864077,0.3524251574806677,,,,,,,,,,,,,,,2025-03-17,5457368842240.0,large_cap,1.2585452658115224,,0.7271757329043695,0.5412166376678376,0.4884934834706674,0.4435343554052723,0.1682083739045764,0.9268804771178188,2025-03-17,119.50183868408203,45,-0.06132355508992493,2025-04-15,0.21057513577080766,2025-06-16,0.46324785669983015,2025-09-16,0.5096001524578562,2026-03-18
PANW,2025-01-31,,2257000000.0,1658000000.0,241000000.0,267000000.0,413000000.0,505000000.0,912000000.0,557000000.0,-48000000.0,509000000.0,20951700000.0,896800000.0,6375300000.0,2226300000.0,6339800000.0,7552200000.0,,,0.07781837146733772,,,,0.7346034559149314,0.10677891005759858,0.11829862649534781,0.18298626495347806,0.2467877713779353,0.2255206025697829,0.021267168808152416,0.22374833850243686,0.40407620735489586,0.042803209286119984,0.14066789013850328,0.10625868067984937,0.8394639972458356,0.1077239555740107,,,,,,,,,,,,,,,2025-03-17,196935139328.0,large_cap,0.1646379502952399,-0.0882385379352426,0.7434817813765182,0.0851946434132669,0.3210962317035191,0.3862721893491124,0.0672505990225552,0.4015577087574846,2025-03-17,185.0,45,-0.061891875395903684,2025-04-15,0.07086486816406246,2025-06-16,0.08832430452913842,2025-09-16,-0.0869729531777872,2026-03-18
PATH,2025-01-31,,423646000.0,359112000.0,33609000.0,51794000.0,36824000.0,99670000.0,225833000.0,146082000.0,-7392000.0,138690000.0,2865270000.0,77817000.0,1845762000.0,879196000.0,2338559000.0,798920000.0,,,0.14931324767390342,,,,0.8476699886225764,0.07933274479164208,0.12225773405154303,0.08692162796296908,0.344820911799002,0.3273723816582713,0.017448530140730705,0.23526718061777993,0.5330700632131544,0.02715869708613848,0.042159823422521434,0.3068457771867922,2.9271504030441093,0.14785552495925341,,,,,,,,,,,,,,,2025-03-17,5344953856.0,low_cap,0.2356843737040435,,0.8502192539860192,-0.1259257900176748,-0.0687141074803221,0.2230305365453889,0.0226989824547391,0.4427002143661173,2025-03-17,10.779999732971191,45,-0.018552858461900246,2025-04-15,0.15769942962666295,2025-06-16,0.07328385727476139,2025-09-16,0.15491652297412983,2026-03-18
ROST,2025-01-31,,5912279000.0,1568657000.0,731024000.0,586784000.0,901761000.0,,837633000.0,882557000.0,-205982000.0,676575000.0,14905332000.0,5682429000.0,5509195000.0,4730744000.0,7538696000.0,4661825000.0,,,0.19041172780400828,,,,0.2653218834902751,0.1236450444913036,0.09924836091124928,0.15252341778863954,0.14927526255103996,0.1144355670630564,0.03483969548798357,0.0,0.14167683899897146,0.38123464811115915,1.0314445213865184,0.3173860199826478,1.6171126114772647,0.3966553042897669,,,,,,,,,,,,,,,2025-03-17,68812906496.0,large_cap,0.0899190937187113,,0.2736102538648956,0.113248745236098,0.0919922180664899,0.0859637371477887,0.401934278962489,1.4249500475835537,2025-03-17,123.89894104003906,45,0.1270228074663038,2025-04-15,0.05106232991508075,2025-06-16,0.17682415209854474,2025-09-16,0.6724921091435165,2026-03-18
S,2025-01-31,,225521000.0,168511000.0,-80258000.0,-70788000.0,-58187000.0,74626000.0,174143000.0,-3401000.0,-5526000.0,-8927000.0,2406625000.0,19065000.0,1669247000.0,186574000.0,1069722000.0,613553000.0,,,0.43222790919961684,,,,0.747207577121421,-0.3558781665565513,-0.3138865116774048,-0.2580114490446566,-0.015080635506227801,-0.03958389684330949,0.02450326133708169,0.3309048824721423,0.7721808612058301,0.00792188230405651,0.011421317516221385,0.07752516490936477,1.7434875226753026,0.09370840907910455,,,,,,,,,,,,,,,2025-03-17,5757388800.0,low_cap,0.4713048256782075,,0.7113743129723064,-0.5984184276363027,-0.5452641373958793,-0.1402856618487525,0.0098767687010507,0.2675765171725596,2025-03-17,18.90999984741211,45,-0.08143834059255506,2025-04-15,-0.06980432075491871,2025-06-16,-0.05499730389056756,2025-09-16,-0.2395557783989689,2026-03-18
SNOW,2025-01-31,,986770000.0,653586000.0,-386678000.0,-327474000.0,-277855000.0,492490000.0,547774000.0,432725000.0,-17282000.0,415443000.0,9033938000.0,2685270000.0,2999929000.0,2628798000.0,5869372000.0,3301183000.0,,,0.02720848056537095,,,,0.6623488756245123,-0.39186233874155074,-0.33186456823778593,-0.281580307467799,0.4385267083514902,0.4210130020166807,0.01751370633480953,0.49909300039522886,0.5551182139708342,0.2972424650246659,0.8951111842980284,0.2909913705407321,1.7779602039632458,0.10922921985960055,,,,,,,,,,,,,,,2025-03-17,54437380096.0,large_cap,0.3586409954401961,,0.6798284261937246,-0.3900863320682889,-0.2979156519052809,0.2672944736287938,0.0350197722762031,0.3412815625880492,2025-03-17,156.38999938964844,45,-0.06298360599755592,2025-04-15,0.33716986977000585,2025-06-16,0.3808427507579879,2025-09-16,0.1078074088890082,2026-03-18
SNPS,2025-01-31,,1455315000.0,1185340000.0,251839000.0,295683000.0,350190000.0,553216000.0,376285000.0,-67455000.0,-40715000.0,-108170000.0,13041089000.0,665037000.0,9304792000.0,3653880000.0,6323616000.0,2358594000.0,,,0.30120899500390164,,,,0.8144903337078228,0.17304775941978198,0.2031745704538193,0.24062831758072994,-0.04635079003514703,-0.07432755108000673,0.027976761044859706,0.3801348848874642,0.25855914355311393,0.05099551118775433,0.07147252727411854,0.2801821228273191,2.6810956018712844,0.11159459152529363,,,,,,,,,,,,,,,2025-03-17,96244596736.0,large_cap,0.1522038114228356,4.967015671741848e-05,0.7967683383392336,0.2212525761182981,0.3693845190712722,0.2068612385343559,0.0523542896996464,0.4686891352707957,2025-03-17,453.510009765625,45,-0.06143197563277325,2025-04-15,0.05711008211234314,2025-06-16,-0.060726352124299554,2025-09-16,-0.05477276312099044,2026-03-18
TGT,2025-01-31,,30915000000.0,8036000000.0,1467000000.0,1103000000.0,2262000000.0,,5923000000.0,3289000000.0,-923000000.0,2366000000.0,57769000000.0,19875000000.0,14666000000.0,4762000000.0,19454000000.0,20799000000.0,,,0.31712974565052665,,,,0.2599385411612486,0.04745269286754003,0.03567847323305839,0.07316836487142164,0.10638848455442342,0.07653242762413068,0.029856056930292738,0.0,0.1915898431182274,0.3440426526337655,1.3551752352379653,0.08243175405494296,0.9353334294918025,0.5351486091156157,,,,,,,,,,,,,,,2025-03-17,55200583680.0,large_cap,-0.0156524926686216,,0.2754254645663427,0.0531318660857259,0.0385245596395188,0.035517446840204,0.3549028108967411,1.940385866030783,2025-03-17,100.0948715209961,45,-0.12860792240028018,2025-04-15,-0.06801233418460195,2025-06-16,-0.13192196276801904,2025-09-16,0.1386515707182403,2026-03-18
TJX,2025-01-31,,16350000000.0,4979000000.0,1847000000.0,1398000000.0,2215000000.0,,3132000000.0,2704000000.0,-514000000.0,2190000000.0,31749000000.0,12778000000.0,8393000000.0,5335000000.0,12991000000.0,11008000000.0,,,-0.014944201843765215,,,,0.30452599388379203,0.11296636085626911,0.0855045871559633,0.13547400611620794,0.1653822629969419,0.13394495412844037,0.03143730886850153,0.0,0.19155963302752294,0.40246936911398784,1.5224591921839628,0.1680367885602696,1.180141715116279,0.5149768496645564,,,,,,,,,,,,,,,2025-03-17,163030188032.0,large_cap,0.0857297340595963,,0.3000165999594223,0.106922183079108,0.0825202427282955,0.0799564712175148,0.4216223484721148,1.8226039600632,2025-03-17,112.77059173583984,45,0.12207474602476265,2025-04-15,0.0886631526668542,2025-06-16,0.22640997432729315,2025-09-16,0.3511583433049861,2026-03-18
ULTA,2025-01-31,,3487619000.0,1333652000.0,518053000.0,393270000.0,588020000.0,,815599000.0,1036564000.0,-73922000.0,962642000.0,6001693000.0,1923234000.0,2488353000.0,703201000.0,3028808000.0,1779478000.0,,,0.1448018728864997,,,,0.3823961275586582,0.14854059460049965,0.11276174375698722,0.16860213228566537,0.2972125108849332,0.27601696171514145,0.02119554916979177,0.0,0.23385553295815856,0.3204485800923173,0.7728943602455118,0.11716710601491946,1.7020766764185902,0.5811058646285306,,,,,,,,,,,,,,,2025-03-17,21618143232.0,mid_cap,0.0978317258619709,,,0.1504857145381007,0.1151931914395461,0.0928857727858343,0.3348674113296785,1.96377806175597,2025-03-17,356.989990234375,45,0.0030813359859009903,2025-04-15,0.3219978580675693,2025-06-16,0.471217782963157,2025-09-16,0.4584443224087029,2026-03-18
WDAY,2025-01-31,,2211000000.0,1672000000.0,159000000.0,94000000.0,239000000.0,674000000.0,839000000.0,1112000000.0,-86000000.0,1026000000.0,17977000000.0,3362000000.0,9034000000.0,1543000000.0,10545000000.0,5548000000.0,,,0.07822539888816693,,,,0.7562189054726368,0.07191316146540028,0.04251469923111714,0.1080958842152872,0.5029398462234284,0.46404341926729986,0.03889642695612845,0.3048394391677974,0.37946630483943916,0.18701674361684376,0.37214965685189283,0.08583189631195416,1.9006849315068493,0.12299048784558046,,,,,,,,,,,,,,,2025-03-17,31213191168.0,mid_cap,0.1677927927927927,,0.7560270009643202,0.0252100840336134,0.1902465904394544,0.2627083620333379,0.2003403841478239,0.4412229516168247,2025-03-17,250.6199951171875,45,-0.06902876119233603,2025-04-15,-0.019830824824568327,2025-06-16,-0.1261272094254532,2025-09-16,-0.4721490868105903,2026-03-18
WMT,2025-01-31,,180554000000.0,44382000000.0,7859000000.0,5254000000.0,11054000000.0,,36523000000.0,13525000000.0,-7087000000.0,6438000000.0,260823000000.0,60114000000.0,91013000000.0,9037000000.0,79458000000.0,96584000000.0,,,0.03472914589564646,,,,0.24581011774870676,0.04352714423385801,0.02909932762497646,0.061222681303100455,0.07490833767183225,0.03565692258271764,0.039251415089114616,0.0,0.20228297351484875,0.23047814034805214,0.6604990495863229,0.03464801800454714,0.8226828460200447,0.692247232797721,,,,,,,,,,,,,,,2025-03-17,1047786684416.0,large_cap,0.0602595499019285,,0.2437539054966248,0.0416771456123433,0.0239321118611378,0.0233288331726133,0.2429526265951925,2.567858826698997,2025-03-17,86.28865814208984,45,0.07738460748148523,2025-04-15,0.08366735110358259,2025-06-16,0.19137372527934726,2025-09-16,0.4080449144816365,2026-03-18
ZS,2025-01-31,,647900000.0,499402000.0,-40140000.0,-7724000.0,13553000.0,170860000.0,368257000.0,179433000.0,-36005000.0,143428000.0,5005968000.0,1238342000.0,1607346000.0,1758506000.0,3665206000.0,3048866000.0,,,0.15221040850587575,,,,0.7708010495446829,-0.06195400524772341,-0.011921592838400987,0.020918351597468746,0.27694551628337705,0.2213736687760457,0.05557184750733138,0.26371353603951225,0.5683855533261306,0.24737313542555606,0.7704265291978205,0.35128190991232866,1.2021538499888156,0.1294255177020708,,,,,,,,,,,,,,,2025-03-17,25895344128.0,mid_cap,0.3406526600665944,-0.1415031936603543,0.7798987992735396,-0.0560377456843919,-0.0266199704673602,0.2698393880165387,0.2631186864607793,0.4607408594489909,2025-03-17,202.64999389648438,45,0.009819913906242483,2025-04-15,0.5051566651883499,2025-06-16,0.3913644211561442,2025-09-16,-0.23024914783444161,2026-03-18
ACN,2025-02-28,,16659301000.0,4974988000.0,2244714000.0,1788075000.0,2714304000.0,,2730274000.0,2853400000.0,-170812000.0,2682588000.0,59869756000.0,8060330000.0,29246053000.0,8490438000.0,25307652000.0,17130355000.0,,,0.07781424985518437,,,,0.2986312570977618,0.13474238805097524,0.10733193427503351,0.16293024539264883,0.17127969534856236,0.16102644402667315,0.010253251321889196,0.0,0.16388886904678654,0.1346310815096691,0.27560402766144204,0.1418151428577728,1.4773571242393984,0.2782590428462745,,,,,,,,,,,,,,,2025-04-14,103897767936.0,large_cap,0.0122398633822866,-0.028631447691034,0.3260935295334426,0.1546199343002725,0.1119442655612176,0.1327424865551996,0.0736702112871576,1.1602668029598535,2025-04-14,285.92315673828125,45,0.10566274563379952,2025-05-14,-0.030095110218344767,2025-07-16,-0.15310631830276666,2025-10-14,-0.3214960193742642,2026-04-16
ADBE,2025-02-28,,5714000000.0,5092000000.0,2163000000.0,1811000000.0,2461000000.0,1026000000.0,1862000000.0,2482000000.0,-26000000.0,2456000000.0,29955000000.0,6563000000.0,13095000000.0,6758000000.0,10855000000.0,9163000000.0,,,0.08312263521740793,,,,0.8911445572278613,0.3785439271963598,0.3169408470423521,0.43069653482674136,0.4343717185859293,0.42982149107455375,0.004550227511375569,0.17955897794889744,0.3258662933146657,0.21909530963111334,0.5011836578846888,0.2256050742780838,1.1846556804539998,0.19075279586045735,,,,,,,,,,,,,,,2025-04-14,100079919104.0,large_cap,0.1079911381317946,0.0055828682238086,0.89035108114392,0.3599627993489886,0.2585445245291792,0.3661009067658684,0.2003307972213033,0.711379424412835,2025-04-14,350.9100036621094,45,0.1383830527822516,2025-05-14,0.030948064284937127,2025-07-16,-0.04266051427567086,2025-10-14,-0.2928101191977923,2026-04-16
AZO,2025-02-28,,3952012000.0,2128401000.0,706767000.0,487923000.0,844685000.0,,1421634000.0,583749000.0,-292702000.0,291047000.0,18116279000.0,12365739000.0,-4457773000.0,300905000.0,7802598000.0,9267357000.0,,,0.11439853833912883,,,,0.5385613707650685,0.17883726061560543,0.12346192268646958,0.21373543400171863,0.14770931869640072,0.07364527233216903,0.07406404636423168,0.0,0.3597241101494631,0.6825760963385472,2.7739723400002645,0.016609647047277205,0.8419442565987261,0.21814700469119513,,,,,,,,,,,,,,,2025-04-14,55024222208.0,large_cap,0.059176641581137,-0.0149657376492824,0.530930757736989,0.2049028169845888,0.1439907198749093,0.1044560305994483,0.7199919448261344,1.076483980648487,2025-04-14,3680.780029296875,45,-0.009603969097551013,2025-05-14,0.0004999179184790314,2025-07-16,0.10193762136043083,2025-10-14,-0.05202429613022941,2026-04-16
COST,2025-02-28,,63723000000.0,7979000000.0,2316000000.0,1788000000.0,3010000000.0,,5663000000.0,2748000000.0,-1137000000.0,1611000000.0,73224000000.0,8039000000.0,25577000000.0,12356000000.0,36897000000.0,36999000000.0,,,-0.045771023793667154,,,,0.12521381604758094,0.03634480485852832,0.028058942610988184,0.04723569197934811,0.043124146697424794,0.025281295607551435,0.01784285108987336,0.0,0.08886901118905262,0.10978640882770677,0.3143058216366267,0.16874248880148585,0.9972431687342901,0.8702474598492298,,,,,,,,,,,,,,,2025-04-14,465369300992.0,large_cap,0.0502001733459902,-0.0173729912600533,0.1261333134213391,0.0364900394178885,0.0289523016038325,0.0260519624449308,0.1169824290071744,3.643840128309777,2025-04-14,972.5708618164062,45,0.013797333237274056,2025-05-14,-0.027274482743559147,2025-07-16,-0.03090275056149816,2025-10-14,0.013581262561892737,2026-04-16
MU,2025-02-28,,8053000000.0,2963000000.0,1773000000.0,1583000000.0,3949000000.0,898000000.0,285000000.0,3942000000.0,-4055000000.0,-113000000.0,73053000000.0,14954000000.0,48633000000.0,7552000000.0,24689000000.0,7877000000.0,,,0.18297034224873698,,,,0.36793741462808893,0.22016639761579535,0.19657270582391656,0.49037625729541784,0.489507016018875,-0.014032037749906866,0.5035390537687818,0.11151123804793245,0.035390537687818205,0.2047006967544112,0.3074866859951062,0.10337700026008514,3.1343150945791547,0.11023503483772056,,,,,,,,,,,,,,,2025-04-14,817223696384.0,large_cap,0.6158944658944658,1.1106600553346115,0.2235275377324678,0.0519692565011349,0.0309824379753892,0.0048186053920592,0.2017834505013253,0.3617465713956436,2025-04-14,70.85040283203125,45,0.342157393137396,2025-05-14,0.6409406596928187,2025-07-16,1.6380364451466343,2025-10-14,5.453456758323692,2026-04-16
NKE,2025-02-28,,11269000000.0,4675000000.0,788000000.0,794000000.0,1030000000.0,,3887000000.0,1792000000.0,-81000000.0,1711000000.0,37793000000.0,11911000000.0,14007000000.0,8601000000.0,24609000000.0,11223000000.0,,,0.16190725785301274,,,,0.41485491170467653,0.06992634661460644,0.07045878072588517,0.09140118910284853,0.15902032123524715,0.1518324607329843,0.007187860502262845,0.0,0.3449285650900701,0.3151641838435689,0.8503605340187049,0.22758182732252005,2.1927292167869554,0.2981769110681872,,,,,,,,,,,,,,,2025-04-14,62019551232.0,large_cap,0.002831091239237,-0.0936578832844194,0.445601806783225,0.1228729410848487,0.110976986877458,0.1288306530119543,0.3136184728417738,1.347730254526371,2025-04-14,54.0534553527832,45,0.11405886142694155,2025-05-14,0.30985634295613007,2025-07-16,0.23521669941591927,2025-10-14,-0.15454062159994053,2026-04-16
ORCL,2025-02-28,,14130000000.0,9935000000.0,4449000000.0,2936000000.0,5891000000.0,2429000000.0,2509000000.0,5933000000.0,-5862000000.0,71000000.0,161378000000.0,96276000000.0,16730000000.0,17406000000.0,30116000000.0,29623000000.0,,,-0.3755420641803989,,,,0.7031139419674451,0.3148619957537155,0.20778485491861287,0.41691436659589526,0.41988676574663836,0.0050247699929228595,0.4148619957537155,0.1719037508846426,0.1775654635527247,0.5965868953636803,5.754692169754931,0.10785856808239042,1.0166424737535023,0.08755840325199221,,,,,,,,,,,,,,,2025-04-14,554933092352.0,large_cap,0.0601953797493695,-0.116854573125277,0.7140726194747078,0.3034497082759011,0.1976359962991635,0.2229376333528445,0.6605663375326297,0.375673873567132,2025-04-14,133.30259704589844,45,0.21026419168511779,2025-05-14,0.795994651629631,2025-07-16,1.229317389106078,2025-10-14,0.33785837853170264,2026-04-16
AAPL,2025-03-31,,95359000000.0,44867000000.0,29589000000.0,24780000000.0,32250000000.0,8550000000.0,6728000000.0,23952000000.0,-3071000000.0,20881000000.0,331233000000.0,98186000000.0,66796000000.0,28162000000.0,118674000000.0,144571000000.0,,,,,,,0.47050619238876246,0.31029058610094484,0.25986010759341016,0.33819566060885703,0.25117713063266184,0.2189725143929781,0.03220461623968372,0.0896611751381621,0.07055443114965551,0.2964257788324231,1.4699383196598599,0.08502172186949972,0.8208700223419635,0.2878910011985521,,,,,,,,,,,,,,,2025-05-15,4409585041408.0,large_cap,0.0202199407751411,0.0482245460783404,0.4620634981523393,0.3151022287007556,0.2397125576994386,0.2782538647435651,0.2921502548084826,1.0713874732862074,2025-05-15,210.6144561767578,45,-0.06162222251684779,2025-06-16,0.09649000215825332,2025-08-15,0.29356670288387976,2025-11-13,,
ABBV,2025-03-31,,13343000000.0,9341000000.0,3981000000.0,1286000000.0,4400000000.0,2067000000.0,3293000000.0,1635000000.0,-235000000.0,1400000000.0,136165000000.0,69889000000.0,1420000000.0,5175000000.0,27675000000.0,36403000000.0,15102000000.0,,,-0.11647463912064626,,,0.700067451097954,0.2983586899497864,0.0963801244098029,0.3297609233305853,0.12253616128306978,0.10492393015064079,0.01761223113242899,0.1549126883009818,0.2467960728471858,0.5132669922520472,49.21760563380282,0.038005361142731245,0.7602395406971952,0.09799140748356773,-0.008845275693199484,0.2927965127547129,0.09783688510375071,0.2943351519095815,-0.34415699194166866,-0.34250025207687873,-0.001656739864789921,-0.29363717264458833,-0.008468130569580179,0.0164964741292159,29.0239214232765,-0.0028644163818505528,0.10004185817635602,-0.013742006740949692,2025-05-15,371715538944.0,large_cap,0.0371147685849995,0.1014686460094663,0.6999325451769801,0.2111335960521177,0.0759399297049739,0.3165406326552348,0.4967705181228313,0.4167918260444951,2025-05-15,175.9479522705078,45,0.05052838345579391,2025-06-16,0.14748565271216307,2025-08-15,0.2989066358509833,2025-11-13,,
ABT,2025-03-31,,10358000000.0,5890000000.0,1693000000.0,1325000000.0,2665000000.0,716000000.0,3061000000.0,1417000000.0,-484000000.0,933000000.0,81448000000.0,13242000000.0,48811000000.0,6532000000.0,23153000000.0,13004000000.0,,,0.10038405509204074,,,,0.5686425950955784,0.16344854218961188,0.1279204479629272,0.25728905194052903,0.13680247151959837,0.09007530411276309,0.046727167406835295,0.06912531376713651,0.29552037072793974,0.16258226107455062,0.2712913072872918,0.0801984088007072,1.7804521685635188,0.12717316570081524,,,,,,,,,,,,,,,2025-05-15,147130957824.0,large_cap,0.0458999227106136,0.127085637323584,0.554088200238379,0.1626936829558999,0.3194755661501788,0.1513945172824791,0.1845014370992704,0.5152676443854866,2025-05-15,130.68043518066406,45,0.004949281742886891,2025-06-16,-0.007563630911812336,2025-08-15,-0.021990483021734564,2025-11-13,,
AEP,2025-03-31,,5463000000.0,3291000000.0,1284000000.0,800000000.0,2217000000.0,,,1450000000.0,-2136000000.0,-686000000.0,104394600000.0,46930200000.0,27320700000.0,256800000.0,5936900000.0,14242300000.0,,,0.1940207443563149,,,,0.6024162548050521,0.23503569467325644,0.14643968515467692,0.4058209774848984,0.2654219293428519,-0.12557203002013545,0.39099395936298736,0.0,0.0,0.4495462408975177,1.7177524733992906,0.0024598973510124088,0.4168498065621424,0.05233029294618687,,,,,,,,,,,,,,,2025-05-15,68094746624.0,large_cap,0.0389316194289326,0.072410068472951,0.6318138025455099,0.2254956645200547,0.1504487602048577,-0.0490340246437807,0.443964764547236,0.1913211354508236,2025-05-15,98.49098205566406,45,0.002952497441788493,2025-06-16,0.11124218690087306,2025-08-15,0.21491346235033215,2025-11-13,,
AMD,2025-03-31,,7438000000.0,3736000000.0,806000000.0,709000000.0,1587000000.0,1728000000.0,886000000.0,939000000.0,-212000000.0,727000000.0,71550000000.0,4731000000.0,57881000000.0,6049000000.0,21595000000.0,7703000000.0,7658000000.0,,,-0.028728127448419905,,,0.5022855606345792,0.10836246302769562,0.0953213229362732,0.21336380747512773,0.12624361387469749,0.09774132831406292,0.02850228556063458,0.23232051626781391,0.11911804248453886,0.06612159329140462,0.08173666660907725,0.08454227812718379,2.8034532000519277,0.10395527603074772,-0.004635306432540176,-0.02966313112221297,0.03238060734473494,-0.007842773877705905,-0.04338292046847306,-0.044724067350601485,0.0013411468821284411,0.008763451760109564,0.015696783670227032,0.03416828095211013,0.04331254209545857,0.029837398457695445,0.1871916975110679,-0.006667900232505963,2025-05-15,691537707008.0,large_cap,0.1369047619047618,0.1759285320839915,0.4935039751793678,0.0808997479154547,0.0636416521233275,0.0932712817529571,0.0319533123392944,0.3724756594343166,2025-05-15,114.98999786376953,45,0.09913907068147498,2025-06-16,0.5436994330336002,2025-08-15,1.1563615211788187,2025-11-13,,
AMGN,2025-03-31,,8149000000.0,5181000000.0,1178000000.0,1730000000.0,4083000000.0,1486000000.0,1687000000.0,1391000000.0,-411000000.0,980000000.0,89367000000.0,57381000000.0,6207000000.0,8810000000.0,26929000000.0,23008000000.0,,,0.3410812222512405,,,,0.6357835317216837,0.14455761443121856,0.21229598723769788,0.501043072769665,0.1706957908945883,0.1202601546201988,0.050435636274389496,0.18235366302613817,0.20701926616762792,0.6420826479572996,9.24456259062349,0.09858225071894547,1.1704189847009736,0.09118578446182596,,,,,,,,,,,,,,,2025-05-15,176207396864.0,large_cap,0.1856686768357573,0.1147421107148745,0.6153063666826233,0.2171493537577788,0.1223671613212063,0.3109741503111536,0.6543951915852743,0.3639412450048454,2025-05-15,261.4512939453125,45,0.09747145987340611,2025-06-16,0.10085037928218621,2025-08-15,0.2577541928341882,2025-11-13,,
AMT,2025-03-31,,2562800000.0,1928300000.0,1254100000.0,488700000.0,1435300000.0,,237500000.0,1295000000.0,-331100000.0,963900000.0,62055600000.0,44383600000.0,3534800000.0,2103700000.0,3506100000.0,6322000000.0,,,0.057553073996809534,,,,0.7524192289683159,0.4893475885749961,0.19068987045419072,0.5600515061651319,0.5053066958014671,0.3761120649289839,0.12919463087248323,0.0,0.09267207741532699,0.715223122490154,12.556184225415866,0.03390024429704974,0.5545871559633028,0.041298448488129996,,,,,,,,,,,,,,,2025-05-15,79495331840.0,large_cap,0.0114859870957431,-0.0265425031690462,0.7457935065960977,0.4545185243700134,0.2226676672722964,0.3654020854727862,0.7196458919338413,0.165809284612639,2025-05-15,204.14573669433594,45,0.023582739830157795,2025-06-16,-0.01860228367140937,2025-08-15,-0.12998465119877245,2025-11-13,,
AMZN,2025-03-31,,155667000000.0,78691000000.0,18405000000.0,17127000000.0,36482000000.0,,12391000000.0,17015000000.0,-25019000000.0,-8004000000.0,643256000000.0,133245000000.0,305867000000.0,66207000000.0,184645000000.0,176171000000.0,,,0.06816762915561103,,,,0.5055085535148747,0.11823315153500742,0.1100233190078822,0.23435924120076831,0.10930383446716388,-0.05141744878490624,0.16072128325207014,0.0,0.07959940128607862,0.2071414802193839,0.435630519147211,0.10292480754163194,1.0481009927854188,0.24199852002935068,,,,,,,,,,,,,,,2025-05-15,2841383010304.0,large_cap,0.1099089224666614,-0.0083868188321754,0.4885439346415678,0.1075194487420038,0.0928711719718665,0.0515362272497135,0.2094755270493875,1.020907545919788,2025-05-15,205.1699981689453,45,0.053272934796100735,2025-06-16,0.12604182307911027,2025-08-15,0.1579665835714521,2025-11-13,,
ANET,2025-03-31,,2004800000.0,1276100000.0,858800000.0,813800000.0,872600000.0,266400000.0,150900000.0,641700000.0,-28400000.0,613300000.0,14514600000.0,,10119100000.0,1845100000.0,12276300000.0,3121600000.0,,,0.16607244952366274,,,,0.6365223463687151,0.4283719074221867,0.40592577813248204,0.4352553870710295,0.32008180367118916,0.30591580207501995,0.014166001596169193,0.13288108539505186,0.07526935355147646,,,0.1271202788915988,3.93269477191184,0.1381229933997492,,,,,,,,,,,,,,,2025-05-15,178764283904.0,large_cap,0.1950274734650694,-0.1425176899677851,0.6413302680241607,0.420470934300524,0.4072624980365838,0.5249389556053747,,0.4986577802462279,2025-05-15,96.06999969482422,45,-0.01020093015558099,2025-06-16,0.429166269261005,2025-08-15,0.35630273202527896,2025-11-13,,
AON,2025-03-31,,4729000000.0,2480000000.0,1571000000.0,965000000.0,1701000000.0,,528000000.0,140000000.0,-56000000.0,84000000.0,50304000000.0,18510000000.0,7004000000.0,964000000.0,24414000000.0,23333000000.0,,,0.3512569832402235,,,,0.5244237682385282,0.332205540283358,0.2040600549799112,0.3596954958765067,0.0296045675618524,0.01776274053711144,0.01184182702474096,0.0,0.11165151194755762,0.367962786259542,2.6427755568246716,0.019163486005089058,1.0463292332747611,0.09400842875318066,,,,,,,,,,,,,,,2025-05-15,67750879232.0,large_cap,0.1735944976076555,0.1017137379313994,0.4723531660084087,0.2690788635494967,0.1690661230730029,0.1794496114154669,0.3654038598999285,0.3205963443275809,2025-05-15,356.8974609375,45,-0.023843384966467207,2025-06-16,0.02562896243942614,2025-08-15,-0.019279567972681266,2025-11-13,,
APD,2025-03-31,,2916200000.0,862300000.0,631300000.0,-1730600000.0,-1817500000.0,22900000.0,222000000.0,328100000.0,-1891500000.0,-1563400000.0,38872900000.0,16495300000.0,14703400000.0,1491400000.0,5187600000.0,5210600000.0,,,0.06449566504546422,,,,0.29569302516974144,0.21648035114189698,-0.5934435223921541,-0.62324257595501,0.1125094300802414,-0.5361086345243811,0.6486180646046225,0.007852685001028736,0.07612646594883753,0.42433932122378315,1.121869771617449,0.038366059645665744,0.9955859210071777,0.07501884346164037,,,,,,,,,,,,,,,2025-05-15,65775423488.0,large_cap,-0.0396349206349206,-0.0318702851632939,0.3249343007784738,0.2435829628282895,0.3163644777944895,-0.260317670198172,0.379185133899016,0.3057668302395981,2025-05-15,267.25018310546875,45,0.021900586645082987,2025-06-16,0.06521051005258038,2025-08-15,-0.029011034737601582,2025-11-13,,
APH,2025-03-31,,4811000000.0,1644000000.0,1068800000.0,737800000.0,1275700000.0,,575200000.0,764900000.0,-188600000.0,576300000.0,22902100000.0,7166900000.0,10301200000.0,1657200000.0,9133200000.0,4591000000.0,,,0.08764830944379676,,,,0.34171689877364375,0.222157555601746,0.15335689045936396,0.26516316774059445,0.158989815007275,0.11978798586572438,0.03920182914155061,0.0,0.11955934317189773,0.31293636828063803,0.6957344775365977,0.07236017657769375,1.9893705075147026,0.21006807236017658,,,,,,,,,,,,,,,2025-05-15,153779306496.0,large_cap,0.2125100559949659,0.2179208141348693,0.3376339282781635,0.2157501625861378,0.1592358779979898,0.1411904589855938,0.3211770412589435,0.7100073693342412,2025-05-15,85.36568450927734,45,0.08619292199132889,2025-06-16,0.27257539535747943,2025-08-15,0.578191930665076,2025-11-13,,
AXP,2025-03-31,,16967000000.0,,,2584000000.0,,,3606000000.0,4764000000.0,-430000000.0,4334000000.0,282244000000.0,52795000000.0,31202000000.0,52406000000.0,,,,,0.2946500402252614,,,,,,0.1522956326987682,,0.28078033830376614,0.25543702481287206,0.02534331349089409,0.0,0.21253020569340483,0.1870544635138391,1.6920389718607782,0.1856762234095322,,0.06011465257011664,,,,,,,,,,,,,,,2025-05-15,213895708672.0,large_cap,0.0897959183673469,-0.054977264637458,,,0.153588378898846,0.184066475609941,0.1882001466140624,0.2429409749466774,2025-05-15,296.4426574707031,45,-0.017793388047745884,2025-06-16,0.022337629234515433,2025-08-15,0.22376007493643346,2025-11-13,,
BA,2025-03-31,,19496000000.0,2417000000.0,461000000.0,-37000000.0,1250000000.0,844000000.0,1112000000.0,-1616000000.0,-674000000.0,-2290000000.0,156494000000.0,53618000000.0,-3325000000.0,10142000000.0,127662000000.0,103654000000.0,,,0.08149924645977791,,,,0.12397414854329093,0.02364587607714403,-0.0018978251949117767,0.06411571604431679,-0.08288879770209273,-0.11745999179318835,0.03457119409109561,0.04329093147312269,0.05703734099302421,0.34262016435134895,16.125714285714285,0.06480759645737216,1.2316167248731356,0.12457985609671936,,,,,,,,,,,,,,,2025-05-15,173812793344.0,large_cap,-0.1449597655346171,-0.3128975507856379,-0.0299321977840251,-0.1627253183396725,-0.1776538328547589,-0.2164559435933671,0.3465525731790769,0.4254011498884007,2025-05-15,206.24000549316406,45,-0.022013229363845976,2025-06-16,0.14070979558150642,2025-08-15,-0.05653609072705268,2025-11-13,,
BAC,2025-03-31,,28247000000.0,,,7360000000.0,,,13368000000.0,-2184000000.0,,-2184000000.0,3349424000000.0,345616000000.0,295581000000.0,280861000000.0,,,,,0.13956709068526885,,,,,,0.26055864339575885,,-0.07731794526852409,-0.07731794526852409,,0.0,0.4732537968633837,0.10318669717539493,1.1692767803072592,0.0838535222772632,,0.008433390338159636,,,,,,,,,,,,,,,2025-05-15,353197326336.0,large_cap,0.0300382411038349,-0.0523103634248645,,,0.2548084189842805,-0.0831790356711003,0.1001656088570842,0.0324582321338828,2025-05-15,43.40375518798828,45,0.006572840263968205,2025-06-16,0.06391649031809887,2025-08-15,0.20498796189218638,2025-11-13,,
BILL,2025-03-31,,358217000.0,291005000.0,-28946000.0,-11589000.0,14574000.0,86540000.0,210609000.0,99530000.0,-8607000.0,90923000.0,9632636000.0,1773877000.0,3870461000.0,1047737000.0,6803834000.0,4017576000.0,,,0.07168902892342555,,,,0.8123707138410516,-0.08080576857044752,-0.032351898430281086,0.04068483628638507,0.27784834332262287,0.2538210079365301,0.024027335386092787,0.2415854077277181,0.5879369209166511,0.184152811338454,0.4583115551351635,0.10876949985445314,1.6935171854869702,0.037187847646272525,,,,,,,,,,,,,,,2025-05-15,3990840832.0,low_cap,0.2189050590098142,-0.4299042886276516,0.8181513782658436,-0.1136104333375705,-0.0223830621033474,0.199878775853142,0.1064241095226583,0.1405597869789917,2025-05-15,46.83000183105469,45,-0.10335255100029295,2025-06-16,-0.13645105604305696,2025-08-15,0.07004054347744626,2025-11-13,,
BL,2025-03-31,,166931000.0,126007000.0,8874000.0,6055000.0,23965000.0,25725000.0,91408000.0,46742000.0,-14118000.0,32624000.0,1781148000.0,921594000.0,417903000.0,479536000.0,1043353000.0,630292000.0,,,0.13496288562519365,,,,0.7548448161216311,0.0531596887336684,0.036272471859630624,0.14356231017606078,0.2800079074587704,0.19543404161000652,0.08457386584876386,0.154105588536581,0.5475795388513817,0.5174157341220381,2.205282086991479,0.2692286098628525,1.6553486320625996,0.09372101588413764,,,,,,,,,,,,,,,2025-05-15,1598509952.0,low_cap,0.1073566600451527,-0.0208765148245257,0.7520953996106138,0.0310039550858976,0.2466938910453426,0.2510132611703625,0.5022377640769826,0.3579852671399359,2025-05-15,55.040000915527344,45,0.0052689118950493,2025-06-16,-0.07648980767522062,2025-08-15,0.007267400154944426,2025-11-13,,
BLK,2025-03-31,,5276000000.0,2526000000.0,1786000000.0,1510000000.0,2123000000.0,,623000000.0,-1128000000.0,-78000000.0,-1206000000.0,141942000000.0,14259000000.0,48036000000.0,7747000000.0,20007000000.0,1619000000.0,5677000000.0,,,-0.07063589924255764,,,0.47877179681576953,0.3385140257771039,0.2862016679302502,0.4023881728582259,-0.2137983320697498,-0.22858225928733888,0.014783927217589083,0.0,0.11808188021228203,0.10045652449592087,0.2968398700974269,0.054578630708317484,12.35762816553428,0.0371701117357794,-0.013741854760767391,-0.020830698549124782,-0.007967787768182077,-0.03252463320131255,-0.6749573949550766,-0.6738878784523908,-0.0010695165026857103,0.0,0.006931624795688748,-0.0021442041409510393,-0.002602176433786907,-0.037489327304884544,-3.992632251132388,-0.0037850518468054567,2025-05-15,167947649024.0,large_cap,0.1426731619911529,0.1434564664168229,0.4942421718037928,0.3693830548341255,0.3120987896310089,0.2303621306414465,0.1026007286368719,0.1472207192583775,2025-05-15,963.2290649414062,45,0.004293749439614469,2025-06-16,0.16065923836988083,2025-08-15,0.09898631597856866,2025-11-13,,
BMY,2025-03-31,,11201000000.0,8168000000.0,3497000000.0,2456000000.0,4477000000.0,2257000000.0,1584000000.0,1954000000.0,-260000000.0,1694000000.0,92427000000.0,51239000000.0,17389000000.0,10875000000.0,30783000000.0,24070000000.0,,,0.2344548176853971,,,,0.729220605303098,0.3122042674761182,0.21926613695205785,0.39969645567360057,0.1744487099366128,0.1512364967413624,0.023212213195250422,0.2014998660833854,0.14141594500491028,0.5543726400294287,2.946632928863074,0.11766042390210653,1.2788948899044454,0.12118753178183864,,,,,,,,,,,,,,,2025-05-15,116398063616.0,large_cap,0.0731902413011598,0.0981691186598547,0.710807453416149,0.1218840579710145,-0.1852587991718426,0.2886542443064182,0.5528978542811788,0.5215813742535339,2025-05-15,43.629905700683594,45,0.06221344899214998,2025-06-16,0.07135685131776515,2025-08-15,0.09034189658799385,2025-11-13,,
BOOT,2025-03-31,,453749000.0,168562000.0,49687000.0,37539000.0,66955000.0,,118875000.0,-43147000.0,-39932000.0,-83079000.0,2018021000.0,563043000.0,1131057000.0,69770000.0,863960000.0,353349000.0,608170000.0,,,-0.25391091306707003,,,0.3714873200822481,0.10950327163255456,0.08273076083914234,0.14755955385025643,-0.09509001672730959,-0.18309461839034355,0.08800460166303396,0.0,0.26198404844969353,0.27900750289516313,0.4978024980173413,0.034573475697230106,2.4450613982210223,0.22484850256761452,-0.02127950498311193,-0.05404310520286974,-0.040698543467219364,-0.042905283284097456,-0.35347994059728016,-0.3708496868744845,0.017369746277204348,0.0,0.03276360021975783,0.010033389883810528,0.0013199182335214,-0.041389046266049924,0.2463570833450901,-0.0772698579645017,2025-05-15,4365484032.0,low_cap,0.005667178446141,-0.1081297758412933,0.3685786939362654,0.1189039771230989,0.0881794879331785,0.0703643471630927,0.273662751701462,0.977378528979967,2025-05-15,154.97000122070312,45,0.058591996899601595,2025-06-16,0.04536361053056326,2025-08-15,0.1584822698918109,2025-11-13,,
BROS,2025-03-31,,355152000.0,89993000.0,31072000.0,15353000.0,57484000.0,,58921000.0,36884000.0,-45551000.0,-8667000.0,2765220000.0,1021193000.0,599058000.0,316441000.0,382884000.0,196745000.0,342786000.0,,,0.0360749855595035,,,0.25339291345677345,0.08748930035590395,0.04322937784385277,0.1618574582150741,0.10385412443122945,-0.024403635626436004,0.12825776005766545,0.0,0.16590361310086948,0.3692990069506224,1.7046646568445794,0.11443610273323641,1.946092658009098,0.12843535053268818,-0.0031753244525927204,0.04146058273032998,0.03269219137766104,0.045884227102951675,-0.07770813307053549,-0.08119708693424904,0.003488953863713548,0.0,-0.044635907182922735,-0.007700975057186199,-0.05001229698044596,-0.0028545931047698897,0.1834529901096933,-0.008619567632827979,2025-05-15,8910600192.0,low_cap,0.3264100578187903,0.0195625370748782,0.2655152359652307,0.0828194829880992,0.0275234872347318,0.0192769015194982,0.3769999820078086,0.5121837122688753,2025-05-15,71.62999725341797,45,-0.011447713615333033,2025-06-16,-0.12061979486588492,2025-08-15,-0.2269998456653204,2025-11-13,,
BSX,2025-03-31,,4663000000.0,3210000000.0,937000000.0,674000000.0,1212000000.0,443000000.0,1597000000.0,541000000.0,-264000000.0,277000000.0,40140000000.0,11708000000.0,22212000000.0,725000000.0,7335000000.0,5058000000.0,,,0.29413103218917924,,,,0.688398027021231,0.20094359854171134,0.14454214025305598,0.2599185073986704,0.11601972978769033,0.05940381728500965,0.05661591250268068,0.09500321681321038,0.34248337979841303,0.2916791230692576,0.5271024671348821,0.01806178375685102,1.4501779359430604,0.1161684105630294,,,,,,,,,,,,,,,2025-05-15,78301192192.0,large_cap,0.1760533707865168,0.0532020855002843,0.686093031587747,0.1792559861467725,0.1107063951752552,0.1412193228637965,0.2727757329610357,0.4251047087193806,2025-05-15,104.86000061035156,45,-0.03213811488619567,2025-06-16,-0.01611675025337944,2025-08-15,0.001144409173026384,2025-11-13,,
BX,2025-03-31,,2826440000.0,,,614852000.0,,,344477000.0,1109218000.0,-29278000.0,1079940000.0,45255629000.0,13391928000.0,7978120000.0,2386979000.0,,,2702643000.0,,,0.04580590185237199,,,,,0.21753584013812427,,0.392443497827656,0.38208488416523967,0.010358613662416326,0.0,0.12187663633404565,0.2959173984743423,1.6785819215554543,0.05274435584576672,,0.06245499316781124,,,-0.042902922954152434,,0.33272232858702744,0.32676163207460096,0.005960696512426483,0.0,-0.005917526639014417,0.01326882863143386,0.18245214289726497,0.007376385498485988,,0.0002822125927578259,2025-05-15,144092463104.0,large_cap,0.5600239144275674,0.5776868192290489,,,0.2540137998671611,0.312907962461141,0.2826485698429084,0.2514509185959241,2025-05-15,141.6066131591797,45,-0.05785353992222908,2025-06-16,0.17658378779808603,2025-08-15,-0.03492741799834509,2025-11-13,,
C,2025-03-31,,21601000000.0,,,4064000000.0,,,7734000000.0,-58708000000.0,-1517000000.0,-60225000000.0,2571514000000.0,344823000000.0,212408000000.0,308331000000.0,,,19586000000.0,,,0.10287960788318196,,,,,0.188139437988982,,-2.7178371371695755,-2.7880653673441045,0.07022823017452896,0.0,0.3580389796768668,0.13409337845331584,1.6233993069940869,0.11990251657194945,,0.008400109818573805,,,0.04232099624487906,,-3.9838434682223687,-3.9678876894108868,-0.015955778811481455,0.0,-0.012787120598840296,-0.008623514631732887,0.013580420906971868,0.002376607551551599,,7.607334513307432e-05,2025-05-15,210502303744.0,large_cap,0.0330644128569599,-0.0154049748981421,,,0.1572044823482745,-0.3243876437921459,0.1427168930850487,0.0342855442859905,2025-05-15,74.27606964111328,45,0.02777778633750483,2025-06-16,0.24152420113865603,2025-08-15,0.34197293968997844,2025-11-13,,
CAT,2025-03-31,,14249000000.0,4958000000.0,2579000000.0,2003000000.0,3226000000.0,480000000.0,1593000000.0,1289000000.0,-918000000.0,371000000.0,84974000000.0,38588000000.0,18067000000.0,3562000000.0,43019000000.0,32595000000.0,16215000000.0,,,-0.12124576009867405,,,0.3479542424029756,0.18099515755491613,0.14057126815916907,0.2264018527615973,0.09046248859569092,0.026036914871219032,0.0644255737244719,0.033686574496455894,0.111797319110113,0.45411537646809613,2.1358277522554934,0.041918704544919624,1.3198036508666973,0.16768658648527784,0.005308543975593549,0.0006682997072442187,-0.03155330785069835,-0.014424542551384506,-0.11878820520634423,-0.11926064911274642,0.00047244390640220624,0.001679173941414265,0.002700803538111765,0.016475797597488573,0.16522593603262137,-0.036575894607352374,-0.09572683996126496,-0.017070261425027072,2025-05-15,409148456960.0,large_cap,-0.0335669549657023,-0.1620102551491206,0.359888287120616,0.2017003811199061,0.1665200820873644,0.136092209415359,0.4376395788706075,0.7384462877717515,2025-05-15,346.0646667480469,45,0.036105337223685696,2025-06-16,0.17001754961949667,2025-08-15,0.5927902730962773,2025-11-13,,
CB,2025-03-31,,13388000000.0,,,1331000000.0,,,1080000000.0,1566000000.0,,1566000000.0,251752000000.0,14508000000.0,65726000000.0,1972000000.0,,,,,0.1799568300955905,,,,,,0.09941738870630415,,0.1169704212727816,0.1169704212727816,,0.0,0.0806692560501942,0.05762814198099717,0.2207345647080303,0.00783310559598335,,0.053179319330134416,,,,,,,,,,,,,,,2025-05-15,125724844032.0,large_cap,0.1241119094448681,-0.0331520552514505,,,0.1655418675236565,0.2889126941617568,0.0615661047747294,0.2271768580560377,2025-05-15,290.2140197753906,45,-0.015943665295334752,2025-06-16,-0.05792665262000518,2025-08-15,0.017690717499639685,2025-11-13,,
CDNS,2025-03-31,,1242366000.0,1075205000.0,361383000.0,273579000.0,436280000.0,439102000.0,265798000.0,487021000.0,-23061000.0,463960000.0,9013486000.0,2477159000.0,4776257000.0,2777674000.0,3998087000.0,1300767000.0,,,0.10658798924409929,,,,0.8654494730216378,0.29088287992427353,0.22020805463124393,0.35116865722339474,0.3920108889006943,0.37344872605979235,0.018562162840901956,0.3534401295592442,0.21394500493413374,0.274828074287795,0.5186402239242989,0.3081686708117148,3.073638091987266,0.1378341298804924,,,,,,,,,,,,,,,2025-05-15,95774343168.0,large_cap,0.1347872584404934,-0.0135310531158958,0.8604901595772186,0.2979468524091713,0.2274130495485712,0.2408845952309543,0.2880473769962433,0.5171623275861492,2025-05-15,318.7699890136719,45,-0.05634153801820985,2025-06-16,0.09759392960861923,2025-08-15,-0.008721017897257655,2025-11-13,,
CELH,2025-03-31,,329276000.0,172373000.0,52031000.0,44419000.0,63604000.0,,120342000.0,103367000.0,-6944000.0,96423000.0,1859518000.0,19702000.0,1267602000.0,977285000.0,1411456000.0,417854000.0,,,0.18662294364140686,,,,0.5234909316196746,0.15801637532039992,0.13489899051251839,0.19316318225440057,0.3139220593058711,0.29283336775228075,0.021088691553590302,0.0,0.3654745562992748,0.010595218760990751,0.015542733444724764,0.5255582360590217,3.3778688249962907,0.17707599496213536,,,,,,,,,,,,,,,2025-05-15,7710112768.0,low_cap,0.0285399092877618,-0.9879930372670328,0.5017644932614357,0.1148750027662415,0.1070159261745461,0.1766765267809062,0.0114608737090952,0.7672446531486841,2025-05-15,39.04999923706055,45,0.11370044886434849,2025-06-16,0.4673495609874372,2025-08-15,0.1270166243630897,2025-11-13,,
CI,2025-03-31,,65500000000.0,,,1323000000.0,2684000000.0,,4213000000.0,1920000000.0,-327000000.0,1593000000.0,150658000000.0,30448000000.0,40226000000.0,8334000000.0,43555000000.0,55745000000.0,,,0.0053316729209278435,,,,,,0.020198473282442748,0.04097709923664122,0.02931297709923664,0.0243206106870229,0.00499236641221374,0.0,0.0643206106870229,0.20210012080340906,0.7569233828866903,0.055317341262993,0.781325679433133,0.43475952156539976,,,,,,,,,,,,,,,2025-05-15,75463155712.0,large_cap,0.2520505976320144,0.1678650962461421,,,0.0140516564095849,0.0366513356029854,0.2051051763845497,1.567760022068116,2025-05-15,302.4601135253906,45,0.022970507656482786,2025-06-16,-0.034222737877550924,2025-08-15,-0.11426006604975703,2025-11-13,,
CL,2025-03-31,,4911000000.0,2987000000.0,1076000000.0,690000000.0,1167000000.0,,1898000000.0,600000000.0,-124000000.0,476000000.0,16647000000.0,8269000000.0,363000000.0,1112000000.0,5814000000.0,6861000000.0,,,0.049648854961832134,,,,0.6082264304622277,0.21909997963754835,0.14050091631032377,0.23762981062919974,0.12217470983506414,0.09692526980248421,0.025249440032579923,0.0,0.38647933211158625,0.49672613684147293,22.77961432506887,0.0667988226106806,0.8473983384346305,0.29500810956929174,,,,,,,,,,,,,,,2025-05-15,70520684544.0,large_cap,0.0330986277432285,-0.0498311880301336,0.6049947763792846,0.2154121685488284,0.1437241928262275,0.1764091338739366,0.5304748847064689,1.2527109560014955,2025-05-15,87.42044067382812,45,0.005355472836804376,2025-06-16,-0.045184429341271204,2025-08-15,-0.10974150603593602,2025-11-13,,
CME,2025-03-31,,1642300000.0,1435600000.0,1108000000.0,956200000.0,1369000000.0,,28500000.0,1116600000.0,-14200000.0,1102400000.0,157831600000.0,3419400000.0,27030700000.0,1405300000.0,123445400000.0,121420200000.0,,,0.0840969252698025,,,,0.8741399257139377,0.6746635815624429,0.5822322352797905,0.8335870425622602,0.6799001400474943,0.6712537295256652,0.008646410521829143,0.0,0.017353711258600742,0.02166486305657422,0.1265006085672957,0.008903793663626295,1.0166792675353853,0.010405394103588888,,,,,,,,,,,,,,,2025-05-15,108294709248.0,large_cap,0.0988008388750469,-0.0126666672013764,0.8612910066719955,0.6413435343632241,0.575161906004796,0.5866951599484511,0.0249405225286837,0.0445997366257539,2025-05-15,263.8984069824219,45,-0.01921566691024601,2025-06-16,0.004285554204992659,2025-08-15,0.04452829473011777,2025-11-13,,
CMG,2025-03-31,,2875253000.0,753622000.0,493628000.0,386599000.0,580839000.0,,172783000.0,557075000.0,-144810000.0,412265000.0,9044094000.0,4633079000.0,3490872000.0,725597000.0,1661648000.0,1091538000.0,,,0.14479693113316694,,,,0.2621063259476644,0.17168158767245872,0.1344573851414119,0.2020131793619553,0.19374816755255972,0.14338390395558234,0.05036426359697738,0.0,0.060093146585709155,0.5122767410422757,1.3271981900224357,0.08022882115112913,1.5222997275404062,0.31791498407690144,,,,,,,,,,,,,,,2025-05-15,41881264128.0,mid_cap,0.1460955510067263,0.0028359268782727,0.2667254029197657,0.1754644505280385,0.1355957161543463,0.1335948946835353,0.4933108976232387,1.229182234446362,2025-05-15,52.040000915527344,45,0.009607993681852722,2025-06-16,-0.15372789890964456,2025-08-15,-0.3970023326536174,2025-11-13,,
COIN,2025-03-31,,2034295000.0,1534676000.0,740171000.0,65608000.0,136300000.0,355368000.0,445036000.0,852694000.0,,852694000.0,21731006000.0,4322140000.0,10468240000.0,8051169000.0,17453788000.0,6933369000.0,,,0.07407661169295365,,,,0.7544018935306827,0.36384644311665715,0.0322509763824814,0.06700109866071538,0.4191594631063833,0.4191594631063833,,0.17468852845826197,0.21876669804526874,0.19889277100194994,0.4128812484238038,0.3704922358403472,2.517360319348357,0.09361255525860146,,,,,,,,,,,,,,,2025-05-15,51488137216.0,large_cap,1.1117178931939855,1.1385868384849622,0.7478229830829485,0.3405584193120444,0.39290904913873,0.4728704691692357,0.2082400942136729,0.2911916541740331,2025-05-15,244.44000244140625,45,0.07007856615824837,2025-06-16,0.29909173875535133,2025-08-15,0.15832110874040706,2025-11-13,,
COP,2025-03-31,,16517000000.0,5077000000.0,4218000000.0,2849000000.0,7572000000.0,,191000000.0,6115000000.0,-3378000000.0,2737000000.0,124254000000.0,23784000000.0,65238000000.0,6309000000.0,16906000000.0,13329000000.0,,,-0.3054193221730378,,,,0.3073802748683175,0.25537325180117454,0.17248895077798632,0.45843676212387235,0.3702246170612097,0.1657080583641097,0.20451655869709995,0.0,0.011563843312950293,0.19141436090588632,0.364572794996781,0.050775025351296535,1.2683622177207592,0.13292932219485892,,,,,,,,,,,,,,,2025-05-15,149131378688.0,large_cap,-0.0248659624873087,0.2599073959859503,0.2992602064115444,0.2335007763266051,0.1688738697597954,0.1462416659055621,0.1981104414399739,0.4458788076233914,2025-05-15,89.21835327148438,45,0.030642392852146427,2025-06-16,0.03422259635431013,2025-08-15,-0.02189134488133604,2025-11-13,,
CROX,2025-03-31,,937333000.0,541549000.0,222974000.0,160103000.0,246242000.0,,318575000.0,-67235000.0,-15375000.0,-82610000.0,5066116000.0,1862702000.0,1969593000.0,166460000.0,1073946000.0,705196000.0,,,0.12088461923346339,,,,0.5777551841234652,0.23788130792365147,0.1708069597464295,0.2627049298381685,-0.07173011085708067,-0.0881330327642364,0.016402921907155726,0.0,0.33987387619981374,0.3676785134805441,0.9457293968855495,0.032857518461874936,1.5229042705857663,0.1850200429678278,,,,,,,,,,,,,,,2025-05-15,4717535232.0,low_cap,0.0352722767592035,-0.0793166736864383,0.5875657101178223,0.2549891421678805,0.2316055549975768,0.2250401500886861,0.3535415436707852,0.8524475427111315,2025-05-15,117.2699966430664,45,-0.12816576455650064,2025-06-16,-0.27773514647533604,2025-08-15,-0.367442632995405,2025-11-13,,
CSX,2025-03-31,,3423000000.0,1041000000.0,1041000000.0,646000000.0,1492000000.0,,,1255000000.0,-719000000.0,536000000.0,43199000000.0,19615000000.0,12170000000.0,1139000000.0,3020000000.0,3421000000.0,,,0.09706239725537835,,,,0.3041191936897458,0.3041191936897458,0.18872334209757521,0.43587496348232546,0.36663745252702307,0.15658778848962898,0.21004966403739408,0.0,0.0,0.4540614366073289,1.6117502054231718,0.026366351072941503,0.8827828120432623,0.0792379453228084,,,,,,,,,,,,,,,2025-05-15,84842618880.0,large_cap,-0.0079825339428259,0.0052134533997983,0.3681568088033012,0.371595598349381,0.2386519944979367,0.1869325997248968,0.4440417173323356,0.3400056121971752,2025-05-15,30.83055305480957,45,0.04457764368904438,2025-06-16,0.16520454694353637,2025-08-15,0.12347884251317853,2025-11-13,,
CVX,2025-03-31,,46101000000.0,13368000000.0,4297000000.0,3500000000.0,10030000000.0,,1221000000.0,5189000000.0,-3927000000.0,1262000000.0,256397000000.0,29681000000.0,149244000000.0,4638000000.0,38574000000.0,35702000000.0,48334000000.0,,,-0.0461993627674101,,,0.2899720179605648,0.09320839027352985,0.07592026203336154,0.21756577948417605,0.112557211340318,0.027374677338886357,0.08518253400143164,0.0,0.026485325697924122,0.11576188488944879,0.1988756666934684,0.01808913520829027,1.0804436726233824,0.17980319582522417,0.016603374769436408,0.04322287283239111,0.008907393245344827,0.0034514914053909163,-0.06733685908629682,-0.06276890688753811,-0.004567952198758704,0.0,-0.006307325437922281,0.02024857039334467,0.037758792784934936,-0.008302445640007764,0.019418723196544807,-0.008312225015601249,2025-05-15,380594323456.0,large_cap,-0.0177692686617948,0.1468518660039272,0.2943220242588437,0.0978057431209736,0.0913119008965224,0.0777813395100665,0.0955133144961041,0.752765258544863,2025-05-15,136.13372802734375,45,0.03900395217930286,2025-06-16,0.113853699871997,2025-08-15,0.11927477621877536,2025-11-13,,
DDOG,2025-03-31,,761553000.0,603925000.0,-12420000.0,24642000.0,44195000.0,341061000.0,275081000.0,271541000.0,-27150000.0,244391000.0,6010381000.0,1877296000.0,2916674000.0,1079854000.0,5076338000.0,1854823000.0,,,-0.05269582488517399,,,,0.7930176888542229,-0.01630877955966295,0.03235756408286751,0.05803273048625637,0.35656218280277274,0.3209113482580989,0.03565083454467385,0.44784932893705365,0.3612105789091501,0.3123422624955057,0.6436427245554354,0.17966481658983016,2.736831492816296,0.1267062770230373,,,,,,,,,,,,,,,2025-05-15,74032603136.0,large_cap,0.2611946574802466,-0.0093915761774454,0.8079440444812845,0.0202229652326978,0.0684527479487012,0.2887569269169515,0.3184221356777882,0.463978861048592,2025-05-15,117.13999938964844,45,0.04089124927851606,2025-06-16,0.08630698875729181,2025-08-15,0.5875875208271268,2025-11-13,,
DHR,2025-03-31,,5741000000.0,3511000000.0,1274000000.0,954000000.0,1792000000.0,379000000.0,1858000000.0,1299000000.0,-245000000.0,1054000000.0,79116000000.0,16477000000.0,50849000000.0,1993000000.0,9525000000.0,6645000000.0,,,0.13096102638586293,,,,0.6115659292806132,0.22191255878766766,0.16617314056784532,0.31214074203100506,0.22626720083609128,0.1835917087615398,0.04267549207455147,0.06601637345410208,0.3236369970388434,0.20826381515749026,0.3240378375189286,0.025190858991860052,1.4334085778781038,0.07256433591182568,,,,,,,,,,,,,,,2025-05-15,114595143680.0,large_cap,-0.0006278777731267,0.102701326896017,0.5950157068062827,0.2036858638743455,0.1633089005235602,0.2218219895287958,0.2211188775115421,0.3078976554641355,2025-05-15,189.64312744140625,45,0.053207752663002594,2025-06-16,0.10639217176845506,2025-08-15,0.1623112033582299,2025-11-13,,
DPZ,2025-03-31,,1112056000.0,443147000.0,210095000.0,149651000.0,258429000.0,,233052000.0,179076000.0,-14745000.0,164331000.0,1877619000.0,5206500000.0,-3912688000.0,304320000.0,1015934000.0,1696760000.0,,,0.03657899320675839,,,,0.3984934211946161,0.1889248383174948,0.13457146043005028,0.23238847683929587,0.16103145884739617,0.1477722344917882,0.013259224355607991,0.0,0.2095685828771213,2.772926775879452,1.3306708840572006,0.16207760999435988,0.5987493811735307,0.5922692516426389,,,,,,,,,,,,,,,2025-05-15,10054730752.0,mid_cap,0.0506898533227306,0.0634291055154028,0.3927621357738032,0.1867996794163542,0.1241220495595799,0.1087902131898242,2.992056478564064,2.709488069461772,2025-05-15,477.8155517578125,45,-0.06112226688790867,2025-06-16,-0.06771271234829523,2025-08-15,-0.15241903652409838,2025-11-13,,
DUK,2025-03-31,,8249000000.0,4277000000.0,2337000000.0,1379000000.0,4177000000.0,,,2177000000.0,-3148000000.0,-971000000.0,187476000000.0,87481000000.0,50670000000.0,475000000.0,12775000000.0,16625000000.0,,,0.03465472961793292,,,,0.5184870893441629,0.2833070675233362,0.1671717783973815,0.5063644078070069,0.26391077706388655,-0.11771123772578494,0.38162201478967145,0.0,0.0,0.46662506134118503,1.7264850996644958,0.0025336576415114468,0.7684210526315789,0.044000298704900895,,,,,,,,,,,,,,,2025-05-15,94292164608.0,large_cap,0.0446317962835511,0.0344816294314933,0.5006094146325395,0.2614882893566558,0.1490265836545113,0.0015811839114537,0.4573823540460334,0.1629092587325523,2025-05-15,111.01567077636719,45,0.004395422844515773,2025-06-16,0.07496890601541639,2025-08-15,0.0849767776144752,2025-11-13,,
DUOL,2025-03-31,,230743000.0,164096000.0,23594000.0,35135000.0,27184000.0,70390000.0,70112000.0,105631000.0,-2619000.0,103012000.0,1403146000.0,54533000.0,893826000.0,883996000.0,1219657000.0,454485000.0,,,0.11261971148017946,,,,0.7111635022514226,0.10225228934355539,0.15226897457344318,0.11781072448568321,0.457786368383873,0.44643607823422593,0.011350290149647009,0.30505800826027224,0.30385320464759497,0.038864808081268805,0.06101075600844012,0.630009991832639,2.6836023191084415,0.16444689291064507,,,,,,,,,,,,,,,2025-05-15,5221224448.0,low_cap,0.4084189874394899,-0.0289725875479929,0.7277560613028459,0.0836804701453429,0.1184106392308268,0.353428499620333,0.0419872661569851,0.5746392487524276,2025-05-15,530.52001953125,45,-0.10484057827621596,2025-06-16,-0.38375559707502493,2025-08-15,-0.6483827444420412,2025-11-13,,
DXCM,2025-03-31,,1036000000.0,589000000.0,133700000.0,105400000.0,219000000.0,145200000.0,310100000.0,183800000.0,-87000000.0,96800000.0,6751700000.0,2583200000.0,2266600000.0,904900000.0,4553800000.0,3037100000.0,,,0.26533415964948026,,,,0.5685328185328186,0.12905405405405404,0.10173745173745173,0.21138996138996138,0.17741312741312742,0.09343629343629344,0.08397683397683398,0.14015444015444015,0.2993243243243243,0.3825999377934446,1.1396805788405542,0.13402550468770827,1.4993908662869184,0.1534428366189256,,,,,,,,,,,,,,,2025-05-15,23781353472.0,mid_cap,0.1133810010214504,-0.1314811888197757,0.6045623605256633,0.148772625836846,0.1428713116786511,0.1563848251921646,0.3990130310740998,0.6219446372118128,2025-05-15,85.66999816894531,45,-0.03116608177906055,2025-06-16,-0.05509514791158343,2025-08-15,-0.3029064725444205,2025-11-13,,
ECL,2025-03-31,,3695000000.0,1634800000.0,584800000.0,402500000.0,818700000.0,,1050000000.0,369400000.0,-237900000.0,131500000.0,22366400000.0,8357900000.0,8875800000.0,1162600000.0,6081100000.0,4609200000.0,4005200000.0,,,-0.0774493158893439,,,0.4424357239512855,0.1582679296346414,0.10893098782138025,0.22156968876860622,0.09997293640054127,0.03558863328822733,0.06438430311231394,0.0,0.28416779431664413,0.37368105730023604,0.9416503301110886,0.05197975534730667,1.3193395817061528,0.16520316188568568,0.008974223901350387,-0.013034377366257427,-0.009140519219466653,0.009595255531814062,-0.0914532096096455,-0.06602926344601814,-0.025423946163627337,0.0,0.022008601267607897,0.0037161657074935572,-0.004154883824713518,-0.004157962516887222,0.0620995549994261,-0.013697846699347233,2025-05-15,69689556992.0,large_cap,0.0274931136669234,-0.0523219387020132,0.4346309731027736,0.1660271640387767,0.1341939090551031,0.115580570978439,0.3699648915927425,0.7031240229053324,2025-05-15,253.28097534179688,45,0.03997512624538957,2025-06-16,0.10006469055827516,2025-08-15,0.028696630440034454,2025-11-13,,
EL,2025-03-31,,3550000000.0,2661000000.0,403000000.0,159000000.0,532000000.0,,2258000000.0,284000000.0,-122000000.0,162000000.0,19886000000.0,9382000000.0,4345000000.0,2631000000.0,7017000000.0,4964000000.0,,,0.047638070508339236,,,,0.7495774647887324,0.11352112676056338,0.0447887323943662,0.14985915492957746,0.08,0.04563380281690141,0.03436619718309859,0.0,0.636056338028169,0.47178919843105704,2.1592635212888376,0.13230413356129941,1.4135777598710717,0.17851755003520065,,,,,,,,,,,,,,,2025-05-15,29044895744.0,mid_cap,-0.0189817724701445,0.0840232452893412,0.716555612506407,0.1001409533572526,0.0249871860584315,0.0923244490005125,0.45329150712737,0.7200258338330949,2025-05-15,62.67143630981445,45,0.1775107111286114,2025-06-16,0.43609292893558993,2025-08-15,0.42495404907717416,2025-11-13,,
ELV,2025-03-31,,48891000000.0,,,2183000000.0,,,,1017000000.0,-196000000.0,821000000.0,119717000000.0,30003000000.0,42503000000.0,7500000000.0,,,,,0.045633802816901436,,,,,,0.04465034464420854,,0.020801374486101736,0.016792456689370232,0.004008917796731504,0.0,0.0,0.25061603615192496,0.705903112721455,0.06264774426355488,,0.4083881153052616,,,,,,,,,,,,,,,2025-05-15,85275320320.0,large_cap,0.0319248278277108,-0.0622352666836081,,,0.0338216164244103,0.0257451501611899,0.2671936623634388,1.5126316419851311,2025-05-15,381.8470153808594,45,-0.030282449446199733,2025-06-16,-0.20273157036764355,2025-08-15,-0.1499324308286133,2025-11-13,,
EMR,2025-03-31,,4432000000.0,2371000000.0,859000000.0,485000000.0,1099000000.0,,1283000000.0,241000000.0,-87000000.0,154000000.0,41978000000.0,14851000000.0,19249000000.0,1887000000.0,8627000000.0,10846000000.0,,,0.02638522427440626,,,,0.5349729241877257,0.19381768953068593,0.10943140794223827,0.24796931407942238,0.05437725631768953,0.034747292418772564,0.01962996389891697,0.0,0.289485559566787,0.35378055171756634,0.771520598472648,0.04495211777597789,0.7954084455098653,0.10557911286864548,,,,,,,,,,,,,,,2025-05-15,74521305088.0,large_cap,0.153445433564128,0.0548508233062317,0.5079464898239195,0.1524125314429453,0.1125085753487308,0.1665332723530757,0.1888532296704786,0.3953351715409302,2025-05-15,117.80569458007812,45,0.07482338611133921,2025-06-16,0.10480752965411377,2025-08-15,0.077218757714836,2025-11-13,,
ENPH,2025-03-31,,356084000.0,168241000.0,35084000.0,29730000.0,68855000.0,50174000.0,82983000.0,48414000.0,-14608000.0,33806000.0,3106086000.0,1208045000.0,810698000.0,350077000.0,2197245000.0,1159289000.0,,,0.02933212996389889,,,,0.4724755956459712,0.09852731377989463,0.08349153570505835,0.19336729535727526,0.13596230103009402,0.09493827299176599,0.04102402803832803,0.14090495501061548,0.23304332685546106,0.3889283812489416,1.4901294933501747,0.11270679562639283,1.8953384358861336,0.11464074079082164,,,,,,,,,,,,,,,2025-05-15,6970807808.0,low_cap,-0.4192460579032698,-0.4020562136702788,0.4728999092742466,0.0679849336619605,0.0771642451835298,0.3608652545920986,0.4025616707634853,0.4093894283614736,2025-05-15,49.72999954223633,45,-0.07641261355398077,2025-06-16,-0.29941684147819403,2025-08-15,-0.4186607658651098,2025-11-13,,
EOG,2025-03-31,,5842000000.0,3988000000.0,2095000000.0,1463000000.0,2937000000.0,,1496000000.0,2289000000.0,-1483000000.0,806000000.0,46982000000.0,5062000000.0,29516000000.0,6599000000.0,10680000000.0,5719000000.0,,,-0.20552453915368285,,,,0.6826429305032523,0.35861006504621706,0.25042793563848,0.5027387880862718,0.3918178705922629,0.13796644984594317,0.2538514207463198,0.0,0.2560766860664156,0.10774339108594781,0.17150020327957718,0.14045804776297305,1.8674593460395175,0.124345494018986,,,,,,,,,,,,,,,2025-05-15,74706477056.0,large_cap,0.0084548356483478,0.222411162787911,0.6833775344340833,0.3530242107964753,0.2738899820343913,0.2468560184789118,0.1073835459670241,0.4954435637689145,2025-05-15,111.87293243408203,45,0.06317978309136718,2025-06-16,0.035513910851153296,2025-08-15,-0.04020763520952053,2025-11-13,,
EQIX,2025-03-31,,2225000000.0,1141000000.0,474000000.0,343000000.0,994000000.0,,667000000.0,809000000.0,-750000000.0,59000000.0,36079000000.0,19650000000.0,13889000000.0,2950000000.0,5505000000.0,3327000000.0,,,0.15679561793906194,,,,0.5128089887640449,0.21303370786516854,0.1541573033707865,0.4467415730337079,0.36359550561797754,0.02651685393258427,0.33707865168539325,0.0,0.2997752808988764,0.5446381551595111,1.4147886816905464,0.08176501566007927,1.654643823264202,0.0616702236758225,,,,,,,,,,,,,,,2025-05-15,104486469632.0,large_cap,0.0683927699071813,-0.0589650712053066,0.4893689986282579,0.1856424325560128,0.0931641518061271,0.0209190672153635,0.5404303833547099,0.2493373236425823,2025-05-15,847.5855712890625,45,0.029624157889893254,2025-06-16,-0.09423445589717228,2025-08-15,-0.08260870254014552,2025-11-13,,
ETN,2025-03-31,,6377000000.0,2447000000.0,1201000000.0,964000000.0,1442000000.0,198000000.0,1048000000.0,238000000.0,-147000000.0,91000000.0,39206000000.0,10749000000.0,18506000000.0,1777000000.0,12434000000.0,9522000000.0,,,0.09842696629213488,,,,0.383722753645915,0.18833307197741886,0.15116826093774502,0.2261251372118551,0.03732162458836443,0.014270032930845226,0.02305159165751921,0.03104908264074016,0.164340599027756,0.2741672193031679,0.5808386469253215,0.04532469519971433,1.3058181054400335,0.1626536754578381,,,,,,,,,,,,,,,2025-05-15,155102560256.0,large_cap,0.0725125021555441,-0.0452592788776091,0.38198408232173,0.1861886003698046,0.1525042205965109,0.141450277353485,0.2558818165238008,0.6481853000182382,2025-05-15,323.0707702636719,45,0.0342389841742925,2025-06-16,0.07720540622798167,2025-08-15,0.08953416856352159,2025-11-13,,
EXC,2025-03-31,,6714000000.0,2845000000.0,1537000000.0,908000000.0,2493000000.0,,,1200000000.0,-1946000000.0,-746000000.0,109484000000.0,48270000000.0,27607000000.0,1004000000.0,8799000000.0,8103000000.0,5471000000.0,,,0.2271979528422592,,,0.42374143580577894,0.22892463509085492,0.13523979743818887,0.37131367292225204,0.17873100983020554,-0.1111111111111111,0.28984212094131667,0.0,0.0,0.4408863395564649,1.7484695910457493,0.009170289722699208,1.0858941132913735,0.061324029081874974,-0.012741839646606357,0.028230063714506898,0.016979881517881795,-0.008324418834282421,-0.08191603824144497,-0.017892321127561478,-0.0640237171138835,0.0,0.0,0.008085552797762297,0.01565877421130768,0.00585810980731288,0.21356032908577582,0.010565103823951719,2025-05-15,44386770944.0,mid_cap,0.0598794127122934,-0.0789716198907046,0.4084158415841584,0.1870331770019107,0.1068264721208963,-0.0663540038214347,0.4328007867587026,0.2136495212647517,2025-05-15,42.31175994873047,45,-0.017269194269555088,2025-06-16,0.03562000091238793,2025-08-15,0.06504982881908705,2025-11-13,,
FCX,2025-03-31,,5728000000.0,1506000000.0,1303000000.0,352000000.0,1827000000.0,,154000000.0,1058000000.0,-1172000000.0,-114000000.0,56022000000.0,9404000000.0,17688000000.0,4385000000.0,13802000000.0,5943000000.0,5720000000.0,,,0.0013986013986013734,,,0.2629189944134078,0.2274790502793296,0.061452513966480445,0.3189594972067039,0.18470670391061453,-0.019902234636871508,0.20460893854748605,0.0,0.026885474860335195,0.1678626253971654,0.531659882406151,0.07827282139159616,2.322396096247686,0.10224554639248866,0.013793120287533711,0.01017135797163729,0.013550416064382544,-0.003942600695393983,-0.0663422471383365,-0.05434279407743095,-0.011999453060905552,0.0,0.004333027307887642,-0.009682590472146146,-0.022233525249841235,0.0067478797346533365,-0.09681787755144056,-0.002042668309961748,2025-05-15,90580639744.0,large_cap,0.1137606650623495,0.1104683033415416,0.3009231978000393,0.2696523276370065,0.0742093891180514,0.0923983500294637,0.1775452158693115,0.4641007876312719,2025-05-15,38.02779769897461,45,0.08942045845425683,2025-06-16,0.10474944774971484,2025-08-15,0.06107610786859219,2025-11-13,,
GD,2025-03-31,,12223000000.0,1893000000.0,1268000000.0,994000000.0,1491000000.0,,625000000.0,-148000000.0,-142000000.0,-290000000.0,56580000000.0,11507000000.0,22225000000.0,1242000000.0,25117000000.0,18760000000.0,,,0.24271956344341916,,,,0.15487196269328316,0.10373885298208296,0.0813220976846928,0.12198314652703919,-0.012108320379612207,-0.02372576290599689,0.011617442526384684,0.0,0.0511331097112002,0.20337575114881584,0.5177502812148481,0.02195121951219512,1.3388592750533048,0.21603039943442912,,,,,,,,,,,,,,,2025-05-15,90458890240.0,large_cap,0.1287850113550341,0.05608219205897,0.1543297845586386,0.1005113588733338,0.0792606253667533,0.0669796294743901,0.1910522548317824,0.8539012168933429,2025-05-15,273.4833984375,45,0.0028006459629990044,2025-06-16,0.13209255946323295,2025-08-15,0.24715416073016305,2025-11-13,,
GE,2025-03-31,,9934000000.0,3238000000.0,2003000000.0,1978000000.0,2754000000.0,359000000.0,876000000.0,1509000000.0,-208000000.0,1301000000.0,124123000000.0,19571000000.0,19251000000.0,12405000000.0,37577000000.0,34941000000.0,,,0.10292072322670376,,,,0.32595127843768873,0.20163076303603786,0.19911415341252264,0.2772297161264345,0.1519025568753775,0.13096436480773102,0.020938192067646466,0.03613851419367828,0.08818200120797262,0.1576742424852767,1.0166225131162017,0.09994118737059207,1.0754414584585443,0.08003351514223794,,,,,,,,,,,,,,,2025-05-15,294150897664.0,large_cap,0.0948851420165215,-0.1181969815978785,0.3091571495013178,0.1746938142731642,0.1693969303911942,0.0950338483799286,0.156512912132532,0.3142926750040604,2025-05-15,228.1722869873047,45,0.03121450036543294,2025-06-16,0.16941820773853666,2025-08-15,0.32961201923375927,2025-11-13,,
GILD,2025-03-31,,6667000000.0,5127000000.0,2490000000.0,1315000000.0,2605000000.0,1379000000.0,1258000000.0,1757000000.0,-104000000.0,1653000000.0,56434000000.0,24952000000.0,19162000000.0,7926000000.0,16901000000.0,12343000000.0,7569000000.0,,,-0.11917029990751749,,,0.7690115494225289,0.3734813259337033,0.19724013799310033,0.39073046347682616,0.2635368231588421,0.247937603119844,0.01559922003899805,0.20683965801709914,0.1886905654717264,0.44214480632242975,1.302160526041123,0.1404472481128398,1.369278133354938,0.11813800191373994,-0.022110131116511944,0.05111377407744755,-0.03832598699038495,-0.02002392944165715,-0.1295137779773714,-0.12569167419552132,-0.0038221037818501457,-0.00996573239114501,-0.06325817280281448,-0.010622377337202449,-0.0796811708031604,-0.028906086915552437,-0.2279394607803502,-0.010161006476801626,2025-05-15,160882638848.0,large_cap,0.0604071396961203,0.0664553050859521,0.7826041594212979,0.3685052514432774,0.0166933296237045,0.3583849203589065,0.4527671836596322,0.4873972370539876,2025-05-15,97.74113464355469,45,0.11238738889930522,2025-06-16,0.18806543624658745,2025-08-15,0.26534381130901363,2025-11-13,,
GOOGL,2025-03-31,,90234000000.0,53873000000.0,30606000000.0,34540000000.0,46310000000.0,13556000000.0,9711000000.0,36150000000.0,-17197000000.0,18953000000.0,475374000000.0,,345267000000.0,23264000000.0,162052000000.0,91654000000.0,,,0.04690183643810286,,,,0.5970365937451515,0.3391847862224882,0.38278254316554733,0.5132211804862912,0.4006250415586143,0.2100427776669548,0.19058226389165947,0.15023162001019572,0.10762018751246759,,,0.0489383096256842,1.7680843171056364,0.18981685998813566,,,,,,,,,,,,,,,2025-05-15,4807165739008.0,large_cap,0.1386624332290156,0.0518347309563205,0.5820043540617911,0.3210977721145769,0.28603671811164,0.20788645155392,0.0501359226751003,0.7773755374720159,2025-05-15,163.39344787597656,45,0.07943396027307426,2025-06-16,0.24510146614453499,2025-08-15,0.7025901665768131,2025-11-13,,
GS,2025-03-31,,15062000000.0,,,4738000000.0,,,5032000000.0,-37230000000.0,-499000000.0,-37729000000.0,1766181000000.0,360740000000.0,124300000000.0,167408000000.0,,,,,0.21790012633818745,,,,,,0.3145664586376311,,-2.471783295711061,-2.504913026158545,0.033129730447483734,0.0,0.3340857787810384,0.20424860192698258,2.902172164119067,0.09478530229914148,,0.008528004774142627,,,,,,,,,,,,,,,2025-05-15,279805689856.0,large_cap,0.1569161586024992,0.1803722971013908,,,0.2667812827029451,-0.2859732396471819,0.2043918394818052,0.0319289343736052,2025-05-15,603.3994140625,45,0.024483678896098038,2025-06-16,0.1923401310284667,2025-08-15,0.32139714200630864,2025-11-13,,
HCA,2025-03-31,,18321000000.0,7560000000.0,2855000000.0,1610000000.0,3734000000.0,,7997000000.0,1651000000.0,-991000000.0,660000000.0,59798000000.0,46436000000.0,-3519000000.0,1060000000.0,16258000000.0,13631000000.0,,,0.23161693412981066,,,,0.4126412313738333,0.15583210523443045,0.08787729927405709,0.20380983570765787,0.09011516838600513,0.036024234485017195,0.05409093390098794,0.0,0.4364936411767917,0.7765477106257734,13.195794259732878,0.01772634536272116,1.1927224708385298,0.3063814843305796,,,,,,,,,,,,,,,2025-05-15,93838237696.0,large_cap,0.0867350080039404,0.0081236155778616,0.4061867059473393,0.1493845870572072,0.08158293556931,0.0798691273741909,0.760119637726211,1.1863458404046174,2025-05-15,382.9250793457031,45,-0.042006779096931735,2025-06-16,0.028688151260363615,2025-08-15,0.23229122111649403,2025-11-13,,
HON,2025-03-31,,8925000000.0,3462000000.0,1736000000.0,1449000000.0,2275000000.0,416000000.0,1310000000.0,597000000.0,-190000000.0,407000000.0,75218000000.0,32832000000.0,17463000000.0,9657000000.0,27645000000.0,22071000000.0,,,-0.03793068708442471,,,,0.38789915966386557,0.19450980392156864,0.1623529411764706,0.2549019607843137,0.066890756302521,0.045602240896358545,0.021288515406162466,0.04661064425770308,0.14677871148459384,0.4364912653886038,1.8800893317299434,0.1283868223031721,1.2525485931765665,0.11865510914940573,,,,,,,,,,,,,,,2025-05-15,135120191488.0,large_cap,0.0517434639037839,0.1210210819041223,0.3847394648155082,0.1920672869199527,0.1643287150387418,0.1505314399285652,0.4265785414117772,0.4616867918506303,2025-05-15,203.9913330078125,45,0.013248408081637297,2025-06-16,-0.014747498200283982,2025-08-15,-0.03614571745386419,2025-11-13,,
IBM,2025-03-31,,14541000000.0,8031000000.0,1765000000.0,1055000000.0,2790000000.0,1950000000.0,4261000000.0,4370000000.0,-395000000.0,3975000000.0,145667000000.0,66835000000.0,26880000000.0,11035000000.0,35336000000.0,35106000000.0,,,0.024425770308123207,,,,0.5523003919950484,0.12138092290764046,0.07255346950003438,0.19187126057355064,0.30052953717075853,0.27336496802145654,0.027164569149301973,0.13410356921807304,0.29303349150677394,0.45882046036507923,2.486421130952381,0.07575497538907233,1.0065515866233692,0.09982357019777986,,,,,,,,,,,,,,,2025-05-15,206116847616.0,large_cap,0.0144358228257355,-0.0075367527566203,0.566522716045448,0.1605341577295109,0.0959794750848565,0.1874013991362962,0.4257043921997449,0.4574667395662475,2025-05-15,260.0292663574219,45,0.056809706408169625,2025-06-16,-0.09501728684902622,2025-08-15,0.15724254953178973,2025-11-13,,
ICE,2025-03-31,,3229000000.0,1779000000.0,1253000000.0,797000000.0,1662000000.0,,137000000.0,966000000.0,-189000000.0,777000000.0,142870000000.0,20621000000.0,27974000000.0,783000000.0,92644000000.0,92720000000.0,,,0.09462898012516341,,,,0.550944564880768,0.3880458346237225,0.24682564261381232,0.514710436667699,0.29916382781046763,0.24063177454320223,0.058532053267265405,0.0,0.04242799628367916,0.14433400993910547,0.7371487810109387,0.005480506754392105,0.9991803278688525,0.022600965913067823,,,,,,,,,,,,,,,2025-05-15,87292510208.0,large_cap,0.187619913157629,0.1599113203805431,0.554544681574696,0.3752231953065215,0.2341637615848992,0.3279483037156704,0.1484852396936053,0.0843517801302464,2025-05-15,172.81991577148438,45,0.031073574028295692,2025-06-16,0.03910196835119706,2025-08-15,-0.1218857513284124,2025-11-13,,
INTC,2025-03-31,,12667000000.0,4672000000.0,-145000000.0,-821000000.0,2387000000.0,3640000000.0,1177000000.0,813000000.0,-5183000000.0,-4370000000.0,192242000000.0,50151000000.0,99756000000.0,8947000000.0,42134000000.0,32174000000.0,,,0.13533601734283063,,,,0.36883239914739085,-0.011447067182442568,-0.06481408383989895,0.18844240941027868,0.06418252151259177,-0.34499092129154496,0.40917344280413676,0.28736085892476515,0.09291860740506828,0.2608743146658899,0.5027366774930832,0.04654029816585346,1.3095667309007273,0.065890908334287,,,,,,,,,,,,,,,2025-05-15,546677981184.0,large_cap,-0.0207826215239359,0.1191926377776151,0.3266416828308318,-0.0886612304853016,-0.3532136871245362,-0.2948343722340446,0.2545283354963483,0.2702547268239306,2025-05-15,21.549999237060547,45,-0.03758698350900114,2025-06-16,0.13967518957983982,2025-08-15,0.6663573604984632,2025-11-13,,
ISRG,2025-03-31,,2253400000.0,1457700000.0,578100000.0,698400000.0,727700000.0,316200000.0,563400000.0,581600000.0,-116600000.0,465000000.0,19220400000.0,,17106400000.0,2573800000.0,7657800000.0,1538100000.0,,,0.1736058541508958,,,,0.6468891452915594,0.2565456643294577,0.30993165882666196,0.32293423271500843,0.2580988728144138,0.20635484157273454,0.05174403124167924,0.1403212922694595,0.25002218869264226,,,0.13390980416640652,4.978740003900917,0.11724001581652828,,,,,,,,,,,,,,,2025-05-15,149145059328.0,large_cap,0.1723726505804241,0.027423918620667,0.6745848349516887,0.2812346595467008,0.2780857508889979,0.1561044527723566,,0.445606940116949,2025-05-15,560.280029296875,45,-0.07360614177393676,2025-06-16,-0.142821473811357,2025-08-15,0.00933458305717827,2025-11-13,,
ITW,2025-03-31,,3839000000.0,1678000000.0,951000000.0,700000000.0,1058000000.0,,706000000.0,592000000.0,-96000000.0,496000000.0,15468000000.0,8263000000.0,3241000000.0,873000000.0,6037000000.0,3780000000.0,3932000000.0,,,-0.023652085452695815,,,0.43709299296691845,0.24772076061474343,0.18233915082052618,0.2755926022401667,0.1542068246939307,0.1292003125814014,0.025006512112529303,0.0,0.18390205782755925,0.5341996379622447,2.5495217525455107,0.05643910007757952,1.5970899470899471,0.2481898112231704,0.0019454853372134484,-0.014486767360841507,-0.008403473797988559,-0.017642392673363316,-0.12910955373943656,-0.1241058929119862,-0.005003660827450351,0.0,0.01732016566072303,-0.0019389430426003385,0.11345420127892458,-0.006479861892288399,0.23775847076682743,-0.012777866483075051,2025-05-15,71257530368.0,large_cap,-0.0129757248401316,-0.023959907616933,0.4428229966033463,0.2682098377154359,0.2193986664989307,0.1788904264687382,0.536138581004845,1.055153647043207,2025-05-15,241.85060119628906,45,-0.014195338891594522,2025-06-16,0.04937500950320195,2025-08-15,0.0013782403079485306,2025-11-13,,
JNJ,2025-03-31,,21893000000.0,14536000000.0,6199000000.0,10999000000.0,15607000000.0,3225000000.0,5112000000.0,4174000000.0,-809000000.0,3365000000.0,193671000000.0,52252000000.0,78109000000.0,38474000000.0,71551000000.0,56903000000.0,,,0.040946083418107904,,,,0.6639565157813,0.2831498652537341,0.5023980267665464,0.7128762618188462,0.19065454711551638,0.15370209656054445,0.036952450554971907,0.14730735851642077,0.2334992920111451,0.2697977497921733,0.6689626035412053,0.198656484450434,1.2574205226437973,0.11304222108627518,,,,,,,,,,,,,,,2025-05-15,545740161024.0,large_cap,0.0430019140666282,-0.0216186635055681,0.6907150336069173,0.2392339649407234,0.1583634500850024,0.2033190349129147,0.2034046995069515,0.4931650601874472,2025-05-15,145.5545654296875,45,0.04639186821683983,2025-06-16,0.19079167515806583,2025-08-15,0.3259094393328319,2025-11-13,,
JPM,2025-03-31,,45327000000.0,,,14643000000.0,,,15731000000.0,-251839000000.0,,-251839000000.0,4357856000000.0,472204000000.0,351420000000.0,425903000000.0,,,,,0.09907276298360213,,,,,,0.3230524852736779,,-5.556048271449688,-5.556048271449688,,0.0,0.34705583868334544,0.10835695351108435,1.3437026919355757,0.09773223346526365,,0.010401215643655964,,,,,,,,,,,,,,,2025-05-15,797985275904.0,large_cap,0.0934934689452218,-0.1196564523713361,,,0.3450858421024675,-0.2479476389733178,0.1134979042243781,0.0423299708654961,2025-05-15,262.3870849609375,45,0.01072924783958884,2025-06-16,0.0912163435257447,2025-08-15,0.16820386373416762,2025-11-13,,
KKR,2025-03-31,,3054695000.0,-84673000.0,-706689000.0,-185924000.0,1495137000.0,,622016000.0,2549726000.0,-20846000.0,2528880000.0,372372919000.0,50791272000.0,27469987000.0,17986901000.0,225195590000.0,54832054000.0,3200380000.0,,,-0.04552115686262259,,,-0.027718970306364464,-0.23134519158213832,-0.06086499634169696,0.4894554120787836,0.8346908611170674,0.8278666118876026,0.0068242492294648075,0.0,0.20362622127577384,0.1363989415137893,1.848973281276034,0.04830346161665962,4.107006277751331,0.008203322111079726,-0.32417157905907507,-0.32281620439936626,-0.4125591701585562,-0.2887162425372307,0.8695789056617776,0.8793673711724375,-0.009788465510659804,0.0,-0.0013553746597088079,-0.004718867756940109,-0.29957095054825755,0.006985723943381393,-0.014539409746461729,-0.000684168126997892,2025-05-15,90418855936.0,large_cap,0.5108904849377254,-1.0628248559321598,0.1775334967815585,0.0427996614462801,0.1421536071978339,0.3007511729973279,0.1411178092707294,0.0600953162903118,2025-05-15,124.8107681274414,45,-0.01782880907907647,2025-06-16,0.13391225742926127,2025-08-15,-0.03767293712521469,2025-11-13,,
KLAC,2025-03-31,,3063029000.0,1887340000.0,1300392000.0,1088416000.0,1434413000.0,338043000.0,248905000.0,1072159000.0,-82135000.0,990024000.0,15188307000.0,6089173000.0,4004739000.0,1858022000.0,9945019000.0,3909929000.0,,,0.7763653066198388,,,,0.6161678521489675,0.4245444623606241,0.35533976335189776,0.46829886364118656,0.3500322719765304,0.32321731201369625,0.026814959962834176,0.11036232435278935,0.08126106543555416,0.4009118988706246,1.5204918472839304,0.12233239688926488,2.5435293070539133,0.20167020590247484,,,,,,,,,,,,,,,2025-05-15,235693834240.0,large_cap,-0.0651491379238068,-0.2045531012611613,0.5996765063089016,0.3705251202909996,0.2814743656575298,0.3089191497115798,0.4418708547331187,0.6357731583225807,2025-05-15,799.9349365234375,45,0.10983650861497374,2025-06-16,0.08814674106033094,2025-08-15,0.44795406486764144,2025-11-13,,
KMB,2025-03-31,,4054000000.0,1509000000.0,631000000.0,567000000.0,839000000.0,,855000000.0,327000000.0,-204000000.0,123000000.0,16305000000.0,7247000000.0,1101000000.0,563000000.0,5281000000.0,6921000000.0,,,0.11493492226159141,,,,0.37222496299950664,0.15564874198322645,0.13986186482486432,0.2069560927479033,0.08066107548100641,0.030340404538727182,0.05032067094227923,0.0,0.21090281203749384,0.4444648880711438,6.58219800181653,0.03452928549524686,0.7630400231180465,0.2486353879178166,,,,,,,,,,,,,,,2025-05-15,31836399616.0,mid_cap,-0.0198880205295696,0.1302482867814588,0.3742338589705445,0.1664385599523951,0.1514430229098482,0.1495388277298423,0.4553366372537169,1.0156533301099964,2025-05-15,131.5015106201172,45,-0.03969206376870582,2025-06-16,-0.023009641471311015,2025-08-15,-0.2248241865389321,2025-11-13,,
KO,2025-03-31,,11129000000.0,6966000000.0,3718000000.0,3330000000.0,4711000000.0,,3234000000.0,-5202000000.0,-309000000.0,-5511000000.0,101716000000.0,49111000000.0,26202000000.0,8417000000.0,26178000000.0,23808000000.0,,,0.026887025160335476,,,,0.6259322490789828,0.3340821277742834,0.29921825860364815,0.4233084733578938,-0.46742744181867196,-0.49519273968910055,0.02776529787042861,0.0,0.2905921466439033,0.4828247276731291,1.8743225707961224,0.08275000983129498,1.099546370967742,0.10941248181210429,,,,,,,,,,,,,,,2025-05-15,347726643200.0,large_cap,0.0285658084539057,-0.0353817313098372,0.6106330082233696,0.2979537196404666,0.225898302203523,0.10074159070143,0.4427890879073884,0.4680404578862047,2025-05-15,69.59259796142578,45,-0.008219573649083545,2025-06-16,-0.016657748315242804,2025-08-15,0.007181054373878615,2025-11-13,,
LIN,2025-03-31,,8112000000.0,3955000000.0,2221000000.0,1673000000.0,3150000000.0,38000000.0,786000000.0,2161000000.0,-1270000000.0,891000000.0,82704000000.0,23897000000.0,38032000000.0,5294000000.0,13597000000.0,14485000000.0,,,0.12067571210351336,,,,0.4875493096646943,0.27379191321499013,0.20623767258382644,0.38831360946745563,0.26639546351084814,0.10983727810650888,0.15655818540433925,0.004684418145956607,0.09689349112426035,0.288946121106597,0.6283392932267564,0.0640114142000387,0.9386952019330341,0.09808473592571097,,,,,,,,,,,,,,,2025-05-15,233998581760.0,large_cap,0.0045960918000851,0.0198820287381021,0.480593849416755,0.2604150886229359,0.198909256173307,0.1492501136191486,0.2820941519957078,0.41180580682995,2025-05-15,448.17486572265625,45,0.030531750615594877,2025-06-16,0.060303651270064096,2025-08-15,-0.05028703248867583,2025-11-13,,
LLY,2025-03-31,,12729000000.0,10504000000.0,5302000000.0,2759000000.0,5765000000.0,2734000000.0,2468000000.0,1666000000.0,-3267000000.0,-1601000000.0,89388800000.0,38515900000.0,15764800000.0,3093300000.0,41261200000.0,30068100000.0,,,0.0824704142011834,,,,0.8252022939743892,0.4165291853248488,0.2167491554717574,0.45290282033152646,0.13088223741063712,-0.1257757875716867,0.2566580249823238,0.2147851363029303,0.1938879723466101,0.43088060249158733,2.4431581751750735,0.03460500644376029,1.3722583069764966,0.14240039020548437,,,,,,,,,,,,,,,2025-05-15,896128712704.0,large_cap,0.3199800726761224,0.1243835006789533,0.8131119152809537,0.3783051750549475,0.2351086739337965,0.0091912172812645,0.4274153592072667,0.572228927142222,2025-05-15,726.6495971679688,45,0.10356797786421268,2025-06-16,-0.03965578051085439,2025-08-15,0.4008345941728928,2025-11-13,,
LMT,2025-03-31,,17963000000.0,2323000000.0,2372000000.0,1712000000.0,2701000000.0,,,1409000000.0,-454000000.0,955000000.0,56669000000.0,20304000000.0,6683000000.0,1803000000.0,22801000000.0,21187000000.0,,,0.5554246209443003,,,,0.1293213828425096,0.13204921226966543,0.0953070199855258,0.15036463842342593,0.07843901352780716,0.053164838835383844,0.025274174692423313,0.0,0.0,0.35829112918879813,3.0381565165344906,0.03181633697435988,1.0761787888799736,0.31698106548553884,,,,,,,,,,,,,,,2025-05-15,118973136896.0,large_cap,0.0513829897441209,0.0273317045840821,0.0975465563109665,0.0987148628295539,0.0751094407612291,0.074419717635798,0.3644569106568135,1.277361238470252,2025-05-15,452.7702941894531,45,0.01104434054216874,2025-06-16,-0.05281424164403481,2025-08-15,-0.00602276418292691,2025-11-13,,
LRCX,2025-03-31,,4720175000.0,2313686000.0,1561759000.0,1330667000.0,1679251000.0,525904000.0,226023000.0,1308663000.0,-288058000.0,1020605000.0,19968310000.0,4484340000.0,9511105000.0,5450718000.0,13460322000.0,5489845000.0,,,0.10946426646545215,,,,0.49016953820568093,0.33086887668359755,0.2819105223852929,0.35576032668280305,0.277248830816654,0.21622185618117973,0.061026974635474324,0.1114162080855053,0.047884453436578094,0.22457283565810027,0.47148464873429535,0.27296841845904835,2.451858294724168,0.23638329933780075,,,,,,,,,,,,,,,2025-05-15,356062593024.0,large_cap,-0.1447702145151084,-0.15646560801831,0.4731706377815375,0.2872854148158256,0.2568046208263241,0.2855074668982071,0.2658525639849242,0.7951775027090284,2025-05-15,84.17327117919922,45,0.10166287507956984,2025-06-16,0.1765256541903979,2025-08-15,0.8163110424146851,2025-11-13,,
MA,2025-03-31,,7250000000.0,5562000000.0,4301000000.0,3280000000.0,4488000000.0,,986000000.0,2380000000.0,-357000000.0,2023000000.0,48470000000.0,18802000000.0,6671000000.0,7575000000.0,19804000000.0,17828000000.0,,,0.008114086762359252,,,,0.7671724137931034,0.5932413793103448,0.45241379310344826,0.6190344827586207,0.32827586206896553,0.2790344827586207,0.04924137931034483,0.0,0.136,0.38791004745203217,2.8184679958027283,0.15628223643490818,1.1108368857976216,0.14957705797400453,,,,,,,,,,,,,,,2025-05-15,436667154432.0,large_cap,0.1222806598135308,-0.0063787816578906,0.7630915610466148,0.5796499449710655,0.4570596797671033,0.4823374871303298,0.3790686549780578,0.5858239221314032,2025-05-15,578.78125,45,-0.023239561679984866,2025-06-16,0.0004931057988228904,2025-08-15,-0.04318767378921229,2025-11-13,,
MCD,2025-03-31,,5955000000.0,3336000000.0,2654000000.0,1868000000.0,3226000000.0,,575000000.0,2428000000.0,-551000000.0,1877000000.0,56329000000.0,52763000000.0,-3454000000.0,1238000000.0,4735000000.0,4008000000.0,6388000000.0,,,-0.06778334376956796,,,0.5602015113350126,0.4456759026028547,0.31368597816960536,0.5417296389588581,0.4077246011754828,0.31519731318219985,0.09252728799328296,0.0,0.09655751469353484,0.9366933551101564,15.275911986103068,0.02197802197802198,1.1813872255489022,0.10571819134016226,-0.01572209542766745,-0.005012888881177846,-0.0019057563325862725,-0.0016329158313735936,-0.0041413975721690255,0.029661934346883634,-0.03380333191905267,0.0,-0.007387381987742553,-0.0047005776940188815,1.5909804792537532,0.002315813286782084,-0.009754965593288922,-0.010044194945220658,2025-05-15,196376723456.0,large_cap,0.0166699352814276,-0.0831057527523917,0.5675154320987654,0.4572145061728395,0.3172453703703703,0.2574074074074074,0.9413939328041752,0.4697183864303577,2025-05-15,307.3693542480469,45,-0.05249785069896096,2025-06-16,-0.012076793218028126,2025-08-15,-0.010809700950537682,2025-11-13,,
MDLZ,2025-03-31,,9313000000.0,2430000000.0,682000000.0,402000000.0,1006000000.0,,1711000000.0,1092000000.0,-277000000.0,815000000.0,68927000000.0,20155000000.0,25785000000.0,1561000000.0,12730000000.0,21003000000.0,,,0.2674590352262407,,,,0.26092558788789866,0.07323096746483411,0.04316546762589928,0.10802104584988725,0.1172554493718458,0.08751207988832814,0.029743369483517662,0.0,0.18372167937291958,0.2924108114381882,0.7816560015512896,0.022647148432399494,0.6061038899204876,0.13511396114730076,,,,,,,,,,,,,,,2025-05-15,77583794176.0,large_cap,0.011800310972901,-0.1317099760476729,0.3912351472242803,0.1828983836887023,0.1265333004033917,0.096676820065311,0.2682161262537045,0.5320087011109975,2025-05-15,63.04066467285156,45,0.031777714899406506,2025-06-16,-0.04032111860461007,2025-08-15,-0.11222782748746019,2025-11-13,,
META,2025-03-31,,42314000000.0,34742000000.0,17555000000.0,16644000000.0,22522000000.0,12150000000.0,5037000000.0,24026000000.0,-12941000000.0,11085000000.0,280213000000.0,49519000000.0,185029000000.0,28750000000.0,90227000000.0,33890000000.0,,,0.08743367100820065,,,,0.8210521340454696,0.414874509618566,0.39334499220116276,0.5322588268658127,0.5678026185186936,0.2619700335586331,0.3058325849600605,0.2871390083660254,0.11903861606087819,0.17671913865523728,0.2676283177231677,0.10260052174595755,2.6623487754499853,0.15100655572725033,,,,,,,,,,,,,,,2025-05-15,1559175626752.0,large_cap,0.2194111280781605,0.062536444305896,0.8166515705071702,0.4217603540404009,0.3790858414234564,0.3287031689776962,0.1777188521086454,0.5959015265129286,2025-05-15,641.8775024414062,45,0.09129064640293105,2025-06-16,0.22046673039496612,2025-08-15,-0.051420712229833465,2025-11-13,,
MMM,2025-03-31,,5954000000.0,2476000000.0,1246000000.0,1116000000.0,1930000000.0,285000000.0,945000000.0,-79000000.0,-236000000.0,-315000000.0,39951000000.0,14067000000.0,4464000000.0,6326000000.0,15657000000.0,9451000000.0,,,0.3307888642057002,,,,0.415854887470608,0.20927107826671146,0.18743701713134028,0.32415183070204906,-0.013268390997648639,-0.05290560967416862,0.03963721867651999,0.04786698018139066,0.1587168290225059,0.35210633025456184,3.151209677419355,0.15834397136492204,1.6566500899375727,0.14903256489199268,,,,,,,,,,,,,,,2025-05-15,76263563264.0,large_cap,-0.00142218610321,0.0578645384103788,0.4121261444557477,0.1962156663275686,0.1698067141403865,0.0259613428280773,0.3271796929868566,0.6164091501956457,2025-05-15,146.04861450195312,45,-0.019897106413014898,2025-06-16,0.029557197337663377,2025-08-15,0.1580464051289241,2025-11-13,,
MRK,2025-03-31,,15529000000.0,12110000000.0,5937000000.0,5079000000.0,7315000000.0,3621000000.0,2552000000.0,2500000000.0,-1328000000.0,1172000000.0,115122000000.0,34844000000.0,48335000000.0,8629000000.0,35503000000.0,25174000000.0,,,0.012764528048370805,,,,0.7798312834052418,0.3823169553738167,0.3270654903728508,0.47105415673900447,0.16098911713568162,0.07547169811320754,0.08551741902247408,0.23317663725932128,0.1643376907721038,0.3026702107329616,0.720885486707355,0.07495526484946405,1.4103042821959164,0.134891680130644,,,,,,,,,,,,,,,2025-05-15,275089031168.0,large_cap,0.0674207768443815,0.0533863993668584,0.7632308939035033,0.3151259194614138,0.2667528986410672,0.2820097244732577,0.3169009273649514,0.5479480129113794,2025-05-15,72.17801666259766,45,0.09318983307149065,2025-06-16,0.13707411550552684,2025-08-15,0.2672140433762764,2025-11-13,,
MRNA,2025-03-31,,107000000.0,17000000.0,-1050000000.0,-971000000.0,-924000000.0,856000000.0,212000000.0,-1037000000.0,-127000000.0,-1164000000.0,12704000000.0,745000000.0,10066000000.0,1623000000.0,6766000000.0,1604000000.0,,,0.048747504668684494,,,,0.1588785046728972,-9.813084112149532,-9.074766355140186,-8.63551401869159,-9.69158878504673,-10.878504672897197,1.1869158878504673,8.0,1.9813084112149533,0.058642947103274556,0.07401152394198292,0.12775503778337532,4.2182044887780545,0.008422544080604534,,,,,,,,,,,,,,,2025-05-15,19458398208.0,mid_cap,-0.5263547527391176,0.115817432691346,0.5423569865582994,-1.23319787433573,-1.1131603626133166,-1.267583619881213,0.0528213831141281,0.226205628623957,2025-05-15,23.649999618530273,45,0.09936576826108912,2025-06-16,0.184778051150978,2025-08-15,0.05539109881912929,2025-11-13,,
MS,2025-03-31,,16517000000.0,,,4315000000.0,,,7759000000.0,-23976000000.0,-713000000.0,-24689000000.0,1300296000000.0,327657000000.0,106812000000.0,60835000000.0,,,,,0.22080994827775946,,,,,,0.26124598898104984,,-1.451595326027729,-1.4947629714839257,0.04316764545619665,0.0,0.46975843070775564,0.25198647077280867,3.067604763509718,0.04678550114743105,,0.012702492355586728,,,,,,,,,,,,,,,2025-05-15,303643099136.0,large_cap,0.1372490970454141,0.1281473244901463,,,0.2323805557001787,-0.0364450460769511,0.2554756059522448,0.0474219202005479,2025-05-15,129.3870391845703,45,-0.012150054914736197,2025-06-16,0.09904771608827811,2025-08-15,0.2661366359773898,2025-11-13,,
MSFT,2025-03-31,,70066000000.0,48147000000.0,32000000000.0,25824000000.0,39705000000.0,8198000000.0,7949000000.0,37044000000.0,-16745000000.0,20299000000.0,562624000000.0,60567000000.0,321891000000.0,28828000000.0,156644000000.0,114206000000.0,,,0.16994611612278265,,,,0.6871663859789342,0.456712242742557,0.3685667798932435,0.5666799874404134,0.5287015100048525,0.2897125567322239,0.23898895327262867,0.11700396768760883,0.11345017554876831,0.10765093561597087,0.18815996719386377,0.0512384825389603,1.3715916852004273,0.12453432487771585,,,,,,,,,,,,,,,2025-05-15,3134205460480.0,large_cap,0.1566996201307127,0.0878793245741484,0.6976444382797138,0.4464429957327371,0.3595597294408498,0.3021801388696241,0.1310656958819751,0.4786015389631816,2025-05-15,450.512939453125,45,0.05740079802698861,2025-06-16,0.1479486273513102,2025-08-15,0.11252256406949335,2025-11-13,,
NEE,2025-03-31,,6247000000.0,3909000000.0,2220000000.0,833000000.0,2893000000.0,,,2769000000.0,-2501000000.0,268000000.0,194264000000.0,89678000000.0,49812000000.0,2419000000.0,12648000000.0,22861000000.0,,,0.058682888873169636,,,,0.6257403553705779,0.35537057787738113,0.13334400512245878,0.4631022890987674,0.44325276132543623,0.04290059228429646,0.40035216904113974,0.0,0.0,0.4616295350656838,1.8003292379346343,0.012452127002429684,0.5532566379423473,0.03215727051846971,,,,,,,,,,,,,,,2025-05-15,194687483904.0,large_cap,-0.1195489791562922,-0.4611217983966054,0.60061406698178,0.2879246959964449,0.2806124510160384,0.191734335232093,0.4330034079434534,0.1301802844160215,2025-05-15,72.39692687988281,45,-0.002320846519362485,2025-06-16,0.019720714369267922,2025-08-15,0.14452499206994052,2025-11-13,,
NEM,2025-03-31,,5010000000.0,2311000000.0,2016000000.0,1891000000.0,3143000000.0,43000000.0,110000000.0,2031000000.0,-826000000.0,1205000000.0,55519000000.0,7986000000.0,31248000000.0,4698000000.0,10740000000.0,5426000000.0,,,0.07267488394429322,,,,0.4612774451097804,0.4023952095808383,0.3774451097804391,0.6273453093812376,0.4053892215568862,0.2405189620758483,0.16487025948103792,0.008582834331337325,0.021956087824351298,0.14384264846268846,0.255568356374808,0.08461967974927502,1.979358643568006,0.09023937751040184,,,,,,,,,,,,,,,2025-05-15,116427300864.0,large_cap,0.5816119200812733,0.5902564857547941,0.3823466438282839,0.3163472861577989,0.1792099346964993,0.1584948078364201,0.159221991517152,0.3315409324034144,2025-05-15,49.200462341308594,45,0.17159099138243183,2025-06-16,0.39756385797488303,2025-08-15,0.8146034233019679,2025-11-13,,
NET,2025-03-31,,479087000.0,363511000.0,-53247000.0,-38454000.0,6891000.0,115089000.0,301669000.0,145784000.0,-92917000.0,52867000.0,3721259000.0,1475894000.0,1425878000.0,204459000.0,2624291000.0,821009000.0,459946000.0,,,0.04161575489296565,,,0.7587578039061799,-0.1111426525871084,-0.08026517104409012,0.014383608822614682,0.3042954619933331,0.11034947723482373,0.1939459847585094,0.24022567926076058,0.6296747772325277,0.396611469397857,1.0350773348070452,0.054943501648232494,3.1964217201029466,0.12874325597868894,-0.00494054329109983,-0.03565770435405495,-0.05233145708636465,-0.043988460942096824,0.02750644763077753,0.00652424557719436,0.02098220205358317,-0.021137611212468904,0.05185477227542412,-0.046630334548753316,-0.36351911080904586,0.010204406747709588,0.3374970501586132,-0.01058525925322032,2025-05-15,69830787072.0,large_cap,0.287551523237028,-0.0421146823470275,0.773181538859601,-0.0926920160562904,-0.0471961984300675,0.0999714906212529,0.4432418039466103,0.5057691806703215,2025-05-15,152.8000030517578,45,0.17323298882223814,2025-06-16,0.3148560186484768,2025-08-15,0.3975130171548531,2025-11-13,,
NFLX,2025-03-31,,10542801000.0,5279654000.0,3346999000.0,2890351000.0,7301077000.0,822823000.0,1109832000.0,2789199000.0,-128277000.0,2660922000.0,52087644000.0,15016918000.0,,7199848000.0,11697632000.0,9718519000.0,,,0.33604162227739787,,,,0.5007828564723928,0.31746772039043514,0.2741539938010781,0.6925177663886476,0.2645595795652408,0.25239231965015746,0.012167259915083288,0.07804595761600736,0.10526917846595037,0.2883009644283393,,0.13822564138243612,1.2036434769536388,0.20240502718840575,,,,,,,,,,,,,,,2025-05-15,366423670784.0,large_cap,0.156499199944774,0.0898311521012287,0.4605655665041732,0.2671116915411787,0.2233696211524606,0.1774783219472051,0.2905593013392,0.7272178635189082,2025-05-15,117.7979965209961,45,0.04021296864984425,2025-06-16,0.051758096929803044,2025-08-15,-0.020161633220788122,2025-11-13,,
NOC,2025-03-31,,9468000000.0,1580000000.0,573000000.0,481000000.0,1071000000.0,,1007000000.0,-1565000000.0,-256000000.0,-1821000000.0,48468000000.0,16021000000.0,14984000000.0,1685000000.0,13267000000.0,13969000000.0,,,0.000887390185464465,,,,0.16687790452049006,0.06051964512040558,0.05080270384452894,0.11311787072243346,-0.16529362061681455,-0.19233206590621038,0.02703844528939586,0.0,0.10635825940008449,0.33054799042667327,1.0692071542979178,0.034765205909053395,0.9497458658458015,0.19534538252042585,,,,,,,,,,,,,,,2025-05-15,76796076032.0,large_cap,0.0443624331891066,-0.0290761767229201,0.2037871956717764,0.1064996466258864,0.1017230034362586,0.0638754173470133,0.3340829433335359,0.8313174902246804,2025-05-15,461.63177490234375,45,0.06577572842811574,2025-06-16,0.250945510436809,2025-08-15,0.20003278959459236,2025-11-13,,
NOW,2025-03-31,,3088000000.0,2437000000.0,451000000.0,460000000.0,721000000.0,703000000.0,1283000000.0,1677000000.0,-239000000.0,1438000000.0,20972000000.0,2399000000.0,10139000000.0,3369000000.0,9270000000.0,8258000000.0,,,0.04362061681453322,,,,0.7891839378238342,0.14604922279792745,0.1489637305699482,0.23348445595854922,0.5430699481865285,0.46567357512953367,0.07739637305699482,0.22765544041450778,0.41547927461139894,0.11439061605950791,0.2366111056317191,0.16064276177760825,1.1225478324049407,0.14724394430669463,,,,,,,,,,,,,,,2025-05-15,98046451712.0,large_cap,0.2243897001449113,-0.0138435641753094,0.791788055353241,0.1241806263656227,0.129734158776402,0.3072651128914785,0.1117597998331943,0.5388804395820046,2025-05-15,207.03599548339844,45,-0.029028742044606703,2025-06-16,-0.16223264634780266,2025-08-15,-0.17918619347684472,2025-11-13,,
NSC,2025-03-31,,2993000000.0,1066000000.0,1027000000.0,750000000.0,1523000000.0,,,950000000.0,-449000000.0,501000000.0,43800000000.0,17215000000.0,14511000000.0,1006000000.0,2701000000.0,3450000000.0,,,0.22085492227979264,,,,0.3561643835616438,0.34313397928499834,0.25058469762779817,0.5088539926495156,0.3174072836618777,0.1673905780153692,0.1500167056465085,0.0,0.0,0.3930365296803653,1.1863413961822067,0.022968036529680366,0.7828985507246377,0.06833333333333333,,,,,,,,,,,,,,,2025-05-15,70960480256.0,large_cap,-0.0027147087857848,0.0434994928619201,0.3747422255217355,0.4022931617586406,0.2162830982430091,0.1378371690175699,0.4001190421683989,0.2775285014422416,2025-05-15,239.4653778076172,45,0.03370105641132892,2025-06-16,0.1566149596112505,2025-08-15,0.17372639030055748,2025-11-13,,
NXPI,2025-03-31,,2835000000.0,1560000000.0,705000000.0,490000000.0,946000000.0,547000000.0,281000000.0,565000000.0,-164000000.0,401000000.0,25180000000.0,11725000000.0,9322000000.0,3713000000.0,8025000000.0,3849000000.0,,,0.7321451272533117,,,,0.5502645502645502,0.24867724867724866,0.1728395061728395,0.33368606701940035,0.19929453262786595,0.14144620811287478,0.05784832451499118,0.19294532627865962,0.09911816578483246,0.46564733915806195,1.2577773010083673,0.14745830023828435,2.0849571317225255,0.11258935663224781,,,,,,,,,,,,,,,2025-05-15,73595314176.0,large_cap,-0.0498644169930702,-0.0552411682236646,0.5643729189789123,0.2752497225305216,0.1989852544791501,0.1511019502140478,0.4451096985851958,0.5172852163215091,2025-05-15,206.7881317138672,45,0.0322688044561763,2025-06-16,0.09071605091680857,2025-08-15,-0.03625498604751587,2025-11-13,,
O,2025-03-31,,1380505000.0,1273824000.0,620845000.0,249815000.0,1139085000.0,,44044000.0,787516000.0,,787516000.0,69757696000.0,27541294000.0,39031261000.0,319007000.0,4231481000.0,2925120000.0,1340299000.0,,,0.029997784076538192,,,0.922723206362889,0.44972310857258757,0.18095914176334021,0.825121966236993,0.5704550146504359,0.5704550146504359,,0.0,0.03190426691681667,0.39481369912217285,0.7056214248368763,0.004573072482210422,1.4466008232140903,0.01979000281201948,-0.005420439196795912,0.01086207830993724,0.03202819426580422,0.011355784213429532,-0.15472869435777792,-0.15472869435777792,,0.0,-0.00473979534093328,0.0060997477870105565,0.016727717410410792,-0.0018911063206809367,-0.2291948500312091,0.0003188291267688624,2025-05-15,56993943552.0,large_cap,0.2922655174941462,0.0723545869956925,0.9283504409480906,0.4403083809922024,0.1632989587455621,0.6778940882260429,0.3887139513351623,0.0765764366022949,2025-05-15,52.451595306396484,45,0.04086576521336083,2025-06-16,0.07074182732332535,2025-08-15,0.05044338234155066,2025-11-13,,
OPEN,2025-03-31,,1153000000.0,99000000.0,-53000000.0,-85000000.0,-41000000.0,21000000.0,131000000.0,-279000000.0,-4000000.0,-283000000.0,3277000000.0,2526000000.0,645000000.0,559000000.0,3152000000.0,1053000000.0,,,0.27496625752910364,,,,0.08586296617519515,-0.04596704249783174,-0.07372072853425846,-0.03555941023417172,-0.2419774501300954,-0.24544666088464875,0.003469210754553339,0.01821335646140503,0.11361665221162186,0.7708269758925846,3.916279069767442,0.17058285016783645,2.99335232668566,0.3518462007934086,,,,,,,,,,,,,,,2025-05-15,4225546496.0,low_cap,-0.2581341779441405,0.295665526558975,0.0840287211333204,-0.0588006986221618,-0.0760721909567242,-0.1203182612070638,0.7412028150991683,1.648432501599488,2025-05-15,0.7310000061988831,45,-0.23939809909292498,2025-06-16,3.336525375393067,2025-08-15,10.709986794839754,2025-11-13,,
ORLY,2025-03-31,,4136924000.0,2121485000.0,741466000.0,538485000.0,864139000.0,,1380019000.0,755120000.0,-286951000.0,468169000.0,15293875000.0,8103819000.0,-1357456000.0,191248000.0,6029467000.0,8510506000.0,4095601000.0,,,0.010089605896668186,,,0.512817010899886,0.17923123557503112,0.1301655529567379,0.20888442717342645,0.1825317554782249,0.11316838307882862,0.06936337239939627,0.0,0.3335857753248549,0.5298734951083358,5.969857586544242,0.012504875317733406,0.708473385718781,0.2704954761301501,-0.0001802268681485586,-0.0011208055539753403,-0.004400778089670182,-0.0018704779064385169,0.030054255838977806,0.03161356365183854,-0.001559307812860733,0.0,0.0009405786858268095,-0.0019505778361312842,0.19226799792720595,0.003759926684612957,0.003470491412566501,-0.0044925876477818205,2025-05-15,73332998144.0,large_cap,0.0566794099511454,-0.0406421462610593,0.5119849029944616,0.1945812661942478,0.1428424454434183,0.1212671123445766,0.5318240729444671,1.1218456800074608,2025-05-15,91.34200286865234,45,-0.03527402532111623,2025-06-16,0.1116463152394358,2025-08-15,0.07672259623588595,2025-11-13,,
PEP,2025-03-31,,17919000000.0,9993000000.0,2583000000.0,1834000000.0,3435000000.0,,7410000000.0,-973000000.0,-603000000.0,-1576000000.0,101737000000.0,48518000000.0,18389000000.0,8268000000.0,26288000000.0,31511000000.0,,,0.1356344684005042,,,,0.5576762096099113,0.14414866901054746,0.10234946146548357,0.19169596517662815,-0.05429990512863441,-0.0879513365701211,0.03365143144148669,0.0,0.4135275405993638,0.47689631107659947,2.638425145467399,0.08126836844019383,0.834248357716353,0.1761306112820311,,,,,,,,,,,,,,,2025-05-15,203838226432.0,large_cap,0.0041871194148965,-0.0546030463411919,0.5455396607659982,0.1406580007403052,0.1042741742330219,0.0782655083066605,0.4518885660570843,0.9234620527411102,2025-05-15,126.43538665771484,45,0.010280628227895106,2025-06-16,0.15627596413474443,2025-08-15,0.12582087321377156,2025-11-13,,
PFE,2025-03-31,,13715000000.0,10870000000.0,4416000000.0,2967000000.0,5057000000.0,2212000000.0,3031000000.0,2335000000.0,-564000000.0,1771000000.0,208028000000.0,61291000000.0,90338000000.0,1430000000.0,45861000000.0,36452000000.0,,,0.08504938891679226,,,,0.7925628873496172,0.3219832300401021,0.21633248268319358,0.3687203791469194,0.17025154939846884,0.12912869121399928,0.041122858184469556,0.16128326649653663,0.22099890630696317,0.2946286076874267,0.6784631052270362,0.006874074643797951,1.258120267749369,0.06592862499278944,,,,,,,,,,,,,,,2025-05-15,144366927872.0,large_cap,0.0683917117238137,0.4797680398681182,0.719443003756267,0.233077152781052,0.1262200009429959,0.154572744275229,0.2982670715477328,0.2981639768318057,2025-05-15,21.12384033203125,45,0.07964604167088041,2025-06-16,0.13158385173927245,2025-08-15,0.18128192783442598,2025-11-13,,
PG,2025-03-31,,19776000000.0,10082000000.0,4558000000.0,3769000000.0,5568000000.0,,5524000000.0,3705000000.0,-859000000.0,2846000000.0,122984000000.0,34141000000.0,52272000000.0,9116000000.0,24435000000.0,34248000000.0,,,0.05359095880422893,,,,0.5098098705501618,0.23048139158576053,0.19058454692556634,0.2815533980582524,0.1873483009708738,0.14391181229773461,0.04343648867313916,0.0,0.27932847896440127,0.2776052169387888,0.6531412610958065,0.07412346321472713,0.7134723195515067,0.1608014050608209,,,,,,,,,,,,,,,2025-05-15,329659777024.0,large_cap,0.0247908689608078,0.0021063939212129,0.5139399564487916,0.2366282321303204,0.1770487511750496,0.1966229964659265,0.2726893846531013,0.6867614611424369,2025-05-15,157.86863708496094,45,-0.009420477071555355,2025-06-16,-0.04306626694035487,2025-08-15,-0.07632785328625458,2025-11-13,,
PGR,2025-03-31,,20402000000.0,,,2567000000.0,,,,5143000000.0,-59000000.0,5084000000.0,111409000000.0,6894000000.0,28954000000.0,195000000.0,,,,,0.07377629449838197,,,,,,0.1258209979413783,,0.2520831291049897,0.24919125575923928,0.0028918733457504167,0.0,0.0,0.06188009945336553,0.23810181667472544,0.001750307425791453,,0.1831270364153704,,,,,,,,,,,,,,,2025-05-15,116709515264.0,large_cap,0.2135850393827618,-0.0384164932770079,,,0.1125519291772294,0.1968862402612054,0.0651851151354674,0.7124970447775308,2025-05-15,264.0126647949219,45,-0.05235652022438131,2025-06-16,-0.12059084051897273,2025-08-15,-0.2056653743939979,2025-11-13,,
PH,2025-03-31,,4960000000.0,1830000000.0,1037000000.0,961000000.0,1313000000.0,,793000000.0,630000000.0,-88000000.0,542000000.0,28917808000.0,9372913000.0,13390974000.0,408735000.0,6777140000.0,5614466000.0,,,0.08714831879227525,,,,0.3689516129032258,0.2090725806451613,0.19375,0.26471774193548386,0.12701612903225806,0.10927419354838709,0.017741935483870968,0.0,0.15987903225806452,0.3241225268526577,0.6999425881941075,0.014134370073969645,1.2070854111504103,0.1715206076477166,,,,,,,,,,,,,,,2025-05-15,108777250816.0,large_cap,0.045371098872279,-0.1565877441403587,0.3576517812343201,0.1913196186653286,0.1426994480682388,0.1497240341194179,0.3604341593282817,0.6802512116868046,2025-05-15,666.8446044921875,45,-0.016056078294044207,2025-06-16,0.08521651295098054,2025-08-15,0.2573822611921268,2025-11-13,,
PLD,2025-03-31,,2139665000.0,1590571000.0,814163000.0,592953000.0,1566961000.0,,114701000.0,1160753000.0,,1160753000.0,95993391000.0,32262055000.0,53467210000.0,671117000.0,1216659000.0,2152498000.0,,,0.10604838709677411,,,,0.7433738459057844,0.38050956574977857,0.27712422271710757,0.7323394082718556,0.54249286687402,0.54249286687402,,0.0,0.0536069898792568,0.33608621035171055,0.6033988869065732,0.0069912833894991795,0.565231187206678,0.022289711590665652,,,,,,,,,,,,,,,2025-05-15,131021455360.0,large_cap,0.0222024912167044,-0.3209315371195405,0.7491662002948202,0.3777357128661324,0.4549881059938231,0.5989322828078877,0.3303779339381719,0.0860348669258346,2025-05-15,105.56266784667969,45,-0.022063613781420077,2025-06-16,-0.014854683076629516,2025-08-15,0.15627526414195692,2025-11-13,,
PNC,2025-03-31,,5447000000.0,,,1481000000.0,,,1975000000.0,-509000000.0,,-509000000.0,554722000000.0,60722000000.0,56405000000.0,38400000000.0,,,,,0.07387044233559936,,,,,,0.27189278501927666,,-0.09344593354139893,-0.09344593354139893,,0.0,0.3625849091242886,0.1094638395448531,1.0765357681056644,0.06922386348477255,,0.009819332927123857,,,,,,,,,,,,,,,2025-05-15,85469020160.0,large_cap,-0.032544516249012,-0.0512524825273107,,,0.2830025469748666,0.3786823009274833,0.1101228845185505,0.0371564072437941,2025-05-15,173.61973571777344,45,-0.024072310001552966,2025-06-16,0.07506734504312274,2025-08-15,0.043640537115114286,2025-11-13,,
PYPL,2025-03-31,,7791000000.0,3716000000.0,1596000000.0,1287000000.0,1951000000.0,731000000.0,991000000.0,1160000000.0,-196000000.0,964000000.0,81274000000.0,11417000000.0,20254000000.0,7449000000.0,60611000000.0,46622000000.0,,,0.1303469799889847,,,,0.4769605955589783,0.20485175202156333,0.16519060454370427,0.25041714799127196,0.1488897445770761,0.1237325118726736,0.025157232704402517,0.09382620972917469,0.12719804903093312,0.14047542879641706,0.5636911227411869,0.09165292713536924,1.3000514778430783,0.09586091492974383,,,,,,,,,,,,,,,2025-05-15,39174303744.0,mid_cap,0.0680528030633838,-0.0138208796170435,0.4609868855552411,0.1812435135390131,0.1304211089096455,0.2128188193854766,0.1254874563353445,0.4038996506827564,2025-05-15,71.18939208984375,45,0.009640833459794385,2025-06-16,-0.032695326599603725,2025-08-15,-0.08718739470509707,2025-11-13,,
QCOM,2025-03-31,,10979000000.0,6042000000.0,3120000000.0,2812000000.0,3665000000.0,2216000000.0,706000000.0,2554000000.0,-214000000.0,2340000000.0,55372000000.0,14623000000.0,27728000000.0,7203000000.0,26080000000.0,9544000000.0,,,0.07213451418303163,,,,0.5503233445669005,0.28417888696602606,0.25612533017579014,0.33381910920848895,0.232625922215138,0.21313416522451953,0.019491756990618454,0.20183987612715185,0.06430458147372256,0.2640865419345518,0.5273730525100981,0.13008379686484142,2.732606873428332,0.19827710756338943,,,,,,,,,,,,,,,2025-05-15,212370472960.0,large_cap,0.087716359575656,0.2773091197566515,0.5621374672758072,0.2631538422052256,0.2603049124788255,0.2864586006878497,0.2653298038220256,0.7064220183486238,2025-05-15,149.11611938476562,45,0.03408901369295014,2025-06-16,0.040549097393351996,2025-08-15,0.1568523999142899,2025-11-13,,
REGN,2025-03-31,,3028700000.0,2564400000.0,591700000.0,808700000.0,1040600000.0,1339700000.0,633000000.0,1045100000.0,-271500000.0,773600000.0,37545200000.0,2704800000.0,29387600000.0,3090200000.0,17571700000.0,3566600000.0,,,-0.0346115311048365,,,,0.8466999042493479,0.19536434773995442,0.26701224947997493,0.34357975368970184,0.3450655396704857,0.255423118829861,0.0896424208406247,0.4423349952124674,0.20900056129692607,0.07204116638078903,0.09203881909376745,0.0823061270149047,4.926736948354175,0.08066810138180114,,,,,,,,,,,,,,,2025-05-15,73203851264.0,large_cap,0.0827005763425121,0.005126621081235,0.8612519363469934,0.2809956344176876,0.3107027179270525,0.2491832136318828,0.0716219007717283,0.3761182645910687,2025-05-15,581.8112182617188,45,-0.10519465464870059,2025-06-16,-0.006363563406677986,2025-08-15,0.19159917313539787,2025-11-13,,
RTX,2025-03-31,,20306000000.0,4116000000.0,2035000000.0,1535000000.0,3512000000.0,637000000.0,1448000000.0,1305000000.0,-617000000.0,688000000.0,164864000000.0,42946000000.0,61516000000.0,5157000000.0,52916000000.0,52624000000.0,,,0.12232355746405066,,,,0.20269870974096327,0.10021668472372698,0.0755934206638432,0.17295380675662367,0.06426671919629666,0.03388161134640008,0.03038510784989658,0.03137003841229193,0.07130897271742342,0.26049349767080743,0.6981273164705117,0.03128032802795031,1.00554879902706,0.12316818711180125,,,,,,,,,,,,,,,2025-05-15,230525255680.0,large_cap,0.1714741729541498,0.1439523314060089,0.1908642770442666,0.0809779781515519,0.0591295300849661,0.048589264039238,0.2633718324215128,0.4957479077249925,2025-05-15,133.2703094482422,45,0.0862353722571425,2025-06-16,0.14785717385258512,2025-08-15,0.2958740682823213,2025-11-13,,
RUN,2025-03-31,,504271000.0,98844000.0,-114888000.0,50011000.0,9603000.0,9979000.0,203753000.0,-104206000.0,-655021000.0,-759227000.0,20377855000.0,13672616000.0,2615402000.0,604874000.0,1667213000.0,1261981000.0,,,0.08716635477198853,,,,0.1960136513898281,-0.22782987718905112,0.09917484844458635,0.019043331859258217,-0.20664682283930663,-1.505593222691767,1.2989463998524602,0.019788962680780772,0.40405456589809846,0.6709546220640004,5.22773019214637,0.029682908235434985,1.3211078455222385,0.024746029452069416,,,,,,,,,,,,,,,2025-05-15,3337304320.0,low_cap,-0.0982798134181899,-0.0717404767529907,0.161236166517562,-0.281215908572281,-1.3967416508360573,-1.701499078135896,0.6544645651768801,0.1024088289991036,2025-05-15,12.850000381469727,45,-0.24980544302363883,2025-06-16,0.08326845626924695,2025-08-15,0.468482511988465,2025-11-13,,
SBUX,2025-03-31,,8761600000.0,1848000000.0,658100000.0,384200000.0,1064700000.0,,632300000.0,292000000.0,-589200000.0,-297200000.0,31633100000.0,26009500000.0,-7622500000.0,2671400000.0,6713700000.0,10429300000.0,,,0.20234035854754095,,,,0.21092037983929876,0.07511185171658144,0.04385043827611395,0.12151890065741418,0.033327246165084,-0.033920745069393715,0.06724799123447772,0.0,0.07216718407596787,0.82222418921952,3.4122007215480483,0.08444951648747673,0.6437344788240822,0.2769756995046328,,,,,,,,,,,,,,,2025-05-15,121737052160.0,large_cap,0.0055760015121359,-0.1099361022512399,0.268383633438559,0.1411867470878643,0.1039606149899657,0.0917205234380614,0.82334640531218,1.154339758705523,2025-05-15,84.42214965820312,45,0.07882277879295607,2025-06-16,0.052484596100631054,2025-08-15,0.004158646155848267,2025-11-13,,
SCHW,2025-03-31,,5599000000.0,,,1909000000.0,,,1768000000.0,6359000000.0,-117000000.0,6242000000.0,462903000000.0,39880000000.0,49511000000.0,35009000000.0,,,5329000000.0,,,0.05066616626008624,,,,,0.34095374173959636,,1.1357385247365601,1.1148419360600108,0.020896588676549383,0.0,0.315770673334524,0.08615195840165218,0.8054775706408677,0.07562923549858178,,0.012095406597062451,,,-0.004326798699510415,,3.1674517917660214,3.1942189298674792,-0.026767138101457744,0.0,0.009146541227186833,-0.00790797370113977,-0.12752501333846045,-0.012072366900536272,,0.000989690769177081,2025-05-15,158052630528.0,large_cap,0.0408239103891276,0.1335413749879139,,,0.3030704886259308,0.1045598286238906,0.0940599321027919,0.040859197695913,2025-05-15,87.0063247680664,45,0.009760530714717941,2025-06-16,0.09387243685227742,2025-08-15,0.08533629110180008,2025-11-13,,
SEDG,2025-03-31,,219480000.0,17536000.0,-102726000.0,-98523000.0,-90725000.0,61997000.0,61840000.0,33823000.0,-10109000.0,23714000.0,2525173000.0,758075000.0,594213000.0,401364000.0,1989683000.0,974426000.0,,,0.18896603490335906,,,,0.07989794058684163,-0.46804264625478403,-0.4488928376161837,-0.41336340441042463,0.15410515764534355,0.1080462912338254,0.046058866411518136,0.2824722070348096,0.28175687989794057,0.30020715412369764,1.2757630681254029,0.1589451495006481,2.0419026175409933,0.08691681718440677,,,,,,,,,,,,,,,2025-05-15,3756131840.0,low_cap,-0.6971451301650782,-0.6541422355694486,-0.9730968566408122,-1.6360709785058838,-2.0038215952858485,-0.478650094957491,0.286307370658009,0.3406280028400277,2025-05-15,20.84000015258789,45,0.15067175463808802,2025-06-16,0.44241838991587357,2025-08-15,0.7476006670960946,2025-11-13,,
SHAK,2025-03-31,,320898000.0,148193000.0,8117000.0,4245000.0,32962000.0,,65271000.0,31222000.0,-29352000.0,1870000.0,1727464000.0,824113000.0,473316000.0,312921000.0,364603000.0,190632000.0,,,0.4147120466557317,,,,0.4618071786050396,0.02529464191113687,0.013228502514817792,0.10271799761918117,0.0972957139028601,0.005827396867540464,0.09146831703531963,0.0,0.20340108071723725,0.4770652239352021,1.7411475631501998,0.18114473007831133,1.9126012421838936,0.18576248188095382,,,,,,,,,,,,,,,2025-05-15,2584431616.0,low_cap,0.151788497452491,-0.0559293349180289,0.4581784564684242,0.0406775304005722,0.0081485987635397,0.0284654097690578,0.4770989015133435,0.7381434332112924,2025-05-15,117.08999633789062,45,0.0864292686232424,2025-06-16,-0.0866000487384686,2025-08-15,-0.22931078071468314,2025-11-13,,
SHOP,2025-03-31,,2360000000.0,1169000000.0,278000000.0,-682000000.0,286000000.0,377000000.0,514000000.0,367000000.0,-4000000.0,363000000.0,13400000000.0,1138000000.0,11051000000.0,1309000000.0,7445000000.0,2009000000.0,,,0.1428460133749665,,,,0.49533898305084745,0.11779661016949153,-0.2889830508474576,0.1211864406779661,0.15550847457627118,0.1538135593220339,0.001694915254237288,0.15974576271186441,0.21779661016949153,0.08492537313432835,0.10297710614424034,0.0976865671641791,3.705823792931807,0.1761194029850746,,,,,,,,,,,,,,,2025-05-15,130128805888.0,large_cap,0.2577903682719547,-0.002923917442331,0.5036036036036036,0.1466216216216216,0.2273648648648648,0.1798423423423423,0.0808675667911519,0.6377477736282677,2025-05-15,110.20999908447266,45,-0.016695366601721218,2025-06-16,0.28364034475919575,2025-08-15,0.3278286684833869,2025-11-13,,
SHW,2025-03-31,,5305700000.0,2559100000.0,754300000.0,503900000.0,917700000.0,,1801700000.0,-61100000.0,-189300000.0,-250400000.0,24636100000.0,12819900000.0,4130100000.0,199800000.0,6039700000.0,7876700000.0,,,0.3432203389830508,,,,0.4823303239911793,0.1421678572101702,0.09497333056901068,0.1729649245151441,-0.011515916844148745,-0.04719452664115951,0.03567860979701076,0.0,0.33957818949431745,0.5203705131899935,3.104016851892206,0.008110049886142693,0.7667805045260071,0.2153628212257622,,,,,,,,,,,,,,,2025-05-15,74015350784.0,large_cap,0.0020215253406443,-0.0387479936873886,0.4846678355737385,0.1628633893975799,0.1160854600948113,0.0901876745243197,0.5041044997164933,0.9773998629012466,2025-05-15,358.2493896484375,45,-0.06904012193081654,2025-06-16,0.012558015441707981,2025-08-15,-0.05846556077987475,2025-11-13,,
SLB,2025-03-31,,8490000000.0,1606000000.0,1338000000.0,797000000.0,1850000000.0,172000000.0,96000000.0,660000000.0,-449000000.0,211000000.0,49002000000.0,14002000000.0,19515000000.0,2936000000.0,18595000000.0,15036000000.0,,,0.06807772772678433,,,,0.18916372202591283,0.1575971731448763,0.09387514723203769,0.21790341578327443,0.07773851590106007,0.0248527679623086,0.05288574793875147,0.020259128386336867,0.011307420494699646,0.28574343904330435,0.7174993594670767,0.05991592179911024,1.2366985900505454,0.17325823435778132,,,,,,,,,,,,,,,2025-05-15,82796298240.0,large_cap,0.0951863588350687,-0.0843729306170688,0.2055719363994599,0.1743227975419548,0.1229298134420898,0.1232604921601587,0.2467354654133033,0.7415755594155512,2025-05-15,34.6605110168457,45,0.013789608129829878,2025-06-16,-0.06864603906320077,2025-08-15,0.03328521925656314,2025-11-13,,
SO,2025-03-31,,7775000000.0,3741000000.0,2010000000.0,1334000000.0,3675000000.0,,,1250000000.0,-2437000000.0,-1187000000.0,148109000000.0,70120000000.0,33839000000.0,2327000000.0,11817000000.0,13770000000.0,,,0.6551729350690401,,,,0.4811575562700965,0.2585209003215434,0.17157556270096463,0.47266881028938906,0.1607717041800643,-0.15266881028938906,0.31344051446945337,0.0,0.0,0.47343510522655613,2.0721652531103163,0.015711401737909244,0.8581699346405228,0.052495121835945145,,,,,,,,,,,,,,,2025-05-15,104331722752.0,large_cap,0.0582505048905079,0.1957552010891486,0.5000374195479719,0.26448136506511,0.164683430624158,0.0311704834605597,0.4565160490425679,0.1840749414519906,2025-05-15,84.60342407226562,45,0.026415303621381003,2025-06-16,0.08561818139188437,2025-08-15,0.060493058974816716,2025-11-13,,
SRE,2025-03-31,,3802000000.0,1795000000.0,959000000.0,917000000.0,1724000000.0,,,1482000000.0,-2336000000.0,-854000000.0,99010000000.0,37730000000.0,31663000000.0,1739000000.0,5665000000.0,9934000000.0,3758000000.0,,,0.011708355508249113,,,0.47211993687532877,0.25223566543924253,0.24118884797475013,0.45344555497106787,0.38979484481851656,-0.22461862177801156,0.6144134665965282,0.0,0.0,0.3810726189273811,1.1916116602975082,0.017563882436117565,0.5702637406885444,0.0384001615998384,-0.020163192448779788,-0.0261038768704967,0.06130593152983263,0.020236401165852347,0.026569725073971595,0.06409878109585754,-0.03752905602188583,0.0,0.0,0.00825789270409577,0.04418191828355256,0.0012880777457738475,0.024066965161467002,-0.0006825694073895119,2025-05-15,59113189376.0,large_cap,-0.2114234449760765,-0.3693983739877811,0.4620401971937808,0.224649222601441,0.2170648464163822,-0.2508911642017444,0.3728147262232853,0.1371223545317456,2025-05-15,74.2066879272461,45,-0.03517728364365136,2025-06-16,0.07145877634924025,2025-08-15,0.2252041578714632,2025-11-13,,
SYK,2025-03-31,,5866000000.0,3744000000.0,872000000.0,654000000.0,1144000000.0,405000000.0,2300000000.0,250000000.0,-123000000.0,127000000.0,46006000000.0,16781000000.0,20930000000.0,2320000000.0,13022000000.0,7929000000.0,6436000000.0,,,-0.0885643256681169,,,0.638254347084896,0.14865325605182408,0.11148994203886806,0.19502216160927377,0.04261847937265598,0.02165018752130924,0.020968291851346743,0.0690419365837027,0.39209001022843504,0.3647567708559753,0.8017677974199713,0.05042820501673695,1.6423256400554924,0.12750510802938747,-0.010285118421629713,-0.09342256744102861,0.026654640609408767,-0.08807292850881199,-0.2574125958293328,-0.23705086903555836,-0.020361726793774453,0.013417325023727555,0.06548963732601115,0.048334067172095485,0.14280685916272595,-0.034559344726112884,-0.3071228893562723,-0.022270321911735613,2025-05-15,117599756288.0,large_cap,0.1023026636745048,-0.0087602665656165,0.6390794423545032,0.2065058641292321,0.132462934277495,0.1543261783580438,0.3164227036838798,0.5258197388936725,2025-05-15,388.4526672363281,45,-0.03844976324194149,2025-06-16,-0.02415369786524546,2025-08-15,-0.043675307768192395,2025-11-13,,
TEAM,2025-03-31,,1356716000.0,1137041000.0,-12456000.0,-70807000.0,23628000.0,685320000.0,460505000.0,652681000.0,-14366000.0,638315000.0,5883716000.0,1230600000.0,1368922000.0,2660859000.0,3775215000.0,2990883000.0,,,0.11420136730888752,,,,0.8380832834579971,-0.009180992927038525,-0.05218999407392557,0.01741558292229177,0.4810741525860976,0.47048534844433176,0.010588804141765853,0.5051315087313778,0.33942623216649614,0.20915353494288302,0.8989555285107552,0.452241236660641,1.2622409502478031,0.23058828808188567,,,,,,,,,,,,,,,2025-05-15,22194536448.0,mid_cap,0.2331084263860012,-0.0279674947551669,0.8156530888452103,-0.0268611295867047,-0.0689484681215518,0.3246560882007377,0.2396980276596932,0.8362417075696265,2025-05-15,220.8800048828125,45,-0.09308220347741214,2025-06-16,-0.24393337419291727,2025-08-15,-0.31161716909401704,2025-11-13,,
TMO,2025-03-31,,10364000000.0,4235000000.0,1815000000.0,1507000000.0,2628000000.0,342000000.0,2078000000.0,723000000.0,-362000000.0,361000000.0,99041000000.0,34189000000.0,49390000000.0,4134000000.0,23378000000.0,13174000000.0,,,0.0851987767584097,,,,0.4086260131223466,0.1751254341952914,0.14540717869548436,0.2535700501736781,0.06976071015052103,0.034832111153994594,0.034928598996526436,0.03299884214588962,0.20050173678116556,0.3452004725315778,0.6922251467908483,0.04174028937510728,1.7745559435251252,0.10464353146676629,,,,,,,,,,,,,,,2025-05-15,162896560128.0,large_cap,0.0005133350444501,0.0463332170437822,0.4128361202453415,0.1799715478439329,0.1477413185941836,0.169476900114275,0.3213592133249761,0.4405934998612837,2025-05-15,403.4454650878906,45,0.001407099688572666,2025-06-16,0.2088924282802378,2025-08-15,0.435439562829361,2025-11-13,,
TRV,2025-03-31,,11810000000.0,,,395000000.0,,,1459000000.0,1360000000.0,,1360000000.0,135977000000.0,8033000000.0,28191000000.0,724000000.0,,,,,0.061848707062910124,,,,,,0.03344623200677392,,0.11515664690939881,0.11515664690939881,,0.0,0.1235393734123624,0.05907616729299808,0.2849490972296123,0.0053244298668157115,,0.08685292365620656,,,,,,,,,,,,,,,2025-05-15,63742373888.0,large_cap,0.1221811326227249,0.0008400658404179,,,0.1076720944257775,0.19544240544499,0.0603127885936526,0.3485873458018305,2025-05-15,266.6724853515625,45,-0.01722538555448394,2025-06-16,-0.015557445569653883,2025-08-15,0.06965969675649464,2025-11-13,,
TSLA,2025-03-31,,19335000000.0,3153000000.0,493000000.0,409000000.0,2127000000.0,1409000000.0,1251000000.0,2156000000.0,-1492000000.0,664000000.0,125111000000.0,13128000000.0,74653000000.0,16352000000.0,59389000000.0,29753000000.0,,,0.009652836579170154,,,,0.1630721489526765,0.025497801913628135,0.021153348849237134,0.1100077579519007,0.11150762865270235,0.0343418670804241,0.07716576157227825,0.07287302818722524,0.06470131885182312,0.10493082143056966,0.17585361606365452,0.13069993845465228,1.996067623432931,0.1545427660237709,,,,,,,,,,,,,,,2025-05-15,1585816797184.0,large_cap,0.0094757835346634,-0.1784768815116157,0.1786262667622069,0.0794349472822192,0.0729859760466782,0.0366567714197973,0.1115999016957483,0.8002785287130335,2025-05-15,342.82000732421875,45,-0.03993349906342858,2025-06-16,-0.03576223529459943,2025-08-15,0.17259781123041873,2025-11-13,,
TXN,2025-03-31,,4069000000.0,2313000000.0,1324000000.0,1179000000.0,1848000000.0,517000000.0,472000000.0,849000000.0,-1123000000.0,-274000000.0,33757000000.0,12848000000.0,16406000000.0,2763000000.0,13086000000.0,2489000000.0,,,0.15784846133953967,,,,0.5684443352174982,0.32538707299090686,0.28975178176456134,0.45416564266404524,0.20865077414598182,-0.06733841238633571,0.2759891865323175,0.1270582452691079,0.11599901695748341,0.38060254169505586,0.7831281238571255,0.08184969043457653,5.257533145841704,0.12053796249666736,,,,,,,,,,,,,,,2025-05-15,275512393728.0,large_cap,-0.1071978994234831,0.0180767161147633,0.5814206252797136,0.3414743302857873,0.3068218144619909,0.0957739274982418,0.3828888450815286,0.4404798783407023,2025-05-15,182.7053985595703,45,0.06063982630048104,2025-06-16,0.04337076149964658,2025-08-15,-0.12228576754493836,2025-11-13,,
UBER,2025-03-31,,11533000000.0,4596000000.0,1228000000.0,1776000000.0,1668000000.0,815000000.0,1714000000.0,2324000000.0,-74000000.0,2250000000.0,52822000000.0,11124000000.0,21975000000.0,5132000000.0,12350000000.0,12113000000.0,,,0.18579503563529132,,,,0.39850862741697735,0.10647706581115061,0.15399288996791816,0.14462845746986908,0.20150871412468568,0.19509234370935577,0.006416370415329923,0.07066678227694442,0.14861701205237146,0.2105940706523797,0.5062116040955631,0.09715648782704177,1.019565755799554,0.21833705652947635,,,,,,,,,,,,,,,2025-05-15,152853118976.0,large_cap,0.1796357393846732,0.0101091214469752,0.3939924507708399,0.0636454590931829,0.224112056028014,0.1567829369230069,0.2171181016314105,0.8582077901803138,2025-05-15,90.16000366210938,45,-0.055900629001920166,2025-06-16,0.02706294047143154,2025-08-15,0.017968001900917407,2025-11-13,,
UNH,2025-03-31,,109575000000.0,23774000000.0,9119000000.0,6292000000.0,10165000000.0,,,5456000000.0,-898000000.0,4558000000.0,309790000000.0,81271000000.0,95038000000.0,30717000000.0,96285000000.0,113471000000.0,,,0.11777146528906979,,,,0.21696554871092857,0.08322153775952544,0.057421857175450605,0.09276751083732604,0.049792379648642485,0.04159707962582706,0.008195300022815424,0.0,0.0,0.26234223183446853,0.8551421536648498,0.09915426579295653,0.8485427994818059,0.3537073501404177,,,,,,,,,,,,,,,2025-05-15,357672681472.0,large_cap,0.0771106123964673,-0.0692976649463428,0.2233422771174034,0.0806614402989922,0.0359874886953567,0.0517265500477168,0.2578265913007329,1.341962866855752,2025-05-15,266.8259582519531,45,0.12937496633156642,2025-06-16,0.11597633081953806,2025-08-15,0.22833322639495401,2025-11-13,,
UNP,2025-03-31,,6027000000.0,2730000000.0,2371000000.0,1626000000.0,3059000000.0,,-13000000.0,2210000000.0,-906000000.0,1304000000.0,68492000000.0,33904000000.0,16039000000.0,1411000000.0,4539000000.0,6222000000.0,,,0.01958475929728487,,,,0.4529616724738676,0.3933963829434213,0.2697859631657541,0.5075493612078978,0.3666832586693214,0.21635971461755435,0.15032354405176704,0.0,-0.0021569603451136554,0.4950067161128307,2.1138474967267284,0.020600946095894412,0.7295081967213115,0.0879956783273959,,,,,,,,,,,,,,,2025-05-15,160635043840.0,large_cap,0.005431402628633,0.035823362427628,0.4552164948453608,0.4005360824742268,0.2782268041237113,0.2430515463917525,0.4794063353762091,0.3581185852469911,2025-05-15,225.53086853027344,45,-0.02096135345810546,2025-06-16,-0.037827010124427685,2025-08-15,-0.02874835990468727,2025-11-13,,
UPS,2025-03-31,,21546000000.0,3680000000.0,1666000000.0,1187000000.0,2657000000.0,,,2318000000.0,-876000000.0,1442000000.0,68466000000.0,25594000000.0,15660000000.0,4802000000.0,17090000000.0,15660000000.0,25301000000.0,,,-0.14841310620133596,,,0.1707973637798199,0.07732293697205977,0.05509143228441474,0.12331755314211454,0.10758377425044091,0.06692657569850552,0.04065719855193539,0.0,0.0,0.37382058247889466,1.6343550446998723,0.07013700230771477,1.091315453384419,0.3146963456314083,-0.03709955729049352,-0.0383246658894872,-0.012929594552469184,-0.00612397090831826,-0.023438714979233805,-0.0206984193609783,-0.002740295618255513,0.0,0.0,0.007729530673557139,0.09996097842400187,-0.017090056347915314,-0.08318731408714597,-0.04638542973608134,2025-05-15,84091117568.0,large_cap,0.0012313375404031,0.0947153615392869,0.179598111342923,0.0929834193477544,0.063489623366641,0.0682222466234764,0.3660910518053375,1.2997002997002998,2025-05-15,93.93022918701172,45,0.023948264172806377,2025-06-16,-0.10377941234880239,2025-08-15,-0.009554386127645365,2025-11-13,,
UPST,2025-03-31,,213371000.0,,,-2447000.0,,,160029000.0,-13486000.0,-6159000.0,-19645000.0,2296277000.0,1381937000.0,676642000.0,605365000.0,,,,,-0.032488834433421654,,,,,,-0.011468287630465247,,-0.06320446546156694,-0.09206968144686954,0.028865215985302596,0.0,0.750003515004382,0.6018163313920751,2.042345878618235,0.26362890888163754,,0.09292040986344417,,,,,,,,,,,,,,,2025-05-15,2824448512.0,low_cap,0.2375723009767396,0.6310513403197496,,,-0.20447526692259,0.2804253586797151,0.6136340399787407,0.2656718032174631,2025-05-15,47.38999938964844,45,0.1618485351852097,2025-06-16,0.35239496018837313,2025-08-15,-0.21312510243094185,2025-11-13,,
URI,2025-03-31,,3719000000.0,1356000000.0,805000000.0,518000000.0,1623000000.0,,437000000.0,1425000000.0,-745000000.0,680000000.0,28050000000.0,13993000000.0,8789000000.0,542000000.0,3241000000.0,3794000000.0,,,0.44449808080760733,,,,0.36461414358698574,0.21645603656897017,0.13928475396611992,0.43640763646141434,0.38316751815004035,0.18284485076633503,0.2003226673837053,0.0,0.11750470556601236,0.4988591800356506,1.5921037660712254,0.019322638146167557,0.8542435424354243,0.13258467023172907,,,,,,,,,,,,,,,2025-05-15,60212740096.0,large_cap,0.0706809935807981,-0.1603789617533368,0.4007820136852394,0.2651026392961876,0.1678071032909742,0.0273053111762789,0.5251216134644746,0.5448638284273692,2025-05-15,707.3794555664062,45,-0.03496335756604674,2025-06-16,0.276646730870199,2025-08-15,0.18695937472092683,2025-11-13,,
USB,2025-03-31,,6928000000.0,,,1709000000.0,,,2819000000.0,-308000000.0,,-308000000.0,676489000000.0,77017000000.0,60096000000.0,50013000000.0,,,,,0.07152460338800748,,,,,,0.24668013856812934,,-0.044457274826789836,-0.044457274826789836,,0.0,0.4068995381062356,0.11384811874250728,1.2815661608093716,0.07393024868105763,,0.010241112567979672,,,,,,,,,,,,,,,2025-05-15,82458165248.0,large_cap,-0.0242030485845857,-0.1825308686308974,,,0.2304371684653375,0.4152185842326687,0.0967481328816277,0.0402982082150259,2025-05-15,42.76559829711914,45,-0.03207708319117064,2025-06-16,0.041664492413305165,2025-08-15,0.08447306579535963,2025-11-13,,
V,2025-03-31,,9594000000.0,7713000000.0,6435000000.0,4577000000.0,5901000000.0,,973000000.0,4695000000.0,-327000000.0,4368000000.0,92853000000.0,20762000000.0,38030000000.0,11734000000.0,32934000000.0,30381000000.0,,,0.0479214780600461,,,,0.8039399624765479,0.6707317073170732,0.47706900145924536,0.6150719199499687,0.4893683552220138,0.45528455284552843,0.034083802376485305,0.0,0.10141755263706483,0.22360074526401946,0.5459374178280305,0.12637179197225723,1.0840327836476746,0.10332460986720945,,,,,,,,,,,,,,,2025-05-15,619492999168.0,large_cap,0.1002358129421492,-0.0138208230182739,0.803985971162946,0.6696264543784446,0.5495462895952792,0.5203195457328954,0.2204611103469437,0.3801250648072711,2025-05-15,359.4606628417969,45,-0.018824062572720623,2025-06-16,-0.04754029843599605,2025-08-15,-0.06889806412483035,2025-11-13,,
VRTX,2025-03-31,,2770200000.0,2407200000.0,1031100000.0,646300000.0,1079500000.0,979700000.0,396400000.0,818900000.0,-40700000.0,778200000.0,22880500000.0,1649100000.0,16496300000.0,4674700000.0,10008800000.0,3783200000.0,,,0.17052324369397542,,,,0.8689625297812432,0.3722113926792289,0.2333044545520179,0.38968305537506315,0.2956104252400549,0.28091834524583065,0.014692079994224243,0.3536567756840661,0.14309436141794815,0.07207447389698651,0.09996787158332475,0.20430934638666112,2.645591034045253,0.1210725290094185,,,,,,,,,,,,,,,2025-05-15,110900281344.0,large_cap,0.1166153284967372,0.0115283812249669,0.8611174127276522,-0.0211794811299353,-0.0486020997994573,-0.0887469260714512,0.0774102213622565,0.4890605861573145,2025-05-15,434.3800048828125,45,0.03805423498661353,2025-06-16,-0.09574565097468246,2025-08-15,0.0003222619118878889,2025-11-13,,
WFC,2025-03-31,,20149000000.0,,,4894000000.0,,,9655000000.0,-11037000000.0,,-11037000000.0,1950311000000.0,188611000000.0,181090000000.0,177565000000.0,,,,,0.1451831750339212,,,,,,0.24289046602809072,,-0.5477691200555859,-0.5477691200555859,,0.0,0.479180108193955,0.09670816603095608,1.0415318349991718,0.09104445393580819,,0.010331172823206145,,,,,,,,,,,,,,,2025-05-15,224679100416.0,large_cap,-0.0036442001525479,-0.1142966313057322,,,0.239647127442403,0.0368790706717215,0.0910860716793317,0.0426438392720658,2025-05-15,73.96698760986328,45,-0.0322793159072392,2025-06-16,0.025968331514354626,2025-08-15,0.13302721680998286,2025-11-13,,
WING,2025-03-31,,171094000.0,82464000.0,44796000.0,92265000.0,138328000.0,,31440000.0,25294000.0,-8022000.0,17272000.0,696804000.0,1267796000.0,-714982000.0,251382000.0,324256000.0,91006000.0,,,0.06437044022035843,,,,0.4819806655990274,0.26182098729353454,0.5392649654575847,0.808491238734263,0.14783686160823875,0.10095035477573731,0.04688650683250143,0.0,0.1837586356038201,1.8194442052571456,1.7731858983862532,0.36076428952761463,3.5630178230006813,0.24554107037273035,,,,,,,,,,,,,,,2025-05-15,3518718208.0,low_cap,0.360287356946452,0.0734958118344166,0.4807696302534168,0.262985233466548,0.1737228890057158,0.1688715530507009,1.7667519260142466,0.8737319300910581,2025-05-15,306.3568420410156,45,0.13503759101899737,2025-06-16,0.0938990014743939,2025-08-15,-0.23682969539584853,2025-11-13,,
WM,2025-03-31,,6018000000.0,2406000000.0,1028000000.0,637000000.0,1676000000.0,,668000000.0,1208000000.0,-831000000.0,377000000.0,44486000000.0,23837000000.0,8650000000.0,216000000.0,4455000000.0,5347000000.0,,,0.07382491495902843,,,,0.39980059820538383,0.17082087072116983,0.10584911930874044,0.27849783981389165,0.20073113991359257,0.06264539714190762,0.13808574277168495,0.0,0.11100033233632436,0.535831497549791,2.755722543352601,0.004855460144764645,0.8331774827005798,0.13527851458885942,,,,,,,,,,,,,,,2025-05-15,88274386944.0,large_cap,0.0801429550572798,0.0431848882484668,0.393418846031818,0.1880523954131351,0.124461768571817,0.0978561392376376,0.5362712320775461,0.4950523930262301,2025-05-15,224.61647033691406,45,0.03269027167280392,2025-06-16,-0.0018559875656102287,2025-08-15,-0.09661365996250793,2025-11-13,,
XOM,2025-03-31,,81058000000.0,18485000000.0,9846000000.0,7713000000.0,17507000000.0,,2540000000.0,12953000000.0,-5898000000.0,7055000000.0,451908000000.0,37551000000.0,262720000000.0,17036000000.0,91233000000.0,73829000000.0,,,0.05595002049248432,,,,0.22804658392755806,0.12146857805521973,0.09515408719682203,0.21598114930050089,0.15979915615978682,0.08703644304078562,0.0727627131190012,0.0,0.031335586863727206,0.0830943466369261,0.1429316382460414,0.03769793851845951,1.2357339256931559,0.1793683670127548,,,,,,,,,,,,,,,2025-05-15,654570029056.0,large_cap,0.0135943853694535,0.1740709640362874,0.226212759434866,0.1168823895273944,0.099278696642859,0.0905416997055243,0.0919786096256684,0.7481051877170737,2025-05-15,105.22579956054688,45,0.03591824222405826,2025-06-16,-0.010122202794109914,2025-08-15,0.10421242335135994,2025-11-13,,
YUM,2025-03-31,,1787000000.0,837000000.0,535000000.0,253000000.0,594000000.0,,302000000.0,404000000.0,-71000000.0,333000000.0,6659000000.0,11357000000.0,-7804000000.0,607000000.0,1727000000.0,1231000000.0,,,0.025944385501739387,,,,0.46838276440962506,0.29938444320089536,0.14157806379406826,0.3324006715165081,0.22607722439843314,0.18634583100167879,0.039731393396754335,0.0,0.1689983212087297,1.7055113380387446,1.4552793439261917,0.09115482805226009,1.4029244516653128,0.2683586124042649,,,,,,,,,,,,,,,2025-05-15,41334915072.0,mid_cap,0.0668456755228943,0.0326451493609534,0.4747648695191416,0.3183203073254735,0.1968472645383494,0.1896939992051927,1.8263713393786236,1.1221941430057976,2025-05-15,144.27398681640625,45,-0.030015314421573902,2025-06-16,0.012627311705590838,2025-08-15,0.028186785177162887,2025-11-13,,
ZTS,2025-03-31,,2198000000.0,1580000000.0,812000000.0,602000000.0,946000000.0,162000000.0,574000000.0,515000000.0,-178000000.0,337000000.0,14098000000.0,6750000000.0,4655000000.0,1720000000.0,5877000000.0,3385000000.0,,,0.25906930081802737,,,,0.718835304822566,0.36942675159235666,0.27388535031847133,0.43039126478616924,0.23430391264786168,0.15332120109190173,0.08098271155595996,0.07370336669699727,0.2611464968152866,0.4787913179174351,1.4500537056928033,0.12200312101007235,1.736189069423929,0.15590863952333664,,,,,,,,,,,,,,,2025-05-15,31115112448.0,mid_cap,0.0833333333333332,0.0259075907590757,0.7062445980985307,0.3664649956784788,0.2685825410544512,0.2482713915298185,0.4736953009763293,0.6501369670576667,2025-05-15,157.89712524414062,45,0.025132523884450197,2025-06-16,-0.03570109469067584,2025-08-15,-0.23923655960322943,2025-11-13,,
ADSK,2025-04-30,,1633000000.0,1473000000.0,338000000.0,152000000.0,284000000.0,394000000.0,728000000.0,564000000.0,-15000000.0,549000000.0,10585000000.0,2544000000.0,2617000000.0,1816000000.0,3215000000.0,4919000000.0,1639000000.0,,,-0.0036607687614399476,,,0.9020208205756277,0.20698101653398654,0.0930802204531537,0.17391304347826086,0.3453766074709124,0.33619105939987753,0.009185548071034905,0.24127372933251684,0.44580526638089407,0.24034010392064242,0.9721054642720672,0.17156353330184224,0.6535881276682253,0.15427491733585263,-0.00401944788074815,-0.025477799817447272,-0.09178860199956138,-0.08661166671087883,-0.07683205634848966,-0.07442517000829818,-0.002406886340191452,0.0014933754582032444,0.019325705673145455,0.004117450915934573,-0.004239442252160108,0.023958991623636766,-0.02239711791515664,0.0029779543523762164,2025-06-14,49961189376.0,mid_cap,0.1153356376205203,0.0170339393188221,0.9057250040776382,0.2232914695808188,0.181373348556516,0.2454738215625509,0.2362226530047078,0.5659558755654021,2025-06-16,299.29998779296875,45,-0.023855611166273216,2025-07-17,0.06418316991694684,2025-09-16,-0.01667220326726726,2025-12-15,,
AI,2025-04-30,,108723000.0,67510000.0,-88965000.0,-79702000.0,-85573000.0,58393000.0,98082000.0,11264000.0,-938000.0,10326000.0,1025882000.0,4795000.0,838303000.0,164358000.0,904252000.0,131884000.0,98782000.0,,,0.10063574335405234,,,0.620935772559624,-0.8182721227339201,-0.7330739585920183,-0.787073572289212,0.10360273355223826,0.0949753042134599,0.008627429338778364,0.5370804705536087,0.9021274247399355,0.004674026837394554,0.005719888870730511,0.16021140832961295,6.8564192775469355,0.10598002499312786,0.030271481494450136,0.06837726683098033,0.07882497036264957,0.06796074570394461,0.32651783954320823,0.3215550454618655,0.004962794081342798,-0.06379823204403046,0.02569244670750037,0.0004186713920085825,0.0005000329573545438,0.0416547414955121,0.11304202197455826,0.012360309713369044,2025-06-14,1256769024.0,low_cap,0.1641222661594108,0.1085911080206303,0.5749206328763419,-1.0249853500846795,-0.9005544429490441,-0.2909634170686002,0.0031072262756146,0.2991471020250909,2025-06-16,24.450000762939453,45,0.15991818917808653,2025-07-17,-0.2842536010663054,2025-09-16,-0.400818030208969,2025-12-15,,
AMAT,2025-04-30,,7100000000.0,3485000000.0,2169000000.0,2137000000.0,2493000000.0,893000000.0,423000000.0,1571000000.0,-510000000.0,1061000000.0,33632000000.0,6670000000.0,18961000000.0,6169000000.0,19708000000.0,7996000000.0,7166000000.0,,,-0.009210159084566016,,,0.4908450704225352,0.3054929577464789,0.3009859154929577,0.35112676056338027,0.22126760563380282,0.14943661971830985,0.07183098591549296,0.12577464788732395,0.059577464788732395,0.19832302568981922,0.3517746954274564,0.1834264985727878,2.4647323661830915,0.21110846812559467,0.00298573467037222,0.001976351550553701,0.13562169556552262,0.03184124563175872,0.09218583058496108,0.07352258120309914,0.018663249381861924,0.00590303192304821,-0.00489364880322965,0.000710691416617476,-0.0019434253779127553,-0.004467196309928617,-0.21029348697099337,-0.0038414388874234984,2025-06-14,346505936896.0,large_cap,0.024851981747558,-0.0035366162745478,0.4745731527818663,0.2894833676773624,0.2640933176332057,0.2755004415660877,0.1919846551774245,0.7897933680141823,2025-06-16,175.482177734375,45,0.09045598413968214,2025-07-17,-0.014231852805119849,2025-09-16,0.48701453862474353,2025-12-15,,
ASAN,2025-04-30,,187267000.0,168040000.0,-43904000.0,-40018000.0,-33111000.0,75127000.0,136817000.0,6764000.0,-2769000.0,3995000.0,877133000.0,259253000.0,236304000.0,193791000.0,588496000.0,399363000.0,188334000.0,,,-0.0056654666709143875,,,0.8973284134417703,-0.23444600490209166,-0.2136948848435656,-0.1768117180282698,0.03611955122899389,0.021333176694238707,0.01478637453475519,0.4011758612035222,0.7305985571403397,0.29556863098298664,1.0971164262983275,0.2209368476616431,1.473586686798727,0.21349897906018814,0.0014200803739227164,0.10319350787839404,0.11709509466093174,0.11627397016398436,-0.048065991477049624,-0.04418340554794804,-0.0038825859291015744,-0.04610928114995616,-0.05566414635451511,0.00043112488313412634,-0.05920623119124491,0.013706769639621919,0.02886220463469824,0.0022236471440772454,2025-06-14,1476145920.0,low_cap,0.1093817049397398,-0.0830336660682058,0.893361570213683,-0.3684816183987313,-0.3530107366455028,0.0036511778260365,0.2951375060998525,0.8120527475979201,2025-06-16,13.369999885559082,45,0.07778608606992798,2025-07-17,0.020194499631619234,2025-09-16,0.057591657767727344,2025-12-15,,
AVGO,2025-04-30,,15004000000.0,10197000000.0,5915000000.0,4965000000.0,8020000000.0,2693000000.0,1083000000.0,6555000000.0,-144000000.0,6411000000.0,164630000000.0,67282000000.0,69586000000.0,9472000000.0,22181000000.0,20597000000.0,14916000000.0,,,0.005899705014749346,,,0.6796187683284457,0.3942282058117835,0.33091175686483604,0.5345241268994935,0.43688349773393764,0.42728605705145295,0.00959744068248467,0.17948547054118902,0.07218075179952013,0.40868614468808845,0.966889891644871,0.05753507866124036,1.0769044035539157,0.09113770272732795,-0.0005233609287278451,-0.0369865970844353,-0.03802093286431385,-0.037814301633625313,0.027055125516184886,0.024161895077733475,0.0028932304384514168,0.028439613743119818,0.008557796583644556,0.006050650790000667,0.01288567894659487,0.0012511371525138343,0.07307848294176833,0.0009334186890594676,2025-06-14,2013133668352.0,large_cap,0.4398503587481503,0.3610622974283901,0.6303369915073487,0.2907666653740257,0.1143017799666498,0.3764299841005157,0.4078964049624196,0.3113525913851912,2025-06-16,250.07376098632812,45,0.13892995682304177,2025-07-17,0.43136577013349453,2025-09-16,0.35340500733609237,2025-12-15,,
CHWY,2025-04-30,,3116000000.0,923800000.0,76900000.0,62400000.0,109200000.0,,846900000.0,86400000.0,-37700000.0,48700000.0,3060300000.0,500200000.0,375600000.0,616400000.0,1711800000.0,2140200000.0,3247386000.0,,,-0.040459003025818285,,,0.29646983311938385,0.024679075738125802,0.020025673940949937,0.035044929396662386,0.02772785622593068,0.01562901155327343,0.012098844672657252,0.0,0.271790757381258,0.16344802797111393,1.3317358892438764,0.20141816161814202,0.7998317914213625,1.0182008299839884,0.011316482085660107,0.027669788884022224,0.013007105775662532,0.026500518599793764,-0.03617461794868238,-0.03259592998432019,-0.003578687964362186,0.0,-0.016353306798362166,-0.003213109862689356,-0.5894878201251483,0.0037734444179429727,0.04648969689106841,-0.059054436229313945,2025-06-14,8866885632.0,low_cap,0.0640132045175239,-0.0376470385895024,0.2923541264448248,0.0094930572534207,0.0331076694797366,0.0381492753745373,0.1666611378338033,3.9347487145463593,2025-06-16,41.65999984741211,45,-0.0864137899017473,2025-07-17,-0.08353335465632516,2025-09-16,-0.20451273377267976,2025-12-15,,
CRM,2025-04-30,,9829000000.0,7564000000.0,1978000000.0,1541000000.0,2821000000.0,1460000000.0,4126000000.0,6476000000.0,-179000000.0,6297000000.0,98610000000.0,11369000000.0,60666000000.0,10928000000.0,25866000000.0,24196000000.0,9993000000.0,,,-0.016411488041629174,,,0.7695594668837115,0.20124122494658664,0.1567809543188524,0.28700783396072843,0.6588666191881168,0.6406552039881982,0.018211415199918608,0.1485400345915149,0.41977820734560994,0.11529256667680762,0.1874031582764646,0.11082040361018153,1.069019672673169,0.0996754893012879,-0.008585234407192166,-0.010707138908111646,-0.014138689431773044,-0.012701962897072039,0.26158852452185044,0.25878789687321774,0.0028006276486327083,0.006440564962774786,-0.004318660461855306,0.004613256868009244,0.001177208919722228,0.024857400345763683,0.006582217347936847,0.0025882049860384143,2025-06-14,141940506624.0,large_cap,0.0871560949020282,-0.0246390058889898,0.7719224172054361,0.202295817390157,0.1635308088138276,0.3281171658530149,0.1106793098087983,0.3681699829006684,2025-06-16,261.92535400390625,45,-0.01359689237856776,2025-07-17,-0.09167250200110222,2025-09-16,-0.03203091775732081,2025-12-15,,
CRWD,2025-04-30,,1103434000.0,814291000.0,-124656000.0,-110207000.0,-19115000.0,334129000.0,604818000.0,384107000.0,-103188000.0,280919000.0,8720362000.0,785398000.0,3450877000.0,4614153000.0,6070798000.0,3282534000.0,1058538000.0,,,0.04241321520814556,,,0.7379607661174117,-0.1129709615618152,-0.09987638590074259,-0.01732319286880774,0.34810147231279803,0.25458613745815334,0.09351533485464468,0.3028083238326896,0.5481234038465372,0.09006483905140636,0.22759373921469817,0.529124020310166,1.8494242557731313,0.12653534337221323,-0.0032011005326282316,-0.03238717524521627,-0.012697654480614079,-0.03398863142651658,0.021498176068355246,0.02709501290712163,-0.005596836838766425,0.005093929073124948,0.024092145639462936,-0.0005969926301576112,-0.012961968464596269,0.03228367709885427,0.08309756300648541,0.0048863734957149685,2025-06-14,151215063040.0,large_cap,0.293913544347917,-0.0694212405654075,0.7495533212060631,-0.0294413429299296,-0.0038549442233252,0.2701081337021426,0.0906618316815639,0.4543571292471319,2025-06-16,479.3900146484375,45,-0.01994206759434225,2025-07-17,-0.07177872423426279,2025-09-16,0.016854724390100495,2025-12-15,,
CSCO,2025-04-30,,14149000000.0,9278000000.0,3236000000.0,2491000000.0,3976000000.0,2335000000.0,3463000000.0,4057000000.0,-261000000.0,3796000000.0,119782000000.0,29279000000.0,45935000000.0,8161000000.0,32816000000.0,34495000000.0,13991000000.0,,,0.011292974054749383,,,0.6557353876599052,0.22870874266732633,0.17605484486536152,0.2810092586048484,0.2867340448088204,0.2682875114849106,0.018446533323909817,0.16502933069474873,0.24475227931302565,0.24443572490023543,0.6374006748666594,0.06813210666043312,0.9513262791708943,0.11812292331068107,0.004531042009129793,0.005493818787689425,0.002514711922755569,-0.008605493735942105,0.12655964698164582,0.12312276271784606,0.0034368842637997454,0.0007094107462103927,2.3525113897637784e-05,-0.011275912586891229,-0.04428173233738186,-0.0023601693436863386,0.08471292051625523,0.0028520685218036274,2025-06-14,466916868096.0,large_cap,-0.0560545984069617,-0.1615882795753772,0.6473244986339052,0.2410646246491831,0.1918108655651172,0.1897663699050238,0.2489530836809658,0.4324548077773223,2025-06-16,64.03606414794922,45,0.048858409678631975,2025-07-17,0.027819811791141458,2025-09-16,0.20891302444141702,2025-12-15,,
DE,2025-04-30,,12525000000.0,4916000000.0,2883000000.0,1804000000.0,3676000000.0,549000000.0,1197000000.0,1700000000.0,-1018000000.0,682000000.0,106303000000.0,66601000000.0,24287000000.0,7991000000.0,77650000000.0,35077000000.0,8262000000.0,,,0.5159767610748003,,,0.39249500998003994,0.23017964071856287,0.1440319361277445,0.2934930139720559,0.13572854291417166,0.05445109780439122,0.08127744510978044,0.04383233532934132,0.0955688622754491,0.6265204180502902,2.7422489397620127,0.07517191424512949,2.2137012857427942,0.11782357976726904,0.0021536882661691847,0.051288331108299,0.03885159238530926,0.018378029706744847,0.272741372737459,0.2872034580077318,-0.014462085270272818,-0.019832636832362874,-0.02207819654808031,-0.0004736373614185885,-0.13399110650339052,0.011158492858188193,-0.03590058920086747,0.037702554543983316,2025-06-14,151754391552.0,large_cap,-0.1614991369008099,-0.3363363117379848,0.3859020547131715,0.2261966031909418,0.1405439645274951,0.0876717209707431,0.6099795005590757,0.4707230711889675,2025-06-16,517.6556396484375,45,-0.045228839548793975,2025-07-17,-0.10345549664142284,2025-09-16,-0.06325862754045086,2025-12-15,,
FIVE,2025-04-30,,970527000.0,323913000.0,50847000.0,41148000.0,97411000.0,,226502000.0,132662000.0,-36209000.0,96453000.0,4452802000.0,1975118000.0,1858062000.0,427462000.0,1473122000.0,861749000.0,1390885000.0,,,-0.30222340452301955,,,0.33374960202034565,0.052391123585433484,0.04239758399302647,0.10036918086771414,0.13669068454561284,0.09938208828811564,0.03730859625749722,0.0,0.2333804211526315,0.4435674436006811,1.0629989742,0.0959984297527714,1.709456001689587,0.21795871453525217,-0.06837853941478378,-0.12502397543425542,-0.09237775688706067,-0.109768968583894,-0.12467887512323111,-0.12450126655430484,-0.0001776085689262491,0.0,0.041390429169110204,-0.013059635462839836,-0.032802282984126574,0.019558207740195968,-0.07702200984335272,-0.10255316059350472,2025-06-14,11813208064.0,mid_cap,0.0891051194748282,-0.0679210950654582,0.3489365609990592,0.0835327601226561,0.0654222194247583,0.0275127710963963,0.4566270790635209,0.8932966692122314,2025-06-16,126.47000122070312,45,0.10437255333940287,2025-07-17,0.17861940475883098,2025-09-16,0.43638809131577405,2025-12-15,,
GTLB,2025-04-30,,214509000.0,189474000.0,-34610000.0,-35875000.0,-32034000.0,65410000.0,158674000.0,106302000.0,-912000.0,105390000.0,1441990000.0,,808280000.0,255719000.0,1380761000.0,556383000.0,211431000.0,,,0.014557940888516807,,,0.8832916101422318,-0.16134521162282237,-0.1672424000857773,-0.14933639148007777,0.4955596268688027,0.49130805700460123,0.004251569864201502,0.30492893072085553,0.7397078910441987,,,0.17733756822169364,2.48167359534709,0.14875900665053154,-0.008545443080805515,-0.06988274869165333,-0.19469343612117418,-0.07061567408291274,0.1965400885797155,0.19776075315606434,-0.0012206645763488426,0.007503293042369408,0.05383401256847842,,,0.014645493893993972,0.029855258408457264,-0.002342680451893092,2025-06-14,3995034624.0,low_cap,0.3092621907688486,-0.0573576576531564,0.8878628750251893,-0.1879686374298813,-0.0083319174605432,-0.0892144737760602,0.0001965320315051,0.542606357775486,2025-06-16,42.08000183105469,45,0.043726146811446265,2025-07-17,0.1955798285199375,2025-09-16,-0.08293729863602817,2025-12-15,,
HD,2025-04-30,,39856000000.0,13459000000.0,5133000000.0,3433000000.0,6151000000.0,,7530000000.0,4325000000.0,-806000000.0,3519000000.0,99157000000.0,61291000000.0,7955000000.0,1369000000.0,34529000000.0,31589000000.0,39704000000.0,,,0.0038283296393311073,,,0.3376906864712967,0.12878863910076274,0.08613508631071859,0.15433059012444802,0.10851565636290646,0.08829285427539141,0.020222802087515056,0.0,0.188930148534725,0.6181207579898544,7.704714016341923,0.013806387849571892,1.0930703725980564,0.40194842522464375,0.009411419898659179,0.015575864569229395,0.01065150782996098,0.014949167597750473,-0.009129920908904951,-0.0016225194904760099,-0.007507401418428931,0.0,-0.005634630832593135,-0.029930095639500887,-1.676310080043618,-0.003453467121869759,-0.012369074734555952,-0.011122871813402824,2025-06-14,296328200192.0,large_cap,0.044835559281845,0.0749112249298948,0.3341901024361498,0.13494740273581,0.0928194390461025,0.1023421141717968,0.6480508536293553,1.65954701983999,2025-06-16,346.9864196777344,45,0.015499490723480447,2025-07-17,0.19878099051622544,2025-09-16,0.021997174858758406,2025-12-15,,
INTU,2025-04-30,,7754000000.0,6560000000.0,3721000000.0,2820000000.0,3953000000.0,707000000.0,2012000000.0,4395000000.0,-35000000.0,4360000000.0,36593000000.0,7087000000.0,20125000000.0,5443000000.0,13965000000.0,9654000000.0,3963000000.0,,,0.956598536462276,,,0.8460149600206345,0.4798813515604849,0.36368326025277276,0.5098013928295073,0.5668042300748001,0.5622904307454217,0.0045137993293783854,0.09117874645344339,0.2594789785916946,0.1936709206678873,0.3521490683229814,0.1487442953570355,1.4465506525792418,0.21189845052332412,0.08245200266509578,0.32923789963012906,0.2448339037047031,0.30036409785095575,0.29705908750603904,0.3003676449770644,-0.00330855747102535,-0.08949246222684933,-0.14248922731292313,-0.023865851000567984,-0.03182775489836803,0.07188677373592574,0.17408930698793368,0.08681165044757133,2025-06-14,109361717248.0,large_cap,0.1334214922048997,0.0043943037717706,0.7872275099785079,0.2365980964077371,0.181946576604237,0.2845563401903592,0.2043757002365243,0.5068156355035479,2025-06-16,761.8807983398438,45,-0.015216955046822966,2025-07-17,-0.1508939404317431,2025-09-16,-0.14503220669000305,2025-12-15,,
LOW,2025-04-30,,20930000000.0,6986000000.0,2494000000.0,1641000000.0,3026000000.0,,4046000000.0,3379000000.0,-518000000.0,2861000000.0,45372000000.0,38955000000.0,-13254000000.0,3054000000.0,22675000000.0,22388000000.0,18554000000.0,,,0.12805863964643738,,,0.3337792642140468,0.11915910176779743,0.07840420449116102,0.14457716196846632,0.16144290492116578,0.13669374104156712,0.024749163879598662,0.0,0.19331103678929765,0.858569161597461,2.9391127206880943,0.06731023538746364,1.0128193675183135,0.46129771665344266,0.005170877882258507,0.0205280788077888,0.017824275634849715,0.016518522322028883,0.11234298037659318,0.11712922665113917,-0.004786246274545998,0.0,-0.012682280015703984,-0.06199136923637505,0.15097414996221392,0.026453662606618203,-0.07253543335602686,0.030830452953382326,2025-06-14,122328940544.0,large_cap,-0.0312930525487108,0.0787637170450413,0.3331620336066161,0.12508067022014,0.0831441068910294,0.0919999043908502,0.920560530833836,1.9413020277481323,2025-06-16,211.9117889404297,45,0.011569680579090358,2025-07-17,0.2586020688153985,2025-09-16,0.16314691164241313,2025-12-15,,
LULU,2025-04-30,,2370660000.0,1383126000.0,438625000.0,314572000.0,553154000.0,,942871000.0,-118954000.0,-152263000.0,-271217000.0,7430543000.0,1706782000.0,4289570000.0,1325272000.0,3582517000.0,1572385000.0,3611497000.0,,,-0.34357968454632526,,,0.5834349927868189,0.1850223144609518,0.13269384897032893,0.23333333333333334,-0.05017758767600584,-0.11440569292939519,0.06422810525338934,0.0,0.3977251060885998,0.22969815261145787,0.3978911639161967,0.1783546639861986,2.2783968302928352,0.3190426325505417,-0.0207333063977021,-0.10354721778564846,-0.07453406787412642,-0.09222723061009513,-0.4382133523464458,-0.43737647208274905,-0.0008368802636967848,0.0,0.08257407592022364,0.022447004030027612,0.033466124132864095,-0.08262913092789914,0.11475414127384775,-0.15594859493355334,2025-06-14,13976446976.0,mid_cap,0.1007194095024595,-0.0853057001144601,0.5922493744407651,0.2366516038815556,0.1713821690448338,0.1495525270477514,0.2072511485814302,1.3925712704444335,2025-06-16,241.2899932861328,45,-0.03307221994107323,2025-07-17,-0.3271996317502468,2025-09-16,-0.14505367389394963,2025-12-15,,
MDB,2025-04-30,,549014000.0,390973000.0,-53554000.0,-37626000.0,-23198000.0,168829000.0,275698000.0,109929000.0,-1611000.0,108318000.0,3624420000.0,37000000.0,3032950000.0,657809000.0,2972530000.0,504998000.0,548398000.0,,,0.0011232717843610018,,,0.7121366668245255,-0.09754578207477405,-0.06853377145209412,-0.04225393159372985,0.20022986663363776,0.19729551523276273,0.0029343514008750233,0.3075131053124328,0.5021693435868666,0.01020852991651078,0.012199343873126824,0.1814935906986497,5.88622133156963,0.15147637415089862,-0.01613550047003065,-0.06369810210511698,-0.09739237414575821,-0.06395532364840548,0.10807416949396913,0.15251234680399384,-0.044438177310024723,0.033259734585333156,0.014302867049753032,-0.0004319605605417644,-0.0009196573287893403,0.038609877849630686,0.6841045566264379,-0.008392768222653724,2025-06-14,25088151552.0,mid_cap,0.1921746203679002,-0.1185407779062968,0.7332114592839168,-0.1076850924745931,-0.0643287648839264,0.0601268015089389,0.0106404904770525,0.584918839294486,2025-06-16,202.5,45,0.07916048779899687,2025-07-17,0.6166419511959877,2025-09-16,1.0543209876543211,2025-12-15,,
MDT,2025-04-30,,8927000000.0,5780000000.0,1797000000.0,1056000000.0,2275000000.0,684000000.0,2720000000.0,2528000000.0,-459000000.0,2069000000.0,91680000000.0,28516000000.0,48024000000.0,2218000000.0,23814000000.0,12879000000.0,8292000000.0,,,0.0765798359864931,,,0.6474739554161533,0.2012994286994511,0.11829281953623838,0.25484485269407414,0.2831858407079646,0.23176879130727007,0.051417049400694526,0.07662148538142713,0.3046936260781898,0.31103839441535774,0.5937864401132767,0.02419284467713787,1.849056603773585,0.09737129144851658,-0.017383738746895472,-0.004923436712994611,-0.03776120844253633,-0.034952542385520646,-0.026992644579059033,-0.02100496653161077,-0.005987678047448264,-0.004782277281380393,-0.022971593410474,0.015316344467039888,0.05504142624322994,0.010410932325654649,-0.05237920703722576,0.005210309820694897,2025-06-14,97767841792.0,large_cap,0.0364107983475838,0.0508966911709127,0.653442096156223,0.1705598813496477,0.1135829934495118,0.160672351996045,0.2781031551105233,0.3596759315855569,2025-06-16,85.21176147460938,45,0.026771270448342266,2025-07-17,0.08021424895396811,2025-09-16,0.13902195708860954,2025-12-15,,
MRVL,2025-04-30,,1895300000.0,952400000.0,258300000.0,177900000.0,600500000.0,507700000.0,186400000.0,332900000.0,-119900000.0,213000000.0,20023700000.0,4512000000.0,13312700000.0,885900000.0,3837600000.0,2941400000.0,1817400000.0,,,0.04286343127544834,,,0.502506199546246,0.1362844932200707,0.09386376826887564,0.3168363847412019,0.17564501662006016,0.11238326386324064,0.0632617527568195,0.2678731599219121,0.09834854640426317,0.22533298041820443,0.33892448564153027,0.04424257255152644,1.3046848439518597,0.09465283638887918,-0.0022808588888810766,0.013746802012851583,-0.016293599399221634,0.002816356128898634,-0.10717659667365614,-0.1315366216875462,0.024360025013890042,-0.006694904345723007,-0.00933275655600975,0.010375916397812934,0.015464293491385062,-0.002692516166333439,-0.23483558233588453,0.004702577783123038,2025-06-14,154876592128.0,large_cap,0.0471340123826642,0.1167164165991653,0.4130529017044371,-0.0635305949057618,-0.1534513550534912,0.2409446361382275,0.2149570640203915,0.2854463114652676,2025-06-16,70.2301254272461,45,0.02341599636640268,2025-07-17,-0.02135227218780511,2025-09-16,0.1983075223870674,2025-12-15,,
NCNO,2025-04-30,,144137000.0,86442000.0,-1513000.0,5562000.0,25706000.0,33341000.0,54614000.0,54320000.0,-1718000.0,52602000.0,1650942000.0,278348000.0,1072218000.0,133230000.0,273684000.0,260742000.0,141370000.0,,,0.01957275235198419,,,0.5997210986769532,-0.010496957755468755,0.0385882875320008,0.17834421418511556,0.37686367830605605,0.36494446255992563,0.011919215746130418,0.23131465203244136,0.37890340439998055,0.1685995025870079,0.2596001932442843,0.08069938253433494,1.0496352716478359,0.08730591383585856,0.003010339675750706,0.030091568806036518,0.1702286638494656,0.21680357614309817,0.4477344429661678,0.4382910000148312,0.009443442951336615,0.004031635833813663,-0.03111286496409954,0.021538651769716838,0.04219324280217038,0.005606593933376536,-0.15209267771442114,-0.0004807652171108928,2025-06-14,1628655232.0,low_cap,0.1345398001859223,-0.0325566816969375,0.6007283730720216,-0.0335351248573494,-0.0700592057441224,0.0987372770536587,0.147060850817291,0.335732351536686,2025-06-16,26.899999618530273,45,0.14089222934102086,2025-07-17,0.11486989577722229,2025-09-16,-0.08847580648763731,2025-12-15,,
NVDA,2025-04-30,,44062000000.0,26668000000.0,21638000000.0,18775000000.0,22584000000.0,3989000000.0,1041000000.0,27414000000.0,-1227000000.0,26187000000.0,125254000000.0,10285000000.0,83843000000.0,15234000000.0,89935000000.0,26542000000.0,39331000000.0,,,0.12028679667437903,,,0.6052380736235304,0.49108074985248057,0.4261041260042667,0.5125504970269166,0.62216876219872,0.5943216376923426,0.02784712450637738,0.09053152376197177,0.023625800009078116,0.08211314608715091,0.1226697517980034,0.12162485828795887,3.3884032853590536,0.3517811806409376,-0.12505101132218666,-0.11998939837665162,-0.13556478655834292,-0.1439545498826459,0.19937249462352485,0.1989083504634392,0.00046414416008564927,-0.0038978067915356462,-0.0011638061539993548,-0.007330496890958604,-0.003163823151257239,0.04466318231731345,-1.0514482135050236,-0.0006439768397301093,2025-06-14,5457368842240.0,large_cap,1.1420340763599357,-0.1165111894515869,0.7498869705816992,0.6241752683969747,0.5584802715771244,0.4663172333463604,0.0894436429781095,1.169317479234057,2025-06-16,144.66595458984375,45,0.1956597039836605,2025-07-17,0.2087212213954308,2025-09-16,0.2185344993074445,2025-12-15,,
PANW,2025-04-30,,2289000000.0,1669700000.0,218800000.0,262100000.0,399600000.0,494500000.0,956400000.0,628200000.0,-67900000.0,560300000.0,22002800000.0,728900000.0,7230500000.0,2383400000.0,6899000000.0,7705600000.0,2257000000.0,,,0.014178112538768328,,,0.7294451725644386,0.09558759283529926,0.1145041502839668,0.1745740498034076,0.2744429882044561,0.24477937964176497,0.02966360856269113,0.2160332022717344,0.41782437745740497,0.03312760194157107,0.10080907267823802,0.10832257712654753,0.8953228820598007,0.10403221408184413,-0.005158283350492732,-0.011191317222299324,-0.003794476211381015,-0.008412215150070457,0.027655216826520806,0.019258777071982064,0.008396439754538715,-0.0077151362307024685,0.013748170102509116,-0.009675607344548913,-0.03985881746026526,0.00206389644669816,0.05585888481396506,-0.0036917414921665698,2025-06-14,196935139328.0,large_cap,0.1646379502952399,-0.0882385379352426,0.7434817813765182,0.0851946434132669,0.3210962317035191,0.3862721893491124,0.0672505990225552,0.4015577087574846,2025-06-16,198.11000061035156,45,-0.009237301627462946,2025-07-17,0.016304051878188064,2025-09-16,-0.06173335868891028,2025-12-15,,
PATH,2025-04-30,,356624000.0,292767000.0,-16412000.0,-22555000.0,-13159000.0,94839000.0,214340000.0,119002000.0,-12832000.0,106170000.0,2644442000.0,78952000.0,1698461000.0,700641000.0,2109669000.0,715867000.0,423646000.0,,,-0.15820283916288602,,,0.820940262012652,-0.04602045852214097,-0.06324588361972273,-0.03689880658620844,0.3336903853918973,0.2977085109246714,0.035981874467225984,0.26593555116873796,0.601025169366055,0.029855825917150008,0.04648443502676835,0.26494852222132304,2.9470125037192663,0.13485793978465022,-0.026729726609924342,-0.12535320331378305,-0.18550361767126577,-0.12382043454917752,-0.011130526407104657,-0.02966387073359994,0.01853334432649528,0.03066837055095803,0.06795510615290057,0.002697128831011527,0.004324611604246915,-0.041897254965469144,0.019862100675156924,-0.012997585174603199,2025-06-14,5344953856.0,low_cap,0.0929551278522895,-0.1427292458517539,0.8272727018376346,-0.113711333572084,-0.0515463773306175,0.2137858965463213,0.0271586970861384,0.4989630994635758,2025-06-16,12.479999542236328,45,-0.012019200643607952,2025-07-17,-0.0729166571146399,2025-09-16,0.29487183014081664,2025-12-15,,
ROST,2025-04-30,,4984971000.0,1403605000.0,606470000.0,479249000.0,769276000.0,,797135000.0,409715000.0,-207378000.0,202337000.0,14304616000.0,5015669000.0,5576078000.0,3783413000.0,6875103000.0,4435759000.0,5912279000.0,,,-0.15684442496708972,,,0.28156733509583104,0.12165968468021178,0.09613877392666878,0.15431905220712416,0.08219004684280008,0.04058940362942934,0.04160064321337075,0.0,0.15990765041561927,0.35063290059656266,0.899497639738899,0.2644889593680809,1.5499270812503565,0.3484868800392824,0.01624545160555596,-0.0019853598110918247,-0.003109586984580498,0.0017956344184846262,-0.06708521570823987,-0.07384616343362706,0.006760947725387184,0.0,0.018230811416647813,-0.03060174751459649,-0.13194688164761947,-0.05289706061456689,-0.06718553022690821,-0.04816842425048451,2025-06-14,68812906496.0,large_cap,0.0369181026730165,-0.0530009910456947,0.2777534276113092,0.1223701642734641,0.098949705618556,0.0774701611072326,0.3812346481111591,1.4175611116880855,2025-06-16,130.2255096435547,45,-0.0051085839184417114,2025-07-17,0.11965210682950134,2025-09-16,0.41208282798007456,2025-12-15,,
S,2025-04-30,,229029000.0,172497000.0,-82316000.0,-208193000.0,-71468000.0,72253000.0,182560000.0,52274000.0,-6851000.0,45423000.0,2383951000.0,12559000.0,1546542000.0,188624000.0,1030598000.0,588928000.0,225521000.0,,,0.01555509243041664,,,0.7531666295534627,-0.359413000100424,-0.9090246213361627,-0.31204781927179526,0.22824183836981343,0.19832859594199861,0.029913242427814818,0.31547533281811474,0.7971042968357719,0.005268145192581559,0.008120697659682052,0.07912243162716012,1.7499558519886982,0.096071186026894,0.005959052432041645,-0.003534833543872684,-0.5951381096587579,-0.05403637022713864,0.24332247387604122,0.2379124927853081,0.005409981090733127,-0.015429549654027541,0.024923435629941815,-0.0026537371114749514,-0.0033006198565393337,0.001597266717795351,0.006468329313395582,0.002362776947789455,2025-06-14,5757388800.0,low_cap,0.3224755857645607,-0.1488292399136468,0.74301153676194,-0.4009429540781607,-0.3511317031484148,0.0080247266760077,0.0079218823040565,0.3413331948267802,2025-06-16,17.59000015258789,45,0.007390515044849222,2025-07-17,0.015918174202193658,2025-09-16,-0.15633882752385375,2025-12-15,,
SNOW,2025-04-30,,1042074000.0,693288000.0,-447257000.0,-430092000.0,-373348000.0,472404000.0,668141000.0,228373000.0,-44989000.0,183384000.0,8157407000.0,2687763000.0,2408000000.0,2243083000.0,4785974000.0,3030544000.0,986770000.0,,,0.0560454817231979,,,0.6652963225260394,-0.42919888606759216,-0.4127269272623633,-0.3582739805426486,0.21915238265228765,0.17597982484929092,0.04317255780299672,0.4533305696140581,0.6411646389795734,0.32948742167701084,1.1161806478405316,0.27497500124733265,1.5792458383709327,0.12774574077277254,0.002947446901527151,-0.037336547326041414,-0.08086235902457739,-0.07669367307484959,-0.21937432569920257,-0.24503317716738976,0.025658851468187187,-0.04576243078117076,0.08604642500873927,0.03224495665234495,0.22106946354250323,-0.016016369293399446,-0.19871436559231315,0.01851652091317199,2025-06-14,54437380096.0,large_cap,0.2921468781812435,-0.0664941172589526,0.6650467847416554,-0.4015033107250284,-0.3545227823988334,0.2437825322992855,0.2972424650246659,0.401419181756616,2025-06-16,209.1199951171875,45,0.011763613099209591,2025-07-17,0.032660682816233244,2025-09-16,0.029456789431624664,2025-12-15,,
SNPS,2025-04-30,,1604266000.0,1285919000.0,376426000.0,345332000.0,539431000.0,553979000.0,351518000.0,275365000.0,-55588000.0,219777000.0,23756517000.0,10742251000.0,9915718000.0,14119095000.0,16879029000.0,2406076000.0,1455315000.0,,,0.10234966313134963,,,0.8015622097582321,0.2346406393952125,0.21525856684614647,0.33624785415884895,0.1716454752516104,0.136995361118418,0.034650114133192376,0.3453161757464161,0.21911453586873997,0.4521812267345419,1.083355839688059,0.5943251277112718,7.015168681288538,0.06752951200716839,-0.012928123949590642,0.06159287997543053,0.012083996392327184,0.095619536578119,0.21799626528675742,0.21132291219842475,0.006673353088332671,-0.03481870914104812,-0.03944460768437397,0.4011857155467876,1.0118833124139404,0.3141430048839527,4.334073079417253,-0.044065079518125244,2025-06-14,96244596736.0,large_cap,0.1522038114228356,4.967015671741848e-05,0.7967683383392336,0.2212525761182981,0.3693845190712722,0.2068612385343559,0.0523542896996464,0.4686891352707957,2025-06-16,479.4100036621094,45,0.22861434944265846,2025-07-17,-0.11147035321163434,2025-09-16,-0.05160507716858542,2025-12-15,,
TGT,2025-04-30,,23846000000.0,6718000000.0,1472000000.0,1036000000.0,2285000000.0,,4591000000.0,275000000.0,-790000000.0,-515000000.0,56185000000.0,19037000000.0,14947000000.0,2887000000.0,17759000000.0,18991000000.0,30915000000.0,,,-0.22865922691250207,,,0.281724398221924,0.06172943051245492,0.04344544158349409,0.09582319885934748,0.011532332466661075,-0.021596913528474378,0.033129245995135455,0.0,0.19252704856160363,0.3388270890807155,1.273633505051181,0.051383821304618674,0.9351271654994471,0.42441932900240276,0.02178585706067543,0.01427673764491489,0.0077669683504357,0.022654833987925838,-0.09485615208776234,-0.09812934115260505,0.0032731890648427173,0.0,0.0009372054433762211,-0.005215563553049973,-0.08154173018678446,-0.03104793275032429,-0.0002062639923554599,-0.11072928011321292,2025-06-14,55200583680.0,large_cap,-0.0078762149480504,0.0077762777205712,0.2821162472083028,0.0522305425745547,0.0383893549537375,0.0420021395191712,0.3440426526337655,1.8446917897142063,2025-06-16,93.28718566894531,45,0.06449629510527966,2025-07-17,-0.06857347036615824,2025-09-16,0.025583900600441467,2025-12-15,,
TJX,2025-04-30,,13111000000.0,3865000000.0,1316000000.0,1036000000.0,1660000000.0,,2549000000.0,394000000.0,-497000000.0,-103000000.0,31858000000.0,13062000000.0,8503000000.0,4255000000.0,12595000000.0,10827000000.0,16350000000.0,,,-0.19810397553516823,,,0.29479063381893067,0.1003737319807795,0.07901761879337961,0.1266112424681565,0.030051102127984137,-0.007855998779650675,0.037907100907634814,0.0,0.19441690183815116,0.41000690564379433,1.536163706926967,0.13356142884047964,1.163295465041101,0.4115449808525331,-0.009735360064861365,-0.01259262887548962,-0.006486968362583695,-0.008862763648051442,-0.13533116086895774,-0.14180095290809105,0.006469792039133282,0.0,0.0028572688106282274,0.007537536529806488,0.01370451474300416,-0.03447535971978996,-0.016846250075178038,-0.10343186881202326,2025-06-14,163030188032.0,large_cap,0.0395263478244831,-0.0462033862351132,0.3060326472675656,0.1118168914123491,0.0863023420865862,0.074485450674237,0.4024693691139878,1.775174021229015,2025-06-16,122.7691879272461,45,-0.016898689335052564,2025-07-17,0.12652841360801648,2025-09-16,0.26870629358678566,2025-12-15,,
ULTA,2025-04-30,,2848367000.0,1114219000.0,403606000.0,305052000.0,475639000.0,,710613000.0,220021000.0,-79031000.0,140990000.0,5986689000.0,1975203000.0,2430303000.0,454629000.0,2939690000.0,1763850000.0,3487619000.0,,,-0.18329181025794383,,,0.39117817331825566,0.14169733043529853,0.10709715426418014,0.1669865575608761,0.07724461068394628,0.04949853723203506,0.027746073451911216,0.0,0.24948084288295716,0.3299324551517542,0.8127393991613392,0.07593997282972274,1.6666326501686652,0.4757833587146418,0.008782045759597457,-0.006843264165201118,-0.0056645894928070845,-0.001615574724789265,-0.21996790020098694,-0.22651842448310638,0.006550524282119448,0.0,0.015625309924798603,0.009483875059436875,0.03984503891582736,-0.04122713318519672,-0.03544402624992493,-0.10532250591388886,2025-06-14,21618143232.0,mid_cap,0.0078833417816936,-0.0899483840802772,,0.139758264550242,0.1063345247650113,0.0853555712666128,0.3204485800923173,1.8820779403411672,2025-06-16,471.94000244140625,45,0.03841591047383908,2025-07-17,0.11287455874830976,2025-09-16,0.25270163399728274,2025-12-15,,
WDAY,2025-04-30,,2240000000.0,1703000000.0,205000000.0,68000000.0,216000000.0,663000000.0,835000000.0,457000000.0,-36000000.0,421000000.0,17212000000.0,3393000000.0,8919000000.0,972000000.0,9963000000.0,4821000000.0,2211000000.0,,,0.013116236996834063,,,0.7602678571428572,0.09151785714285714,0.030357142857142857,0.09642857142857143,0.20401785714285714,0.18794642857142857,0.01607142857142857,0.29598214285714286,0.37276785714285715,0.1971299093655589,0.38042381432896066,0.05647222867766674,2.0665836963285624,0.13014176156170115,0.0040489516702203465,0.01960469567745686,-0.012157556373974285,-0.011667312786715761,-0.2989219890805712,-0.2760969906958713,-0.022824998384699882,-0.008857296310654517,-0.0066984476965820106,0.010113165748715153,0.008274157477067834,-0.02935966763428742,0.16589876482171317,0.00715127371612069,2025-06-14,31213191168.0,mid_cap,0.1635211461633834,-0.0042716466294092,0.7550319677954062,0.0590812218801799,0.0622780014207909,0.2591759412739758,0.1870167436168437,0.4698225510374367,2025-06-16,245.64999389648438,45,-0.06008546661334635,2025-07-17,-0.10844697761675659,2025-09-16,-0.1251781020314533,2025-12-15,,
WMT,2025-04-30,,165609000000.0,41306000000.0,7135000000.0,4487000000.0,10000000000.0,,,5411000000.0,-4986000000.0,425000000.0,262372000000.0,67205000000.0,83793000000.0,9311000000.0,80253000000.0,102920000000.0,180554000000.0,,,-0.08277302081371773,,,0.24941881177955305,0.04308340730274321,0.027093938131381747,0.060383191734748716,0.03267334504767253,0.0025662856487268203,0.03010705939894571,0.0,0.0,0.2561439482871648,0.802035969591732,0.03548778070830729,0.7797609794014769,0.6311992133306907,0.0036086940308462934,-0.00044373693111480345,-0.0020053894935947135,-0.0008394895683517395,-0.042234992624159716,-0.03309063693399082,-0.009144355690168908,0.0,-0.20228297351484875,0.02566580793911266,0.14153692000540907,0.0008397627037601482,-0.04292186661856778,-0.06104801946703031,2025-06-14,1047786684416.0,large_cap,0.0507000964320154,-0.009559453469913,0.2485106133027893,0.0430963971306269,0.0285410104481009,0.0185907178572215,0.2304781403480521,2.610908547175671,2025-06-16,93.5082015991211,45,0.008484284866558944,2025-07-17,0.09939062394569587,2025-09-16,0.24404920666559682,2025-12-15,,
ZS,2025-04-30,,678034000.0,522056000.0,-25411000.0,-4125000.0,38974000.0,169765000.0,377702000.0,211081000.0,-91618000.0,119463000.0,5339628000.0,1228815000.0,1804939000.0,1990890000.0,3915401000.0,3168399000.0,647900000.0,,,0.04651026392961888,,,0.7699554889577809,-0.03747747163121613,-0.006083765710864057,0.05748089328853715,0.3113132969733081,0.17619027954350372,0.1351230174298044,0.2503782996132937,0.5570546609757033,0.23013120015102176,0.6808069413980196,0.3728518166434066,1.2357663917959827,0.12698150507863096,-0.0008455605869019944,0.024476533616507277,0.00583782712753693,0.0365625416910684,0.03436778068993107,-0.045183389232541976,0.07955116992247302,-0.013335236426218533,-0.01133089235042728,-0.017241935274534298,-0.08961958779980095,0.021569906731077948,0.03361254180716711,-0.0024440126234398507,2025-06-14,25895344128.0,mid_cap,0.3406526600665944,-0.1415031936603543,0.7798987992735396,-0.0560377456843919,-0.0266199704673602,0.2698393880165387,0.2631186864607793,0.4607408594489909,2025-06-16,305.0199890136719,45,-0.061405747634167285,2025-07-17,-0.07560159461405047,2025-09-16,-0.2449347391843536,2025-12-15,,
ACN,2025-05-31,,17727871000.0,5826650000.0,2982782000.0,2197501000.0,3310745000.0,,2843868000.0,3684366000.0,-169107000.0,3515259000.0,63362028000.0,8165258000.0,30554725000.0,9631607000.0,27416505000.0,18768835000.0,16659301000.0,,,0.06414254715729073,,,0.32867172826336566,0.16825381908521334,0.12395741146807758,0.18675367166198356,0.207829016806361,0.1982899695062086,0.009539047300152398,0.0,0.1604179091781523,0.12886674018704072,0.267233889357538,0.15200913392481694,1.4607462317186974,0.2797869885099006,0.030040471165603877,0.03351143103423809,0.016625477193044066,0.02382342626933473,0.036549321457798656,0.03726352547953546,-0.0007142040217367977,0.0,-0.0034709598686342436,-0.005764341322628375,-0.00837013830390404,0.010193991067044134,-0.016610892520700915,0.0015279456636260735,2025-07-15,103897767936.0,large_cap,0.0122398633822866,-0.028631447691034,0.3260935295334426,0.1546199343002725,0.1119442655612176,0.1327424865551996,0.0736702112871576,1.1602668029598535,2025-07-15,273.74853515625,45,-0.11008086560466046,2025-08-13,-0.11776002119018192,2025-10-13,0.002644202041606203,2026-01-13,,
ADBE,2025-05-31,,5873000000.0,5235000000.0,2109000000.0,1691000000.0,2378000000.0,1082000000.0,2003000000.0,2191000000.0,-47000000.0,2144000000.0,28107000000.0,6563000000.0,11448000000.0,4931000000.0,8978000000.0,9039000000.0,5714000000.0,,,0.02782639131956599,,,0.8913672739656053,0.35910097054316364,0.2879278052102843,0.4049037970372893,0.3730631704410012,0.3650604461093138,0.008002724331687383,0.18423293035927124,0.3410522731142517,0.2335005514640481,0.5732879105520615,0.17543672394777102,0.9932514658701184,0.20895150674209273,0.0002227167377439887,-0.019442956653196175,-0.029013041832067765,-0.02579273778945207,-0.06130854814492814,-0.06476104496523993,0.0034524968203118143,0.0046739524103737995,0.015185979799585969,0.014405241832934762,0.07210425266737275,-0.05016835033031278,-0.19140421458388146,0.018198710881635383,2025-07-15,100079919104.0,large_cap,0.1079911381317946,0.0055828682238086,0.89035108114392,0.3599627993489886,0.2585445245291792,0.3661009067658684,0.2003307972213033,0.711379424412835,2025-07-15,364.17999267578125,45,-0.03599864247137252,2025-08-13,-0.0682629080441951,2025-10-13,-0.14896480062345763,2026-01-13,,
AZO,2025-05-31,,4464339000.0,2353523000.0,866174000.0,608440000.0,1010870000.0,,1487349000.0,769030000.0,-345886000.0,423144000.0,18621983000.0,12188693000.0,-3974405000.0,268625000.0,7985711000.0,9465535000.0,3952012000.0,,,0.12963700515079402,,,0.5271828595453885,0.19402066016940023,0.13628893325529268,0.22643217730553167,0.17226066389671574,0.09478312466862396,0.07747753922809178,0.0,0.33316219937598823,0.6545324952772216,3.0667969167711897,0.014425155473506769,0.8436618743684324,0.23973488752513628,-0.011378511219680032,0.015183399553794802,0.0128270105688231,0.01269674330381304,0.024551345200315017,0.021137852336454932,0.0034134928638600986,0.0,-0.02656191077347486,-0.02804360106132564,0.2928245767709252,-0.002184491573770436,0.0017176177697063588,0.02158788283394114,2025-07-15,55024222208.0,large_cap,0.059176641581137,-0.0149657376492824,0.530930757736989,0.2049028169845888,0.1439907198749093,0.1044560305994483,0.7199919448261344,1.076483980648487,2025-07-15,3696.93994140625,45,0.0918299987597957,2025-08-13,0.10847627491750789,2025-10-13,-0.0517157282607964,2026-01-13,,
COST,2025-05-31,,63205000000.0,8209000000.0,2530000000.0,1903000000.0,3167000000.0,,5679000000.0,3460000000.0,-1131000000.0,2329000000.0,75482000000.0,8180000000.0,27125000000.0,13836000000.0,38151000000.0,37579000000.0,63723000000.0,,,-0.008128933038306418,,,0.12987896527173484,0.040028478759591805,0.030108377501779922,0.05010679534846927,0.05474250454869077,0.03684835060517364,0.01789415394351713,0.0,0.08985048651214303,0.1083702074666808,0.30156682027649767,0.1833019792798283,1.0152212671971048,0.8373519514586258,0.004665149224153897,0.003683673901063486,0.0020494348907917383,0.002871103369121157,0.011618357851265977,0.011567054997622207,5.130285364376985e-05,0.0,0.000981475323090411,-0.001416201361025965,-0.01273900136012901,0.014559490478342457,0.01797809846281473,-0.032895508390603956,2025-07-15,465369300992.0,large_cap,0.0502001733459902,-0.0173729912600533,0.1261333134213391,0.0364900394178885,0.0289523016038325,0.0260519624449308,0.1169824290071744,3.643840128309777,2025-07-15,962.2632446289062,45,0.012944412754735346,2025-08-13,-0.03185334815959262,2025-10-13,-0.02388251066982605,2026-01-13,,
MU,2025-05-31,,9301000000.0,3508000000.0,2169000000.0,1885000000.0,4330000000.0,965000000.0,318000000.0,4609000000.0,-2938000000.0,1671000000.0,78397000000.0,16141000000.0,50748000000.0,10163000000.0,27919000000.0,10135000000.0,8053000000.0,,,0.15497330187507763,,,0.3771637458337813,0.23320073110418235,0.2026663799591442,0.46554133964089883,0.4955381141812708,0.17965810127943233,0.31588001290183854,0.10375228470056982,0.034189872056768086,0.20588798040741355,0.3180617955387404,0.12963506256616963,2.7547113961519485,0.11863974386775004,0.009226331205692384,0.013034333488387007,0.006093674135227628,-0.024834917654519006,0.0060310981623958315,0.19369013902933918,-0.1876590408669433,-0.007758953347362624,-0.0012006656310501185,0.0011872836530023578,0.01057510954363422,0.02625806230608449,-0.3796036984272062,0.008404709030029489,2025-07-15,817223696384.0,large_cap,0.6158944658944658,1.1106600553346115,0.2235275377324678,0.0519692565011349,0.0309824379753892,0.0048186053920592,0.2017834505013253,0.3617465713956436,2025-07-15,119.93596649169922,45,0.034634888370392636,2025-08-13,0.6059507207488535,2025-10-13,1.8180704794269453,2026-01-13,,
NKE,2025-05-31,,11097000000.0,4469000000.0,321000000.0,211000000.0,518000000.0,,4148000000.0,463000000.0,-100000000.0,363000000.0,36579000000.0,11018000000.0,13213000000.0,7464000000.0,23362000000.0,10566000000.0,11269000000.0,,,-0.015263111189990242,,,0.4027214562494368,0.028926736955934035,0.019014147967919257,0.04667928268901505,0.04172298819500766,0.03271154366044877,0.00901144453455889,0.0,0.3737947192935028,0.3012110773941332,0.8338757284492545,0.20405150496186336,2.2110543251940187,0.30337078651685395,-0.01213345545523975,-0.0409996096586724,-0.051444632757965916,-0.04472190641383348,-0.11729733304023948,-0.11912091707253553,0.0018235840322960457,0.0,0.028866154203432692,-0.013953106449435704,-0.016484805569450423,-0.02353032236065669,0.01832510840706325,0.005193875448666729,2025-07-15,62019551232.0,large_cap,0.002831091239237,-0.0936578832844194,0.445601806783225,0.1228729410848487,0.110976986877458,0.1288306530119543,0.3136184728417738,1.347730254526371,2025-07-15,70.69425201416016,45,0.07237117658822223,2025-08-13,-0.059172653854069446,2025-10-13,-0.06834237765292761,2026-01-13,,
ORCL,2025-05-31,,15903000000.0,11162000000.0,5191000000.0,3427000000.0,6826000000.0,2654000000.0,2773000000.0,6157000000.0,-9080000000.0,-2923000000.0,168361000000.0,104104000000.0,20451000000.0,10786000000.0,24579000000.0,32643000000.0,14130000000.0,,,0.1254777070063695,,,0.701880148399673,0.3264163994214928,0.21549393196252278,0.42922718983839525,0.3871596554109288,-0.18380179840281707,0.5709614538137459,0.16688675092749797,0.1743696157957618,0.6183379761346155,5.090411226834874,0.06406471807603899,0.7529638819961401,0.09445774258884183,-0.0012337935677720901,0.011554403667777324,0.007709077043909912,0.012312823242499993,-0.032727110335709575,-0.18882656839573994,0.15609945806003034,-0.0050169999571446355,-0.0031958477569629107,0.02175108077093524,-0.6642809429200573,-0.04379385000635143,-0.2636785917573622,0.006899339336849622,2025-07-15,554933092352.0,large_cap,0.0601953797493695,-0.116854573125277,0.7140726194747078,0.3034497082759011,0.1976359962991635,0.2229376333528445,0.6605663375326297,0.375673873567132,2025-07-15,233.1204071044922,45,0.039240651406202476,2025-08-13,0.31317870221843114,2025-10-13,-0.1352711673601248,2026-01-13,,
AAPL,2025-06-30,,94036000000.0,43718000000.0,28202000000.0,23434000000.0,31032000000.0,8866000000.0,6650000000.0,27867000000.0,-3462000000.0,24405000000.0,331495000000.0,101698000000.0,65830000000.0,36269000000.0,122491000000.0,141120000000.0,95359000000.0,,,-0.01387388710032611,,,0.4649070568718363,0.2999064188183249,0.24920243311072354,0.33000127610702285,0.29634395337955677,0.25952826577055593,0.03681568760900081,0.09428304053766642,0.070717597515845,0.30678592437291663,1.5448579674920249,0.10941039834688306,0.8679917800453515,0.283672453581502,-0.005599135516926146,-0.010384167282619927,-0.010657674482686619,-0.008194384501834184,0.04516682274689493,0.04055575137757783,0.004611071369317085,0.004621865399504321,0.00016316636618948777,0.010360145540493526,0.07491964783216498,0.02438867647738334,0.047121757703388,-0.004218547617050095,2025-08-14,4409585041408.0,large_cap,0.0202199407751411,0.0482245460783404,0.4620634981523393,0.3151022287007556,0.2397125576994386,0.2782538647435651,0.2921502548084826,1.0713874732862074,2025-08-14,232.123291015625,45,0.0168399109360029,2025-09-15,0.17593912663011402,2025-11-12,0.10090010591337406,2026-02-13,,
ABBV,2025-06-30,,15423000000.0,11077000000.0,5717000000.0,938000000.0,4344000000.0,2131000000.0,3253000000.0,5153000000.0,-269000000.0,4884000000.0,137182000000.0,70481000000.0,-183000000.0,6467000000.0,29261000000.0,39767000000.0,13343000000.0,,,0.1558869819380948,,,0.718213058419244,0.37068015301821955,0.060818258445179275,0.2816572651235168,0.3341113920767685,0.3166699085780976,0.017441483498670817,0.13817026518835504,0.21091875769953966,0.5137773177238997,385.14207650273227,0.047141753291248124,0.7358110996554933,0.11242728637867942,0.018145607321290003,0.07232146306843312,-0.03556186596462362,-0.04810365820706852,0.21157523079369872,0.21174597842745685,-0.00017074763375817328,-0.016742423112626748,-0.03587731514764614,0.0005103254718524797,335.92447086892946,0.00913639214851688,-0.024428441041701943,0.014435878895111692,2025-08-14,371715538944.0,large_cap,0.0371147685849995,0.1014686460094663,0.6999325451769801,0.2111335960521177,0.0759399297049739,0.3165406326552348,0.4967705181228313,0.4167918260444951,2025-08-14,199.93434143066406,45,0.06317183138965365,2025-09-15,0.1477006955026816,2025-11-12,0.14835322295519848,2026-02-13,,
ABT,2025-06-30,,11142000000.0,6288000000.0,2052000000.0,1779000000.0,3048000000.0,725000000.0,3091000000.0,2047000000.0,-502000000.0,1545000000.0,83999000000.0,13437000000.0,50565000000.0,6951000000.0,24468000000.0,13439000000.0,10358000000.0,,,0.07569028770032826,,,0.5643511039310716,0.1841680129240711,0.1596661281637049,0.2735595045772752,0.1837192604559325,0.1386645126548196,0.045054747801112904,0.06506910788009335,0.2774187758032669,0.15996619007369137,0.26573716997923463,0.08275098513077536,1.8206711808914353,0.13264443624328862,-0.004291491164506778,0.020719470734459206,0.0317456802007777,0.016270452636746147,0.046916788936334136,0.04858920854205652,-0.0016724196057223903,-0.004056205887043168,-0.018101594924672837,-0.0026160710008592547,-0.00555413730805715,0.002552576330068168,0.04021901232791647,0.005471270542473372,2025-08-14,147130957824.0,large_cap,0.0458999227106136,0.127085637323584,0.554088200238379,0.1626936829558999,0.3194755661501788,0.1513945172824791,0.1845014370992704,0.5152676443854866,2025-08-14,127.26060485839844,45,0.01585702704903058,2025-09-15,0.0008727659727023607,2025-11-12,-0.1200930294907131,2026-02-13,,
AEP,2025-06-30,,5086900000.0,3154800000.0,1399100000.0,1225800000.0,2359800000.0,,,1221100000.0,-3289100000.0,-2068000000.0,107778500000.0,46624600000.0,29871100000.0,227300000.0,6321900000.0,11443300000.0,5463000000.0,,,-0.06884495698334248,,,0.6201812498771354,0.2750398081346203,0.24097190823487782,0.4638974621085533,0.2400479663449252,-0.4065344315791543,0.6465823979240795,0.0,0.0,0.4325964826008898,1.5608598277264647,0.00210895493999267,0.5524542745536689,0.047197724963698694,0.01776499507208329,0.04000411346136387,0.0945322230802009,0.05807648462365489,-0.025373962997926713,-0.28096240155901886,0.2555884385610921,0.0,0.0,-0.016949758296627926,-0.1568926456728259,-0.00035094241101973856,0.13560446799152653,-0.005132567982488179,2025-08-14,68094746624.0,large_cap,0.0389316194289326,0.072410068472951,0.6318138025455099,0.2254956645200547,0.1504487602048577,-0.0490340246437807,0.443964764547236,0.1913211354508236,2025-08-14,110.2975845336914,45,-0.03331566014211185,2025-09-15,0.09558173678012438,2025-11-12,0.1695915971065769,2026-02-13,,
AMD,2025-06-30,,7685000000.0,3059000000.0,-134000000.0,872000000.0,721000000.0,1894000000.0,991000000.0,2011000000.0,-282000000.0,1729000000.0,74820000000.0,3886000000.0,59665000000.0,4442000000.0,24519000000.0,9843000000.0,7438000000.0,,,0.03320785157300343,,,0.39804814573845154,-0.017436564736499675,0.11346779440468445,0.09381912817176317,0.2616785946649317,0.22498373454782042,0.036694860117111254,0.24645413142485362,0.12895250487963567,0.05193798449612403,0.06513031090253918,0.05936915263298583,2.491008838768668,0.10271317829457365,-0.10423741489612764,-0.1257990277641953,0.01814647146841125,-0.11954467930336456,0.13543498079023422,0.1272424062337575,0.008192574556476675,0.014133615157039703,0.009834462395096805,-0.014183608795280585,-0.016606355706538067,-0.025173125494197958,-0.3124443612832595,-0.0012420977361740776,2025-08-14,691537707008.0,large_cap,0.1369047619047618,0.1759285320839915,0.4935039751793678,0.0808997479154547,0.0636416521233275,0.0932712817529571,0.0319533123392944,0.3724756594343166,2025-08-14,180.9499969482422,45,-0.10936719325722577,2025-09-15,0.4307268251708718,2025-11-12,0.14573092467925974,2026-02-13,,
AMGN,2025-06-30,,9179000000.0,6168000000.0,2656000000.0,1432000000.0,3603000000.0,1744000000.0,1691000000.0,2280000000.0,-369000000.0,1911000000.0,87897000000.0,56204000000.0,7428000000.0,8028000000.0,26734000000.0,20476000000.0,8149000000.0,,,0.12639587679469866,,,0.6719686240331191,0.28935613901296436,0.15600827976903803,0.39252641899989105,0.24839307114064713,0.20819261357446345,0.04020045756618368,0.18999891055670554,0.18422486109597996,0.6394302422153202,7.566505115778137,0.09133417522782347,1.305626098847431,0.1044290476353004,0.03618509231143541,0.1447985245817458,-0.05628770746865985,-0.10851665376977393,0.07769728024605882,0.08793245895426464,-0.010235178708205818,0.007645247530567362,-0.022794405071647955,-0.0026524057419794467,-1.6780574748453532,-0.007248075491121997,0.13520711414645747,0.013243263173474448,2025-08-14,176207396864.0,large_cap,0.1856686768357573,0.1147421107148745,0.6153063666826233,0.2171493537577788,0.1223671613212063,0.3109741503111536,0.6543951915852743,0.3639412450048454,2025-08-14,281.81915283203125,45,-0.047070219228665944,2025-09-15,0.16782509353359365,2025-11-12,0.30020607169735714,2026-02-13,,
AMT,2025-06-30,,2626900000.0,1938200000.0,1197700000.0,366800000.0,1364700000.0,,233700000.0,1281500000.0,-304600000.0,976900000.0,63754500000.0,45213200000.0,3712800000.0,2076000000.0,3601400000.0,5863600000.0,2562800000.0,,,0.025011705946620832,,,0.737827857931402,0.4559366553732536,0.13963226616924893,0.5195096882256652,0.48783737485248774,0.3718832083444364,0.11595416650805132,0.0,0.08896417830903346,0.7091766071414567,12.177655677655677,0.03256240735948051,0.6141960570298111,0.0412033660369072,-0.01459137103691388,-0.03341093320174249,-0.0510576042849418,-0.04054181793946665,-0.017469320948979405,-0.0042288565845475246,-0.013240464364431909,0.0,-0.00370789910629353,-0.006046515348697268,-0.3785285477601885,-0.0013378369375692326,0.05960890106650829,-9.508245122279851e-05,2025-08-14,79495331840.0,large_cap,0.0114859870957431,-0.0265425031690462,0.7457935065960977,0.4545185243700134,0.2226676672722964,0.3654020854727862,0.7196458919338413,0.165809284612639,2025-08-14,197.7626495361328,45,-0.05386806586406323,2025-09-15,-0.09089628984767884,2025-11-12,-0.03824306224732499,2026-02-13,,
AMZN,2025-06-30,,167702000000.0,86893000000.0,19171000000.0,18164000000.0,36600000000.0,,14381000000.0,32515000000.0,-32183000000.0,332000000.0,682170000000.0,133939000000.0,333775000000.0,57741000000.0,191420000000.0,186921000000.0,155667000000.0,,,0.07731246828165239,,,0.5181393185531479,0.11431586981669867,0.10831117100571251,0.21824426661578275,0.19388558275989554,0.0019797020906131115,0.1919058806692824,0.0,0.08575330049731071,0.1963425539088497,0.4012852969814995,0.08464312414793966,1.0240689917130767,0.24583608191506515,0.012630765038273206,-0.003917281718308754,-0.0017121480021696917,-0.016114974584985564,0.08458174829273166,0.053397150875519356,0.031184597417212273,0.0,0.006153899211232092,-0.010798926310534196,-0.03434522216571151,-0.01828168339369228,-0.024032001072342046,0.0038375618857144633,2025-08-14,2841383010304.0,large_cap,0.1099089224666614,-0.0083868188321754,0.4885439346415678,0.1075194487420038,0.0928711719718665,0.0515362272497135,0.2094755270493875,1.020907545919788,2025-08-14,230.97999572753906,45,0.0019482074489818313,2025-09-15,0.05723439893166016,2025-11-12,-0.13936272853419374,2026-02-13,,
ANET,2025-06-30,,2204800000.0,1438600000.0,986200000.0,888800000.0,999000000.0,296500000.0,155900000.0,1200100000.0,-24000000.0,1176100000.0,16534200000.0,,10901600000.0,2225500000.0,13503500000.0,4051400000.0,2004800000.0,,,0.09976057462090981,,,0.6524854862119013,0.4472968069666183,0.4031204644412192,0.4531023222060958,0.5443124092888244,0.533427068214804,0.01088534107402032,0.13447931785195935,0.07070936139332366,,,0.13459979920407397,3.333045367033618,0.13334784870147937,0.015963139843186203,0.01892489954443155,-0.0028053136912628562,0.0178469351350663,0.22423060561763525,0.22751126613978406,-0.003280660522148874,0.001598232456907489,-0.004559992158152795,,,0.007479520312475174,-0.5996494048782219,-0.00477514469826984,2025-08-14,178764283904.0,large_cap,0.1950274734650694,-0.1425176899677851,0.6413302680241607,0.420470934300524,0.4072624980365838,0.5249389556053747,,0.4986577802462279,2025-08-14,136.47999572753906,45,0.06557735366660955,2025-09-15,-0.010990621680517343,2025-11-12,0.037441388997057734,2026-02-13,,
AON,2025-06-30,,4155000000.0,1795000000.0,953000000.0,579000000.0,1163000000.0,,458000000.0,796000000.0,-64000000.0,732000000.0,54010000000.0,18178000000.0,7843000000.0,1008000000.0,27823000000.0,27075000000.0,4729000000.0,,,-0.12137872700359487,,,0.43200962695547535,0.22936221419975933,0.13935018050541517,0.2799037304452467,0.19157641395908545,0.17617328519855596,0.015403128760529482,0.0,0.11022864019253911,0.3365673023514164,2.3177355603723067,0.018663210516571004,1.0276269621421976,0.07693019811146085,-0.09241414128305286,-0.1028433260835987,-0.06470987447449603,-0.07979176543125999,0.16197184639723305,0.15841054466144452,0.0035613017357885215,0.0,-0.0014228717550185122,-0.03139548390812558,-0.3250399964523649,-0.0005002754885180538,-0.018702271132563508,-0.017078230641719816,2025-08-14,67750879232.0,large_cap,0.1735944976076555,0.1017137379313994,0.4723531660084087,0.2690788635494967,0.1690661230730029,0.1794496114154669,0.3654038598999285,0.3205963443275809,2025-08-14,365.3860778808594,45,-0.006960594826463717,2025-09-15,-0.04432918111970707,2025-11-12,-0.12187793656227852,2026-02-13,,
APD,2025-06-30,,3022700000.0,982600000.0,772400000.0,713800000.0,1353200000.0,24100000.0,222600000.0,855800000.0,-1495800000.0,-640000000.0,41659100000.0,18341000000.0,15537500000.0,2324300000.0,6147600000.0,4759600000.0,2916200000.0,,,0.0365201289349153,,,0.32507360968670396,0.25553313262976807,0.23614649154729214,0.4476792271809971,0.2831243590167731,-0.21173123366526617,0.4948555926820392,0.007973004267707678,0.07364276970920039,0.4402639519336711,1.1804344328238134,0.05579333206910375,1.291621144634003,0.07255797652853758,0.029380584516962516,0.039052781487871085,0.8295900139394463,1.070921803136007,0.17061492893653168,0.32437740085911493,-0.15376247192258324,0.00012031926667894176,-0.002483696239637137,0.015924630709887977,0.05856466120636439,0.017427272423438007,0.2960352236268252,-0.0024608669331027816,2025-08-14,65775423488.0,large_cap,-0.0396349206349206,-0.0318702851632939,0.3249343007784738,0.2435829628282895,0.3163644777944895,-0.260317670198172,0.379185133899016,0.3057668302395981,2025-08-14,286.3536682128906,45,-0.009070110879646376,2025-09-15,-0.09888762268287588,2025-11-12,-0.029183106000626458,2026-02-13,,
APH,2025-06-30,,5650300000.0,2053300000.0,1430800000.0,1091300000.0,1638400000.0,,622500000.0,1416800000.0,-297100000.0,1119700000.0,25668400000.0,8062400000.0,11519300000.0,3207000000.0,11298500000.0,5604200000.0,4811000000.0,,,0.17445437538973185,,,0.3633966338070545,0.2532254924517282,0.19314018724669488,0.2899669044121551,0.2507477479071908,0.19816646903704227,0.05258127887014849,0.0,0.11017114135532627,0.31409826868834834,0.6999036399781237,0.1249396144675944,2.0160772277934407,0.22012669274282776,0.021679735033410752,0.031067936849982214,0.03978329678733092,0.02480373667156066,0.0917579328999158,0.07837848317131789,0.013379449728597878,0.0,-0.009388201816571462,0.0011619004077103035,0.0041691624415259865,0.052579437889900646,0.026706720278738105,0.010058620382651179,2025-08-14,153779306496.0,large_cap,0.2125100559949659,0.2179208141348693,0.3376339282781635,0.2157501625861378,0.1592358779979898,0.1411904589855938,0.3211770412589435,0.7100073693342412,2025-08-14,110.15621185302734,45,0.07675638462585344,2025-09-15,0.283336271102155,2025-11-12,0.32929941312729016,2026-02-13,,
AXP,2025-06-30,,17856000000.0,,,2885000000.0,,,3707000000.0,4364000000.0,-619000000.0,3745000000.0,295556000000.0,59695000000.0,32311000000.0,57830000000.0,,,16967000000.0,,,0.05239582719396485,,,,,0.16157034050179211,,0.24439964157706093,0.2097334229390681,0.03466621863799283,0.0,0.20760528673835124,0.20197526018757866,1.8475132307882765,0.19566511930057248,,0.060414946744440985,,,0.009274707803023918,,-0.036380696726705214,-0.045703601873803956,0.009322905147098742,0.0,-0.004924918955053592,0.014920796673739578,0.15547425892749822,0.009988895891040295,,0.0003002941743243462,2025-08-14,213895708672.0,large_cap,0.0897959183673469,-0.054977264637458,,,0.153588378898846,0.184066475609941,0.1882001466140624,0.2429409749466774,2025-08-14,305.30670166015625,45,0.06346467365500197,2025-09-15,0.21442331239898094,2025-11-12,0.10196205827699911,2026-02-13,,
BA,2025-06-30,,22749000000.0,2435000000.0,-268000000.0,-611000000.0,609000000.0,910000000.0,1793000000.0,227000000.0,-427000000.0,-200000000.0,155120000000.0,53323000000.0,-3295000000.0,7087000000.0,127301000000.0,103376000000.0,19496000000.0,,,0.16685473943373008,,,0.10703767198558178,-0.011780737614840213,-0.026858323442788695,0.02677040749043914,0.009978460591674359,-0.008791595234955383,0.01877005582662974,0.04000175831904699,0.07881665128137501,0.34375322331098507,16.18300455235205,0.04568720990201135,1.2314366971057111,0.1466542031975245,-0.01693647655770915,-0.03542661369198424,-0.024960498247876918,-0.037345308553877646,0.09286725829376709,0.10866839655823296,-0.01580113826446587,-0.003289173154075703,0.021779310288350798,0.001133058959636113,0.057290266637764375,-0.019120386555360816,-0.00018002776742442883,0.02207434710080515,2025-08-14,173812793344.0,large_cap,-0.1449597655346171,-0.3128975507856379,-0.0299321977840251,-0.1627253183396725,-0.1776538328547589,-0.2164559435933671,0.3465525731790769,0.4254011498884007,2025-08-14,233.19000244140625,45,-0.07478880852016123,2025-09-15,-0.16162786588964784,2025-11-12,0.04189718328475878,2026-02-13,,
BAC,2025-06-30,,26463000000.0,,,7116000000.0,,,12888000000.0,-9132000000.0,,-9132000000.0,3441142000000.0,361309000000.0,299599000000.0,275388000000.0,,,28247000000.0,,,-0.06315714943179807,,,,,0.2689037524090239,,-0.34508559120281146,-0.34508559120281146,,0.0,0.48701961228885615,0.10499682954089079,1.2059753203448609,0.08002808370012049,,0.007690179597354599,,,0.008345109013265073,,-0.26776764593428737,-0.26776764593428737,,0.0,0.01376581542547245,0.0018101323654958618,0.036698540037601646,-0.003825438577142709,,-0.0007432107408050373,2025-08-14,353197326336.0,large_cap,0.0300382411038349,-0.0523103634248645,,,0.2548084189842805,-0.0831790356711003,0.1001656088570842,0.0324582321338828,2025-08-14,46.93547058105469,45,0.0662627443828161,2025-09-15,0.14045211207026864,2025-11-12,0.11332849257289501,2026-02-13,,
BILL,2025-06-30,,383349000.0,309761000.0,-22249000.0,-7072000.0,18439000.0,90050000.0,218266000.0,83816000.0,-15337000.0,68479000.0,10063982000.0,1772842000.0,3914040000.0,1038346000.0,7238793000.0,4588660000.0,358217000.0,,,0.07015859102164335,,,0.8080391497043165,-0.05803849755705636,-0.01844794169281777,0.0480997733136124,0.2186414989996061,0.17863356888892368,0.04000793011068243,0.23490344307667427,0.5693662954644463,0.17615711156876077,0.4529442724141807,0.10317446911172934,1.5775396303060152,0.038091184980259304,-0.004331564136735189,0.022767271013391162,0.013903956737463315,0.007414937027227328,-0.05920684432301676,-0.07518743904760644,0.015980594724589646,-0.006681964651043842,-0.01857062545220478,-0.00799569976969322,-0.005367282720982747,-0.0055950307427238,-0.11597755518095498,0.0009033373339867798,2025-08-14,3990840832.0,low_cap,0.2189050590098142,-0.4299042886276516,0.8181513782658436,-0.1136104333375705,-0.0223830621033474,0.199878775853142,0.1064241095226583,0.1405597869789917,2025-08-14,39.47999954223633,45,0.3064843573737528,2025-09-15,0.3150962201354759,2025-11-12,0.19022295398448907,2026-02-13,,
BL,2025-06-30,,172025000.0,129403000.0,8589000.0,8292000.0,27575000.0,27964000.0,92850000.0,32345000.0,-6960000.0,25385000.0,1792689000.0,921415000.0,414047000.0,459141000.0,1056187000.0,643830000.0,166931000.0,,,0.03051560225482386,,,0.7522336869641041,0.04992878942014242,0.048202296177881125,0.1602964685365499,0.18802499636680714,0.14756576079058276,0.040459235576224384,0.16255776776631303,0.5397471297776486,0.5139848573846328,2.225387456013448,0.25611860172065537,1.640474970100803,0.09595919872325875,-0.0026111291575270368,-0.0032308993135259784,0.011929824318250501,0.016734158360489138,-0.09198291109196327,-0.047868280819423764,-0.04411463027253948,0.008452179229732043,-0.00783240907373306,-0.003430876737405275,0.020105369021969022,-0.01311000814219715,-0.014873661961796625,0.002238182839121111,2025-08-14,1598509952.0,low_cap,0.1073566600451527,-0.0208765148245257,0.7520953996106138,0.0310039550858976,0.2466938910453426,0.2510132611703625,0.5022377640769826,0.3579852671399359,2025-08-14,50.369998931884766,45,0.07921385275116766,2025-09-15,0.11375818272271543,2025-11-12,-0.23347227657154057,2026-02-13,,
BLK,2025-06-30,,5423000000.0,2596000000.0,1850000000.0,1593000000.0,2642000000.0,,609000000.0,1364000000.0,-89000000.0,1275000000.0,146470000000.0,14710000000.0,49141000000.0,9478000000.0,22495000000.0,1686000000.0,5276000000.0,,,0.027862016679302437,,,0.4787018255578093,0.3411395906324912,0.293748847501383,0.4871842153789415,0.2515212981744422,0.23510971786833856,0.016411580306103634,0.0,0.11229946524064172,0.10043012220932614,0.29934270771860566,0.06470949682528845,13.342230130486358,0.03702464668532805,-6.997125796021075e-05,0.002625564855387341,0.007547179571132823,0.0847960425207156,0.465319630244192,0.46369197715567745,0.0016276530885145513,0.0,-0.0057824149716403095,-2.6402286594728874e-05,0.002502837621178755,0.01013086611697097,0.9846019649520787,-0.00014546505045134883,2025-08-14,167947649024.0,large_cap,0.1426731619911529,0.1434564664168229,0.4942421718037928,0.3693830548341255,0.3120987896310089,0.2303621306414465,0.1026007286368719,0.1472207192583775,2025-08-14,1142.75341796875,45,-0.034293136223972454,2025-09-15,-0.05263530082350609,2025-11-12,-0.06753472437348285,2026-02-13,,
BMY,2025-06-30,,12269000000.0,8897000000.0,3774000000.0,1310000000.0,3269000000.0,2580000000.0,1713000000.0,3917000000.0,-361000000.0,3556000000.0,94676000000.0,50929000000.0,17435000000.0,12599000000.0,33222000000.0,27528000000.0,11201000000.0,,,0.09534862958664414,,,0.7251609748145733,0.3076045317466786,0.10677316814736328,0.26644388295704624,0.3192599233841389,0.28983617246719373,0.029423750916945147,0.21028608688564676,0.1396201809438422,0.537929359077274,2.9210782907943793,0.13307490810765135,1.2068439407149085,0.129589336262622,-0.004059630488524646,-0.004599735729439558,-0.11249296880469457,-0.13325257271655433,0.1448112134475261,0.13859967572583134,0.006211537721694724,0.008786220802261352,-0.0017957640610680725,-0.016443280952154637,-0.025554638068694846,0.015414484205544823,-0.07205094918953692,0.00840180448078337,2025-08-14,116398063616.0,large_cap,0.0731902413011598,0.0981691186598547,0.710807453416149,0.1218840579710145,-0.1852587991718426,0.2886542443064182,0.5528978542811788,0.5215813742535339,2025-08-14,46.1352653503418,45,-0.030537577755998524,2025-09-15,0.04067286457352748,2025-11-12,0.3031269092497546,2026-02-13,,
BOOT,2025-06-30,,504067000.0,197221000.0,70720000.0,53408000.0,89149000.0,,126501000.0,73850000.0,-31462000.0,42388000.0,2093826000.0,597148000.0,1171406000.0,95319000.0,908744000.0,358654000.0,453749000.0,,,0.11089390830613399,,,0.39125949526551035,0.14029880948365991,0.10595416879105357,0.17685942543352373,0.14650830147579588,0.08409199570691991,0.06241630576887596,0.0,0.25096068578185043,0.28519466278477773,0.5097703102084162,0.0455238400898642,2.5337623447668225,0.24073967941939778,0.01977217518326224,0.03079553785110535,0.023223407951911232,0.0292998715832673,0.24159831820310546,0.26718661409726346,-0.025588295894158,0.0,-0.011023362667843095,0.006187159889614602,0.011967812191074956,0.010950364392634096,0.08870094654580019,0.015891176851783262,2025-08-14,4365484032.0,low_cap,0.146426923909829,0.1407597454636879,0.3751956984025987,0.125242791601085,0.0946793057834633,-0.0003940130940022,0.2790075028951631,0.9470188863247706,2025-08-14,162.47000122070312,45,0.11725243373316552,2025-09-15,0.1014340838537462,2025-11-12,0.15707517745256827,2026-02-13,,
BROS,2025-06-30,,415813000.0,120044000.0,54659000.0,25624000.0,80569000.0,,65385000.0,89897000.0,-54211000.0,35686000.0,2812247000.0,980938000.0,636168000.0,254415000.0,325580000.0,198926000.0,355152000.0,,,0.170802923818534,,,0.28869708258279564,0.13145091663800795,0.06162385495402982,0.19376258077549283,0.21619574183587334,0.08582223259013066,0.13037350924574267,0.0,0.15724616594478769,0.3488093328928789,1.5419480388828108,0.09046680465833905,1.6366890200376019,0.14785792286381672,0.03530416912602219,0.043961616282104,0.018394477110177047,0.03190512256041872,0.11234161740464389,0.11022586821656667,0.0021157491880772206,0.0,-0.008657447156081799,-0.02048967405774349,-0.1627166179617685,-0.023969298074897366,-0.30940363797149617,0.01942257233112854,2025-08-14,8910600192.0,low_cap,0.3264100578187903,0.0195625370748782,0.2655152359652307,0.0828194829880992,0.0275234872347318,0.0192769015194982,0.3769999820078086,0.5121837122688753,2025-08-14,63.2599983215332,45,-0.018337019889190453,2025-09-15,-0.08915585740268073,2025-11-12,-0.1590262065367366,2026-02-13,,
BSX,2025-06-30,,5061000000.0,3424000000.0,943000000.0,797000000.0,1367000000.0,526000000.0,1716000000.0,1286000000.0,-190000000.0,1096000000.0,41559000000.0,12027000000.0,22418000000.0,534000000.0,7121000000.0,5190000000.0,4663000000.0,,,0.08535277718207168,,,0.67654613712705,0.18632681288282948,0.15747875913851017,0.27010472238688005,0.25409998024105906,0.21655799249160246,0.03754198774945663,0.10393202924323257,0.3390634262003557,0.2893957987439544,0.5364885359978588,0.012849202338843572,1.3720616570327553,0.12177867609903992,-0.011851889894180956,-0.014616785658881859,0.012936618885454193,0.010186214988209652,0.13808025045336875,0.1571541752065928,-0.01907392475322405,0.008928812430022193,-0.003419953598057357,-0.0022833243253032043,0.00938606886297677,-0.005212581418007449,-0.07811627891030515,0.005610265536010517,2025-08-14,78301192192.0,large_cap,0.1760533707865168,0.0532020855002843,0.686093031587747,0.1792559861467725,0.1107063951752552,0.1412193228637965,0.2727757329610357,0.4251047087193806,2025-08-14,104.1500015258789,45,-0.04109456280932833,2025-09-15,-0.00019207174429058949,2025-11-12,-0.28247717463196687,2026-02-13,,
BX,2025-06-30,,3161236000.0,,,764244000.0,,,375251000.0,888503000.0,-40146000.0,848357000.0,45373094000.0,12927757000.0,8352339000.0,2235499000.0,,,2826440000.0,,,0.11845147959977931,,,,,0.24175480729689272,,0.2810619011045047,0.268362437983118,0.012699463121386699,0.0,0.11870388670760425,0.28492121343984167,1.5478008016676525,0.049269265172879766,,0.06967203955718779,,,0.02421896715876845,,-0.11138159672315129,-0.11372244618212168,0.002340849458970373,0.0,-0.0031727496264414012,-0.010996185034500616,-0.13078111988780172,-0.0034750906728869546,,0.00721704638937655,2025-08-14,144092463104.0,large_cap,0.5600239144275674,0.5776868192290489,,,0.2540137998671611,0.312907962461141,0.2826485698429084,0.2514509185959241,2025-08-14,169.58274841308594,45,0.052209892678230396,2025-09-15,-0.1662398240021955,2025-11-12,-0.24126851587331932,2026-02-13,,
C,2025-06-30,,21661000000.0,,,4019000000.0,,,7928000000.0,-36579000000.0,-1755000000.0,-38334000000.0,2622772000000.0,373321000000.0,213222000000.0,337473000000.0,,,21601000000.0,,,0.0027776491829081262,,,,,0.18554083375652095,,-1.688703199298278,-1.7697243894557038,0.08102119015742579,0.0,0.3660034162781035,0.14233833516599995,1.7508559154308654,0.12867035335133972,,0.008258819295005437,,,-0.0025986042324610548,,1.0291339378712976,1.0183409778884007,0.010792959982896824,0.0,0.00796443660123669,0.008244956712684104,0.12745660843677853,0.008767836779390276,,-0.000141290523568368,2025-08-14,210502303744.0,large_cap,0.0330644128569599,-0.0154049748981421,,,0.1572044823482745,-0.3243876437921459,0.1427168930850487,0.0342855442859905,2025-08-14,93.95767974853516,45,0.04535939712328352,2025-09-15,0.08404948640385745,2025-11-12,0.1743378377050644,2026-02-13,,
CAT,2025-06-30,,16569000000.0,5426000000.0,2860000000.0,2179000000.0,3498000000.0,551000000.0,1694000000.0,3122000000.0,-955000000.0,2167000000.0,90325000000.0,40748000000.0,18661000000.0,5442000000.0,46755000000.0,34934000000.0,14249000000.0,,,0.16281844339953677,,,0.32747902709879895,0.1726115034099825,0.13151065242319995,0.21111714647836322,0.1884241656104774,0.13078640835294827,0.05763775725752912,0.03325487355905607,0.1022391212505281,0.4511264876833656,2.183591447403676,0.06024910047052311,1.3383809469284937,0.18343758649321892,-0.020475215304176675,-0.008383654144933639,-0.009060615735969113,-0.015284706283234084,0.09796167701478647,0.10474949348172924,-0.006787816466942778,-0.00043170093739982457,-0.009558197859584894,-0.0029888887847305257,0.047763695148182794,0.01833039592560349,0.018577296061796478,0.01575100000794108,2025-08-14,409148456960.0,large_cap,-0.0335669549657023,-0.1620102551491206,0.359888287120616,0.2017003811199061,0.1665200820873644,0.136092209415359,0.4376395788706075,0.7384462877717515,2025-08-14,414.54296875,45,0.04416764626895198,2025-09-15,0.3764462875625454,2025-11-12,0.8640501469992368,2026-02-13,,
CB,2025-06-30,,14881000000.0,,,2968000000.0,,,1125000000.0,3551000000.0,,3551000000.0,261563000000.0,14976000000.0,69395000000.0,2189000000.0,,,13388000000.0,,,0.11151777711383337,,,,,0.19944896176332236,,0.23862643639540354,0.23862643639540354,,0.0,0.07559975808077414,0.05725580452892802,0.2158080553353988,0.008368920680677313,,0.056892603311630464,,,0.10003157305701821,,0.12165601512262195,0.12165601512262195,,0.0,-0.005069497969420064,-0.0003723374520691533,-0.004926509372631505,0.0005358150846939639,,0.003713283981496049,2025-08-14,125724844032.0,large_cap,0.1241119094448681,-0.0331520552514505,,,0.1655418675236565,0.2889126941617568,0.0615661047747294,0.2271768580560377,2025-08-14,274.92840576171875,45,-0.005113524983310858,2025-09-15,0.06959453444355956,2025-11-12,0.17846520767236318,2026-02-13,,
CDNS,2025-06-30,,1275441000.0,1091274000.0,370389000.0,160051000.0,367306000.0,442057000.0,269624000.0,377603000.0,-44085000.0,333518000.0,9508698000.0,2478145000.0,5006538000.0,2822762000.0,4222543000.0,1496565000.0,1242366000.0,,,0.026622589478462855,,,0.8556052377177776,0.2904007319821144,0.1254867924114091,0.2879835288343404,0.29605681485854696,0.2614922995262031,0.03456451533234387,0.3465914926680262,0.21139668553857058,0.2606187513790006,0.4949817618482073,0.296861042384562,2.8214898784884053,0.13413413697648197,-0.009844235303860138,-0.0004821479421591168,-0.09472126221983485,-0.06318512838905432,-0.09595407404214734,-0.11195642653358923,0.016002352491441916,-0.006848636891218007,-0.002548319395563159,-0.014209322908794397,-0.02365846207609157,-0.011307628427152772,-0.25214821349886085,-0.003699992904010435,2025-08-14,95774343168.0,large_cap,0.1347872584404934,-0.0135310531158958,0.8604901595772186,0.2979468524091713,0.2274130495485712,0.2408845952309543,0.2880473769962433,0.5171623275861492,2025-08-14,348.9200134277344,45,0.007451494571480088,2025-09-15,-0.09566663876598158,2025-11-12,-0.14175174845022187,2026-02-13,,
CELH,2025-06-30,,739259000.0,380851000.0,142965000.0,99855000.0,156664000.0,,237886000.0,43712000.0,-8250000.0,35462000.0,3795143000.0,862917000.0,2091314000.0,615233000.0,1391212000.0,659775000.0,329276000.0,,,1.2451044108893452,,,0.5151793890909682,0.19338959688011914,0.13507444616839295,0.2119203148017136,0.059129479654627136,0.047969656101582804,0.011159823553044332,0.0,0.32178979221084897,0.22737404097816605,0.4126195301136032,0.16211062402655183,2.108615815997878,0.1947908155239473,-0.008311542528706473,0.035373221559719226,0.0001754556558745679,0.018757132547313038,-0.25479257965124397,-0.24486371165069795,-0.00992886800054597,0.0,-0.04368476408842581,0.2167788222171753,0.3970767966688784,-0.3634476120324699,-1.2692530089984126,0.01771482056181195,2025-08-14,7710112768.0,low_cap,0.0285399092877618,-0.9879930372670328,0.5017644932614357,0.1148750027662415,0.1070159261745461,0.1766765267809062,0.0114608737090952,0.7672446531486841,2025-08-14,56.66999816894531,45,-0.01058758590978548,2025-09-15,-0.2075171819570939,2025-11-12,-0.21157575879965262,2026-02-13,,
CI,2025-06-30,,66942000000.0,5925000000.0,2070000000.0,1532000000.0,3040000000.0,,3433000000.0,-1886000000.0,-285000000.0,-2171000000.0,151651000000.0,30768000000.0,40214000000.0,4329000000.0,44723000000.0,56779000000.0,65500000000.0,,,0.02201526717557245,,,0.08850945594693914,0.03092229093842431,0.02288548295539422,0.04541244659556033,-0.028173642855008812,-0.03243105972334259,0.004257416868333782,0.0,0.0512832003824206,0.2028868916129798,0.7651066792659272,0.02854580583049238,0.7876679758361366,0.44142142155343517,,,0.002687009672951473,0.004435347358919109,-0.05748661995424545,-0.056751670410365496,-0.0007349495438799588,0.0,-0.013037410304602294,0.000786770809570736,0.008183296379236982,-0.02677153543250062,0.0063422964030035445,0.006661899988035402,2025-08-14,75463155712.0,large_cap,0.2520505976320144,0.1678650962461421,,,0.0140516564095849,0.0366513356029854,0.2051051763845497,1.567760022068116,2025-08-14,285.70330810546875,45,0.028554273981657108,2025-09-15,-0.06327971402465693,2025-11-12,0.014490501206696038,2026-02-13,,
CL,2025-06-30,,5110000000.0,3069000000.0,1080000000.0,743000000.0,1229000000.0,,1963000000.0,884000000.0,-108000000.0,776000000.0,17470000000.0,8758000000.0,702000000.0,1215000000.0,5996000000.0,6775000000.0,4911000000.0,,,0.040521278761962876,,,0.600587084148728,0.21135029354207435,0.14540117416829745,0.24050880626223092,0.17299412915851273,0.1518590998043053,0.021135029354207437,0.0,0.3841487279843444,0.5013165426445335,12.475783475783476,0.06954779622209502,0.8850184501845019,0.2925014310246136,-0.0076393463134997175,-0.0077496860954739955,0.004900257857973683,0.0028789956330311783,0.05081941932344859,0.054933830001821074,-0.0041144106783724856,0.0,-0.002330604127241842,0.004590405803060582,-10.303830849285394,0.002748973611414421,0.03762011174987134,-0.0025066785446781203,2025-08-14,70520684544.0,large_cap,0.0330986277432285,-0.0498311880301336,0.6049947763792846,0.2154121685488284,0.1437241928262275,0.1764091338739366,0.5304748847064689,1.2527109560014955,2025-08-14,83.05828857421875,45,-0.029769673147284736,2025-09-15,-0.06572115706111059,2025-11-12,0.15669276844154334,2026-02-13,,
CME,2025-06-30,,1692000000.0,1470400000.0,1129300000.0,1025100000.0,1457700000.0,,37400000.0,1058500000.0,-18400000.0,1040100000.0,179907000000.0,3420400000.0,27739000000.0,1981300000.0,145450100000.0,142794800000.0,1642300000.0,,,0.03026243682640195,,,0.8690307328605201,0.6674349881796691,0.6058510638297873,0.8615248226950355,0.6255910165484634,0.6147163120567376,0.010874704491725768,0.0,0.02210401891252955,0.019012045112196858,0.12330653592415011,0.011012912226872774,1.018595214951805,0.009404859177241575,-0.005109192853417599,-0.007228593382773818,0.02361882854999675,0.02793778013277526,-0.05430912349903094,-0.0565374174689276,0.002228293969896626,0.0,0.004750307653928809,-0.002652817944377363,-0.0031940726431455846,0.002109118563246479,0.00191594741641965,-0.0010005349263473122,2025-08-14,108294709248.0,large_cap,0.0988008388750469,-0.0126666672013764,0.8612910066719955,0.6413435343632241,0.575161906004796,0.5866951599484511,0.0249405225286837,0.0445997366257539,2025-08-14,265.7840576171875,45,-0.053265381529350786,2025-09-15,0.022632931659029465,2025-11-12,0.11366367014604761,2026-02-13,,
CMG,2025-06-30,,3063393000.0,838230000.0,575134000.0,436127000.0,666079000.0,,172151000.0,561327000.0,-160585000.0,400742000.0,9268794000.0,4780586000.0,3528195000.0,844524000.0,1869125000.0,1132271000.0,2875253000.0,,,0.06543424178672286,,,0.2736279674204387,0.1877441124922594,0.14236730318310448,0.21743178234069216,0.18323701856079191,0.13081638562208636,0.052420632938705546,0.0,0.056196185079746545,0.5157721705758053,1.3549664913645647,0.09111476638708337,1.6507753002593901,0.3305061046776959,0.011521641472774291,0.016062524819800666,0.007909918041692582,0.015418602978736873,-0.010511148991767805,-0.01256751833349598,0.002056369341728169,0.0,-0.0038969615059626095,0.003495429533529548,0.027768301342129043,0.010885945235954236,0.1284755727189839,0.012591120600794481,2025-08-14,41881264128.0,mid_cap,0.1460955510067263,0.0028359268782727,0.2667254029197657,0.1754644505280385,0.1355957161543463,0.1335948946835353,0.4933108976232387,1.229182234446362,2025-08-14,43.16999816894531,45,-0.10632375567698027,2025-09-15,-0.2744961541982526,2025-11-12,-0.15913827248727463,2026-02-13,,
COIN,2025-06-30,,1497208000.0,1070989000.0,-33352000.0,1428900000.0,1878209000.0,387322000.0,408994000.0,-706947000.0,,-706947000.0,23476038000.0,4409515000.0,12094889000.0,7539388000.0,17490500000.0,8230782000.0,2034295000.0,,,-0.26401628082456086,,,0.7153241233015052,-0.02227612996991734,0.9543764126293741,1.2544743282162532,-0.47217687856329915,-0.47217687856329915,,0.2586961865018087,0.2731711291951419,0.1878304592964111,0.3645767232754265,0.3211524874853244,2.1250107219459826,0.06377600854113458,-0.039077770229177466,-0.3861225730865745,0.9221254362468927,1.1874732295555377,-0.8913363416696825,-0.8913363416696825,,0.08400765804354673,0.05440443114987317,-0.011062311705538841,-0.0483045251483773,-0.049339748355022806,-0.3923495974023745,-0.029836546717466883,2025-08-14,51488137216.0,large_cap,1.1117178931939855,1.1385868384849622,0.7478229830829485,0.3405584193120444,0.39290904913873,0.4728704691692357,0.2082400942136729,0.2911916541740331,2025-08-14,324.8900146484375,45,0.006555985931236519,2025-09-15,-0.06429872789732405,2025-11-12,-0.4942288161671299,2026-02-13,,
COP,2025-06-30,,14004000000.0,3509000000.0,2606000000.0,1971000000.0,6206000000.0,,250000000.0,3485000000.0,-3286000000.0,199000000.0,122599000000.0,23529000000.0,65572000000.0,4901000000.0,13939000000.0,10986000000.0,16517000000.0,,,-0.15214627353635646,,,0.25057126535275637,0.18608968866038275,0.14074550128534705,0.44315909740074266,0.2488574692944873,0.01421022564981434,0.23464724364467296,0.0,0.017852042273636105,0.19191836801278966,0.35882693832733487,0.03997585624678831,1.2687966502821773,0.11422605404611783,-0.056809009515561115,-0.06928356314079179,-0.03174344949263927,-0.015277664723129691,-0.12136714776672239,-0.15149783271429537,0.03013068494757301,0.0,0.006288198960685812,0.000504007106903348,-0.005745856669446159,-0.010799169104508226,0.0004344325614180633,-0.018703268148741098,2025-08-14,149131378688.0,large_cap,-0.0248659624873087,0.2599073959859503,0.2992602064115444,0.2335007763266051,0.1688738697597954,0.1462416659055621,0.1981104414399739,0.4458788076233914,2025-08-14,92.58136749267578,45,-0.026746656832710825,2025-09-15,-0.06111048160974719,2025-11-12,0.1854855756057463,2026-02-13,,
CROX,2025-06-30,,1149373000.0,708836000.0,310599000.0,-492282000.0,-406610000.0,,398237000.0,285800000.0,-16571000.0,269229000.0,4450566000.0,1773579000.0,1421137000.0,200611000.0,1101807000.0,714849000.0,937333000.0,,,0.22621629666297882,,,0.6167153743823807,0.2702334229184086,-0.42830482358642497,-0.35376679285140683,0.24865731142109654,0.2342398855723947,0.014417425848701858,0.0,0.3464819514639721,0.39850639222067485,1.2480000168878862,0.04507539041101739,1.5413143195276204,0.2582532199275328,0.038960190258915506,0.0323521149947571,-0.5991117833328545,-0.6164717226895753,0.3203874222781772,0.32237291833663106,-0.0019854960584538683,0.0,0.006608075264158353,0.030827878740130765,0.30227062000233673,0.01221787194914245,0.018410048941854162,0.073233176959705,2025-08-14,4717535232.0,low_cap,0.0352722767592035,-0.0793166736864383,0.5875657101178223,0.2549891421678805,0.2316055549975768,0.2250401500886861,0.3535415436707852,0.8524475427111315,2025-08-14,84.02999877929688,45,-0.07675826540451314,2025-09-15,-0.11400692574346416,2025-11-12,0.15292155969050247,2026-02-13,,
CSX,2025-06-30,,3574000000.0,1283000000.0,1283000000.0,829000000.0,1732000000.0,,,635000000.0,-776000000.0,-141000000.0,42929000000.0,19650000000.0,12372000000.0,387000000.0,2305000000.0,2983000000.0,3423000000.0,,,0.044113350861817224,,,0.35898153329602683,0.35898153329602683,0.23195299384443202,0.4846110800223839,0.17767207610520425,-0.039451594851706774,0.217123670956911,0.0,0.0,0.45773253511612194,1.5882638215324927,0.009014885042744997,0.7727120348642307,0.08325374455496284,0.05486233960628101,0.05486233960628101,0.043229651746856806,0.04873611654005844,-0.18896537642181882,-0.19603938334133575,0.007074006919516929,0.0,0.0,0.003671098508793047,-0.02348638389067914,-0.017351466030196508,-0.11007077717903158,0.004015799232154449,2025-08-14,84842618880.0,large_cap,-0.0079825339428259,0.0052134533997983,0.3681568088033012,0.371595598349381,0.2386519944979367,0.1869325997248968,0.4440417173323356,0.3400056121971752,2025-08-14,35.95357131958008,45,-0.1023417156029387,2025-09-15,-0.022519226233428058,2025-11-12,0.13301233642860755,2026-02-13,,
CVX,2025-06-30,,44375000000.0,13173000000.0,4057000000.0,2490000000.0,8830000000.0,,889000000.0,8576000000.0,-3712000000.0,4864000000.0,250820000000.0,29467000000.0,146417000000.0,4061000000.0,34691000000.0,34827000000.0,46101000000.0,,,-0.037439534934166296,,,0.296856338028169,0.09142535211267605,0.056112676056338025,0.19898591549295774,0.19326197183098592,0.1096112676056338,0.08365070422535212,0.0,0.020033802816901407,0.11748265688541584,0.20125395275138816,0.01619089386811259,0.9960949837769547,0.17691970337293678,0.006884320067604199,-0.0017830381608538032,-0.019807585977023513,-0.018579863991218304,0.08070476049066792,0.08223659026674746,-0.0015318297760795185,0.0,-0.006451522881022714,0.0017207719959670548,0.0023782860579197596,-0.0018982413401776796,-0.08434868884642766,-0.0028834924522873895,2025-08-14,380594323456.0,large_cap,-0.0177692686617948,0.1468518660039272,0.2943220242588437,0.0978057431209736,0.0913119008965224,0.0777813395100665,0.0955133144961041,0.752765258544863,2025-08-14,150.28672790527344,45,0.02514287721702213,2025-09-15,-0.0008587507339434808,2025-11-12,0.21075233488720047,2026-02-13,,
DDOG,2025-06-30,,826760000.0,660782000.0,-34127000.0,2647000.0,20294000.0,387482000.0,307239000.0,200055000.0,-34702000.0,165353000.0,5822415000.0,1264427000.0,3195757000.0,489030000.0,4644676000.0,1353192000.0,761553000.0,,,0.08562371890072007,,,0.7992428274227104,-0.04127800087086942,0.003201654651894141,0.024546422178141177,0.24197469640524458,0.2000012095408583,0.04197348686438628,0.4686753108520006,0.37161812376022063,0.2171653858407551,0.3956580553527693,0.08399092129296865,3.4323850569616137,0.14199606177161883,0.006225138568487498,-0.02496922131120647,-0.02915590943097337,-0.03348630830811519,-0.11458748639752817,-0.12091013871724063,0.006322652319712435,0.020825981914946945,0.010407544851070538,-0.09517687665475058,-0.24798466920266604,-0.09567389529686152,0.6955535641453179,0.01528978474858153,2025-08-14,74032603136.0,large_cap,0.2611946574802466,-0.0093915761774454,0.8079440444812845,0.0202229652326978,0.0684527479487012,0.2887569269169515,0.3184221356777882,0.463978861048592,2025-08-14,124.5199966430664,45,0.11347572786980775,2025-09-15,0.5330067823309541,2025-11-12,0.0054609727233208005,2026-02-13,,
DHR,2025-06-30,,5936000000.0,3523000000.0,760000000.0,555000000.0,1337000000.0,403000000.0,2360000000.0,1338000000.0,-248000000.0,1090000000.0,81620000000.0,17355000000.0,52334000000.0,2957000000.0,10999000000.0,6792000000.0,5741000000.0,,,0.03396620797770433,,,0.5934973045822103,0.1280323450134771,0.09349730458221024,0.22523584905660377,0.2254043126684636,0.18362533692722371,0.04177897574123989,0.06789083557951482,0.3975741239892183,0.21263170791472677,0.3316199793633202,0.03622886547414849,1.6194051825677267,0.07272727272727272,-0.01806862469840287,-0.09388021377419056,-0.07267583598563508,-0.0869048929744013,-0.0008628881676276678,3.36281656839188e-05,-0.0008965163333115797,0.001874462125412743,0.07393712695037491,0.004367892757236508,0.007582141844391599,0.011038006482288438,0.18599660468962287,0.00016293681544704564,2025-08-14,114595143680.0,large_cap,-0.0006278777731267,0.102701326896017,0.5950157068062827,0.2036858638743455,0.1633089005235602,0.2218219895287958,0.2211188775115421,0.3078976554641355,2025-08-14,209.11341857910156,45,-0.10313009847818122,2025-09-15,0.04551220088471952,2025-11-12,0.014415164351276433,2026-02-13,,
DPZ,2025-06-30,,1145144000.0,460970000.0,221161000.0,131091000.0,233250000.0,,239809000.0,187784000.0,-20486000.0,167298000.0,1811293000.0,5211578000.0,-3974627000.0,272859000.0,1007558000.0,1688181000.0,1112056000.0,,,0.029753897285748288,,,0.4025432609348693,0.19312942302452793,0.11447555940562934,0.20368617396589425,0.16398287027657657,0.14609341707243806,0.017889453204138518,0.0,0.2094138379103414,2.877269442326559,1.311211844532833,0.15064321454342286,0.5968305531219698,0.6322246041915913,0.004049839740253192,0.004204584707033138,-0.020095901024420937,-0.028702302873401614,0.0029514114291804006,-0.001678817419350137,0.004630228848530527,0.0,-0.00015474496677989058,0.10434266644710721,-0.01945903952436767,-0.011434395450937024,-0.0019188280515609613,0.03995535254895244,2025-08-14,10054730752.0,mid_cap,0.0506898533227306,0.0634291055154028,0.3927621357738032,0.1867996794163542,0.1241220495595799,0.1087902131898242,2.992056478564064,2.709488069461772,2025-08-14,444.7999572753906,45,0.0024382504397022497,2025-09-15,-0.10046795225178651,2025-11-12,-0.1600428261557899,2026-02-13,,
DUK,2025-06-30,,7508000000.0,3817000000.0,1819000000.0,984000000.0,3992000000.0,,,2863000000.0,-3280000000.0,-417000000.0,189713000000.0,88453000000.0,50891000000.0,344000000.0,12148000000.0,18408000000.0,8249000000.0,,,-0.08982907019032615,,,0.5083910495471498,0.24227490676611615,0.13106020245071923,0.5316995205114544,0.38132658497602556,-0.05554075652637187,0.4368673415023974,0.0,0.0,0.4662463826938586,1.7380872845886306,0.001813265300743755,0.6599304650152108,0.03957556941274452,-0.010096039797013123,-0.04103216075722002,-0.03611157594666228,0.02533511270444755,0.11741580791213901,0.06217048119941307,0.05524532671272597,0.0,0.0,-0.00037867864732643586,0.011602184924134784,-0.0007203923407676917,-0.1084905876163681,-0.004424729292156378,2025-08-14,94292164608.0,large_cap,0.0446317962835511,0.0344816294314933,0.5006094146325395,0.2614882893566558,0.1490265836545113,0.0015811839114537,0.4573823540460334,0.1629092587325523,2025-08-14,120.06446838378906,45,-0.00669672728566717,2025-09-15,0.005722595473496073,2025-11-12,0.058611852636033746,2026-02-13,,
DUOL,2025-06-30,,252265000.0,182581000.0,33363000.0,44781000.0,36803000.0,73670000.0,75548000.0,90675000.0,-4351000.0,86324000.0,1542559000.0,93843000.0,977031000.0,976231000.0,1323990000.0,471383000.0,230743000.0,,,0.09327260198575904,,,0.7237666739341565,0.1322537807464373,0.1775157076883436,0.1458902344756506,0.3594434424117495,0.34219570689552653,0.01724773551622302,0.29203417041603075,0.2994787227716885,0.06083592264542231,0.09604915299514549,0.6328646100408477,2.8087351474278877,0.1635366945445847,0.012603171682733949,0.0300014914028819,0.025246733114900416,0.028079509989967402,-0.09834292597212346,-0.1042403713386994,0.00589744536657601,-0.013023837844241493,-0.004374481875906444,0.02197111456415351,0.03503839698670537,0.002854618208208759,0.12513282831944617,-0.0009101983660603774,2025-08-14,5221224448.0,low_cap,0.4084189874394899,-0.0289725875479929,0.7277560613028459,0.0836804701453429,0.1184106392308268,0.353428499620333,0.0419872661569851,0.5746392487524276,2025-08-14,329.8800048828125,45,-0.13571607514421558,2025-09-15,-0.43440039084110027,2025-11-12,-0.658754704654458,2026-02-13,,
DXCM,2025-06-30,,1157100000.0,688800000.0,212600000.0,179800000.0,308800000.0,148200000.0,328000000.0,303000000.0,-94100000.0,208900000.0,7327000000.0,2579300000.0,2573100000.0,1159000000.0,5030200000.0,3308700000.0,1036000000.0,,,0.11689189189189197,,,0.5952813067150635,0.18373520006913838,0.15538847117794485,0.26687408175611443,0.26186155042779363,0.18053755077348543,0.08132399965430819,0.12807881773399016,0.283467288911935,0.35202675037532416,1.0024095449069217,0.15818206633001228,1.5202949799014718,0.1579227514671762,0.026748488182244956,0.054681146015084336,0.05365101944049312,0.05548412036615305,0.08444842301466621,0.087101257337192,-0.0026528343225257905,-0.012075622420449988,-0.01585703541238931,-0.03057318741812043,-0.1372710339336325,0.02415656164230401,0.020904113614553355,0.004479914848250582,2025-08-14,23781353472.0,mid_cap,0.1133810010214504,-0.1314811888197757,0.6045623605256633,0.148772625836846,0.1428713116786511,0.1563848251921646,0.3990130310740998,0.6219446372118128,2025-08-14,79.95999908447266,45,-0.05477735497208769,2025-09-15,-0.2545022349565389,2025-11-12,-0.12431218803423538,2026-02-13,,
ECL,2025-06-30,,4025200000.0,1802400000.0,734700000.0,524200000.0,977800000.0,,1067700000.0,701800000.0,-216700000.0,485100000.0,23736000000.0,8967400000.0,9320300000.0,1920900000.0,7075800000.0,4908500000.0,3695000000.0,,,0.08936400541271983,,,0.4477789923482063,0.18252509192089833,0.13022955381099074,0.24291960647918115,0.17435158501440923,0.12051575077014806,0.05383583424426115,0.0,0.26525390042730795,0.3777974384900573,0.9621364119180713,0.08092770475227502,1.4415401853926861,0.16958206943040108,0.005343268396920786,0.024257162286256934,0.021298565989610496,0.021349917710574928,0.07437864861386796,0.08492711748192072,-0.010548468868052788,0.0,-0.018913893889336175,0.004116381189821272,0.020486081806982748,0.02894794940496835,0.1222006036865333,0.004378907544715399,2025-08-14,69689556992.0,large_cap,0.0274931136669234,-0.0523219387020132,0.4346309731027736,0.1660271640387767,0.1341939090551031,0.115580570978439,0.3699648915927425,0.7031240229053324,2025-08-14,277.78216552734375,45,-0.03346690300082422,2025-09-15,-0.06533125563177744,2025-11-12,0.07411633414872565,2026-02-13,,
EL,2025-06-30,,3411000000.0,2456000000.0,141000000.0,-546000000.0,-153000000.0,,2315000000.0,601000000.0,-207000000.0,394000000.0,19892000000.0,9467000000.0,3865000000.0,2921000000.0,7069000000.0,5435000000.0,3550000000.0,,,-0.0391549295774648,,,0.7200234535326884,0.04133685136323659,-0.1600703605980651,-0.044854881266490766,0.1761946643213134,0.11550864849017883,0.06068601583113457,0.0,0.6786866021694518,0.47591996782626184,2.449417852522639,0.14684295194047858,1.3006439742410303,0.17147597023929217,-0.029554011256044066,-0.07218427539732679,-0.2048590929924313,-0.19471403619606822,0.09619466432131339,0.06987484567327742,0.026319818648035974,0.0,0.04263026414128279,0.004130769395204792,0.2901543312338015,0.01453881837917917,-0.11293378563004142,-0.00704157979590847,2025-08-14,29044895744.0,mid_cap,-0.0189817724701445,0.0840232452893412,0.716555612506407,0.1001409533572526,0.0249871860584315,0.0923244490005125,0.45329150712737,0.7200258338330949,2025-08-14,88.54764556884766,45,-0.01972339241453447,2025-09-15,0.03198227279631949,2025-11-12,0.21856931133815038,2026-02-13,,
ELV,2025-06-30,,49776000000.0,,,1743000000.0,,,,2054000000.0,-267000000.0,1787000000.0,121938000000.0,30186000000.0,43722000000.0,8560000000.0,,,48891000000.0,,,0.01810149107197634,,,,,0.035016875602700094,,0.04126486660237866,0.03590083574413372,0.0053640308582449375,0.0,0.0,0.24755203464055503,0.6904075751337999,0.07019960963768472,,0.40820744968754613,,,-0.009633469041508448,,0.020463492116276922,0.019108379054763487,0.001355113061513433,0.0,0.0,-0.0030640015113699293,-0.015495537587655095,0.007551865374129843,,-0.00018066561771545864,2025-08-14,85275320320.0,large_cap,0.0319248278277108,-0.0622352666836081,,,0.0338216164244103,0.0257451501611899,0.2671936623634388,1.5126316419851311,2025-08-14,290.52911376953125,45,0.04452735477031755,2025-09-15,0.11504509741432245,2025-11-12,0.186370818329048,2026-02-13,,
EMR,2025-06-30,,4553000000.0,2393000000.0,908000000.0,586000000.0,1201000000.0,,1266000000.0,1070000000.0,-93000000.0,977000000.0,42517000000.0,14869000000.0,19870000000.0,2219000000.0,9072000000.0,10732000000.0,4432000000.0,,,0.027301444043321244,,,0.5255875247089831,0.19942894794640897,0.12870634746321108,0.2637821216780145,0.23500988359323524,0.21458379090709423,0.020426092686141005,0.0,0.2780584230177905,0.34971893595502973,0.7483140412682436,0.052190888350542135,0.8453224002981737,0.10708657713385235,-0.009385399478742618,0.005611258415723047,0.01927493952097281,0.015812807598592132,0.18063262727554572,0.17983649848832167,0.0007961287872240361,0.0,-0.01142713654899652,-0.004061615762536608,-0.023206557204404343,0.007238770574564242,0.0499139547883084,0.0015074642652068704,2025-08-14,74521305088.0,large_cap,0.153445433564128,0.0548508233062317,0.5079464898239195,0.1524125314429453,0.1125085753487308,0.1665332723530757,0.1888532296704786,0.3953351715409302,2025-08-14,132.21925354003906,45,0.013583076335575761,2025-09-15,-0.010475098962841933,2025-11-12,0.11582654183363394,2026-02-13,,
ENPH,2025-06-30,,363153000.0,170493000.0,40329000.0,37052000.0,63105000.0,45421000.0,84743000.0,26629000.0,-8259000.0,18370000.0,3178789000.0,1208798000.0,880637000.0,370536000.0,2288941000.0,1162589000.0,356084000.0,,,0.0198520573797194,,,0.46947980603216827,0.11105236635798135,0.10202862154518894,0.17376973341814608,0.07332722020746077,0.05058473976533307,0.022742480442127698,0.125074004620642,0.23335343505354492,0.38026997073413804,1.3726404863752033,0.11656514477683168,1.9688307733859516,0.11424256218327168,-0.002995789613802924,0.012525052578086726,0.018537085840130585,-0.019597561939129177,-0.06263508082263325,-0.04435353322643292,-0.018281547596200334,-0.01583095038997348,0.00031010819808385826,-0.008658410514803538,-0.11748900697497144,0.003858349150438853,0.07349233749981798,-0.0003981786075499538,2025-08-14,6970807808.0,low_cap,-0.4192460579032698,-0.4020562136702788,0.4728999092742466,0.0679849336619605,0.0771642451835298,0.3608652545920986,0.4025616707634853,0.4093894283614736,2025-08-14,32.220001220703125,45,0.17877089085372488,2025-09-15,-0.04686536558106058,2025-11-12,0.34978274459288583,2026-02-13,,
EOG,2025-06-30,,5355000000.0,3451000000.0,1679000000.0,1345000000.0,2855000000.0,,1402000000.0,2032000000.0,-1793000000.0,239000000.0,46284000000.0,4596000000.0,29238000000.0,5216000000.0,9245000000.0,5175000000.0,5842000000.0,,,-0.08336186237589871,,,0.6444444444444445,0.3135387488328665,0.2511671335200747,0.5331465919701214,0.3794584500466853,0.0446311858076564,0.3348272642390289,0.0,0.26181139122315594,0.09929997407311382,0.1571926944387441,0.11269553193328148,1.786473429951691,0.11569872958257713,-0.03819848605880782,-0.04507131621335059,0.0007391978815947109,0.03040780388384956,-0.012359420545577593,-0.09333526403828676,0.08097584349270914,0.0,0.0057347051567403495,-0.008443417012833992,-0.014307508840833094,-0.027762515829691567,-0.08098591608782657,-0.008646764436408869,2025-08-14,74706477056.0,large_cap,0.0084548356483478,0.222411162787911,0.6833775344340833,0.3530242107964753,0.2738899820343913,0.2468560184789118,0.1073835459670241,0.4954435637689145,2025-08-14,116.62483978271484,45,-0.018782826475896575,2025-09-15,-0.08352865591438996,2025-11-12,0.027224072141691202,2026-02-13,,
EQIX,2025-06-30,,2256000000.0,1172000000.0,500000000.0,368000000.0,1038000000.0,,672000000.0,944000000.0,-989000000.0,-45000000.0,38849000000.0,21851000000.0,14084000000.0,3660000000.0,6550000000.0,4241000000.0,2225000000.0,,,0.013932584269662929,,,0.5195035460992907,0.22163120567375885,0.16312056737588654,0.4601063829787234,0.41843971631205673,-0.0199468085106383,0.438386524822695,0.0,0.2978723404255319,0.5624597801745219,1.551476853166714,0.09421091919997941,1.5444470643716104,0.05807099281834796,0.006694557335245821,0.008597497808590315,0.00896326400510003,0.013364809945015543,0.05484421069407919,-0.04646366244322257,0.10130787313730177,0.0,-0.0019029404733444943,0.017821625015010834,0.13668817147616763,0.012445903539900147,-0.11019675889259162,-0.0035992308574745377,2025-08-14,104486469632.0,large_cap,0.0683927699071813,-0.0589650712053066,0.4893689986282579,0.1856424325560128,0.0931641518061271,0.0209190672153635,0.5404303833547099,0.2493373236425823,2025-08-14,761.8771362304688,45,0.02726404245271108,2025-09-15,0.05523979589179984,2025-11-12,0.2482415715642461,2026-02-13,,
ETN,2025-06-30,,7028000000.0,2597000000.0,1256000000.0,982000000.0,1518000000.0,192000000.0,1149000000.0,918000000.0,-202000000.0,716000000.0,40507000000.0,11583000000.0,18606000000.0,398000000.0,11897000000.0,9594000000.0,6377000000.0,,,0.10208562019758505,,,0.3695219123505976,0.17871371656232213,0.13972680705748436,0.2159931701764371,0.13062037564029597,0.10187820147979511,0.028742174160500854,0.02731929425156517,0.1634889015367103,0.28595057644357763,0.6225411157691068,0.009825462265781224,1.2400458619970816,0.17350087639173475,-0.014200841295317401,-0.00961935541509673,-0.01144145388026066,-0.010131967035417994,0.09329875105193153,0.08760816854894989,0.0056905825029816455,-0.003729788389174992,-0.0008516974910456887,0.011783357140409734,0.041702468843785256,-0.0354992329339331,-0.06577224344295196,0.010847200933896656,2025-08-14,155102560256.0,large_cap,0.0725125021555441,-0.0452592788776091,0.38198408232173,0.1861886003698046,0.1525042205965109,0.141450277353485,0.2558818165238008,0.6481853000182382,2025-08-14,352.0486145019531,45,0.05756120725084224,2025-09-15,0.043142429187974285,2025-11-12,0.09919651897996262,2026-02-13,,
EXC,2025-06-30,,5427000000.0,2210000000.0,925000000.0,391000000.0,1894000000.0,,,1511000000.0,-2013000000.0,-502000000.0,111147000000.0,48844000000.0,27620000000.0,724000000.0,8676000000.0,9156000000.0,6714000000.0,,,-0.19168900804289546,,,0.4072231435415515,0.17044407591671273,0.07204717154965912,0.34899576193108534,0.27842270130827346,-0.09250046065966464,0.37092316196793806,0.0,0.0,0.4394540563398022,1.7684286748732803,0.006513896011588257,0.9475753604193972,0.048827228805095955,-0.016518292264227463,-0.05848055917414219,-0.06319262588852975,-0.0223179109911667,0.09969169147806792,0.01861065045144647,0.08108104102662139,0.0,0.0,-0.0014322832166626664,0.019959083827530977,-0.0026563937111109505,-0.13831875287197637,-0.012496800276779019,2025-08-14,44386770944.0,mid_cap,0.0598794127122934,-0.0789716198907046,0.4084158415841584,0.1870331770019107,0.1068264721208963,-0.0663540038214347,0.4328007867587026,0.2136495212647517,2025-08-14,43.8877067565918,45,-0.027323577547269218,2025-09-15,0.0376494395996001,2025-11-12,0.0952589848898282,2026-02-13,,
FCX,2025-06-30,,7582000000.0,2632000000.0,2432000000.0,772000000.0,3141000000.0,,127000000.0,2195000000.0,-1261000000.0,934000000.0,56492000000.0,9251000000.0,18208000000.0,4490000000.0,13636000000.0,5531000000.0,5728000000.0,,,0.323673184357542,,,0.3471379583223424,0.320759694012134,0.10182010023740438,0.41427064099182276,0.28950145080453704,0.12318649432867318,0.1663149564758639,0.0,0.016750197836982325,0.1637577002053388,0.508073374340949,0.07948028039368406,2.4653769661905622,0.13421369397436805,0.08421896390893457,0.0932806437328044,0.04036758627092394,0.09531114378511885,0.10479474689392251,0.1430887289655447,-0.03829398207162216,0.0,-0.01013527702335287,-0.004104925191826592,-0.023586508065202016,0.0012074590020878934,0.14298086994287607,0.031968147581879394,2025-08-14,90580639744.0,large_cap,0.1137606650623495,0.1104683033415416,0.3009231978000393,0.2696523276370065,0.0742093891180514,0.0923983500294637,0.1775452158693115,0.4641007876312719,2025-08-14,41.931846618652344,45,0.07947020891757428,2025-09-15,-0.0075693797646363414,2025-11-12,0.49532958970293617,2026-02-13,,
GD,2025-06-30,,13041000000.0,1949000000.0,1305000000.0,1014000000.0,1528000000.0,,644000000.0,1598000000.0,-198000000.0,1400000000.0,56888000000.0,10619000000.0,23580000000.0,1523000000.0,25066000000.0,18379000000.0,12223000000.0,,,0.06692301399001876,,,0.1494517291618741,0.10006901311249138,0.07775477340694732,0.11716892876313166,0.12253661529023847,0.10735373054213634,0.01518288474810214,0.0,0.04938271604938271,0.1866650260160315,0.4503392705682782,0.026771902685979468,1.3638391642635617,0.22923990999859373,-0.005420233531409052,-0.0036698398695915874,-0.003567324277745476,-0.00481421776390753,0.13464493566985067,0.13107949344813324,0.0035654422217174554,0.0,-0.0017503936618174856,-0.01671072513278435,-0.0674110106465699,0.004820683173784347,0.024979889210256845,0.013209510564164612,2025-08-14,90458890240.0,large_cap,0.1287850113550341,0.05608219205897,0.1543297845586386,0.1005113588733338,0.0792606253667533,0.0669796294743901,0.1910522548317824,0.8539012168933429,2025-08-14,311.73052978515625,45,0.03527112560165224,2025-09-15,0.11127780846314361,2025-11-12,0.11003803701810289,2026-02-13,,
GE,2025-06-30,,11022000000.0,3478000000.0,2099000000.0,2028000000.0,2858000000.0,359000000.0,1020000000.0,2246000000.0,-327000000.0,1919000000.0,125256000000.0,18887000000.0,19135000000.0,10861000000.0,37801000000.0,36466000000.0,9934000000.0,,,0.1095228508153816,,,0.3155507167483215,0.19043730720377428,0.1839956450734894,0.25929958265287606,0.20377426964253312,0.17410633278896753,0.029667936853565596,0.03257122119397569,0.09254218835057158,0.15078718783930511,0.9870394564933368,0.08671041706584914,1.0366094444139746,0.08799578463307146,-0.010400561689367205,-0.011193455832263582,-0.015118508339033249,-0.01793013347355843,0.05187171276715563,0.04314196798123651,0.00872974478591913,-0.0035672929997025912,0.004360187142598962,-0.006887054645971585,-0.029583056622864867,-0.013230770304742928,-0.03883201404456971,0.00796226949083352,2025-08-14,294150897664.0,large_cap,0.0948851420165215,-0.1181969815978785,0.3091571495013178,0.1746938142731642,0.1693969303911942,0.0950338483799286,0.156512912132532,0.3142926750040604,2025-08-14,268.6717834472656,45,0.06332954596955842,2025-09-15,0.14719161656445934,2025-11-12,0.17225262121504525,2026-02-13,,
GILD,2025-06-30,,7081000000.0,5580000000.0,2724000000.0,1960000000.0,3374000000.0,1491000000.0,1365000000.0,827000000.0,-107000000.0,720000000.0,55721000000.0,24946000000.0,19675000000.0,5144000000.0,14718000000.0,11189000000.0,6667000000.0,,,0.062096895155242304,,,0.7880242903544697,0.38469142776444004,0.27679706256178505,0.47648637198135857,0.11679141364214093,0.10168055359412512,0.015110860048015817,0.21056347973450076,0.1927693828555289,0.4476947649898602,1.2679034307496824,0.09231707973654457,1.3153990526409867,0.1270795570790187,0.01901274093194083,0.01121010183073673,0.07955692456868471,0.08575590850453241,-0.14674540951670115,-0.14625704952571889,-0.0004883599909822327,0.0037238217174016264,0.004078817383802474,0.005549958667430466,-0.03425709529144072,-0.04813016837629522,-0.05387908071395131,0.008941555165278753,2025-08-14,160882638848.0,large_cap,0.0604071396961203,0.0664553050859521,0.7826041594212979,0.3685052514432774,0.0166933296237045,0.3583849203589065,0.4527671836596322,0.4873972370539876,2025-08-14,116.7605209350586,45,-0.04787828830762608,2025-09-15,0.04400055279539017,2025-11-12,0.3198367620042688,2026-02-13,,
GOOGL,2025-06-30,,96428000000.0,57389000000.0,31271000000.0,28196000000.0,39192000000.0,13808000000.0,12310000000.0,27747000000.0,-22446000000.0,5301000000.0,502053000000.0,,362916000000.0,21036000000.0,166216000000.0,87310000000.0,90234000000.0,,,0.06864374847618415,,,0.5951487119923674,0.3242937735927324,0.2924046957315303,0.40643796407682414,0.28774837184220353,0.054973659103165054,0.23277471273903846,0.1431949226365786,0.12766001576305638,,,0.04189995876929328,1.9037452754552744,0.1920673713731419,-0.001887881752784093,-0.014891012629755784,-0.09037784743401706,-0.10678321640946703,-0.11287666971641075,-0.15506911856378974,0.042192448847378994,-0.007036697373617118,0.020039828250588795,,,-0.007038350856390915,0.13566095834963798,0.002250511385006232,2025-08-14,4807165739008.0,large_cap,0.1386624332290156,0.0518347309563205,0.5820043540617911,0.3210977721145769,0.28603671811164,0.20788645155392,0.0501359226751003,0.7773755374720159,2025-08-14,202.48358154296875,45,0.24093343433335623,2025-09-15,0.4140455844492117,2025-11-12,0.5087887201502581,2026-02-13,,
GS,2025-06-30,,14583000000.0,,,3723000000.0,,,4852000000.0,5672000000.0,-476000000.0,5196000000.0,1785009000000.0,372977000000.0,124096000000.0,152967000000.0,,,15062000000.0,,,-0.031801885539768926,,,,,0.25529726393746144,,0.38894603305218406,0.3563052869779881,0.03264074607419598,0.0,0.3327161763697456,0.20894964675248137,3.005552153171738,0.08569536624185088,,0.008169706707361139,,,-0.05926919470016967,,2.8607293287632447,2.8612183131365327,-0.0004889843732877527,0.0,-0.001369602411292803,0.004701044825498796,0.1033799890526712,-0.009089936057290596,,-0.0003582980667814883,2025-08-14,279805689856.0,large_cap,0.1569161586024992,0.1803722971013908,,,0.2667812827029451,-0.2859732396471819,0.2043918394818052,0.0319289343736052,2025-08-14,735.683349609375,45,0.0585809722638424,2025-09-15,0.12882915709678144,2025-11-12,0.22389806524878053,2026-02-13,,
HCA,2025-06-30,,18605000000.0,7623000000.0,2967000000.0,1653000000.0,3846000000.0,,,4210000000.0,-1176000000.0,3034000000.0,59536000000.0,46364000000.0,-4394000000.0,939000000.0,15563000000.0,15939000000.0,18321000000.0,,,0.01550133726324976,,,0.4097285675893577,0.1594732598763773,0.0888470841171728,0.20671862402579952,0.2262832571889277,0.16307444235420585,0.06320881483472185,0.0,0.0,0.7787557108304219,10.551661356395083,0.015771969900564363,0.9764100633665851,0.3125,-0.0029126637844755776,0.0036411546419468643,0.0009697848431157174,0.0029087883181416474,0.13616808880292258,0.12705020786918864,0.009117880933733911,0.0,-0.4364936411767917,0.002208000204648508,-2.6441329033377947,-0.0019543754621567967,-0.2163124074719447,0.006118515669420399,2025-08-14,93838237696.0,large_cap,0.0867350080039404,0.0081236155778616,0.4061867059473393,0.1493845870572072,0.08158293556931,0.0798691273741909,0.760119637726211,1.1863458404046174,2025-08-14,391.7806396484375,45,0.024184000022433594,2025-09-15,0.20527707560164976,2025-11-12,0.37701431421479015,2026-02-13,,
HON,2025-06-30,,10352000000.0,4023000000.0,2114000000.0,1570000000.0,2654000000.0,481000000.0,1428000000.0,1319000000.0,-364000000.0,955000000.0,78419000000.0,36512000000.0,16095000000.0,10349000000.0,27967000000.0,21619000000.0,8925000000.0,,,0.15988795518207288,,,0.3886205564142195,0.20421174652241114,0.151661514683153,0.2563755795981453,0.12741499227202474,0.09225270479134466,0.03516228748068006,0.046464451313755796,0.13794435857805254,0.46560144862852115,2.268530599565082,0.13197056835715834,1.2936306027105786,0.13200882439204784,0.0007213967503539309,0.009701942600842506,-0.010691426493317585,0.0014736188138315676,0.06052423596950374,0.046650463894986116,0.013873772074517593,-0.00014619294394728477,-0.008834352906541304,0.029110183239917375,0.38844126783513877,0.003583746053986231,0.04108200953401209,0.013353715242642103,2025-08-14,135120191488.0,large_cap,0.0517434639037839,0.1210210819041223,0.3847394648155082,0.1920672869199527,0.1643287150387418,0.1505314399285652,0.4265785414117772,0.4616867918506303,2025-08-14,201.26112365722656,45,-0.02455426138691963,2025-09-15,-0.014663549218796978,2025-11-12,0.18688955423219777,2026-02-13,,
IBM,2025-06-30,,16977000000.0,9977000000.0,3086000000.0,2194000000.0,4372000000.0,2097000000.0,4671000000.0,1701000000.0,-373000000.0,1328000000.0,148585000000.0,67719000000.0,27509000000.0,11943000000.0,34253000000.0,37726000000.0,14541000000.0,,,0.16752630493088505,,,0.5876774459562938,0.1817753431112682,0.12923366908169878,0.25752488661129763,0.10019438063262061,0.07822347882429169,0.021970901808328915,0.12352005654709312,0.2751369499911645,0.4557593296766161,2.461703442509724,0.08037823468048591,0.9079414727243811,0.11425783221724939,0.03537705396124535,0.06039442020362773,0.0566801995816644,0.06565362603774699,-0.20033515653813794,-0.19514148919716484,-0.005193667340973058,-0.010583512670979914,-0.017896541515609432,-0.003061130688463143,-0.024717688442656982,0.004623259291413578,-0.0986101138989881,0.014434262019469526,2025-08-14,206116847616.0,large_cap,0.0144358228257355,-0.0075367527566203,0.566522716045448,0.1605341577295109,0.0959794750848565,0.1874013991362962,0.4257043921997449,0.4574667395662475,2025-08-14,232.75987243652344,45,0.08067980971212352,2025-09-15,0.3357374002656719,2025-11-12,0.11902025881348632,2026-02-13,,
ICE,2025-06-30,,3262000000.0,1829000000.0,1307000000.0,851000000.0,1728000000.0,,127000000.0,1506000000.0,-167000000.0,1339000000.0,144175000000.0,19666000000.0,28444000000.0,1003000000.0,93969000000.0,93443000000.0,3229000000.0,,,0.010219882316506723,,,0.5606989576946658,0.4006744328632741,0.2608828939301042,0.5297363580625383,0.4616799509503372,0.41048436541998773,0.05119558553034948,0.0,0.03893316983445739,0.1364036760880874,0.6913936155252426,0.0069568233050112714,1.0056291000931048,0.022625281775619906,0.009754392813897783,0.012628598239551592,0.014057251316291902,0.01502592139483927,0.16251612313986957,0.1698525908767855,-0.007336467736915923,0.0,-0.0034948264492217704,-0.007930333851018073,-0.045755165485696137,0.0014763165506191667,0.00644877222425233,2.431586255208229e-05,2025-08-14,87292510208.0,large_cap,0.187619913157629,0.1599113203805431,0.554544681574696,0.3752231953065215,0.2341637615848992,0.3279483037156704,0.1484852396936053,0.0843517801302464,2025-08-14,181.04425048828125,45,-0.05720386052459203,2025-09-15,-0.1543653574959991,2025-11-12,-0.16158808035387695,2026-02-13,,
INTC,2025-06-30,,12859000000.0,3542000000.0,-1286000000.0,-2918000000.0,471000000.0,3684000000.0,1144000000.0,2050000000.0,-3550000000.0,-1500000000.0,192520000000.0,50757000000.0,97883000000.0,9643000000.0,43375000000.0,34966000000.0,12667000000.0,,,0.015157495855372183,,,0.2754491017964072,-0.10000777665448324,-0.22692277782098141,0.036628042616066565,0.15942141690644684,-0.11664981724861964,0.2760712341550665,0.28649195116260984,0.08896492728828058,0.2636453355495533,0.5185476538316153,0.05008830251402452,1.2404907624549562,0.06679306046125078,-0.09338329735098366,-0.08856070947204067,-0.16210869398108246,-0.15181436679421212,0.09523889539385508,0.22834110404292532,-0.13310220864907024,-0.0008689077621553132,-0.003953680116787706,0.0027710208836633776,0.015810976338532123,0.003548004348171062,-0.06907596844577113,0.0009021521269637761,2025-08-14,546677981184.0,large_cap,-0.0207826215239359,0.1191926377776151,0.3266416828308318,-0.0886612304853016,-0.3532136871245362,-0.2948343722340446,0.2545283354963483,0.2702547268239306,2025-08-14,23.860000610351562,45,0.03813913764182009,2025-09-15,0.5880133453647112,2025-11-12,0.9610226202269121,2026-02-13,,
ISRG,2025-06-30,,2440000000.0,1617900000.0,743400000.0,658400000.0,890000000.0,313300000.0,561200000.0,715400000.0,-155300000.0,560100000.0,20163200000.0,,17845700000.0,3403100000.0,8745900000.0,1692600000.0,2253400000.0,,,0.08280820094080066,,,0.6630737704918033,0.304672131147541,0.2698360655737705,0.36475409836065575,0.2931967213114754,0.22954918032786886,0.06364754098360656,0.1284016393442623,0.23,,,0.16877777336930647,5.167139312300603,0.12101253769242977,0.016184625200243885,0.0481264668180833,-0.04009559325289147,0.041819865645647325,0.0350978484970616,0.023194338755134325,0.011903509741927318,-0.0119196529251972,-0.020022188692642245,,,0.034867969202899946,0.18839930839968577,0.003772521875901491,2025-08-14,149145059328.0,large_cap,0.1723726505804241,0.027423918620667,0.6745848349516887,0.2812346595467008,0.2780857508889979,0.1561044527723566,,0.445606940116949,2025-08-14,477.0799865722656,45,-0.09032027657979225,2025-09-15,0.19990363947140644,2025-11-12,0.018361721330136138,2026-02-13,,
ITW,2025-06-30,,4053000000.0,1782000000.0,1068000000.0,755000000.0,1171000000.0,,693000000.0,550000000.0,-101000000.0,449000000.0,16048000000.0,8937000000.0,3210000000.0,788000000.0,6234000000.0,3932000000.0,3839000000.0,,,0.055743683250846665,,,0.4396743153219837,0.26350851221317545,0.18628176659264742,0.28892178633111276,0.13570194917345177,0.11078213668887243,0.024919812484579324,0.0,0.17098445595854922,0.5568918245264207,2.78411214953271,0.04910269192422732,1.5854526958290946,0.2525548354935194,0.002581322355065252,0.015787751598432015,0.0039426157721212385,0.013329184090946078,-0.01850487552047894,-0.018418175892528976,-8.669962794997932e-05,0.0,-0.012917601869010031,0.022692186564176042,0.2345903969871994,-0.007336408153352202,-0.011637251260852466,0.004365024270349016,2025-08-14,71257530368.0,large_cap,-0.0129757248401316,-0.023959907616933,0.4428229966033463,0.2682098377154359,0.2193986664989307,0.1788904264687382,0.536138581004845,1.055153647043207,2025-08-14,257.5697937011719,45,0.005257316695037373,2025-09-15,-0.05919807081643025,2025-11-12,0.15586998508420624,2026-02-13,,
JNJ,2025-06-30,,23743000000.0,16115000000.0,6710000000.0,5537000000.0,8742000000.0,3516000000.0,5889000000.0,3878000000.0,-1398000000.0,2480000000.0,193389000000.0,50761000000.0,78473000000.0,18577000000.0,54498000000.0,54180000000.0,21893000000.0,,,0.08450189558306298,,,0.6787263614539022,0.28260961125384326,0.23320557638040687,0.3681927304889862,0.16333235058754159,0.10445183843659184,0.058880512150949756,0.1480857515899423,0.24803099861011665,0.26248132003371444,0.6468594293578683,0.09606027230090647,1.0058693244739756,0.12277327045488627,0.0147698456726022,-0.0005402539998908273,-0.2691924503861396,-0.34468353132986,-0.027322196527974796,-0.04925025812395262,0.02192806159597785,0.0007783930735215383,0.014531706598971544,-0.0073164297584588645,-0.02210317418333696,-0.10259621214952752,-0.25155119816982174,0.009731049368611092,2025-08-14,545740161024.0,large_cap,0.0430019140666282,-0.0216186635055681,0.6907150336069173,0.2392339649407234,0.1583634500850024,0.2033190349129147,0.2034046995069515,0.4931650601874472,2025-08-14,171.44117736816406,45,0.022791458091708572,2025-09-15,0.12074653273011804,2025-11-12,0.4125114624813393,2026-02-13,,
JPM,2025-06-30,,44882000000.0,,,14987000000.0,,,14989000000.0,29547000000.0,,29547000000.0,4552482000000.0,485095000000.0,356924000000.0,420327000000.0,,,45327000000.0,,,-0.009817548039799728,,,,,0.3339200570384564,,0.6583262777951072,0.6583262777951072,,0.0,0.3339646183325164,0.10655615991452574,1.3590988557788213,0.09232919537078894,,0.009858797904088364,,,0.010867571764778483,,6.214374549244796,6.214374549244796,,0.0,-0.013091220350829047,-0.001800793596558603,0.015396163843245603,-0.005403038094474705,,-0.0005424177395675998,2025-08-14,797985275904.0,large_cap,0.0934934689452218,-0.1196564523713361,,,0.3450858421024675,-0.2479476389733178,0.1134979042243781,0.0423299708654961,2025-08-14,289.9384460449219,45,0.05010860775249992,2025-09-15,0.09453268879155563,2025-11-12,0.038184121743412014,2026-02-13,,
KKR,2025-06-30,,5002879000.0,1052777000.0,327265000.0,510123000.0,2306989000.0,,725512000.0,438756000.0,-67361000.0,371395000.0,380867573000.0,52484127000.0,28219229000.0,17824220000.0,148241080000.0,54878888000.0,3054695000.0,,,0.6377671093186064,,,0.2104342319692321,0.06541533385076873,0.1019658880416656,0.4611322800331569,0.08770070193582535,0.0742362547645066,0.013464447171318755,0.0,0.14501889811846339,0.13780151086792575,1.8598710475045226,0.04679899593342382,2.7012405936505126,0.013135481607408989,0.23815320227559658,0.29676052543290704,0.16283088438336257,-0.028323132045626698,-0.746990159181242,-0.753630357123096,0.006640197941853948,0.0,-0.05860732315731046,0.0014025693541364348,0.010897766228488592,-0.0015044656832357978,-1.4057656841008188,0.004932159496329263,2025-08-14,90418855936.0,large_cap,0.5108904849377254,-1.0628248559321598,0.1775334967815585,0.0427996614462801,0.1421536071978339,0.3007511729973279,0.1411178092707294,0.0600953162903118,2025-08-14,145.28439331054688,45,-0.009653664949894725,2025-09-15,-0.157401129124648,2025-11-12,-0.30242928582246353,2026-02-13,,
KLAC,2025-06-30,,3174741000.0,1967455000.0,1351760000.0,1202849000.0,1498176000.0,352989000.0,262706000.0,1164991000.0,-102508000.0,1062483000.0,16067926000.0,6088282000.0,4692453000.0,2078908000.0,10698789000.0,4085795000.0,3063029000.0,,,0.036471087932892665,,,0.6197214197945596,0.4257859145045218,0.3788809858819979,0.4719049522464982,0.3669562335951185,0.3346676154054772,0.032288618189641294,0.1111867078290796,0.08274879746095823,0.37890901414407807,1.297462542512413,0.12938247288417934,2.618532990519593,0.1975825006911284,0.003553567645592115,0.0012414521438977033,0.02354122253010016,0.0036060886053116414,0.016923961618588057,0.011450303391780936,0.0054736582268071175,0.0008243834762902552,0.0014877320254040732,-0.022002884726546545,-0.22302930477151728,0.007050075994914459,0.07500368346567976,-0.004087705211346437,2025-08-14,235693834240.0,large_cap,-0.0651491379238068,-0.2045531012611613,0.5996765063089016,0.3705251202909996,0.2814743656575298,0.3089191497115798,0.4418708547331187,0.6357731583225807,2025-08-14,950.5032348632812,45,0.037316144658928296,2025-09-15,0.2576583449158465,2025-11-12,0.5383745439636243,2026-02-13,,
KMB,2025-06-30,,4163000000.0,1456000000.0,592000000.0,509000000.0,802000000.0,,863000000.0,770000000.0,-197000000.0,573000000.0,16771000000.0,7241000000.0,1271000000.0,634000000.0,5557000000.0,7171000000.0,4054000000.0,,,0.026887025160335476,,,0.3497477780446793,0.14220514052366082,0.12226759548402594,0.19264953158779727,0.18496276723516694,0.13764112418928656,0.04732164304588037,0.0,0.2073024261349988,0.4317571999284479,5.697088906372935,0.03780335102259853,0.7749267884534933,0.24822610458529604,-0.02247718495482731,-0.013443601459565635,-0.01759426934083838,-0.014306561160106035,0.10430169175416053,0.10730071965055937,-0.0029990278963988592,0.0,-0.0036003859024950347,-0.012707688142695905,-0.8851090954435952,0.003274065527351676,0.011886765335446747,-0.0004092833325205769,2025-08-14,31836399616.0,mid_cap,-0.0198880205295696,0.1302482867814588,0.3742338589705445,0.1664385599523951,0.1514430229098482,0.1495388277298423,0.4553366372537169,1.0156533301099964,2025-08-14,128.9105987548828,45,-0.050108927433200945,2025-09-15,-0.2117425607682506,2025-11-12,-0.16162753742327585,2026-02-13,,
KO,2025-06-30,,12535000000.0,7821000000.0,4319000000.0,3810000000.0,5520000000.0,,3470000000.0,3811000000.0,-442000000.0,3369000000.0,104333000000.0,49446000000.0,28585000000.0,9590000000.0,26609000000.0,21944000000.0,11129000000.0,,,0.12633659807709585,,,0.623932987634623,0.34455524531312326,0.3039489429597128,0.44036697247706424,0.30402871958516153,0.26876745113681694,0.03526126844834464,0.0,0.27682489030714,0.4739248368205649,1.7297883505334966,0.09191722657260885,1.2125865840320817,0.1201441538151879,-0.001999261444359801,0.010473117538839838,0.004730684356064663,0.017058499119170456,0.7714561614038336,0.7639601908259175,0.007495970577916029,0.0,-0.01376725633676329,-0.008899890852564207,-0.14453422026262586,0.009167216741313877,0.11304021306433976,0.010731672003083614,2025-08-14,347726643200.0,large_cap,0.0285658084539057,-0.0353817313098372,0.6106330082233696,0.2979537196404666,0.225898302203523,0.10074159070143,0.4427890879073884,0.4680404578862047,2025-08-14,68.07120513916016,45,-0.040722111033016484,2025-09-15,0.03606643586484948,2025-11-12,0.14795518025820686,2026-02-13,,
LIN,2025-06-30,,8495000000.0,4189000000.0,2339000000.0,1766000000.0,3355000000.0,38000000.0,870000000.0,2211000000.0,-1257000000.0,954000000.0,86078000000.0,25920000000.0,38515000000.0,4786000000.0,13627000000.0,14714000000.0,8112000000.0,,,0.047214003944773264,,,0.49311359623307827,0.2753384343731607,0.20788699234844027,0.39493819894055326,0.2602707474985285,0.11230135373749264,0.1479693937610359,0.004473219540906416,0.10241318422601531,0.30112223797021304,0.6729845514734519,0.055600734217802456,0.9261247791219247,0.09868956063105555,0.00556428656838398,0.0015465211581705551,0.001649319764613827,0.006624589473097631,-0.00612471601231962,0.0024640756309837614,-0.00858879164330334,-0.0002111986050501915,0.005519693101754958,0.012176116863616027,0.04464525824669552,-0.008410679982236241,-0.012570422811109427,0.0006048247053445782,2025-08-14,233998581760.0,large_cap,0.0045960918000851,0.0198820287381021,0.480593849416755,0.2604150886229359,0.198909256173307,0.1492501136191486,0.2820941519957078,0.41180580682995,2025-08-14,472.7763671875,45,0.001299256593882081,2025-09-15,-0.09903442668495399,2025-11-12,0.01398843888846435,2026-02-13,,
LLY,2025-06-30,,15557700000.0,13109900000.0,7020800000.0,5660500000.0,7503700000.0,3336100000.0,2753000000.0,3086500000.0,-1803400000.0,1283100000.0,100922600000.0,39903800000.0,18272900000.0,3375900000.0,49854000000.0,39019900000.0,12729000000.0,,,0.22222484091444739,,,0.8426631185843666,0.4512749313844591,0.36383912789165496,0.48231422382485845,0.1983905075943102,0.08247363042094912,0.1159168771733611,0.2144340101685982,0.17695417703130925,0.39539013065458084,2.1837694071548577,0.03345038673201047,1.2776557602659155,0.15415476810942247,0.017460824609977443,0.03474574605961034,0.14708997241989755,0.02941140349333199,0.06750827018367309,0.2082494179926358,-0.1407411478089627,-0.00035112613433210815,-0.016933795315300842,-0.03549047183700649,-0.2593887680202158,-0.0011546197117498214,-0.0946025467105811,0.011754377903938101,2025-08-14,896128712704.0,large_cap,0.3199800726761224,0.1243835006789533,0.8131119152809537,0.3783051750549475,0.2351086739337965,0.0091912172812645,0.4274153592072667,0.572228927142222,2025-08-14,679.622314453125,45,0.09555900296472397,2025-09-15,0.49031390582358303,2025-11-12,0.5276319603927533,2026-02-13,,
LMT,2025-06-30,,18155000000.0,734000000.0,748000000.0,342000000.0,1090000000.0,,99000000.0,201000000.0,-351000000.0,-150000000.0,58870000000.0,21638000000.0,5334000000.0,1293000000.0,23988000000.0,24354000000.0,17963000000.0,,,0.010688637755386088,,,0.040429633709721836,0.041200771137427705,0.01883778573395759,0.06003855687138529,0.011071330212062793,-0.008262186725419994,0.019333516937482788,0.0,0.005453043238777196,0.3675556310514693,4.056617922759655,0.021963648717513166,0.9849716678984972,0.30839137081705453,-0.08889174913278777,-0.09084844113223772,-0.07646923425156822,-0.09032608155204064,-0.06736768331574437,-0.06142702556080384,-0.005940657754940525,0.0,0.005453043238777196,0.009264501862671193,1.018461406225164,-0.009852688256846712,-0.09120712098147643,-0.008589694668484305,2025-08-14,118973136896.0,large_cap,0.0513829897441209,0.0273317045840821,0.0975465563109665,0.0987148628295539,0.0751094407612291,0.074419717635798,0.3644569106568135,1.277361238470252,2025-08-14,428.6223449707031,45,0.09005448662974702,2025-09-15,0.05271740024294602,2025-11-12,0.514524107594273,2026-02-13,,
LRCX,2025-06-30,,5171393000.0,2589709000.0,1741128000.0,1720088000.0,1920194000.0,580178000.0,268403000.0,2554188000.0,-172191000.0,2381997000.0,21345260000.0,4484505000.0,9861619000.0,6390659000.0,14516995000.0,6568425000.0,4720175000.0,,,0.09559348964815917,,,0.5007759031270684,0.33668452581345104,0.33261598954092253,0.3713107860880038,0.49390715422324316,0.46061032298260834,0.033296831240634775,0.11218988771497351,0.05190148959864392,0.21009371635669932,0.45474328302482586,0.2993947602418523,2.210118102893768,0.2422736007900583,0.010606364921387501,0.005815649129853495,0.050705467155629624,0.015550459405200723,0.21665832340658914,0.24438846680142862,-0.02773014339483955,0.000773679629468213,0.004017036162065828,-0.014479119301400944,-0.01674136570946949,0.026426341782803953,-0.24174019183039963,0.005890301452257551,2025-08-14,356062593024.0,large_cap,-0.1447702145151084,-0.15646560801831,0.4731706377815375,0.2872854148158256,0.2568046208263241,0.2855074668982071,0.2658525639849242,0.7951775027090284,2025-08-14,106.86419677734375,45,0.1101695278271344,2025-09-15,0.5062279287414264,2025-11-12,1.2013746935082872,2026-02-13,,
MA,2025-06-30,,8133000000.0,6281000000.0,4914000000.0,3701000000.0,5148000000.0,,1086000000.0,4603000000.0,-209000000.0,4394000000.0,51431000000.0,18970000000.0,7853000000.0,9031000000.0,22140000000.0,19029000000.0,7250000000.0,,,0.12179310344827576,,,0.7722857494159596,0.6042050903725562,0.4550596335915406,0.632976761342678,0.5659658182712406,0.5402680437722858,0.025697774498954874,0.0,0.13353006270748802,0.36884369349225177,2.415637336049917,0.17559448581594758,1.1634873088443953,0.15813419921837024,0.005113335622856208,0.01096371106221139,0.0026458404880923547,0.013942278584057277,0.23768995620227507,0.26123356101366507,-0.023543604811389954,0.0,-0.0024699372925119922,-0.019066353959780402,-0.4028306597528113,0.019312249381039398,0.0526504230467737,0.008557141244365712,2025-08-14,436667154432.0,large_cap,0.1222806598135308,-0.0063787816578906,0.7630915610466148,0.5796499449710655,0.4570596797671033,0.4823374871303298,0.3790686549780578,0.5858239221314032,2025-08-14,581.1173706054688,45,-0.0013705454254042682,2025-09-15,-0.037325595232531095,2025-11-12,-0.10952463426477,2026-02-13,,
MCD,2025-06-30,,6843000000.0,3962000000.0,3261000000.0,2253000000.0,3795000000.0,,595000000.0,1998000000.0,-744000000.0,1254000000.0,59555000000.0,55867000000.0,-2760000000.0,1876000000.0,5601000000.0,4298000000.0,5955000000.0,,,0.14911838790931986,,,0.578985824930586,0.47654537483559845,0.3292415607189829,0.5545813239807103,0.2919772029811486,0.1832529592284086,0.10872424375274002,0.0,0.08695016805494667,0.9380740491982201,20.241666666666667,0.031500293846024686,1.30316426244765,0.11490219125178407,0.01878431359557342,0.030869472232743722,0.015555582549377556,0.012851685021852188,-0.11574739819433422,-0.13194435395379125,0.016196955759457066,0.0,-0.009607346638588171,0.0013806940880637386,4.965754680563599,0.009522271868002707,0.12177703689874786,0.009183999911621804,2025-08-14,196376723456.0,large_cap,0.0166699352814276,-0.0831057527523917,0.5675154320987654,0.4572145061728395,0.3172453703703703,0.2574074074074074,0.9413939328041752,0.4697183864303577,2025-08-14,303.6770324707031,45,-0.01671820477547281,2025-09-15,-0.0008656513000999677,2025-11-12,0.07271933191094782,2026-02-13,,
MDLZ,2025-06-30,,8984000000.0,2937000000.0,1174000000.0,641000000.0,1345000000.0,,1725000000.0,308000000.0,-305000000.0,3000000.0,71020000000.0,21505000000.0,26193000000.0,1504000000.0,12750000000.0,19883000000.0,9313000000.0,,,-0.03532696231074839,,,0.32691451469278715,0.13067675868210152,0.07134906500445236,0.1497105966162066,0.03428317008014248,0.00033392698130008905,0.03394924309884239,0.0,0.1920080142475512,0.30280202759785974,0.8210208834421411,0.021177133201914954,0.6412513202233063,0.12649957758377922,0.06598892680488849,0.05744579121726741,0.028183597378553076,0.04168955076631933,-0.08297227929170332,-0.08717815290702804,0.0042058736153247275,0.0,0.008286334874631623,0.010391216159671535,0.03936488189085152,-0.0014700152304845393,0.03514743030281875,-0.008614383563521538,2025-08-14,77583794176.0,large_cap,0.011800310972901,-0.1317099760476729,0.3912351472242803,0.1828983836887023,0.1265333004033917,0.096676820065311,0.2682161262537045,0.5320087011109975,2025-08-14,59.89458465576172,45,0.0022779432094988117,2025-09-15,-0.06493985162479399,2025-11-12,0.03603272299876825,2026-02-13,,
META,2025-06-30,,47516000000.0,39025000000.0,20441000000.0,18337000000.0,25117000000.0,12942000000.0,5642000000.0,25561000000.0,-16538000000.0,9023000000.0,294744000000.0,49560000000.0,195070000000.0,12005000000.0,73613000000.0,37305000000.0,42314000000.0,,,0.12293803469300935,,,0.821302298173247,0.43019193534809325,0.38591211381429413,0.5286008923310043,0.5379451132250189,0.1898939304655274,0.34805118275949154,0.2723714117349945,0.1187389510901591,0.16814591645631463,0.25406264417901264,0.04073026083652254,1.9732743600053613,0.16121108487365307,0.00025016412777734143,0.015317425729527268,-0.007432878386868624,-0.003657934534808449,-0.029857505293674702,-0.07207610309310566,0.042218597799431046,-0.014767596631030888,-0.0002996649707190935,-0.008573222198922648,-0.013565673544155055,-0.061870260909435,-0.689074415444624,0.010204529146402741,2025-08-14,1559175626752.0,large_cap,0.2194111280781605,0.062536444305896,0.8166515705071702,0.4217603540404009,0.3790858414234564,0.3287031689776962,0.1777188521086454,0.5959015265129286,2025-08-14,780.2974243164062,45,-0.02228521917309645,2025-09-15,-0.22081869667179344,2025-11-12,-0.18079606908204404,2026-02-13,,
MMM,2025-06-30,,6344000000.0,2698000000.0,1143000000.0,723000000.0,1450000000.0,288000000.0,1267000000.0,-954000000.0,-208000000.0,-1162000000.0,37989000000.0,13726000000.0,4290000000.0,3712000000.0,13427000000.0,7808000000.0,5954000000.0,,,0.06550218340611358,,,0.42528373266078184,0.1801702395964691,0.11396595208070617,0.228562421185372,-0.15037831021437578,-0.18316519546027743,0.03278688524590164,0.04539722572509458,0.19971626733921816,0.361315117534023,3.1995337995337993,0.09771249572244597,1.7196465163934427,0.1669957092842665,0.00942884519017384,-0.02910083867024235,-0.07347106505063411,-0.09558940951667705,-0.13710991921672713,-0.1302595857861088,-0.006850333430618347,-0.002469754456296082,0.04099943831671227,0.009208787279461172,0.04832412211444437,-0.06063147564247606,0.06299642645587,0.01796314439227381,2025-08-14,76263563264.0,large_cap,-0.00142218610321,0.0578645384103788,0.4121261444557477,0.1962156663275686,0.1698067141403865,0.0259613428280773,0.3271796929868566,0.6164091501956457,2025-08-14,154.5688018798828,45,0.004684682977122767,2025-09-15,0.09716232892960308,2025-11-12,0.11160858617343772,2026-02-13,,
MRK,2025-06-30,,15806000000.0,12249000000.0,5552000000.0,4427000000.0,6423000000.0,4048000000.0,2649000000.0,3293000000.0,-764000000.0,2529000000.0,117523000000.0,35402000000.0,48993000000.0,8007000000.0,37065000000.0,26037000000.0,15529000000.0,,,0.01783759417863351,,,0.7749588763760598,0.35125901556371,0.2800835125901556,0.4063646716436796,0.20833860559281286,0.16000253068455017,0.04833607490826269,0.2561052764772871,0.16759458433506264,0.3012346519404712,0.7225930234931521,0.06813134450277818,1.423551100357184,0.13449282268151766,-0.004872407029182013,-0.03105793981010674,-0.046981977782695195,-0.06468948509532485,0.047349488457131245,0.08453083257134263,-0.03718134411421139,0.022928639217965813,0.003256893562958829,-0.0014355587924903546,0.001707536785797159,-0.006823920346685872,0.013246818161267493,-0.0003988574491263497,2025-08-14,275089031168.0,large_cap,0.0674207768443815,0.0533863993668584,0.7632308939035033,0.3151259194614138,0.2667528986410672,0.2820097244732577,0.3169009273649514,0.5479480129113794,2025-08-14,80.65857696533203,45,-0.011354339793650858,2025-09-15,0.11591757573556238,2025-11-12,0.4941667586542329,2026-02-13,,
MRNA,2025-06-30,,137000000.0,18000000.0,-907000000.0,-825000000.0,-760000000.0,700000000.0,230000000.0,-919000000.0,-3000000.0,-922000000.0,12010000000.0,741000000.0,9399000000.0,1279000000.0,6171000000.0,1572000000.0,107000000.0,,,0.28037383177570097,,,0.13138686131386862,-6.62043795620438,-6.021897810218978,-5.547445255474453,-6.708029197080292,-6.7299270072992705,0.021897810218978103,5.109489051094891,1.6788321167883211,0.06169858451290591,0.07883817427385892,0.10649458784346379,3.9255725190839694,0.011407160699417152,-0.027491643359028567,3.1926461559451527,3.052868544921208,3.0880687632171364,2.983559587966437,4.1485776655979265,-1.1650180776314891,-2.890510948905109,-0.30247629442663215,0.0030556374096313565,0.004826650331876001,-0.021260449939911538,-0.2926319696940851,0.002984616618812618,2025-08-14,19458398208.0,mid_cap,-0.5263547527391176,0.115817432691346,0.5423569865582994,-1.23319787433573,-1.1131603626133166,-1.267583619881213,0.0528213831141281,0.226205628623957,2025-08-14,26.690000534057617,45,-0.10528292682891971,2025-09-15,0.0007492899968106759,2025-11-12,0.5822404907167007,2026-02-13,,
MS,2025-06-30,,15604000000.0,,,3539000000.0,,,7487000000.0,11829000000.0,-763000000.0,11066000000.0,1353870000000.0,352338000000.0,108184000000.0,78156000000.0,,,16517000000.0,,,-0.055276381909547756,,,,,0.22680082030248655,,0.758074852601897,0.7091771340681876,0.048897718533709306,0.0,0.4798128684952576,0.2602450752287886,3.256840198180877,0.057727846839061354,,0.011525478812589097,,,-0.03444516867856329,,2.209670178629626,2.203940105552113,0.005730073077512658,0.0,0.01005443778750198,0.008258604455979923,0.1892354346711591,0.010942345691630308,,-0.0011770135429976306,2025-08-14,303643099136.0,large_cap,0.1372490970454141,0.1281473244901463,,,0.2323805557001787,-0.0364450460769511,0.2554756059522448,0.0474219202005479,2025-08-14,146.0173797607422,45,0.05474389969271831,2025-09-15,0.15113097536469122,2025-11-12,0.16585541719199592,2026-02-13,,
MSFT,2025-06-30,,76441000000.0,52427000000.0,34323000000.0,27233000000.0,44434000000.0,8829000000.0,9275000000.0,42647000000.0,-17079000000.0,25568000000.0,619003000000.0,60588000000.0,343479000000.0,30242000000.0,191131000000.0,141218000000.0,70066000000.0,,,0.09098564210886884,,,0.6858492170432098,0.44901296424693554,0.3562616920239139,0.5812849125469316,0.5579074057115946,0.3344801873340223,0.22342721837757223,0.11550084378801952,0.12133540900825474,0.0978799779645656,0.17639506345366093,0.04885598292738484,1.3534464445042416,0.12349051620105234,-0.001317168935724422,-0.007699278495621464,-0.0123050878693296,0.01460492510651823,0.029205895706742036,0.04476763060179839,-0.01556173489505644,-0.0015031238995893148,0.007885233459486427,-0.009770957651405274,-0.011764903740202837,-0.00238249961157546,-0.018145240696185727,-0.0010438086766635102,2025-08-14,3134205460480.0,large_cap,0.1566996201307127,0.0878793245741484,0.6976444382797138,0.4464429957327371,0.3595597294408498,0.3021801388696241,0.1310656958819751,0.4786015389631816,2025-08-14,519.4623413085938,45,-0.012005704234032022,2025-09-15,-0.020095828029822127,2025-11-12,-0.2291912895871645,2026-02-13,,
NEE,2025-06-30,,6700000000.0,4296000000.0,1893000000.0,2028000000.0,4300000000.0,,,3189000000.0,-2069000000.0,1120000000.0,198830000000.0,93189000000.0,50797000000.0,1728000000.0,12493000000.0,23047000000.0,6247000000.0,,,0.07251480710741154,,,0.6411940298507462,0.28253731343283583,0.30268656716417913,0.6417910447761194,0.4759701492537313,0.16716417910447762,0.3088059701492537,0.0,0.0,0.4686868178846251,1.834537472685395,0.008690841422320576,0.5420662125222372,0.033697128199969825,0.015453674480168322,-0.0728332644445453,0.16934256204172035,0.17868875567735198,0.032717387928295094,0.12426358682018115,-0.09154619889188603,0.0,0.0,0.007057282818941246,0.034208234750760624,-0.003761285580109108,-0.011190425420110062,0.001539857681500112,2025-08-14,194687483904.0,large_cap,-0.1195489791562922,-0.4611217983966054,0.60061406698178,0.2879246959964449,0.2806124510160384,0.191734335232093,0.4330034079434534,0.1301802844160215,2025-08-14,70.72128295898438,45,-0.002589977107916419,2025-09-15,0.1981474888829915,2025-11-12,0.3173509479393888,2026-02-13,,
NEM,2025-06-30,,5317000000.0,2696000000.0,2417000000.0,2061000000.0,3803000000.0,40000000.0,95000000.0,2384000000.0,-674000000.0,1710000000.0,55165000000.0,7607000000.0,32112000000.0,6185000000.0,10399000000.0,4670000000.0,5010000000.0,,,0.06127744510978039,,,0.5070528493511378,0.4545796501786722,0.3876246003385368,0.7152529621967275,0.4483731427496709,0.3216099304118864,0.12676321233778445,0.007523039307880384,0.01786721835621591,0.13789540469500589,0.23688963627304435,0.11211819088189975,2.2267665952890794,0.09638357654309798,0.0457754042413574,0.05218444059783389,0.010179490558097692,0.08790765281548996,0.04298392119278466,0.0810909683360381,-0.03810704714325347,-0.001059795023456941,-0.0040888694681353865,-0.005947243767682575,-0.018678720101763663,0.027498511132624734,0.24740795172107344,0.00614419903269614,2025-08-14,116427300864.0,large_cap,0.5816119200812733,0.5902564857547941,0.3823466438282839,0.3163472861577989,0.1792099346964993,0.1584948078364201,0.159221991517152,0.3315409324034144,2025-08-14,67.91777038574219,45,0.16273262160757707,2025-09-15,0.3636029088807855,2025-11-12,0.8484988628548846,2026-02-13,,
NET,2025-06-30,,512316000.0,383639000.0,-67264000.0,-50446000.0,-284000.0,134557000.0,316346000.0,99796000.0,-66516000.0,33280000.0,5562361000.0,3462113000.0,1239727000.0,1518608000.0,4405831000.0,857593000.0,479087000.0,,,0.06935900995017596,,,0.7488327516610842,-0.13129396700473928,-0.09846657141295606,-0.0005543453649700576,0.19479383817799953,0.06495990755705464,0.1298339306209449,0.26264453969815504,0.6174821789676684,0.6224178905324556,2.7926414444470438,0.27301500208274865,5.137438155395391,0.09210405437547113,-0.009925052245095656,-0.020151314417630878,-0.018201400368865944,-0.01493795418758474,-0.1095016238153336,-0.045389569677769095,-0.06411205413756452,0.022418860437394467,-0.0121925982648593,0.22580642113459853,1.7575641096399985,0.21807150043451615,1.9410164352924446,-0.036639201603217805,2025-08-14,69830787072.0,large_cap,0.287551523237028,-0.0421146823470275,0.773181538859601,-0.0926920160562904,-0.0471961984300675,0.0999714906212529,0.4432418039466103,0.5057691806703215,2025-08-14,195.3800048828125,45,0.15677136277274162,2025-09-15,0.15508233716721653,2025-11-12,0.002405574823201695,2026-02-13,,
NFLX,2025-06-30,,11079166000.0,5753855000.0,3774694000.0,3125413000.0,7726411000.0,824683000.0,1154478000.0,2423258000.0,-155889000.0,2267369000.0,53099664000.0,14453206000.0,,8177405000.0,11993106000.0,8942335000.0,10542801000.0,,,0.05087499991700506,,,0.5193400839016222,0.34070199868834894,0.28209821930639906,0.6973820051076046,0.21872205904307238,0.20465159561649315,0.014070463426579222,0.07443547646095383,0.10420260875231944,0.2721901592446988,,0.15400106863199736,1.3411604463487445,0.20864851423541964,0.018557227429229384,0.023234278297913802,0.007944225505320979,0.004864238718957026,-0.04583752052216841,-0.047740724033664306,0.0019032035114959333,-0.0036104811550535243,-0.0010665697136309216,-0.016110805183640498,,0.01577542724956124,0.13751696939510571,0.006243487047013885,2025-08-14,366423670784.0,large_cap,0.156499199944774,0.0898311521012287,0.4605655665041732,0.2671116915411787,0.2233696211524606,0.1774783219472051,0.2905593013392,0.7272178635189082,2025-08-14,123.05599975585938,45,-0.022997674527608147,2025-09-15,-0.059371341262143495,2025-11-12,-0.3753250317002782,2026-02-13,,
NOC,2025-06-30,,10351000000.0,2210000000.0,1194000000.0,1174000000.0,1950000000.0,,1016000000.0,868000000.0,-231000000.0,637000000.0,49451000000.0,16965000000.0,15471000000.0,1899000000.0,14026000000.0,13459000000.0,9468000000.0,,,0.09326151246303338,,,0.2135059414549319,0.11535117379963289,0.1134189933339774,0.18838759540141048,0.08385663220944836,0.06153994783112743,0.022316684378320937,0.0,0.098154767655299,0.3430668742795899,1.096567771960442,0.03840165011829892,1.0421279441266067,0.20931831509979576,0.04662803693444184,0.05483152867922731,0.06261628948944846,0.07526972467897702,0.2491502528262629,0.2538720137373378,-0.004721760911074922,0.0,-0.00820349174478549,0.012518883852916607,0.02736061766252429,0.0036364442092455262,0.09238207828080525,0.013972932579369907,2025-08-14,76796076032.0,large_cap,0.0443624331891066,-0.0290761767229201,0.2037871956717764,0.1064996466258864,0.1017230034362586,0.0638754173470133,0.3340829433335359,0.8313174902246804,2025-08-14,577.2388305664062,45,-0.011858125858249191,2025-09-15,-0.03932463623241744,2025-11-12,0.2132361672204257,2026-02-13,,
NOW,2025-06-30,,3215000000.0,2491000000.0,358000000.0,385000000.0,649000000.0,734000000.0,1399000000.0,716000000.0,-190000000.0,526000000.0,22051000000.0,2409000000.0,10932000000.0,3124000000.0,9275000000.0,8495000000.0,3088000000.0,,,0.04112694300518127,,,0.774805598755832,0.11135303265940902,0.11975116640746501,0.20186625194401245,0.22270606531881804,0.1636080870917574,0.05909797822706065,0.22830482115085537,0.4351477449455676,0.1092467461793116,0.2203622392974753,0.14167157952020318,1.0918187168922895,0.14579837649086208,-0.014378339068002233,-0.034696190138518435,-0.029212564162483176,-0.03161820401453677,-0.3203638828677105,-0.3020654880377763,-0.018298394829934166,0.000649380736347599,0.019668470334168686,-0.005143869880196314,-0.0162488663342438,-0.018971182257405073,-0.03072911551265123,-0.0014455678158325491,2025-08-14,98046451712.0,large_cap,0.2243897001449113,-0.0138435641753094,0.791788055353241,0.1241806263656227,0.129734158776402,0.3072651128914785,0.1117597998331943,0.5388804395820046,2025-08-14,170.1719970703125,45,0.11348516085159122,2025-09-15,0.015490219497306112,2025-11-12,-0.37075427406066785,2026-02-13,,
NSC,2025-06-30,,3110000000.0,1235000000.0,1231000000.0,768000000.0,1545000000.0,,,1077000000.0,-475000000.0,602000000.0,44155000000.0,17367000000.0,14787000000.0,1303000000.0,2907000000.0,3667000000.0,2993000000.0,,,0.03909121282993655,,,0.3971061093247588,0.39581993569131835,0.24694533762057877,0.4967845659163987,0.3463022508038585,0.19356913183279742,0.1527331189710611,0.0,0.0,0.39331898992186615,1.1744775816595658,0.029509681802740346,0.7927461139896373,0.07043369946778394,0.040941725763115,0.05268595640632001,-0.0036393600072194,-0.012069426733116895,0.02889496714198081,0.02617855381742823,0.00271641332455258,0.0,0.0,0.00028246024150085924,-0.011863814522640848,0.00654164527305998,0.009847563264999692,0.0021003661344506097,2025-08-14,70960480256.0,large_cap,-0.0027147087857848,0.0434994928619201,0.3747422255217355,0.4022931617586406,0.2162830982430091,0.1378371690175699,0.4001190421683989,0.2775285014422416,2025-08-14,278.7055969238281,45,-0.01890267037133353,2025-09-15,0.019000342179822383,2025-11-12,0.12514178563118494,2026-02-13,,
NXPI,2025-06-30,,2926000000.0,1562000000.0,686000000.0,445000000.0,923000000.0,573000000.0,278000000.0,779000000.0,-120000000.0,659000000.0,25250000000.0,10728000000.0,9569000000.0,2868000000.0,7686000000.0,4427000000.0,2835000000.0,,,0.032098765432098775,,,0.5338345864661654,0.23444976076555024,0.15208475734791524,0.3154477101845523,0.2662337662337662,0.22522214627477785,0.04101161995898838,0.19583048530416952,0.09501025290498975,0.42487128712871286,1.121120284251228,0.11358415841584159,1.7361644454483849,0.11588118811881189,-0.016429963798384795,-0.014227487911698422,-0.020754748824924257,-0.018238356834848035,0.06693923360590026,0.08377593816190307,-0.0168367045560028,0.002885159025509898,-0.004107912879842704,-0.040776052029349086,-0.13665701675713926,-0.03387414182244276,-0.3487926862741406,0.0032918314865640758,2025-08-14,73595314176.0,large_cap,-0.0498644169930702,-0.0552411682236646,0.5643729189789123,0.2752497225305216,0.1989852544791501,0.1511019502140478,0.4451096985851958,0.5172852163215091,2025-08-14,228.2681427001953,45,-0.0529929549102357,2025-09-15,-0.11453429699271667,2025-11-12,0.06527354912481664,2026-02-13,,
O,2025-06-30,,1339091000.0,1231669000.0,533382000.0,196919000.0,1147952000.0,,49329000.0,1060669000.0,,1060669000.0,71424073000.0,28874505000.0,39153106000.0,800447000.0,5074487000.0,2841558000.0,1380505000.0,,,-0.02999916697150684,,,0.919779910401907,0.39831646990383773,0.14705423305809687,0.8572621278165562,0.7920813447331063,0.7920813447331063,,0.0,0.03683767570687877,0.40426853002348384,0.7374767406703315,0.011206963792165703,1.7858115160767438,0.018748454740182628,-0.002943295960981973,-0.05140663866874984,-0.03390490870524335,0.03214016157956323,0.2216263300826704,0.2216263300826704,,0.0,0.004933408790062099,0.009454830901310995,0.031855315833455244,0.006633891309955281,0.3392106928626535,-0.0010415480718368522,2025-08-14,56993943552.0,large_cap,0.2922655174941462,0.0723545869956925,0.9283504409480906,0.4403083809922024,0.1632989587455621,0.6778940882260429,0.3887139513351623,0.0765764366022949,2025-08-14,55.528282165527344,45,0.04629810407871293,2025-09-15,-0.0017976277935638496,2025-11-12,0.16742731688027934,2026-02-13,,
OPEN,2025-06-30,,1567000000.0,128000000.0,-7000000.0,-29000000.0,19000000.0,21000000.0,114000000.0,823000000.0,-2000000.0,821000000.0,2907000000.0,2184000000.0,631000000.0,789000000.0,2797000000.0,643000000.0,1153000000.0,,,0.3590633130962706,,,0.0816847479259732,-0.004467134652201659,-0.018506700701978303,0.012125079770261647,0.5252074026802808,0.5239310784939375,0.0012763241863433313,0.013401403956604978,0.07275047862156987,0.7512899896800825,3.4611727416798734,0.2714138286893705,4.349922239502333,0.5390436876504988,-0.004178218249221946,0.04149990784563008,0.05521402783228015,0.047684490004433366,0.7671848528103762,0.7693777393785862,-0.0021928865682100075,-0.00481195250480005,-0.040866173590051985,-0.019536986212502105,-0.45510632808756846,0.10083097852153403,1.3565699128166728,0.1871974868570902,2025-08-14,4225546496.0,low_cap,-0.2581341779441405,0.295665526558975,0.0840287211333204,-0.0588006986221618,-0.0760721909567242,-0.1203182612070638,0.7412028150991683,1.648432501599488,2025-08-14,3.0399999618530273,45,2.123355264705799,2025-09-15,2.0822368431371996,2025-11-12,0.46217112744696687,2026-02-13,,
ORLY,2025-06-30,,4525058000.0,2326538000.0,914470000.0,668595000.0,1043727000.0,,1412068000.0,756846000.0,-300734000.0,456112000.0,15820619000.0,8312948000.0,-1231862000.0,198613000.0,6315806000.0,8721886000.0,4136924000.0,,,0.09382188311895501,,,0.5141454540472189,0.202090227351782,0.1477539072427359,0.23065494409132437,0.16725664068836243,0.10079694006132076,0.06645970062704169,0.0,0.31205522669543684,0.5254502368080541,6.748278622118387,0.01255405998968814,0.7241330602119771,0.2860228161742597,0.0013284431473329361,0.02285899177675088,0.017588354285998004,0.021770516917897914,-0.01527511478986246,-0.012371443017507866,-0.0029036717723545796,0.0,-0.021530548629418056,-0.004423258300281674,0.7784210355741452,4.91846719547339e-05,0.015659674493196052,0.01552734004410955,2025-08-14,73332998144.0,large_cap,0.0566794099511454,-0.0406421462610593,0.5119849029944616,0.1945812661942478,0.1428424454434183,0.1212671123445766,0.5318240729444671,1.1218456800074608,2025-08-14,101.5,45,0.04729067046066815,2025-09-15,-0.03359609519319584,2025-11-12,-0.04768469298414413,2026-02-13,,
PEP,2025-06-30,,22726000000.0,12422000000.0,3649000000.0,1263000000.0,2808000000.0,,8773000000.0,1969000000.0,-904000000.0,1065000000.0,105345000000.0,51384000000.0,18418000000.0,7631000000.0,28210000000.0,36396000000.0,17919000000.0,,,0.26826273787599764,,,0.5465986095221332,0.1605649916395318,0.05557511220628355,0.12355891929948078,0.0866408518877057,0.04686262430696119,0.03977822758074452,0.0,0.38603361788260143,0.4877687597892639,2.7898794657400368,0.07243817931558214,0.7750851741949665,0.21572927049219232,-0.011077600087778028,0.016416322628984348,-0.04677434925920002,-0.06813704587714738,0.14094075701634012,0.13481396087708228,0.006126796139257831,0.0,-0.027493922716762376,0.010872448712664406,0.15145432027263794,-0.008830189124611698,-0.0591631835213865,0.0395986592101612,2025-08-14,203838226432.0,large_cap,0.0041871194148965,-0.0546030463411919,0.5455396607659982,0.1406580007403052,0.1042741742330219,0.0782655083066605,0.4518885660570843,0.9234620527411102,2025-08-14,144.46395874023438,45,-0.04443696864777624,2025-09-15,-0.018957939665743884,2025-11-12,0.1384888868233627,2026-02-13,,
PFE,2025-06-30,,14653000000.0,10875000000.0,3765000000.0,2910000000.0,5323000000.0,2484000000.0,3415000000.0,-582000000.0,-618000000.0,-1200000000.0,206095000000.0,60926000000.0,88695000000.0,1638000000.0,43703000000.0,37726000000.0,13715000000.0,,,0.0683922712358731,,,0.7421688391455674,0.2569439705179827,0.19859414454377944,0.3632703200709752,-0.03971882890875589,-0.08189449259537296,0.04217566368661708,0.16952159967242203,0.23305807684433222,0.29562095150294765,0.6869158351654546,0.00794779106722628,1.158431850713036,0.07109827991945462,-0.0503940482040498,-0.06503925952211942,-0.01773833813941414,-0.0054500590759442025,-0.20997037830722473,-0.21102318380937224,0.0010528055021475219,0.008238333175885404,0.012059170537369046,0.0009923438155209352,0.00845272993841839,0.0010737164234283286,-0.09968841703633302,0.005169654926665185,2025-08-14,144366927872.0,large_cap,0.0683917117238137,0.4797680398681182,0.719443003756267,0.233077152781052,0.1262200009429959,0.154572744275229,0.2982670715477328,0.2981639768318057,2025-08-14,23.874876022338867,45,-0.04540040588589678,2025-09-15,0.048408240396040414,2025-11-12,0.1364305001289814,2026-02-13,,
PG,2025-06-30,,20889000000.0,10258000000.0,4354000000.0,3615000000.0,5456000000.0,,5904000000.0,4985000000.0,-996000000.0,3989000000.0,125231000000.0,35463000000.0,52012000000.0,9556000000.0,25392000000.0,36058000000.0,19776000000.0,,,0.05628033980582514,,,0.49107185600076597,0.20843506151563024,0.1730575901192015,0.2611901000526593,0.23864234764708697,0.19096175020345638,0.047680597443630617,0.0,0.28263679448513573,0.28318068209948016,0.6818234253633777,0.07630698469228865,0.7041987908369849,0.16680374667614248,-0.01873801454939583,-0.022046330070130293,-0.017526956806364846,-0.02036329800559311,0.05129404667621318,0.04704993790572176,0.004244108770491459,0.0,0.0033083155207344617,0.005575465160691351,0.028682164267571197,0.002183521477561526,-0.009273528714521806,0.006002341615321566,2025-08-14,329659777024.0,large_cap,0.0247908689608078,0.0021063939212129,0.5139399564487916,0.2366282321303204,0.1770487511750496,0.1966229964659265,0.2726893846531013,0.6867614611424369,2025-08-14,150.46304321289062,45,0.02009888501336521,2025-09-15,-0.03053846027470941,2025-11-12,0.0558984076863962,2026-02-13,,
PGR,2025-06-30,,21995000000.0,,,3175000000.0,,,,4040000000.0,-102000000.0,3938000000.0,115480000000.0,6895000000.0,32604000000.0,125000000.0,,,20402000000.0,,,0.07808058033526133,,,,,0.14435098886110478,,0.18367810866105932,0.1790406910661514,0.004637417594907933,0.0,0.0,0.05970730862487011,0.2114771193718562,0.0010824385174922064,,0.19046588153792865,,,0.018529990919726486,,-0.06840502044393038,-0.07015056469308789,0.0017455442491575166,0.0,0.0,-0.002172790828495419,-0.026624697302869232,-0.0006678689082992466,,0.007338845122558252,2025-08-14,116709515264.0,large_cap,0.2135850393827618,-0.0384164932770079,,,0.1125519291772294,0.1968862402612054,0.0651851151354674,0.7124970447775308,2025-08-14,235.7449188232422,45,-0.021119784302416234,2025-09-15,-0.11552081100965905,2025-11-12,-0.13285840528851578,2026-02-13,,
PH,2025-06-30,,5243074000.0,1957973000.0,1118538000.0,923172000.0,1399643000.0,,839435000.0,1467239000.0,-130847000.0,1336392000.0,29494000000.0,9285000000.0,13682000000.0,467000000.0,6950000000.0,5819000000.0,4960000000.0,,,0.05707137096774195,,,0.37343989422998797,0.21333629851495517,0.17607456999462529,0.2669508383822162,0.27984327514736584,0.2548871139335436,0.024956161213822273,0.0,0.16010359571503283,0.31480979182206553,0.6786288554304927,0.01583372889401234,1.1943632926619694,0.17776747813114532,0.004488281326762156,0.004263717869793876,-0.01767543000537472,0.0022330964467323633,0.15282714611510778,0.1456129203851565,0.0072142257299513055,0.0,0.00022456345696830748,-0.009312735030592156,-0.021313732763614812,0.0016993588200426967,-0.012722118488440959,0.006246870483428729,2025-08-14,108777250816.0,large_cap,0.045371098872279,-0.1565877441403587,0.3576517812343201,0.1913196186653286,0.1426994480682388,0.1497240341194179,0.3604341593282817,0.6802512116868046,2025-08-14,738.9182739257812,45,0.022037945598692765,2025-09-15,0.1514232469883583,2025-11-12,0.35264058285687194,2026-02-13,,
PLD,2025-06-30,,2183869000.0,1630989000.0,855191000.0,571229000.0,1554796000.0,,106871000.0,1241717000.0,,1241717000.0,97717050000.0,34666551000.0,52728574000.0,1066081000.0,1319412000.0,2148193000.0,2139665000.0,,,0.020659308817034372,,,0.7468346315644391,0.3915944591914625,0.2615674291818786,0.7119456341016792,0.5685858446637596,0.5685858446637596,,0.0,0.04893654335493567,0.3547646086327821,0.6574528452068512,0.01090987703783526,0.6141962104894672,0.022348904310967227,0.003460785658654708,0.011084893441683952,-0.015556793535228985,-0.020393774170176404,0.026092977789739624,0.026092977789739624,,0.0,-0.00467044652432113,0.01867839828107154,0.05405395830027804,0.00391859364833608,0.04896502328278918,5.919272030157491e-05,2025-08-14,131021455360.0,large_cap,0.0222024912167044,-0.3209315371195405,0.7491662002948202,0.3777357128661324,0.4549881059938231,0.5989322828078877,0.3303779339381719,0.0860348669258346,2025-08-14,103.27259063720703,45,0.07954657696116585,2025-09-15,0.1899222415244517,2025-11-12,0.3349224613063764,2026-02-13,,
PNC,2025-06-30,,5662000000.0,,,1627000000.0,,,1988000000.0,1480000000.0,,1480000000.0,559107000000.0,60424000000.0,57607000000.0,30394000000.0,,,5447000000.0,,,0.039471268588213704,,,,,0.2873542917696927,,0.26139173436948077,0.26139173436948077,,0.0,0.35111268103143767,0.1080723367799008,1.0489003072543268,0.054361687476636854,,0.010126863015487196,,,0.01546150675041602,,0.3548376679108797,0.3548376679108797,,0.0,-0.011472228092850922,-0.0013915027649522987,-0.027635460851337612,-0.014862176008135698,,0.0003075300883633395,2025-08-14,85469020160.0,large_cap,-0.032544516249012,-0.0512524825273107,,,0.2830025469748666,0.3786823009274833,0.1101228845185505,0.0371564072437941,2025-08-14,189.87326049804688,45,0.0405510203130397,2025-09-15,-0.030552011992734496,2025-11-12,0.19854592754759226,2026-02-13,,
PYPL,2025-06-30,,8288000000.0,3844000000.0,1620000000.0,1261000000.0,1882000000.0,767000000.0,1044000000.0,898000000.0,-206000000.0,692000000.0,79777000000.0,11296000000.0,20201000000.0,6688000000.0,59879000000.0,45050000000.0,7791000000.0,,,0.06379155435759198,,,0.4638030888030888,0.19546332046332046,0.1521476833976834,0.22707528957528958,0.10834942084942085,0.0834942084942085,0.024855212355212354,0.0925434362934363,0.12596525096525096,0.14159469521290596,0.5591802386020494,0.08383368640084235,1.329167591564928,0.10388959223836444,-0.013157506755889503,-0.009388431558242871,-0.013042921146020875,-0.02334185841598238,-0.040540323727655245,-0.04023830337846511,-0.00030202034919016296,-0.0012827734357383908,-0.0012327980656821613,0.0011192664164889066,-0.004510884139137583,-0.007819240734526889,0.029116113721849635,0.008028677308620613,2025-08-14,39174303744.0,mid_cap,0.0680528030633838,-0.0138208796170435,0.4609868855552411,0.1812435135390131,0.1304211089096455,0.2128188193854766,0.1254874563353445,0.4038996506827564,2025-08-14,69.01103210449219,45,-0.03271834766214132,2025-09-15,-0.03142111571675987,2025-11-12,-0.4179425618329907,2026-02-13,,
QCOM,2025-06-30,,10365000000.0,5759000000.0,2762000000.0,2666000000.0,3518000000.0,2226000000.0,771000000.0,2875000000.0,-294000000.0,2581000000.0,54862000000.0,14788000000.0,27209000000.0,5448000000.0,24913000000.0,7800000000.0,10979000000.0,,,-0.0559249476272885,,,0.5556198745779064,0.2664737095996141,0.2572117703810902,0.3394114809454896,0.2773757838880849,0.24901109503135552,0.028364688856729377,0.21476121562952244,0.0743849493487699,0.2695490503445008,0.543496637142122,0.09930370748423317,3.193974358974359,0.18892858444825197,0.00529653001100594,-0.017705177366411973,0.0010864402053000766,0.005592371737000668,0.04474986167294692,0.03587692980683599,0.008872931866110923,0.012921339502370593,0.010080367875047333,0.005462508409948996,0.016123584632023902,-0.03078008938060825,0.461367485546027,-0.009348523115137453,2025-08-14,212370472960.0,large_cap,0.087716359575656,0.2773091197566515,0.5621374672758072,0.2631538422052256,0.2603049124788255,0.2864586006878497,0.2653298038220256,0.7064220183486238,2025-08-14,155.3985595703125,45,0.025602403723414602,2025-09-15,0.12388768877280487,2025-11-12,-0.10036232595589245,2026-02-13,,
REGN,2025-06-30,,3675600000.0,3145400000.0,1079500000.0,1391600000.0,1657400000.0,1431700000.0,634200000.0,1144400000.0,-406800000.0,737600000.0,38219200000.0,2705100000.0,29938900000.0,1995800000.0,16859500000.0,3667000000.0,3028700000.0,,,0.2135899891042361,,,0.8557514419414517,0.29369354663184244,0.37860485362933943,0.4509195777560126,0.31135052780498423,0.2006747197736424,0.11067580803134182,0.38951463706605727,0.17254325824355207,0.07077856156068155,0.09035402102281646,0.05221982668397036,4.5976274884101445,0.096171557751078,0.009051537692103762,0.09832919889188801,0.1115926041493645,0.10733982406631076,-0.033715011865501465,-0.054748399056218616,0.021033387190717123,-0.05282035814641012,-0.036457303053373996,-0.0012626048201074824,-0.0016847980709509824,-0.030086300330934332,-0.3291094599440303,0.015503456369276858,2025-08-14,73203851264.0,large_cap,0.0827005763425121,0.005126621081235,0.8612519363469934,0.2809956344176876,0.3107027179270525,0.2491832136318828,0.0716219007717283,0.3761182645910687,2025-08-14,563.7261352539062,45,0.013232982055499942,2025-09-15,0.2063450233101911,2025-11-12,0.4230403150077917,2026-02-13,,
RTX,2025-06-30,,21581000000.0,4376000000.0,2146000000.0,1657000000.0,3596000000.0,697000000.0,1573000000.0,458000000.0,-652000000.0,-194000000.0,167139000000.0,43595000000.0,62398000000.0,4782000000.0,54657000000.0,54332000000.0,20306000000.0,,,0.06278932335270371,,,0.20277095593345998,0.09943932162550391,0.07678050136694314,0.16662805245354712,0.02122237153051295,-0.008989388814234743,0.030211760344747696,0.032296927853204205,0.07288818868449098,0.2608308054972209,0.6986602134683804,0.028610916662179384,1.0059817418832364,0.12912007371110273,7.224619249671105e-05,-0.0007773630982230717,0.0011870807030999464,-0.006325754303076553,-0.04304434766578371,-0.042871000160634824,-0.0001733475051488853,0.0009268894409122722,0.0015792159670675598,0.0003373078264134466,0.000532896997868626,-0.0026694113657709274,0.0004329428561764548,0.005951886599301487,2025-08-14,230525255680.0,large_cap,0.1714741729541498,0.1439523314060089,0.1908642770442666,0.0809779781515519,0.0591295300849661,0.048589264039238,0.2633718324215128,0.4957479077249925,2025-08-14,153.2830352783203,45,0.025712461738059966,2025-09-15,0.15084200905932832,2025-11-12,0.30084653344757295,2026-02-13,,
RUN,2025-06-30,,569336000.0,119816000.0,-112249000.0,279773000.0,62936000.0,8063000.0,224002000.0,-292659000.0,-692821000.0,-985480000.0,21230135000.0,14135284000.0,2926727000.0,618057000.0,1785811000.0,1268642000.0,504271000.0,,,0.12902784415522617,,,0.21044866300392034,-0.197157741649922,0.4914022650947771,0.11054280776202453,-0.5140356485449716,-1.7309286607556873,1.2168930122107156,0.01416211165287282,0.39344429300096956,0.665812252253695,4.829724125277144,0.029112250110515075,1.4076555876283459,0.026817351844441874,0.014435011614092247,0.03067213553912912,0.39222741665019073,0.09149947590276632,-0.307388825705665,-0.2253354380639203,-0.08205338764174464,-0.005626851027907952,-0.010610272897128903,-0.005142369810305358,-0.39800606686922624,-0.0005706581249199094,0.08654774210610738,0.002071322392372458,2025-08-14,3337304320.0,low_cap,-0.0982798134181899,-0.0717404767529907,0.161236166517562,-0.281215908572281,-1.3967416508360573,-1.701499078135896,0.6544645651768801,0.1024088289991036,2025-08-14,10.479999542236328,45,0.5696566299113774,2025-09-15,0.8549619640450208,2025-11-12,0.8215649796215805,2026-02-13,,
SBUX,2025-06-30,,9456000000.0,2155700000.0,899300000.0,558300000.0,1409200000.0,,677200000.0,1001700000.0,-567400000.0,434300000.0,33649200000.0,27886100000.0,-7686000000.0,4172600000.0,8421500000.0,11142300000.0,8761600000.0,,,0.07925493060628197,,,0.22797165820642978,0.09510363790186126,0.05904187817258883,0.14902707275803723,0.10593274111675127,0.045928510998307956,0.060004230118443316,0.0,0.07161590524534688,0.8287299549469229,3.628168097840229,0.12400294806414416,0.7558134316972259,0.2810170821297386,0.017051278367131023,0.019991786185279817,0.015191439896474881,0.02750817210062305,0.07260549495166727,0.07984925606770167,-0.007243761116034406,0.0,-0.0005512788306209909,0.006505765727402912,0.21596737629218055,0.039553431576667436,0.11207895287314373,0.004041382625105783,2025-08-14,121737052160.0,large_cap,0.0055760015121359,-0.1099361022512399,0.268383633438559,0.1411867470878643,0.1039606149899657,0.0917205234380614,0.82334640531218,1.154339758705523,2025-08-14,90.6673355102539,45,-0.1056787604860977,2025-09-15,-0.05613840988378527,2025-11-12,0.028413114192933575,2026-02-13,,
SCHW,2025-06-30,,5851000000.0,,,2126000000.0,,,1644000000.0,3177000000.0,-128000000.0,3049000000.0,458936000000.0,37671000000.0,49451000000.0,32195000000.0,,,5599000000.0,,,0.045008037149490976,,,,,0.3633566911639036,,0.5429841052811485,0.5211075029909418,0.0218766022902068,0.0,0.2809776106648436,0.0820833405965102,0.7617843926310893,0.07015139365837503,,0.01274905433437342,,,0.02240294942430726,,-0.5927544194554116,-0.593734433069069,0.0009800136136574183,0.0,-0.03479306266968041,-0.004068617805141991,-0.043693178009778344,-0.005477841840206749,,0.0006536477373109695,2025-08-14,158052630528.0,large_cap,0.0408239103891276,0.1335413749879139,,,0.3030704886259308,0.1045598286238906,0.0940599321027919,0.040859197695913,2025-08-14,96.82754516601562,45,-0.05808958521453145,2025-09-15,-0.0007159189938367172,2025-11-12,-0.03555428960444018,2026-02-13,,
SEDG,2025-06-30,,289429000.0,32131000.0,-69172000.0,-124744000.0,-64946000.0,53386000.0,48514000.0,-7799000.0,-1256000.0,-9055000.0,2490448000.0,759558000.0,513219000.0,545240000.0,1971913000.0,1016730000.0,219480000.0,,,0.31870329870603253,,,0.11101513670019245,-0.2389947102743678,-0.4310003489629581,-0.22439354729484606,-0.026946159507167562,-0.03128573847126584,0.004339578964098276,0.18445283644693516,0.167619692567089,0.3049885000610332,1.4799880752661145,0.21893249728562894,1.9394657381999154,0.1162156367047214,0.031117196113350815,0.22904793598041623,0.017892488653225624,0.18896985711557857,-0.1810513171525111,-0.13933202970509123,-0.04171928744741986,-0.09801937058787441,-0.11413718733085157,0.004781345937335535,0.20422500714071168,0.059987347784980855,-0.10243687934107792,0.02929881952031463,2025-08-14,3756131840.0,low_cap,-0.6971451301650782,-0.6541422355694486,-0.9730968566408122,-1.6360709785058838,-2.0038215952858485,-0.478650094957491,0.286307370658009,0.3406280028400277,2025-08-14,25.670000076293945,45,0.19166342273748294,2025-09-15,0.6560186285620961,2025-11-12,0.3841059085975058,2026-02-13,,
SHAK,2025-06-30,,356466000.0,171787000.0,28210000.0,17148000.0,52329000.0,,66264000.0,64998000.0,-38086000.0,26912000.0,1775033000.0,837594000.0,494097000.0,336804000.0,390843000.0,204050000.0,320898000.0,,,0.11083895817362532,,,0.48191692896377214,0.07913798230406266,0.04810556967564929,0.14679941424988638,0.18233997071249433,0.0754966813104195,0.10684328940207481,0.0,0.18589150157378262,0.471875170771473,1.6952015494933181,0.18974520473703868,1.9154275912766479,0.20082218189746331,0.020109750358732525,0.05384334039292579,0.0348770671608315,0.04408141663070521,0.08504425680963423,0.06966928444287904,0.015374972366755182,0.0,-0.017509579143454634,-0.005190053163729114,-0.04594601365688167,0.008600474658727347,0.0028263490927542545,0.015059700016509497,2025-08-14,2584431616.0,low_cap,0.151788497452491,-0.0559293349180289,0.4581784564684242,0.0406775304005722,0.0081485987635397,0.0284654097690578,0.4770989015133435,0.7381434332112924,2025-08-14,105.63999938964844,45,-0.042597501192724874,2025-09-15,-0.11340397384281853,2025-11-12,-0.16556226774726168,2026-02-13,,
SHOP,2025-06-30,,2680000000.0,1302000000.0,371000000.0,906000000.0,379000000.0,394000000.0,537000000.0,428000000.0,-6000000.0,422000000.0,14561000000.0,1139000000.0,12124000000.0,1542000000.0,8001000000.0,2078000000.0,2360000000.0,,,0.13559322033898313,,,0.48582089552238805,0.13843283582089552,0.33805970149253733,0.1414179104477612,0.15970149253731344,0.15746268656716417,0.002238805970149254,0.14701492537313432,0.2003731343283582,0.0782226495433006,0.09394589244473771,0.10589932010164137,3.8503368623676613,0.18405329304306023,-0.009518087528459396,0.020636225651403994,0.627042752339995,0.02023146976979509,0.004193017961042267,0.003649127245130279,0.0005438907159119658,-0.012730837338730094,-0.017423475841133323,-0.006702723591027748,-0.009031213699502633,0.008212752937462264,0.1445130694358543,0.007933890057985615,2025-08-14,130128805888.0,large_cap,0.2577903682719547,-0.002923917442331,0.5036036036036036,0.1466216216216216,0.2273648648648648,0.1798423423423423,0.0808675667911519,0.6377477736282677,2025-08-14,144.27000427246094,45,0.02509180709768999,2025-09-15,0.08539538158024018,2025-11-12,-0.21882585699933332,2026-02-13,,
SHW,2025-06-30,,6314500000.0,3118300000.0,1099100000.0,754700000.0,1260800000.0,,2018800000.0,1112600000.0,-181500000.0,931100000.0,25363600000.0,12770200000.0,4400900000.0,269800000.0,6425300000.0,8196400000.0,5305700000.0,,,0.19013513768211543,,,0.4938316572966981,0.17405970385620398,0.11951856837437644,0.19966743210072058,0.1761976403515718,0.14745427191384908,0.0287433684377227,0.0,0.3197086071739647,0.503485309656358,2.9017246472312483,0.010637291236259836,0.7839173295593187,0.24895913829267138,0.01150133330551878,0.031891846646033783,0.024545237805365758,0.02670250758557649,0.18771355719572053,0.19464879855500858,-0.006935241359288063,0.0,-0.01986958232035274,-0.01688520353363554,-0.20229220466095788,0.002527241350117143,0.017136825033311598,0.03359631706690919,2025-08-14,74015350784.0,large_cap,0.0020215253406443,-0.0387479936873886,0.4846678355737385,0.1628633893975799,0.1160854600948113,0.0901876745243197,0.5041044997164933,0.9773998629012466,2025-08-14,363.1265869140625,45,-0.021108701184274326,2025-09-15,-0.05499207828063901,2025-11-12,0.013630298920945139,2026-02-13,,
SLB,2025-06-30,,8546000000.0,1612000000.0,1345000000.0,1014000000.0,2060000000.0,180000000.0,87000000.0,1142000000.0,-320000000.0,822000000.0,48769000000.0,13698000000.0,20302000000.0,3236000000.0,18453000000.0,14035000000.0,8490000000.0,,,0.006595995288574796,,,0.18862625789843201,0.15738357126140884,0.11865200093611046,0.24104844371635853,0.1336297683126609,0.09618534987128481,0.03744441844137608,0.021062485373274046,0.010180201263749123,0.28087514609690584,0.6747118510491578,0.0663536262789887,1.3147844674029212,0.1752342676700363,-0.000537464127480819,-0.00021360188346747355,0.024776853704072774,0.023145027933084095,0.05589125241160084,0.0713325819089762,-0.015441329497375388,0.0008033569869371794,-0.001127219230950523,-0.004868292946398511,-0.042787508417918896,0.006437704479878466,0.07808587735237582,0.001976033312254988,2025-08-14,82796298240.0,large_cap,0.0951863588350687,-0.0843729306170688,0.2055719363994599,0.1743227975419548,0.1229298134420898,0.1232604921601587,0.2467354654133033,0.7415755594155512,2025-08-14,32.506263732910156,45,0.055034301015734366,2025-09-15,0.09448052778665095,2025-11-12,0.5501627564361493,2026-02-13,,
SO,2025-06-30,,6973000000.0,3490000000.0,1764000000.0,880000000.0,3465000000.0,,,2181000000.0,-2800000000.0,-619000000.0,148853000000.0,70824000000.0,34014000000.0,1264000000.0,10801000000.0,14570000000.0,7775000000.0,,,-0.10315112540192928,,,0.5005019360390076,0.25297576365983077,0.12620106123619676,0.49691667861752475,0.3127778574501649,-0.08877097375591568,0.4015488312060806,0.0,0.0,0.4757982707772097,2.082201446463221,0.008491599094408577,0.7413177762525738,0.04684487380167011,0.019344379768911124,-0.005545136661712635,-0.045374501464767875,0.02424786832813569,0.15200615327010059,0.06389783653347338,0.08810831673662722,0.0,0.0,0.0023631655506535787,0.010036193352904732,-0.007219802643500667,-0.11685215838794905,-0.005650248034275038,2025-08-14,104331722752.0,large_cap,0.0582505048905079,0.1957552010891486,0.5000374195479719,0.26448136506511,0.164683430624158,0.0311704834605597,0.4565160490425679,0.1840749414519906,2025-08-14,91.96418762207031,45,-0.012510110810333264,2025-09-15,-0.01668352147390939,2025-11-12,0.02442041724151367,2026-02-13,,
SRE,2025-06-30,,3000000000.0,1402000000.0,584000000.0,473000000.0,1310000000.0,,,784000000.0,-2304000000.0,-1520000000.0,99907000000.0,38590000000.0,31717000000.0,155000000.0,4169000000.0,8607000000.0,3802000000.0,,,-0.21094160967911624,,,0.4673333333333333,0.19466666666666665,0.15766666666666668,0.43666666666666665,0.2613333333333333,-0.5066666666666667,0.768,0.0,0.0,0.3862592210756003,1.2166976700192327,0.0015514428418429138,0.48437318461717205,0.030027925971153172,-0.004786603541995449,-0.057568998772575875,-0.08352218130808345,-0.016778888304401218,-0.12846151148518326,-0.28204804488865515,0.15358653340347184,0.0,0.0,0.005186602148219199,0.025086009721724478,-0.01601243959427465,-0.0858905560713723,-0.008372235628685231,2025-08-14,59113189376.0,large_cap,-0.2114234449760765,-0.3693983739877811,0.4620401971937808,0.224649222601441,0.2170648464163822,-0.2508911642017444,0.3728147262232853,0.1371223545317456,2025-08-14,80.1456298828125,45,0.01844167569107147,2025-09-15,0.13748956672195534,2025-11-12,0.17440966304319683,2026-02-13,,
SYK,2025-06-30,,6022000000.0,3841000000.0,1168000000.0,884000000.0,1464000000.0,407000000.0,2079000000.0,1111000000.0,-183000000.0,928000000.0,46331000000.0,16580000000.0,21191000000.0,2375000000.0,13003000000.0,7288000000.0,5866000000.0,,,0.02659393112853725,,,0.6378279641315178,0.19395549651278646,0.14679508468947194,0.2431086017934241,0.1844902025905015,0.1541016273663235,0.030388575224178014,0.06758551976087679,0.3452341414812355,0.35785974833264983,0.7824076258789109,0.05126157432388682,1.784165751920966,0.129977768664609,-0.00042638295337826815,0.04530224046096237,0.03530514265060389,0.04808644018415034,0.14187172321784552,0.13245143984501426,0.00942028337283127,-0.0014564168228259067,-0.04685586874719955,-0.006897022523325469,-0.0193601715410604,0.0008333693071498685,0.14184011186547352,0.0024726606352215297,2025-08-14,117599756288.0,large_cap,0.1023026636745048,-0.0087602665656165,0.6390794423545032,0.2065058641292321,0.132462934277495,0.1543261783580438,0.3164227036838798,0.5258197388936725,2025-08-14,375.70526123046875,45,-0.0037250905889071317,2025-09-15,-0.027327105354431946,2025-11-12,-0.028328233603631237,2026-02-13,,
TEAM,2025-06-30,,1384344000.0,1149919000.0,-28479000.0,-23903000.0,17164000.0,700678000.0,463085000.0,375315000.0,-14997000.0,360318000.0,6041970000.0,1239331000.0,1345654000.0,2512874000.0,3891237000.0,3180859000.0,1356716000.0,,,0.020363878659940715,,,0.8306598648890738,-0.02057219881763492,-0.01726666204353831,0.012398652358084407,0.27111397167178103,0.260280681680276,0.010833289991505,0.5061444265298221,0.33451584288298286,0.20512034981967803,0.9209878616642911,0.41590309121031716,1.2233289812594648,0.2291212965307673,-0.007423418568923257,-0.011391205890596397,0.034923332030387264,-0.005016930564207362,-0.20996018091431656,-0.21020466676405575,0.000244485849739148,0.0010129177984442572,-0.004910389283513283,-0.0040331851232049964,0.02203233315353592,-0.03633814545032382,-0.038911968988338375,-0.001466991551118374,2025-08-14,22194536448.0,mid_cap,0.2331084263860012,-0.0279674947551669,0.8156530888452103,-0.0268611295867047,-0.0689484681215518,0.3246560882007377,0.2396980276596932,0.8362417075696265,2025-08-14,164.38999938964844,45,0.05766771557112138,2025-09-15,-0.05407871173827761,2025-11-12,-0.4867084520548314,2026-02-13,,
TMO,2025-06-30,,10854000000.0,4408000000.0,1916000000.0,1617000000.0,2799000000.0,352000000.0,2140000000.0,1399000000.0,-294000000.0,1105000000.0,101230000000.0,35229000000.0,50511000000.0,4576000000.0,24584000000.0,12718000000.0,10364000000.0,,,0.047279042840602026,,,0.40611756034641605,0.17652478348995762,0.1489773355444997,0.25787728026533996,0.128892574166206,0.10180578588538787,0.027086788280818133,0.032430440390639394,0.19716233646581904,0.34800948335473675,0.6974520401496703,0.04520399091178504,1.9330083346438118,0.10722117949224538,-0.0025084527759305364,0.00139934929466623,0.003570156849015349,0.00430723009166184,0.05913186401568497,0.06697367473139328,-0.007841810715708303,-0.0005684017552502266,-0.003339400315346519,0.0028090108231589306,0.005226893358821982,0.0034637015366777643,0.1584523911186866,0.002577648025479093,2025-08-14,162896560128.0,large_cap,0.0005133350444501,0.0463332170437822,0.4128361202453415,0.1799715478439329,0.1477413185941836,0.169476900114275,0.3213592133249761,0.4405934998612837,2025-08-14,483.7626037597656,45,-0.020934544701898483,2025-09-15,0.21340066224100251,2025-11-12,0.04249771936331048,2026-02-13,,
TRV,2025-06-30,,12116000000.0,,,1509000000.0,,,1545000000.0,2334000000.0,,2334000000.0,138873000000.0,8034000000.0,29518000000.0,521000000.0,,,11810000000.0,,,0.02591024555461474,,,,,0.12454605480356554,,0.19263783426873557,0.19263783426873557,,0.0,0.12751733245295477,0.057851418202242336,0.27217291144386474,0.0037516291863789217,,0.0872451808486891,,,0.09109982279679162,,0.07748118735933676,0.07748118735933676,,0.0,0.003977959040592366,-0.0012247490907557473,-0.012776185785747574,-0.0015728006804367899,,0.0003922571924825369,2025-08-14,63742373888.0,large_cap,0.1221811326227249,0.0008400658404179,,,0.1076720944257775,0.19544240544499,0.0603127885936526,0.3485873458018305,2025-08-14,265.4891357421875,45,0.03285871863687628,2025-09-15,0.06960511051838547,2025-11-12,0.10416035407816593,2026-02-13,,
TSLA,2025-06-30,,22496000000.0,3878000000.0,923000000.0,1172000000.0,3068000000.0,1589000000.0,1366000000.0,2540000000.0,-2394000000.0,146000000.0,128567000000.0,13134000000.0,77314000000.0,15587000000.0,61133000000.0,30008000000.0,19335000000.0,,,0.16348590638738036,,,0.17238620199146515,0.041029516358463726,0.05209815078236131,0.13637980085348506,0.11290896159317212,0.006490042674253201,0.10641891891891891,0.07063477951635846,0.06072190611664296,0.10215685206934906,0.16987867656569314,0.12123639814260269,2.0372234070914423,0.17497491580265542,0.009314053038788656,0.01553171444483559,0.030944801933124176,0.02637204290158436,0.0014013329404697766,-0.027851824406170903,0.029253157346640662,-0.002238248670866777,-0.003979412735180161,-0.0027739693612205962,-0.005974939497961379,-0.009463540312049587,0.04115578365851125,0.020432149778884523,2025-08-14,1585816797184.0,large_cap,0.0094757835346634,-0.1784768815116157,0.1786262667622069,0.0794349472822192,0.0729859760466782,0.0366567714197973,0.1115999016957483,0.8002785287130335,2025-08-14,335.5799865722656,45,0.2218845728352803,2025-09-15,0.2831516280271018,2025-11-12,0.2439359292706582,2026-02-13,,
TXN,2025-06-30,,4448000000.0,2575000000.0,1563000000.0,1295000000.0,2092000000.0,527000000.0,485000000.0,1860000000.0,-1305000000.0,555000000.0,34933000000.0,14043000000.0,16403000000.0,3044000000.0,14484000000.0,2492000000.0,4069000000.0,,,0.09314327844679293,,,0.5789118705035972,0.35139388489208634,0.29114208633093525,0.47032374100719426,0.4181654676258993,0.12477517985611511,0.29339028776978415,0.11848021582733813,0.10903776978417266,0.40199811066899493,0.8561238797780893,0.08713823605187072,5.812199036918138,0.12732945925056538,0.010467535286099006,0.026006811901179483,0.001390304566373901,0.01615809834314902,0.20951469347991747,0.19211359224245084,0.017401101237466632,-0.00857802944176976,-0.0069612471733107445,0.021395568973939072,0.07299575592096386,0.005288545617294194,0.5546658910764348,0.006791496753898021,2025-08-14,275512393728.0,large_cap,-0.1071978994234831,0.0180767161147633,0.5814206252797136,0.3414743302857873,0.3068218144619909,0.0957739274982418,0.3828888450815286,0.4404798783407023,2025-08-14,189.78688049316406,45,-0.08006811132417901,2025-09-15,-0.15055644964376147,2025-11-12,0.18562820186377516,2026-02-13,,
UBER,2025-06-30,,12651000000.0,5040000000.0,1450000000.0,1355000000.0,1793000000.0,840000000.0,1879000000.0,2564000000.0,-89000000.0,2475000000.0,55982000000.0,12342000000.0,22598000000.0,6438000000.0,14107000000.0,12686000000.0,11533000000.0,,,0.09693921789647097,,,0.3983874792506521,0.11461544541933444,0.10710615761599873,0.14172792664611494,0.20267172555529206,0.1956367085605881,0.007035016994703976,0.06639791320844202,0.14852580823650305,0.22046372048158336,0.5461545269492876,0.1150012504019149,1.1120132429449787,0.2259833517916473,-0.00012114816632524672,0.008138379608183824,-0.046886732351919425,-0.0029005308237541327,0.0011630114306063755,0.0005443648512323263,0.0006186465793740535,-0.004268869068502407,-9.120381586841253e-05,0.009869649829203658,0.03994292285372447,0.017844762574873135,0.09244748714542461,0.007646295262170949,2025-08-14,152853118976.0,large_cap,0.1796357393846732,0.0101091214469752,0.3939924507708399,0.0636454590931829,0.224112056028014,0.1567829369230069,0.2171181016314105,0.8582077901803138,2025-08-14,91.4000015258789,45,0.08150981207733143,2025-09-15,0.023741773880943562,2025-11-12,-0.23424511274266624,2026-02-13,,
UNH,2025-06-30,,111616000000.0,20012000000.0,5150000000.0,3406000000.0,6193000000.0,,,7188000000.0,-886000000.0,6302000000.0,308573000000.0,79193000000.0,94724000000.0,28596000000.0,93699000000.0,110781000000.0,109575000000.0,,,0.018626511521788736,,,0.17929329128440366,0.04614033830275229,0.030515338302752295,0.055484876720183485,0.06439936926605505,0.056461439220183485,0.00793793004587156,0.0,0.0,0.25664267450489836,0.8360394409019889,0.09267175028275319,0.8458038833373954,0.36171667644285144,-0.03767225742652491,-0.03708119945677315,-0.02690651887269831,-0.037282634117142555,0.014606989617412566,0.014864359594356426,-0.0002573699769438647,0.0,0.0,-0.005699557329570171,-0.019102712762860907,-0.006482515510203332,-0.0027389161444104637,0.008009326302433728,2025-08-14,357672681472.0,large_cap,0.0771106123964673,-0.0692976649463428,0.2233422771174034,0.0806614402989922,0.0359874886953567,0.0517265500477168,0.2578265913007329,1.341962866855752,2025-08-14,265.9187927246094,45,0.28949437473052275,2025-09-15,0.25676483512548787,2025-11-12,0.0940491255822633,2026-02-13,,
UNP,2025-06-30,,6154000000.0,2844000000.0,2525000000.0,1876000000.0,3261000000.0,,,2333000000.0,-936000000.0,1397000000.0,68576000000.0,33956000000.0,16258000000.0,1060000000.0,4183000000.0,6452000000.0,6027000000.0,,,0.021071843371494925,,,0.4621384465388365,0.4103022424439389,0.30484237894052646,0.5298992525186871,0.3791030224244394,0.22700682482937926,0.15209619759506013,0.0,0.0,0.49515865608959403,2.0885717800467463,0.015457302846476902,0.648326100433974,0.08973985067662156,0.009176774064968918,0.01690585950051765,0.035056415774772365,0.02234989131078924,0.012419763755117996,0.010647110211824906,0.00177265354329309,0.0,0.0021569603451136554,0.0001519399767633267,-0.025275716679982185,-0.005143643249417511,-0.08118209628733752,0.0017441723492256644,2025-08-14,160635043840.0,large_cap,0.005431402628633,0.035823362427628,0.4552164948453608,0.4005360824742268,0.2782268041237113,0.2430515463917525,0.4794063353762091,0.3581185852469911,2025-08-14,217.72703552246094,45,-0.01769351218964188,2025-09-15,0.015466440123627745,2025-11-12,0.19105465227000784,2026-02-13,,
UPS,2025-06-30,,21221000000.0,3780000000.0,1822000000.0,1283000000.0,2836000000.0,,,348000000.0,-1123000000.0,-775000000.0,70923000000.0,28909000000.0,15750000000.0,6194000000.0,18850000000.0,14240000000.0,21546000000.0,,,-0.015084006312076514,,,0.17812544177936948,0.08585834786296594,0.06045897931294472,0.13364120446727298,0.016398850195561,-0.03652042787804533,0.052919278073606336,0.0,0.0,0.4076110711616824,1.8354920634920635,0.08733415112163896,1.3237359550561798,0.2992118212709558,0.00732807799954957,0.008535410890906162,0.005367547028529984,0.010323651325158445,-0.0911849240548799,-0.10344700357655084,0.012262079521670945,0.0,0.0,0.03379048868278772,0.20113701879219126,0.017197148813924187,0.23242050167176087,-0.0154845243604525,2025-08-14,84091117568.0,large_cap,0.0012313375404031,0.0947153615392869,0.179598111342923,0.0929834193477544,0.063489623366641,0.0682222466234764,0.3660910518053375,1.2997002997002998,2025-08-14,84.24880981445312,45,-0.03323845884958876,2025-09-15,0.10667855389915104,2025-11-12,0.3958653983732181,2026-02-13,,
UPST,2025-06-30,,257291000.0,,,5607000.0,,,183924000.0,-120162000.0,-4366000.0,-124528000.0,2477868000.0,1472312000.0,722010000.0,400556000.0,,,213371000.0,,,0.20583865661219192,,,,,0.021792445130222198,,-0.4670276068731514,-0.4839967196676137,0.016969112794462303,0.0,0.7148481680276418,0.5941850009766461,2.0391850528386035,0.16165348598068985,,0.10383563611943816,,,0.033260732760687445,,-0.4038231414115845,-0.39192703822074415,-0.011896103190840293,0.0,-0.035155346976740165,-0.007631330415429072,-0.0031608257796316153,-0.10197542290094769,,0.01091522625599399,2025-08-14,2824448512.0,low_cap,0.2375723009767396,0.6310513403197496,,,-0.20447526692259,0.2804253586797151,0.6136340399787407,0.2656718032174631,2025-08-14,63.83000183105469,45,0.049349857990233614,2025-09-15,-0.3792887702439518,2025-11-12,-0.5193482778462135,2026-02-13,,
URI,2025-06-30,,3943000000.0,1533000000.0,1003000000.0,622000000.0,1769000000.0,,422000000.0,1328000000.0,-1558000000.0,-230000000.0,29206000000.0,14455000000.0,9035000000.0,548000000.0,3520000000.0,4100000000.0,3719000000.0,,,0.060231244958322216,,,0.3887902612224195,0.25437484149125034,0.1577479076845042,0.4486431651027137,0.33679939132640124,-0.05833121988333756,0.3951306112097388,0.0,0.10702510778594979,0.49493254810655346,1.5998893193137798,0.018763267821680477,0.8585365853658536,0.1350065055125659,0.024176117635433758,0.03791880492228017,0.01846315371838428,0.012235528641299342,-0.04636812682363911,-0.24117607064967259,0.1948079438260335,0.0,-0.010479597780062577,-0.003926631929097146,0.007785553242554366,-0.0005593703244870796,0.004293042930429314,0.002421835280836837,2025-08-14,60212740096.0,large_cap,0.0706809935807981,-0.1603789617533368,0.4007820136852394,0.2651026392961876,0.1678071032909742,0.0273053111762789,0.5251216134644746,0.5448638284273692,2025-08-14,915.5633544921875,45,0.028704737613653775,2025-09-15,-0.06395815097939483,2025-11-12,-0.052192680421236815,2026-02-13,,
USB,2025-06-30,,6975000000.0,,,1815000000.0,,,2761000000.0,2054000000.0,,2054000000.0,686370000000.0,79052000000.0,61438000000.0,57807000000.0,,,6928000000.0,,,0.006784064665126932,,,,,0.26021505376344084,,0.29448028673835125,0.29448028673835125,,0.0,0.39584229390681,0.1151740314990457,1.2866955304534653,0.0842213383452074,,0.010162157436950916,,,0.013534915195311498,,0.3389375615651411,0.3389375615651411,,0.0,-0.011057244199425553,0.0013259127565384277,0.0051293696440937175,0.010291089664149766,,-7.89551310287559e-05,2025-08-14,82458165248.0,large_cap,-0.0242030485845857,-0.1825308686308974,,,0.2304371684653375,0.4152185842326687,0.0967481328816277,0.0402982082150259,2025-08-14,45.42031478881836,45,0.05253033532569118,2025-09-15,0.033606141368072606,2025-11-12,0.2571555103222456,2026-02-13,,
V,2025-06-30,,10172000000.0,8199000000.0,6792000000.0,5272000000.0,6689000000.0,,1090000000.0,6730000000.0,-421000000.0,6309000000.0,100024000000.0,25138000000.0,38664000000.0,17092000000.0,38398000000.0,34427000000.0,9594000000.0,,,0.060245987075255414,,,0.8060361777428234,0.667715296893433,0.5182854895792371,0.657589461266221,0.6616201337003539,0.6202320094376721,0.041388124262681875,0.0,0.10715690129767991,0.2513196832760138,0.6501655286571487,0.17087898904262977,1.1153455136956458,0.10169559305766616,0.0020962152662755695,-0.0030164104236402034,0.04121648811999179,0.042517541316252294,0.1722517784783401,0.16494745659214366,0.00730432188619657,0.0,0.005739348660615082,0.02771893801199432,0.1042281108291182,0.04450719707037254,0.03131273004797119,-0.0016290168095432905,2025-08-14,619492999168.0,large_cap,0.1002358129421492,-0.0138208230182739,0.803985971162946,0.6696264543784446,0.5495462895952792,0.5203195457328954,0.2204611103469437,0.3801250648072711,2025-08-14,343.38555908203125,45,-0.018640145651577678,2025-09-15,-0.017189299948507153,2025-11-12,-0.08723533063907063,2026-02-13,,
VRTX,2025-06-30,,2964700000.0,2557200000.0,1154200000.0,1032900000.0,1338400000.0,978400000.0,424600000.0,1073100000.0,-145700000.0,927400000.0,24036700000.0,1527400000.0,17175400000.0,4972200000.0,10427900000.0,4138400000.0,2770200000.0,,,0.07021153707313554,,,0.8625493304550207,0.38931426451242956,0.3483995007926603,0.45144534016932575,0.36195905150605456,0.31281411272641413,0.049144938779640435,0.33001652781057106,0.1432185381320201,0.0635444965407065,0.08892951546979982,0.2068586786039681,2.519790257104195,0.12334055839611927,-0.0064131993262225295,0.01710287183320064,0.1150950462406424,0.0617622847942626,0.06634862626599969,0.03189576748058348,0.03445285878541619,-0.023640247873495057,0.00012417671407194408,-0.008529977356280014,-0.011038356113524925,0.0025493322173069655,-0.12580077694105807,0.0022680293867007595,2025-08-14,110900281344.0,large_cap,0.1166153284967372,0.0115283812249669,0.8611174127276522,-0.0211794811299353,-0.0486020997994573,-0.0887469260714512,0.0774102213622565,0.4890605861573145,2025-08-14,390.29998779296875,45,0.0074558128442805405,2025-09-15,0.11245200107902287,2025-11-12,0.25921090594909035,2026-02-13,,
WFC,2025-06-30,,20569000000.0,,,5494000000.0,,,9129000000.0,-11216000000.0,,-11216000000.0,1981269000000.0,210221000000.0,181111000000.0,194561000000.0,,,20149000000.0,,,0.020844706933346613,,,,,0.2671009771986971,,-0.5452865963342894,-0.5452865963342894,,0.0,0.44382322913121686,0.10610421906364052,1.1607301599571533,0.09820019391612143,,0.01038173009318775,,,0.024210511170606352,,0.0024825237212964257,0.0024825237212964257,,0.0,-0.035356879062738156,0.00939605303268444,0.11919832495798155,0.0071557399803132415,,5.0557269981604466e-05,2025-08-14,224679100416.0,large_cap,-0.0036442001525479,-0.1142966313057322,,,0.239647127442403,0.0368790706717215,0.0910860716793317,0.0426438392720658,2025-08-14,78.16146850585938,45,0.025185704329424352,2025-09-15,0.09197239960252923,2025-11-12,0.10649852900696755,2026-02-13,,
WING,2025-06-30,,174329000.0,84391000.0,45234000.0,26763000.0,51454000.0,,32937000.0,6582000.0,-14359000.0,-7777000.0,708288000.0,1269064000.0,-685998000.0,227943000.0,312840000.0,71586000.0,171094000.0,,,0.018907734929337172,,,0.4840904267218879,0.25947490090575864,0.1535200683764606,0.2951545640713823,0.037756196616741906,-0.04461105151753294,0.08236724813427485,0.0,0.18893586265050566,1.7917344357097678,1.849952915314622,0.32182247899159666,4.370128237364848,0.2461272815577844,0.0021097611228604873,-0.002346086387775892,-0.38574489708112414,-0.5133366746628807,-0.11008066499149685,-0.14556140629327025,0.035480741301773415,0.0,0.005177227046685551,-0.027709769547377805,0.07676701692836874,-0.03894181053601797,0.8071104143641668,0.0005862111850540586,2025-08-14,3518718208.0,low_cap,0.360287356946452,0.0734958118344166,0.4807696302534168,0.262985233466548,0.1737228890057158,0.1688715530507009,1.7667519260142466,0.8737319300910581,2025-08-14,323.6322937011719,45,-0.17759543028838964,2025-09-15,-0.2583232961956883,2025-11-12,-0.3177121587495001,2026-02-13,,
WM,2025-06-30,,6430000000.0,2591000000.0,1187000000.0,726000000.0,1868000000.0,,672000000.0,1545000000.0,-732000000.0,813000000.0,45722000000.0,24020000000.0,9201000000.0,440000000.0,4984000000.0,5816000000.0,6018000000.0,,,0.06846128281821207,,,0.40295489891135305,0.18460342146189734,0.11290824261275272,0.29051321928460344,0.24027993779160187,0.12643856920684293,0.11384136858475895,0.0,0.10451010886469674,0.5253488473820043,2.610585805890664,0.009623376055290669,0.8569463548830811,0.1406325182625432,0.0031543007059692263,0.013782550740727512,0.007059123304012274,0.012015379470711796,0.0395487978780093,0.06379317206493532,-0.024244374186926,0.0,-0.006490223471627629,-0.010482650167786711,-0.14513673746193723,0.004767915910526024,0.023768872182501344,0.0053540036736837715,2025-08-14,88274386944.0,large_cap,0.0801429550572798,0.0431848882484668,0.393418846031818,0.1880523954131351,0.124461768571817,0.0978561392376376,0.5362712320775461,0.4950523930262301,2025-08-14,223.5471954345703,45,-0.04071775841583458,2025-09-15,-0.09544381381272538,2025-11-12,0.044930138032512223,2026-02-13,,
XOM,2025-06-30,,79477000000.0,17947000000.0,8911000000.0,7082000000.0,16951000000.0,,2528000000.0,11550000000.0,-6283000000.0,5267000000.0,447597000000.0,38989000000.0,262593000000.0,14352000000.0,85108000000.0,68161000000.0,81058000000.0,,,-0.01950455229588688,,,0.22581375743925916,0.11212048768826201,0.08910754054632158,0.21328182996338563,0.1453250625967261,0.06627074499540747,0.07905431760131862,0.0,0.03180794443675529,0.08710737560796877,0.1484769205576691,0.032064558073445534,1.2486319156115668,0.17756374595897648,-0.0022328264882988946,-0.009348090366957718,-0.006046546650500445,-0.002699319337115258,-0.01447409356306073,-0.020765698045378145,0.006291604482317414,0.0,0.00047235757302808296,0.004013028971042679,0.005545282311627681,-0.005633380445013977,0.012897989918410957,-0.0018046210537783214,2025-08-14,654570029056.0,large_cap,0.0135943853694535,0.1740709640362874,0.226212759434866,0.1168823895273944,0.099278696642859,0.0905416997055243,0.0919786096256684,0.7481051877170737,2025-08-14,104.06287384033203,45,0.05602024790961746,2025-09-15,0.11025468321254772,2025-11-12,0.41692404592495946,2026-02-13,,
YUM,2025-06-30,,1932000000.0,905000000.0,603000000.0,374000000.0,666000000.0,,302000000.0,446000000.0,-71000000.0,375000000.0,6917000000.0,11389000000.0,-7680000000.0,677000000.0,1826000000.0,2229000000.0,1787000000.0,,,0.08114157806379407,,,0.4684265010351967,0.31211180124223603,0.19358178053830227,0.3447204968944099,0.2308488612836439,0.19409937888198758,0.03674948240165631,0.0,0.15631469979296067,1.6465230591296804,1.4829427083333333,0.0978748012143993,0.8192014356213548,0.27931184039323403,4.3736625571610954e-05,0.012727358041340675,0.05200371674423401,0.012319825377901827,0.004771636885210762,0.007753547880308798,-0.002981910995098022,0.0,-0.012683621415769036,-0.05898827890906411,0.027663364407141566,0.006719973162139209,-0.5837230160439579,0.010953227988969139,2025-08-14,41334915072.0,mid_cap,0.0668456755228943,0.0326451493609534,0.4747648695191416,0.3183203073254735,0.1968472645383494,0.1896939992051927,1.8263713393786236,1.1221941430057976,2025-08-14,144.70562744140625,45,0.019437275213140204,2025-09-15,0.022654993531874723,2025-11-12,0.10454141688005647,2026-02-13,,
ZTS,2025-06-30,,2460000000.0,1811000000.0,989000000.0,718000000.0,1078000000.0,172000000.0,617000000.0,558000000.0,-149000000.0,409000000.0,14479000000.0,6791000000.0,4977000000.0,1435000000.0,5923000000.0,3366000000.0,2198000000.0,,,0.11919927206551417,,,0.7361788617886179,0.40203252032520326,0.291869918699187,0.43821138211382116,0.22682926829268293,0.16626016260162602,0.06056910569105691,0.06991869918699187,0.2508130081300813,0.469024103874577,1.3644765923246935,0.09910905449271358,1.7596553773024362,0.1699012362732233,0.017343556966051943,0.032605768732846596,0.01798456838071566,0.007820117327651921,-0.00747464435517875,0.01293896150972429,-0.020413605864903046,-0.0037846675100054045,-0.010333488685205339,-0.00976721404285813,-0.0855771133681098,-0.02289406651735877,0.02346630787850712,0.013992596749886649,2025-08-14,31115112448.0,mid_cap,0.0833333333333332,0.0259075907590757,0.7062445980985307,0.3664649956784788,0.2685825410544512,0.2482713915298185,0.4736953009763293,0.6501369670576667,2025-08-14,151.22259521484375,45,-0.04449229929719156,2025-09-15,-0.20506862200222709,2025-11-12,-0.1661199246376882,2026-02-13,,
ADSK,2025-07-31,,1763000000.0,1604000000.0,450000000.0,313000000.0,497000000.0,413000000.0,727000000.0,460000000.0,-16000000.0,444000000.0,10856000000.0,2734000000.0,2715000000.0,2003000000.0,3489000000.0,4566000000.0,1633000000.0,,,0.07960808328230251,,,0.9098128190584232,0.2552467385138968,0.1775382870107771,0.2819058423142371,0.26091888825865,0.25184344866704483,0.009075439591605219,0.2342597844583097,0.41236528644356213,0.25184229918938833,1.006998158379374,0.18450626381724392,0.764126149802891,0.16239867354458365,0.007791998482795437,0.04826572197991025,0.08445806655762339,0.10799279883597623,-0.08445771921226242,-0.0843476107328327,-0.00011010847942968631,-0.007013944874207145,-0.03343997993733194,0.011502195268745907,0.034892694107306665,0.01294273051540168,0.11053802213466568,0.008123756208731014,2025-09-14,49961189376.0,mid_cap,0.1153356376205203,0.0170339393188221,0.9057250040776382,0.2232914695808188,0.181373348556516,0.2454738215625509,0.2362226530047078,0.5659558755654021,2025-09-15,321.07000732421875,45,-0.0450992327405596,2025-10-14,-0.07297471623414975,2025-12-12,-0.21225903261171042,2026-03-17,,
AI,2025-07-31,,70261000.0,26444000.0,-124819000.0,-116769000.0,-121404000.0,64651000.0,86612000.0,-33535000.0,-760000.0,-34295000.0,968739000.0,4930000.0,798824000.0,80941000.0,851113000.0,111291000.0,108723000.0,,,-0.3537613936333619,,,0.3763681131780077,-1.7765047465877228,-1.6619319394827856,-1.727900257610908,-0.47729181195826986,-0.4881086235607236,0.010816811602453708,0.9201548511976773,1.2327180085680534,0.005089090043861143,0.006171572211150391,0.08355294873025655,7.647635478160858,0.07252830741820036,-0.24456765938161623,-0.9582326238538027,-0.9288579808907673,-0.9408266853216959,-0.5808945455105081,-0.5830839277741835,0.002189382263675344,0.3830743806440685,0.3305905838281179,0.00041506320646658885,0.0004516833404198794,-0.0766584595993564,0.7912162006139223,-0.0334517175749275,2025-09-14,1256769024.0,low_cap,0.2526675724929326,0.0885453063335217,0.6062443452870538,-0.8338748149366673,-0.7420576986346439,-0.1142406234578055,0.0046740268373945,0.3792404974451253,2025-09-15,17.530000686645508,45,0.08328574029006708,2025-10-14,-0.12892185626686947,2025-12-12,-0.49743296779627477,2026-03-17,,
AMAT,2025-07-31,,7302000000.0,3562000000.0,2233000000.0,1779000000.0,2742000000.0,901000000.0,428000000.0,2634000000.0,-584000000.0,2050000000.0,34211000000.0,6763000000.0,19504000000.0,5384000000.0,19718000000.0,7883000000.0,7100000000.0,,,0.02845070422535212,,,0.48781155847712954,0.30580662832100797,0.24363188167625308,0.37551355792933444,0.3607230895645029,0.2807450013694878,0.07997808819501506,0.12339085182141879,0.05861407833470282,0.19768495513139048,0.34674938474159145,0.15737628248224256,2.50133198021058,0.21344012159831632,-0.003033511945405687,0.0003136705745290791,-0.05735403381670465,0.02438679736595417,0.13945548393070006,0.13130838165117797,0.008147102279522103,-0.002383796065905164,-0.0009633864540295745,-0.0006380705584287383,-0.0050253106858649255,-0.026050216090545253,0.036599614027488236,0.0023316534727216565,2025-09-14,346505936896.0,large_cap,0.024851981747558,-0.0035366162745478,0.4745731527818663,0.2894833676773624,0.2640933176332057,0.2755004415660877,0.1919846551774245,0.7897933680141823,2025-09-15,170.3831024169922,45,0.27648748319374117,2025-10-14,0.5194412580005763,2025-12-12,1.068632314209625,2026-03-17,,
ASAN,2025-07-31,,196936000.0,176715000.0,-49456000.0,-48360000.0,-41003000.0,79376000.0,146795000.0,39835000.0,-4453000.0,35382000.0,883157000.0,252340000.0,224556000.0,184146000.0,598511000.0,424082000.0,187267000.0,,,0.05163216156610617,,,0.8973219726205468,-0.25112726977292116,-0.24556200999309422,-0.2082046959418288,0.20227383515456798,0.17966242840313604,0.022611406751431938,0.4030547995287809,0.745394442864687,0.2857249616999016,1.123728602219491,0.20850879288733487,1.4113096052178589,0.22299092913264573,-6.440821223474558e-06,-0.016681264870829493,-0.03186712514952861,-0.031392977913558995,0.16615428392557408,0.15832925170889733,0.007825032216676749,0.0018789383252587055,0.014795885724347313,-0.009843669283085055,0.026612175921163495,-0.012428054774308223,-0.0622770815808682,0.009491950072457594,2025-09-14,1476145920.0,low_cap,0.1093817049397398,-0.0830336660682058,0.893361570213683,-0.3684816183987313,-0.3530107366455028,0.0036511778260365,0.2951375060998525,0.8120527475979201,2025-09-15,13.399999618530273,45,0.05447765049941933,2025-10-14,0.07089558134208751,2025-12-12,-0.48880596271361065,2026-03-17,,
AVGO,2025-07-31,,15952000000.0,10703000000.0,6074000000.0,4140000000.0,8294000000.0,3050000000.0,1072000000.0,7166000000.0,-142000000.0,7024000000.0,165621000000.0,64229000000.0,73277000000.0,10718000000.0,24998000000.0,16704000000.0,15004000000.0,,,0.06318315115969075,,,0.6709503510531595,0.38076730190571717,0.25952858575727183,0.5199348044132397,0.44922266800401206,0.440320962888666,0.008901705115346038,0.1911985957873621,0.06720160481444333,0.3878071017564198,0.8765233292847687,0.06471401573471963,1.4965277777777777,0.09631628839338006,-0.008668417275286222,-0.013460903906066357,-0.0713831711075642,-0.014589322486253775,0.012339170270074418,0.013034905837213062,-0.0006957355671386323,0.011713125246173073,-0.004979146985076802,-0.020879042931668645,-0.09036656236010232,0.007178937073479275,0.419623374223862,0.005178585666052116,2025-09-14,2013133668352.0,large_cap,0.4398503587481503,0.3610622974283901,0.6303369915073487,0.2907666653740257,0.1143017799666498,0.3764299841005157,0.4078964049624196,0.3113525913851912,2025-09-15,362.01373291015625,45,-0.05320217566903884,2025-10-14,-0.009732040538619868,2025-12-12,-0.11429495351135255,2026-03-17,,
CHWY,2025-07-31,,3104200000.0,942200000.0,69700000.0,62000000.0,107500000.0,,872500000.0,133900000.0,-28000000.0,105900000.0,3118800000.0,494100000.0,389900000.0,591800000.0,1781900000.0,2193200000.0,3116000000.0,,,-0.003786906290115577,,,0.30352425745763806,0.022453450164293537,0.01997293988789382,0.03463050061207396,0.04313510727401585,0.034115069905289605,0.009020037368726242,0.0,0.2810708072933445,0.15842631781454405,1.267248012310849,0.18975246889829422,0.8124658033923035,0.9953187123252533,0.007054424338254206,-0.002225625573832265,-5.273405305611725e-05,-0.0004144287845884234,0.015407251048085172,0.018486058352016176,-0.00307880730393101,0.0,0.009280049912086474,-0.005021710156569881,-0.06448787693302749,-0.011665692719847798,0.01263401197094094,-0.022882117658735157,2025-09-14,8866885632.0,low_cap,0.0640132045175239,-0.0376470385895024,0.2923541264448248,0.0094930572534207,0.0331076694797366,0.0381492753745373,0.1666611378338033,3.9347487145463593,2025-09-15,36.95000076293945,45,0.03680651102220356,2025-10-14,-0.11393772659120616,2025-12-12,-0.31745605432706936,2026-03-17,,
CRM,2025-07-31,,10236000000.0,7994000000.0,2336000000.0,1887000000.0,3153000000.0,1481000000.0,4177000000.0,740000000.0,-135000000.0,605000000.0,97573000000.0,11237000000.0,61328000000.0,10365000000.0,25331000000.0,22532000000.0,9829000000.0,,,0.04140807813612768,,,0.780969128565846,0.22821414615084018,0.1843493552168816,0.30803048065650646,0.07229386479093396,0.059105119187182496,0.013188745603751465,0.14468542399374756,0.4080695584212583,0.11516505590685948,0.18322788938168535,0.10622815737960296,1.1242233268240724,0.10490607032683222,0.011409661682134531,0.02697292120425354,0.0275684008980292,0.021022646695778024,-0.5865727543971829,-0.5815500848010157,-0.005022669596167142,-0.003854610597767344,-0.011708648924351639,-0.00012751076994814425,-0.004175268894779233,-0.004592246230578564,0.055203654150903336,0.005230581025544315,2025-09-14,141940506624.0,large_cap,0.0871560949020282,-0.0246390058889898,0.7719224172054361,0.202295817390157,0.1635308088138276,0.3281171658530149,0.1106793098087983,0.3681699829006684,2025-09-15,241.10528564453125,45,-0.009617699452872719,2025-10-14,0.08315459023170324,2025-12-12,-0.19195983868440347,2026-03-17,,
CRWD,2025-07-31,,1168952000.0,858669000.0,-112979000.0,-77675000.0,3187000.0,346668000.0,624980000.0,332832000.0,-47786000.0,285046000.0,9288859000.0,810528000.0,3756680000.0,4972436000.0,6534354000.0,3475938000.0,1103434000.0,,,0.05937645568289529,,,0.7345630958328486,-0.09664981966753126,-0.06644840848897132,0.002726373709100117,0.28472683223947604,0.24384748047824034,0.04087935176123571,0.2965630753016377,0.5346498401987421,0.08725807981367786,0.21575646581556054,0.5353118181684101,1.8798822073351136,0.12584451976286862,-0.003397670284563059,0.016321141894283936,0.03342797741177127,0.020049566577907855,-0.063374640073322,-0.010738656979912997,-0.05263598309340897,-0.00624524853105185,-0.013473563647795173,-0.0028067592377284956,-0.011837273399137621,0.006187797858244082,0.030457951561982277,-0.0006908236093446096,2025-09-14,151215063040.0,large_cap,0.293913544347917,-0.0694212405654075,0.7495533212060631,-0.0294413429299296,-0.0038549442233252,0.2701081337021426,0.0906618316815639,0.4543571292471319,2025-09-15,444.7699890136719,45,0.09930978824737346,2025-10-14,0.13492369370223023,2025-12-12,-0.026013393647126182,2026-03-17,,
CSCO,2025-07-31,,14673000000.0,9280000000.0,3122000000.0,2550000000.0,4002000000.0,2380000000.0,3524000000.0,4234000000.0,-217000000.0,4017000000.0,122291000000.0,28093000000.0,46843000000.0,8346000000.0,34986000000.0,35064000000.0,14149000000.0,,,0.03703441939359675,,,0.6324541675185715,0.21277175765010564,0.17378859129012472,0.27274585974238397,0.2885572139303483,0.2737681455735024,0.014789068356845908,0.1622026852041164,0.24016901792407824,0.22972254703943873,0.599726746792477,0.06824705006909748,0.9977754962354551,0.11998429974405311,-0.023281220141333714,-0.015936985017220684,-0.0022662535752367985,-0.00826339886246441,0.0018231691215278567,0.005480634088591785,-0.003657464967063909,-0.002826645490632329,-0.004583261388947407,-0.014713177860796706,-0.03767392807418246,0.00011494340866435859,0.046449217064560844,0.0018613764333720445,2025-09-14,466916868096.0,large_cap,-0.0560545984069617,-0.1615882795753772,0.6473244986339052,0.2410646246491831,0.1918108655651172,0.1897663699050238,0.2489530836809658,0.4324548077773223,2025-09-15,65.90603637695312,45,0.030656475315670617,2025-10-14,0.16785723712023803,2025-12-12,0.1962906248306986,2026-03-17,,
DE,2025-07-31,,11783000000.0,4213000000.0,2159000000.0,1289000000.0,2958000000.0,556000000.0,1217000000.0,2896000000.0,-1052000000.0,1844000000.0,107817000000.0,66931000000.0,25175000000.0,8580000000.0,78507000000.0,33926000000.0,12525000000.0,,,-0.05924151696606783,,,0.35754901128744804,0.1832300772299075,0.10939489094458117,0.2510396333701095,0.2457778154969023,0.15649664771280658,0.08928116778409573,0.04718662479843843,0.10328439276924382,0.6207833644045002,2.65862959285005,0.07957928712540693,2.314065908153039,0.10928703265718764,-0.034945998692591906,-0.046949563488655366,-0.03463704518316334,-0.04245338060194642,0.11004927258273065,0.10204554990841536,0.008003722674315289,0.0033542894690971117,0.0077155304937947256,-0.0057370536457900245,-0.08361934691196282,0.004407372880277441,0.10036462241024457,-0.008536547110081394,2025-09-14,151754391552.0,large_cap,-0.1614991369008099,-0.3363363117379848,0.3859020547131715,0.2261966031909418,0.1405439645274951,0.0876717209707431,0.6099795005590757,0.4707230711889675,2025-09-15,464.5072937011719,45,-0.04177183130515616,2025-10-14,0.0370554448713043,2025-12-12,0.2326724142178802,2026-03-17,,
FIVE,2025-07-31,,1026847000.0,342369000.0,52365000.0,42762000.0,100055000.0,,242314000.0,92996000.0,-44719000.0,48277000.0,4606538000.0,2018626000.0,1907247000.0,562746000.0,1584918000.0,924624000.0,970527000.0,,,0.05803032785280582,,,0.33341773409281034,0.050995912730913175,0.041643983962557224,0.09743905372465421,0.09056461186525354,0.04701479383004479,0.04354981803520875,0.0,0.2359786803681561,0.4382089109001163,1.0583977848700248,0.12216245692535262,1.7141216321445258,0.22291078462828268,-0.000331867927535312,-0.0013952108545203096,-0.0007536000304692453,-0.0029301271430599296,-0.0461260726803593,-0.05236729445807085,0.006241221777711532,0.0,0.0025982592155246176,-0.0053585327005648,-0.004601189329975108,0.02616402717258122,0.0046656304549388405,0.004952070093030503,2025-09-14,11813208064.0,mid_cap,0.0891051194748282,-0.0679210950654582,0.3489365609990592,0.0835327601226561,0.0654222194247583,0.0275127710963963,0.4566270790635209,0.8932966692122314,2025-09-15,146.9600067138672,45,0.020685854295391604,2025-10-14,0.24802664182787337,2025-12-12,0.45617848546142525,2026-03-17,,
GTLB,2025-07-31,,235960000.0,207455000.0,-18351000.0,-9208000.0,-15577000.0,71488000.0,154318000.0,49369000.0,-2904000.0,46465000.0,1498187000.0,,866551000.0,261371000.0,1436170000.0,553357000.0,214509000.0,,,0.10000046618090619,,,0.879195626377352,-0.07777165621291744,-0.03902356331581624,-0.06601542634344804,0.20922614002373283,0.19691896931683336,0.012307170706899474,0.30296660450923885,0.6540006780810307,,,0.1744581951385241,2.595376944721039,0.1574970280745995,-0.00409598376487974,0.08357355540990492,0.12821883676996104,0.08332096513662973,-0.2863334868450699,-0.29438908768776784,0.008055600842697972,-0.001962326211616683,-0.08570721296316797,,,-0.002879373083169545,0.11370334937394899,0.00873802142406796,2025-09-14,3995034624.0,low_cap,0.3092621907688486,-0.0573576576531564,0.8878628750251893,-0.1879686374298813,-0.0083319174605432,-0.0892144737760602,0.0001965320315051,0.542606357775486,2025-09-15,50.09000015258789,45,-0.10640850099457055,2025-10-14,-0.21102015696995602,2025-12-12,-0.5432222181859085,2026-03-17,,
HD,2025-07-31,,45277000000.0,15125000000.0,6555000000.0,4551000000.0,7584000000.0,,7764000000.0,4643000000.0,-917000000.0,3726000000.0,100049000000.0,61321000000.0,10665000000.0,2804000000.0,35391000000.0,30846000000.0,39856000000.0,,,0.13601465274989955,,,0.33405481811957505,0.1447754930759547,0.10051461006692139,0.16750226384256908,0.10254654681184708,0.08229343816949003,0.02025310864235705,0.0,0.1714777922565541,0.6129096742596127,5.749742147210502,0.028026267129106736,1.1473448745380277,0.45254825135683513,-0.0036358683517216384,0.01598685397519195,0.0143795237562028,0.013171673718121057,-0.005969109551059379,-0.005999416105901378,3.0306554841992572e-05,0.0,-0.017452356278170905,-0.005211083730241706,-1.9549718691314215,0.014219879279534844,0.0542745019399713,0.05059982613219138,2025-09-14,296328200192.0,large_cap,0.044835559281845,0.0749112249298948,0.3341901024361498,0.13494740273581,0.0928194390461025,0.1023421141717968,0.6480508536293553,1.65954701983999,2025-09-15,417.20428466796875,45,-0.08277537405959356,2025-10-14,-0.14367735965679052,2025-12-12,-0.1816239544435464,2026-03-17,,
INTU,2025-07-31,,3831000000.0,2937000000.0,340000000.0,381000000.0,633000000.0,801000000.0,1675000000.0,381000000.0,-25000000.0,356000000.0,36958000000.0,6639000000.0,19710000000.0,2884000000.0,14107000000.0,10370000000.0,7754000000.0,,,-0.5059324219757544,,,0.7666405638214565,0.08874967371443487,0.09945184025058731,0.16523101018010963,0.09945184025058731,0.09292612894805534,0.006525711302531976,0.2090837901331245,0.4372226572696424,0.17963634395800637,0.33683409436834094,0.07803452567779642,1.3603664416586307,0.10365820661291196,-0.07937439619917797,-0.39113167784605,-0.26423142000218547,-0.34457038264939766,-0.4673523898242128,-0.4693643017973664,0.0020119119731535906,0.11790504367968112,0.17774367867794777,-0.014034576709880925,-0.015314973954640432,-0.07070976967923909,-0.08618421092061102,-0.10824024391041216,2025-09-14,109361717248.0,large_cap,0.1334214922048997,0.0043943037717706,0.7872275099785079,0.2365980964077371,0.181946576604237,0.2845563401903592,0.2043757002365243,0.5068156355035479,2025-09-15,646.9473876953125,45,0.010794666886046356,2025-10-14,0.03197483373407217,2025-12-12,-0.2922684904863265,2026-03-17,,
LOW,2025-07-31,,23959000000.0,8101000000.0,3469000000.0,2398000000.0,4026000000.0,,4175000000.0,4231000000.0,-495000000.0,3736000000.0,46614000000.0,39060000000.0,-11400000000.0,4860000000.0,22639000000.0,21622000000.0,20930000000.0,,,0.14472049689441002,,,0.33811928711548894,0.1447890145665512,0.1000876497349639,0.168037063316499,0.17659334696773654,0.1559330522976752,0.020660294670061356,0.0,0.17425602070203264,0.8379456815548977,3.4263157894736844,0.1042605225897799,1.0470354268800297,0.5139872141416741,0.004340022901442142,0.025629912798753762,0.021683445243802876,0.02345990134803269,0.015150442046570761,0.019239311256108088,-0.004088869209537306,0.0,-0.01905501608726501,-0.020623480042563314,0.48720306878559017,0.03695028720231626,0.03421605936171623,0.052689497488231485,2025-09-14,122328940544.0,large_cap,-0.0312930525487108,0.0787637170450413,0.3331620336066161,0.12508067022014,0.0831441068910294,0.0919999043908502,0.920560530833836,1.9413020277481323,2025-09-15,268.260498046875,45,-0.11518237023284594,2025-10-14,-0.08667773561037317,2025-12-12,-0.11069705905105143,2026-03-17,,
LULU,2025-07-31,,2525219000.0,1477202000.0,523814000.0,370905000.0,643529000.0,,951658000.0,328676000.0,-177898000.0,150778000.0,7523439000.0,1762718000.0,4387279000.0,1155794000.0,3528728000.0,1557346000.0,2370660000.0,,,0.06519661191398174,,,0.5849797581912698,0.20743309788180747,0.14688032998326087,0.25484086726735383,0.13015742396996063,0.05970888069510011,0.07044854327486051,0.0,0.3768615712142194,0.2342968421754998,0.40177932609255074,0.15362575545571647,2.2658599951455876,0.3356469029655188,0.0015447654044509207,0.022410783420855673,0.014186481012931934,0.021507533934020495,0.18033501164596646,0.17411457362449528,0.006220438021471167,0.0,-0.020863534874380363,0.004598689564041913,0.0038881621763540153,-0.024728908530482124,-0.012536835147247682,0.016604270414977085,2025-09-14,13976446976.0,mid_cap,0.1007194095024595,-0.0853057001144601,0.5922493744407651,0.2366516038815556,0.1713821690448338,0.1495525270477514,0.2072511485814302,1.3925712704444335,2025-09-15,159.97999572753906,45,0.05719470808623317,2025-10-14,0.2812226946785663,2025-12-12,-0.004438001462928609,2026-03-17,,
MDB,2025-07-31,,591402000.0,419974000.0,-65294000.0,-47048000.0,-32136000.0,181739000.0,303529000.0,72105000.0,-537000.0,71568000.0,3542061000.0,35744000.0,2942974000.0,647139000.0,2904539000.0,509833000.0,549014000.0,,,0.07720750290520817,,,0.7101328707038529,-0.11040544333634313,-0.07955333258933855,-0.05433867318676636,0.12192214432822344,0.12101413251899723,0.0009080118092262117,0.3073019705716247,0.5132363434685713,0.010091299952202969,0.012145537133525475,0.18270125782701088,5.697040011140903,0.1669655039820037,-0.002003796120672585,-0.01285966126156908,-0.011019561137244435,-0.012084741593036512,-0.07830772230541432,-0.0762813827137655,-0.002026339591648812,-0.00021113474080808325,0.011066999881704676,-0.00011722996430781063,-5.380673960134891e-05,0.0012076671283611784,-0.1891813204287276,0.015489129831105064,2025-09-14,25088151552.0,mid_cap,0.1921746203679002,-0.1185407779062968,0.7332114592839168,-0.1076850924745931,-0.0643287648839264,0.0601268015089389,0.0106404904770525,0.584918839294486,2025-09-15,333.9700012207031,45,-0.060364714161218025,2025-10-14,0.25460370233404594,2025-12-12,-0.18474716885202203,2026-03-17,,
MDT,2025-07-31,,8578000000.0,5577000000.0,1516000000.0,1040000000.0,2226000000.0,726000000.0,2806000000.0,1088000000.0,-504000000.0,584000000.0,90972000000.0,28609000000.0,47893000000.0,1273000000.0,23223000000.0,11530000000.0,8927000000.0,,,-0.03909488069900302,,,0.6501515504779669,0.17673117276754488,0.12124038237351364,0.2595010491956167,0.12683609232921428,0.06808113779435766,0.05875495453485661,0.08463511307997203,0.3271158778269993,0.314481378885811,0.5973524314618003,0.013993316624895571,2.014137033824805,0.09429274941740316,0.0026775950618136424,-0.02456825593190623,0.002947562837275264,0.004656196501542531,-0.15634974837875032,-0.16368765351291242,0.007337905134162083,0.008013627698544898,0.02242225174880952,0.0034429844704532697,0.003565991348523534,-0.0101995280522423,0.16508043005122008,-0.003078542031113421,2025-09-14,97767841792.0,large_cap,0.0362439747868001,-0.0001668235607836,0.6531591973044697,0.195008498076751,0.1390106449592986,0.1546053612428064,0.3110383944153577,0.3658049738219895,2025-09-15,91.30424499511719,45,0.041125872472201674,2025-10-14,0.07703792710715662,2025-12-12,-0.039214768751519746,2026-03-17,,
MRVL,2025-07-31,,2006100000.0,1010600000.0,298800000.0,194800000.0,617900000.0,519000000.0,192800000.0,461600000.0,-48600000.0,413000000.0,20586300000.0,4776300000.0,13421700000.0,1224400000.0,4512900000.0,2399300000.0,1895300000.0,,,0.05846040204716929,,,0.5037635212601566,0.14894571556751907,0.09710383330840935,0.30801056776830665,0.23009820048851004,0.2058720901251184,0.024226110363391656,0.2587109316584418,0.0961068740341957,0.23201352355692864,0.35586401126533895,0.059476447928962464,1.8809236027174592,0.09744830299762464,0.0012573217139105752,0.012661222347448375,0.00324006503953371,-0.00882581697289525,0.054453183868449884,0.09348882626187775,-0.03903564239342784,-0.009162228263470296,-0.0022416723700674768,0.00668054313872421,0.016939525623808682,0.01523387537743602,0.5762387587655995,0.0027954666087454533,2025-09-14,154876592128.0,large_cap,0.0471340123826642,0.1167164165991653,0.4130529017044371,-0.0635305949057618,-0.1534513550534912,0.2409446361382275,0.2149570640203915,0.2854463114652676,2025-09-15,67.30323791503906,45,0.27950602897216714,2025-10-14,0.25294239007342223,2025-12-12,0.3482943512322636,2026-03-17,,
NCNO,2025-07-31,,148815000.0,88125000.0,-9296000.0,-15257000.0,2636000.0,34667000.0,62754000.0,17736000.0,-5148000.0,12588000.0,1616017000.0,269485000.0,1056818000.0,122935000.0,255085000.0,248637000.0,144137000.0,,,0.03245523356251345,,,0.5921782078419514,-0.06246682122097907,-0.10252326714376911,0.017713268151732017,0.1191815341195444,0.08458824715250479,0.034593286967039616,0.23295366730504316,0.4216913617578873,0.16675876553278834,0.25499660301016824,0.07607283834266595,1.0259333888359334,0.09208752135652039,-0.007542890835001814,-0.051969863465510316,-0.1411115546757699,-0.16063094603338354,-0.25768214418651164,-0.28035621540742084,0.022674071220909198,0.001639015272601796,0.04278795735790675,-0.0018407370542195545,-0.004603590234116051,-0.0046265441916689826,-0.02370188281190244,0.004781607520661826,2025-09-14,1628655232.0,low_cap,0.1345398001859223,-0.0325566816969375,0.6007283730720216,-0.0335351248573494,-0.0700592057441224,0.0987372770536587,0.147060850817291,0.335732351536686,2025-09-15,30.25,45,-0.1775206889002776,2025-10-14,-0.1580165516246449,2025-12-12,-0.4965289407525181,2026-03-17,,
NVDA,2025-07-31,,46743000000.0,33853000000.0,28440000000.0,26422000000.0,31937000000.0,4291000000.0,1122000000.0,15365000000.0,-1895000000.0,13470000000.0,140740000000.0,10598000000.0,100131000000.0,11639000000.0,102219000000.0,24257000000.0,44062000000.0,,,0.06084608052289964,,,0.724236784117408,0.6084333483088377,0.5652611086151937,0.683246689343859,0.32871232056136745,0.2881714909184263,0.04054082964294119,0.0917998416875254,0.02400359412104486,0.07530197527355408,0.10584134783433702,0.08269859315049026,4.2140000824504265,0.332123063805599,0.11899871049387756,0.1173525984563571,0.13915698261092702,0.17069619231694244,-0.2934564416373525,-0.3061501467739163,0.012693705136563808,0.0012683179255536386,0.00037779411196674564,-0.006811170813596834,-0.01682840396366639,-0.03892626513746861,0.8255967970913729,-0.019658116835338635,2025-09-14,5457368842240.0,large_cap,1.1420340763599357,-0.1165111894515869,0.7498869705816992,0.6241752683969747,0.5584802715771244,0.4663172333463604,0.0894436429781095,1.169317479234057,2025-09-15,177.73049926757812,45,0.012826859376912969,2025-10-14,-0.015303905150404251,2025-12-12,0.023628434205210214,2026-03-17,,
PANW,2025-07-31,,2536300000.0,1857300000.0,497200000.0,253800000.0,675700000.0,503500000.0,856600000.0,1020800000.0,-86300000.0,934500000.0,23576200000.0,338200000.0,7824400000.0,2268600000.0,7522800000.0,7988000000.0,2289000000.0,,,0.10803844473569235,,,0.7322871900011828,0.19603359224066555,0.100067026771281,0.2664117020857154,0.40247604778614515,0.36845010448290816,0.034025943303237,0.19851752552931434,0.33773607223120294,0.014344975017178341,0.043223761566382086,0.0962241582612974,0.9417626439659489,0.10757882949754413,0.002842017436744171,0.10044599940536629,-0.014437123512685793,0.09183765228230781,0.12803305958168903,0.12367072484114319,0.00436233474054587,-0.01751567674242005,-0.08008830522620203,-0.01878262692439273,-0.057585311111855934,-0.012098418865250121,0.04643976190614818,0.003546615415700005,2025-09-14,196935139328.0,large_cap,0.1646379502952399,-0.0882385379352426,0.7434817813765182,0.0851946434132669,0.3210962317035191,0.3862721893491124,0.0672505990225552,0.4015577087574846,2025-09-15,201.27999877929688,45,0.031200312089542992,2025-10-14,-0.047645053636978796,2025-12-12,-0.15942963301126234,2026-03-17,,
PATH,2025-07-31,,361728000.0,297348000.0,-20185000.0,1584000.0,-15955000.0,98341000.0,219192000.0,41587000.0,,41587000.0,2592317000.0,79310000.0,1665703000.0,628617000.0,2030736000.0,738417000.0,356624000.0,,,0.014311992462649803,,,0.822020966029724,-0.05580159677990092,0.004378980891719745,-0.04410772735314933,0.1149675999646143,0.1149675999646143,,0.2718644948690729,0.6059580679405521,0.030594252169005565,0.04761353014312876,0.24249233407796963,2.7501208666647705,0.13953849008435312,0.0010807040170719429,-0.009781138257759947,0.06762486451144248,-0.007208920766940886,-0.21872278542728302,-0.18274091096005707,,0.005928943700334921,0.00493289857449708,0.0007384262518555576,0.001129095116360411,-0.0224561881433534,-0.19689163705449575,0.004680550299702907,2025-09-14,5344953856.0,low_cap,0.0929551278522895,-0.1427292458517539,0.8272727018376346,-0.113711333572084,-0.0515463773306175,0.2137858965463213,0.0271586970861384,0.4989630994635758,2025-09-15,11.59000015258789,45,0.42191538613194646,2025-10-14,0.503019831488466,2025-12-12,0.03364964491060474,2026-03-17,,
ROST,2025-07-31,,5529152000.0,1526985000.0,638274000.0,507995000.0,804999000.0,,888711000.0,668362000.0,-201727000.0,466635000.0,14495519000.0,5067983000.0,5732569000.0,3847016000.0,6925836000.0,4392008000.0,4984971000.0,,,0.10916432613148608,,,0.2761698358084567,0.11543795504265392,0.09187575237577118,0.14559176524718437,0.12087965749539893,0.08439540095841098,0.036484256536987954,0.0,0.16073188076580278,0.349624114873017,0.88406838190696,0.2653934640077392,1.576917892681434,0.38143870529920315,-0.005397499287374319,-0.006221729637557863,-0.004263021550897597,-0.008727286959939795,0.03868961065259885,0.04380599732898165,-0.0051163866763827975,0.0,0.0008242303501835024,-0.0010087857235456799,-0.015429257831938936,0.000904504639658299,0.02699081143107751,0.03295182525992074,2025-09-14,68812906496.0,large_cap,0.0369181026730165,-0.0530009910456947,0.2777534276113092,0.1223701642734641,0.098949705618556,0.0774701611072326,0.3812346481111591,1.4175611116880855,2025-09-15,146.40464782714844,45,0.05583132486170861,2025-10-14,0.24110706087427802,2025-12-12,0.4288480970111337,2026-03-17,,
S,2025-07-31,,242183000.0,181709000.0,-76735000.0,-72019000.0,-64466000.0,79091000.0,179353000.0,-1043000.0,-6184000.0,-7227000.0,2350484000.0,11543000.0,1507786000.0,278005000.0,1092698000.0,596776000.0,229029000.0,,,0.05743377476214806,,,0.7502962635692844,-0.31684717754755704,-0.2973742995998893,-0.2661871394771722,-0.00430666066569495,-0.029841070595376225,0.025534409929681274,0.3265753583034317,0.7405680828134097,0.004910903456479602,0.007655595687982247,0.11827564025111424,1.8310019169671703,0.10303537484194744,-0.0028703659841783358,0.04256582255286695,0.6116503217362734,0.04586067979462305,-0.2325484990355084,-0.22816966653737483,-0.004378832498133544,0.011100025485316967,-0.0565362140223622,-0.0003572417361019575,-0.0004651019716998047,0.03915320862395412,0.08104606497847211,0.0069641888150534376,2025-09-14,5757388800.0,low_cap,0.3224755857645607,-0.1488292399136468,0.74301153676194,-0.4009429540781607,-0.3511317031484148,0.0080247266760077,0.0079218823040565,0.3413331948267802,2025-09-15,18.299999237060547,45,-0.06939883078481668,2025-10-14,-0.175956253967129,2025-12-12,-0.20819670080786123,2026-03-17,,
SNOW,2025-07-31,,1144969000.0,773154000.0,-340276000.0,-298017000.0,-240957000.0,492003000.0,621427000.0,74896000.0,-17976000.0,56920000.0,8196727000.0,2692329000.0,2372648000.0,1880720000.0,4596127000.0,3096082000.0,1042074000.0,,,0.09874058848028078,,,0.6752619503235459,-0.29719232573108967,-0.26028390288296016,-0.21044849249193645,0.06541312472215405,0.04971313633818907,0.01569998838396498,0.42970857726279055,0.542745698791845,0.3284639100460464,1.1347359574618738,0.22944768076330954,1.4844978266079516,0.13968612105783199,0.009965627797506427,0.1320065603365025,0.15244302437940316,0.14782548805071213,-0.1537392579301336,-0.12626668851110184,-0.02747256941903174,-0.02362199235126755,-0.09841894018772845,-0.0010235116309644243,0.01855530962134222,-0.04552732048402311,-0.09474801176298109,0.011940380285059449,2025-09-14,54437380096.0,large_cap,0.2921468781812435,-0.0664941172589526,0.6650467847416554,-0.4015033107250284,-0.3545227823988334,0.2437825322992855,0.2972424650246659,0.401419181756616,2025-09-15,225.7899932861328,45,0.06661060716655576,2025-10-14,-0.03481111140470672,2025-12-12,-0.22671503921675829,2026-03-17,,
SNPS,2025-07-31,,1739737000.0,1359173000.0,165269000.0,242509000.0,450281000.0,625301000.0,540030000.0,670960000.0,-38605000.0,632355000.0,48230256000.0,15140314000.0,27614531000.0,2526475000.0,5595628000.0,3444207000.0,1604266000.0,,,0.08444422558353781,,,0.7812519938358499,0.09499654258086136,0.13939405783747774,0.2588213045994883,0.38566748882158625,0.3634773531861425,0.02219013563544375,0.3594227173417591,0.3104089871055223,0.31391734682063477,0.5482734434273028,0.052383611648256646,1.6246491572660993,0.036071485915397175,-0.020310215922382246,-0.13964409681435114,-0.07586450900866873,-0.07742654955936062,0.21402201356997586,0.22648199206772449,-0.012459978497748627,0.014106541595343025,0.09129445123678231,-0.13826387991390715,-0.5350823962607562,-0.5419415160630151,-5.390519524022438,-0.031458026091771216,2025-09-14,96244596736.0,large_cap,0.1522038114228356,4.967015671741848e-05,0.7967683383392336,0.2212525761182981,0.3693845190712722,0.2068612385343559,0.0523542896996464,0.4686891352707957,2025-09-15,419.20001220703125,45,0.05858777872951082,2025-10-14,0.08051049383875442,2025-12-12,0.024069647051697673,2026-03-17,,
TGT,2025-07-31,,25211000000.0,7308000000.0,1317000000.0,935000000.0,2105000000.0,,5359000000.0,2083000000.0,-1074000000.0,1009000000.0,57851000000.0,19970000000.0,15420000000.0,4341000000.0,19034000000.0,19223000000.0,23846000000.0,,,0.057242304789063114,,,0.2898734679306652,0.05223910197929475,0.037086985839514496,0.08349529967077862,0.08262266470984887,0.04002221252627821,0.04260045218357066,0.0,0.21256594343738844,0.3451971443881696,1.2950713359273671,0.07503759658432871,0.9901680278832649,0.4357919482809286,0.008149069708741186,-0.009490328533160168,-0.006358455743979592,-0.012327899188568858,0.0710903322431878,0.06161912605475259,0.009471206188435208,0.0,0.020038894875784807,0.006370055307454103,0.021437830876186226,0.023653775279710035,0.05504086238381778,0.011372619278525842,2025-09-14,55200583680.0,large_cap,-0.0078762149480504,0.0077762777205712,0.2821162472083028,0.0522305425745547,0.0383893549537375,0.0420021395191712,0.3440426526337655,1.8446917897142063,2025-09-15,85.76673889160156,45,0.004516698574884792,2025-10-14,0.11013806019738448,2025-12-12,0.3486250822612902,2026-03-17,,
TJX,2025-07-31,,14401000000.0,4425000000.0,1620000000.0,1243000000.0,1973000000.0,,2805000000.0,1791000000.0,-461000000.0,1330000000.0,32885000000.0,13121000000.0,8866000000.0,4639000000.0,13278000000.0,11308000000.0,13111000000.0,,,0.09839066432766375,,,0.3072703284494132,0.11249218804249705,0.08631345045482952,0.13700437469620166,0.12436636344698285,0.09235469759044511,0.03201166585653774,0.0,0.19477814040691618,0.3989965029648776,1.4799233025039478,0.14106735593735745,1.1742129465864874,0.43792002432720084,0.01247969463048254,0.012118456061717561,0.007295831661449911,0.010393132228045165,0.09431526131899871,0.10021069637009579,-0.0058954350510970754,0.0,0.00036123856876502103,-0.01101040267891673,-0.05624040442301914,0.007505927096877807,0.01091748154538652,0.026375043474667736,2025-09-14,163030188032.0,large_cap,0.0395263478244831,-0.0462033862351132,0.3060326472675656,0.1118168914123491,0.0863023420865862,0.074485450674237,0.4024693691139878,1.775174021229015,2025-09-15,139.9084930419922,45,0.02075516496105423,2025-10-14,0.10923560943055888,2025-12-12,0.10695740002528065,2026-03-17,,
ULTA,2025-07-31,,2788469000.0,1091696000.0,349959000.0,260875000.0,421124000.0,,741737000.0,96522000.0,-76957000.0,19565000.0,6630648000.0,2287827000.0,2603860000.0,242745000.0,3069048000.0,2200768000.0,2848367000.0,,,-0.021028891291045015,,,0.39150372480382606,0.1255022021044523,0.09355492207372576,0.15102337519262363,0.03461469358275097,0.007016395018198158,0.027598298564552808,0.0,0.2660015226993737,0.3450382225085693,0.8786290353552034,0.03660954404456397,1.394534998691366,0.4205424567855208,0.0003255514855703967,-0.016195128330846242,-0.013542232190454376,-0.015963182368252476,-0.04262991710119531,-0.0424821422138369,-0.0001477748873584088,0.0,0.016520679816416556,0.015105767356815125,0.06588963619386423,-0.03933042878515877,-0.27209765147729925,-0.055240901929120956,2025-09-14,21618143232.0,mid_cap,0.0078833417816936,-0.0899483840802772,,0.139758264550242,0.1063345247650113,0.0853555712666128,0.3204485800923173,1.8820779403411672,2025-09-15,526.0800170898438,45,0.028379699267747638,2025-10-14,0.14353331681999504,2025-12-12,-0.005721581637477269,2026-03-17,,
WDAY,2025-07-31,,2348000000.0,1766000000.0,249000000.0,228000000.0,414000000.0,660000000.0,857000000.0,616000000.0,-28000000.0,588000000.0,17961000000.0,3776000000.0,9172000000.0,1264000000.0,10407000000.0,4945000000.0,2240000000.0,,,0.048214285714285765,,,0.752129471890971,0.10604770017035775,0.09710391822827939,0.17632027257240204,0.262350936967632,0.2504258943781942,0.01192504258943782,0.28109028960817717,0.3649914821124361,0.21023328322476476,0.41168774531181856,0.07037470074049329,2.104550050556117,0.13072768776794166,-0.008138385251886149,0.014529843027500614,0.06674677537113653,0.07989170114383061,0.05833307982477487,0.06247946580676561,-0.00414638598199075,-0.014891853248965692,-0.007776375030421057,0.013103373859205847,0.0312639309828579,0.013902472062826549,0.03796635422755479,0.0005859262062405113,2025-09-14,31213191168.0,mid_cap,0.1635211461633834,-0.0042716466294092,0.7550319677954062,0.0590812218801799,0.0622780014207909,0.2591759412739758,0.1870167436168437,0.4698225510374367,2025-09-15,222.75,45,0.0647811119002526,2025-10-14,0.007811472472116998,2025-12-12,-0.39317621472976294,2026-03-17,,
WMT,2025-07-31,,177402000000.0,44631000000.0,7286000000.0,7026000000.0,13575000000.0,,,12941000000.0,-6423000000.0,6518000000.0,270837000000.0,65014000000.0,90110000000.0,9431000000.0,82033000000.0,103566000000.0,165609000000.0,,,0.0712098980127891,,,0.25158115466567454,0.04107056290233481,0.03960496499475767,0.0765211215206142,0.07294731739213763,0.0367414121599531,0.03620590523218453,0.0,0.0,0.24004844242108722,0.7214959493951837,0.03482168241414578,0.7920842747619875,0.6550139013502586,0.0021623428861214933,-0.0020128444004084006,0.012511026863375924,0.016137929785865486,0.040273972344465093,0.034175126511226284,0.006098845833238824,0.0,0.0,-0.01609550586607758,-0.08054002019654827,-0.0006660982941615115,0.012323295360510578,0.023814688019567876,2025-09-14,1047786684416.0,large_cap,0.0507000964320154,-0.009559453469913,0.2485106133027893,0.0430963971306269,0.0285410104481009,0.0185907178572215,0.2304781403480521,2.610908547175671,2025-09-15,103.07042694091797,45,0.033947297068531945,2025-10-14,0.12776433018568145,2025-12-12,0.20874697910315487,2026-03-17,,
ZS,2025-07-31,,719226000.0,546986000.0,-30926000.0,-17578000.0,30218000.0,177606000.0,398606000.0,250604000.0,-78683000.0,171921000.0,6419888000.0,1796576000.0,1799273000.0,2389023000.0,4894290000.0,2429611000.0,678034000.0,,,0.060752115675615004,,,0.7605203371402035,-0.04299900170461023,-0.02444016206310673,0.042014610150356076,0.34843567946653764,0.23903613050696165,0.10939954895957599,0.24694046099557024,0.5542152258121925,0.2798453804801579,0.9985010612619653,0.37212845457740074,2.0144335862819194,0.11203092639622374,-0.00943515181757737,-0.0055215300733941,-0.018356396352242673,-0.015466283138181075,0.03712238249322952,0.06284585096345793,-0.02572346847022841,-0.003437838617723482,-0.0028394351635108173,0.04971418032913613,0.3176941198639457,-0.0007233620660058726,0.7786671944859367,-0.01495057868240722,2025-09-14,25895344128.0,mid_cap,0.3406526600665944,-0.1415031936603543,0.7798987992735396,-0.0560377456843919,-0.0266199704673602,0.2698393880165387,0.2631186864607793,0.4607408594489909,2025-09-15,285.6600036621094,45,0.05650067886280086,2025-10-14,-0.17286285881736962,2025-12-12,-0.45389624728660527,2026-03-17,,
ACN,2025-08-31,,17596260000.0,5610934000.0,2665015000.0,1413963000.0,2638574000.0,,2945919000.0,3914147000.0,-107915000.0,3806232000.0,65394897000.0,8182866000.0,31195446000.0,11478729000.0,28900689000.0,20352097000.0,17727871000.0,,,-0.0074239597072880414,,,0.31887082823281765,0.15145349068495237,0.080355882443201,0.14995084182661542,0.22244198483086747,0.21630914751202812,0.006132837318839344,0.0,0.16741733754786528,0.1251300388163315,0.2623096332714717,0.17552943007158495,1.4200349477501015,0.26907695871131965,-0.00980090003054801,-0.016800328400260967,-0.04360152902487659,-0.036802829835368145,0.014612968024506456,0.01801917800581951,-0.0034062099813130537,0.0,0.006999428369712984,-0.0037367013707092223,-0.004924256086066281,0.02352029614676801,-0.04071128396859591,-0.010710029798580933,2025-10-15,103897767936.0,large_cap,0.0122398633822866,-0.028631447691034,0.3260935295334426,0.1546199343002725,0.1119442655612176,0.1327424865551996,0.0736702112871576,1.1602668029598535,2025-10-15,237.69427490234375,45,0.03278966141748252,2025-11-13,0.20049222174603787,2026-01-15,-0.16846969083420915,2026-04-17,,
ADBE,2025-08-31,,5988000000.0,5346000000.0,2173000000.0,1772000000.0,2462000000.0,1088000000.0,2047000000.0,2198000000.0,-72000000.0,2126000000.0,28754000000.0,6636000000.0,11770000000.0,4982000000.0,9412000000.0,9239000000.0,5873000000.0,,,0.019581134003064937,,,0.8927855711422845,0.36289245156980626,0.2959251837007348,0.4111556446225785,0.3670674682698731,0.3550434201736807,0.012024048096192385,0.18169672678690715,0.3418503674014696,0.2307852820477151,0.5638062871707732,0.17326285038603326,1.018724970234874,0.208249287055714,0.001418297176679184,0.003791481026642618,0.007997378490450457,0.006251847585289183,-0.005995702171128103,-0.01001702593563314,0.004021323764505001,-0.0025362035723640874,0.0007980942872179431,-0.002715269416333016,-0.009481623381288329,-0.0021738735617377603,0.025473504364755595,-0.0007022196863787356,2025-10-15,100079919104.0,large_cap,0.1079911381317946,0.0055828682238086,0.89035108114392,0.3599627993489886,0.2585445245291792,0.3661009067658684,0.2003307972213033,0.711379424412835,2025-10-15,330.6300048828125,45,0.008982854480360292,2025-11-13,-0.08027102245099815,2026-01-15,-0.2606539233035299,2026-04-17,,
AZO,2025-08-31,,6242726000.0,3216493000.0,1196066000.0,836950000.0,1404450000.0,,2020427000.0,952755000.0,-441634000.0,511121000.0,19355324000.0,12288796000.0,-3414313000.0,271803000.0,8341379000.0,9519397000.0,4464339000.0,,,0.39835393324745283,,,0.5152385352168267,0.19159354423051725,0.13406803374038842,0.2249738335464347,0.15261842342592002,0.08187464899148225,0.07074377443443777,0.0,0.3236449909863095,0.6349052074767645,3.5992001904922013,0.014042802900121951,0.8762507751278784,0.32253275636202217,-0.01194432432856174,-0.002427115938882979,-0.0022208995149042565,-0.0014583437590969806,-0.019642240470795713,-0.012908475677141706,-0.006733764793654007,0.0,-0.009517208389678733,-0.019627287800457083,0.5324032737210116,-0.0003823525733848178,0.03258890075944598,0.08279786883688589,2025-10-15,55024222208.0,large_cap,0.059176641581137,-0.0149657376492824,0.530930757736989,0.2049028169845888,0.1439907198749093,0.1044560305994483,0.7199919448261344,1.076483980648487,2025-10-15,4027.030029296875,45,-0.05158640206878384,2025-11-13,-0.13945266711185977,2026-01-15,-0.11289961663478276,2026-04-17,,
COST,2025-08-31,,86156000000.0,11119000000.0,3341000000.0,2610000000.0,4330000000.0,,7778000000.0,3867000000.0,-1966000000.0,1901000000.0,77099000000.0,8173000000.0,29164000000.0,14161000000.0,38380000000.0,37108000000.0,63205000000.0,,,0.3631200063286133,,,0.1290565950136961,0.0387784948233437,0.030293885510005107,0.05025767212962533,0.044883699336088025,0.022064626955754677,0.022819072380333347,0.0,0.09027810019035239,0.10600656299044087,0.2802427650528048,0.18367293998625145,1.0342783227336423,1.1174723407566896,-0.000822370258038746,-0.001249983936248103,0.00018550800822518532,0.00015087678115605768,-0.009858805212602746,-0.014783723649418965,0.004924918436816219,0.0,0.00042761367820935703,-0.0023636444762399345,-0.02132405522369285,0.0003709607064231457,0.01905705553653747,0.2801203892980637,2025-10-15,465369300992.0,large_cap,0.0502001733459902,-0.0173729912600533,0.1261333134213391,0.0364900394178885,0.0289523016038325,0.0260519624449308,0.1169824290071744,3.643840128309777,2025-10-15,950.9598999023438,45,-0.02994924369374674,2025-11-13,0.0032602876654941326,2026-01-15,0.04992989004800674,2026-04-17,,
MU,2025-08-31,,11315000000.0,5054000000.0,3693000000.0,3201000000.0,5904000000.0,1047000000.0,314000000.0,5730000000.0,-5658000000.0,72000000.0,82798000000.0,15278000000.0,54165000000.0,9642000000.0,28841000000.0,11454000000.0,9301000000.0,,,0.2165358563595312,,,0.44666372072470173,0.3263809102960672,0.2828988068935042,0.5217852408307556,0.5064074237737517,0.006363234644277508,0.5000441891294741,0.09253203711886876,0.0277507733097658,0.18452136525036836,0.28206406350964647,0.11645208821469118,2.5179849834119086,0.136657890287205,0.06949997489092041,0.09318017919188484,0.08023242693436003,0.05624390118985678,0.010869309592480891,-0.1732948666351548,0.1841641762276356,-0.011220247581701065,-0.006439098747002287,-0.021366615157045188,-0.035997732029093954,-0.013182974351478458,-0.23672641274003992,0.01801814641945497,2025-10-15,817223696384.0,large_cap,0.6158944658944658,1.1106600553346115,0.2235275377324678,0.0519692565011349,0.0309824379753892,0.0048186053920592,0.2017834505013253,0.3617465713956436,2025-10-15,191.78192138671875,45,0.2345003667864889,2025-11-13,0.7545378888056127,2026-01-15,1.3728514347637213,2026-04-17,,
NKE,2025-08-31,,11720000000.0,4943000000.0,927000000.0,727000000.0,1125000000.0,,4016000000.0,222000000.0,-207000000.0,15000000.0,37334000000.0,11061000000.0,13468000000.0,7024000000.0,23898000000.0,10911000000.0,11097000000.0,,,0.056141299450301885,,,0.42175767918088736,0.07909556313993174,0.06203071672354949,0.09598976109215017,0.0189419795221843,0.001279863481228669,0.01766211604095563,0.0,0.34266211604095564,0.2962714951518723,0.8212800712800713,0.18813949750897305,2.190266703326918,0.3139229656613275,0.019036222931450575,0.050168826183997706,0.04301656875563023,0.04931047840313512,-0.022781008672823358,-0.0314316801792201,0.00865067150639674,0.0,-0.03113260325254713,-0.0049395822422609315,-0.012595657169183205,-0.015912007452890314,-0.020787621867100814,0.010552179144473539,2025-10-15,62019551232.0,large_cap,-0.0983801253845255,-0.1012112166237626,0.4273467360556263,0.0799412641171262,0.0695113260921203,0.070569435746831,0.3012110773941332,1.2659996172667378,2025-10-15,67.57715606689453,45,-0.035495112432180176,2025-11-13,-0.05050594001246178,2026-01-15,-0.3188526795396385,2026-04-17,,
ORCL,2025-08-31,,14926000000.0,10042000000.0,4692000000.0,2927000000.0,6121000000.0,2491000000.0,2439000000.0,8140000000.0,-8502000000.0,-362000000.0,180449000000.0,105409000000.0,24154000000.0,10445000000.0,24634000000.0,39874000000.0,15903000000.0,,,-0.061434949380619996,,,0.672785742998794,0.3143507972665148,0.19610076376792174,0.41008977622939835,0.5453570950020099,-0.02425298137478226,0.5696100763767922,0.16688999062039395,0.16340613694224843,0.5841484297502342,4.364039082553615,0.057883390874984064,0.6177960575813813,0.08271589202489346,-0.029094405400879042,-0.012065602154977983,-0.019393168194601046,-0.0191374136089969,0.15819743959108112,0.1595488170280348,-0.0013513774369536824,3.2396928959788074e-06,-0.01096347885351337,-0.03418954638438132,-0.7263721442812594,-0.006181327201054923,-0.13516782441475872,-0.011741850563948372,2025-10-15,554933092352.0,large_cap,0.0837975113762958,0.0236021316269263,0.70509939197547,0.3145002526176414,0.2167807801529643,-0.0068642310841652,0.6183379761346155,0.3409281246844578,2025-10-15,301.76556396484375,45,-0.28341338116921344,2025-11-13,-0.3730588838029444,2026-01-15,-0.4198807999875408,2026-04-17,,
AAPL,2025-09-30,,102466000000.0,48341000000.0,32427000000.0,27466000000.0,35554000000.0,8866000000.0,7048000000.0,29728000000.0,-3242000000.0,26486000000.0,359241000000.0,98657000000.0,73733000000.0,35934000000.0,147957000000.0,165631000000.0,94036000000.0,,,0.08964651835467263,,,0.47177600374758455,0.3164659496808698,0.2680498897195167,0.346983389612164,0.2901255050455761,0.2584857416118517,0.031639763433724356,0.08652626236995686,0.06878379169675795,0.2746262258483859,1.3380304612588665,0.10002755810166435,0.8932929222186667,0.2852291358725758,0.006868946875748239,0.016559530862544858,0.018847456608793167,0.016982113505141172,-0.006218448333980664,-0.0010425241587042056,-0.0051759241752764515,-0.00775677816770956,-0.001933805819087045,-0.03215969852453071,-0.20682750623315838,-0.00938284024521871,0.02530114217331525,0.0015566822910738076,2025-11-14,4409585041408.0,large_cap,0.0202199407751411,0.0482245460783404,0.4620634981523393,0.3151022287007556,0.2397125576994386,0.2782538647435651,0.2921502548084826,1.0713874732862074,2025-11-14,271.9048156738281,45,0.008076071937602958,2025-12-16,-0.02867961790738427,2026-02-18,,,,
ABBV,2025-09-30,,15776000000.0,10472000000.0,4584000000.0,186000000.0,3516000000.0,2319000000.0,3569000000.0,7024000000.0,-381000000.0,6643000000.0,133898000000.0,68743000000.0,-2642000000.0,5629000000.0,28539000000.0,39391000000.0,15423000000.0,,,0.022887894702716682,,,0.6637931034482759,0.2905679513184584,0.011790060851926978,0.22287018255578092,0.44523326572008115,0.42108265720081134,0.024150608519269777,0.14699543610547666,0.22622971602434078,0.5133982583757786,26.019303557910675,0.042039462874725535,0.7245055977253687,0.11782102794664595,-0.054419954970968076,-0.08011220169976113,-0.0490281975932523,-0.05878708256773588,0.11112187364331266,0.10441274862271371,0.00670912502059896,0.008825170917121622,0.015310958324801116,-0.0003790593481211024,-359.1227729448216,-0.00510229041652259,-0.011305501930124584,0.0053937415679665285,2025-11-14,371715538944.0,large_cap,0.0371147685849995,0.1014686460094663,0.6999325451769801,0.2111335960521177,0.0759399297049739,0.3165406326552348,0.4967705181228313,0.4167918260444951,2025-11-14,228.6088409423828,45,-0.037398873549778555,2025-12-16,-0.007745638481204464,2026-02-18,,,,
ABT,2025-09-30,,11369000000.0,6294000000.0,2057000000.0,1644000000.0,3092000000.0,766000000.0,3051000000.0,2787000000.0,-496000000.0,2291000000.0,84181000000.0,12941000000.0,50954000000.0,7511000000.0,24839000000.0,14582000000.0,11142000000.0,,,0.020373362053491384,,,0.5536106957516053,0.18093060075644296,0.1446037470314012,0.27196763127803675,0.2451402937813352,0.20151288591784677,0.043627407863488434,0.067376198434339,0.2683613334506113,0.15372827597676436,0.25397417278329476,0.0892244093085138,1.7034014538472089,0.13505422838882883,-0.01074040817946631,-0.0032374121676281287,-0.01506238113230371,-0.0015918732992384332,0.06142103332540269,0.06284837326302717,-0.0014273399376244708,0.002307090554245647,-0.009057442352655598,-0.006237914096927005,-0.011762997195939873,0.0064734241777384405,-0.11726972704422645,0.0024097921455402127,2025-11-14,147130957824.0,large_cap,0.0458999227106136,0.127085637323584,0.554088200238379,0.1626936829558999,0.3194755661501788,0.1513945172824791,0.1845014370992704,0.5152676443854866,2025-11-14,129.12176513671875,45,-0.028562687098416473,2025-12-16,-0.12808120041729476,2026-02-18,,,,
AEP,2025-09-30,,6010400000.0,3625100000.0,1521400000.0,972000000.0,2506000000.0,,,2459700000.0,-665000000.0,1794700000.0,110253500000.0,47890000000.0,30389300000.0,1067700000.0,6860000000.0,9997600000.0,5086900000.0,,,0.18154475220664845,,,0.603137894316518,0.2531279116198589,0.1617196858778118,0.4169439637960868,0.409240649540796,0.29859909490216957,0.11064155463862638,0.0,0.0,0.4343626279437841,1.5758836169309594,0.009684046311454966,0.6861646795230856,0.054514369158348716,-0.017043355560617424,-0.021911896514761386,-0.07925222235706603,-0.046953498312466535,0.16919268319587077,0.7051335264813239,-0.5359408432854531,0.0,0.0,0.0017661453428943208,0.015023789204494653,0.007575091371462296,0.13371040496941666,0.007316644194650022,2025-11-14,68094746624.0,large_cap,0.0389316194289326,0.072410068472951,0.6318138025455099,0.2254956645200547,0.1504487602048577,-0.0490340246437807,0.443964764547236,0.1913211354508236,2025-11-14,119.480712890625,45,-0.05548231431589745,2025-12-16,0.057512699405181555,2026-02-18,,,,
AMD,2025-09-30,,9246000000.0,4780000000.0,1270000000.0,1243000000.0,2106000000.0,2139000000.0,1069000000.0,2159000000.0,-258000000.0,1901000000.0,76891000000.0,3870000000.0,60790000000.0,4808000000.0,27000000000.0,11700000000.0,7685000000.0,,,0.20312296681847752,,,0.5169803158122431,0.13735669478693488,0.1344365130867402,0.22777417261518496,0.23350638113778932,0.20560242266926237,0.027903958468526932,0.23134328358208955,0.11561756435215229,0.050330988022005176,0.06366178647803915,0.06253007504129222,2.3076923076923075,0.12024814347582942,0.11893217007379159,0.15479325952343456,0.020968718682055756,0.13395504444342177,-0.028172213527142387,-0.019381311878558044,-0.008790901648584322,-0.015110847842764064,-0.01333494052748338,-0.0016069964741188547,-0.0014685244245000312,0.003160922408306392,-0.1833165310763607,0.017534965181255774,2025-11-14,691537707008.0,large_cap,0.1369047619047618,0.1759285320839915,0.4935039751793678,0.0808997479154547,0.0636416521233275,0.0932712817529571,0.0319533123392944,0.3724756594343166,2025-11-14,246.80999755859375,45,-0.1525059752926441,2025-12-16,-0.18917387019673648,2026-02-18,,,,
AMGN,2025-09-30,,9557000000.0,6475000000.0,2526000000.0,3216000000.0,5913000000.0,1900000000.0,1720000000.0,4684000000.0,-436000000.0,4248000000.0,90141000000.0,54587000000.0,9619000000.0,9445000000.0,27885000000.0,21791000000.0,9179000000.0,,,0.041180956531212454,,,0.6775138641833212,0.26430888354086013,0.3365072721565345,0.6187087998325834,0.4901119598200272,0.44449094904258657,0.04562101077744062,0.1988071570576541,0.17997279481008685,0.6055734904205633,5.674914232248675,0.10478028865887887,1.2796567390206965,0.10602278652333566,0.00554524015020208,-0.025047255472104235,0.18049899238749645,0.22618238083269238,0.24171888867938007,0.23629833546812312,0.005420553211256944,0.008808246500948552,-0.0042520662858931135,-0.03385675179475689,-1.891590883529462,0.013446113431055395,-0.02596935982673454,0.0015937388880352538,2025-11-14,176207396864.0,large_cap,0.1856686768357573,0.1147421107148745,0.6153063666826233,0.2171493537577788,0.1223671613212063,0.3109741503111536,0.6543951915852743,0.3639412450048454,2025-11-14,329.565673828125,45,-0.022775929494088798,2025-12-16,0.14357775125731442,2026-02-18,,,,
AMT,2025-09-30,,2717400000.0,2006600000.0,1233300000.0,853300000.0,1820000000.0,,233000000.0,1460000000.0,-465500000.0,994500000.0,63888700000.0,45011200000.0,3952700000.0,1950700000.0,3535400000.0,5993500000.0,2626900000.0,,,0.03445125433019913,,,0.7384264370354015,0.45385294767056744,0.3140133951571355,0.6697578567748583,0.5372782807095017,0.3659748288805476,0.17130345182895415,0.0,0.08574372562007801,0.7045252133788917,11.387456675184051,0.03053278592301925,0.5898723617252023,0.042533343142057985,0.0005985791039994082,-0.0020837077026861772,0.17438112898788657,0.1502481685491931,0.04944090585701394,-0.00590837946388878,0.05534928532090283,0.0,-0.003220452688955447,-0.004651393762564959,-0.7901990024716259,-0.0020296214364612583,-0.02432369530460876,0.001329977105150787,2025-11-14,79495331840.0,large_cap,0.0114859870957431,-0.0265425031690462,0.7457935065960977,0.4545185243700134,0.2226676672722964,0.3654020854727862,0.7196458919338413,0.165809284612639,2025-11-14,180.0220947265625,45,-0.024293248780633325,2025-12-16,0.026395143282786693,2026-02-18,,,,
AMZN,2025-09-30,,180169000000.0,91499000000.0,17422000000.0,21187000000.0,45504000000.0,,14561000000.0,35525000000.0,-35095000000.0,430000000.0,727921000000.0,135419000000.0,369631000000.0,66922000000.0,196866000000.0,195196000000.0,167702000000.0,,,0.07434019868576414,,,0.5078509621522015,0.09669810011711227,0.11759514677885763,0.2525628715261782,0.19717598476985496,0.0023866480915140783,0.1947893366783409,0.0,0.08081856479194534,0.18603529778643563,0.3663626697977172,0.0919358007256282,1.0085555031865407,0.24751174921454389,-0.010288356400946386,-0.017617769699586394,0.009283975773145117,0.03431860491039543,0.00329040200995942,0.00040694600090096684,0.0028834560090584826,0.0,-0.004934735705365373,-0.010307256122414066,-0.03492262718378231,0.007292676577688534,-0.015513488526536001,0.0016756672994787392,2025-11-14,2841383010304.0,large_cap,0.1099089224666614,-0.0083868188321754,0.4885439346415678,0.1075194487420038,0.0928711719718665,0.0515362272497135,0.2094755270493875,1.020907545919788,2025-11-14,234.69000244140625,45,-0.05168522202321302,2025-12-16,-0.127402142589088,2026-02-18,,,,
ANET,2025-09-30,,2308300000.0,1490200000.0,978200000.0,853000000.0,1001400000.0,326000000.0,186000000.0,1268200000.0,-30100000.0,1238100000.0,18048800000.0,,11907100000.0,2326600000.0,15184800000.0,4666600000.0,2204800000.0,,,0.046943033381712684,,,0.6455833297231729,0.42377507256422475,0.3695360221808257,0.4338257592167396,0.5494086557206602,0.5363687562275268,0.013039899493133476,0.141229476237924,0.08057878092102413,,,0.12890607685829528,3.2539321990314147,0.12789215903550374,-0.006902156488728384,-0.023521734402393524,-0.03358444226039348,-0.019276562989356205,0.005096246431835816,0.002941688012722765,0.0021545584191131565,0.006750158385964655,0.009869419527700471,,,-0.005693722345778696,-0.07911316800220325,-0.0054556896659756215,2025-11-14,178764283904.0,large_cap,0.1950274734650694,-0.1425176899677851,0.6413302680241607,0.420470934300524,0.4072624980365838,0.5249389556053747,,0.4986577802462279,2025-11-14,131.3699951171875,45,-0.0398873263190368,2025-12-16,0.06219074729855434,2026-02-18,,,,
AON,2025-09-30,,3997000000.0,1738000000.0,848000000.0,458000000.0,1043000000.0,,510000000.0,1148000000.0,-69000000.0,1079000000.0,51637000000.0,17618000000.0,7939000000.0,1095000000.0,26569000000.0,25103000000.0,4155000000.0,,,-0.03802647412755711,,,0.43482611958969225,0.21215911933950463,0.11458593945459095,0.2609457092819615,0.287215411558669,0.2699524643482612,0.017262947210407806,0.0,0.12759569677257943,0.34118945717218274,2.219171180249402,0.021205724577337954,1.058399394494682,0.07740573619691307,0.002816492634216905,-0.017203094860254703,-0.024764241050824226,-0.01895802116328521,0.09563899759958353,0.09377917914970524,0.0018598184498783248,0.0,0.017367056580040313,0.004622154820766333,-0.0985643801229048,0.0025425140607669497,0.03077243235248428,0.0004755380854522262,2025-11-14,67750879232.0,large_cap,0.1735944976076555,0.1017137379313994,0.4723531660084087,0.2690788635494967,0.1690661230730029,0.1794496114154669,0.3654038598999285,0.3205963443275809,2025-11-14,349.2087707519531,45,0.004769606374203317,2025-12-16,-0.07754258917319101,2026-02-18,,,,
APD,2025-09-30,,3166900000.0,1021400000.0,811800000.0,4900000.0,601900000.0,27300000.0,219100000.0,1261200000.0,-1517700000.0,-256500000.0,41059500000.0,18406200000.0,15024900000.0,1856000000.0,5825800000.0,4218600000.0,3022700000.0,,,0.04770569358520538,,,0.3225236035239509,0.2563390065995137,0.0015472544128327386,0.1900596798130664,0.39824433989074487,-0.08099403201869336,0.47923837190943824,0.008620417442925259,0.06918437588809245,0.4482811529609469,1.225046422937923,0.04520269365189542,1.3809794718627033,0.07712953153350625,-0.0025500061627530823,0.0008058739697456296,-0.2345992371344594,-0.2576195473679307,0.1151199808739718,0.13073720164657282,-0.01561722077260097,0.0006474131752175812,-0.004458393821107937,0.008017201027275767,0.044611990114109545,-0.01059063841720833,0.08935832722870041,0.004571555004968669,2025-11-14,65775423488.0,large_cap,-0.0396349206349206,-0.0318702851632939,0.3249343007784738,0.2435829628282895,0.3163644777944895,-0.260317670198172,0.379185133899016,0.3057668302395981,2025-11-14,255.85653686523438,45,-0.06589803536704308,2025-12-16,0.09682752921758309,2026-02-18,,,,
APH,2025-09-30,,6194400000.0,2359300000.0,1702300000.0,1245700000.0,1949300000.0,,657000000.0,1470800000.0,-257200000.0,1213600000.0,27143000000.0,8067100000.0,12520300000.0,3799300000.0,12383900000.0,5983900000.0,5650300000.0,,,0.09629577190591654,,,0.38087627534547336,0.274812734082397,0.20110099444659693,0.31468745964096606,0.23744026862973008,0.1959188944853416,0.04152137414438848,0.0,0.10606354126307632,0.2972073831190362,0.6443216216863813,0.13997347382382197,2.069536589849429,0.22821353571823305,0.017479641538418855,0.021587241630668774,0.007960807199902054,0.024720555228810948,-0.013307479277460704,-0.0022475745517006596,-0.01105990472576001,0.0,-0.004107600092249947,-0.01689088556931212,-0.05558201829174236,0.015033859356227572,0.053459362055988446,0.008086842975405295,2025-11-14,153779306496.0,large_cap,0.2125100559949659,0.2179208141348693,0.3376339282781635,0.2157501625861378,0.1592358779979898,0.1411904589855938,0.3211770412589435,0.7100073693342412,2025-11-14,133.2193145751953,45,-0.03260806942338046,2025-12-16,0.10673579010798839,2026-02-18,,,,
AXP,2025-09-30,,18426000000.0,,,2902000000.0,,,3838000000.0,6233000000.0,-655000000.0,5578000000.0,297550000000.0,59233000000.0,32417000000.0,53468000000.0,,,17856000000.0,,,0.03192204301075274,,,,,0.1574948442418322,,0.33827200694670573,0.3027244111581461,0.03554759578855964,0.0,0.20829262997937698,0.1990690640228533,1.8272202856525896,0.17969416904721897,,0.061925726768610315,,,-0.0040754962599599265,,0.0938723653696448,0.09299098821907797,0.0008813771505668117,0.0,0.0006873432410257341,-0.002906196164725372,-0.020292945135686802,-0.015970950253353516,,0.0015107800241693295,2025-11-14,213895708672.0,large_cap,0.0897959183673469,-0.054977264637458,,,0.153588378898846,0.184066475609941,0.1882001466140624,0.2429409749466774,2025-11-14,355.2651672363281,45,0.06598920106115025,2025-12-16,-0.028475442967035858,2026-02-18,,,,
BA,2025-09-30,,23270000000.0,-2375000000.0,-4794000000.0,-5337000000.0,-4014000000.0,897000000.0,1522000000.0,1123000000.0,-885000000.0,238000000.0,150023000000.0,53353000000.0,-8250000000.0,6173000000.0,122132000000.0,103324000000.0,22749000000.0,,,0.022902105587058852,,,-0.1020627417275462,-0.20601633003867642,-0.22935109583154276,-0.1724967769660507,0.0482595616673829,0.010227761065749892,0.038031800601633005,0.038547486033519554,0.06540610227761066,0.35563213640575114,6.467030303030303,0.041147024122967814,1.1820293445859626,0.1551095498690201,-0.20910041371312799,-0.1942355924238362,-0.20249277238875407,-0.19926718445648983,0.03828110107570854,0.019019356300705274,0.019261744775003264,-0.0014542722855274345,-0.013410549003764344,0.011878913094766075,-9.715974249321746,-0.004540185779043533,-0.04940735251974848,0.008455346671495584,2025-11-14,173812793344.0,large_cap,-0.1449597655346171,-0.3128975507856379,-0.0299321977840251,-0.1627253183396725,-0.1776538328547589,-0.2164559435933671,0.3465525731790769,0.4254011498884007,2025-11-14,194.52000427246094,45,0.06266708910992991,2025-12-16,0.22830550806032268,2026-02-18,,,,
BAC,2025-09-30,,28088000000.0,,,8469000000.0,,,13032000000.0,46874000000.0,,46874000000.0,3403716000000.0,365684000000.0,304152000000.0,254719000000.0,,,26463000000.0,,,0.06140649208328619,,,,,0.301516661919681,,1.6688265451438338,1.6688265451438338,,0.0,0.463970378809456,0.1074366956585097,1.202306741366159,0.07483556207392156,,0.008252157348027861,,,0.032612909510657095,,2.0139121363466455,2.0139121363466455,,0.0,-0.023049233479400133,0.0024398661176189135,-0.003668578978701875,-0.0051925216261989315,,0.0005619777506732622,2025-11-14,353197326336.0,large_cap,0.0300382411038349,-0.0523103634248645,,,0.2548084189842805,-0.0831790356711003,0.1001656088570842,0.0324582321338828,2025-11-14,52.043800354003906,45,0.04723121138579067,2025-12-16,0.019526686637880264,2026-02-18,,,,
BILL,2025-09-30,,395741000.0,318738000.0,-11849000.0,-2962000.0,25818000.0,80289000.0,226135000.0,96855000.0,-14593000.0,82262000.0,10151245000.0,1921717000.0,3882711000.0,1099628000.0,7329845000.0,4378256000.0,383349000.0,,,0.03232563538707556,,,0.8054207170851643,-0.029941299991661213,-0.007484693271609462,0.0652396390568579,0.2447434054090933,0.2078682774845164,0.03687512792457693,0.20288269347881568,0.5714217126858223,0.18930850353823594,0.49494206496440246,0.10832444690281832,1.6741471946820834,0.038984479243678975,-0.002618432619152178,0.028097197565395148,0.01096324842120831,0.017139865743245497,0.026101906409487202,0.029234708595592712,-0.003132802186105503,-0.03202074959785858,0.0020554172213760324,0.013151391969475179,0.041997792550221735,0.005149977791088986,0.09660756437606821,0.0008932942634196708,2025-11-14,3990840832.0,low_cap,0.1336240439259262,-0.085281015083888,0.8139555713572684,-0.0551098408965041,0.0162720416800563,0.2117327717647702,0.1761571115687607,0.1453271677155225,2025-11-14,50.349998474121094,45,0.076663370949962,2025-12-16,-0.10804367014042782,2026-02-18,,,,
BL,2025-09-30,,178290000.0,133901000.0,9876000.0,5285000.0,27459000.0,27331000.0,96694000.0,63800000.0,-6793000.0,57007000.0,1703826000.0,920209000.0,328300000.0,419900000.0,983823000.0,646907000.0,172025000.0,,,0.03641912512716172,,,0.7510292220539571,0.05539289920915363,0.029642716921868865,0.1540131246845028,0.3578439620842448,0.31974311514947557,0.03810084693476919,0.15329519322452184,0.5423411296202816,0.5400839052814078,2.802951568687176,0.24644535298792247,1.520810564733416,0.10464096685929197,-0.0012044649101470295,0.005464109789011205,-0.01855957925601226,-0.006283343852047124,0.16981896571743765,0.1721773543588928,-0.0023583886414551905,-0.009262574541791191,0.002593999842632977,0.026099047896774974,0.5775641126737283,-0.009673248732732898,-0.11966440536738698,0.008681768136033219,2025-11-14,1598509952.0,low_cap,0.1073566600451527,-0.0208765148245257,0.7520953996106138,0.0310039550858976,0.2466938910453426,0.2510132611703625,0.5022377640769826,0.3579852671399359,2025-11-14,54.66999816894531,45,0.05231389621622773,2025-12-16,-0.32083405319727043,2026-02-18,,,,
BLK,2025-09-30,,6509000000.0,2990000000.0,2045000000.0,1323000000.0,2478000000.0,,692000000.0,1414000000.0,-78000000.0,1336000000.0,162682000000.0,15043000000.0,55519000000.0,9979000000.0,23724000000.0,1646000000.0,5423000000.0,,,0.20025815969020844,,,0.45936395759717313,0.3141803656475649,0.20325702872945153,0.38070364111230603,0.2172376709171916,0.2052542633277001,0.011983407589491473,0.0,0.1063143339990782,0.09246874270048315,0.2709522866045858,0.06134052937632928,14.413122721749696,0.04001057277387787,-0.01933786796063619,-0.02695922498492631,-0.09049181877193149,-0.10648057426663549,-0.03428362725725059,-0.029855454540638454,-0.004428172716612161,0.0,-0.00598513124156351,-0.007961379508842986,-0.028390421114019848,-0.003368967448959176,1.0708925912633376,0.00298592608854982,2025-11-14,167947649024.0,large_cap,0.1426731619911529,0.1434564664168229,0.4942421718037928,0.3693830548341255,0.3120987896310089,0.2303621306414465,0.1026007286368719,0.1472207192583775,2025-11-14,1046.9866943359375,45,0.014555932989892106,2025-12-16,0.0374659186898787,2026-02-18,,,,
BMY,2025-09-30,,12222000000.0,8787000000.0,3639000000.0,2201000000.0,4605000000.0,2528000000.0,1789000000.0,6311000000.0,-320000000.0,5991000000.0,96889000000.0,51041000000.0,18552000000.0,15726000000.0,35630000000.0,28136000000.0,12269000000.0,,,-0.003830793055668802,,,0.7189494354442808,0.2977417771232204,0.18008509245622648,0.37677957781050564,0.5163639338897071,0.49018163966617573,0.026182294223531338,0.20684012436589755,0.1463753886434299,0.526798707799647,2.751239758516602,0.16230944689283613,1.2663491612169462,0.12614435075189134,-0.006211539370292507,-0.009862754623458203,0.0733119243088632,0.1103356948534594,0.19710401050556825,0.200345467198982,-0.003241456693413809,-0.0034459625197492127,0.006755207699587679,-0.011130651277627024,-0.16983853227777734,0.029234538785184783,0.05950522050203766,-0.0034449855107306637,2025-11-14,116398063616.0,large_cap,0.0731902413011598,0.0981691186598547,0.710807453416149,0.1218840579710145,-0.1852587991718426,0.2886542443064182,0.5528978542811788,0.5215813742535339,2025-11-14,45.63460922241211,45,0.16248651344384046,2025-12-16,0.2955169755272975,2026-02-18,,,,
BOOT,2025-09-30,,505396000.0,184149000.0,56423000.0,42222000.0,76783000.0,,127726000.0,25735000.0,-43534000.0,-17799000.0,2256509000.0,667950000.0,1205230000.0,64728000.0,967271000.0,412418000.0,504067000.0,,,0.0026365542675874654,,,0.3643657646677061,0.11164116850944605,0.08354241030795653,0.15192641018132316,0.050920466327394755,-0.03521792811973185,0.0861383944471266,0.0,0.25272459615826004,0.2960103416383449,0.5542095699576014,0.02868501743179398,2.34536562419681,0.22397251683906425,-0.026893730597804255,-0.02865764097421386,-0.02241175848309704,-0.02493301525220057,-0.09558783514840113,-0.11930992382665176,0.023722088678250645,0.0,0.0017639103764096054,0.010815678853567157,0.04443925974918517,-0.016838822658070223,-0.18839672057001255,-0.016767162580333533,2025-11-14,4365484032.0,low_cap,0.146426923909829,0.1407597454636879,0.3751956984025987,0.125242791601085,0.0946793057834633,-0.0003940130940022,0.2790075028951631,0.9470188863247706,2025-11-14,173.1300048828125,45,0.16756191121505548,2025-12-16,0.1363715124153817,2026-02-18,,,,
BROS,2025-09-30,,423584000.0,106779000.0,41490000.0,17495000.0,70705000.0,,64365000.0,89125000.0,-70205000.0,18920000.0,2921997000.0,1036577000.0,656557000.0,267195000.0,341138000.0,224456000.0,415813000.0,,,0.01868868938681567,,,0.252084592430309,0.0979498753493994,0.04130231547933822,0.16692084686862582,0.2104069086651054,0.044666465211150565,0.16574044345395483,0.0,0.15195333157059757,0.3547495086408371,1.5788073236596365,0.09144259901704212,1.5198435328082118,0.14496387231061497,-0.03661249015248663,-0.03350104128860855,-0.020321539474691598,-0.026841733906867005,-0.0057888331707679486,-0.0411557673789801,0.03536693420821216,0.0,-0.00529283437419012,0.005940175747958187,0.03685928477682565,0.0009757943587030693,-0.11684548722939003,-0.0028940505532017435,2025-11-14,8910600192.0,low_cap,0.3264100578187903,0.0195625370748782,0.2655152359652307,0.0828194829880992,0.0275234872347318,0.0192769015194982,0.3769999820078086,0.5121837122688753,2025-11-14,53.709999084472656,45,0.15434744101352904,2025-12-16,-0.005399384108557559,2026-02-18,,,,
BSX,2025-09-30,,5065000000.0,3542000000.0,1050000000.0,755000000.0,1368000000.0,514000000.0,1741000000.0,1343000000.0,-251000000.0,1092000000.0,42707000000.0,12046000000.0,23395000000.0,1275000000.0,8035000000.0,5328000000.0,5061000000.0,,,0.0007903576368306631,,,0.6993089832181638,0.2073050345508391,0.14906219151036526,0.2700888450148075,0.26515301085883514,0.21559723593287267,0.04955577492596249,0.1014807502467917,0.3437314906219151,0.28206148874891707,0.5148963453729429,0.02985459058234013,1.5080705705705706,0.11859882454866884,0.022762846091113786,0.02097822166800961,-0.008416567628144911,-1.587737207253692e-05,0.011053030617776072,-0.0009607565587297917,0.012013787176505863,-0.0024512789964408616,0.004668064421559426,-0.007334309995037314,-0.021592190624915908,0.01700538824349656,0.1360089135378153,-0.0031798515503710795,2025-11-14,78301192192.0,large_cap,0.1760533707865168,0.0532020855002843,0.686093031587747,0.1792559861467725,0.1107063951752552,0.1412193228637965,0.2727757329610357,0.4251047087193806,2025-11-14,102.69000244140625,45,-0.09484862461388677,2025-12-16,-0.2571818388764634,2026-02-18,,,,
BX,2025-09-30,,2685881000.0,,,624917000.0,,,393640000.0,1597645000.0,-23929000.0,1573716000.0,46554290000.0,12888785000.0,8392523000.0,2430690000.0,,,3161236000.0,,,-0.15036998186785167,,,,,0.23266741899585275,,0.5948308953375075,0.5859217143276266,0.00890918100988093,0.0,0.14655898753518865,0.27685493646235393,1.5357461635791763,0.05221194437719918,,0.057693522981448114,,,-0.009087388301039973,,0.31376899423300286,0.31755927634450865,-0.003790282111505769,0.0,0.027855100827584398,-0.00806627697748774,-0.012054638088476288,0.002942679204319412,,-0.011978516575739673,2025-11-14,144092463104.0,large_cap,0.5600239144275674,0.5776868192290489,,,0.2540137998671611,0.312907962461141,0.2826485698429084,0.2514509185959241,2025-11-14,138.53138732910156,45,0.07529690345401652,2025-12-16,-0.049458336587253404,2026-02-18,,,,
C,2025-09-30,,22095000000.0,,,3752000000.0,,,7751000000.0,1100000000.0,-1617000000.0,-517000000.0,2642475000000.0,370606000000.0,213023000000.0,348060000000.0,,,21661000000.0,,,0.020036009417847778,,,,,0.1698121747001584,,0.04978501923512107,-0.0233989590405069,0.07318397827562798,0.0,0.3508033491740213,0.14024957662797188,1.7397464123592288,0.13171742400590356,,0.008361479294979138,,,-0.01572865905636253,,1.738488218533399,1.746325430415197,-0.007837211881797812,0.0,-0.015200067104082227,-0.0020887585380280627,-0.011109503071636606,0.0030470706545638326,,0.0001026599999737008,2025-11-14,210502303744.0,large_cap,0.0330644128569599,-0.0154049748981421,,,0.1572044823482745,-0.3243876437921459,0.1427168930850487,0.0342855442859905,2025-11-14,99.31013488769531,45,0.10947156047372086,2025-12-16,0.16526463000290859,2026-02-18,,,,
CAT,2025-09-30,,17638000000.0,5619000000.0,3052000000.0,2300000000.0,3830000000.0,555000000.0,1822000000.0,3737000000.0,-1071000000.0,2666000000.0,93722000000.0,41534000000.0,20658000000.0,7538000000.0,49818000000.0,35991000000.0,16569000000.0,,,0.06451807592491998,,,0.31857353441433267,0.1730354915523302,0.13040027213969838,0.21714480099784556,0.2118720943417621,0.15115092414105907,0.06072117020070303,0.03146615262501418,0.10329969384283932,0.4431616909583662,2.0105528124697454,0.08042935490066366,1.3841793781778777,0.18819487420242845,-0.008905492684466276,0.0004239881423477032,-0.0011103802835015775,0.0060276545194823394,0.023447928731284706,0.0203645157881108,0.0030834129431739077,-0.001788720934041893,0.0010605725923112236,-0.00796479672499939,-0.1730386349339308,0.02018025443014055,0.045798431249383986,0.004757287709209523,2025-11-14,409148456960.0,large_cap,-0.0335669549657023,-0.1620102551491206,0.359888287120616,0.2017003811199061,0.1665200820873644,0.136092209415359,0.4376395788706075,0.7384462877717515,2025-11-14,551.6864624023438,45,0.06299299101841815,2025-12-16,0.36044860225841147,2026-02-18,,,,
CB,2025-09-30,,16200000000.0,,,2801000000.0,,,1138000000.0,3639000000.0,,3639000000.0,270210000000.0,17226000000.0,71855000000.0,2241000000.0,,,14881000000.0,,,0.08863651636314773,,,,,0.17290123456790124,,0.22462962962962962,0.22462962962962962,,0.0,0.07024691358024691,0.06375041634284445,0.2397327952125809,0.008293549461529921,,0.059953369601421114,,,-0.026547727195421117,,-0.013996806765773917,-0.013996806765773917,,0.0,-0.005352844500527226,0.006494611813916432,0.023924739877182105,-7.537121914739237e-05,,0.0030607662897906493,2025-11-14,125724844032.0,large_cap,0.1241119094448681,-0.0331520552514505,,,0.1655418675236565,0.2889126941617568,0.0615661047747294,0.2271768580560377,2025-11-14,294.6202697753906,45,0.05262449170649175,2025-12-16,0.11438632865128939,2026-02-18,,,,
CDNS,2025-09-30,,1338838000.0,1156645000.0,452786000.0,287122000.0,477568000.0,423031000.0,270595000.0,310662000.0,-33684000.0,276978000.0,9599271000.0,2479142000.0,5199002000.0,2753246000.0,4287040000.0,1406557000.0,1275441000.0,,,0.04970594484574353,,,0.86391706838318,0.33819326908856784,0.21445611791717892,0.35670335021862243,0.23203852893329888,0.20687939840369035,0.02515913052960851,0.3159687729209957,0.20211183130445953,0.2582635702231972,0.4768495953646488,0.2868182385933265,3.0478963881307335,0.13947288288871104,0.00831183066540242,0.047792537106453425,0.08896932550576983,0.06871982138428201,-0.06401828592524808,-0.05461290112251277,-0.00940538480273536,-0.030622719747030513,-0.009284854234111045,-0.0023551811558034097,-0.018132166483558476,-0.01004280379123551,0.22640650964232822,0.005338745912229076,2025-11-14,95774343168.0,large_cap,0.1347872584404934,-0.0135310531158958,0.8604901595772186,0.2979468524091713,0.2274130495485712,0.2408845952309543,0.2880473769962433,0.5171623275861492,2025-11-14,314.92999267578125,45,0.014606440194634862,2025-12-16,-0.03149900975093478,2026-02-18,,,,
CELH,2025-09-30,,725106000.0,372279000.0,166708000.0,-61014000.0,-61002000.0,,205571000.0,331801000.0,-10345000.0,321456000.0,5265708000.0,861472000.0,2963385000.0,805955000.0,1941574000.0,1028988000.0,739259000.0,,,-0.01914484639348324,,,0.5134132113097947,0.2299084547638552,-0.08414493880894655,-0.08412838950443108,0.45758964896166904,0.4433227693606176,0.014266879601051432,0.0,0.2835047565459395,0.16360041232821873,0.29070539265063433,0.153057290681519,1.8868772036214223,0.13770341993897117,-0.0017661777811734947,0.03651885788373607,-0.2192193849773395,-0.2960487043061447,0.3984601693070419,0.39535311325903477,0.0031070560480071004,0.0,-0.038285035664909484,-0.06377362864994732,-0.12191413746296886,-0.009053333345032832,-0.22173861237645576,-0.057087395584976136,2025-11-14,7710112768.0,low_cap,0.0285399092877618,-0.9879930372670328,0.5017644932614357,0.1148750027662415,0.1070159261745461,0.1766765267809062,0.0114608737090952,0.7672446531486841,2025-11-14,42.790000915527344,45,0.008413194733560392,2025-12-16,0.014956751015543945,2026-02-18,,,,
CI,2025-09-30,,69774000000.0,,,1868000000.0,3339000000.0,,3362000000.0,3418000000.0,-278000000.0,3140000000.0,157919000000.0,34040000000.0,41805000000.0,6025000000.0,46735000000.0,56453000000.0,66942000000.0,,,0.042305279196916734,,,,,0.02677215008455872,0.047854501676842374,0.04898672858084673,0.04500243643764153,0.003984292143205205,0.0,0.048184137357755036,0.21555354327218385,0.8142566678626959,0.03815247057035569,0.827856801232884,0.44183410482589175,,,0.0038866671291644984,0.002442055081282042,0.07716037143585555,0.07743349616098412,-0.00027312472512857656,0.0,-0.0030990630246655673,0.012666651659204053,0.04914998859676867,0.009606664739863307,0.040188825396747396,0.0004126832724565821,2025-11-14,75463155712.0,large_cap,0.2520505976320144,0.1678650962461421,,,0.0140516564095849,0.0366513356029854,0.2051051763845497,1.567760022068116,2025-11-14,266.6845703125,45,0.029670592489517977,2025-12-16,0.08191680246077238,2026-02-18,,,,
CL,2025-09-30,,5131000000.0,3049000000.0,1059000000.0,735000000.0,1217000000.0,,1971000000.0,1261000000.0,-155000000.0,1106000000.0,17513000000.0,8419000000.0,856000000.0,1279000000.0,6039000000.0,6496000000.0,5110000000.0,,,0.004109589041095818,,,0.5942311440265056,0.2063925160787371,0.1432469304229195,0.23718573377509258,0.24576106022217892,0.2155525238744884,0.03020853634769051,0.0,0.3841356460728903,0.4807286016102324,9.835280373831775,0.07303146234226003,0.9296490147783252,0.2929823559641409,-0.006355940122222403,-0.004957777463337254,-0.002154243745377954,-0.00332307248713834,0.07276693106366619,0.06369342407018311,0.009073506993483072,0.0,-1.3081911454104755e-05,-0.020587941034301116,-2.640503101951701,0.003483666120165013,0.04463056459382331,0.000480924939527283,2025-11-14,70520684544.0,large_cap,0.0330986277432285,-0.0498311880301336,0.6049947763792846,0.2154121685488284,0.1437241928262275,0.1764091338739366,0.5304748847064689,1.2527109560014955,2025-11-14,77.09584045410156,45,0.011531002247774591,2025-12-16,0.23209840648875923,2026-02-18,,,,
CME,2025-09-30,,1537600000.0,1300000000.0,972600000.0,908000000.0,1303600000.0,,36700000.0,968100000.0,-18400000.0,949700000.0,187144600000.0,3421300000.0,28190300000.0,2446800000.0,152800800000.0,149587200000.0,1692000000.0,,,-0.09125295508274234,,,0.8454734651404787,0.6325442247658689,0.5905306971904266,0.8478147762747138,0.6296175858480749,0.6176508844953174,0.011966701352757543,0.0,0.023868366285119666,0.018281585469204026,0.12136444096018843,0.013074382055373224,1.021483121550507,0.008216106689693425,-0.023557267720041408,-0.03489076341380015,-0.01532036663936065,-0.013710046420321698,0.004026569299611538,0.0029345724385797523,0.001091996861031775,0.0,0.0017643473725901145,-0.0007304596429928319,-0.0019420949639616797,0.0020614698285004503,0.0028879065987019725,-0.0011887524875481507,2025-11-14,108294709248.0,large_cap,0.0988008388750469,-0.0126666672013764,0.8612910066719955,0.6413435343632241,0.575161906004796,0.5866951599484511,0.0249405225286837,0.0445997366257539,2025-11-14,277.1075744628906,45,-0.03800077993352835,2025-12-16,0.06632298344728205,2026-02-18,,,,
CMG,2025-09-30,,3003444000.0,735583000.0,498317000.0,382103000.0,588841000.0,,146742000.0,569680000.0,-163486000.0,406194000.0,9281848000.0,4980117000.0,3221838000.0,698743000.0,1773780000.0,1150064000.0,3063393000.0,,,-0.019569477373618027,,,0.24491317301071702,0.16591519602163382,0.12722161625121028,0.19605526189268055,0.18967558576087984,0.13524274133294978,0.05443284442793007,0.0,0.048857911118036494,0.536543692592251,1.5457378676395275,0.07528059067547756,1.542331557200295,0.3235825452000507,-0.02871479440972169,-0.02182891647062557,-0.015145686931894192,-0.02137652044801161,0.006438567200087925,0.004426355710863417,0.002012211489224522,0.0,-0.007338273961710051,0.02077152201644572,0.19077137627496277,-0.015834175711605808,-0.10844374305909521,-0.006923559477645225,2025-11-14,41881264128.0,mid_cap,0.1460955510067263,0.0028359268782727,0.2667254029197657,0.1754644505280385,0.1355957161543463,0.1335948946835353,0.4933108976232387,1.229182234446362,2025-11-14,31.56999969482422,45,0.1295533795414774,2025-12-16,0.2264808867594359,2026-02-18,,,,
COIN,2025-09-30,,1868693000.0,1394197000.0,444792000.0,432552000.0,573995000.0,430585000.0,457540000.0,-784515000.0,,-784515000.0,31351367000.0,7371636000.0,16023224000.0,8676275000.0,22093189000.0,9189354000.0,1497208000.0,,,0.2481184978974198,,,0.7460813520465909,0.23802304605411376,0.23147301349124763,0.3071638840622831,-0.419820163076546,-0.419820163076546,,0.2304204061341269,0.244844926373674,0.23512965160338942,0.46005947367396227,0.2767431161773584,2.4042156826257863,0.05960483318000137,0.030757228745085685,0.2602991760240311,-0.7229033991381265,-0.94731044415397,0.052356715486753136,0.052356715486753136,,-0.028275780367681802,-0.028326202821467916,0.04729919230697832,0.09548275039853577,-0.04440937130796596,0.2792049606798037,-0.004171175361133206,2025-11-14,51488137216.0,large_cap,1.1117178931939855,1.1385868384849622,0.7478229830829485,0.3405584193120444,0.39290904913873,0.4728704691692357,0.2082400942136729,0.2911916541740331,2025-11-14,284.0,45,-0.11052816686495925,2025-12-16,-0.4223591441839514,2026-02-18,,,,
COP,2025-09-30,,15031000000.0,3625000000.0,2758000000.0,1726000000.0,6126000000.0,,271000000.0,5878000000.0,-2866000000.0,3012000000.0,122472000000.0,23482000000.0,64923000000.0,5260000000.0,15884000000.0,12009000000.0,14004000000.0,,,0.07333618966009703,,,0.24116825227862418,0.1834874592508815,0.1148293526711463,0.40755771405761426,0.39105847914310427,0.2003858692036458,0.19067260993945845,0.0,0.01802940589448473,0.19173362074596642,0.36169000200237206,0.04294859233130838,1.3226746606711632,0.12273009340910576,-0.009403013074132188,-0.00260222940950125,-0.025916148614200746,-0.0356013833431284,0.14220100984861697,0.18617564355383145,-0.04397463370521451,0.0,0.0001773636208486258,-0.00018474726682324305,0.002863063675037192,0.002972736084520068,0.053878010388985986,0.008504039362987936,2025-11-14,149131378688.0,large_cap,-0.0248659624873087,0.2599073959859503,0.2992602064115444,0.2335007763266051,0.1688738697597954,0.1462416659055621,0.1981104414399739,0.4458788076233914,2025-11-14,89.16826629638672,45,0.0026508747022342405,2025-12-16,0.2303110606638925,2026-02-18,,,,
CROX,2025-09-30,,996301000.0,583008000.0,207660000.0,145816000.0,231465000.0,,375348000.0,239336000.0,-13174000.0,226162000.0,4299764000.0,1705888000.0,1363140000.0,153970000.0,971191000.0,691735000.0,1149373000.0,,,-0.13317869829898565,,,0.5851725532745626,0.20843098621802045,0.1463573759335783,0.2323243678366277,0.24022459076122576,0.227001679211403,0.013222911549822795,0.0,0.37674156705654216,0.39673991409761095,1.2514400575142686,0.035808942072169545,1.4039928585368675,0.23171062411797486,-0.03154282110781803,-0.061802436700388125,0.5746621995200033,0.5860911606880346,-0.008432720659870774,-0.007238206360991706,-0.0011945142988790628,0.0,0.030259615592570066,-0.0017664781230639082,0.003440040626382368,-0.009266448338847842,-0.13732146099075293,-0.02654259580955795,2025-11-14,4717535232.0,low_cap,0.0352722767592035,-0.0793166736864383,0.5875657101178223,0.2549891421678805,0.2316055549975768,0.2250401500886861,0.3535415436707852,0.8524475427111315,2025-11-14,73.38999938964844,45,0.24880777065118798,2025-12-16,0.33792074203581235,2026-02-18,,,,
CSX,2025-09-30,,3587000000.0,1251000000.0,1251000000.0,694000000.0,1532000000.0,,,1337000000.0,-730000000.0,607000000.0,43279000000.0,19643000000.0,12753000000.0,612000000.0,2511000000.0,2966000000.0,3574000000.0,,,0.0036373810856182853,,,0.34875940897686086,0.34875940897686086,0.19347644270978534,0.42709785335935324,0.37273487594089766,0.16922219124616672,0.20351268469473097,0.0,0.0,0.45386908200281895,1.5402650356778798,0.014140807319947319,0.8465947403910992,0.08288084290302457,-0.01022212431916597,-0.01022212431916597,-0.03847655113464668,-0.05751322666303066,0.1950627998356934,0.2086737860978735,-0.013610986262180047,0.0,0.0,-0.003863453113302995,-0.047998785854612924,0.005125922277202322,0.07388270552686849,-0.00037290165193827607,2025-11-14,84842618880.0,large_cap,-0.0079825339428259,0.0052134533997983,0.3681568088033012,0.371595598349381,0.2386519944979367,0.1869325997248968,0.4440417173323356,0.3400056121971752,2025-11-14,34.6573371887207,45,0.05833875331266314,2025-12-16,0.18948075295537925,2026-02-18,,,,
CVX,2025-09-30,,48169000000.0,14990000000.0,4297000000.0,3539000000.0,11633000000.0,,1524000000.0,9385000000.0,-4444000000.0,4941000000.0,326501000000.0,41544000000.0,189843000000.0,7725000000.0,40866000000.0,35472000000.0,44375000000.0,,,0.08549859154929584,,,0.31119599742573023,0.08920675123004422,0.07347048931885652,0.24150387178475782,0.19483485229089248,0.10257634578255724,0.09225850650833524,0.0,0.03163860574228238,0.12724003908104417,0.2188334571198306,0.023659958162455856,1.152063599458728,0.14753094171227654,0.01433965939756121,-0.00221860088263183,0.0173578132625185,0.04251795629180008,0.001572880459906556,-0.007034921823076565,0.00860780228298312,0.0,0.011604802925380974,0.009757382195628328,0.01757950436844244,0.007469064294343266,0.15596861568177334,-0.029388761660660234,2025-11-14,380594323456.0,large_cap,-0.0177692686617948,0.1468518660039272,0.2943220242588437,0.0978057431209736,0.0913119008965224,0.0777813395100665,0.0955133144961041,0.752765258544863,2025-11-14,154.3689727783203,45,-0.05856509888328487,2025-12-16,0.19110720119406222,2026-02-18,,,,
DDOG,2025-09-30,,885651000.0,709194000.0,-5809000.0,33885000.0,52090000.0,401982000.0,312744000.0,251470000.0,-37518000.0,213952000.0,6052470000.0,1279317000.0,3439118000.0,540602000.0,4838105000.0,1320694000.0,826760000.0,,,0.07123107068556767,,,0.8007601188278453,-0.006559017039443302,0.03825999180264009,0.05881549278440379,0.28393802976567517,0.2415759706701624,0.04236205909551279,0.4538830758391285,0.3531232957451637,0.21137106007960385,0.37198985321236433,0.089319236609186,3.6633050502235944,0.14632885417028088,0.0015172914051349018,0.03471898383142612,0.03505833715074595,0.03426907060626261,0.041963333360430594,0.04157476112930411,0.0003885722311265105,-0.01479223501287208,-0.01849482801505692,-0.005794325761151242,-0.023668202140404992,0.005328315316217358,0.23091999326198076,0.00433279239866205,2025-11-14,74032603136.0,large_cap,0.2611946574802466,-0.0093915761774454,0.8079440444812845,0.0202229652326978,0.0684527479487012,0.2887569269169515,0.3184221356777882,0.463978861048592,2025-11-14,185.00999450683594,45,-0.24301385217011562,2025-12-16,-0.3417652970375218,2026-02-18,,,,
DHR,2025-09-30,,6053000000.0,3523000000.0,1154000000.0,908000000.0,1765000000.0,378000000.0,1991000000.0,1662000000.0,-292000000.0,1370000000.0,79897000000.0,16856000000.0,51071000000.0,1528000000.0,9606000000.0,6324000000.0,5936000000.0,,,0.019710242587601012,,,0.5820254419296217,0.19064926482735833,0.1500082603667603,0.2915909466380307,0.27457459111184535,0.22633404923178588,0.048240541880059475,0.06244837270774822,0.32892780439451513,0.21097162596843436,0.33005032210060503,0.019124622952050765,1.5189753320683113,0.07576004105285555,-0.011471862652588594,0.06261691981388123,0.05651095578455005,0.06635509758142694,0.04917027844338173,0.04270871230456216,0.006461566138819583,-0.0054424628717665985,-0.06864631959470319,-0.0016600819462924132,-0.001569657262715185,-0.017104242522097725,-0.10042985049941544,0.0030327683255828297,2025-11-14,114595143680.0,large_cap,-0.0006278777731267,0.102701326896017,0.5950157068062827,0.2036858638743455,0.1633089005235602,0.2218219895287958,0.2211188775115421,0.3078976554641355,2025-11-14,220.43431091308594,45,0.015776751869308825,2025-12-16,-0.05588035427276161,2026-02-18,,,,
DPZ,2025-09-30,,1147054000.0,459902000.0,223168000.0,139319000.0,244626000.0,,236734000.0,185396000.0,-21436000.0,163960000.0,1660277000.0,5051715000.0,-3961959000.0,139728000.0,867734000.0,539153000.0,1145144000.0,,,0.0016679125070733214,,,0.4009418911402602,0.19455753608810047,0.12145810049047386,0.21326458911263113,0.16162796171758262,0.14294008826088397,0.018687873456698638,0.0,0.2063843550521597,3.0426940805660743,1.2750548402949147,0.084159450501332,1.6094392500830006,0.6908810999610306,-0.0016013697946091199,0.0014281130635725447,0.006982541084844515,0.00957841514673688,-0.002354908558993951,-0.0031533288115540847,0.0007984202525601197,0.0,-0.0030294828581816924,0.16542463823951525,-0.03615700423791823,-0.06648376404209086,1.0126086969610308,0.05865649576943932,2025-11-14,10054730752.0,mid_cap,0.0506898533227306,0.0634291055154028,0.3927621357738032,0.1867996794163542,0.1241220495595799,0.1087902131898242,2.992056478564064,2.709488069461772,2025-11-14,406.4539794921875,45,0.062160645901652156,2025-12-16,-0.062463904091425215,2026-02-18,,,,
DUK,2025-09-30,,8542000000.0,4381000000.0,2317000000.0,1421000000.0,4617000000.0,,,3632000000.0,-3453000000.0,179000000.0,192293000000.0,89647000000.0,51462000000.0,688000000.0,12208000000.0,19405000000.0,7508000000.0,,,0.13771976558337773,,,0.5128775462420979,0.2712479512994615,0.16635448372746428,0.5405057363615079,0.4251931631936315,0.02095527979395926,0.4042378833996722,0.0,0.0,0.46620001768135083,1.742003808635498,0.003577873349523904,0.6291162071631023,0.04442179382504823,0.004486496694948161,0.028973044533345343,0.035294281276745054,0.008806215850053478,0.04386657821760592,0.07649603632033114,-0.03262945810272522,0.0,0.0,-4.636501250776526e-05,0.003916524046867487,0.0017646080487801487,-0.03081425785210845,0.004846224412303715,2025-11-14,94292164608.0,large_cap,0.0446317962835511,0.0344816294314933,0.5006094146325395,0.2614882893566558,0.1490265836545113,0.0015811839114537,0.4573823540460334,0.1629092587325523,2025-11-14,120.63129425048828,45,-0.05802293726956875,2025-12-16,0.02931027231327299,2026-02-18,,,,
DUOL,2025-09-30,,271713000.0,196911000.0,35159000.0,292195000.0,38712000.0,82707000.0,79045000.0,84239000.0,-6883000.0,77356000.0,1885638000.0,93257000.0,1307539000.0,1011542000.0,1367105000.0,484540000.0,252265000.0,,,0.07709353259469198,,,0.7247021673604134,0.12939756286964554,1.0753810086377906,0.14247386028640513,0.31002933242060554,0.28469745650741773,0.025331875913187814,0.304391030241468,0.2909135742492998,0.049456470436000974,0.07132253798930663,0.5364454895372283,2.8214492095595824,0.14409605661319935,0.0009354934262568726,-0.0028562178767917445,0.897865300949447,-0.00341637418924548,-0.049414109991143984,-0.057498250388108796,0.008084140396964794,0.012356859825437272,-0.00856514852238871,-0.01137945220942134,-0.024726615005838865,-0.09641912050361945,0.012714062131694792,-0.01944063793138534,2025-11-14,5221224448.0,low_cap,0.4084189874394899,-0.0289725875479929,0.7277560613028459,0.0836804701453429,0.1184106392308268,0.353428499620333,0.0419872661569851,0.5746392487524276,2025-11-14,185.07000732421875,45,0.009185696660529263,2025-12-16,-0.39233806325269516,2026-02-18,,,,
DXCM,2025-09-30,,1209300000.0,731400000.0,242500000.0,283800000.0,420600000.0,157500000.0,331400000.0,659900000.0,-80500000.0,579400000.0,7500000000.0,2575600000.0,2726100000.0,1835700000.0,5219500000.0,3336000000.0,1157100000.0,,,0.04511278195488733,,,0.6048127015628876,0.2005292317869842,0.23468122054080873,0.3478045150086827,0.5456875878607459,0.4791201521541388,0.06656743570660713,0.13024063507814437,0.27404283469775903,0.34341333333333335,0.9447929276255457,0.24476,1.5645983213429258,0.16124,0.00953139484782406,0.016794031717845825,0.07929274936286387,0.08093043325256827,0.28382603743295226,0.29858260138065335,-0.014756563947701057,0.0021618173441542154,-0.009424454214175981,-0.008613417041990812,-0.057616617281376015,0.08657793366998773,0.04430334144145398,0.0033172485328238077,2025-11-14,23781353472.0,mid_cap,0.1133810010214504,-0.1314811888197757,0.6045623605256633,0.148772625836846,0.1428713116786511,0.1563848251921646,0.3990130310740998,0.6219446372118128,2025-11-14,58.060001373291016,45,0.14312781909636363,2025-12-16,0.2538753243166052,2026-02-18,,,,
ECL,2025-09-30,,4165000000.0,1865600000.0,786400000.0,585000000.0,1034800000.0,,1079200000.0,791300000.0,-261600000.0,529700000.0,23897600000.0,8830000000.0,9719000000.0,1955800000.0,7106700000.0,4188200000.0,4025200000.0,,,0.034731193481069234,,,0.4479231692677071,0.18881152460984393,0.1404561824729892,0.24845138055222088,0.18998799519807924,0.12717887154861945,0.06280912364945979,0.0,0.2591116446578631,0.369493170862346,0.908529684123881,0.08184085431173005,1.6968387374050904,0.17428528387787895,0.0001441769195008047,0.0062864326889456035,0.010226628661998444,0.00553177407303973,0.015636410183670013,0.006663120778471393,0.008973289405198634,0.0,-0.0061422557694448265,-0.008304267627711304,-0.05360672779419029,0.000913149559455026,0.25529855201240426,0.004703214447477871,2025-11-14,69689556992.0,large_cap,0.0274931136669234,-0.0523219387020132,0.4346309731027736,0.1660271640387767,0.1341939090551031,0.115580570978439,0.3699648915927425,0.7031240229053324,2025-11-14,257.1678161621094,45,0.006487932952607078,2025-12-16,0.17347961136245638,2026-02-18,,,,
EL,2025-09-30,,3481000000.0,2554000000.0,258000000.0,47000000.0,395000000.0,,2296000000.0,-340000000.0,-96000000.0,-436000000.0,19329000000.0,9422000000.0,3890000000.0,2219000000.0,6714000000.0,5083000000.0,3411000000.0,,,0.02052184110231603,,,0.7336972134444125,0.07411663315139327,0.01350186727951738,0.11347313990232692,-0.09767308244757254,-0.12525136455041655,0.02757828210284401,0.0,0.6595805802930192,0.48745408453618916,2.422107969151671,0.11480159346060324,1.320873499901633,0.18009208960629106,0.013673759911724148,0.03277978178815669,0.17357222787758247,0.1583280211688177,-0.2738677467688859,-0.24076001304059538,-0.03310773372829055,0.0,-0.01910602187643251,0.011534116709927322,-0.02730988337096818,-0.03204135847987534,0.020229525660602654,0.008616119366998881,2025-11-14,29044895744.0,mid_cap,-0.0821373654536135,-0.0631555929834689,0.7397040346223649,0.0796453999720787,-0.0790869747312578,0.0467681139187491,0.4759199678262618,0.720189020711844,2025-11-14,87.57584381103516,45,0.18826698851380996,2025-12-16,0.27033809718330604,2026-02-18,,,,
ELV,2025-09-30,,50711000000.0,,,1189000000.0,,,,1135000000.0,-360000000.0,775000000.0,122749000000.0,32102000000.0,43953000000.0,8713000000.0,,,49776000000.0,,,0.018784153005464432,,,,,0.023446589497347715,,0.022381731774171285,0.01528268028632841,0.007099051487842874,0.0,0.0,0.261525552142991,0.7303710781971652,0.07098224832788862,,0.4131276018541903,,,-0.011570286105352379,,-0.018883134828207374,-0.020618155457805307,0.0017350206295979366,0.0,0.0,0.013973517502435973,0.03996350306336527,0.0007826386902038962,,0.004920152166644154,2025-11-14,85275320320.0,large_cap,0.0319248278277108,-0.0622352666836081,,,0.0338216164244103,0.0257451501611899,0.2671936623634388,1.5126316419851311,2025-11-14,322.1732482910156,45,0.08557746619225037,2025-12-16,0.06811696875610074,2026-02-18,,,,
EMR,2025-09-30,,4855000000.0,2519000000.0,982000000.0,636000000.0,1417000000.0,,1330000000.0,1010000000.0,-168000000.0,842000000.0,41964000000.0,13759000000.0,20282000000.0,1544000000.0,8583000000.0,9797000000.0,4553000000.0,,,0.0663298923786515,,,0.5188465499485067,0.20226570545829042,0.1309989701338826,0.29186405767250256,0.20803295571575695,0.1734294541709578,0.03460350154479917,0.0,0.27394438722966014,0.3278762749022972,0.6783847746770535,0.036793441997902965,0.8760845156680617,0.11569440472786198,-0.006740974760476415,0.002836757511881449,0.0022926226706715125,0.02808193599448805,-0.026976927877478296,-0.04115433673613644,0.014177408858658168,0.0,-0.004114035788130355,-0.021842661052732526,-0.06992926659119014,-0.01539744635263917,0.030762115369887932,0.008607827594009632,2025-11-14,74521305088.0,large_cap,0.153445433564128,0.0548508233062317,0.5079464898239195,0.1524125314429453,0.1125085753487308,0.1665332723530757,0.1888532296704786,0.3953351715409302,2025-11-14,126.58003997802734,45,0.05102669811083649,2025-12-16,0.18922091900000115,2026-02-18,,,,
ENPH,2025-09-30,,410427000.0,196239000.0,67446000.0,66638000.0,98067000.0,47266000.0,81527000.0,13918000.0,-8032000.0,5886000.0,3320488000.0,1209361000.0,995022000.0,401880000.0,2391787000.0,1171144000.0,363153000.0,,,0.1301765371620227,,,0.4781337485106974,0.16433129399381619,0.16236261259614987,0.23893895869423795,0.033911024372178245,0.014341161765673311,0.019569862606504933,0.11516298878972388,0.19863946572715732,0.36421182669535324,1.2154113175387078,0.12103040276007623,2.0422655113290937,0.12360442200062159,0.00865394247852913,0.05327892763583483,0.06033399105096093,0.06516922527609187,-0.039416195835282525,-0.03624357799965976,-0.0031726178356227645,-0.009911015830918121,-0.034713969326387595,-0.016058144038784805,-0.15722916883649551,0.0044652579832445555,0.07343473794314215,0.00936185981734991,2025-11-14,6970807808.0,low_cap,-0.4192460579032698,-0.4020562136702788,0.4728999092742466,0.0679849336619605,0.0771642451835298,0.3608652545920986,0.4025616707634853,0.4093894283614736,2025-11-14,28.68000030517578,45,0.110878670548755,2025-12-16,0.6052998753705963,2026-02-18,,,,
EOG,2025-09-30,,5732000000.0,3545000000.0,1809000000.0,1471000000.0,3064000000.0,,1373000000.0,3111000000.0,-1663000000.0,1448000000.0,52199000000.0,8127000000.0,30285000000.0,3530000000.0,7820000000.0,4815000000.0,5355000000.0,,,0.07040149393090567,,,0.6184577808792743,0.3155966503838102,0.2566294487090021,0.534542916957432,0.5427424982554082,0.2526168876482903,0.29012561060711795,0.0,0.2395324494068388,0.15569263778999598,0.26835066864784546,0.06762581658652464,1.624091381100727,0.10981053276882699,-0.02598666356517021,0.002057901550943708,0.005462315188927425,0.001396324987310571,0.1632840482087229,0.20798570184063392,-0.044701653631910976,0.0,-0.02227894181631715,0.05639266371688216,0.11115797420910137,-0.04506971534675684,-0.16238204885096397,-0.005888196813750135,2025-11-14,74706477056.0,large_cap,0.0084548356483478,0.222411162787911,0.6833775344340833,0.3530242107964753,0.2738899820343913,0.2468560184789118,0.1073835459670241,0.4954435637689145,2025-11-14,108.51498413085938,45,-0.07807976165266006,2025-12-16,0.11807568101750965,2026-02-18,,,,
EQIX,2025-09-30,,2316000000.0,1174000000.0,485000000.0,374000000.0,1064000000.0,,689000000.0,1014000000.0,-1136000000.0,-122000000.0,38060000000.0,20982000000.0,14157000000.0,2077000000.0,4966000000.0,3069000000.0,2256000000.0,,,0.02659574468085113,,,0.5069084628670121,0.20941278065630398,0.1614853195164076,0.459412780656304,0.4378238341968912,-0.05267702936096719,0.4905008635578584,0.0,0.2974956822107081,0.5512874408828166,1.4820936639118458,0.0545717288491855,1.6181166503747149,0.06085128744088281,-0.012595083232278648,-0.012218425017454876,-0.0016352478594789388,-0.0006936023224194399,0.019384117884834462,-0.03273022085032889,0.05211433873516336,0.0,-0.0003766582148237996,-0.011172339291705358,-0.0693831892548682,-0.03963919035079391,0.07366958600310447,0.0027802946225348527,2025-11-14,104486469632.0,large_cap,0.0683927699071813,-0.0589650712053066,0.4893689986282579,0.1856424325560128,0.0931641518061271,0.0209190672153635,0.5404303833547099,0.2493373236425823,2025-11-14,776.6087646484375,45,-0.02906029711823943,2025-12-16,0.18364607930959842,2026-02-18,,,,
ETN,2025-09-30,,6988000000.0,2675000000.0,1367000000.0,1010000000.0,1600000000.0,203000000.0,1105000000.0,1351000000.0,-178000000.0,1173000000.0,40650000000.0,11221000000.0,18843000000.0,328000000.0,12131000000.0,9474000000.0,7028000000.0,,,-0.00569151963574277,,,0.3827990841442473,0.19562106468231252,0.14453348597595878,0.2289639381797367,0.19333142530051517,0.16785918717801945,0.025472238122495706,0.029049799656554093,0.15812821980538067,0.27603936039360394,0.5954996550443136,0.008068880688806889,1.2804517627190204,0.17190651906519064,0.013277171793649678,0.016907348119990395,0.004806678918474416,0.012970768003299604,0.0627110496602192,0.06598098569822435,-0.0032699360380051487,0.0017305054049889246,-0.005360681731329642,-0.009911216049973692,-0.027041460724793187,-0.0017565815769743347,0.04040590072193884,-0.0015943573265441158,2025-11-14,155102560256.0,large_cap,0.0725125021555441,-0.0452592788776091,0.38198408232173,0.1861886003698046,0.1525042205965109,0.141450277353485,0.2558818165238008,0.6481853000182382,2025-11-14,350.32647705078125,45,-0.06373623654971672,2025-12-16,0.07942908304875362,2026-02-18,,,,
EXC,2025-09-30,,6705000000.0,2841000000.0,1500000000.0,875000000.0,2480000000.0,,,2299000000.0,-2136000000.0,163000000.0,113539000000.0,49921000000.0,28113000000.0,1533000000.0,9229000000.0,9825000000.0,5427000000.0,,,0.23548922056384747,,,0.4237136465324385,0.22371364653243847,0.13049962714392244,0.3698732289336316,0.3428784489187174,0.02431021625652498,0.3185682326621924,0.0,0.0,0.4396815191255868,1.775726532209298,0.013501968486599318,0.9393384223918575,0.05905459797954888,0.016490502990887,0.053269570615725736,0.05845245559426332,0.02087746700254628,0.06445574761044393,0.11681067691618961,-0.052354929305745646,0.0,0.0,0.00022746278578456014,0.007297857336017843,0.0069880724750110606,-0.008236938027539664,0.010227369174452924,2025-11-14,44386770944.0,mid_cap,0.0598794127122934,-0.0789716198907046,0.4084158415841584,0.1870331770019107,0.1068264721208963,-0.0663540038214347,0.4328007867587026,0.2136495212647517,2025-11-14,45.54996871948242,45,-0.04745319162246686,2025-12-16,0.028297870861479835,2026-02-18,,,,
FCX,2025-09-30,,6972000000.0,2142000000.0,1956000000.0,674000000.0,2656000000.0,,131000000.0,1664000000.0,-1056000000.0,608000000.0,56828000000.0,9298000000.0,18685000000.0,4318000000.0,13564000000.0,5526000000.0,7582000000.0,,,-0.08045370614613556,,,0.3072289156626506,0.28055077452667815,0.09667240390131956,0.38095238095238093,0.23866896156052783,0.08720596672403902,0.1514629948364888,0.0,0.018789443488238668,0.16361652706412333,0.4976184104896976,0.07598367002182023,2.4545783568584874,0.12268599985922432,-0.03990904265969181,-0.04020891948545585,-0.00514769633608482,-0.03331826003944183,-0.05083248924400921,-0.03598052760463416,-0.014851961639375078,0.0,0.0020392456512563426,-0.0001411731412154782,-0.010454963851251386,-0.0034966103718638286,-0.010798609332074882,-0.011527694115143733,2025-11-14,90580639744.0,large_cap,0.1137606650623495,0.1104683033415416,0.3009231978000393,0.2696523276370065,0.0742093891180514,0.0923983500294637,0.1775452158693115,0.4641007876312719,2025-11-14,39.972164154052734,45,0.18376492811970602,2025-12-16,0.5614007512361308,2026-02-18,,,,
GD,2025-09-30,,12907000000.0,1968000000.0,1331000000.0,1059000000.0,1557000000.0,,637000000.0,2109000000.0,-212000000.0,1897000000.0,57599000000.0,9876000000.0,24434000000.0,2520000000.0,25852000000.0,18464000000.0,13041000000.0,,,-0.010275285637604492,,,0.15247540094522352,0.10312233671651042,0.08204850081351205,0.12063221507708995,0.16339970558611605,0.1469745099558379,0.016425195630278142,0.0,0.0493530642287131,0.1714613100921891,0.4041908815584841,0.04375075956179795,1.4001299826689775,0.2240837514540183,0.0030236717833494187,0.00305332360401904,0.0042937274065647235,0.003463286313958286,0.04086309029587758,0.03962077941370157,0.0012423108821760023,0.0,-2.9651820669614193e-05,-0.015203715923842398,-0.04614838900979412,0.01697885687581848,0.036290818405415814,-0.005156158544575434,2025-11-14,90458890240.0,large_cap,0.1287850113550341,0.05608219205897,0.1543297845586386,0.1005113588733338,0.0792606253667533,0.0669796294743901,0.1910522548317824,0.8539012168933429,2025-11-14,341.2643127441406,45,-0.01963693608675443,2025-12-16,0.019368660937680637,2026-02-18,,,,
GE,2025-09-30,,12181000000.0,3919000000.0,2309000000.0,2157000000.0,3043000000.0,415000000.0,1195000000.0,2501000000.0,-307000000.0,2194000000.0,128243000000.0,20838000000.0,18812000000.0,12501000000.0,40075000000.0,37201000000.0,11022000000.0,,,0.10515332970422797,,,0.321730563993104,0.1895575075937936,0.17707905754864134,0.24981528610130532,0.20531976028240703,0.18011657499384287,0.025203185288564158,0.034069452425909204,0.0981036039734012,0.16248840092636635,1.1076972145439081,0.09747900470201103,1.077255987742265,0.0949837418026715,0.006179847244782488,-0.0008797996099806638,-0.006916587524848056,-0.009484296551570737,0.0015454906398739143,0.006010242204875338,-0.0044647515650014374,0.0014982312319335167,0.005561415622829621,0.011701213087061235,0.12065775805057133,0.010768587636161883,0.04064654332829032,0.0069879571696000314,2025-11-14,294150897664.0,large_cap,0.0948851420165215,-0.1181969815978785,0.3091571495013178,0.1746938142731642,0.1693969303911942,0.0950338483799286,0.156512912132532,0.3142926750040604,2025-11-14,304.0289306640625,45,-0.019978981010637997,2025-12-16,0.08246470235143666,2026-02-18,,,,
GILD,2025-09-30,,7769000000.0,6200000000.0,3497000000.0,3052000000.0,4583000000.0,1346000000.0,1357000000.0,4108000000.0,-147000000.0,3961000000.0,58533000000.0,24941000000.0,21540000000.0,7330000000.0,17874000000.0,12297000000.0,7081000000.0,,,0.0971614178788307,,,0.7980435062427597,0.45012228085982753,0.3928433517827262,0.5899086111468658,0.528768181233106,0.5098468271334792,0.01892135409962672,0.17325267087141202,0.17466855451152014,0.426101515384484,1.1578922934076137,0.12522850357917756,1.4535252500609905,0.13272854629012693,0.010019215888289912,0.06543085309538749,0.11604628922094118,0.1134222391655072,0.411976767590965,0.4081662735393541,0.003810494051610904,-0.03731080886308874,-0.01810082834400875,-0.02159324960537623,-0.11001113734206869,0.032911423842632986,0.13812619742000387,0.005648989211108235,2025-11-14,160882638848.0,large_cap,0.0604071396961203,0.0664553050859521,0.7826041594212979,0.3685052514432774,0.0166933296237045,0.3583849203589065,0.4527671836596322,0.4873972370539876,2025-11-14,123.49832916259766,45,-0.04363689694303019,2025-12-16,0.2297938620906812,2026-02-18,,,,
GOOGL,2025-09-30,,102346000000.0,60977000000.0,31228000000.0,34979000000.0,49741000000.0,15151000000.0,14598000000.0,48414000000.0,-23953000000.0,24461000000.0,536469000000.0,,386867000000.0,23090000000.0,173947000000.0,99550000000.0,96428000000.0,,,0.06137221553905503,,,0.5957927031833193,0.30512184159615424,0.34177202821800556,0.48600824653625935,0.4730424247161589,0.2390029898579329,0.234039434858226,0.14803705078850174,0.14263381079866336,,,0.043040697598556485,1.7473329984932195,0.19077709988834396,0.0006439911909519314,-0.019171931996578184,0.04936733248647529,0.0795702824594352,0.1852940528739554,0.18402933075476785,0.0012647221191875446,0.004842128151923142,0.014973795035606974,,,0.001140738829263202,-0.15641227696205484,-0.0012902714847979335,2025-11-14,4807165739008.0,large_cap,0.1386624332290156,0.0518347309563205,0.5820043540617911,0.3210977721145769,0.28603671811164,0.20788645155392,0.0501359226751003,0.7773755374720159,2025-11-14,276.0350036621094,45,0.10983873615758344,2025-12-16,0.09810931093745068,2026-02-18,,,,
GS,2025-09-30,,15184000000.0,,,4098000000.0,,,4851000000.0,2680000000.0,-558000000.0,2122000000.0,1807982000000.0,376267000000.0,124402000000.0,169577000000.0,,,14583000000.0,,,0.04121237056847016,,,,,0.26988935721812435,,0.17650158061116966,0.13975237091675446,0.036749209694415176,0.0,0.31948103266596417,0.2081143506959693,3.024605713734506,0.09379352228064218,,0.008398313700025774,,,0.01459209328066291,,-0.2124444524410144,-0.2165529160612336,0.004108463620219195,0.0,-0.013235143703781427,-0.0008352960565120582,0.019053560562767746,0.008098156038791299,,0.0002286069926646355,2025-11-14,279805689856.0,large_cap,0.1569161586024992,0.1803722971013908,,,0.2667812827029451,-0.2859732396471819,0.2043918394818052,0.0319289343736052,2025-11-14,782.8882446289062,45,0.11707832037521948,2025-12-16,0.1864295347545042,2026-02-18,,,,
HCA,2025-09-30,,19161000000.0,8015000000.0,2965000000.0,1643000000.0,3868000000.0,,,4416000000.0,-1288000000.0,3128000000.0,59747000000.0,46349000000.0,-5335000000.0,997000000.0,15285000000.0,17896000000.0,18605000000.0,,,0.029884439666756357,,,0.41829758363342207,0.15474140180575127,0.08574709044413131,0.20186837847711497,0.23046813840613747,0.16324826470434736,0.0672198737017901,0.0,0.0,0.7757544311848293,8.68772258669166,0.01668703031114533,0.8541014751899866,0.3207022946758833,0.008569016044064348,-0.004731858070626038,-0.003099993673041493,-0.004850245548684545,0.004184881217209779,0.00017382235014151703,0.0040110588670682484,0.0,0.0,-0.0030012796455926027,-1.8639387697034238,0.0009150604105809673,-0.12230858817659851,0.008202294675883293,2025-11-14,93838237696.0,large_cap,0.0867350080039404,0.0081236155778616,0.4061867059473393,0.1493845870572072,0.08158293556931,0.0798691273741909,0.760119637726211,1.1863458404046174,2025-11-14,471.2470703125,45,-0.004572516821847006,2025-12-16,0.13364185474462076,2026-02-18,,,,
HON,2025-09-30,,10408000000.0,3547000000.0,1754000000.0,1825000000.0,2973000000.0,497000000.0,1296000000.0,3288000000.0,-374000000.0,2914000000.0,80917000000.0,37037000000.0,16782000000.0,12930000000.0,30747000000.0,22639000000.0,10352000000.0,,,0.005409582689335446,,,0.3407955418908532,0.16852421214450422,0.17534588777863183,0.2856456571867794,0.3159108378170638,0.2799769408147579,0.03593389700230592,0.04775172943889316,0.1245196003074558,0.4577159311393156,2.206947920390895,0.15979336851341497,1.3581430275188833,0.12862562873067465,-0.047825014523366294,-0.03568753437790692,0.023684373095478828,0.029270077588634147,0.18849584554503906,0.1877242360234132,0.00077160952162586,0.0012872781251373616,-0.013424758270596734,-0.007885517489205573,-0.06158267917418714,0.027822800156256627,0.06451242480830466,-0.003383195661373184,2025-11-14,135120191488.0,large_cap,0.0517434639037839,0.1210210819041223,0.3847394648155082,0.1920672869199527,0.1643287150387418,0.1505314399285652,0.4265785414117772,0.4616867918506303,2025-11-14,196.97415161132812,45,-0.003918769828377244,2025-12-16,0.21151542137833923,2026-02-18,,,,
IBM,2025-09-30,,16331000000.0,9360000000.0,2792000000.0,1744000000.0,4205000000.0,2082000000.0,4376000000.0,3082000000.0,-417000000.0,2665000000.0,146312000000.0,66569000000.0,27905000000.0,11569000000.0,32740000000.0,35142000000.0,16977000000.0,,,-0.03805148141603343,,,0.5731431020758068,0.17096319882432184,0.1067907660277999,0.2574857632723042,0.18872083767068765,0.16318657767436165,0.025534259996326004,0.12748760026942624,0.2679566468679199,0.45497976926021105,2.3855581437018456,0.0790707529115862,0.9316487394001479,0.11161763901798895,-0.014534343880487022,-0.010812144286946351,-0.022442903053898886,-3.912333899341869e-05,0.08852645703806704,0.08496309885006996,0.0035633581879970892,0.003967543722333114,-0.00718030312324458,-0.000779560416405034,-0.07614529880787835,-0.001307481768899707,0.023707266675766836,-0.0026401931992604405,2025-11-14,206116847616.0,large_cap,0.0144358228257355,-0.0075367527566203,0.566522716045448,0.1605341577295109,0.0959794750848565,0.1874013991362962,0.4257043921997449,0.4574667395662475,2025-11-14,301.7362365722656,45,-0.008211044216045793,2025-12-16,-0.14201682907546076,2026-02-18,,,,
ICE,2025-09-30,,3007000000.0,1709000000.0,1183000000.0,816000000.0,1660000000.0,,139000000.0,915000000.0,-169000000.0,746000000.0,140901000000.0,19509000000.0,28644000000.0,850000000.0,90846000000.0,89780000000.0,3262000000.0,,,-0.07817290006131206,,,0.5683405387429331,0.3934153641503159,0.27136681077485864,0.5520452278017958,0.304289990023279,0.24808779514466245,0.05620219487861656,0.0,0.046225473894246756,0.13845891796367663,0.6810850439882697,0.006032604452771804,1.011873468478503,0.021341225399393902,0.0076415810482672875,-0.007259068712958172,0.010483916844754415,0.022308869739257497,-0.1573899609270582,-0.16239657027532528,0.005006609348267077,0.0,0.007292304059789367,0.0020552418755892254,-0.010308571536972844,-0.0009242188522394675,0.0062443683853981025,-0.001284056376226004,2025-11-14,87292510208.0,large_cap,0.187619913157629,0.1599113203805431,0.554544681574696,0.3752231953065215,0.2341637615848992,0.3279483037156704,0.1484852396936053,0.0843517801302464,2025-11-14,151.12954711914062,45,0.05561513610177915,2025-12-16,0.023560880761792857,2026-02-18,,,,
INTC,2025-09-30,,13653000000.0,5218000000.0,858000000.0,4063000000.0,7848000000.0,3231000000.0,1129000000.0,2546000000.0,-2425000000.0,121000000.0,204514000000.0,46553000000.0,106376000000.0,11141000000.0,51731000000.0,32297000000.0,12859000000.0,,,0.06174663659693591,,,0.3821870651138944,0.06284333113601406,0.2975902732000293,0.5748187211601846,0.18647916208891818,0.008862521057643008,0.17761664103127517,0.23665128543177325,0.08269244854610708,0.2276274484876341,0.43762690832518614,0.054475488230634576,1.6017277146484195,0.06675826593778421,0.1067379633174872,0.1628511077904973,0.5245130510210108,0.5381906785441181,0.027057745182471338,0.12551233830626266,-0.09845459312379135,-0.04984066573083659,-0.006272478742173501,-0.03601788706191916,-0.08092074550642914,0.004387185716610058,0.3612369521934633,-3.479452346656642e-05,2025-11-14,546677981184.0,large_cap,-0.0207826215239359,0.1191926377776151,0.3266416828308318,-0.0886612304853016,-0.3532136871245362,-0.2948343722340446,0.2545283354963483,0.2702547268239306,2025-11-14,35.52000045776367,45,0.05039416926967122,2025-12-16,0.27984230007340494,2026-02-18,,,,
ISRG,2025-09-30,,2505100000.0,1662400000.0,759700000.0,704400000.0,919700000.0,329400000.0,573300000.0,841000000.0,-105400000.0,735600000.0,19351800000.0,,16929700000.0,2806600000.0,8525300000.0,1803200000.0,2440000000.0,,,0.02668032786885255,,,0.663606243263742,0.30326134685242107,0.28118637978523814,0.3671310526525887,0.33571514111213124,0.2936409724162708,0.04207416869586045,0.13149175681609518,0.22885313959522574,,,0.14503043644518857,4.727872670807454,0.12945049039365847,0.0005324727719386857,-0.0014107842951199268,0.01135031421146765,0.0023769542919329645,0.04251841980065585,0.06409179208840193,-0.021573372287746112,0.0030901174718328817,-0.0011468604047742692,,,-0.0237473369241179,-0.4392666414931492,0.008437952701228699,2025-11-14,149145059328.0,large_cap,0.1723726505804241,0.027423918620667,0.6745848349516887,0.2812346595467008,0.2780857508889979,0.1561044527723566,,0.445606940116949,2025-11-14,549.510009765625,45,0.009226414868004351,2025-12-16,-0.08871539941700546,2026-02-18,,,,
ITW,2025-09-30,,4059000000.0,1806000000.0,1112000000.0,821000000.0,1224000000.0,,676000000.0,1021000000.0,-117000000.0,904000000.0,16135000000.0,8942000000.0,3208000000.0,924000000.0,6320000000.0,4132000000.0,4053000000.0,,,0.001480384900073961,,,0.4449371766444937,0.2739591032273959,0.20226656812022667,0.30155210643015523,0.251539788125154,0.2227149544222715,0.028824833702882482,0.0,0.16654348361665436,0.5541989463898358,2.7874064837905235,0.05726681127982646,1.5295256534365924,0.25156492097923766,0.005262861322510026,0.010450591014220467,0.01598480152757925,0.012630320099042469,0.11583783895170222,0.11193281773339905,0.0039050212183031584,0.0,-0.004440972341894861,-0.0026928781365849197,0.003294334257813336,0.008164119355599145,-0.055927042392502235,-0.0009899145142817645,2025-11-14,71257530368.0,large_cap,-0.0129757248401316,-0.023959907616933,0.4428229966033463,0.2682098377154359,0.2193986664989307,0.1788904264687382,0.536138581004845,1.055153647043207,2025-11-14,240.8806610107422,45,0.027421402850753118,2025-12-16,0.22176183165778296,2026-02-18,,,,
JNJ,2025-09-30,,23993000000.0,16690000000.0,7096000000.0,5152000000.0,9515000000.0,3672000000.0,5922000000.0,9169000000.0,-1173000000.0,7996000000.0,192816000000.0,45795000000.0,79277000000.0,18231000000.0,54611000000.0,50869000000.0,23743000000.0,,,0.010529419197237155,,,0.6956195557037469,0.29575292793731506,0.2147292960446797,0.3965740007502188,0.3821531279956654,0.33326386862834995,0.04888925936731547,0.15304463801942234,0.24682198974700956,0.23750622354991288,0.5776580849426693,0.09455128205128205,1.073561501110696,0.12443469421624762,0.0168931942498447,0.013143316683471795,-0.01847628033572718,0.028381270261232605,0.21882077740812383,0.2288120301917581,-0.009991252783634288,0.0049588864294800306,-0.0012090088631070972,-0.024975096483801557,-0.06920134441519898,-0.00150899024962442,0.06769217663672045,0.0016614237613613442,2025-11-14,545740161024.0,large_cap,0.0430019140666282,-0.0216186635055681,0.6907150336069173,0.2392339649407234,0.1583634500850024,0.2033190349129147,0.2034046995069515,0.4931650601874472,2025-11-14,193.664306640625,45,0.07502113144800693,2025-12-16,0.2583346307401586,2026-02-18,,,,
JPM,2025-09-30,,46430000000.0,,,14393000000.0,,,15046000000.0,-45214000000.0,,-45214000000.0,4560205000000.0,496558000000.0,360212000000.0,303436000000.0,,,44882000000.0,,,0.03449044160242409,,,,,0.3099935386603489,,-0.973810036614258,-0.973810036614258,,0.0,0.32405772130088306,0.10888940299833012,1.3785159850310373,0.06653999107496264,,0.01018155982022738,,,-0.023926518378107497,,-1.6321363144093652,-1.6321363144093652,,0.0,-0.009906897031633333,0.002333243083804379,0.01941712925221606,-0.025789204295826304,,0.0003227619161390166,2025-11-14,797985275904.0,large_cap,0.0934934689452218,-0.1196564523713361,,,0.3450858421024675,-0.2479476389733178,0.1134979042243781,0.0423299708654961,2025-11-14,300.70770263671875,45,0.039326681950436315,2025-12-16,0.02161597955668948,2026-02-18,,,,
KKR,2025-09-30,,5464926000.0,1347620000.0,512719000.0,900357000.0,2994539000.0,,834901000.0,2389609000.0,-38722000.0,2350887000.0,398480928000.0,54448981000.0,29749202000.0,22681857000.0,241260683000.0,57387778000.0,5002879000.0,,,0.09235622128778243,,,0.24659437291557104,0.09381993461576607,0.16475191063886319,0.5479560016000217,0.4372628284445206,0.4301772796191568,0.007085548825363784,0.0,0.15277443829980497,0.1366413727083069,1.8302669429586715,0.056920809519897524,4.204042940989979,0.01371439789459635,0.03616014094633893,0.028404600764997345,0.06278602259719758,0.08682372156686474,0.3495621265086952,0.3559410248546502,-0.006378898345954971,0.0,0.007755540181341586,-0.001160138159618851,-0.02960410454585105,0.010121813586473703,1.502802347339466,0.0005789162871873612,2025-11-14,90418855936.0,large_cap,0.5108904849377254,-1.0628248559321598,0.1775334967815585,0.0427996614462801,0.1421536071978339,0.3007511729973279,0.1411178092707294,0.0600953162903118,2025-11-14,119.28318786621094,45,0.11396007569323752,2025-12-16,-0.13317958544226605,2026-02-18,,,,
KLAC,2025-09-30,,3209696000.0,1966626000.0,1337177000.0,1121040000.0,1477567000.0,360461000.0,268988000.0,1161591000.0,-95894000.0,1065697000.0,16317974000.0,6088119000.0,4985071000.0,1946211000.0,10901160000.0,4049970000.0,3174741000.0,,,0.011010346985785624,,,0.6127141012731424,0.4166054978415401,0.34926672183284646,0.46034484262684067,0.36190062859535604,0.3320242789348275,0.029876349660528597,0.11230378204041754,0.08380482139118471,0.3730928239008102,1.2212702687684889,0.11926793117822101,2.691664382699131,0.19669696740538992,-0.007007318521417227,-0.009180416662981694,-0.029614264049151462,-0.011560109619657533,-0.005055604999762431,-0.002643336470649682,-0.0024122685291126968,0.001117074211337929,0.0010560239302264823,-0.005816190243267849,-0.07619227374392423,-0.010114541705958324,0.07313139217953779,-0.0008855332857384823,2025-11-14,235693834240.0,large_cap,0.2388764775285417,0.3040256154523485,0.6090980853989936,0.4124843844627934,0.3341221513829776,0.3078022487689782,0.378909014144078,0.7565482937872628,2025-11-14,1130.9503173828125,45,0.08031489263870717,2025-12-16,0.3088992735364007,2026-02-18,,,,
KMB,2025-09-30,,4150000000.0,1493000000.0,621000000.0,446000000.0,787000000.0,,855000000.0,708000000.0,-340000000.0,368000000.0,16888000000.0,7304000000.0,1332000000.0,617000000.0,5474000000.0,7077000000.0,4163000000.0,,,-0.003122748018256072,,,0.3597590361445783,0.14963855421686748,0.10746987951807228,0.18963855421686748,0.17060240963855422,0.08867469879518072,0.0819277108433735,0.0,0.20602409638554217,0.4324964471814306,5.483483483483483,0.036534817621980104,0.7734915924826904,0.24573661771672192,0.010011258099899,0.007433413693206659,-0.014797715965953653,-0.003010977370929785,-0.014360357596612722,-0.04896642539410584,0.034606067797493124,0.0,-0.0012783297494566304,0.0007392472529826888,-0.21360542288945172,-0.0012685334006184296,-0.0014351959708028827,-0.0024894868685741145,2025-11-14,31836399616.0,mid_cap,-0.0198880205295696,0.1302482867814588,0.3742338589705445,0.1664385599523951,0.1514430229098482,0.1495388277298423,0.4553366372537169,1.0156533301099964,2025-11-14,101.51713562011719,45,-0.002248074447916748,2025-12-16,0.06936744732886257,2026-02-18,,,,
KO,2025-09-30,,12455000000.0,7658000000.0,4012000000.0,3696000000.0,4842000000.0,,3618000000.0,5043000000.0,-479000000.0,4564000000.0,106045000000.0,47416000000.0,31247000000.0,12732000000.0,27247000000.0,22499000000.0,12535000000.0,,,-0.0063821300358994915,,,0.6148534725010036,0.3221196306704135,0.2967482938578884,0.38875953432356486,0.4048976314733039,0.3664391810517864,0.038458450421517465,0.0,0.2904857486953031,0.4471309349804328,1.5174576759368898,0.12006223772926587,1.2110316014045068,0.11745013909189495,-0.009079515133619376,-0.022435614642709767,-0.007200649101824386,-0.051607438153499385,0.10086891188814234,0.09767172991496947,0.0031971819731728274,0.0,0.013660858388163055,-0.026793901840132084,-0.2123306745966067,0.028145011156657018,-0.001554982627574919,-0.0026940147232929618,2025-11-14,347726643200.0,large_cap,0.0285658084539057,-0.0353817313098372,0.6106330082233696,0.2979537196404666,0.225898302203523,0.10074159070143,0.4427890879073884,0.4680404578862047,2025-11-14,70.18110656738281,45,-0.004155878095981835,2025-12-16,0.12490615601333133,2026-02-18,,,,
LIN,2025-09-30,,8615000000.0,4236000000.0,2342000000.0,1929000000.0,3385000000.0,36000000.0,897000000.0,2948000000.0,-1276000000.0,1672000000.0,85993000000.0,25925000000.0,38616000000.0,4509000000.0,13331000000.0,16192000000.0,8495000000.0,,,0.014125956444967613,,,0.49170052234474754,0.2718514219384794,0.22391178177597215,0.3929193267556587,0.34219384793964014,0.19408009286128844,0.1481137550783517,0.004178757980266976,0.10412071967498548,0.30147802728129036,0.6713538429666459,0.05243450048259742,0.8233078063241107,0.10018257300012792,-0.0014130738883307292,-0.0034870124346813025,0.016024789427531883,-0.002018872184894549,0.08192310044111162,0.0817787391237958,0.00014436131731579427,-0.0002944615606394396,0.0017075354489701766,0.0003557893110773258,-0.0016307085068060223,-0.003166233735205033,-0.10281697279781399,0.0014930123690723718,2025-11-14,233998581760.0,large_cap,0.0045960918000851,0.0198820287381021,0.480593849416755,0.2604150886229359,0.198909256173307,0.1492501136191486,0.2820941519957078,0.41180580682995,2025-11-14,420.42425537109375,45,0.003967346623537926,2025-12-16,0.15039848402296618,2026-02-18,,,,
LLY,2025-09-30,,17600800000.0,14592500000.0,8386100000.0,5582500000.0,7882000000.0,3465700000.0,2740700000.0,8835900000.0,-2808200000.0,6027700000.0,114935400000.0,42506600000.0,23793300000.0,9791900000.0,62071300000.0,40140900000.0,15557700000.0,,,0.1313240389003516,,,0.8290816326530612,0.476461297213763,0.3171730830416799,0.4478205536111995,0.5020169537748285,0.342467387846007,0.1595495659288214,0.19690582246261534,0.15571451297668287,0.3698303568787336,1.786494517364132,0.08519481378235078,1.546335533084709,0.15313645752309557,-0.01358148593130537,0.02518636582930389,-0.04666604484997505,-0.034493670213658956,0.30362644618051826,0.25999375742505787,0.04363268875546031,-0.017528187705982856,-0.021239664054626378,-0.025559773775847228,-0.39727488979072567,0.051744427050340304,0.2686797728187935,-0.0010183105863268982,2025-11-14,896128712704.0,large_cap,0.3199800726761224,0.1243835006789533,0.8131119152809537,0.3783051750549475,0.2351086739337965,0.0091912172812645,0.4274153592072667,0.572228927142222,2025-11-14,1021.8126831054688,45,0.028294742028120767,2025-12-16,-0.0029422904767880675,2026-02-18,,,,
LMT,2025-09-30,,18609000000.0,2240000000.0,2280000000.0,1619000000.0,2652000000.0,,,3728000000.0,-381000000.0,3347000000.0,60276000000.0,22189000000.0,6181000000.0,3470000000.0,25936000000.0,22974000000.0,18155000000.0,,,0.025006885155604452,,,0.12037186307700574,0.12252136063195228,0.08700091353646085,0.142511687892955,0.2003331721210167,0.179859207910151,0.02047396421086571,0.0,0.0,0.3681232994890172,3.589872188966187,0.05756851814984405,1.1289283537912422,0.30872984272347204,0.0799422293672839,0.08132058949452457,0.06816312780250326,0.08247313102156972,0.1892618419089539,0.188121394635571,0.0011404472733829232,0.0,-0.005453043238777196,0.0005676684375478525,-0.46674573379346773,0.03560486943233089,0.14395668589274502,0.00033847190641750347,2025-11-14,118973136896.0,large_cap,0.0513829897441209,0.0273317045840821,0.0975465563109665,0.0987148628295539,0.0751094407612291,0.074419717635798,0.3644569106568135,1.277361238470252,2025-11-14,459.83697509765625,45,0.03201572769943706,2025-12-16,0.4057229330250762,2026-02-18,,,,
LRCX,2025-09-30,,5324173000.0,2684879000.0,1829088000.0,1568660000.0,2003278000.0,576446000.0,279345000.0,1778964000.0,-185121000.0,1593843000.0,21900211000.0,4483943000.0,10192752000.0,6693046000.0,14806714000.0,6707910000.0,5171393000.0,,,0.029543297134833946,,,0.5042809465432472,0.34354405839179153,0.2946297950874249,0.3762608765718169,0.3341296385372902,0.2993597315489185,0.034769906988371714,0.10826958477870648,0.05246730337274916,0.20474428305736414,0.4399148532211909,0.30561559429724217,2.2073513210523097,0.2431105800761463,0.0035050434161787436,0.006859532578340488,-0.03798619445349766,0.004950090483813119,-0.15977751568595294,-0.16125059143368986,0.0014730757477369391,-0.003920302936267037,0.0005658137741052366,-0.005349433299335182,-0.014828429803634968,0.006220834055389868,-0.00276678184145851,0.0008369792860880021,2025-11-14,356062593024.0,large_cap,0.2368408976459919,0.3816111121611003,0.4870502388559173,0.3200856430368844,0.2906452524358996,0.2936753153180714,0.2100937163566993,0.8636854739647116,2025-11-14,147.8391876220703,45,0.10298645166078035,2025-12-16,0.6220509085294355,2026-02-18,,,,
MA,2025-09-30,,8602000000.0,6709000000.0,5170000000.0,3927000000.0,5475000000.0,,1249000000.0,5663000000.0,-359000000.0,5304000000.0,53289000000.0,18983000000.0,7904000000.0,10313000000.0,23223000000.0,20693000000.0,8133000000.0,,,0.05766629779909005,,,0.7799348988607301,0.6010230179028133,0.45652173913043476,0.6364798883980469,0.6583352708672402,0.616600790513834,0.041734480353406184,0.0,0.14519879097884214,0.35622736399632193,2.4016953441295548,0.1935296214978701,1.1222635673899386,0.16142168177297378,0.0076491494447704644,-0.0031820724697428915,0.0014621055388941429,0.0035031270553689264,0.0923694525959996,0.07633274674154822,0.01603670585445131,0.0,0.011668728271354123,-0.012616329495929834,-0.013941991920362273,0.01793513568192251,-0.04122374145445673,0.003287482554603538,2025-11-14,436667154432.0,large_cap,0.1222806598135308,-0.0063787816578906,0.7630915610466148,0.5796499449710655,0.4570596797671033,0.4823374871303298,0.3790686549780578,0.5858239221314032,2025-11-14,543.9766845703125,45,0.0371796330418106,2025-12-16,-0.03107204095275473,2026-02-18,,,,
MCD,2025-09-30,,7077000000.0,4104000000.0,3319000000.0,2278000000.0,3914000000.0,,664000000.0,3428000000.0,-1011000000.0,2417000000.0,60608000000.0,55818000000.0,-2163000000.0,2413000000.0,6079000000.0,6079000000.0,6843000000.0,,,0.034195528277071396,,,0.5799067401441289,0.46898403278225237,0.32188780556733076,0.553059205878197,0.4843860392821817,0.34152889642503886,0.14285714285714285,0.0,0.09382506711883566,0.9209675290390708,25.805825242718445,0.03981322597676874,1.0,0.11676676346356916,0.0009209152135428722,-0.007561342053346076,-0.007353755151652153,-0.0015221181025132369,0.19240883630103311,0.15827593719663027,0.03413289910440283,0.0,0.006874899063888995,-0.017106520159149374,5.564158576051778,0.008312932130744057,-0.30316426244765005,0.0018645722117850982,2025-11-14,196376723456.0,large_cap,0.0166699352814276,-0.0831057527523917,0.5675154320987654,0.4572145061728395,0.3172453703703703,0.2574074074074074,0.9413939328041752,0.4697183864303577,2025-11-14,303.5031433105469,45,0.03047663941295853,2025-12-16,0.07434970328875523,2026-02-18,,,,
MDLZ,2025-09-30,,9744000000.0,2612000000.0,785000000.0,743000000.0,1195000000.0,,1795000000.0,717000000.0,-299000000.0,418000000.0,71358000000.0,21933000000.0,26177000000.0,1367000000.0,13147000000.0,21512000000.0,8984000000.0,,,0.0845948352626893,,,0.2680623973727422,0.0805623973727422,0.07625205254515599,0.12263957307060755,0.07358374384236453,0.04289819376026273,0.030685550082101807,0.0,0.1842159277504105,0.3073656772891617,0.8378729418955572,0.019156927043919393,0.6111472666418744,0.13655091230135374,-0.05885211732004497,-0.05011436130935931,0.004902987540703632,-0.027071023545599038,0.039300573762222055,0.04256426677896264,-0.0032636930167405827,0.0,-0.007792086497140693,0.004563649691301963,0.016852058453416086,-0.002020206157995561,-0.030104053581431978,0.010051334717574523,2025-11-14,77583794176.0,large_cap,0.011800310972901,-0.1317099760476729,0.3912351472242803,0.1828983836887023,0.1265333004033917,0.096676820065311,0.2682161262537045,0.5320087011109975,2025-11-14,55.85768508911133,45,-0.050826630531395134,2025-12-16,0.0663581318736628,2026-02-18,,,,
META,2025-09-30,,51242000000.0,42036000000.0,20535000000.0,2709000000.0,26853000000.0,15144000000.0,6357000000.0,29999000000.0,-18829000000.0,11170000000.0,303844000000.0,51060000000.0,194066000000.0,10187000000.0,73118000000.0,36958000000.0,47516000000.0,,,0.07841569155652839,,,0.820342687639046,0.4007454822216151,0.05286678896217946,0.5240427774091565,0.5854377268646813,0.21798524647749892,0.36745248038718237,0.2955388158151516,0.12405838960227938,0.16804676083779835,0.2631063658755269,0.03352707310330301,1.9784079225066291,0.16864575242558683,-0.0009596105342009054,-0.029446453126478145,-0.3330453248521147,-0.004558114921847767,0.047492613639662395,0.028091316011971512,0.019401297627690828,0.023167404080157106,0.005319438512120286,-9.91556185162834e-05,0.00904372169651424,-0.0072031877332195335,0.005133562501267841,0.007434667551933755,2025-11-14,1559175626752.0,large_cap,0.2194111280781605,0.062536444305896,0.8166515705071702,0.4217603540404009,0.3790858414234564,0.3287031689776962,0.1777188521086454,0.5959015265129286,2025-11-14,608.4424438476562,45,0.07912900762294384,2025-12-16,0.0562539567513225,2026-02-18,,,,
MMM,2025-09-30,,6517000000.0,2725000000.0,1608000000.0,834000000.0,1677000000.0,297000000.0,820000000.0,1756000000.0,-218000000.0,1538000000.0,37611000000.0,13156000000.0,4628000000.0,4671000000.0,16089000000.0,8733000000.0,6344000000.0,,,0.02726986128625475,,,0.4181371796839036,0.24673929722264845,0.1279729937087617,0.25732699094675465,0.26944913303667334,0.23599815866196103,0.03345097437471229,0.04557311646463096,0.1258247659966242,0.3497912844646513,2.842696629213483,0.12419239052404882,1.8423222260391618,0.17327377628885166,-0.007146552976878218,0.06656905762617935,0.014007041628055522,0.02876456976138264,0.41982744325104915,0.4191633541222385,0.0006640891288106493,0.0001758907395363815,-0.07389150134259395,-0.011523833069371714,-0.35683717032031614,0.026479894801602843,0.12267570964571917,0.006278067004585164,2025-11-14,76263563264.0,large_cap,-0.00142218610321,0.0578645384103788,0.4121261444557477,0.1962156663275686,0.1698067141403865,0.0259613428280773,0.3271796929868566,0.6164091501956457,2025-11-14,166.83140563964844,45,-0.02613673270765171,2025-12-16,-0.015952676658804288,2026-02-18,,,,
MRK,2025-09-30,,17276000000.0,13421000000.0,6554000000.0,5785000000.0,8226000000.0,4234000000.0,2633000000.0,7822000000.0,-987000000.0,6835000000.0,129546000000.0,41374000000.0,51850000000.0,18169000000.0,47557000000.0,28628000000.0,15806000000.0,,,0.09300265721877765,,,0.7768580689974531,0.37937022458902525,0.33485760592729796,0.4761518870108821,0.4527668441768928,0.39563556378791387,0.05713128038897893,0.24507987960175967,0.1524079648066682,0.3193769008691893,0.7979556412729026,0.1402513392926065,1.6612058124912672,0.13335803498371235,0.0018991926213933752,0.028111209025315276,0.05477409333714234,0.0697872153672025,0.24442823858407992,0.2356330331033637,0.008795205480716245,-0.011025396875527421,-0.015186619528394424,0.018142248928718074,0.07536261777975051,0.07211999478982832,0.2376547121340833,-0.0011347876978053117,2025-11-14,275089031168.0,large_cap,0.0674207768443815,0.0533863993668584,0.7632308939035033,0.3151259194614138,0.2667528986410672,0.2820097244732577,0.3169009273649514,0.5479480129113794,2025-11-14,91.45515441894531,45,0.06661550102150549,2025-12-16,0.3204890045306623,2026-02-18,,,,
MRNA,2025-09-30,,1002000000.0,795000000.0,-260000000.0,-200000000.0,-135000000.0,801000000.0,268000000.0,-847000000.0,-33000000.0,-880000000.0,12135000000.0,734000000.0,9330000000.0,1132000000.0,6598000000.0,1681000000.0,137000000.0,,,6.313868613138686,,,0.7934131736526946,-0.25948103792415167,-0.1996007984031936,-0.1347305389221557,-0.845309381237525,-0.8782435129740519,0.03293413173652695,0.7994011976047904,0.26746506986027946,0.060486196950968275,0.07867095391211147,0.09328388957560775,3.9250446162998216,0.08257107540173053,0.6620263123388259,6.360956918280228,5.822297011815785,5.412714716552297,5.862719815842768,5.8516834943252185,0.011036321517548846,-4.3100878534901,-1.4113670469280417,-0.0012123875619376376,-0.00016722036174744714,-0.013210698267856036,-0.0005279027841478268,0.07116391470231338,2025-11-14,19458398208.0,mid_cap,-0.5263547527391176,0.115817432691346,0.5423569865582994,-1.23319787433573,-1.1131603626133166,-1.267583619881213,0.0528213831141281,0.226205628623957,2025-11-14,24.770000457763672,45,0.20670160828680983,2025-12-16,0.8813079375424573,2026-02-18,,,,
MS,2025-09-30,,17083000000.0,,,4610000000.0,,,7722000000.0,-3332000000.0,-713000000.0,-4045000000.0,1364806000000.0,353120000000.0,109962000000.0,73473000000.0,,,15604000000.0,,,0.09478338887464743,,,,,0.26985892407656736,,-0.1950477082479658,-0.23678510800210736,0.04173739975414154,0.0,0.45202833226014166,0.2587327429685977,3.2112911733144176,0.053834024762493715,,0.01251679725909763,,,0.043058103774080814,,-0.9531225608498628,-0.945962242070295,-0.007160318779567763,0.0,-0.027784536235115953,-0.001512332260190874,-0.0455490248664594,-0.0038938220765676393,,0.000991318446508533,2025-11-14,303643099136.0,large_cap,0.1372490970454141,0.1281473244901463,,,0.2323805557001787,-0.0364450460769511,0.2554756059522448,0.0474219202005479,2025-11-14,162.090576171875,45,0.07720002922025593,2025-12-16,0.0836291444941657,2026-02-18,,,,
MSFT,2025-09-30,,77673000000.0,53630000000.0,37961000000.0,27747000000.0,48060000000.0,8146000000.0,7523000000.0,45057000000.0,-19394000000.0,25663000000.0,636351000000.0,60556000000.0,363076000000.0,28849000000.0,189066000000.0,134996000000.0,76441000000.0,,,0.016117005272039853,,,0.6904587179586213,0.48872838695557014,0.35722838051832684,0.6187478274303813,0.5800857440809548,0.33039795038172853,0.24968779369922625,0.10487556808672255,0.09685476291632872,0.0951613182033186,0.16678601725258624,0.04533504308156976,1.4005303860855136,0.12205999519133308,0.0046095009154115685,0.039715422708634596,0.0009666884944129484,0.03746291488344966,0.02217833836936023,-0.004082236952293761,0.026260575321654017,-0.010625275701296968,-0.024480646091926017,-0.0027186597612469943,-0.009609046201074695,-0.0035209398458150784,0.04708394158127205,-0.0014305210097192572,2025-11-14,3134205460480.0,large_cap,0.1493215623240671,-0.0073780578066455,0.6882374238616519,0.4562195624085985,0.3614601524896707,0.2541884965427156,0.0978799779645656,0.4551254194244616,2025-11-14,508.0672607421875,45,-0.06448381545123871,2025-12-16,-0.21528105971835765,2026-02-18,,,,
NEE,2025-09-30,,7966000000.0,5133000000.0,2384000000.0,2438000000.0,5231000000.0,,,4028000000.0,-2482000000.0,1546000000.0,204354000000.0,93122000000.0,54181000000.0,2391000000.0,12671000000.0,22911000000.0,6700000000.0,,,0.18895522388059693,,,0.6443635450665328,0.29927190559879485,0.30605071554104946,0.6566658297765503,0.5056490082852122,0.1940748179763997,0.31157419030881245,0.0,0.0,0.455689636610979,1.718720584706816,0.011700284799906046,0.5530531185893239,0.038981375456316,0.003169515215786567,0.016734592165959017,0.003364148376870324,0.014874785000430935,0.029678859031480875,0.026910638871922077,0.002768220159558743,0.0,0.0,-0.012997181273646075,-0.11581688797857881,0.0030094433775854704,0.010986906067086744,0.005284247256346172,2025-11-14,194687483904.0,large_cap,-0.1195489791562922,-0.4611217983966054,0.60061406698178,0.2879246959964449,0.2806124510160384,0.191734335232093,0.4330034079434534,0.1301802844160215,2025-11-14,82.7515640258789,45,-0.02395483188774017,2025-12-16,0.09487016583270425,2026-02-18,,,,
NEM,2025-09-30,,5524000000.0,2930000000.0,2616000000.0,1832000000.0,3202000000.0,40000000.0,86000000.0,2298000000.0,-727000000.0,1571000000.0,54690000000.0,5651000000.0,33226000000.0,5639000000.0,10372000000.0,5086000000.0,5317000000.0,,,0.038931728418281075,,,0.5304127443881246,0.47356987690079655,0.331643736422882,0.5796524257784215,0.4160028964518465,0.2843953656770456,0.13160753077480086,0.00724112961622013,0.015568428674873281,0.10332784786981167,0.1700776500331066,0.10310842932894496,2.0393236335037357,0.10100566831230573,0.023359895036986766,0.01899022672212436,-0.05598086391565482,-0.13560053641830605,-0.03237024629782437,-0.037214564734840805,0.004844318437016409,-0.0002819096916602537,-0.0022987896813426306,-0.03456755682519422,-0.06681198623993775,-0.009009761552954798,-0.1874429617853437,0.004622091769207748,2025-11-14,116427300864.0,large_cap,0.5816119200812733,0.5902564857547941,0.3823466438282839,0.3163472861577989,0.1792099346964993,0.1584948078364201,0.159221991517152,0.3315409324034144,2025-11-14,87.3687515258789,45,0.11975971560997123,2025-12-16,0.4242868483758204,2026-02-18,,,,
NET,2025-09-30,,562027000.0,415711000.0,-37460000.0,-1290000.0,54230000.0,120956000.0,332215000.0,167123000.0,-92152000.0,74971000.0,5786395000.0,3501751000.0,1347016000.0,1052644000.0,4536765000.0,2223183000.0,512316000.0,,,0.09703190999305122,,,0.7396637528090287,-0.0666516021472278,-0.00229526339481911,0.09649002627987624,0.29735760025763885,0.1333939472658787,0.1639636529917602,0.2152138598323568,0.5911014951238998,0.6051697127486112,2.5996357875481806,0.18191706580694889,2.040661969797358,0.09712904148437844,-0.009168998852055465,0.06464236485751147,0.09617130801813695,0.09704437164484629,0.10256376207963933,0.06843403970882406,0.034129722370815296,-0.04743067986579824,-0.026380683843768682,-0.017248177783844354,-0.19300565689886318,-0.09109793627579976,-3.096776185598033,0.005024987108907308,2025-11-14,69830787072.0,large_cap,0.287551523237028,-0.0421146823470275,0.773181538859601,-0.0926920160562904,-0.0471961984300675,0.0999714906212529,0.4432418039466103,0.5057691806703215,2025-11-14,210.60000610351562,45,-0.06206081170669331,2025-12-16,-0.09097817239706874,2026-02-18,,,,
NFLX,2025-09-30,,11510307000.0,5346057000.0,3248247000.0,2546916000.0,7374774000.0,853584000.0,1244226000.0,2825174000.0,-164719000.0,2660455000.0,54934835000.0,14463020000.0,,9287287000.0,12962935000.0,9731859000.0,11079166000.0,,,0.038914571728593916,,,0.46445824598770474,0.28220333306487827,0.2212726385143333,0.6407104519453738,0.2454473195198008,0.2311367542151569,0.014310565304643917,0.07415823053199189,0.10809668239083459,0.2632759341135729,,0.1690600690800291,1.3320101534557787,0.20952655996873387,-0.054881837913917486,-0.05849866562347067,-0.060825580792065764,-0.056671553162230826,0.026725260476728435,0.02648515859866374,0.00024010187806469512,-0.00027724592896194444,0.0038940736385151414,-0.008914225131125886,,0.01505900044803174,-0.009150292892965872,0.0008780457333142366,2025-11-14,366423670784.0,large_cap,0.156499199944774,0.0898311521012287,0.4605655665041732,0.2671116915411787,0.2233696211524606,0.1774783219472051,0.2905593013392,0.7272178635189082,2025-11-14,111.21700286865234,45,-0.14968037929855282,2025-12-16,-0.298758320651061,2026-02-18,,,,
NOC,2025-09-30,,10423000000.0,2227000000.0,1242000000.0,1100000000.0,1863000000.0,,985000000.0,1557000000.0,-301000000.0,1256000000.0,49300000000.0,16958000000.0,15988000000.0,1957000000.0,14105000000.0,12718000000.0,10351000000.0,,,0.00695584967635976,,,0.21366209344718412,0.11915955099299626,0.10553583421279862,0.1787393264894944,0.14938117624484312,0.12050273433752279,0.02887844190732035,0.0,0.09450254245418785,0.3439756592292089,1.060670502877158,0.03969574036511156,1.1090580279918225,0.21141987829614606,0.0001561519922522181,0.0038083771933633687,-0.007883159121178776,-0.009648268911916086,0.06552454403539476,0.05896278650639536,0.006561757528999412,0.0,-0.0036522252011111506,0.0009087849496190459,-0.03589726908328417,0.0012940902468126375,0.06693008386521582,0.002101563196350298,2025-11-14,76796076032.0,large_cap,0.0443624331891066,-0.0290761767229201,0.2037871956717764,0.1064996466258864,0.1017230034362586,0.0638754173470133,0.3340829433335359,0.8313174902246804,2025-11-14,553.9732666015625,45,0.023342336269699393,2025-12-16,0.3042434261193274,2026-02-18,,,,
NOW,2025-09-30,,3407000000.0,2633000000.0,572000000.0,502000000.0,894000000.0,750000000.0,1311000000.0,813000000.0,-244000000.0,569000000.0,21789000000.0,2402000000.0,11301000000.0,2725000000.0,8364000000.0,7867000000.0,3215000000.0,,,0.059720062208398206,,,0.772820663340182,0.16788963897857354,0.1473437041385383,0.26240093924273555,0.23862635749926622,0.1670090989140006,0.07161725858526563,0.22013501614323452,0.38479600821837395,0.11023911147826886,0.21254756216264048,0.12506310523658726,1.0631752891826618,0.1563633025838726,-0.0019849354156500354,0.05653660631916452,0.0275925377310733,0.060534687298723105,0.015920292180448187,0.0034010118222431995,0.01251928035820498,-0.00816980500762085,-0.050351736727193674,0.0009923652989572568,-0.00781467713483483,-0.01660847428361592,-0.02864342770962769,0.010564926093010518,2025-11-14,98046451712.0,large_cap,0.2243897001449113,-0.0138435641753094,0.791788055353241,0.1241806263656227,0.129734158776402,0.3072651128914785,0.1117597998331943,0.5388804395820046,2025-11-14,170.08599853515625,45,-0.08149994491670942,2025-12-16,-0.36614419477738636,2026-02-18,,,,
NSC,2025-09-30,,3103000000.0,1157000000.0,1189000000.0,711000000.0,1469000000.0,,,1271000000.0,-551000000.0,720000000.0,44580000000.0,17083000000.0,15141000000.0,1418000000.0,3036000000.0,3524000000.0,3110000000.0,,,-0.0022508038585209444,,,0.37286496938446667,0.38317757009345793,0.2291330970029004,0.47341282629713183,0.40960360941024815,0.23203351595230423,0.17757009345794392,0.0,0.0,0.38319874383131447,1.1282610131431212,0.03180798564378645,0.8615209988649262,0.06960520412741139,-0.024241139940292145,-0.012642365597860417,-0.01781224061767836,-0.023371739619266862,0.06330135860638963,0.03846438411950681,0.024836974486882823,0.0,0.0,-0.010120246090551677,-0.04621656851644462,0.002298303841046106,0.06877488487528882,-0.0008284953403725481,2025-11-14,70960480256.0,large_cap,-0.0027147087857848,0.0434994928619201,0.3747422255217355,0.4022931617586406,0.2162830982430091,0.1378371690175699,0.4001190421683989,0.2775285014422416,2025-11-14,281.512939453125,45,0.03528417876689938,2025-12-16,0.12035872279127924,2026-02-18,,,,
NXPI,2025-09-30,,3173000000.0,1787000000.0,895000000.0,631000000.0,1114000000.0,575000000.0,286000000.0,585000000.0,-100000000.0,485000000.0,26354000000.0,12235000000.0,10045000000.0,3130000000.0,8509000000.0,3583000000.0,2926000000.0,,,0.0844155844155845,,,0.5631894106523795,0.28206744405924994,0.19886542704065552,0.3510872990860385,0.18436810589347621,0.15285219035612985,0.03151591553734636,0.18121651433974156,0.09013551843681059,0.4642559004325719,1.2180189148830263,0.11876754951809972,2.374825565168853,0.1203991803900736,0.029354824186214046,0.0476176832936997,0.04678066969274028,0.03563958890148616,-0.08186566034029,-0.072369955918648,-0.00949570442164202,-0.014613970964427958,-0.004874734468179168,0.03938461330385906,0.09689863063179827,0.005183391102258128,0.6386611197204681,0.00451799227126172,2025-11-14,73595314176.0,large_cap,-0.0498644169930702,-0.0552411682236646,0.5643729189789123,0.2752497225305216,0.1989852544791501,0.1511019502140478,0.4451096985851958,0.5172852163215091,2025-11-14,195.2105255126953,45,0.17085803470671435,2025-12-16,0.20948742222208683,2026-02-18,,,,
O,2025-09-30,,1387631000.0,1281010000.0,582409000.0,315771000.0,1260224000.0,,55039000.0,943135000.0,,943135000.0,71278982000.0,28897748000.0,39050597000.0,417173000.0,5088533000.0,3293217000.0,1339091000.0,,,0.036248470044231595,,,0.9231632905289663,0.41971460712538133,0.22756121764359546,0.908183803907523,0.6796727660307387,0.6796727660307387,,0.0,0.03966400289414117,0.40541751844884655,0.7400078416214738,0.005852678984669001,1.5451556942649087,0.0194676040687562,0.003383380127059299,0.0213981372215436,0.0805069845854986,0.05092167609096676,-0.11240857870236765,-0.11240857870236765,,0.0,0.0028263271872623966,0.001148988425362707,0.0025311009511422844,-0.005354284807496702,-0.2406558218118351,0.0007191493285735734,2025-11-14,56993943552.0,large_cap,0.2922655174941462,0.0723545869956925,0.9283504409480906,0.4403083809922024,0.1632989587455621,0.6778940882260429,0.3887139513351623,0.0765764366022949,2025-11-14,55.30189895629883,45,0.01606870523618542,2025-12-16,0.16167311429537334,2026-02-18,,,,
OPEN,2025-09-30,,915000000.0,66000000.0,-67000000.0,-90000000.0,-43000000.0,19000000.0,114000000.0,435000000.0,-3000000.0,432000000.0,2700000000.0,1787000000.0,811000000.0,962000000.0,2587000000.0,914000000.0,1567000000.0,,,-0.41608168474792595,,,0.07213114754098361,-0.073224043715847,-0.09836065573770492,-0.046994535519125684,0.47540983606557374,0.4721311475409836,0.003278688524590164,0.020765027322404372,0.12459016393442623,0.6618518518518518,2.2034525277435266,0.3562962962962963,2.8304157549234135,0.3388888888888889,-0.009553600384989591,-0.06875690906364533,-0.07985395503572662,-0.059119615289387334,-0.04979756661470702,-0.051799930952953877,0.002002364338246833,0.007363623365799394,0.05183968531285636,-0.08943813782823073,-1.2577202139363468,0.0848824676069258,-1.5195064845789195,-0.2001547987616099,2025-11-14,4225546496.0,low_cap,-0.2581341779441405,0.295665526558975,0.0840287211333204,-0.0588006986221618,-0.0760721909567242,-0.1203182612070638,0.7412028150991683,1.648432501599488,2025-11-14,8.119999885559082,45,-0.17118225197978443,2025-12-16,-0.4298029335351239,2026-02-18,,,,
ORLY,2025-09-30,,4705696000.0,2439946000.0,976067000.0,725896000.0,1111882000.0,,1463879000.0,616535000.0,-312098000.0,304437000.0,16279627000.0,8401656000.0,-894676000.0,204513000.0,6596975000.0,8709759000.0,4525058000.0,,,0.03991948832479064,,,0.5185090579586952,0.2074224514290766,0.1542590086567428,0.23628428185756156,0.13101887584748356,0.06469542443880778,0.06632345140867578,0.0,0.31108660652961856,0.5160840601569066,9.39072468692577,0.012562511413805735,0.7574233684307453,0.2890542885288465,0.004363603911476277,0.005332224077294584,0.0065051014140068975,0.005629337766237197,-0.03623776484087887,-0.03610151562251297,-0.00013624921836591364,0.0,-0.0009686201658182791,-0.009366176651147584,2.642446064807383,8.451424117594808e-06,0.033290308218768216,0.0030314723545868394,2025-11-14,73332998144.0,large_cap,0.0566794099511454,-0.0406421462610593,0.5119849029944616,0.1945812661942478,0.1428424454434183,0.1212671123445766,0.5318240729444671,1.1218456800074608,2025-11-14,98.80000305175781,45,-0.05971661278986096,2025-12-16,-0.06123484681056568,2026-02-18,,,,
PEP,2025-09-30,,23937000000.0,12824000000.0,3702000000.0,2603000000.0,4593000000.0,,9122000000.0,4472000000.0,-992000000.0,3480000000.0,106558000000.0,50849000000.0,19388000000.0,8126000000.0,28722000000.0,31499000000.0,22726000000.0,,,0.05328698407110788,,,0.5357396499143585,0.15465597192630656,0.10874378577098216,0.19187868153903997,0.1868237456657058,0.14538162677027197,0.041442118895433845,0.0,0.381083677988052,0.47719551793389514,2.622704765834537,0.07625893879389628,0.9118384710625734,0.22463822519191426,-0.01085895960777472,-0.005909019713225244,0.053168673564698614,0.0683197622395592,0.1001828937780001,0.09851900246331077,0.0016638913146893239,0.0,-0.004949939894549449,-0.010573241855368731,-0.16717469990549993,0.003820759478314145,0.13675329686760695,0.008908954699721944,2025-11-14,203838226432.0,large_cap,0.0041871194148965,-0.0546030463411919,0.5455396607659982,0.1406580007403052,0.1042741742330219,0.0782655083066605,0.4518885660570843,0.9234620527411102,2025-11-14,143.1582794189453,45,0.04107473219256286,2025-12-16,0.13814113185208177,2026-02-18,,,,
PFE,2025-09-30,,16654000000.0,12482000000.0,4137000000.0,3541000000.0,5648000000.0,3936000000.0,3186000000.0,4603000000.0,-602000000.0,4001000000.0,208731000000.0,60848000000.0,92801000000.0,1343000000.0,46924000000.0,36596000000.0,14653000000.0,,,0.13655906640278448,,,0.7494896121051999,0.2484087906809175,0.21262159241023176,0.3391377446859613,0.2763900564428966,0.24024258436411672,0.03614747207877987,0.23633961810976342,0.19130539209799446,0.2915139581566705,0.655682589627267,0.006434118554503165,1.2822166356978906,0.07978690276001169,0.0073207729596325155,-0.008535179837065171,0.014027447866452325,-0.0241325753850139,0.3161088853516525,0.3221370769594897,-0.006028191607837206,0.06681801843734139,-0.041752684746337754,-0.004106993346277121,-0.031233245538187626,-0.0015136725127231146,0.12378478498485457,0.008688622840557061,2025-11-14,144366927872.0,large_cap,0.0683917117238137,0.4797680398681182,0.719443003756267,0.233077152781052,0.1262200009429959,0.154572744275229,0.2982670715477328,0.2981639768318057,2025-11-14,24.246896743774414,45,0.018755058562310634,2025-12-16,0.11047400572529553,2026-02-18,,,,
PG,2025-09-30,,22386000000.0,11499000000.0,5856000000.0,4750000000.0,6992000000.0,,5643000000.0,5408000000.0,-1200000000.0,4208000000.0,127599000000.0,35946000000.0,53270000000.0,11171000000.0,27118000000.0,37995000000.0,20889000000.0,,,0.07166451242280636,,,0.5136692575716966,0.26159206647011524,0.2121861877959439,0.3123380684356294,0.2415795586527294,0.18797462699901724,0.05360493165371214,0.0,0.25207719110158133,0.28171067171372816,0.6747888117139103,0.08754770805413835,0.7137254901960784,0.17544024639691533,0.022597401570930598,0.053157004954485,0.0391285976767424,0.05114796838297009,0.002937211005642426,-0.0029871232044391405,0.005924334210081525,0.0,-0.0305596033835544,-0.0014700103857520075,-0.007034613649467447,0.011240723361849697,0.00952669935909356,0.00863649972077285,2025-11-14,329659777024.0,large_cap,0.0029153131284285,-0.0218755558323793,0.5116036258364577,0.2426439181813867,0.1895258886621423,0.1666271178396848,0.2831806820994801,0.6730282438054476,2025-11-14,145.53305053710938,45,-0.016658708734873406,2025-12-16,0.06977533468922226,2026-02-18,,,,
PGR,2025-09-30,,22502000000.0,,,2615000000.0,,,,5195000000.0,-66000000.0,5129000000.0,121535000000.0,6896000000.0,35445000000.0,173000000.0,,,21995000000.0,,,0.023050693339395245,,,,,0.11621189227624211,,0.23086836725624388,0.2279352946404764,0.0029330726157674875,0.0,0.0,0.05674085654338257,0.19455494427987022,0.0014234582630517957,,0.18514831118607808,,,-0.028139096584862675,,0.04719025859518455,0.04889460357432501,-0.0017043449791404458,0.0,0.0,-0.0029664520814875403,-0.016922175091985986,0.00034101974555958924,,-0.00531757035185057,2025-11-14,116709515264.0,large_cap,0.2135850393827618,-0.0384164932770079,,,0.1125519291772294,0.1968862402612054,0.0651851151354674,0.7124970447775308,2025-11-14,211.62217712402344,45,0.029443132032881403,2025-12-16,-0.03991694781788657,2026-02-18,,,,
PH,2025-09-30,,5084000000.0,1907000000.0,1034000000.0,808000000.0,1373000000.0,,873000000.0,782000000.0,-89000000.0,693000000.0,30677000000.0,10333000000.0,13777000000.0,473000000.0,7227000000.0,6779000000.0,5243074000.0,,,-0.030339834989931425,,,0.37509834775767115,0.2033831628638867,0.15892997639653816,0.27006294256490954,0.15381589299763965,0.1363099921321794,0.017505900865460267,0.0,0.17171518489378443,0.3368321543827623,0.7500181461856718,0.015418717606024058,1.0660864434282342,0.16572676598102812,0.001658453527683179,-0.009953135651068479,-0.01714459359808712,0.0031121041826933094,-0.1260273821497262,-0.11857712180136418,-0.007450260348362006,0.0,0.011611589178751602,0.022022362560696784,0.07138929075517908,-0.0004150112879882841,-0.12827684923373517,-0.012040712150117205,2025-11-14,108777250816.0,large_cap,-0.0040140491721023,-0.0493851480443814,0.3685138539042821,0.2045340050377833,0.1778841309823677,0.1683123425692695,0.3148097918220655,0.6730182409981691,2025-11-14,828.5296020507812,45,0.05113288915667602,2025-12-16,0.2012249469212013,2026-02-18,,,,
PLD,2025-09-30,,2213881000.0,1659976000.0,892591000.0,764266000.0,1782068000.0,,110662000.0,1447728000.0,,1447728000.0,98341141000.0,35302901000.0,52635541000.0,1186022000.0,1544873000.0,2072291000.0,2183869000.0,,,0.013742582545015258,,,0.7498036253981131,0.40317930367531046,0.34521548357838566,0.8049520276835115,0.6539321670857647,0.6539321670857647,,0.0,0.04998552316045894,0.3589840492088657,0.6707046290262315,0.012060283091488638,0.7454903775579781,0.022512256594622998,0.002968993833673994,0.011584844483847945,0.08364805439650708,0.09300639358183227,0.08534632242200513,0.08534632242200513,,0.0,0.0010489798055232716,0.0042194405760835885,0.013251783819380303,0.0011504060536533783,0.13129416706851094,0.00016335228365577104,2025-11-14,131021455360.0,large_cap,0.0222024912167044,-0.3209315371195405,0.7491662002948202,0.3777357128661324,0.4549881059938231,0.5989322828078877,0.3303779339381719,0.0860348669258346,2025-11-14,120.90780639648438,45,0.047008990872324796,2025-12-16,0.14563024826175885,2026-02-18,,,,
PNC,2025-09-30,,5900000000.0,,,1808000000.0,,,2063000000.0,2656000000.0,,2656000000.0,568767000000.0,62344000000.0,58990000000.0,38871000000.0,,,5662000000.0,,,0.04203461674320019,,,,,0.3064406779661017,,0.45016949152542374,0.45016949152542374,,0.0,0.3496610169491525,0.10961254784472377,1.0568570944227835,0.06834257261760968,,0.010373316314061822,,,0.01908638619640901,,0.18877775715594297,0.18877775715594297,,0.0,-0.0014516640822851423,0.001540211064822966,0.007956787168456714,0.013980885140972822,,0.00024645329857462574,2025-11-14,85469020160.0,large_cap,-0.032544516249012,-0.0512524825273107,,,0.2830025469748666,0.3786823009274833,0.1101228845185505,0.0371564072437941,2025-11-14,181.19659423828125,45,0.14125761059040487,2025-12-16,0.27466942879518985,2026-02-18,,,,
PYPL,2025-09-30,,8417000000.0,3871000000.0,1589000000.0,1248000000.0,1891000000.0,801000000.0,1034000000.0,1974000000.0,-256000000.0,1718000000.0,79801000000.0,11276000000.0,20198000000.0,8995000000.0,60176000000.0,44924000000.0,8288000000.0,,,0.015564671814671804,,,0.45990257811571816,0.18878460258999644,0.14827135558987764,0.22466436972793158,0.23452536533206605,0.2041107282879886,0.030414637044077462,0.0951645479386955,0.12284661993584413,0.14130148745003196,0.5582730963461728,0.11271788574078019,1.339506722464607,0.10547486873598075,-0.0039005106873706286,-0.006678717873324025,-0.0038763278078057517,-0.0024109198473580007,0.12617594448264519,0.1206165197937801,0.005559424688865108,0.0026211116452592026,-0.003118631029406835,-0.00029320776287400374,-0.0009071422558765141,0.02888419933993784,0.010339130899678972,0.0015852764976163058,2025-11-14,39174303744.0,mid_cap,0.0680528030633838,-0.0138208796170435,0.4609868855552411,0.1812435135390131,0.1304211089096455,0.2128188193854766,0.1254874563353445,0.4038996506827564,2025-11-14,62.475975036621094,45,-0.021305797357895506,2025-12-16,-0.33854761797473176,2026-02-18,,,,
QCOM,2025-09-30,,11271000000.0,6237000000.0,2957000000.0,-3117000000.0,3513000000.0,2370000000.0,910000000.0,3996000000.0,-407000000.0,3589000000.0,50143000000.0,14811000000.0,21206000000.0,5520000000.0,25754000000.0,9144000000.0,10365000000.0,,,0.0874095513748192,,,0.5533670481767368,0.2623547156419129,-0.27655043918019695,0.3116848549374501,0.35453819536864517,0.31842782361813504,0.036110371750510156,0.21027415491083312,0.08073817762399077,0.29537522685120554,0.6984344053569744,0.11008515645254571,2.8164916885389326,0.22477713738707297,-0.0022528264011696386,-0.004118993957701211,-0.5337622095612872,-0.027726626008039545,0.07716241148056024,0.06941672858677952,0.007745682893780779,-0.0044870607186893174,0.006353228275220876,0.025826176506704768,0.1549377682148524,0.01078144896831254,-0.3774826704354264,0.035848552938821,2025-11-14,212370472960.0,large_cap,0.087716359575656,0.2773091197566515,0.5621374672758072,0.2631538422052256,0.2603049124788255,0.2864586006878497,0.2653298038220256,0.7064220183486238,2025-11-14,171.99127197265625,45,0.01747282112065518,2025-12-16,-0.17248008715694818,2026-02-18,,,,
REGN,2025-09-30,,3754300000.0,3232700000.0,1109900000.0,1460000000.0,1919300000.0,1475000000.0,657800000.0,1618700000.0,-244700000.0,1374000000.0,40169400000.0,2705500000.0,30957800000.0,2506400000.0,17980700000.0,4425100000.0,3675600000.0,,,0.021411470236151864,,,0.8610659776789281,0.2956343392909464,0.38888740910422714,0.5112271262285912,0.4311589377513784,0.3659803425405535,0.06517859521082492,0.3928828276909144,0.1752124230881922,0.06735226316549413,0.08739316101273346,0.06239575398188671,4.063343201283587,0.09346168974393444,0.005314535737476422,0.0019407926591039626,0.010282555474887711,0.06030754847257863,0.11980840994639419,0.1653056227669111,-0.0454972128205169,0.003368190624857159,0.0026691648446401373,-0.0034262983951874187,-0.0029608600100829996,0.010175927297916346,-0.5342842871265576,-0.002709868007143554,2025-11-14,73203851264.0,large_cap,0.0827005763425121,0.005126621081235,0.8612519363469934,0.2809956344176876,0.3107027179270525,0.2491832136318828,0.0716219007717283,0.3761182645910687,2025-11-14,691.7994384765625,45,0.07757135287295136,2025-12-16,0.1436960019734541,2026-02-18,,,,
RTX,2025-09-30,,22478000000.0,4580000000.0,2523000000.0,1918000000.0,4012000000.0,684000000.0,1436000000.0,4639000000.0,-735000000.0,3904000000.0,168672000000.0,40709000000.0,64514000000.0,5966000000.0,57118000000.0,53234000000.0,21581000000.0,,,0.04156433900189982,,,0.20375478245395498,0.1122430821247442,0.08532787614556456,0.17848563039416318,0.20637957113622207,0.17368093246730137,0.03269863866892072,0.030429753536791528,0.06388468724975532,0.24135007588692847,0.6310103233406702,0.035370423069626254,1.0729608896569862,0.13326456080440144,0.0009838265204950014,0.012803760499240285,0.008547374778621414,0.011857577940616065,0.18515719960570912,0.18267032128153612,0.002486878324173023,-0.0018671743164126765,-0.009003501434735661,-0.019480729610292402,-0.06764989012771017,0.00675950640744687,0.0669791477737498,0.004144487093298704,2025-11-14,230525255680.0,large_cap,0.1714741729541498,0.1439523314060089,0.1908642770442666,0.0809779781515519,0.0591295300849661,0.048589264039238,0.2633718324215128,0.4957479077249925,2025-11-14,174.29989624023438,45,0.02888386312499125,2025-12-16,0.17115381551368913,2026-02-18,,,,
RUN,2025-09-30,,724557000.0,243266000.0,3651000.0,16589000.0,167317000.0,9267000.0,230348000.0,-121523000.0,-743641000.0,-865164000.0,22225482000.0,14716977000.0,2983902000.0,709148000.0,2070471000.0,1420780000.0,569336000.0,,,0.27263513988224886,,,0.3357444617883755,0.005038941035694914,0.022895369170403433,0.23092317098585757,-0.16772041399089374,-1.1940592665587386,1.026338852567845,0.01278988402568742,0.3179156367269932,0.662166831747451,4.932124781577947,0.03190697956516759,1.4572776925350863,0.032600282864506606,0.12529579878445518,0.2021966826856169,-0.46850689592437367,0.12038036322383304,0.34631523455407787,0.5368693941969487,-0.1905541596428706,-0.0013722276271853993,-0.07552865627397637,-0.003645420506244057,0.1024006563008033,0.002794729454652513,0.04962210490674046,0.005782931020064733,2025-11-14,3337304320.0,low_cap,-0.0982798134181899,-0.0717404767529907,0.161236166517562,-0.281215908572281,-1.3967416508360573,-1.701499078135896,0.6544645651768801,0.1024088289991036,2025-11-14,18.649999618530273,45,-0.059517357946756055,2025-12-16,0.07989275075575497,2026-02-18,,,,
SBUX,2025-09-30,,9569000000.0,2162600000.0,948100000.0,133200000.0,765700000.0,,642000000.0,1381800000.0,-456000000.0,925800000.0,32019700000.0,26611500000.0,-8096600000.0,3219800000.0,7382300000.0,10210400000.0,9456000000.0,,,0.011950084602368793,,,0.22600062702476748,0.09908036367436514,0.013919949838018602,0.08001881074302435,0.14440380395025604,0.09674992162190406,0.04765388232835197,0.0,0.06709165012017974,0.8310977304596857,3.2867499938245683,0.10055684469248619,0.7230177074355559,0.2988472721480838,-0.0019710311816623083,0.003976725772503881,-0.04512192833457023,-0.06900826201501288,0.038471062833504766,0.0508214106235961,-0.012350347790091344,0.0,-0.0045242551251671315,0.002367775512762793,-0.34141810401566053,-0.023446103371657978,-0.03279572426166999,0.017830190018345238,2025-11-14,121737052160.0,large_cap,0.0055760015121359,-0.1099361022512399,0.268383633438559,0.1411867470878643,0.1039606149899657,0.0917205234380614,0.82334640531218,1.154339758705523,2025-11-14,83.74591064453125,45,0.0035385720938740928,2025-12-16,0.1367958476575568,2026-02-18,,,,
SCHW,2025-09-30,,6135000000.0,,,2358000000.0,,,1754000000.0,538000000.0,-145000000.0,393000000.0,465255000000.0,27584000000.0,49384000000.0,30572000000.0,,,5851000000.0,,,0.04853871133139642,,,,,0.3843520782396088,,0.08769356153219234,0.06405867970660147,0.023634881825590873,0.0,0.2859005704971475,0.05928791737864182,0.5585614774015876,0.0657102019322737,,0.013186317180900796,,,0.020995387075705196,,-0.45529054374895617,-0.4570488232843403,0.0017582795353840719,0.0,0.004922959832303897,-0.02279542321786837,-0.20322291522950175,-0.004441191726101329,,0.000437262846527375,2025-11-14,158052630528.0,large_cap,0.0408239103891276,0.1335413749879139,,,0.3030704886259308,0.1045598286238906,0.0940599321027919,0.040859197695913,2025-11-14,93.73596954345703,45,0.017056914686369495,2025-12-16,0.013900762003688616,2026-02-18,,,,
SEDG,2025-09-30,,340177000.0,72143000.0,-34321000.0,-50060000.0,-27118000.0,54146000.0,53485000.0,25608000.0,-2809000.0,22799000.0,2232310000.0,415806000.0,479760000.0,439515000.0,1767516000.0,774787000.0,289429000.0,,,0.1753383385908116,,,0.2120748904246907,-0.10089159466983365,-0.14715868503749518,-0.0797173236285816,0.07527845797922846,0.06702099201298148,0.008257465966246984,0.15917007910587724,0.1572269730169882,0.1862671403165331,0.8666958479239619,0.19688797702828012,2.281292794019518,0.15238788519515659,0.10105975372449824,0.13810311560453414,0.2838416639254629,0.14467622366626448,0.10222461748639602,0.09830673048424732,0.0039178870021487075,-0.02528275734105792,-0.010392719550100793,-0.11872135974450007,-0.6132922273421526,-0.02204452025734882,0.3418270558196024,0.03617224849043518,2025-11-14,3756131840.0,low_cap,-0.6971451301650782,-0.6541422355694486,-0.9730968566408122,-1.6360709785058838,-2.0038215952858485,-0.478650094957491,0.286307370658009,0.3406280028400277,2025-11-14,36.18000030517578,45,-0.18518520471048683,2025-12-16,-0.029850796626449627,2026-02-18,,,,
SHAK,2025-09-30,,367411000.0,175917000.0,23683000.0,12501000.0,49240000.0,,71376000.0,62999000.0,-39259000.0,23740000.0,1827185000.0,853991000.0,509015000.0,357757000.0,414777000.0,225350000.0,356466000.0,,,0.03070419058199092,,,0.4788016689756159,0.0644591479297027,0.03402456649365425,0.1340188508237369,0.1714673757726361,0.06461428754174481,0.10685308823089129,0.0,0.19426745524766542,0.46738069763050816,1.6777324833256386,0.19579681313058064,1.8405901930330597,0.20108035037503044,-0.0031152599881562604,-0.014678834374359961,-0.014081003181995039,-0.012780563426149472,-0.010872594939858232,-0.010882393768674697,9.798828816479088e-06,0.0,0.008375953673882802,-0.00449447314096485,-0.017469066167679514,0.006051608393541963,-0.07483739824358815,0.0002581684775671278,2025-11-14,2584431616.0,low_cap,0.151788497452491,-0.0559293349180289,0.4581784564684242,0.0406775304005722,0.0081485987635397,0.0284654097690578,0.4770989015133435,0.7381434332112924,2025-11-14,90.54000091552734,45,-0.0978573063923186,2025-12-16,0.040203217946115366,2026-02-18,,,,
SHOP,2025-09-30,,2844000000.0,1391000000.0,491000000.0,264000000.0,499000000.0,375000000.0,525000000.0,513000000.0,-6000000.0,507000000.0,15039000000.0,1115000000.0,12511000000.0,2414000000.0,8705000000.0,2213000000.0,2680000000.0,,,0.06119402985074629,,,0.4890998593530239,0.17264416315049227,0.09282700421940929,0.17545710267229256,0.18037974683544303,0.17827004219409281,0.002109704641350211,0.13185654008438819,0.18459915611814345,0.07414056785690538,0.08912157301574615,0.16051599175477094,3.9335743334839584,0.1891083183722322,0.0032789638306358615,0.03421132732959675,-0.24523269727312805,0.03403919222453136,0.020678254298129584,0.020807355626928647,-0.00012910132879904307,-0.015158385288746135,-0.015773978210214756,-0.00408208168639522,-0.004824319428991558,0.05461667165312957,0.08323747111629709,0.005055025329171958,2025-11-14,130128805888.0,large_cap,0.2577903682719547,-0.002923917442331,0.5036036036036036,0.1466216216216216,0.2273648648648648,0.1798423423423423,0.0808675667911519,0.6377477736282677,2025-11-14,146.0399932861328,45,0.1170912550647134,2025-12-16,-0.16707747889770186,2026-02-18,,,,
SHW,2025-09-30,,6358200000.0,3125500000.0,1153600000.0,833100000.0,1344600000.0,,1961300000.0,1307600000.0,-196400000.0,1111200000.0,26206400000.0,13577600000.0,4425300000.0,241500000.0,6146100000.0,7473500000.0,6314500000.0,,,0.006920579618338696,,,0.4915699411783209,0.18143499732628732,0.13102764933471736,0.2114749457393602,0.20565568871693246,0.17476644333301877,0.030889245383913685,0.0,0.3084678053537165,0.5181024482569143,3.0681761688473097,0.009215306184748764,0.8223857630293704,0.24262012332865254,-0.002261716118377166,0.007375293470083338,0.011509080960340923,0.011807513638639633,0.029458048365360673,0.027312171419169695,0.0021458769461909846,0.0,-0.011240801820248225,0.014617138600556356,0.16645152161606136,-0.001421985051511072,0.03846843347005169,-0.006339014964018841,2025-11-14,74015350784.0,large_cap,0.0020215253406443,-0.0387479936873886,0.4846678355737385,0.1628633893975799,0.1160854600948113,0.0901876745243197,0.5041044997164933,0.9773998629012466,2025-11-14,331.44708251953125,45,-0.012974849684988077,2025-12-16,0.10108989547602953,2026-02-18,,,,
SLB,2025-09-30,,8928000000.0,1558000000.0,1316000000.0,739000000.0,1780000000.0,170000000.0,72000000.0,1682000000.0,-577000000.0,1105000000.0,55093000000.0,12766000000.0,25635000000.0,3014000000.0,19468000000.0,14037000000.0,8546000000.0,,,0.044699274514392595,,,0.17450716845878136,0.14740143369175626,0.08277329749103943,0.19937275985663083,0.18839605734767026,0.12376792114695341,0.06462813620071685,0.01904121863799283,0.008064516129032258,0.23171727805710343,0.4979910278915545,0.05470749460003993,1.3869060340528603,0.16205325540449786,-0.01411908943965065,-0.009982137569652577,-0.035878703445071033,-0.0416756838597277,0.05476628903500935,0.0275825712756686,0.027183717759340767,-0.002021266735281215,-0.0021156851347168652,-0.049157868039802405,-0.17672082315760324,-0.011646131678948776,0.07212156664993907,-0.013181012265538444,2025-11-14,82796298240.0,large_cap,0.0951863588350687,-0.0843729306170688,0.2055719363994599,0.1743227975419548,0.1229298134420898,0.1232604921601587,0.2467354654133033,0.7415755594155512,2025-11-14,36.43558883666992,45,0.026181058195729134,2025-12-16,0.4159233266093423,2026-02-18,,,,
SO,2025-09-30,,7823000000.0,4304000000.0,2594000000.0,1711000000.0,4431000000.0,,,3774000000.0,-3215000000.0,559000000.0,153248000000.0,73746000000.0,35002000000.0,3341000000.0,12627000000.0,16726000000.0,6973000000.0,,,0.12189875233041736,,,0.5501725680685159,0.3315863479483574,0.2187140483190592,0.566406749328902,0.48242362265115685,0.07145596318547871,0.41096765946567815,0.0,0.0,0.48121998329505117,2.1069081766756184,0.02180126331175611,0.7549324405117781,0.051047974524953015,0.04967063202950828,0.07861058428852663,0.09251298708286243,0.06949007071137725,0.16964576520099195,0.1602269369413944,0.009418828259597556,0.0,0.0,0.005421712517841459,0.024706730212397332,0.013309664217347531,0.013614664259204323,0.004203100723282907,2025-11-14,104331722752.0,large_cap,0.0582505048905079,0.1957552010891486,0.5000374195479719,0.26448136506511,0.164683430624158,0.0311704834605597,0.4565160490425679,0.1840749414519906,2025-11-14,89.24897003173828,45,-0.047137379668954815,2025-12-16,0.0200678045153031,2026-02-18,,,,
SRE,2025-09-30,,3151000000.0,1353000000.0,497000000.0,95000000.0,1225000000.0,,,1110000000.0,-2561000000.0,-1451000000.0,106919000000.0,32693000000.0,31172000000.0,5000000.0,31726000000.0,19988000000.0,3000000000.0,,,0.05033333333333334,,,0.4293874960330054,0.15772770549032053,0.030149158997143762,0.38876547127895905,0.35226912091399554,-0.4604887337353221,0.8127578546493177,0.0,0.0,0.3057735294942901,1.048793789298088,4.6764373030050786e-05,1.5872523514108465,0.029470907883538004,-0.03794583730032791,-0.036938961176346125,-0.1275175076695229,-0.047901195387707596,0.09093578758066223,0.04617793293134459,0.044757854649317697,0.0,0.0,-0.08048569158131019,-0.1679038807211446,-0.001504678468812863,1.1028791667936746,-0.000557018087615168,2025-11-14,59113189376.0,large_cap,-0.2114234449760765,-0.3693983739877811,0.4620401971937808,0.224649222601441,0.2170648464163822,-0.2508911642017444,0.3728147262232853,0.1371223545317456,2025-11-14,90.70144653320312,45,-0.03748647843868236,2025-12-16,0.004338171094224519,2026-02-18,,,,
SYK,2025-09-30,,6057000000.0,3852000000.0,1208000000.0,859000000.0,1517000000.0,410000000.0,2045000000.0,1540000000.0,-187000000.0,1353000000.0,47057000000.0,16595000000.0,21785000000.0,3256000000.0,13711000000.0,7414000000.0,6022000000.0,,,0.0058120225838591555,,,0.6359583952451708,0.19943866600627375,0.1418193825326069,0.2504540201419845,0.2542512795113092,0.22337790985636455,0.030873369654944693,0.06769027571404986,0.3376258874030048,0.35265741547484963,0.761762680743631,0.06919268121639714,1.8493390882114917,0.12871623775421298,-0.0018695688863469284,0.005483169493487289,-0.004975702156865047,0.0073454183485603675,0.06976107692080771,0.06927628249004106,0.00048479443076667947,0.0001047559531730663,-0.007608254078230681,-0.005202332857800196,-0.020644945135279924,0.017931106892510325,0.0651733362905258,-0.0012615309103960193,2025-11-14,117599756288.0,large_cap,0.1023026636745048,-0.0087602665656165,0.6390794423545032,0.2065058641292321,0.132462934277495,0.1543261783580438,0.3164227036838798,0.5258197388936725,2025-11-14,360.3448181152344,45,-0.02907066604142916,2025-12-16,0.04428250223856667,2026-02-18,,,,
TEAM,2025-09-30,,1432553000.0,1174629000.0,-96337000.0,-51870000.0,-23355000.0,755994000.0,514972000.0,128715000.0,-14112000.0,114603000.0,5720500000.0,1225766000.0,1378936000.0,2322360000.0,3627120000.0,2870775000.0,1384344000.0,,,0.03482443670070445,,,0.819955003409996,-0.06724847178429001,-0.03620808444783544,-0.016303061736633827,0.0898500788452504,0.07999913441247898,0.009850944432771423,0.5277249777146116,0.3594784974796744,0.21427602482300498,0.8889216033231419,0.40597150598723886,1.2634636988269718,0.25042443842321477,-0.010704861479077787,-0.046676272966655094,-0.018941422404297126,-0.028701714094718236,-0.18126389282653063,-0.18028154726779705,-0.0009823455587335776,0.02158055118478952,0.024962654596691558,0.009155675003326952,-0.03206625834114929,-0.009931585223078299,0.04013471756750708,0.021303141892447475,2025-11-14,22194536448.0,mid_cap,0.1965540334827467,-0.0365543929032545,0.828418247526894,-0.0250018023877419,-0.0492180321607331,0.2714209948259967,0.205120349819678,0.863179393475969,2025-11-14,151.7899932861328,45,0.05118917330613515,2025-12-16,-0.44917317143072844,2026-02-18,,,,
TMO,2025-09-30,,11122000000.0,4583000000.0,2075000000.0,1616000000.0,2834000000.0,346000000.0,2162000000.0,2239000000.0,-404000000.0,1835000000.0,103020000000.0,35680000000.0,51018000000.0,1982000000.0,22295000000.0,14888000000.0,10854000000.0,,,0.024691358024691468,,,0.4120661751483546,0.1865671641791045,0.14529760834382305,0.2548102859197986,0.20131271354073008,0.16498831145477433,0.03632440208595576,0.031109512677575977,0.19438949829167415,0.34634051640458163,0.6993610098396644,0.019238982721801592,1.497514777001612,0.1079596194913609,0.005948614801938534,0.010042380689146868,-0.0036797272006766635,-0.003066994345541363,0.07242013937452407,0.06318252556938646,0.009237613805137629,-0.0013209277130634169,-0.0027728381741448926,-0.0016689669501551152,0.0019089696899941,-0.02596500818998345,-0.4354935576421999,0.0007384399991155199,2025-11-14,162896560128.0,large_cap,0.0005133350444501,0.0463332170437822,0.4128361202453415,0.1799715478439329,0.1477413185941836,0.169476900114275,0.3213592133249761,0.4405934998612837,2025-11-14,577.7041015625,45,-0.014033548918215843,2025-12-16,-0.11191076188914562,2026-02-18,,,,
TRV,2025-09-30,,12470000000.0,,,1888000000.0,,,1572000000.0,4227000000.0,,4227000000.0,143678000000.0,9267000000.0,31609000000.0,592000000.0,,,12116000000.0,,,0.02921756355232752,,,,,0.15140336808340016,,0.33897353648757017,0.33897353648757017,,0.0,0.1260625501202887,0.06449839223819931,0.2931759941788731,0.004120324614763569,,0.08679129720625287,,,0.02685731327983462,,0.1463357022188346,0.1463357022188346,,0.0,-0.001454782332666077,0.0066469740359569734,0.021003082735008338,0.00036869542838464725,,-0.00045388364243623136,2025-11-14,63742373888.0,large_cap,0.1221811326227249,0.0008400658404179,,,0.1076720944257775,0.19544240544499,0.0603127885936526,0.3485873458018305,2025-11-14,285.1197509765625,45,0.012063401950848984,2025-12-16,0.04299041272834159,2026-02-18,,,,
TSLA,2025-09-30,,28095000000.0,5054000000.0,1862000000.0,1373000000.0,3660000000.0,1630000000.0,1562000000.0,6238000000.0,-2248000000.0,3990000000.0,133735000000.0,13788000000.0,79970000000.0,18289000000.0,64653000000.0,31290000000.0,22496000000.0,,,0.2488886913229018,,,0.1798896600818651,0.06627513792489767,0.04886990567716676,0.13027229044313934,0.2220323901050009,0.1420181526962093,0.0800142374087916,0.05801744082576971,0.05559708133119772,0.10309941301828242,0.17241465549581092,0.1367555239839982,2.0662511984659635,0.21007963509926347,0.007503458090399956,0.025245621566433944,-0.003228245105194552,-0.006107510410345712,0.10912342851182877,0.13552811002195608,-0.026404681510127315,-0.012617338690588752,-0.005124824785445237,0.0009425609489333575,0.0025359789301177826,0.015519125841395517,0.02902779137452116,0.03510471929660805,2025-11-14,1585816797184.0,large_cap,0.0094757835346634,-0.1784768815116157,0.1786262667622069,0.0794349472822192,0.0729859760466782,0.0366567714197973,0.1115999016957483,0.8002785287130335,2025-11-14,404.3500061035156,45,0.21152466301039397,2025-12-16,0.01723754449237913,2026-02-18,,,,
TXN,2025-09-30,,4742000000.0,2723000000.0,1748000000.0,1364000000.0,2242000000.0,518000000.0,457000000.0,2190000000.0,-1197000000.0,993000000.0,35004000000.0,14046000000.0,16627000000.0,3311000000.0,13876000000.0,3118000000.0,4448000000.0,,,0.06609712230215825,,,0.5742302825811894,0.36862083509067906,0.28764234500210883,0.47279628848587096,0.46183045128637706,0.20940531421341207,0.252425137072965,0.10923660902572754,0.0963728384647828,0.4012684264655468,0.8447705539183256,0.09458918980687922,4.450288646568313,0.13547023197348873,-0.004681587922407804,0.017226950198592716,-0.003499741328826411,0.002472547478676701,0.043664983660477774,0.08463013435729697,-0.040965150696819164,-0.009243606801610585,-0.012664931319389866,-0.0007296842034481554,-0.011353325859763785,0.0074509537550084964,-1.3619103903498253,0.00814077272292335,2025-11-14,275512393728.0,large_cap,-0.1071978994234831,0.0180767161147633,0.5814206252797136,0.3414743302857873,0.3068218144619909,0.0957739274982418,0.3828888450815286,0.4404798783407023,2025-11-14,157.49652099609375,45,0.1144165123315053,2025-12-16,0.41076792448369903,2026-02-18,,,,
UBER,2025-09-30,,13467000000.0,5358000000.0,1113000000.0,6626000000.0,2927000000.0,862000000.0,2460000000.0,2328000000.0,-98000000.0,2230000000.0,63344000000.0,13340000000.0,28134000000.0,8432000000.0,15139000000.0,13121000000.0,12651000000.0,,,0.06450082997391515,,,0.39786143907329025,0.08264646914680329,0.492017524318705,0.21734610529442341,0.17286700824237025,0.16558996064453851,0.007277047597831737,0.0640083166258261,0.1826687458231232,0.2105961101288204,0.47415938010947606,0.133114422834049,1.1537992531057084,0.2126010356150543,-0.0005260401773618528,-0.03196897627253115,0.38491136670270626,0.07561817864830847,-0.029804717312921808,-0.030046747916049582,0.00024203060312776113,-0.0023895965826159216,0.03414293758662015,-0.009867610352762957,-0.07199514683981151,0.018113172432134103,0.04178601016072969,-0.013382316176592995,2025-11-14,152853118976.0,large_cap,0.1796357393846732,0.0101091214469752,0.3939924507708399,0.0636454590931829,0.224112056028014,0.1567829369230069,0.2171181016314105,0.8582077901803138,2025-11-14,91.62000274658203,45,-0.11678677425095241,2025-12-16,-0.20574116501234052,2026-02-18,,,,
UNH,2025-09-30,,113161000000.0,20637000000.0,4315000000.0,2348000000.0,5331000000.0,,,5945000000.0,-890000000.0,5055000000.0,315269000000.0,80136000000.0,95787000000.0,27210000000.0,95067000000.0,115526000000.0,111616000000.0,,,0.013842101490825653,,,0.1823684838416062,0.03813151173991039,0.020749198045262943,0.04710987000821838,0.05253576762312104,0.04467086717155204,0.007864900451569004,0.0,0.0,0.2541829358420904,0.8366062200507376,0.08630724873044923,0.8229056662569465,0.3589347509587051,0.0030751925572025385,-0.008008826562841902,-0.009766140257489352,-0.008375006711965102,-0.011863601642934013,-0.011790572048631445,-7.302959430255558e-05,0.0,0.0,-0.0024597386628079643,0.0005667791487486973,-0.006364501552303961,-0.022898217080448924,-0.0027819254841463525,2025-11-14,357672681472.0,large_cap,0.0771106123964673,-0.0692976649463428,0.2233422771174034,0.0806614402989922,0.0359874886953567,0.0517265500477168,0.2578265913007329,1.341962866855752,2025-11-14,317.2440490722656,45,0.045321064892506424,2025-12-16,-0.09855914888942308,2026-02-18,,,,
UNP,2025-09-30,,6244000000.0,2901000000.0,2549000000.0,1788000000.0,3263000000.0,,,2522000000.0,-950000000.0,1572000000.0,68647000000.0,32848000000.0,17304000000.0,808000000.0,3904000000.0,5220000000.0,6154000000.0,,,0.0146246343841403,,,0.46460602178090965,0.4082319026265215,0.2863549007046765,0.5225816784112748,0.40390775144138374,0.2517616912235746,0.1521460602178091,0.0,0.0,0.47850597986802046,1.8982894128525196,0.011770361414191443,0.7478927203065134,0.09095808993838041,0.002467575242073139,-0.0020703398174174437,-0.018487478235849952,-0.007317574107412295,0.02480472901694436,0.024754866394195357,4.986262274897513e-05,0.0,0.0,-0.01665267622157357,-0.19028236719422664,-0.0036869414322854583,0.09956661987253945,0.0012182392617588467,2025-11-14,160635043840.0,large_cap,0.005431402628633,0.035823362427628,0.4552164948453608,0.4005360824742268,0.2782268041237113,0.2430515463917525,0.4794063353762091,0.3581185852469911,2025-11-14,220.5703125,45,0.06385002424025088,2025-12-16,0.1951850726543407,2026-02-18,,,,
UPS,2025-09-30,,21415000000.0,3486000000.0,1804000000.0,1311000000.0,2824000000.0,,,2482000000.0,-970000000.0,1512000000.0,71392000000.0,29211000000.0,15823000000.0,6764000000.0,18985000000.0,14552000000.0,21221000000.0,,,0.009141887752697864,,,0.16278309596077517,0.08424001867849638,0.06121877188886295,0.13187018445015175,0.11590007004436143,0.07060471632033621,0.04529535372402522,0.0,0.0,0.40916349170775435,1.8461100929027365,0.09474450918870461,1.3046316657504122,0.2999635813536531,-0.01534234581859431,-0.0016183291844695524,0.000759792575918225,-0.0017710200171212331,0.09950121984880042,0.10712514419838154,-0.007623924349581118,0.0,0.0,0.0015524205460719642,0.010618029410673024,0.0074103580670656505,-0.019104289305767574,0.0007517600826972837,2025-11-14,84091117568.0,large_cap,0.0012313375404031,0.0947153615392869,0.179598111342923,0.0929834193477544,0.063489623366641,0.0682222466234764,0.3660910518053375,1.2997002997002998,2025-11-14,93.04247283935547,45,0.061161698603793946,2025-12-16,0.24803220725949093,2026-02-18,,,,
UPST,2025-09-30,,277105000.0,,,31805000.0,,,189413000.0,-122629000.0,-3963000.0,-126592000.0,2904848000.0,1896305000.0,743718000.0,494887000.0,,,257291000.0,,,0.07701007808279337,,,,,0.11477598744158352,,-0.4425362227314556,-0.4568376608144927,0.014301438083037115,0.0,0.6835423395463813,0.6528069627051054,2.5497634856222384,0.1703658848931166,,0.09539397586379735,,,0.09298354231136131,,0.024491384141695827,0.027159058853121032,-0.002667674711425188,0.0,-0.03130582848126051,0.05862196172845935,0.5105784327836349,0.008712398912426755,,-0.008441660255640818,2025-11-14,2824448512.0,low_cap,0.2375723009767396,0.6310513403197496,,,-0.20447526692259,0.2804253586797151,0.6136340399787407,0.2656718032174631,2025-11-14,38.720001220703125,45,0.21151855290567223,2025-12-16,-0.18569215669893135,2026-02-18,,,,
URI,2025-09-30,,4229000000.0,1665000000.0,1114000000.0,701000000.0,1908000000.0,,442000000.0,1181000000.0,-1546000000.0,-365000000.0,30065000000.0,15212000000.0,9000000000.0,512000000.0,3783000000.0,4211000000.0,3943000000.0,,,0.07253360385493268,,,0.3937100969496335,0.2634192480491842,0.16576022700401985,0.45117048947741784,0.2792622369354457,-0.08630882005202176,0.3655710569874675,0.0,0.10451643414518799,0.5059703974721437,1.6902222222222223,0.017029768834192584,0.8983614343386369,0.14066189921836023,0.004919835727213995,0.00904440655793387,0.008012319319515654,0.002527324374704154,-0.057537154390955525,-0.027977600168684197,-0.0295595542222713,0.0,-0.0025086736407617938,0.011037849365590213,0.09033290290844254,-0.0017334989874878935,0.03982484897278327,0.0056553937057943204,2025-11-14,60212740096.0,large_cap,0.0706809935807981,-0.1603789617533368,0.4007820136852394,0.2651026392961876,0.1678071032909742,0.0273053111762789,0.5251216134644746,0.5448638284273692,2025-11-14,830.4404296875,45,-0.018404687483463134,2025-12-16,0.0577107668300072,2026-02-18,,,,
USB,2025-09-30,,7300000000.0,,,2001000000.0,,,2736000000.0,3388000000.0,,3388000000.0,695357000000.0,77984000000.0,63340000000.0,66637000000.0,,,6975000000.0,,,0.04659498207885315,,,,,0.2741095890410959,,0.4641095890410959,0.4641095890410959,,0.0,0.3747945205479452,0.11214958647140966,1.2311967161351436,0.09583134993967128,,0.01049820451940514,,,0.013894535277655051,,0.16962930230274464,0.16962930230274464,,0.0,-0.02104777335886482,-0.003024445027636047,-0.05549881431832171,0.011610011594463884,,0.00033604708245422305,2025-11-14,82458165248.0,large_cap,-0.0242030485845857,-0.1825308686308974,,,0.2304371684653375,0.4152185842326687,0.0967481328816277,0.0402982082150259,2025-11-14,46.172271728515625,45,0.13524423436505484,2025-12-16,0.2596188927363541,2026-02-18,,,,
V,2025-09-30,,10724000000.0,8743000000.0,7051000000.0,5090000000.0,6749000000.0,,1376000000.0,6238000000.0,-389000000.0,5849000000.0,99627000000.0,25171000000.0,37909000000.0,17164000000.0,37766000000.0,35048000000.0,10172000000.0,,,0.05426661423515533,,,0.8152741514360313,0.657497202536367,0.4746363297277135,0.6293360686311078,0.5816859380828049,0.5454121596419247,0.03627377844088027,0.0,0.12831033196568445,0.2526523934274845,0.6639848057189586,0.17228261415078241,1.0775507874914403,0.10764150280546438,0.00923797369320789,-0.010218094357065999,-0.04364915985152362,-0.028253392635113173,-0.079934195617549,-0.0748198497957474,-0.005114345821801605,0.0,0.02115343066800454,0.0013327101514707396,0.013819277061809854,0.0014036251081526452,-0.03779472620420554,0.0059459097477982115,2025-11-14,619492999168.0,large_cap,0.1002358129421492,-0.0138208230182739,0.803985971162946,0.6696264543784446,0.5495462895952792,0.5203195457328954,0.2204611103469437,0.3801250648072711,2025-11-14,328.6595153808594,45,0.04572452891332612,2025-12-16,-0.027451375479768614,2026-02-18,,,,
VRTX,2025-09-30,,3076400000.0,2661600000.0,1238800000.0,1082900000.0,1356100000.0,977700000.0,445100000.0,1241400000.0,-101800000.0,1139600000.0,24862300000.0,1834800000.0,17318800000.0,4939600000.0,10569600000.0,4475300000.0,2964700000.0,,,0.03767666205686915,,,0.8651670784033285,0.40267845533740737,0.35200234039786765,0.4408074372643349,0.403523599011832,0.3704329736055129,0.033090625406319074,0.31780652710960866,0.14468209595631257,0.0737984820390712,0.10594267501212555,0.19867832018759327,2.3617634571984003,0.12373754640560206,0.0026177479483078248,0.013364190824977806,0.003602839605207353,-0.010637902904990837,0.04156454750577743,0.05761886087909879,-0.01605431337332136,-0.012210000700962398,0.0014635578242924718,0.010253985498364704,0.017013159542325726,-0.008180358416374822,-0.1580267999057945,0.00039698800948279045,2025-11-14,110900281344.0,large_cap,0.1166153284967372,0.0115283812249669,0.8611174127276522,-0.0211794811299353,-0.0486020997994573,-0.0887469260714512,0.0774102213622565,0.4890605861573145,2025-11-14,437.1499938964844,45,0.04074115934406519,2025-12-16,0.07585497912636718,2026-02-18,,,,
WFC,2025-09-30,,21436000000.0,,,5589000000.0,,,9460000000.0,-869000000.0,,-869000000.0,2062926000000.0,214182000000.0,181154000000.0,174325000000.0,,,20569000000.0,,,0.04215080947056249,,,,,0.2607296137339056,,-0.04053927971636499,-0.04053927971636499,,0.0,0.441313677924986,0.10382437372935335,1.1823200150148492,0.08450375825405274,,0.010391065893783878,,,-0.006371363464791502,,0.5047473166179245,0.5047473166179245,,0.0,-0.0025095512062308645,-0.00227984533428717,0.02158985505769584,-0.013696435662068698,,9.335800596128527e-06,2025-11-14,224679100416.0,large_cap,-0.0036442001525479,-0.1142966313057322,,,0.239647127442403,0.0368790706717215,0.0910860716793317,0.0426438392720658,2025-11-14,84.15292358398438,45,0.08395061437384199,2025-12-16,0.04638746440192887,2026-02-18,,,,
WING,2025-09-30,,175736000.0,85853000.0,48961000.0,28478000.0,55066000.0,,30659000.0,63874000.0,-2220000.0,61654000.0,721033000.0,1269631000.0,-702616000.0,237640000.0,320204000.0,78977000.0,174329000.0,,,0.00807094631415306,,,0.4885339372695407,0.2786054081121683,0.1620498930213502,0.31334501752628946,0.363465653024992,0.35083306778349344,0.012632585241498611,0.0,0.17446055446806574,1.760850058180416,1.8070055336058388,0.3295826959376339,4.054395583524317,0.24372809566275053,0.004443510547652796,0.01913050720640963,0.008529824644889605,0.018190453454907163,0.3257094564082501,0.39544411930102635,-0.06973466289277623,0.0,-0.014475308182439917,-0.030884377529351692,-0.042947381708783094,0.007760216946037235,-0.31573265384053073,-0.0023991858950338785,2025-11-14,3518718208.0,low_cap,0.360287356946452,0.0734958118344166,0.4807696302534168,0.262985233466548,0.1737228890057158,0.1688715530507009,1.7667519260142466,0.8737319300910581,2025-11-14,231.7032012939453,45,0.06008903186132075,2025-12-16,0.19990930464413292,2026-02-18,,,,
WM,2025-09-30,,6443000000.0,2610000000.0,1216000000.0,603000000.0,1729000000.0,,647000000.0,1592000000.0,-776000000.0,816000000.0,45608000000.0,23362000000.0,9519000000.0,175000000.0,4839000000.0,5737000000.0,6430000000.0,,,0.0020217729393468,,,0.4050907962129443,0.18873195716281235,0.0935899425733354,0.2683532515908738,0.2470898649697346,0.1266490765171504,0.1204407884525842,0.0,0.10041905944435822,0.5122346956674267,2.4542493959449523,0.0038370461322574986,0.8434721980128987,0.1412690756007718,0.0021358973015912497,0.004128535700915009,-0.019318300039417313,-0.022159967693729632,0.006809927178132724,0.00021050731030747283,0.006599419867825251,0.0,-0.004091049420338513,-0.013114151714577527,-0.15633640994571163,-0.0057863299230331705,-0.013474156870182386,0.0006365573382285938,2025-11-14,88274386944.0,large_cap,0.0801429550572798,0.0431848882484668,0.393418846031818,0.1880523954131351,0.124461768571817,0.0978561392376376,0.5362712320775461,0.4950523930262301,2025-11-14,207.53912353515625,45,0.050563608553427786,2025-12-16,0.12332085706025997,2026-02-18,,,,
XOM,2025-09-30,,83331000000.0,18834000000.0,9178000000.0,7548000000.0,17497000000.0,,3032000000.0,14788000000.0,-8727000000.0,6061000000.0,454340000000.0,42036000000.0,260561000000.0,13814000000.0,88505000000.0,77850000000.0,79477000000.0,,,0.04849201655824964,,,0.22601432840119523,0.11013908389434904,0.09057853619901357,0.20996987915661638,0.1774609689071294,0.07273403655302349,0.10472693235410592,0.0,0.03638501878052586,0.09252101950081437,0.16132882511196994,0.030404542853369722,1.1368657675016056,0.18341110181802175,0.0002005709619360696,-0.0019814037939129697,0.0014709956526919865,-0.0033119508067692427,0.032135906310403306,0.006463291557616019,0.0256726147527873,0.0,0.004577074343770568,0.005413643892845599,0.012851904554300853,-0.0016600152200758125,-0.11176614810996122,0.005847355859045278,2025-11-14,654570029056.0,large_cap,0.0135943853694535,0.1740709640362874,0.226212759434866,0.1168823895273944,0.099278696642859,0.0905416997055243,0.0919786096256684,0.7481051877170737,2025-11-14,117.70126342773438,45,-0.03864535299021088,2025-12-16,0.27155945224516986,2026-02-18,,,,
YUM,2025-09-30,,1980000000.0,931000000.0,649000000.0,397000000.0,715000000.0,,282000000.0,543000000.0,-94000000.0,449000000.0,7193000000.0,11554000000.0,-7505000000.0,1045000000.0,2204000000.0,1301000000.0,1932000000.0,,,0.024844720496894457,,,0.4702020202020202,0.3277777777777778,0.2005050505050505,0.3611111111111111,0.27424242424242423,0.22676767676767676,0.047474747474747475,0.0,0.14242424242424243,1.6062838871124705,1.5395069953364424,0.1452801334630891,1.6940814757878555,0.27526762129848464,0.0017755191668235026,0.015665976535541748,0.006923269966748219,0.016390614216701183,0.04339356295878033,0.032668297885689174,0.010725265073091163,0.0,-0.013890457368718245,-0.040239172017209945,0.056564287003109115,0.0474053322486898,0.8748800401665007,-0.0040442190947493906,2025-11-14,41334915072.0,mid_cap,0.0668456755228943,0.0326451493609534,0.4747648695191416,0.3183203073254735,0.1968472645383494,0.1896939992051927,1.8263713393786236,1.1221941430057976,2025-11-14,147.63720703125,45,0.01828743207622674,2025-12-16,0.09838580785881779,2026-02-18,,,,
ZTS,2025-09-30,,2400000000.0,1717000000.0,936000000.0,721000000.0,1069000000.0,170000000.0,579000000.0,938000000.0,-133000000.0,805000000.0,15159000000.0,7273000000.0,5398000000.0,2080000000.0,6583000000.0,1807000000.0,2460000000.0,,,-0.024390243902439046,,,0.7154166666666667,0.39,0.30041666666666667,0.4454166666666667,0.3908333333333333,0.33541666666666664,0.05541666666666667,0.07083333333333333,0.24125,0.47978098819183324,1.3473508706928492,0.13721221716472062,3.643054786939679,0.1583217890362161,-0.02076219512195121,-0.012032520325203244,0.008546747967479673,0.007205284552845526,0.16400406504065038,0.16915650406504062,-0.0051524390243902415,0.0009146341463414642,-0.00956300813008129,0.010756884317256243,-0.017125721631844337,0.03810316267200704,1.8833994096372428,-0.011579447237007184,2025-11-14,31115112448.0,mid_cap,0.0833333333333332,0.0259075907590757,0.7062445980985307,0.3664649956784788,0.2685825410544512,0.2482713915298185,0.4736953009763293,0.6501369670576667,2025-11-14,119.78526306152344,45,0.019947079372152343,2025-12-16,0.07334380688913344,2026-02-18,,,,
ADSK,2025-10-31,,1853000000.0,1688000000.0,475000000.0,343000000.0,525000000.0,416000000.0,784000000.0,439000000.0,-22000000.0,417000000.0,11198000000.0,2734000000.0,2893000000.0,1989000000.0,3895000000.0,4735000000.0,1763000000.0,,,0.05104934770277936,,,0.9109552077711819,0.25634106853750677,0.18510523475445223,0.28332433890987585,0.23691311386940098,0.22504047490555856,0.011872638963842417,0.22450080949811116,0.423097679438748,0.24415074120378638,0.9450397511234013,0.17762100375066978,0.82259767687434,0.16547597785318807,0.001142388712758735,0.0010943300236099796,0.00756694774367514,0.0014184965956387519,-0.02400577438924903,-0.02680297376148627,0.002797199372237198,-0.009758974960198535,0.010732392995185858,-0.007691557985601949,-0.06195840725597257,-0.006885260066574139,0.05847152707144909,0.0030773043086044227,2025-12-15,49961189376.0,mid_cap,0.1153356376205203,0.0170339393188221,0.9057250040776382,0.2232914695808188,0.181373348556516,0.2454738215625509,0.2362226530047078,0.5659558755654021,2025-12-15,294.30999755859375,45,-0.10889873962432406,2026-01-15,-0.15572016652927478,2026-03-18,,,,
AI,2025-10-31,,75147000.0,30380000.0,-112113000.0,-104668000.0,-108713000.0,58352000.0,84141000.0,-46496000.0,-386000.0,-46882000.0,961298000.0,5174000.0,771885000.0,103205000.0,845898000.0,130825000.0,70261000.0,,,0.069540712486301,,,0.40427428906010887,-1.4919158449439098,-1.3928433603470531,-1.4466711911320478,-0.6187339481283352,-0.6238705470610936,0.00513659893275846,0.7765047174205224,1.1196854165834964,0.0053823060070862525,0.006703071053330483,0.10736004860095413,6.465874259506975,0.07817242936113464,0.027906175882101147,0.284588901643813,0.2690885791357325,0.28122906647886015,-0.1414421361700653,-0.13576192350036997,-0.005680212669695248,-0.14365013377715485,-0.11303259198455695,0.00029321596322510936,0.0005314988421800922,0.02380709987069758,-1.1817612186538824,0.005644121942934274,2025-12-15,1256769024.0,low_cap,0.2526675724929326,0.0885453063335217,0.6062443452870538,-0.8338748149366673,-0.7420576986346439,-0.1142406234578055,0.0046740268373945,0.3792404974451253,2025-12-15,14.649999618530273,45,-0.07645050612441195,2026-01-15,-0.4122866975513939,2026-03-18,,,,
AMAT,2025-10-31,,6800000000.0,3265000000.0,1893000000.0,1897000000.0,2452000000.0,917000000.0,455000000.0,2828000000.0,-785000000.0,2043000000.0,36299000000.0,7050000000.0,20415000000.0,7241000000.0,20881000000.0,7999000000.0,7302000000.0,,,-0.06874828814023559,,,0.4801470588235294,0.27838235294117647,0.27897058823529414,0.36058823529411765,0.4158823529411765,0.3004411764705882,0.11544117647058824,0.1348529411764706,0.06691176470588235,0.19422022645251935,0.3453343130051433,0.1994820793961266,2.6104513064133017,0.18733298437973497,-0.00766449965360011,-0.027424275379831498,0.03533870655904106,-0.014925322635216787,0.055159263376673595,0.01969617510110039,0.03546308827557318,0.011462089355051802,0.00829768637117953,-0.0034647286788711262,-0.0014150717364481702,0.04210579691388405,0.10911932620272191,-0.02610713721858135,2025-12-15,346505936896.0,large_cap,0.024851981747558,-0.0035366162745478,0.4745731527818663,0.2894833676773624,0.2640933176332057,0.2755004415660877,0.1919846551774245,0.7897933680141823,2025-12-15,260.9445495605469,45,0.22126530778839593,2026-01-15,0.3392500506687752,2026-03-18,,,,
ASAN,2025-10-31,,201033000.0,178726000.0,-69986000.0,-68433000.0,-60568000.0,73813000.0,174899000.0,16172000.0,-2743000.0,13429000.0,840430000.0,249964000.0,188362000.0,183470000.0,587416000.0,420947000.0,196936000.0,,,0.020803712881342085,,,0.8890381181199106,-0.34813189874299244,-0.34040679888376535,-0.3012838688175573,0.08044450413613685,0.06679997811304611,0.013644526023090736,0.3671685743136699,0.8700014425492332,0.2974239377461538,1.3270404858729468,0.21830491534095642,1.3954630868019013,0.23920255107504493,-0.008283854500636179,-0.09700462897007128,-0.09484478889067113,-0.0930791728757285,-0.12182933101843113,-0.11286245029008993,-0.008966880728341202,-0.035886225215111034,0.12460699968454614,0.011698976046252196,0.20331188365345576,0.009796122453621547,-0.015846518415957522,0.016211621942399196,2025-12-15,1476145920.0,low_cap,0.1093817049397398,-0.0830336660682058,0.893361570213683,-0.3684816183987313,-0.3530107366455028,0.0036511778260365,0.2951375060998525,0.8120527475979201,2025-12-15,14.140000343322754,45,-0.185997174723045,2026-01-15,-0.5254596976501775,2026-03-18,,,,
AVGO,2025-10-31,,18015000000.0,12249000000.0,7654000000.0,8518000000.0,9863000000.0,2981000000.0,1107000000.0,7703000000.0,-237000000.0,7466000000.0,171092000000.0,65136000000.0,81292000000.0,16178000000.0,31573000000.0,18514000000.0,15952000000.0,,,0.12932547642928793,,,0.6799333888426311,0.42486816541770744,0.47282819872328613,0.547488204274216,0.4275881210102692,0.4144324174299195,0.013155703580349709,0.16547321676380794,0.06144879267277269,0.3807074556379024,0.8012596565467697,0.0945573141935333,1.7053581073782003,0.10529422766698618,0.008983037789471626,0.044100863511990274,0.2132996129660143,0.02755339986097627,-0.021634546993742843,-0.025888545458746526,0.004253998465003671,-0.02572537902355415,-0.0057528121416706435,-0.007099646118517378,-0.07526367273799905,0.029843298458813672,0.20883032960042258,0.008977939273606114,2025-12-15,2013133668352.0,large_cap,0.4398503587481503,0.3610622974283901,0.6303369915073487,0.2907666653740257,0.1143017799666498,0.3764299841005157,0.4078964049624196,0.3113525913851912,2025-12-15,338.4510803222656,45,0.011377894235221397,2026-01-15,-0.06849567169340232,2026-03-18,,,,
CHWY,2025-10-31,,3116600000.0,928200000.0,65200000.0,59200000.0,103500000.0,,863000000.0,207900000.0,-32100000.0,175800000.0,3294600000.0,523000000.0,469400000.0,675400000.0,1928200000.0,2259900000.0,3104200000.0,,,0.0039945879775786786,,,0.2978245523968427,0.020920233587884234,0.018995058717833538,0.03320926650837451,0.06670730924725662,0.0564076236924854,0.010299685554771225,0.0,0.2769043188089585,0.158744612396042,1.114188325521943,0.20500212468888485,0.8532235939643347,0.9459721969283069,-0.005699705060795368,-0.0015332165764093027,-0.0009778811700602817,-0.0014212341036994522,0.023572201973240774,0.022292553787195794,0.0012796481860449828,0.0,-0.0041664884843859995,0.00031829458149795764,-0.15305968678890602,0.015249655790590622,0.040757790572031216,-0.049346515396946344,2025-12-15,8866885632.0,low_cap,0.0640132045175239,-0.0376470385895024,0.2923541264448248,0.0094930572534207,0.0331076694797366,0.0381492753745373,0.1666611378338033,3.9347487145463593,2025-12-15,33.13999938964844,45,-0.011164723557609335,2026-01-15,-0.26584187170185225,2026-03-18,,,,
CRM,2025-10-31,,10259000000.0,8004000000.0,2448000000.0,2086000000.0,3299000000.0,1433000000.0,4123000000.0,2316000000.0,-139000000.0,2177000000.0,95144000000.0,11139000000.0,60021000000.0,8978000000.0,21063000000.0,21410000000.0,10236000000.0,,,0.002246971473231829,,,0.78019300126718,0.23861974851350035,0.20333365825129154,0.3215713032459304,0.22575299736816454,0.21220391851057607,0.01354907885758846,0.13968223023686518,0.4018910225168145,0.117075170268225,0.18558504523416805,0.09436222988312452,0.9837926202709014,0.1078260321197343,-0.0007761272986659407,0.010405602362660166,0.018984303034409955,0.013540822589423962,0.1534591325772306,0.15309879932339357,0.00036033325383699397,-0.005003193756882379,-0.006178535904443783,0.0019101143613655253,0.002357155852482695,-0.01186592749647844,-0.14043070655317103,0.002919961792902076,2025-12-15,141940506624.0,large_cap,0.0871560949020282,-0.0246390058889898,0.7719224172054361,0.202295817390157,0.1635308088138276,0.3281171658530149,0.1106793098087983,0.3681699829006684,2025-12-15,253.53564453125,45,-0.08120452497010056,2026-01-15,-0.23539286188879538,2026-03-18,,,,
CRWD,2025-10-31,,1234244000.0,926439000.0,-69443000.0,-33997000.0,55512000.0,347564000.0,648318000.0,397541000.0,-100165000.0,297376000.0,9965347000.0,818046000.0,4016497000.0,4801083000.0,6519282000.0,3599895000.0,1168952000.0,,,0.05585515915110295,,,0.7506125207009311,-0.05626359131581762,-0.02754479665284984,0.04497652003979764,0.3220927142445092,0.24093777243397577,0.08115494181053341,0.28160072076509995,0.5252753912516488,0.08208906323081373,0.20367150778402174,0.48177780462637176,1.8109644864641885,0.12385358984488949,0.016049424868082474,0.04038622835171365,0.03890361183612148,0.04225014633069753,0.03736588200503316,-0.002909708044264575,0.040275590049297705,-0.01496235453653777,-0.009374448947093272,-0.0051690165828641305,-0.012084958031538806,-0.05353401354203835,-0.06891772087092507,-0.0019909299179791257,2025-12-15,151215063040.0,large_cap,0.293913544347917,-0.0694212405654075,0.7495533212060631,-0.0294413429299296,-0.0038549442233252,0.2701081337021426,0.0906618316815639,0.4543571292471319,2025-12-15,487.4700012207031,45,-0.06660922957185678,2026-01-15,-0.10597575960109229,2026-03-18,,,,
CSCO,2025-10-31,,14883000000.0,9745000000.0,3510000000.0,2860000000.0,4347000000.0,2400000000.0,3604000000.0,3212000000.0,-323000000.0,2889000000.0,121102000000.0,28089000000.0,46873000000.0,8400000000.0,32876000000.0,35451000000.0,14673000000.0,,,0.014312001635657268,,,0.654773903110932,0.2358395484781294,0.19216555801921656,0.29207821003829876,0.21581670362158167,0.19411408990122958,0.02170261372035208,0.16125781092521668,0.24215547940603374,0.23194497200706843,0.5992575683229151,0.06936301630030883,0.9273645313249274,0.12289640138065433,0.022319735592360446,0.023067790828023765,0.018376966729091837,0.01933235029591479,-0.0727405103087666,-0.0796540556722728,0.0069135453635061715,-0.0009448742788997211,0.001986461481955498,0.002222424967629699,-0.0004691784695618484,0.0011159662312113516,-0.07041096491052778,0.0029121016366012165,2025-12-15,466916868096.0,large_cap,0.0529896102447819,0.1090442086517436,0.6493804497475907,0.2207081582942069,0.1796872242030571,0.2345465456984502,0.2297225470394387,0.4632720314659296,2025-12-15,77.41403198242188,45,-0.03319279001128628,2026-01-15,-0.0030001541370826557,2026-03-18,,,,
DE,2025-10-31,,12094000000.0,3939000000.0,1895000000.0,1065000000.0,2748000000.0,680000000.0,854000000.0,3995000000.0,-1367000000.0,2628000000.0,105996000000.0,64250000000.0,25950000000.0,8276000000.0,74902000000.0,32455000000.0,11783000000.0,,,0.026393957396248835,,,0.32569869356705805,0.15668926740532496,0.088060195138085,0.2272201091450306,0.3303290888043658,0.21729783363651398,0.11303125516785183,0.056226227881594176,0.07061352736894327,0.6061549492433677,2.4759152215799616,0.07807841805351146,2.307872438761362,0.11409864523189554,-0.03185031772038999,-0.02654080982458254,-0.021334695806496176,-0.02381952422507888,0.08455127330746348,0.060801185923707396,0.0237500873837561,0.009039603083155746,-0.03267086540030055,-0.014628415161132557,-0.18271437127008827,-0.0015008690718954776,-0.006193469391676754,0.004811612574707899,2025-12-15,151754391552.0,large_cap,-0.1614991369008099,-0.3363363117379848,0.3859020547131715,0.2261966031909418,0.1405439645274951,0.0876717209707431,0.6099795005590757,0.4707230711889675,2025-12-15,484.9094543457031,45,0.05903887677363051,2026-01-15,0.1741466211078968,2026-03-18,,,,
FIVE,2025-10-31,,1038293000.0,351420000.0,43305000.0,36505000.0,92182000.0,,259238000.0,-80125000.0,-53032000.0,-133157000.0,4789318000.0,2014193000.0,1950236000.0,350983000.0,1760122000.0,1096933000.0,1026847000.0,,,0.011146743380464619,,,0.33845937514747765,0.04170788014558511,0.03515866908473812,0.08878226088397013,-0.07716993180152423,-0.1282460731219415,0.05107614132041726,0.0,0.2496771142635075,0.4205594617020628,1.032794492563977,0.07328454698560422,1.6045847832091842,0.2167934975292933,0.005041641054667312,-0.009288032585328065,-0.006485314877819101,-0.008656792840684074,-0.16773454366677776,-0.17526086695198628,0.007526323285208511,0.0,0.013698433895351386,-0.017649449198053502,-0.025603292306047853,-0.0488779099397484,-0.10953684893534166,-0.006117287098989371,2025-12-15,11813208064.0,mid_cap,0.0891051194748282,-0.0679210950654582,0.3489365609990592,0.0835327601226561,0.0654222194247583,0.0275127710963963,0.4566270790635209,0.8932966692122314,2025-12-15,181.66000366210938,45,0.09016838761321666,2026-01-15,0.16960253736370534,2026-03-18,,,,
GTLB,2025-10-31,,244353000.0,212132000.0,-12356000.0,-8276000.0,-9472000.0,68715000.0,155773000.0,31428000.0,-3038000.0,28390000.0,1570839000.0,,922715000.0,224231000.0,1506949000.0,565808000.0,235960000.0,,,0.035569588065773816,,,0.8681374896154334,-0.05056618907891452,-0.033869033733983214,-0.03876359201646798,0.12861720543639735,0.11618437260848036,0.01243283282791699,0.2812120170409203,0.6374916616534276,,,0.1427460102531195,2.6633575347114213,0.15555572531621636,-0.011058136761918691,0.027205467134002924,0.005154529581833024,0.027251834326980057,-0.08060893458733548,-0.08073459670835301,0.0001256621210175158,-0.021754587468318543,-0.01650901642760305,,,-0.03171218488540459,0.06798058999038226,-0.00194130275838314,2025-12-15,3995034624.0,low_cap,0.3092621907688486,-0.0573576576531564,0.8878628750251893,-0.1879686374298813,-0.0083319174605432,-0.0892144737760602,0.0001965320315051,0.542606357775486,2025-12-15,38.59000015258789,45,-0.09950764802809609,2026-01-15,-0.41357867138414595,2026-03-18,,,,
HD,2025-10-31,,41352000000.0,13815000000.0,5353000000.0,3601000000.0,6429000000.0,,7636000000.0,4010000000.0,-898000000.0,3112000000.0,106274000000.0,65417000000.0,12116000000.0,1684000000.0,36115000000.0,34367000000.0,45277000000.0,,,-0.08668860569384018,,,0.3340829947765525,0.1294496034049139,0.0870816405494293,0.15547011027278004,0.0969723350744825,0.07525633584832656,0.02171599922615593,0.0,0.18465854130392725,0.6155503697988219,5.399224166391549,0.01584583247078307,1.0508627462391247,0.3891074016222218,2.81766569774633e-05,-0.015325889671040788,-0.013432969517492094,-0.01203215356978904,-0.005574211737364582,-0.007037102321163474,0.0014628905837988822,0.0,0.013180749047373153,0.0026406955392092035,-0.35051798081895313,-0.012180434658323667,-0.09648212829890301,-0.06344084973461334,2025-12-15,296328200192.0,large_cap,0.044835559281845,0.0749112249298948,0.3341901024361498,0.13494740273581,0.0928194390461025,0.1023421141717968,0.6480508536293553,1.65954701983999,2025-12-15,354.619140625,45,0.06210267328504937,2026-01-15,-0.06680166193925041,2026-03-18,,,,
INTU,2025-10-31,,3885000000.0,3002000000.0,534000000.0,446000000.0,828000000.0,843000000.0,1504000000.0,637000000.0,-38000000.0,599000000.0,33191000000.0,6861000000.0,19322000000.0,3506000000.0,10421000000.0,7519000000.0,3831000000.0,,,0.014095536413469167,,,0.7727155727155727,0.13745173745173744,0.1148005148005148,0.21312741312741312,0.16396396396396395,0.15418275418275418,0.009781209781209782,0.21698841698841698,0.38712998712998714,0.2067126630713145,0.3550874650657282,0.10563104456027236,1.3859555791993616,0.11704980265734687,0.006075008894116163,0.04870206373730257,0.015348674549927485,0.04789640294730349,0.06451212371337664,0.06125662523469884,0.0032554984786778056,0.007904626855292474,-0.05009267013965524,0.027076319113308128,0.01825337069738725,0.02759651888247594,0.02558913754073089,0.013391596044434906,2025-12-15,109361717248.0,large_cap,0.1563401903592263,0.0229186981543265,0.7956560989857151,0.2622271785884977,0.2054590834262652,0.3230311720036111,0.1796363439580063,0.5095243249093566,2025-12-15,651.383544921875,45,-0.15123514514440606,2026-01-15,-0.3162038753149752,2026-03-18,,,,
LOW,2025-10-31,,20813000000.0,7116000000.0,2481000000.0,1616000000.0,3057000000.0,,4160000000.0,687000000.0,-597000000.0,90000000.0,53453000000.0,44696000000.0,-10382000000.0,621000000.0,20220000000.0,19451000000.0,23959000000.0,,,-0.13130765056972327,,,0.34190169605535004,0.11920434343919666,0.07764378032960169,0.14687935424974774,0.033008216018834385,0.004324220439148609,0.028683995579685772,0.0,0.19987507807620236,0.8361738349578134,4.305143517626662,0.011617682824163283,1.0395352424039894,0.3893701008362487,0.0037824089398610927,-0.025584671127354533,-0.022443869405362207,-0.021157709066751268,-0.14358513094890216,-0.1516088318585266,0.008023700909624416,0.0,0.025619057374169724,-0.0017718465970842923,0.8788277281529773,-0.09264283976561662,-0.007500184476040284,-0.12461711330542546,2025-12-15,122328940544.0,large_cap,-0.0312930525487108,0.0787637170450413,0.3331620336066161,0.12508067022014,0.0831441068910294,0.0919999043908502,0.920560530833836,1.9413020277481323,2025-12-15,246.4845428466797,45,0.11347388518889057,2026-01-15,-0.06693531248214413,2026-03-18,,,,
LULU,2025-10-31,,2565920000.0,1425916000.0,435886000.0,306835000.0,563345000.0,,988254000.0,249884000.0,-167441000.0,82443000.0,7955192000.0,1762794000.0,4502023000.0,1035862000.0,3923661000.0,1842179000.0,2525219000.0,,,0.016117809980045195,,,0.5557133503772526,0.1698751325060797,0.11958089106441354,0.21954893371578224,0.09738573299245495,0.032129996258651865,0.06525573673380308,0.0,0.3851460684666708,0.22159037770552867,0.39155597383665075,0.13021206779170133,2.1299021430599305,0.3225465834137001,-0.029266407814017237,-0.03755796537572778,-0.027299438918847327,-0.03529193355157159,-0.03277169097750568,-0.027578884436448244,-0.005192806541057429,0.0,0.008284497252451395,-0.012706464469971118,-0.010223352255899987,-0.023413687664015137,-0.13595785208565703,-0.013100319551818673,2025-12-15,13976446976.0,mid_cap,0.1007194095024595,-0.0853057001144601,0.5922493744407651,0.2366516038815556,0.1713821690448338,0.1495525270477514,0.2072511485814302,1.3925712704444335,2025-12-15,206.2899932861328,45,-0.006204851524336696,2026-01-15,-0.19826455585634917,2026-03-18,,,,
MDB,2025-10-31,,628309000.0,449132000.0,-18424000.0,-2007000.0,11713000.0,176610000.0,290946000.0,143510000.0,-1678000.0,141832000.0,3566649000.0,34625000.0,2888439000.0,834092000.0,2932314000.0,558033000.0,591402000.0,,,0.06240594384192133,,,0.7148266219328387,-0.029323151506663123,-0.0031942881607616635,0.018642101259093855,0.22840672344340127,0.22573606298811572,0.0026706604552855363,0.28108780870558914,0.46306196473391276,0.009707992011549217,0.011987443736911184,0.23385872845912228,5.25473224701765,0.17616227444864913,0.004693751228985854,0.08108229182968,0.0763590444285769,0.07298077444586022,0.10648457911517782,0.10472193046911848,0.0017626486460593247,-0.02621416186603559,-0.05017437873465852,-0.0003833079406537522,-0.00015809339661429153,0.0511574706321114,-0.4423077641232531,0.009196770466645438,2025-12-15,25088151552.0,mid_cap,0.1921746203679002,-0.1185407779062968,0.7332114592839168,-0.1076850924745931,-0.0643287648839264,0.0601268015089389,0.0106404904770525,0.584918839294486,2025-12-15,416.0,45,-0.06442304757925177,2026-01-15,-0.3545192571786734,2026-03-18,,,,
MDT,2025-10-31,,8961000000.0,5900000000.0,1696000000.0,1374000000.0,2523000000.0,754000000.0,2965000000.0,925000000.0,-468000000.0,457000000.0,91346000000.0,29100000000.0,48652000000.0,1282000000.0,23996000000.0,9935000000.0,8578000000.0,,,0.04464910235486119,,,0.658408659747796,0.18926459100546814,0.1533311014395715,0.2815533980582524,0.10322508648588327,0.05099877245843098,0.05222631402745229,0.08414239482200647,0.3308782501952907,0.3185689575898233,0.5981254624681411,0.014034549952926237,2.4152994464016104,0.09809953364131982,0.008257109269829144,0.012533418237923255,0.03209071906605784,0.02205234886263574,-0.023611005843331007,-0.017082365335926684,-0.006528640507404315,-0.0004927182579655548,0.003762372368291411,0.0040875787040122735,0.0007730310063408519,4.1233328030665026e-05,0.4011624125768054,0.0038067842239166566,2025-12-15,97767841792.0,large_cap,0.0362439747868001,-0.0001668235607836,0.6531591973044697,0.195008498076751,0.1390106449592986,0.1546053612428064,0.3110383944153577,0.3658049738219895,2025-12-15,97.05806732177734,45,0.0117473477185841,2026-01-15,-0.10874257512521035,2026-03-18,,,,
MRVL,2025-10-31,,2074500000.0,1069800000.0,367400000.0,1901300000.0,2582500000.0,512500000.0,189900000.0,582300000.0,-74700000.0,507600000.0,21579000000.0,4777500000.0,14056600000.0,2714500000.0,5512500000.0,2736700000.0,2006100000.0,,,0.03409600717810668,,,0.5156905278380333,0.17710291636538925,0.9165100024102193,1.244878283923837,0.2806941431670282,0.24468546637744035,0.03600867678958785,0.2470474813208002,0.09154013015184381,0.22139580147365495,0.33987593016803497,0.12579359562537654,2.0142872803010925,0.09613513137772835,0.011927006577876709,0.02815720079787018,0.81940616910181,0.9368677161555303,0.050595942678518135,0.03881337625232195,0.011782566426196194,-0.011663450337641573,-0.004566743882351884,-0.01061772208327369,-0.015988081097303986,0.06631714769641407,0.13336367758363332,-0.001313171619896289,2025-12-15,154876592128.0,large_cap,0.0471340123826642,0.1167164165991653,0.4130529017044371,-0.0635305949057618,-0.1534513550534912,0.2409446361382275,0.2149570640203915,0.2854463114652676,2025-12-15,84.15728759765625,45,-0.04536154849789642,2026-01-15,0.04062484361775498,2026-03-18,,,,
NCNO,2025-10-31,,152163000.0,93686000.0,11716000.0,6539000.0,22846000.0,29541000.0,52429000.0,5071000.0,-174000.0,4897000.0,1561174000.0,269371000.0,1041488000.0,87590000.0,209222000.0,208083000.0,148815000.0,,,0.0224977320834594,,,0.6156950112708083,0.07699637888317133,0.04297365325341903,0.15014162444221,0.03332610424347575,0.03218259366600291,0.0011435105774728416,0.19414049407543227,0.34455813831220466,0.17254386762782367,0.2586405220223373,0.05610521312806901,1.0054737772907927,0.09746703442409366,0.02351680342885687,0.1394632001041504,0.14549692039718815,0.13242835629047797,-0.08585542987606865,-0.052405653486501884,-0.033449776389566775,-0.03881317322961089,-0.07713322344568263,0.005785102095035327,0.003643919012169039,-0.019967625214596947,-0.020459611545140755,0.005379513067573269,2025-12-15,1628655232.0,low_cap,0.1345398001859223,-0.0325566816969375,0.6007283730720216,-0.0335351248573494,-0.0700592057441224,0.0987372770536587,0.147060850817291,0.335732351536686,2025-12-15,24.520000457763672,45,-0.009380079035174127,2026-01-15,-0.3805057383033714,2026-03-18,,,,
NVDA,2025-10-31,,57006000000.0,41849000000.0,36010000000.0,31910000000.0,38748000000.0,4705000000.0,1134000000.0,23751000000.0,-1636000000.0,22115000000.0,161148000000.0,10481000000.0,118897000000.0,11486000000.0,116492000000.0,26075000000.0,46743000000.0,,,0.2195622874013221,,,0.7341157071185489,0.6316878925025436,0.5597656387046978,0.6797179244290075,0.41664035364698454,0.3879416201803319,0.028698733466652634,0.08253517173630846,0.019892642879696873,0.06503959093504108,0.0881519298216103,0.07127609402536798,4.467574304889741,0.3537493484250503,0.009878923001140905,0.023254544193705984,-0.005495469910495987,-0.0035287649148515454,0.08792803308561709,0.0997701292619056,-0.011842096176288553,-0.009264669951216942,-0.004110951241347988,-0.010262384338512995,-0.01768941801272672,-0.011422499125122276,0.2535742224393145,0.02162628461945132,2025-12-15,5457368842240.0,large_cap,1.1420340763599357,-0.1165111894515869,0.7498869705816992,0.6241752683969747,0.5584802715771244,0.4663172333463604,0.0894436429781095,1.169317479234057,2025-12-15,176.28045654296875,45,0.06103586377437131,2026-01-15,0.023369223306450193,2026-03-18,,,,
PANW,2025-10-31,,2474000000.0,1836000000.0,309000000.0,334000000.0,501000000.0,528000000.0,999000000.0,1771000000.0,-84000000.0,1687000000.0,23536000000.0,346000000.0,8665000000.0,3066000000.0,7310000000.0,7418000000.0,2536300000.0,,,-0.024563340298860536,,,0.7421180274858529,0.12489894907033144,0.13500404203718674,0.20250606305578012,0.7158447857720291,0.6818916734033953,0.03395311236863379,0.21341956345998384,0.40379951495553756,0.014700883752549286,0.039930755914598964,0.13026852481305234,0.9854408196279321,0.1051155676410605,0.009830837484670063,-0.0711346431703341,0.034937015265905744,-0.06390563902993529,0.313368737985884,0.31344156892048713,-7.283093460321022e-05,0.014902037930669493,0.06606344272433462,0.00035590873537094496,-0.003293005651783122,0.03404436655175494,0.043678175661983176,-0.0024632618564836284,2025-12-15,196935139328.0,large_cap,0.1487387106820306,-0.0158992396132093,0.734143035297945,0.1347828444396248,0.1229626416526595,0.3762728406441468,0.0143449750171783,0.3911359761115023,2025-12-15,185.8800048828125,45,0.009952608113459549,2026-01-15,-0.09129546360514573,2026-03-18,,,,
PATH,2025-10-31,,411113000.0,342301000.0,13071000.0,198839000.0,17584000.0,96869000.0,232361000.0,28271000.0,-3164000.0,25107000.0,2895976000.0,82009000.0,1924617000.0,743660000.0,2093343000.0,788700000.0,361728000.0,,,0.13652523443029008,,,0.8326202285016528,0.03179417824296483,0.48366021020984495,0.04277169537329153,0.06876698134089654,0.061070800485511285,0.007696180855385259,0.23562621469036493,0.5651998355683231,0.02831825954358738,0.04261055576252314,0.25679080213371935,2.6541688855077976,0.14196008530457435,0.010599262471928883,0.08759577502286575,0.4792812293181252,0.08687942272644086,-0.04620061862371776,-0.05389679947910301,,-0.03623828017870795,-0.040758232372228975,-0.002275992625418187,-0.005002974380605617,0.014298468055749719,-0.0959519811569729,0.0024215952202212288,2025-12-15,5344953856.0,low_cap,0.0929551278522895,-0.1427292458517539,0.8272727018376346,-0.113711333572084,-0.0515463773306175,0.2137858965463213,0.0271586970861384,0.4989630994635758,2025-12-15,16.15999984741211,45,-0.084777221441526,2026-01-15,-0.22957921244913249,2026-03-18,,,,
ROST,2025-10-31,,5600946000.0,1568500000.0,648498000.0,511935000.0,823556000.0,,920002000.0,827088000.0,-209261000.0,617827000.0,15414966000.0,5188589000.0,5884002000.0,4061173000.0,7629652000.0,5019786000.0,5529152000.0,,,0.012984631277997094,,,0.2800419786228969,0.11578365511826037,0.09140152395684586,0.14703873238556486,0.14766934014361147,0.11030761589202967,0.03736172425158179,0.0,0.16425832350463654,0.336594255219246,0.8818129225652881,0.2634565006500825,1.5199157892388242,0.3633446872344707,0.003872142814440205,0.000345700075606456,-0.0004742284189253182,0.001446967138380495,0.026789682648212534,0.025912214933618685,0.0008774677145938353,0.0,0.0035264427388337627,-0.013029859653770959,-0.002255459341671928,-0.0019369633576566958,-0.05700210344260981,-0.01809401806473243,2025-12-15,68812906496.0,large_cap,0.0369181026730165,-0.0530009910456947,0.2777534276113092,0.1223701642734641,0.098949705618556,0.0774701611072326,0.3812346481111591,1.4175611116880855,2025-12-15,183.8892059326172,45,0.05160619591327564,2026-01-15,0.1268741967194913,2026-03-18,,,,
S,2025-10-31,,258913000.0,191062000.0,-70140000.0,-60291000.0,-55207000.0,83146000.0,178056000.0,21014000.0,-5146000.0,15868000.0,2431969000.0,10343000.0,1549922000.0,150206000.0,956962000.0,627625000.0,242183000.0,,,0.0690799932282613,,,0.7379389988142735,-0.270901808715669,-0.23286200383912742,-0.2132260643536632,0.08116239818008365,0.06128699601796742,0.01987540216211623,0.32113489859528105,0.6877059089346614,0.0042529325003731544,0.006673239040416228,0.06176312280296336,1.5247353116908982,0.10646229454405053,-0.012357264755010866,0.045945368831888045,0.0645122957607619,0.052961075123509005,0.0854690588457786,0.09112806661334365,-0.005659007767565043,-0.005440459708150658,-0.05286217387874825,-0.0006579709561064474,-0.0009823566475660192,-0.05651251744815088,-0.30626660527627214,0.0034269197021030845,2025-12-15,5757388800.0,low_cap,0.3224755857645607,-0.1488292399136468,0.74301153676194,-0.4009429540781607,-0.3511317031484148,0.0080247266760077,0.0079218823040565,0.3413331948267802,2025-12-15,14.84000015258789,45,-0.05121295290211314,2026-01-15,-0.03099730683404034,2026-03-18,,,,
SNOW,2025-10-31,,1212909000.0,822036000.0,-329473000.0,-293957000.0,-227968000.0,494027000.0,657482000.0,137519000.0,-23905000.0,113614000.0,8230191000.0,2685615000.0,2132933000.0,1941657000.0,4623495000.0,3383314000.0,1144969000.0,,,0.05933785106845679,,,0.6777392203372223,-0.27163868023075105,-0.24235701111954813,-0.1879514456566816,0.11337948683701746,0.09367067108909242,0.01970881574792503,0.4073075556369027,0.5420703449310706,0.3263125971195565,1.259118312670862,0.23591882618520033,1.3665580552085914,0.1473731290075771,0.0024772700136764803,0.025553645500338618,0.01792689176341203,0.022497046835254858,0.04796636211486341,0.04395753475090335,0.004008827363960049,-0.022401021625887862,-0.0006753538607743304,-0.002151312926489901,0.12438235520898822,0.006471145421890784,-0.11793977139936018,0.007687007949745112,2025-12-15,54437380096.0,large_cap,0.2921468781812435,-0.0664941172589526,0.6650467847416554,-0.4015033107250284,-0.3545227823988334,0.2437825322992855,0.2972424650246659,0.401419181756616,2025-12-15,215.27999877929688,45,-0.035024123601295365,2026-01-15,-0.195234109149107,2026-03-18,,,,
SNPS,2025-10-31,,2254860000.0,1600197000.0,121393000.0,448696000.0,1160399000.0,746842000.0,576006000.0,639738000.0,-34546000.0,605192000.0,48224461000.0,14293418000.0,28327602000.0,2888030000.0,6012102000.0,3722494000.0,1739737000.0,,,0.29609245535388395,,,0.7096657885633698,0.053836158342424806,0.19899062469510304,0.5146213068660582,0.2837151752215215,0.2683944901235553,0.01532068509796617,0.3312143547714714,0.2554508927383518,0.29639352526926116,0.5045756432189353,0.05988724270033832,1.61507365760697,0.046757598804473936,-0.07158620527248005,-0.041160384238436556,0.059596566857625294,0.2558000022665699,-0.10195231360006474,-0.09508286306258718,-0.006869450537477579,-0.02820836257028775,-0.054958094367170474,-0.01752382155137361,-0.04369780020836744,0.007503631052081676,-0.009575499659129294,0.010686112889076761,2025-12-15,96244596736.0,large_cap,0.1522038114228356,4.967015671741848e-05,0.7967683383392336,0.2212525761182981,0.3693845190712722,0.2068612385343559,0.0523542896996464,0.4686891352707957,2025-12-15,454.6700134277344,45,0.11771171934165481,2026-01-15,-0.0571843298043504,2026-03-18,,,,
TGT,2025-10-31,,25270000000.0,7133000000.0,948000000.0,689000000.0,1747000000.0,,5536000000.0,1127000000.0,-978000000.0,149000000.0,59991000000.0,20041000000.0,15501000000.0,3822000000.0,20702000000.0,21242000000.0,25211000000.0,,,0.002340248304311565,,,0.2822714681440443,0.03751483973090621,0.027265532251681837,0.06913335971507717,0.044598337950138504,0.005896319746735259,0.03870201820340324,0.0,0.2190740007914523,0.33406677668316914,1.2928843300432231,0.06370955643346501,0.9745786649091422,0.4212298511443383,-0.0076019997866209055,-0.01472426224838854,-0.009821453587832658,-0.014361939955701453,-0.03802432675971037,-0.03412589277954295,-0.003898433980167419,0.0,0.006508057354063873,-0.011130367705000477,-0.002187005884144,-0.011328040150863694,-0.015589362974122611,-0.01456209713659029,2025-12-15,55200583680.0,large_cap,-0.0078762149480504,0.0077762777205712,0.2821162472083028,0.0522305425745547,0.0383893549537375,0.0420021395191712,0.3440426526337655,1.8446917897142063,2025-12-15,95.67383575439453,45,0.13909382822118466,2026-01-15,0.19126803874368115,2026-03-18,,,,
TJX,2025-10-31,,15117000000.0,4927000000.0,1888000000.0,1442000000.0,2251000000.0,,3039000000.0,1532000000.0,-531000000.0,1001000000.0,35188000000.0,13194000000.0,9359000000.0,4640000000.0,15314000000.0,14001000000.0,14401000000.0,,,0.049718769529893736,,,0.3259244559105643,0.12489250512667857,0.09538929681815175,0.14890520605940333,0.10134285903287689,0.06621684196599854,0.035126017066878346,0.0,0.2010319507838857,0.3749573718313061,1.4097660006410941,0.13186313515971354,1.0937790157845868,0.4296066840968512,0.018654127461151082,0.012400317084181517,0.009075846363322232,0.011900831363201664,-0.023023504414105958,-0.026137855624446565,0.0031143512103406074,0.0,0.00625381037696951,-0.02403913113357148,-0.07015730186285363,-0.009204220777643907,-0.08043393080190064,-0.00831334023034963,2025-12-15,163030188032.0,large_cap,0.0395263478244831,-0.0462033862351132,0.3060326472675656,0.1118168914123491,0.0863023420865862,0.074485450674237,0.4024693691139878,1.775174021229015,2025-12-15,155.75804138183594,45,-0.0035096831733586464,2026-01-15,-0.021746007130458267,2026-03-18,,,,
ULTA,2025-10-31,,2857623000.0,1155665000.0,314745000.0,230875000.0,385206000.0,,840920000.0,5641000.0,-87274000.0,-81633000.0,7012292000.0,2574656000.0,2633014000.0,204921000.0,3370771000.0,2538351000.0,2788469000.0,,,0.024799988811064377,,,0.40441478809486064,0.11014224059646777,0.08079267279133742,0.13479944695293955,0.00197401826623036,-0.028566749357770427,0.030540767624000785,0.0,0.2942725474983929,0.36716326131313415,0.9778360464471514,0.02922311278537745,1.3279373104822776,0.40751625859276824,0.012911063291034586,-0.015359961507984521,-0.012762249282388338,-0.016223928239684077,-0.03264067531652061,-0.03558314437596859,0.0029424690594479774,0.0,0.028271024799019162,0.022125038804564845,0.09920701109194796,-0.007386431259186522,-0.0665976882090884,-0.01302619819275258,2025-12-15,21618143232.0,mid_cap,0.0078833417816936,-0.0899483840802772,,0.139758264550242,0.1063345247650113,0.0853555712666128,0.3204485800923173,1.8820779403411672,2025-12-15,591.2000122070312,45,0.12503379801059666,2026-01-15,-0.11933353575145556,2026-03-18,,,,
WDAY,2025-10-31,,2432000000.0,1841000000.0,264000000.0,252000000.0,452000000.0,666000000.0,911000000.0,588000000.0,-38000000.0,550000000.0,17751000000.0,3793000000.0,8879000000.0,2609000000.0,9175000000.0,5017000000.0,2348000000.0,,,0.035775127768313375,,,0.7569901315789473,0.10855263157894737,0.10361842105263158,0.18585526315789475,0.24177631578947367,0.22615131578947367,0.015625,0.2738486842105263,0.3745888157894737,0.21367810264210468,0.42718774636783424,0.14697763506281336,1.8287821407215468,0.1370063658385443,0.004860659687976332,0.0025049314085896224,0.006514502824352189,0.009534990585492703,-0.020574621178158337,-0.024274578588720508,0.00369995741056218,-0.007241605397650841,0.009597333677037578,0.0034448194173399282,0.015500001056015678,0.07660293432232007,-0.27576790983457045,0.006278678070602645,2025-12-15,31213191168.0,mid_cap,0.1635211461633834,-0.0042716466294092,0.7550319677954062,0.0590812218801799,0.0622780014207909,0.2591759412739758,0.1870167436168437,0.4698225510374367,2025-12-15,214.89999389648438,45,-0.1032107645683098,2026-01-15,-0.38441136787627894,2026-03-18,,,,
WMT,2025-10-31,,179496000000.0,44790000000.0,6696000000.0,6143000000.0,12476000000.0,,,9100000000.0,-7218000000.0,1882000000.0,288655000000.0,68424000000.0,96094000000.0,10582000000.0,92920000000.0,115732000000.0,177402000000.0,,,0.011803700071025158,,,0.24953202299772698,0.03730445246690734,0.034223603868609884,0.06950572714712305,0.050697508579578374,0.010484913312831483,0.04021259526674689,0.0,0.0,0.2370442223415496,0.7120527816512998,0.03665968024111829,0.8028894342100715,0.6218357554866536,-0.002049131667947568,-0.003766110435427468,-0.005381361126147788,-0.007015394373491149,-0.022249808812559252,-0.02625649884712162,0.00400669003456236,0.0,0.0,-0.0030042200795376284,-0.009443167743883873,0.0018379978269725122,0.010805159448084023,-0.03317814586360501,2025-12-15,1047786684416.0,large_cap,0.0507000964320154,-0.009559453469913,0.2485106133027893,0.0430963971306269,0.0285410104481009,0.0185907178572215,0.2304781403480521,2.610908547175671,2025-12-15,116.32880401611328,45,0.020635255117101847,2026-01-15,0.044438712338044306,2026-03-18,,,,
ZS,2025-10-31,,788112000.0,603359000.0,-36362000.0,-11615000.0,35037000.0,200498000.0,439223000.0,448280000.0,-34984000.0,413296000.0,6503087000.0,1834041000.0,1982328000.0,1338195000.0,4205961000.0,2305734000.0,719226000.0,,,0.09577796130840643,,,0.7655751974338673,-0.046138112349513774,-0.014737753009724507,0.04445687922528778,0.5688024037192684,0.5244127738189496,0.044389629900318736,0.25440292750268995,0.5573103822806911,0.2820262130892605,0.9251955276826035,0.20577842492342482,1.8241310576154925,0.12119044386150762,0.005054860293663754,-0.003139110644903541,0.009702409053382223,0.0024422690749317036,0.22036672425273074,0.2853766433119879,-0.06500991905925725,0.007462466507119708,0.003095156468498561,0.002180832609102623,-0.07330553357936176,-0.1663500296539759,-0.19030252866642683,0.009159517465283887,2025-12-15,25895344128.0,mid_cap,0.233116874430002,-0.1075357856365923,0.7687424596397835,-0.0475639843403669,-0.0155167286106284,0.2718525016694006,0.2798453804801579,0.416380316915186,2025-12-15,230.30999755859375,45,-0.08566712664099396,2026-01-15,-0.3226954663421493,2026-03-18,,,,
ACN,2025-11-30,,18742125000.0,6197118000.0,3181239000.0,2211561000.0,3329065000.0,,3015879000.0,1664097000.0,-156582000.0,1507515000.0,64698463000.0,8201999000.0,30867503000.0,9649405000.0,28066694000.0,19896521000.0,17596260000.0,,,0.06511980386741278,,,0.3306518337701835,0.169737369695272,0.11799947978150824,0.17762473572233672,0.08878913143520278,0.08043458252466036,0.008354548910542428,0.0,0.16091446407491147,0.12677270246744501,0.26571631012719105,0.14914426947051276,1.410633245882534,0.2896842387121314,0.01178100553736583,0.018283879010319637,0.037643597338307244,0.027673893895721308,-0.13365285339566468,-0.13587456498736777,0.0022217115917030836,0.0,-0.006502873472953807,0.0016426636511135129,0.003406676855719326,-0.026385160601072183,-0.009401701867567613,0.020607280000811745,2026-01-14,103897767936.0,large_cap,0.0736020532644121,0.0613621898821254,0.319139528084181,0.1555981740237682,0.1102067592145517,0.1560771545616602,0.1251300388163315,1.0654191717742134,2026-01-14,286.1136779785156,45,-0.2228807856498083,2026-02-13,-0.32194783076897315,2026-04-16,,,,
ADBE,2025-11-30,,6194000000.0,5545000000.0,2261000000.0,1856000000.0,2514000000.0,1098000000.0,2149000000.0,3160000000.0,-34000000.0,3126000000.0,29496000000.0,6648000000.0,11623000000.0,5431000000.0,10163000000.0,10200000000.0,5988000000.0,,,0.034402137608550376,,,0.8952211817888279,0.36503067484662577,0.29964481756538586,0.40587665482725216,0.5101711333548595,0.5046819502744592,0.005489183080400388,0.17726832418469488,0.34694865999354213,0.22538649308380798,0.5719693710745934,0.18412666124220234,0.9963725490196078,0.20999457553566586,0.002435610646543407,0.0021382232768195064,0.003719633864651073,-0.0052789897953263165,0.14310366508498645,0.1496385301007785,-0.006534865015791997,-0.004428402602212278,0.005098292592072506,-0.0053987889639071085,0.008163083903820256,0.010863810856169082,-0.02235242121526615,0.0017452884799518675,2026-01-14,100079919104.0,large_cap,0.1079911381317946,0.0055828682238086,0.89035108114392,0.3599627993489886,0.2585445245291792,0.3661009067658684,0.2003307972213033,0.711379424412835,2026-01-14,304.44000244140625,45,-0.13293260049980504,2026-02-13,-0.18486400712116913,2026-04-16,,,,
AZO,2025-11-30,,4628630000.0,2359313000.0,784205000.0,530823000.0,932399000.0,,,944171000.0,-315264000.0,628907000.0,19665585000.0,12049583000.0,-3228607000.0,287639000.0,8442513000.0,9813934000.0,6242726000.0,,,-0.25855627813874904,,,0.5097216671023608,0.16942486221624972,0.114682530251932,0.20144167928739173,0.20398498043697597,0.13587324975208648,0.06811173068488949,0.0,0.0,0.6127243608567963,3.73213060617164,0.014626516322804534,0.860257772265434,0.2353670129823242,-0.005516868114465945,-0.022168682014267527,-0.019385503488456426,-0.023532154259042953,0.05136655701105594,0.053998600760604226,-0.002632043749548285,0.0,-0.3236449909863095,-0.02218084661996822,0.13293041567943886,0.000583713422682583,-0.015993002862444428,-0.08716574337969796,2026-01-14,55024222208.0,large_cap,0.0242532450043448,-0.0349233965767921,0.5262486365892685,0.1906230501253068,0.1319121564570609,0.0945196023574353,0.6349052074767645,0.978475844682321,2026-01-14,3472.659912109375,45,0.11101000666829997,2026-02-13,0.004788872902622865,2026-04-16,,,,
COST,2025-11-30,,67307000000.0,8797000000.0,2463000000.0,2001000000.0,3215000000.0,,6334000000.0,4688000000.0,-1526000000.0,3162000000.0,82790000000.0,8102000000.0,30303000000.0,16217000000.0,43411000000.0,41805000000.0,86156000000.0,,,-0.2187775662751288,,,0.13069963005333768,0.03659351924762655,0.029729448645757498,0.04776620559525755,0.06965100212459328,0.046978768924480364,0.022672233200112916,0.0,0.09410611080571114,0.09786206063534243,0.26736626736626734,0.1958811450658292,1.0384164573615595,0.8129846599830898,0.0016430350396415827,-0.0021849755757171532,-0.000564436864247609,-0.002491466534367777,0.02476730278850526,0.024914141968725687,-0.00014683918022043163,0.0,0.0038280106153587568,-0.008144502355098435,-0.01287649768653748,0.01220820507957776,0.004138134627917234,-0.3044876807735998,2026-01-14,465369300992.0,large_cap,0.0816732363147614,0.0314730629687711,0.1284320671426235,0.0377241266554035,0.0294257634385161,0.0284738496194161,0.1060065629904408,3.569890660060442,2026-01-14,948.3065185546875,45,0.07244256214852562,2026-02-13,0.0395157923760836,2026-04-16,,,,
MU,2025-11-30,,13643000000.0,7646000000.0,6136000000.0,5240000000.0,8347000000.0,1171000000.0,337000000.0,8411000000.0,-5389000000.0,3022000000.0,85971000000.0,12425000000.0,58806000000.0,9731000000.0,29665000000.0,12060000000.0,11315000000.0,,,0.20574458683163943,,,0.5604339221578831,0.4497544528329546,0.3840797478560434,0.6118155830828996,0.6165066334383933,0.22150553397346626,0.39500109946492706,0.08583156197317306,0.0247013120281463,0.14452547952216446,0.21128796381321635,0.11318933128613137,2.4597844112769485,0.1586930476556048,0.1137702014331814,0.12337354253688743,0.10118094096253916,0.09003034225214401,0.1100992096646416,0.21514229932918874,-0.10504308966454706,-0.006700475145695703,-0.0030494612816194984,-0.039995885728203895,-0.07077609969643012,-0.003262756928559804,-0.058200572134960105,0.022035157368399783,2026-01-14,817223696384.0,large_cap,0.4885110111106685,-0.1273834547837973,0.397907860238643,0.2624270961528172,0.2284498903098079,0.0446251805875113,0.1845213652503683,0.451436025024759,2026-01-14,333.21002197265625,45,0.2349182946645485,2026-02-13,0.3721976556390887,2026-04-16,,,,
NKE,2025-11-30,,12427000000.0,5045000000.0,1006000000.0,792000000.0,1186000000.0,,4039000000.0,579000000.0,-193000000.0,386000000.0,37787000000.0,11282000000.0,14085000000.0,6974000000.0,24015000000.0,11640000000.0,11720000000.0,,,0.06032423208191129,,,0.4059708698800998,0.08095276414259274,0.06373219602478475,0.09543735414822564,0.046592097851452484,0.031061398567634988,0.015530699283817494,0.0,0.32501810573750706,0.2985682906819806,0.8009939652112176,0.1845608277979199,2.0631443298969074,0.328869717098473,-0.015786809300787574,0.0018572010026609992,0.0017014793012352578,-0.0005524069439245272,0.027650118329268183,0.029781535086406317,-0.0021314167571381357,0.0,-0.017644010303448587,0.0022967955301083087,-0.020286106068853726,-0.0035786697110531396,-0.12712237343001043,0.014946751437145522,2026-01-14,62019551232.0,large_cap,-0.0983801253845255,-0.1012112166237626,0.4273467360556263,0.0799412641171262,0.0695113260921203,0.070569435746831,0.3012110773941332,1.2659996172667378,2026-01-14,65.13764953613281,45,-0.03721215096954433,2026-02-13,-0.29840881443551337,2026-04-16,,,,
ORCL,2025-11-30,,16058000000.0,10684000000.0,5158000000.0,6135000000.0,9509000000.0,2561000000.0,2558000000.0,2066000000.0,-12033000000.0,-9967000000.0,204984000000.0,124386000000.0,29951000000.0,19241000000.0,34366000000.0,37795000000.0,14926000000.0,,,0.07584081468578319,,,0.6653381492091169,0.3212106115331922,0.3820525594719143,0.5921658986175116,0.12865861252958027,-0.6206875077842819,0.7493461203138623,0.15948436916178851,0.1592975463943206,0.6068083362603911,4.1529832059029745,0.09386586270147913,0.9092737134541606,0.07833782148850642,-0.007447593789677076,0.0068598142666773665,0.18595179570399256,0.18207612238811322,-0.41669848247242963,-0.5964345264094997,0.1797360439370701,-0.0074056214586054325,-0.004108590547927837,0.022659906510156924,-0.21105587665064007,0.03598247182649507,0.2914776558727793,-0.004378070536387044,2026-01-14,554933092352.0,large_cap,0.0837975113762958,0.0236021316269263,0.70509939197547,0.3145002526176414,0.2167807801529643,-0.0068642310841652,0.6183379761346155,0.3409281246844578,2026-01-14,192.9361572265625,45,-0.172873328174736,2026-02-13,-0.07565280193453727,2026-04-16,,,,
AAPL,2025-12-31,,143756000000.0,69231000000.0,50852000000.0,42097000000.0,54066000000.0,10887000000.0,7492000000.0,53925000000.0,-2373000000.0,51552000000.0,379297000000.0,90509000000.0,88190000000.0,45317000000.0,158104000000.0,162367000000.0,102466000000.0,,,0.40296293404641537,,,0.4815868555051615,0.35373827875010433,0.292836472912435,0.3760956064442528,0.3751147778179693,0.3586076407245611,0.016507137093408276,0.07573249116558613,0.05211608558947105,0.23862303155574655,1.0262954983558226,0.1194762943023541,0.9737446648641658,0.37900642504422655,0.009810851757576955,0.037272329069234555,0.024786583192918266,0.029112216832088755,0.08498927277239321,0.10012189911270936,-0.01513262634031608,-0.010793771204370736,-0.016667706107286906,-0.03600319429263937,-0.3117349629030439,0.01944873620068975,0.08045174264549904,0.09377728917165074,2026-02-14,4409585041408.0,large_cap,0.0642551178283274,0.0440351770531863,0.4690516410716045,0.3197079976259188,0.2691506412181824,0.2373288222586931,0.2746262258483859,1.1584451663368045,2026-02-17,263.6371154785156,45,-0.05282704513939973,2026-03-18,,,,,,
ABBV,2025-12-31,,16618000000.0,12066000000.0,5809000000.0,1816000000.0,5369000000.0,2579000000.0,3895000000.0,5218000000.0,-329000000.0,4889000000.0,133960000000.0,67496000000.0,-3270000000.0,5229000000.0,29062000000.0,43289000000.0,15776000000.0,15102000000.0,,0.053372210953346766,0.10038405509204074,,0.7260801540498255,0.34956071729449995,0.10927909495727524,0.3230834035383319,0.3139968708629197,0.2941990612588759,0.019797809604043808,0.15519316403899386,0.2343844024551691,0.5038518960883845,20.64097859327217,0.03903404001194386,0.6713483794959458,0.1240519558077038,0.0622870506015496,0.05899276597604153,0.09748903410534826,0.100213220982551,-0.13123639485716143,-0.12688359594193543,-0.004352798915225969,0.008197727933517196,0.008154686430828312,-0.009546362287394028,-5.378324964638505,-0.003005422862781673,-0.053157218229422876,0.006230927861057847,2026-02-14,371715538944.0,large_cap,0.0371147685849995,0.1014686460094663,0.6999325451769801,0.2111335960521177,0.0759399297049739,0.3165406326552348,0.4967705181228313,0.4167918260444951,2026-02-17,230.94406127929688,45,-0.10529938586667464,2026-03-18,,,,,,
ABT,2025-12-31,,11459000000.0,6537000000.0,2251000000.0,1776000000.0,3270000000.0,735000000.0,3129000000.0,3315000000.0,-689000000.0,2626000000.0,86713000000.0,13860000000.0,52130000000.0,8522000000.0,25996000000.0,16496000000.0,11369000000.0,,,0.007916263523616962,,,0.5704686272798674,0.1964394798848067,0.1549873461907671,0.285365215114757,0.28929225935945546,0.22916484859062747,0.060127410768827994,0.06414172266340867,0.27306047648136833,0.15983762526956743,0.26587377709572224,0.09827822817801253,1.5758971871968963,0.13214858210418276,0.016857931528262093,0.01550887912836374,0.010383599159365903,0.01339758383672024,0.04415196557812026,0.027651962672780694,0.01650000290533956,-0.00323447577093032,0.004699143030757025,0.0061093492928030735,0.01189960431242748,0.009053818869498728,-0.12750426665031256,-0.0029056462846460684,2026-02-14,147130957824.0,large_cap,0.0458999227106136,0.127085637323584,0.554088200238379,0.1626936829558999,0.3194755661501788,0.1513945172824791,0.1845014370992704,0.5152676443854866,2026-02-17,111.56011199951172,45,-0.033582774710073426,2026-03-18,,,,,,
AEP,2025-12-31,,5315300000.0,3274100000.0,1180300000.0,582000000.0,2155800000.0,,,1813200000.0,-2492900000.0,-679700000.0,114460000000.0,49508000000.0,31138000000.0,197000000.0,6052000000.0,13314000000.0,6010400000.0,,,-0.11564954079595369,,,0.6159765206103136,0.2220570805034523,0.10949523074896995,0.40558388049592686,0.3411284405395744,-0.12787613116851354,0.46900457170808796,0.0,0.0,0.43253538354010135,1.5899543965572611,0.0017211252839419884,0.4545591107105303,0.046438056963131226,0.012838626293795619,-0.031070831116406628,-0.05222445512884184,-0.011360083300159918,-0.06811220900122156,-0.4264752260706831,0.3583630170694616,0.0,0.0,-0.0018272444036827595,0.014070779626301766,-0.007962921027512978,-0.23160556881255528,-0.00807631219521749,2026-02-14,68094746624.0,large_cap,0.0389316194289326,0.072410068472951,0.6318138025455099,0.2254956645200547,0.1504487602048577,-0.0490340246437807,0.443964764547236,0.1913211354508236,2026-02-17,129.30096435546875,45,0.005604996443182797,2026-03-18,,,,,,
AMD,2025-12-31,,10270000000.0,5577000000.0,1752000000.0,1511000000.0,2861000000.0,2330000000.0,1198000000.0,2600000000.0,-222000000.0,2378000000.0,76926000000.0,3847000000.0,62999000000.0,5539000000.0,26947000000.0,9455000000.0,9246000000.0,7658000000.0,,0.11075059485182792,0.3410812222512405,,0.5430379746835443,0.1705939629990263,0.14712755598831548,0.27857838364167475,0.25316455696202533,0.23154819863680623,0.021616358325219083,0.22687439143135346,0.11665043816942551,0.05000909965421314,0.0610644613406562,0.07200426383797416,2.850026441036489,0.13350492681278112,0.02605765887130118,0.033237268212091414,0.012691042901575272,0.0508042110264898,0.019658175824236013,0.025945775967543855,-0.006287600143307849,-0.004468892150736092,0.001032873817273225,-0.0003218883677920323,-0.00259732513738295,0.009474188796681937,0.5423341333441813,0.013256783336951697,2026-02-14,691537707008.0,large_cap,0.1369047619047618,0.1759285320839915,0.4935039751793678,0.0808997479154547,0.0636416521233275,0.0932712817529571,0.0319533123392944,0.3724756594343166,2026-02-17,203.0800018310547,45,-0.01782546328810375,2026-03-18,,,,,,
AMGN,2025-12-31,,9866000000.0,6890000000.0,2720000000.0,1333000000.0,3299000000.0,2142000000.0,1952000000.0,1603000000.0,-642000000.0,961000000.0,90586000000.0,54604000000.0,8658000000.0,9129000000.0,29057000000.0,25489000000.0,9557000000.0,,,0.0323323218583238,,,0.6983579971619704,0.27569430366916686,0.13511048043786741,0.33438070139874315,0.16247719440502736,0.09740523008311372,0.06507196432191364,0.21710926413946888,0.19785120616257856,0.6027863025191531,6.306768306768307,0.10077716203386837,1.1399819529993331,0.10891307707592784,0.020844132978649288,0.011385420128306734,-0.20139679171866706,-0.28432809843384027,-0.3276347654149998,-0.3470857189594728,0.019450953544473022,0.01830210708181479,0.017878411352491713,-0.002787187901410193,0.6318540745196319,-0.004003126625010497,-0.1396747860213634,0.002890290552592184,2026-02-14,176207396864.0,large_cap,0.1856686768357573,0.1147421107148745,0.6153063666826233,0.2171493537577788,0.1223671613212063,0.3109741503111536,0.6543951915852743,0.3639412450048454,2026-02-17,370.56170654296875,45,-0.05860293450330023,2026-03-18,,,,,,
AMT,2025-12-31,,2737500000.0,2023400000.0,1244100000.0,820700000.0,1825200000.0,,236500000.0,1427500000.0,-579200000.0,848300000.0,63190400000.0,44963900000.0,3652500000.0,1474800000.0,2741800000.0,6913800000.0,2717400000.0,,,0.0073967763303157685,,,0.7391415525114156,0.45446575342465756,0.2997990867579909,0.6667397260273973,0.5214611872146119,0.3098812785388128,0.2115799086757991,0.0,0.08639269406392694,0.711562199321416,12.310444900752909,0.023338988200739354,0.3965691804796205,0.04332145389173039,0.0007151154760141054,0.0006128057540901177,-0.014214308399144615,-0.0030181307474610453,-0.0158170934948898,-0.0560935503417348,0.040276456846844944,0.0,0.0006489684438489296,0.007036985942524221,0.922988225568858,-0.007193797722279897,-0.19330318124558182,0.0007881107496724021,2026-02-14,79495331840.0,large_cap,0.0114859870957431,-0.0265425031690462,0.7457935065960977,0.4545185243700134,0.2226676672722964,0.3654020854727862,0.7196458919338413,0.165809284612639,2026-02-17,191.1798095703125,45,-0.0642187504988363,2026-03-18,,,,,,
AMZN,2025-12-31,,213386000000.0,103427000000.0,24977000000.0,21192000000.0,46755000000.0,,16968000000.0,54459000000.0,-39522000000.0,14937000000.0,818042000000.0,152987000000.0,411065000000.0,86810000000.0,229083000000.0,218005000000.0,180169000000.0,,,0.18436578989726304,,,0.48469440356911886,0.11705079058607407,0.0993129821075422,0.21910996972622385,0.2552135566532012,0.06999990627313882,0.18521365038006243,0.0,0.07951786902608418,0.18701607007953136,0.37217228418863196,0.1061192457111004,1.0508153482718285,0.2608496874243621,-0.02315655858308263,0.020352690468961793,-0.018282164671315423,-0.03345290179995433,0.05803757188334627,0.06761325818162474,-0.009575686298278457,0.0,-0.0013006957658611568,0.000980772293095733,0.0058096143909147635,0.014183444985472207,0.042259845085287795,0.013337938209818212,2026-02-14,2841383010304.0,large_cap,0.1099089224666614,-0.0083868188321754,0.4885439346415678,0.1075194487420038,0.0928711719718665,0.0515362272497135,0.2094755270493875,1.020907545919788,2026-02-17,201.14999389648438,45,0.043350740667636334,2026-03-18,,,,,,
ANET,2025-12-31,,2487800000.0,1563800000.0,1032900000.0,955800000.0,1055700000.0,348400000.0,182500000.0,1261900000.0,-37000000.0,1224900000.0,19448600000.0,,12370500000.0,1963900000.0,16387000000.0,5376500000.0,2308300000.0,,,0.07776285578131081,,,0.6285875070343275,0.4151861082080553,0.3841948709703352,0.42435083206045504,0.5072353083045261,0.49236273012300025,0.014872578181525846,0.14004341184982716,0.07335798697644505,,,0.10097899077568566,3.0478936110852786,0.1279166623818681,-0.016995822688845363,-0.00858896435616946,0.014658848789509515,-0.009474927156284563,-0.0421733474161341,-0.04400602610452653,0.00183267868839237,-0.0011860643880968469,-0.007220793944579085,,,-0.027927086082609617,-0.20603858794613616,2.450334636436291e-05,2026-02-14,178764283904.0,large_cap,0.1950274734650694,-0.1425176899677851,0.6413302680241607,0.420470934300524,0.4072624980365838,0.5249389556053747,,0.4986577802462279,2026-02-17,142.5800018310547,45,-0.04565853852737167,2026-03-18,,,,,,
AON,2025-12-31,,4300000000.0,2183000000.0,1337000000.0,1693000000.0,2633000000.0,,457000000.0,1397000000.0,-74000000.0,1323000000.0,50784000000.0,16071000000.0,9352000000.0,1195000000.0,25774000000.0,23226000000.0,3997000000.0,,,0.07580685514135599,,,0.5076744186046511,0.3109302325581395,0.39372093023255816,0.6123255813953489,0.32488372093023254,0.30767441860465117,0.017209302325581394,0.0,0.10627906976744186,0.3164579395085066,1.7184559452523525,0.023531033396345307,1.109704641350211,0.08467233774417139,0.07284829901495887,0.09877111321863488,0.2791349907779672,0.3513798721133874,0.03766830937156357,0.03772195425638997,-5.3644884826412054e-05,0.0,-0.02131662700513756,-0.02473151766367615,-0.5007152349970494,0.002325308819007353,0.05130524685552906,0.0072666015472583195,2026-02-14,67750879232.0,large_cap,0.1735944976076555,0.1017137379313994,0.4723531660084087,0.2690788635494967,0.1690661230730029,0.1794496114154669,0.3654038598999285,0.3205963443275809,2026-02-17,325.10235595703125,45,-0.02478833570481953,2026-03-18,,,,,,
APD,2025-12-31,,3102500000.0,995000000.0,756500000.0,678200000.0,1276000000.0,20400000.0,228700000.0,900700000.0,-1251200000.0,-350500000.0,41240700000.0,18138800000.0,15411300000.0,1026400000.0,5103200000.0,3497900000.0,3166900000.0,,,-0.02033534371151602,,,0.32070910556003224,0.24383561643835616,0.2185979049153908,0.4112812248186946,0.29031426269137794,-0.11297340854149879,0.40328767123287673,0.006575342465753425,0.07371474617244157,0.43982764599048996,1.1769805272754408,0.024888035363124294,1.458932502358558,0.07522908195059734,-0.0018144979639186376,-0.012503390161157535,0.21705065050255806,0.2212215450056282,-0.10793007719936693,-0.03197937652280543,-0.07595070067656151,-0.002045074977171834,0.0045303702843491195,-0.008453506970456937,-0.048065895662482205,-0.020314658288771128,0.07795303049585467,-0.001900449582908914,2026-02-14,65775423488.0,large_cap,-0.0052311455630299,0.0344037750718907,0.3141319066568084,0.2400039876051938,-0.032773130187002,-0.3128442424796258,0.4482811529609469,0.2931672329180823,2026-02-17,275.95977783203125,45,0.013432235019601446,2026-03-18,,,,,,
APH,2025-12-31,,6439000000.0,2461100000.0,1770100000.0,1195500000.0,2027500000.0,,691000000.0,1722200000.0,-253700000.0,1468500000.0,36236900000.0,15502000000.0,13413100000.0,11130600000.0,20267200000.0,6802800000.0,6194400000.0,,,0.03948727883249381,,,0.3822177356732412,0.27490293523839104,0.18566547600559094,0.3148780866594192,0.2674638919086815,0.22806336387637832,0.03940052803230315,0.0,0.10731480043485013,0.42779597592509294,1.1557358105136024,0.30716203648766865,2.979243840771447,0.17769180034715995,0.0013414603277678294,9.020115599406298e-05,-0.015435518441005991,0.00019062701845312668,0.03002362327895139,0.03214446939103671,-0.0021208461120853297,0.0,0.001251259171773808,0.13058859280605672,0.5114141888272211,0.16718856266384668,0.9097072509220179,-0.0505217353710731,2026-02-14,153779306496.0,large_cap,0.2125100559949659,0.2179208141348693,0.3376339282781635,0.2157501625861378,0.1592358779979898,0.1411904589855938,0.3211770412589435,0.7100073693342412,2026-02-17,148.27694702148438,45,-0.13973219183002006,2026-03-18,,,,,,
AXP,2025-12-31,,18981000000.0,,,2462000000.0,,,4117000000.0,3067000000.0,-721000000.0,2346000000.0,300052000000.0,57759000000.0,33474000000.0,47708000000.0,,,18426000000.0,,,0.030120481927710774,,,,,0.1297086560244455,,0.1615826352668458,0.12359728149201833,0.03798535377482746,0.0,0.21690111163795375,0.19249663391678776,1.7254884387883134,0.15899910682148427,,0.06325903510058256,,,-0.02778618821738668,,-0.17668937167985993,-0.17912712966612776,0.002437757986267816,0.0,0.008608481658576778,-0.0065724301060655355,-0.10173184686427628,-0.020695062225734695,,0.0013333083319722466,2026-02-14,213895708672.0,large_cap,0.0897959183673469,-0.054977264637458,,,0.153588378898846,0.184066475609941,0.1882001466140624,0.2429409749466774,2026-02-17,343.4442443847656,45,-0.14553152346711795,2026-03-18,,,,,,
BA,2025-12-31,,23948000000.0,1812000000.0,-815000000.0,8220000000.0,9514000000.0,964000000.0,1663000000.0,1331000000.0,-965000000.0,366000000.0,168235000000.0,54433000000.0,5454000000.0,10921000000.0,128459000000.0,108115000000.0,23270000000.0,,,0.029136226901590012,,,0.07566393853348923,-0.034032069483881745,0.3432436946717889,0.39727743444128943,0.055578753966928345,0.01528311341239352,0.04029564055453483,0.04025388341406381,0.06944212460330716,0.3235533628555295,9.98038137147048,0.06491514845305674,1.1881700041622347,0.1423485006092668,0.17772668026103544,0.17198426055479468,0.5725947905033316,0.5697742114073401,0.007319192299545446,0.005055352346643628,0.0022638399529018235,0.0017063973805442542,0.004036022325696498,-0.03207877355022165,3.513351068440177,0.023768124330088923,0.006140659576272078,-0.012761049259753299,2026-02-14,173812793344.0,large_cap,-0.1449597655346171,-0.3128975507856379,-0.0299321977840251,-0.1627253183396725,-0.1776538328547589,-0.2164559435933671,0.3465525731790769,0.4254011498884007,2026-02-17,244.0399932861328,45,-0.15591701704546346,2026-03-18,,,,,,
BAC,2025-12-31,,31180000000.0,,,7528000000.0,,,12958000000.0,-22945000000.0,,-22945000000.0,3411738000000.0,365904000000.0,303243000000.0,239319000000.0,,,28088000000.0,,,0.1100825975505555,,,,,0.24143681847338036,,-0.7358883899935856,-0.7358883899935856,,0.0,0.41558691468890313,0.10724856363530845,1.2066362620076967,0.07014577321001789,,0.009139037053841767,,,-0.06007984344630066,,-2.4047149351374193,-2.4047149351374193,,0.0,-0.04838346412055289,-0.000188132023201254,0.0043295206415376875,-0.004689788863903671,,0.0008868797058139057,2026-02-14,353197326336.0,large_cap,0.0300382411038349,-0.0523103634248645,,,0.2548084189842805,-0.0831790356711003,0.1001656088570842,0.0324582321338828,2026-02-17,52.44353103637695,45,-0.10703949742492536,2026-03-18,,,,,,
BILL,2025-12-31,,414671000.0,331083000.0,-17664000.0,-2588000.0,38395000.0,82806000.0,234936000.0,105317000.0,-14184000.0,91133000.0,10126434000.0,1887090000.0,3806809000.0,1094530000.0,7325431000.0,4430240000.0,395741000.0,,,0.047834315878314326,,,0.7984233283735781,-0.042597625587513954,-0.006241092335851796,0.09259147613409184,0.25397724943388855,0.21977181910478427,0.03420543032910428,0.19969083924364134,0.5665599957556714,0.18635286617184293,0.49571438966336373,0.10808642015540712,1.6535065820361876,0.04094936085101626,-0.006997388711586172,-0.012656325595852742,0.0012436009357576659,0.027351837077233945,0.00923384402479524,0.011903541620267882,-0.002669697595472649,-0.003191854235174346,-0.004861716930150917,-0.0029556373663930102,0.0007723246989612687,-0.00023802674741120466,-0.020640612645895784,0.0019648816073372863,2026-02-14,3990840832.0,low_cap,0.1336240439259262,-0.085281015083888,0.8139555713572684,-0.0551098408965041,0.0162720416800563,0.2117327717647702,0.1761571115687607,0.1453271677155225,2026-02-17,45.119998931884766,45,-0.11391842888578119,2026-03-18,,,,,,
BL,2025-12-31,,183181000.0,137731000.0,12839000.0,4886000.0,25913000.0,28182000.0,96710000.0,26680000.0,-6800000.0,19880000.0,1759519000.0,920407000.0,332326000.0,390034000.0,1025209000.0,695377000.0,178290000.0,,,0.027432834146615015,,,0.751884747872323,0.0700891468001594,0.026673071988907147,0.1414611777422331,0.1456482932181831,0.10852653932449326,0.037121753893689845,0.1538478335635246,0.527947767508639,0.5231014839851118,2.769590703104783,0.22167080889720428,1.4743211236494735,0.10410856603424004,0.0008555258183658987,0.014696247591005775,-0.0029696449329617187,-0.012551946942269687,-0.2121956688660617,-0.21121657582498232,-0.0009790930410793486,0.0005526403390027634,-0.01439336211164255,-0.016982421296296013,-0.03336086558239337,-0.024774544090718192,-0.046489441083942484,-0.0005324008250519319,2026-02-14,1598509952.0,low_cap,0.1073566600451527,-0.0208765148245257,0.7520953996106138,0.0310039550858976,0.2466938910453426,0.2510132611703625,0.5022377640769826,0.3579852671399359,2026-02-17,37.34000015258789,45,0.033476164833742494,2026-03-18,,,,,,
BLK,2025-12-31,,7008000000.0,3198000000.0,2228000000.0,1127000000.0,2116000000.0,,702000000.0,2277000000.0,-130000000.0,2147000000.0,169998000000.0,14996000000.0,55888000000.0,11468000000.0,27424000000.0,1740000000.0,6509000000.0,5677000000.0,,0.07666308188661852,0.2344548176853971,,0.4563356164383562,0.3179223744292237,0.1608162100456621,0.3019406392694064,0.3249143835616438,0.3063641552511416,0.018550228310502282,0.0,0.10017123287671233,0.08821280250355887,0.26832235900372176,0.06745961717196673,15.760919540229885,0.041224014400169415,-0.0030283411588169495,0.003742008781658812,-0.04244081868378943,-0.07876300184289964,0.10767671264445222,0.10110989192344147,0.006566820721010809,0.0,-0.006143101122365879,-0.004255940196924282,-0.002629927600864057,0.006119087795637454,1.3477968184801892,0.001213441626291542,2026-02-14,167947649024.0,large_cap,0.1426731619911529,0.1434564664168229,0.4942421718037928,0.3693830548341255,0.3120987896310089,0.2303621306414465,0.1026007286368719,0.1472207192583775,2026-02-17,1066.7314453125,45,-0.09226450404775832,2026-03-18,,,,,,
BMY,2025-12-31,,12503000000.0,8406000000.0,2813000000.0,1087000000.0,2879000000.0,2586000000.0,2181000000.0,1974000000.0,-370000000.0,1604000000.0,90038000000.0,47139000000.0,18473000000.0,10209000000.0,29390000000.0,23417000000.0,12222000000.0,,,0.022991327115038374,,,0.6723186435255538,0.2249860033591938,0.08693913460769416,0.23026473646324883,0.15788210829400945,0.12828921058945852,0.029592897704550907,0.20683036071342878,0.17443813484763657,0.5235456140740576,2.5517782709900936,0.1133854594726671,1.2550711021907162,0.13886359092827472,-0.04663079191872699,-0.07275577376402662,-0.09314595784853232,-0.1465148413472568,-0.3584818255956977,-0.3618924290767172,0.0034106034810195696,-9.763652468769424e-06,0.02806274620420668,-0.003253093725589351,-0.19946148752650839,-0.04892398742016904,-0.011278059026230025,0.012719240176383373,2026-02-14,116398063616.0,large_cap,0.0731902413011598,0.0981691186598547,0.710807453416149,0.1218840579710145,-0.1852587991718426,0.2886542443064182,0.5528978542811788,0.5215813742535339,2026-02-17,59.73408126831055,45,-0.016238592532274443,2026-03-18,,,,,,
BOOT,2025-12-31,,705643000.0,281240000.0,114781000.0,85810000.0,135277000.0,,166459000.0,209698000.0,-61732000.0,147966000.0,2398456000.0,704066000.0,1283045000.0,200071000.0,1057616000.0,441405000.0,505396000.0,608170000.0,,0.3962180151801755,0.16027262114211482,,0.39855847787053794,0.16266157249487348,0.12160540103139973,0.19170742145815944,0.2971729330553835,0.20968960224929603,0.0874833308060875,0.0,0.23589690537566446,0.2935496836298018,0.5487461468615676,0.08341658133399153,2.3960217940440187,0.2942071899588735,0.03419271320283185,0.051020403985427426,0.0380629907234432,0.03978101127683628,0.24625246672798876,0.24490753036902788,0.0013449363589608937,0.0,-0.016827690782595578,-0.0024606580085430596,-0.005463423096033759,0.05473156390219755,0.050656169847208776,0.07023467311980927,2026-02-14,4365484032.0,low_cap,0.146426923909829,0.1407597454636879,0.3751956984025987,0.125242791601085,0.0946793057834633,-0.0003940130940022,0.2790075028951631,0.9470188863247706,2026-02-17,197.52999877929688,45,-0.2007289735306782,2026-03-18,,,,,,
BROS,2025-12-31,,443610000.0,107130000.0,33959000.0,21370000.0,70303000.0,,71934000.0,79639000.0,-71167000.0,8472000.0,3009314000.0,1089022000.0,680818000.0,269404000.0,357378000.0,240499000.0,423584000.0,342786000.0,,0.047277517564402904,0.29413103218917924,,0.24149590856833705,0.07655147539505422,0.048172944703681164,0.15847929487612994,0.1795248078266946,0.019097856225062555,0.16042695160163206,0.0,0.16215594779197945,0.3618838047475272,1.5995787420426604,0.08952339303907801,1.485985388712635,0.14741233384086871,-0.010588683861971954,-0.021398399954345185,0.006870629224342943,-0.008441551992495883,-0.03088210083841078,-0.02556860898608801,-0.0053134918523227714,0.0,0.010202616221381883,0.007134296106690086,0.020771418383023876,-0.0019192059779641057,-0.03385814409557675,0.0024484615302537427,2026-02-14,8910600192.0,low_cap,0.3264100578187903,0.0195625370748782,0.2655152359652307,0.0828194829880992,0.0275234872347318,0.0192769015194982,0.3769999820078086,0.5121837122688753,2026-02-17,53.61000061035156,45,-0.045327369474168044,2026-03-18,,,,,,
BSX,2025-12-31,,5286000000.0,3678000000.0,1041000000.0,672000000.0,1155000000.0,569000000.0,1834000000.0,1364000000.0,-425000000.0,939000000.0,43673000000.0,11436000000.0,24232000000.0,1965000000.0,8794000000.0,5439000000.0,5065000000.0,,,0.04363277393879561,,,0.695800227014756,0.19693530079455165,0.1271282633371169,0.2185017026106697,0.2580401059402194,0.17763904653802498,0.08040105940219447,0.10764283011729096,0.34695421869088156,0.26185515077965793,0.4719379333113239,0.04499347422892863,1.6168413311270453,0.12103588029217137,-0.003508756203407848,-0.010369733756287441,-0.02193392817324835,-0.05158714240413781,-0.0071129049186157145,-0.037958189394847686,0.030845284476231978,0.006162079870499257,0.0032227280689664517,-0.020206337969259136,-0.042958412061619045,0.0151388836465885,0.10877076055647472,0.002437055743502531,2026-02-14,78301192192.0,large_cap,0.1760533707865168,0.0532020855002843,0.686093031587747,0.1792559861467725,0.1107063951752552,0.1412193228637965,0.2727757329610357,0.4251047087193806,2026-02-17,76.29000091552734,45,-0.0656704951646,2026-03-18,,,,,,
BX,2025-12-31,,3736455000.0,,,1015201000.0,,,460396000.0,1067795000.0,-22350000.0,1045445000.0,47708975000.0,13306165000.0,8665526000.0,2631241000.0,,,2685881000.0,2702643000.0,,0.39114688997762737,0.38251888984227667,,,,0.2717016530374379,,0.2857775618868687,0.2797959563275886,0.00598160555928012,0.0,0.12321732765415347,0.27890276410256143,1.5355288299867775,0.05515190800053868,,0.07831765406823349,,,0.039034234041585125,,-0.30905333345063885,-0.30612575800003805,-0.00292757545060081,0.0,-0.023341659881035176,0.0020478276402075,-0.0002173335923987274,0.002939963623339502,,0.020624131086785374,2026-02-14,144092463104.0,large_cap,0.5600239144275674,0.5776868192290489,,,0.2540137998671611,0.312907962461141,0.2826485698429084,0.2514509185959241,2026-02-17,130.18373107910156,45,-0.13593124997875572,2026-03-18,,,,,,
C,2025-12-31,,19670000000.0,,,2471000000.0,,,7410000000.0,26555000000.0,-1631000000.0,24924000000.0,2657202000000.0,367705000000.0,212291000000.0,349579000000.0,,,22095000000.0,19586000000.0,,-0.10975333785924413,0.0042887776983560055,,,,0.12562277580071174,,1.3500254194204373,1.267107269954245,0.08291814946619216,0.0,0.37671581087951195,0.13838052206794968,1.732080022233632,0.13155906099724446,,0.007402523406199454,,,-0.044189398899446675,,1.3002404001853163,1.2905062289947518,0.00973417119056419,0.0,0.025912461705490664,-0.0018690545600222042,-0.007666390125596667,-0.00015836300865909592,,-0.0009589558887796844,2026-02-14,210502303744.0,large_cap,0.0330644128569599,-0.0154049748981421,,,0.1572044823482745,-0.3243876437921459,0.1427168930850487,0.0342855442859905,2026-02-17,113.24430847167969,45,-0.04491119746889438,2026-03-18,,,,,,
CAT,2025-12-31,,19133000000.0,5475000000.0,2660000000.0,2402000000.0,3751000000.0,562000000.0,1876000000.0,3591000000.0,-1342000000.0,2249000000.0,98585000000.0,43330000000.0,21318000000.0,9980000000.0,52485000000.0,36558000000.0,17638000000.0,16215000000.0,,0.08476017689080395,0.1799568300955905,,0.28615481105942614,0.13902681231380337,0.12554225683374276,0.19604871165002874,0.18768619662363456,0.11754560183975331,0.07014059478388125,0.029373334030209586,0.09805048868447186,0.43951919663234773,2.03255464865372,0.10123243901202009,1.4356638765796816,0.1940761779175331,-0.03241872335490653,-0.03400867923852682,-0.004858015305955615,-0.021096089347816815,-0.02418589771812754,-0.033605322301305765,0.009419424583178224,-0.0020928185948045908,-0.005249205158367465,-0.003642494326018486,0.022001836183974444,0.020803084111356424,0.05148449840180391,0.0058813037151046466,2026-02-14,409148456960.0,large_cap,-0.0335669549657023,-0.1620102551491206,0.359888287120616,0.2017003811199061,0.1665200820873644,0.136092209415359,0.4376395788706075,0.7384462877717515,2026-02-17,763.3068237304688,45,-0.09302264773466284,2026-03-18,,,,,,
CB,2025-12-31,,15303000000.0,,,3210000000.0,,,1161000000.0,4060000000.0,,4060000000.0,272327000000.0,17227000000.0,73757000000.0,2272000000.0,,,16200000000.0,,,-0.0553703703703704,,,,,0.20976279160948832,,0.26530745605436845,0.26530745605436845,,0.0,0.07586747696530093,0.0632585090718144,0.2335642718657212,0.00834291127945448,,0.05619347328762848,,,0.036861557041587084,,0.04067782642473883,0.04067782642473883,,0.0,0.0056205633850540115,-0.0004919072710300454,-0.006168523346859689,4.936181792455918e-05,,-0.0037598963137926364,2026-02-14,125724844032.0,large_cap,0.1241119094448681,-0.0331520552514505,,,0.1655418675236565,0.2889126941617568,0.0615661047747294,0.2271768580560377,2026-02-17,330.91314697265625,45,-0.008863763840034067,2026-03-18,,,,,,
CDNS,2025-12-31,,1440114000.0,1251388000.0,465225000.0,388136000.0,591274000.0,464582000.0,310003000.0,553495000.0,-41041000.0,512454000.0,10153148000.0,2616439000.0,5474181000.0,3001317000.0,4669673000.0,1635291000.0,1338838000.0,,,0.07564470085253028,,,0.8689506525177868,0.32304734208541824,0.26951755208268235,0.4105744406345609,0.3843411007739665,0.3558426624558889,0.028498438318077596,0.3226008496549579,0.2152628194712363,0.2576973171276534,0.477959899389516,0.29560457505396354,2.855560875709583,0.14183916160780874,0.00503358413460675,-0.015145927003149595,0.05506143416550344,0.05387109041593846,0.15230257184066762,0.14896326405219856,0.003339307788469085,0.006632076733962211,0.013150988166776761,-0.0005662530955437561,0.0011103040248671703,0.008786336460637034,-0.19233551242115032,0.0023662787190976975,2026-02-14,95774343168.0,large_cap,0.1347872584404934,-0.0135310531158958,0.8604901595772186,0.2979468524091713,0.2274130495485712,0.2408845952309543,0.2880473769962433,0.5171623275861492,2026-02-17,283.4599914550781,45,0.021802100400961866,2026-03-18,,,,,,
CELH,2025-12-31,,721628000.0,341830000.0,106819000.0,24739000.0,44195000.0,,235011000.0,-119438000.0,-10528000.0,-129966000.0,5119621000.0,669926000.0,2941442000.0,398866000.0,1811154000.0,1078726000.0,725106000.0,,,-0.004796540092069312,,,0.47369281679757436,0.1480250212020598,0.034282206344543174,0.061243466162621184,-0.16551187038196966,-0.18010110472431778,0.014589234342348135,0.0,0.32566779559551456,0.13085460818291042,0.22775427834375112,0.07790928273792141,1.6789750131173253,0.14095340260538816,-0.039720394512220314,-0.08188343356179542,0.11842714515348973,0.14537185566705227,-0.6231015193436387,-0.6234238740849354,0.00032235474129670323,0.0,0.04216303904957508,-0.03274580414530831,-0.06295111430688322,-0.07514800794359758,-0.20790219050409697,0.0032499826664169895,2026-02-14,7710112768.0,low_cap,0.0285399092877618,-0.9879930372670328,0.5017644932614357,0.1148750027662415,0.1070159261745461,0.1766765267809062,0.0114608737090952,0.7672446531486841,2026-02-17,43.90999984741211,45,-0.05488498874486203,2026-03-18,,,,,,
CI,2025-12-31,,72372000000.0,,,1234000000.0,,,3609000000.0,6149000000.0,-322000000.0,5827000000.0,157919000000.0,31463000000.0,41713000000.0,7676000000.0,47814000000.0,56342000000.0,69774000000.0,,,0.03723449995700401,,,,,0.017050793124412756,,0.08496379815398221,0.080514563643398,0.004449234510584204,0.0,0.049867352014591276,0.19923505088051469,0.7542732481480594,0.04860719736067225,0.8486386709736964,0.45828557678303433,,,-0.009721356960145963,,0.03597706957313548,0.03551212720575647,0.00046494236737899906,0.0,0.0016832146568362405,-0.01631849239166916,-0.0599834197146365,0.01045472679031656,0.02078186974081242,0.016451471957142583,2026-02-14,75463155712.0,large_cap,0.2520505976320144,0.1678650962461421,,,0.0140516564095849,0.0366513356029854,0.2051051763845497,1.567760022068116,2026-02-17,289.1172790527344,45,-0.0847659253762616,2026-03-18,,,,,,
CL,2025-12-31,,5230000000.0,3146000000.0,1019000000.0,-37000000.0,345000000.0,,2070000000.0,1453000000.0,-177000000.0,1276000000.0,16330000000.0,8554000000.0,54000000.0,1288000000.0,5709000000.0,6853000000.0,5131000000.0,,,0.019294484505944176,,,0.6015296367112811,0.1948374760994264,-0.007074569789674952,0.06596558317399617,0.2778202676864245,0.2439770554493308,0.03384321223709369,0.0,0.39579349904397704,0.5238211879975505,158.40740740740742,0.07887323943661972,0.8330658105939005,0.320269442743417,0.007298492684775559,-0.011555039979310705,-0.15032150021259444,-0.1712201506010964,0.032059207464245565,0.0284245315748424,0.00363467588940318,0.0,0.011657852971086735,0.04309258638731811,148.57212703357564,0.005841777094359693,-0.09658320418442468,0.027287086779276104,2026-02-14,70520684544.0,large_cap,0.0330986277432285,-0.0498311880301336,0.6049947763792846,0.2154121685488284,0.1437241928262275,0.1764091338739366,0.5304748847064689,1.2527109560014955,2026-02-17,95.0592269897461,45,-0.08499741123372873,2026-03-18,,,,,,
CME,2025-12-31,,1648700000.0,1407600000.0,1019600000.0,1182900000.0,1704500000.0,,47900000.0,1133900000.0,-32500000.0,1101400000.0,198424200000.0,3422300000.0,28728200000.0,4416900000.0,165359300000.0,160296700000.0,1537600000.0,,,0.0722554630593133,,,0.8537635712985989,0.6184266391702553,0.7174743737490143,1.033844847455571,0.687753987990538,0.6680414872323649,0.019712500758173105,0.0,0.029053193425122824,0.017247392203168767,0.11912685096873456,0.022259885638949282,1.031582683860616,0.008308966345838864,0.008290106158120203,-0.014117585595613602,0.12694367655858774,0.18603007118085724,0.05813640214246307,0.05039060273704754,0.007745799405415562,0.0,0.005184827140003158,-0.001034193266035259,-0.0022375899914538755,0.009185503583576058,0.010099562310109,9.285965614543902e-05,2026-02-14,108294709248.0,large_cap,0.0988008388750469,-0.0126666672013764,0.8612910066719955,0.6413435343632241,0.575161906004796,0.5866951599484511,0.0249405225286837,0.0445997366257539,2026-02-17,296.1502990722656,45,0.04305143322211413,2026-03-18,,,,,,
CMG,2025-12-31,,2983511000.0,698772000.0,445729000.0,330932000.0,538431000.0,,160341000.0,425844000.0,-197455000.0,228389000.0,8994531000.0,5075814000.0,2830607000.0,350545000.0,1466953000.0,1188142000.0,3003444000.0,,,-0.006636714385219067,,,0.23421130339388727,0.14939747163660533,0.11092032172832612,0.18046891732592907,0.14273250542733043,0.07655041325471902,0.0661820921726114,0.0,0.05374238606795819,0.5643222531558344,1.79318923467652,0.038973127114687804,1.2346613451927464,0.3317027869490916,-0.010701869616829757,-0.016517724385028493,-0.01630129452288416,-0.015586344566751481,-0.04694308033354941,-0.05869232807823076,0.011749247744681328,0.0,0.004884474949921697,0.02777856056358341,0.24745136703699244,-0.03630746356078975,-0.3076702120075485,0.008120241749040913,2026-02-14,41881264128.0,mid_cap,0.1460955510067263,0.0028359268782727,0.2667254029197657,0.1754644505280385,0.1355957161543463,0.1335948946835353,0.4933108976232387,1.229182234446362,2026-02-17,37.880001068115234,45,-0.13833161379917347,2026-03-18,,,,,,
COIN,2025-12-31,,1781129000.0,1363265000.0,304534000.0,-666733000.0,-792598000.0,497330000.0,568681000.0,3065151000.0,,3065151000.0,29671832000.0,7831459000.0,14793058000.0,11285452000.0,20388445000.0,8701282000.0,1868693000.0,,,-0.0468584192267002,,,0.7653937474489495,0.17097807065069404,-0.3743316738989708,-0.4449975268495432,1.7209034269836716,1.7209034269836716,,0.2792217745036996,0.31928119748766093,0.2639358095583717,0.5294009527982653,0.38034227209159177,2.3431541467107952,0.06002760463189465,0.01931239540235863,-0.06704497540341972,-0.6058046873902184,-0.7521614109118263,2.1407235900602175,2.1407235900602175,,0.04880136836957272,0.07443627111398693,0.028806157954982287,0.069341479124303,0.10359915591423335,-0.06106153591499108,0.0004227714518932821,2026-02-14,51488137216.0,large_cap,1.1117178931939855,1.1385868384849622,0.7478229830829485,0.3405584193120444,0.39290904913873,0.4728704691692357,0.2082400942136729,0.2911916541740331,2026-02-17,166.02000427246094,45,0.21846758270255195,2026-03-18,,,,,,
COP,2025-12-31,,13392000000.0,2577000000.0,1760000000.0,1442000000.0,5666000000.0,,181000000.0,4318000000.0,-3023000000.0,1295000000.0,121939000000.0,23444000000.0,64487000000.0,6497000000.0,15532000000.0,11972000000.0,15031000000.0,,,-0.10904131461645927,,,0.19242831541218638,0.13142174432497014,0.10767622461170848,0.4230884109916368,0.32243130227001193,0.0966995221027479,0.22573178016726403,0.0,0.01351553166069295,0.19226006445845872,0.36354614108269884,0.053280738730020746,1.297360507851654,0.10982540450553145,-0.048739936866437794,-0.05206571492591136,-0.007153128059437824,0.015530696934022536,-0.06862717687309233,-0.10368634710089789,0.03505917022780558,0.0,-0.00451387423379178,0.0005264437124923027,0.0018561390803267797,0.010332146398712369,-0.025314152819509328,-0.01290468890357431,2026-02-14,149131378688.0,large_cap,-0.0248659624873087,0.2599073959859503,0.2992602064115444,0.2335007763266051,0.1688738697597954,0.1462416659055621,0.1981104414399739,0.4458788076233914,2026-02-17,107.14373779296875,45,0.1455438883518292,2026-03-18,,,,,,
CROX,2025-12-31,,957640000.0,523662000.0,146397000.0,105165000.0,169450000.0,,343420000.0,252530000.0,-6111000.0,246419000.0,4174750000.0,1613849000.0,1293283000.0,130354000.0,885883000.0,700129000.0,996301000.0,,,-0.038804537986010246,,,0.5468255294265069,0.15287268702226306,0.10981684140177937,0.17694540746000584,0.2637003466856021,0.2573190342926361,0.006381312392966042,0.0,0.3586107514306002,0.3865738068147793,1.2478699557637423,0.031224384693694235,1.2653139635695707,0.2293885861428828,-0.03834702384805577,-0.05555829919575739,-0.03654053453179894,-0.05537896037662185,0.02347575592437634,0.030317355081233094,-0.006841599156856754,0.0,-0.018130815625941932,-0.010166107282831627,-0.0035701017505263,-0.00458455737847531,-0.1386788949672968,-0.0023220379750920617,2026-02-14,4717535232.0,low_cap,0.0352722767592035,-0.0793166736864383,0.5875657101178223,0.2549891421678805,0.2316055549975768,0.2250401500886861,0.3535415436707852,0.8524475427111315,2026-02-17,99.91999816894531,45,-0.22107682889005598,2026-03-18,,,,,,
CSX,2025-12-31,,3508000000.0,1110000000.0,1143000000.0,720000000.0,1537000000.0,,,1386000000.0,-677000000.0,709000000.0,43682000000.0,19352000000.0,13155000000.0,670000000.0,2550000000.0,3133000000.0,3587000000.0,,,-0.022023975466963996,,,0.3164196123147092,0.3258266818700114,0.20524515393386544,0.43814139110604333,0.395096921322691,0.20210946408209807,0.19298745724059294,0.0,0.0,0.4430200082413809,1.4710756366400608,0.015338125543702211,0.8139163740823492,0.08030767821986173,-0.03233979666215164,-0.02293272710684946,0.011768711224080103,0.01104353774669009,0.022362045381793316,0.03288727283593135,-0.01052522745413803,0.0,0.0,-0.010849073761438066,-0.06918939903781895,0.0011973182237548924,-0.032678366308749984,-0.0025731646831628346,2026-02-14,84842618880.0,large_cap,-0.0079825339428259,0.0052134533997983,0.3681568088033012,0.371595598349381,0.2386519944979367,0.1869325997248968,0.4440417173323356,0.3400056121971752,2026-02-17,40.89531707763672,45,-0.030695878591799453,2026-03-18,,,,,,
CVX,2025-12-31,,45787000000.0,14555000000.0,4023000000.0,2770000000.0,10924000000.0,,1492000000.0,10789000000.0,-5264000000.0,5525000000.0,324012000000.0,40758000000.0,186450000000.0,6293000000.0,38552000000.0,33387000000.0,48169000000.0,48334000000.0,,-0.04945089165230754,-0.05269582488517399,,0.31788498918907115,0.0878633673313386,0.06049752113045188,0.2385830039094066,0.23563456876405967,0.1206674383558652,0.11496713040819447,0.0,0.03258566842116758,0.12579163734676493,0.21860016090104586,0.019422120168388825,1.1547009315002845,0.1413126674320704,0.0066889917633409235,-0.0013433838987056274,-0.012972968188404647,-0.0029208678753512296,0.040799716473167186,0.01809109257330796,0.022708623899859226,0.0,0.0009470626788851966,-0.0014484017342792366,-0.00023329621878473428,-0.004237837994067031,0.0026373320415564727,-0.006218274280206132,2026-02-14,380594323456.0,large_cap,-0.0177692686617948,0.1468518660039272,0.2943220242588437,0.0978057431209736,0.0913119008965224,0.0777813395100665,0.0955133144961041,0.752765258544863,2026-02-17,180.5500030517578,45,0.10002767794701461,2026-03-18,,,,,,
DDOG,2025-12-31,,953194000.0,766300000.0,7983000.0,46567000.0,77257000.0,417926000.0,341059000.0,327069000.0,-36048000.0,291021000.0,6643844000.0,1279005000.0,3732206000.0,401305000.0,5382280000.0,1591401000.0,885651000.0,,,0.07626367496903397,,,0.8039286860806929,0.008375000262276095,0.048853643644420755,0.08105065705407294,0.3431295203284956,0.30531140565299403,0.03781811467550152,0.438447996945008,0.3578064905989757,0.1925097880082675,0.34269410638105186,0.060402532028145155,3.382101682731128,0.14347025607464595,0.0031685672528476427,0.014934017301719397,0.010593651841780662,0.02223516426966915,0.059191490562820415,0.06373543498283163,-0.00454394442001127,-0.01543507889412049,0.004683194853811967,-0.018861272071336338,-0.029295746831312475,-0.02891670458104085,-0.2812033674924663,-0.0028585980956349344,2026-02-14,74032603136.0,large_cap,0.2611946574802466,-0.0093915761774454,0.8079440444812845,0.0202229652326978,0.0684527479487012,0.2887569269169515,0.3184221356777882,0.463978861048592,2026-02-17,122.55999755859375,45,0.07098561620061128,2026-03-18,,,,,,
DHR,2025-12-31,,6838000000.0,3966000000.0,1502000000.0,1197000000.0,2051000000.0,438000000.0,2026000000.0,2117000000.0,-371000000.0,1746000000.0,83464000000.0,19696000000.0,52534000000.0,4615000000.0,12756000000.0,6807000000.0,6053000000.0,,,0.12968775813646127,,,0.5799941503363557,0.21965486984498392,0.17505118455688798,0.29994150336355657,0.3095934483767183,0.2553378180754607,0.05425563030125768,0.06405381690552793,0.2962854635858438,0.23598198025496023,0.3749191000114212,0.05529330010543468,1.873953283384751,0.08192753762101025,-0.0020312915932659825,0.029005605017625585,0.025042924190127686,0.00835055672552587,0.03501885726487297,0.02900376884367481,0.006015088421198203,0.0016054441977797068,-0.032642340808671344,0.02501035428652587,0.04486877791081617,0.03616867715338391,0.3549779513164397,0.006167496568154698,2026-02-14,114595143680.0,large_cap,-0.0006278777731267,0.102701326896017,0.5950157068062827,0.2036858638743455,0.1633089005235602,0.2218219895287958,0.2211188775115421,0.3078976554641355,2026-02-17,205.92105102539062,45,-0.07201012030758691,2026-03-18,,,,,,
DPZ,2025-12-31,,1535740000.0,609541000.0,295522000.0,181643000.0,318832000.0,,314019000.0,239806000.0,-63891000.0,175915000.0,1716459000.0,5048284000.0,-3901142000.0,125675000.0,894201000.0,541621000.0,1147054000.0,,,0.33885588647090725,,,0.39690377277403727,0.19242970815372393,0.1182771823355516,0.20760805865576204,0.15615012957922564,0.11454738432286715,0.0416027452563585,0.0,0.20447406462031334,2.9411037490554683,1.294052869646888,0.07321759506052868,1.6509718050075606,0.8947140595842954,-0.00403811836622292,-0.002127827934376547,-0.0031809181549222604,-0.005656530456869091,-0.005477832138356981,-0.028392703938016822,0.022914871799659862,0.0,-0.0019102904318463731,-0.10159033151060592,0.018998029351973367,-0.010941855440803325,0.04153255492455998,0.20383295962326475,2026-02-14,10054730752.0,mid_cap,0.0506898533227306,0.0634291055154028,0.3927621357738032,0.1867996794163542,0.1241220495595799,0.1087902131898242,2.992056478564064,2.709488069461772,2026-02-17,371.62298583984375,45,0.014253767365653314,2026-03-18,,,,,,
DUK,2025-12-31,,7938000000.0,4023000000.0,2104000000.0,1184000000.0,4264000000.0,,,3658000000.0,-4143000000.0,-485000000.0,195736000000.0,90869000000.0,51842000000.0,245000000.0,11613000000.0,21047000000.0,8542000000.0,,,-0.07070943572933741,,,0.5068027210884354,0.2650541698160746,0.1491559586797682,0.5371630133534896,0.46082136558327036,-0.06109851347946586,0.5219198790627362,0.0,0.0,0.4642426533698451,1.7528066046834614,0.0012516859443331835,0.5517650971634912,0.040554624596395146,-0.006074825153662533,-0.006193781483386895,-0.01719852504769609,-0.0033427230080183,0.035628202389638874,-0.08205379327342513,0.11768199566306398,0.0,0.0,-0.001957364311505727,0.010802796047963303,-0.0023261874051907203,-0.07735110999961115,-0.003867169228653086,2026-02-14,94292164608.0,large_cap,0.0446317962835511,0.0344816294314933,0.5006094146325395,0.2614882893566558,0.1490265836545113,0.0015811839114537,0.4573823540460334,0.1629092587325523,2026-02-17,125.62444305419922,45,0.03188375307993563,2026-03-18,,,,,,
DUOL,2025-12-31,,282868000.0,205869000.0,43454000.0,41954000.0,47262000.0,79556000.0,82859000.0,107278000.0,-13546000.0,93732000.0,1992182000.0,93779000.0,1347006000.0,1036389000.0,1436606000.0,551148000.0,271713000.0,,,0.04105434778608319,,,0.7277917615283453,0.15361935602471824,0.1483165292645333,0.1670814655599078,0.37925109945274826,0.3313630385904379,0.04788806086231034,0.2812477904888499,0.29292461501477723,0.04707351035196584,0.06962032834300663,0.5202280715316171,2.6065702860211775,0.14198903513835584,0.003089594167931975,0.024221793155072696,-0.9270644793732573,0.02460760527350267,0.06922176703214272,0.046665582083020185,0.022556184949122524,-0.023143239752618117,0.002011040765477423,-0.0023829600840351364,-0.0017022096462999958,-0.01621741800561116,-0.214878923538405,-0.0021070214748435123,2026-02-14,5221224448.0,low_cap,0.4084189874394899,-0.0289725875479929,0.7277560613028459,0.0836804701453429,0.1184106392308268,0.353428499620333,0.0419872661569851,0.5746392487524276,2026-02-17,112.08000183105469,45,-0.10733403446433254,2026-03-18,,,,,,
DXCM,2025-12-31,,1259600000.0,792700000.0,323000000.0,267300000.0,410100000.0,148200000.0,321500000.0,294000000.0,-101900000.0,192100000.0,6339900000.0,1389700000.0,2746000000.0,917700000.0,4033300000.0,2142500000.0,1209300000.0,,,0.0415943107582899,,,0.6293267704033026,0.2564306128929819,0.21221022546840268,0.32557954906319464,0.2334074309304541,0.15250873293108924,0.08089869799936487,0.11765639885677993,0.2552397586535408,0.21919904099433746,0.506081573197378,0.1447499171911229,1.8825204200700116,0.19867821259010396,0.02451406884041507,0.05590138110599771,-0.022470995072406047,-0.022224965945488062,-0.31228015693029176,-0.32661141922304954,0.014331262292757746,-0.01258423622136444,-0.018803076044218214,-0.12421429233899589,-0.43871135442816767,-0.1000100828088771,0.3179220987270859,0.037438212590103964,2026-02-14,23781353472.0,mid_cap,0.1133810010214504,-0.1314811888197757,0.6045623605256633,0.148772625836846,0.1428713116786511,0.1563848251921646,0.3990130310740998,0.6219446372118128,2026-02-17,70.43000030517578,45,-0.039329783204087865,2026-03-18,,,,,,
ECL,2025-12-31,,4196000000.0,1847600000.0,786600000.0,563900000.0,999300000.0,,1061000000.0,1090100000.0,-332100000.0,758000000.0,24696300000.0,8997500000.0,9770800000.0,646200000.0,5955600000.0,5534700000.0,4165000000.0,4005200000.0,,0.0074429771908763875,0.047638070508339236,,0.440324118207817,0.18746425166825548,0.13438989513822688,0.23815538608198283,0.2597950428979981,0.18064823641563393,0.07914680648236416,0.0,0.2528598665395615,0.36432583018508846,0.9208560199778933,0.026165862902540058,1.0760474822483603,0.16990399371565781,-0.007599051059890116,-0.0013472729415884566,-0.006066287334762305,-0.010295994470238046,0.06980704769991886,0.05346936486701448,0.016337682832904377,0.0,-0.006251778118301632,-0.005167340677257548,0.012326335854012327,-0.055674991409189994,-0.6207912551567301,-0.004381290162221135,2026-02-14,69689556992.0,large_cap,0.0274931136669234,-0.0523219387020132,0.4346309731027736,0.1660271640387767,0.1341939090551031,0.115580570978439,0.3699648915927425,0.7031240229053324,2026-02-17,302.9879455566406,45,-0.13580721550870345,2026-03-18,,,,,,
EL,2025-12-31,,4229000000.0,3235000000.0,608000000.0,162000000.0,615000000.0,,2627000000.0,1125000000.0,-108000000.0,1017000000.0,19634000000.0,9390000000.0,4031000000.0,3082000000.0,7158000000.0,5271000000.0,3481000000.0,,,0.2148807813846596,,,0.7649562544336722,0.1437692125798061,0.03830692835185623,0.1454244502246394,0.26602033577677936,0.24048238354220855,0.02553795223457082,0.0,0.6211870418538662,0.47825201181623717,2.329446787397668,0.1569725985535296,1.3579965850882185,0.2153916675155343,0.03125904098925969,0.06965257942841283,0.024805061072338846,0.03195131032231248,0.3636934182243519,0.3657337480926251,-0.00204032986827319,0.0,-0.03839353843915305,-0.009202072719951992,-0.09266118175400306,0.04217100509292636,0.03712308518658558,0.035299577909243235,2026-02-14,29044895744.0,mid_cap,-0.0821373654536135,-0.0631555929834689,0.7397040346223649,0.0796453999720787,-0.0790869747312578,0.0467681139187491,0.4759199678262618,0.720189020711844,2026-02-17,111.78924560546875,45,-0.2305163508603345,2026-03-18,,,,,,
ELV,2025-12-31,,49747000000.0,,,547000000.0,,,,84000000.0,-293000000.0,-209000000.0,121494000000.0,32046000000.0,43882000000.0,9491000000.0,,,50711000000.0,,,-0.01900968231744593,,,,,0.01099563792791525,,0.0016885440328059983,-0.004201258367338734,0.005889802400144732,0.0,0.0,0.2637661119067608,0.7302766510186409,0.07811908406999522,,0.409460549492156,,,-0.012450951569432465,,-0.020693187741365287,-0.019483938653667144,-0.001209249087698142,0.0,0.0,0.0022405597637698005,-9.442717852425897e-05,0.007136835742106606,,-0.0036670523620342954,2026-02-14,85275320320.0,large_cap,0.0319248278277108,-0.0622352666836081,,,0.0338216164244103,0.0257451501611899,0.2671936623634388,1.5126316419851311,2026-02-17,342.66766357421875,45,-0.13925344127737427,2026-03-18,,,,,,
EMR,2025-12-31,,4346000000.0,2311000000.0,864000000.0,605000000.0,1250000000.0,,1242000000.0,699000000.0,-97000000.0,602000000.0,41939000000.0,13920000000.0,20277000000.0,1748000000.0,8843000000.0,10520000000.0,4855000000.0,,,-0.1048403707518023,,,0.5317533364012885,0.19880349746893694,0.13920846755637367,0.28762080073630925,0.16083755177174414,0.13851817763460653,0.0223193741371376,0.0,0.2857800276115969,0.3319106321085386,0.6864920846279036,0.04167958225041131,0.8405893536121672,0.10362669591549632,0.012906786452781871,-0.003462207989353483,0.00820949742249108,-0.004243256936193318,-0.04719540394401281,-0.03491127653635126,-0.012284127407661573,0.0,0.01183564038193674,0.004034357206241401,0.008107309950850072,0.004886140252508345,-0.035495162055894425,-0.012067708812365657,2026-02-14,74521305088.0,large_cap,0.0299565515664304,-0.1234888819976975,0.528363676731794,0.1960479573712255,0.127275754884547,0.148035079928952,0.3278762749022972,0.4293203698408159,2026-02-17,148.2508544921875,45,-0.1274437594639971,2026-03-18,,,,,,
ENPH,2025-12-31,,343321000.0,152031000.0,21798000.0,38713000.0,59953000.0,46214000.0,84019000.0,47579000.0,-9740000.0,37839000.0,3509792000.0,1212588000.0,1087023000.0,474318000.0,2606860000.0,1262150000.0,410427000.0,,,-0.16350288845519423,,,0.44282464515715614,0.06349160115460459,0.11276036129453194,0.1746266613460872,0.13858458993187134,0.11021463877828622,0.028369951153585128,0.13460871895398185,0.2447243250485697,0.3454871399786654,1.1155127352411127,0.13514134170913833,2.0654121934793803,0.09781804733727811,-0.03530910335354126,-0.1008396928392116,-0.049602251301617925,-0.06431229734815075,0.1046735655596931,0.09587347701261291,0.008800088547080195,0.019445730164257977,0.046084859321412375,-0.01872468671668781,-0.09989858229759507,0.014110938949062096,0.02314668215028659,-0.025786374663343478,2026-02-14,6970807808.0,low_cap,-0.4192460579032698,-0.4020562136702788,0.4728999092742466,0.0679849336619605,0.0771642451835298,0.3608652545920986,0.4025616707634853,0.4093894283614736,2026-02-17,45.63999938964844,45,-0.05170904123383557,2026-03-18,,,,,,
EOG,2025-12-31,,5653000000.0,3328000000.0,1667000000.0,701000000.0,2202000000.0,,1344000000.0,2612000000.0,-1655000000.0,957000000.0,51799000000.0,8408000000.0,29833000000.0,3396000000.0,7656000000.0,4691000000.0,5732000000.0,,,-0.013782274947662265,,,0.588713957190872,0.2948876702635769,0.12400495312223599,0.3895276844153547,0.46205554572793206,0.16929064213691844,0.29276490359101365,0.0,0.23774986732708298,0.1623197359022375,0.2818355512352093,0.06556111121836329,1.6320613941590278,0.10913338095330026,-0.029743823688402227,-0.02070898012023331,-0.13262449558676614,-0.14501523254207727,-0.08068695252747615,-0.08332624551137188,0.0026392929838957024,0.0,-0.0017825820797558178,0.00662709811224152,0.013484882587363856,-0.0020647053681613486,0.007970013058300918,-0.0006771518155267303,2026-02-14,74706477056.0,large_cap,0.0084548356483478,0.222411162787911,0.6833775344340833,0.3530242107964753,0.2738899820343913,0.2468560184789118,0.1073835459670241,0.4954435637689145,2026-02-17,118.82738494873047,45,0.14839251739155634,2026-03-18,,,,,,
EQIX,2025-12-31,,2420000000.0,1222000000.0,507000000.0,265000000.0,1005000000.0,,715000000.0,1144000000.0,-1436000000.0,-292000000.0,40141000000.0,22726000000.0,14156000000.0,1727000000.0,5125000000.0,3893000000.0,2316000000.0,,,0.04490500863557867,,,0.5049586776859504,0.20950413223140496,0.10950413223140495,0.4152892561983471,0.4727272727272727,-0.1206611570247934,0.5933884297520661,0.0,0.29545454545454547,0.5661543060710994,1.6053970048036168,0.04302334271692285,1.3164654508091447,0.060287486609700805,-0.0019497851810617028,9.135157510098413e-05,-0.051981187285002645,-0.044123524457956864,0.034903438530381525,-0.06798412766382621,0.10288756619420769,0.0,-0.0020411367561626315,0.01486686518828284,0.12330334089177097,-0.011548386132262653,-0.3016511995655702,-0.0005638008311820084,2026-02-14,104486469632.0,large_cap,0.0683927699071813,-0.0589650712053066,0.4893689986282579,0.1856424325560128,0.0931641518061271,0.0209190672153635,0.5404303833547099,0.2493373236425823,2026-02-17,946.8095703125,45,0.028253228616251347,2026-03-18,,,,,,
ETN,2025-12-31,,7055000000.0,2598000000.0,1386000000.0,1132000000.0,1620000000.0,203000000.0,1009000000.0,1965000000.0,-392000000.0,1573000000.0,41251000000.0,10532000000.0,19425000000.0,622000000.0,12355000000.0,9370000000.0,6988000000.0,,,0.00958786491127639,,,0.3682494684620836,0.19645641389085755,0.16045357902197024,0.2296243798724309,0.27852586817859676,0.22296243798724308,0.05556343019135365,0.02877391920623671,0.14301913536498936,0.25531502266611716,0.5421879021879021,0.015078422341276576,1.3185699039487726,0.1710261569416499,-0.014549615682163675,0.0008353492085450276,0.01592009304601147,0.0006604416926941914,0.08519444287808159,0.055103250809223625,0.030091192068857946,-0.00027588045031738326,-0.015109084440391302,-0.020724337727486775,-0.05331175285641143,0.007009541652469687,0.03811814122975221,-0.0008803621235407288,2026-02-14,155102560256.0,large_cap,0.0725125021555441,-0.0452592788776091,0.38198408232173,0.1861886003698046,0.1525042205965109,0.141450277353485,0.2558818165238008,0.6481853000182382,2026-02-17,389.197509765625,45,-0.07618520618786273,2026-03-18,,,,,,
EXC,2025-12-31,,5412000000.0,2519000000.0,1183000000.0,594000000.0,2193000000.0,,,1244000000.0,-2434000000.0,-1190000000.0,116570000000.0,50080000000.0,28798000000.0,626000000.0,9546000000.0,10331000000.0,6705000000.0,5471000000.0,,-0.19284116331096202,-0.010784134527508704,,0.4654471544715447,0.21858832224685884,0.10975609756097561,0.40521064301552107,0.22985957132298596,-0.21988174427198817,0.44974131559497416,0.0,0.0,0.42961310800377456,1.739009653448156,0.005370163850047182,0.9240151001839125,0.046427039547053274,0.04173350793910624,-0.00512532428557963,-0.020743529582946826,0.03533741408188945,-0.11301887759573143,-0.24419196052851316,0.13117308293278174,0.0,0.0,-0.010068411121812226,-0.03671687876114205,-0.008131804636552137,-0.015323322207944967,-0.012627558432495606,2026-02-14,44386770944.0,mid_cap,0.0598794127122934,-0.0789716198907046,0.4084158415841584,0.1870331770019107,0.1068264721208963,-0.0663540038214347,0.4328007867587026,0.2136495212647517,2026-02-17,47.63214111328125,45,0.03396569729819765,2026-03-18,,,,,,
FCX,2025-12-31,,5633000000.0,1017000000.0,811000000.0,406000000.0,1361000000.0,,133000000.0,693000000.0,-1005000000.0,-312000000.0,58167000000.0,10492000000.0,18899000000.0,3824000000.0,13790000000.0,6019000000.0,6972000000.0,5720000000.0,,-0.19205393000573723,-0.015209790209790186,,0.18054322740990592,0.14397301615480207,0.07207527072607847,0.24161192969998224,0.12302503106692704,-0.0553878927747204,0.17841292384164745,0.0,0.023610864548198118,0.18037718981553114,0.5551616487644849,0.06574174360032321,2.291078252201362,0.09684185190915812,-0.12668568825274468,-0.13657775837187608,-0.024597133175241093,-0.1393404512523987,-0.11564393049360079,-0.1425938594987594,0.026949929005158635,0.0,0.00482142105995945,0.016760662751407807,0.0575432382747873,-0.010241926421497016,-0.16350010465712517,-0.025844147950066204,2026-02-14,90580639744.0,large_cap,0.1137606650623495,0.1104683033415416,0.3009231978000393,0.2696523276370065,0.0742093891180514,0.0923983500294637,0.1775452158693115,0.4641007876312719,2026-02-17,60.95577621459961,45,-0.09232275901827569,2026-03-18,,,,,,
GD,2025-12-31,,14379000000.0,2141000000.0,1452000000.0,1143000000.0,1853000000.0,,689000000.0,1561000000.0,-609000000.0,952000000.0,57249000000.0,9789000000.0,25622000000.0,2333000000.0,24248000000.0,16796000000.0,12907000000.0,,,0.11404664135740306,,,0.14889769803185202,0.10098059670352598,0.07949092426455247,0.12886848876834273,0.10856109604284025,0.06620766395437791,0.04235343208846234,0.0,0.04791710132832603,0.17098988628622333,0.38205448442744516,0.040751803524952404,1.4436770659680875,0.25116595923072893,-0.0035777029133715055,-0.002141740012984436,-0.002557576548959578,0.00823627369125278,-0.054838609543275796,-0.08076684600146,0.025928236458184196,0.0,-0.0014359629003870694,-0.00047142380596576494,-0.022136397131038932,-0.0029989560368455445,0.043547083299110056,0.027082207776710637,2026-02-14,90458890240.0,large_cap,0.1287850113550341,0.05608219205897,0.1543297845586386,0.1005113588733338,0.0792606253667533,0.0669796294743901,0.1910522548317824,0.8539012168933429,2026-02-17,340.9363708496094,45,0.031647801165129774,2026-03-18,,,,,,
GE,2025-12-31,,12717000000.0,3804000000.0,2269000000.0,2541000000.0,3408000000.0,448000000.0,1087000000.0,2281000000.0,-431000000.0,1850000000.0,130169000000.0,20495000000.0,18677000000.0,12392000000.0,40595000000.0,38981000000.0,12181000000.0,,,0.044002955422379086,,,0.29912715263033735,0.1784225839427538,0.19981127624439726,0.26798773295588585,0.17936620272076748,0.14547456161044273,0.03389164111032476,0.03522843437917748,0.08547613430840607,0.15744916224293035,1.09733897306848,0.09519931780992402,1.0414047869474872,0.09769607202943865,-0.022603411362766668,-0.011134923651039824,0.022732218695755924,0.018172446854580526,-0.025953557561639556,-0.034642013383400144,0.008688455821760605,0.0011589819532682732,-0.01262746966499513,-0.005039238683436004,-0.010358241475428187,-0.0022796868920870045,-0.03585120079477777,0.0027123302267671595,2026-02-14,294150897664.0,large_cap,0.0948851420165215,-0.1181969815978785,0.3091571495013178,0.1746938142731642,0.1693969303911942,0.0950338483799286,0.156512912132532,0.3142926750040604,2026-02-17,326.6042175292969,45,-0.07851774318229199,2026-03-18,,,,,,
GILD,2025-12-31,,7924000000.0,6300000000.0,2988000000.0,2183000000.0,3020000000.0,1584000000.0,1728000000.0,3327000000.0,-205000000.0,3122000000.0,59023000000.0,24936000000.0,22702000000.0,7564000000.0,18342000000.0,11813000000.0,7769000000.0,7569000000.0,,0.0199510876560689,0.04690183643810286,,0.7950530035335689,0.3770822816759212,0.2754921756688541,0.381120646138314,0.41986370519939425,0.39399293286219084,0.025870772337203432,0.19989904088844018,0.21807168096920748,0.42247937244802874,1.0984054268346402,0.128153431713061,1.5526961821721832,0.13425274892838385,-0.0029905027091907677,-0.0730399991839063,-0.11735117611387214,-0.2087879650085518,-0.10890447603371173,-0.11585389427128834,0.006949418237576711,0.02664637001702816,0.04340312645768735,-0.0036221429364552415,-0.05948686657297353,0.002924928133883453,0.09917093211119266,0.0015242026382569218,2026-02-14,160882638848.0,large_cap,0.0604071396961203,0.0664553050859521,0.7826041594212979,0.3685052514432774,0.0166933296237045,0.3583849203589065,0.4527671836596322,0.4873972370539876,2026-02-17,154.3931884765625,45,-0.08486899791190472,2026-03-18,,,,,,
GOOGL,2025-12-31,,113829000000.0,68062000000.0,35934000000.0,34455000000.0,45455000000.0,18572000000.0,13556000000.0,52402000000.0,-27851000000.0,24551000000.0,595281000000.0,,415265000000.0,30708000000.0,206038000000.0,102745000000.0,102346000000.0,,,0.11219783870400413,,,0.597931985697845,0.315684052394381,0.3026908784228975,0.39932706076658847,0.4603572024703722,0.21568317388363248,0.24467402858673976,0.16315701622609352,0.11909091707737045,,,0.05158572170117978,2.005333592875566,0.19121893693902545,0.0021392825145256644,0.010562210798226779,-0.03908114979510807,-0.08668118576967088,-0.01268522224578672,-0.023319815974300412,0.010634593728513747,0.015119965437591781,-0.02354289372129291,,,0.008545024102623297,0.25800059438234624,0.00044183705068148726,2026-02-14,4807165739008.0,large_cap,0.1386624332290156,0.0518347309563205,0.5820043540617911,0.3210977721145769,0.28603671811164,0.20788645155392,0.0501359226751003,0.7773755374720159,2026-02-17,301.8075256347656,45,0.01949082215318687,2026-03-18,,,,,,
GS,2025-12-31,,13454000000.0,,,4617000000.0,,,4881000000.0,-16276000000.0,-531000000.0,-16807000000.0,1809320000000.0,386150000000.0,124972000000.0,164259000000.0,,,15184000000.0,,,-0.11393572181243417,,,,,0.3431693176750409,,-1.2097517466924335,-1.249219562955255,0.03946781626282147,0.0,0.36279173480005944,0.2134227223487277,3.089892135838428,0.09078493577697698,,0.007435942785134746,,,0.07327996045691654,,-1.386253327303603,-1.3889719338720095,0.0027186065684062927,0.0,0.04331070213409527,0.005308371652758381,0.06528642210392199,-0.0030085865036652004,,-0.0009623709148910281,2026-02-14,279805689856.0,large_cap,0.1569161586024992,0.1803722971013908,,,0.2667812827029451,-0.2859732396471819,0.2043918394818052,0.0319289343736052,2026-02-17,911.2443237304688,45,-0.11606584590698876,2026-03-18,,,,,,
HCA,2025-12-31,,19513000000.0,8176000000.0,3178000000.0,1878000000.0,4155000000.0,,,2359000000.0,-1489000000.0,870000000.0,60720000000.0,48697000000.0,-6027000000.0,1040000000.0,15783000000.0,16350000000.0,19161000000.0,,,0.018370648713532667,,,0.4190027161379593,0.1628657817865013,0.09624352995438938,0.21293496643263465,0.12089376313227079,0.044585660841490286,0.0763081022907805,0.0,0.0,0.8019927536231884,8.079807532769205,0.017127799736495388,0.9653211009174312,0.3213603425559947,0.0007051325045372425,0.008124379980750024,0.010496439510258068,0.01106658795551968,-0.10957437527386668,-0.11866260386285707,0.009088228588990402,0.0,0.0,0.026238322438359107,-0.6079150539224543,0.00044076942535005784,0.1112196257274446,0.0006580478801114231,2026-02-14,93838237696.0,large_cap,0.0867350080039404,0.0081236155778616,0.4061867059473393,0.1493845870572072,0.08158293556931,0.0798691273741909,0.760119637726211,1.1863458404046174,2026-02-17,533.9857788085938,45,-0.05980644482120623,2026-03-18,,,,,,
HON,2025-12-31,,6860000000.0,2474000000.0,714000000.0,-115000000.0,86000000.0,395000000.0,1365000000.0,1204000000.0,-58000000.0,1146000000.0,73681000000.0,35563000000.0,13904000000.0,12487000000.0,30387000000.0,23414000000.0,10408000000.0,,,-0.34089162182936206,,,0.36064139941690965,0.10408163265306122,-0.016763848396501458,0.012536443148688046,0.17551020408163265,0.16705539358600582,0.008454810495626823,0.0575801749271137,0.1989795918367347,0.482661744547441,2.5577531645569622,0.16947381278755716,1.2978132741095072,0.0931040566767552,0.019845857526056443,-0.064442579491443,-0.1921097361751333,-0.27310921403809135,-0.14040063373543116,-0.11292154722875206,-0.027479086506679094,0.009828445488220545,0.07445999152927889,0.024945813408125406,0.3508052441660672,0.009680444274142191,-0.060329753409376075,-0.035521572053919453,2026-02-14,135120191488.0,large_cap,0.0517434639037839,0.1210210819041223,0.3847394648155082,0.1920672869199527,0.1643287150387418,0.1505314399285652,0.4265785414117772,0.4616867918506303,2026-02-17,240.13153076171875,45,-0.04775805953514145,2026-03-18,,,,,,
IBM,2025-12-31,,19687000000.0,11928000000.0,4849000000.0,5600000000.0,5917000000.0,2187000000.0,4832000000.0,4040000000.0,-553000000.0,3487000000.0,151880000000.0,64607000000.0,32648000000.0,13587000000.0,36944000000.0,38658000000.0,16331000000.0,,,0.20549874471863316,,,0.6058820541474069,0.2463046680550617,0.28445166861380605,0.3005536648549804,0.20521156092853152,0.17712195865291816,0.02808960227561335,0.11108853558185605,0.24544115406105552,0.42538188043191993,1.978896103896104,0.08945878324993416,0.9556624760722231,0.12962207005530682,0.03273895207160016,0.07534146923073987,0.17766090258600614,0.043067901582676205,0.01649072325784387,0.01393538097855651,0.0025553422792873454,-0.016399064687570186,-0.022515492806864407,-0.02959788882829112,-0.40666203980574167,0.010388030338347953,0.02401373667207518,0.018004431037317872,2026-02-14,206116847616.0,large_cap,0.0144358228257355,-0.0075367527566203,0.566522716045448,0.1605341577295109,0.0959794750848565,0.1874013991362962,0.4257043921997449,0.4574667395662475,2026-02-17,256.4227294921875,45,-0.025976499739362002,2026-03-18,,,,,,
ICE,2025-12-31,,3142000000.0,1781000000.0,1256000000.0,851000000.0,1659000000.0,,136000000.0,1275000000.0,-266000000.0,1009000000.0,136887000000.0,20279000000.0,28915000000.0,837000000.0,85778000000.0,84116000000.0,3007000000.0,,,0.044895244429664194,,,0.5668364099299809,0.39974538510502866,0.27084659452577975,0.5280076384468492,0.4057924888605983,0.3211330362826225,0.08465945257797582,0.0,0.04328453214513049,0.1481440896505877,0.7013314888466194,0.00611453242455456,1.0197584288363688,0.022953238802808154,-0.0015041288129522545,0.006330020954712745,-0.0005202162490788864,-0.024037589354946598,0.10150249883731932,0.07304524113796007,0.028457257699359258,0.0,-0.0029409417491162645,0.009685171686911076,0.0202464448583497,8.19279717827557e-05,0.0078849603578659,0.0016120134034142523,2026-02-14,87292510208.0,large_cap,0.187619913157629,0.1599113203805431,0.554544681574696,0.3752231953065215,0.2341637615848992,0.3279483037156704,0.1484852396936053,0.0843517801302464,2026-02-17,152.9459228515625,45,0.02755275022686776,2026-03-18,,,,,,
INTC,2025-12-31,,13674000000.0,4943000000.0,550000000.0,-591000000.0,3648000000.0,3219000000.0,1174000000.0,4288000000.0,-3488000000.0,800000000.0,211429000000.0,46585000000.0,114281000000.0,14265000000.0,63688000000.0,31575000000.0,13653000000.0,,,0.001538123489343013,,,0.3614889571449466,0.040222319730876116,-0.04322071083808688,0.2667836770513383,0.31358783091999415,0.05850519233581981,0.25508263858417435,0.23541026766125495,0.08585636975281556,0.22033401283646048,0.4076355649670549,0.06746945783218007,2.017038796516231,0.0646741932279867,-0.020698107968947776,-0.022621011405137947,-0.34081098403811616,-0.3080350441088463,0.12710866883107597,0.0496426712781768,0.07746599755289918,-0.001241017770518299,0.0031639212067084838,-0.00729343565117363,-0.02999134335813125,0.012993969601545495,0.4153110818678116,-0.002084072709797505,2026-02-14,546677981184.0,large_cap,-0.0207826215239359,0.1191926377776151,0.3266416828308318,-0.0886612304853016,-0.3532136871245362,-0.2948343722340446,0.2545283354963483,0.2702547268239306,2026-02-17,46.18000030517578,45,-0.024902588096128997,2026-03-18,,,,,,
ISRG,2025-12-31,,2866200000.0,1904300000.0,864300000.0,794800000.0,1085200000.0,352900000.0,687100000.0,892500000.0,-162500000.0,730000000.0,20458700000.0,,17824000000.0,3368000000.0,9779500000.0,2006200000.0,2505100000.0,,,0.14414594227775335,,,0.6643988556276603,0.3015490893866443,0.27730095596957643,0.37861977531226015,0.3113879003558719,0.25469262438071316,0.05669527597515875,0.12312469471774475,0.23972507152327124,,,0.16462434074501311,4.874638620277141,0.1400968781007591,0.0007926123639183658,-0.0017122574657767453,-0.003885423815661704,0.011488722659671435,-0.02432724075625936,-0.038948348035557634,0.014621107279298301,-0.008367062098350433,0.010871931928045503,,,0.01959390429982455,0.14676594946968713,0.010646387707100635,2026-02-14,149145059328.0,large_cap,0.1723726505804241,0.027423918620667,0.6745848349516887,0.2812346595467008,0.2780857508889979,0.1561044527723566,,0.445606940116949,2026-02-17,493.3500061035156,45,-0.03166108224170183,2026-03-18,,,,,,
ITW,2025-12-31,,4093000000.0,1809000000.0,1085000000.0,790000000.0,1202000000.0,,704000000.0,963000000.0,-105000000.0,858000000.0,16148000000.0,9211000000.0,3225000000.0,851000000.0,6200000000.0,5126000000.0,4059000000.0,3932000000.0,,0.00837644740083765,0.040946083418107904,,0.44197410212558025,0.2650867334473491,0.19301246029806987,0.29367212313706326,0.2352797459076472,0.20962619105790373,0.025653554849743465,0.0,0.17200097727827998,0.5704111964329948,2.856124031007752,0.05270002477086946,1.2095200936402652,0.2534679217240525,-0.0029630745189134777,-0.008872369780046796,-0.009254107822156799,-0.007879983293091974,-0.016260042217506793,-0.013088763364367761,-0.0031712788531390174,0.0,0.005457493661625623,0.01621225004315896,0.06871754721722834,-0.004566786508957005,-0.32000555979632717,0.0019030007448148645,2026-02-14,71257530368.0,large_cap,-0.0129757248401316,-0.023959907616933,0.4428229966033463,0.2682098377154359,0.2193986664989307,0.1788904264687382,0.536138581004845,1.055153647043207,2026-02-17,295.5509033203125,45,-0.12332739814460303,2026-03-18,,,,,,
JNJ,2025-12-31,,24564000000.0,16596000000.0,5591000000.0,5116000000.0,7191000000.0,4252000000.0,6753000000.0,7309000000.0,-1837000000.0,5472000000.0,199210000000.0,47933000000.0,81544000000.0,19709000000.0,55624000000.0,54126000000.0,23993000000.0,,,0.023798607927312032,,,0.6756228627259404,0.22760950985181566,0.20827226836020193,0.2927454811919883,0.297549259078326,0.22276502198339032,0.07478423709493567,0.17309884383650873,0.27491450903761605,0.24061543095226143,0.5878176199352497,0.09893579639576326,1.027676163027011,0.12330706289844888,-0.019996692977806485,-0.0681434180854994,-0.006457027684477756,-0.10382851955823053,-0.0846038689173394,-0.11049884664495963,0.025894977727620207,0.02005420581708639,0.028092519290606494,0.003109207402348546,0.010159534992580377,0.0043845143444812135,-0.045885338083685,-0.0011276313177987357,2026-02-14,545740161024.0,large_cap,0.0430019140666282,-0.0216186635055681,0.6907150336069173,0.2392339649407234,0.1583634500850024,0.2033190349129147,0.2034046995069515,0.4931650601874472,2026-02-17,242.04327392578125,45,-0.01967943611581191,2026-03-18,,,,,,
JPM,2025-12-31,,45796000000.0,,,13025000000.0,,,14586000000.0,119724000000.0,,119724000000.0,4424900000000.0,499982000000.0,362438000000.0,343338000000.0,,,46430000000.0,,,-0.013654964462631924,,,,,0.28441348589396453,,2.6142894575945497,2.6142894575945497,,0.0,0.31849943226482663,0.1129928359962937,1.379496631147948,0.07759226197202197,,0.010349612420619676,,,-0.025580052766384365,,3.588099494208808,3.588099494208808,,0.0,-0.00555828903605643,0.004103432997963577,0.0009806461169106218,0.011052270897059333,,0.00016805260039229504,2026-02-14,797985275904.0,large_cap,0.0934934689452218,-0.1196564523713361,,,0.3450858421024675,-0.2479476389733178,0.1134979042243781,0.0423299708654961,2026-02-17,305.5661926269531,45,-0.06313293403748588,2026-03-18,,,,,,
KKR,2025-12-31,,5685044000.0,1140954000.0,356903000.0,1145907000.0,3374410000.0,,784051000.0,-4900331000.0,-33836000.0,-4934167000.0,410144072000.0,54537875000.0,30902561000.0,16892147000.0,243379872000.0,58248712000.0,5464926000.0,3200380000.0,,0.040278313009178834,0.7763653066198388,,0.2006939612076881,0.06277928543736865,0.20156519457017394,0.5935591703423931,-0.8619688783411351,-0.867920635266851,0.0059517569257159664,0.0,0.13791467577031946,0.1329724814357429,1.7648335036050895,0.0411858860171457,4.178287616042051,0.013861090256108833,-0.04590041170788295,-0.031040649178397425,0.03681328393131075,0.04560316874237147,-1.2992317067856556,-1.298097914886008,-0.0011337918996478175,0.0,-0.01485976252948551,-0.0036688912725640066,-0.06543343935358203,-0.015734923502751824,-0.025755324947927427,0.0001466923615124835,2026-02-14,90418855936.0,large_cap,0.5108904849377254,-1.0628248559321598,0.1775334967815585,0.0427996614462801,0.1421536071978339,0.3007511729973279,0.1411178092707294,0.0600953162903118,2026-02-17,102.34916687011719,45,-0.11623602042771175,2026-03-18,,,,,,
KLAC,2025-12-31,,3297146000.0,2025936000.0,1362146000.0,1145682000.0,1499239000.0,383871000.0,279919000.0,1367607000.0,-105576000.0,1262031000.0,16720228000.0,6109478000.0,5465731000.0,2452124000.0,11263805000.0,3982472000.0,3209696000.0,,,0.02724557092011204,,,0.6144514073686759,0.4131288089760053,0.3474768784882441,0.4547081020979963,0.41478508989289525,0.38276466980837365,0.032020420084521585,0.1164252356431896,0.08489736274948091,0.36539441926270383,1.117778756400562,0.14665613411491757,2.8283450580443503,0.19719503824947843,0.001737306095533464,-0.003476688865534816,-0.0017898433446023598,-0.005636740528844386,0.05288446129753921,0.05074039087354615,0.002144070423992988,0.0041214536027720655,0.0010925413582962007,-0.007698404638106393,-0.10349151236792697,0.027388202936696554,0.13668067534521944,0.0004980708440885107,2026-02-14,235693834240.0,large_cap,0.2388764775285417,0.3040256154523485,0.6090980853989936,0.4124843844627934,0.3341221513829776,0.3078022487689782,0.378909014144078,0.7565482937872628,2026-02-17,1470.18994140625,45,0.008277871860333796,2026-03-18,,,,,,
KMB,2025-12-31,,4080000000.0,1465000000.0,507000000.0,499000000.0,685000000.0,,955000000.0,972000000.0,-397000000.0,575000000.0,17098000000.0,7296000000.0,1502000000.0,688000000.0,5310000000.0,7125000000.0,4150000000.0,,,-0.016867469879518038,,,0.3590686274509804,0.12426470588235294,0.12230392156862745,0.16789215686274508,0.23823529411764705,0.1409313725490196,0.09730392156862745,0.0,0.2340686274509804,0.42671657503801613,4.857523302263648,0.04023862440051468,0.7452631578947368,0.2386244005146801,-0.0006904086935979326,-0.02537384833451453,0.014834042050555163,-0.0217463973541224,0.06763288447909283,0.052256673753838884,0.015376210725253955,0.0,0.028044531065438222,-0.005779872143414466,-0.6259601812198348,0.003703806778534574,-0.028228434587953544,-0.007112217202041832,2026-02-14,31836399616.0,mid_cap,-0.0198880205295696,0.1302482867814588,0.3742338589705445,0.1664385599523951,0.1514430229098482,0.1495388277298423,0.4553366372537169,1.0156533301099964,2026-02-17,106.2081527709961,45,-0.07050448910865414,2026-03-18,,,,,,
KO,2025-12-31,,11822000000.0,7099000000.0,2862000000.0,2271000000.0,3629000000.0,,4199000000.0,3756000000.0,-882000000.0,2874000000.0,104816000000.0,45492000000.0,32169000000.0,10270000000.0,31044000000.0,21281000000.0,12455000000.0,,,-0.05082296266559616,,,0.6004906107257655,0.2420910167484351,0.19209947555405177,0.3069700558281171,0.3177127389612587,0.24310607342243276,0.07460666553882592,0.0,0.3551852478430046,0.4340177072202717,1.4141564860580063,0.09798122424057396,1.4587660354306657,0.1127881239505419,-0.014362861775238156,-0.08002861392197838,-0.10464881830383665,-0.08178947849544776,-0.0871848925120452,-0.12333310762935365,0.03614821511730845,0.0,0.06469949914770151,-0.013113227760161106,-0.10330118987888359,-0.022081013488691917,0.2477344340261589,-0.004662015141353046,2026-02-14,347726643200.0,large_cap,0.0285658084539057,-0.0353817313098372,0.6106330082233696,0.2979537196404666,0.225898302203523,0.10074159070143,0.4427890879073884,0.4680404578862047,2026-02-17,79.01667785644531,45,-0.03855738710348311,2026-03-18,,,,,,
LIN,2025-12-31,,8764000000.0,4217000000.0,2352000000.0,1530000000.0,3234000000.0,35000000.0,880000000.0,3030000000.0,-1458000000.0,1572000000.0,86817000000.0,28069000000.0,38245000000.0,5056000000.0,13325000000.0,15198000000.0,8615000000.0,,,0.017295414973882872,,,0.4811729803742583,0.268370607028754,0.1745778183477864,0.36900958466453676,0.34573254221816524,0.179370150616157,0.16636239160200822,0.003993610223642172,0.10041077133728891,0.3233122545123651,0.7339260033991372,0.05823744197564993,0.8767601000131596,0.10094797101950079,-0.010527541970489218,-0.003480814909725405,-0.049333963428185745,-0.023909742091121955,0.0035386942785251008,-0.014709942245131447,0.01824863652365652,-0.0001851477566248037,-0.0037099483376965697,0.021834227231074754,0.06257216043249125,0.0058029414930525075,0.05345229368904891,0.0007653980193728649,2026-02-14,233998581760.0,large_cap,0.0045960918000851,0.0198820287381021,0.480593849416755,0.2604150886229359,0.198909256173307,0.1492501136191486,0.2820941519957078,0.41180580682995,2026-02-17,480.6056823730469,45,0.016571433179580985,2026-03-18,,,,,,
LLY,2025-12-31,,19292000000.0,15920300000.0,8987400000.0,6637700000.0,12144500000.0,3801500000.0,3131400000.0,3224600000.0,-2970400000.0,254200000.0,112476000000.0,42503000000.0,26535000000.0,7268000000.0,55629000000.0,35228000000.0,17600800000.0,,,0.09608654152084006,,,0.8252280738129795,0.4658614969935725,0.34406489736678414,0.6295096413020941,0.16714700393945678,0.01317644619531412,0.15397055774414264,0.19705059091851546,0.16231598590089155,0.3778850599238949,1.6017712455247786,0.06461822966677336,1.5791132054047916,0.1715210355987055,-0.003853558840081761,-0.010599800220190525,0.026891814325104235,0.1816890876908946,-0.33486994983537166,-0.3292909416506929,-0.005579008184678769,0.00014476845590011278,0.006601472924208679,0.00805470304516126,-0.18472327183935344,-0.020576584115577418,0.03277767232008255,0.01838457807560992,2026-02-14,896128712704.0,large_cap,0.3199800726761224,0.1243835006789533,0.8131119152809537,0.3783051750549475,0.2351086739337965,0.0091912172812645,0.4274153592072667,0.572228927142222,2026-02-17,1034.2696533203125,45,-0.11389418791117911,2026-03-18,,,,,,
LMT,2025-12-31,,20321000000.0,2322000000.0,2331000000.0,1344000000.0,2284000000.0,,,3219000000.0,-463000000.0,2756000000.0,59840000000.0,21700000000.0,6721000000.0,4121000000.0,25362000000.0,23335000000.0,18609000000.0,,,0.09199849535171145,,,0.11426603021504847,0.11470892180502928,0.066138477437134,0.11239604350179618,0.15840755868313566,0.13562324688745633,0.022784311795679347,0.0,0.0,0.36263368983957217,3.228686207409612,0.06886697860962566,1.0868652239125778,0.3395889037433155,-0.006105832861957275,-0.007812438826922993,-0.02086243609932685,-0.03011564439115884,-0.04192561343788104,-0.04423596102269467,0.002310347584813636,0.0,0.0,-0.005489609649445004,-0.361185981556575,0.011298460459781612,-0.04206312987866445,0.03085906101984348,2026-02-14,118973136896.0,large_cap,0.0513829897441209,0.0273317045840821,0.0975465563109665,0.0987148628295539,0.0751094407612291,0.074419717635798,0.3644569106568135,1.277361238470252,2026-02-17,646.174560546875,45,-0.006027057528702362,2026-03-18,,,,,,
LRCX,2025-12-31,,5344791000.0,2651162000.0,1810203000.0,1593994000.0,1981414000.0,573305000.0,267654000.0,1480045000.0,-260879000.0,1219166000.0,21391171000.0,4483748000.0,10145426000.0,6180440000.0,14018023000.0,6213153000.0,5324173000.0,,,0.003872526305963353,,,0.4960272534510704,0.33868546029208624,0.2982331769380692,0.3707187053712671,0.27691354067913976,0.22810358721229698,0.04880995346684276,0.10726425037012673,0.05007754278885741,0.20960741232913335,0.4419477309282035,0.2889248092121745,2.2561850641695127,0.24985967341385845,-0.008253693092176773,-0.004858598099705291,0.0036033818506443493,-0.005542171200549784,-0.05721609785815046,-0.0712561443366215,0.014040046478471048,-0.00100533440857975,-0.002389760583891745,0.004863129271769212,0.0020328777070126036,-0.01669078508506766,0.04883374311720301,0.006749093337712148,2026-02-14,356062593024.0,large_cap,0.2368408976459919,0.3816111121611003,0.4870502388559173,0.3200856430368844,0.2906452524358996,0.2936753153180714,0.2100937163566993,0.8636854739647116,2026-02-17,235.29808044433594,45,-0.04499855549384113,2026-03-18,,,,,,
MA,2025-12-31,,8806000000.0,6988000000.0,5129000000.0,4060000000.0,5332000000.0,,1562000000.0,5002000000.0,-290000000.0,4712000000.0,54157000000.0,19000000000.0,7737000000.0,10566000000.0,23558000000.0,22762000000.0,8602000000.0,,,0.02371541501976293,,,0.7935498523733818,0.5824437883261413,0.4610492845786963,0.6054962525550761,0.568021803315921,0.5350897115602998,0.032932091755621166,0.0,0.1773790597320009,0.350831840759274,2.455732195941579,0.19509943312960468,1.0349705649767156,0.1626013257750614,0.01361495351265174,-0.01857922957667202,0.004527545448261561,-0.030983635842970814,-0.0903134675513192,-0.08151107895353416,-0.008802388597785017,0.0,0.03218026875315877,-0.00539552323704795,0.054036851812024445,0.0015698116317345856,-0.08729300241322302,0.0011796440020876153,2026-02-14,436667154432.0,large_cap,0.1222806598135308,-0.0063787816578906,0.7630915610466148,0.5796499449710655,0.4570596797671033,0.4823374871303298,0.3790686549780578,0.5858239221314032,2026-02-17,521.0346069335938,45,-0.06410819443876625,2026-03-18,,,,,,
MCD,2025-12-31,,7008000000.0,4030000000.0,3157000000.0,2164000000.0,3743000000.0,,749000000.0,2697000000.0,-1059000000.0,1638000000.0,59515000000.0,54814000000.0,-1790000000.0,774000000.0,4163000000.0,4361000000.0,7077000000.0,6388000000.0,,-0.009749894022891059,0.09705698184095168,,0.5750570776255708,0.4504851598173516,0.3087899543378995,0.5341038812785388,0.3848458904109589,0.23373287671232876,0.15111301369863014,0.0,0.10687785388127855,0.9210115097034361,30.622346368715085,0.013005124758464253,0.9545975693648245,0.11775182727043602,-0.004849662518558118,-0.01849887296490077,-0.013097851229431245,-0.018955324599658208,-0.09954014887122281,-0.1077960197127101,0.008255870841487295,0.0,0.013052786762442883,4.398066436539505e-05,4.8165211259966405,-0.02680810121830449,-0.04540243063517546,0.0009850638068668593,2026-02-14,196376723456.0,large_cap,0.0166699352814276,-0.0831057527523917,0.5675154320987654,0.4572145061728395,0.3172453703703703,0.2574074074074074,0.9413939328041752,0.4697183864303577,2026-02-17,325.79998779296875,45,-0.030908462811360282,2026-03-18,,,,,,
MDLZ,2025-12-31,,10496000000.0,2956000000.0,979000000.0,665000000.0,1425000000.0,,1942000000.0,2397000000.0,-398000000.0,1999000000.0,71487000000.0,21804000000.0,25838000000.0,2125000000.0,12951000000.0,21864000000.0,9744000000.0,,,0.07717569786535305,,,0.2816310975609756,0.09327362804878049,0.06335746951219512,0.13576600609756098,0.22837271341463414,0.19045350609756098,0.03791920731707317,0.0,0.18502286585365854,0.30500650467917245,0.8438733648115179,0.02972568439016884,0.5923435784851812,0.14682389805139395,0.013568700188233418,0.012711230676038285,-0.012894583032960871,0.013126433026953432,0.15478896957226962,0.14755531233729824,0.007233657234971363,0.0,0.0008069381032480283,-0.0023591726099892463,0.006000422915960701,0.010568757346249447,-0.0188036881566932,0.010272985750040209,2026-02-14,77583794176.0,large_cap,0.011800310972901,-0.1317099760476729,0.3912351472242803,0.1828983836887023,0.1265333004033917,0.096676820065311,0.2682161262537045,0.5320087011109975,2026-02-17,59.34618377685547,45,-0.05663213141966128,2026-03-18,,,,,,
META,2025-12-31,,59893000000.0,48987000000.0,24745000000.0,22768000000.0,31221000000.0,17135000000.0,7107000000.0,36214000000.0,-21383000000.0,14831000000.0,366021000000.0,83897000000.0,217243000000.0,35873000000.0,108722000000.0,41836000000.0,51242000000.0,,,0.16882635338199137,,,0.8179086036765565,0.4131534569983137,0.3801445911876179,0.5212796153139766,0.6046449501611206,0.2476249311271768,0.35702001903394387,0.28609353346801797,0.1186616132102249,0.22921362435488674,0.38618965858508675,0.09800803779018144,2.5987666124868536,0.16363268774196016,-0.002434083962489564,0.012407974776698583,0.32727780222543845,-0.002763162095179905,0.019207223296439313,0.029639684649677867,-0.010432461353238498,-0.009445282347133654,-0.005396776392054478,0.06116686351708839,0.12308329270955987,0.06448096468687843,0.6203586899802245,-0.005013064683626667,2026-02-14,1559175626752.0,large_cap,0.2194111280781605,0.062536444305896,0.8166515705071702,0.4217603540404009,0.3790858414234564,0.3287031689776962,0.1777188521086454,0.5959015265129286,2026-02-17,638.7431030273438,45,-0.036107020556862546,2026-03-18,,,,,,
MMM,2025-12-31,,6133000000.0,2058000000.0,794000000.0,577000000.0,1410000000.0,299000000.0,965000000.0,1583000000.0,-248000000.0,1335000000.0,37733000000.0,12602000000.0,4702000000.0,5235000000.0,16387000000.0,9595000000.0,6517000000.0,,,-0.05892281724719961,,,0.3355617153106147,0.12946355780205446,0.09408120006522093,0.22990379911951736,0.25811185390510355,0.21767487363443666,0.04043698027066688,0.048752649600521766,0.15734550790803847,0.33397821535525934,2.6801361122926415,0.13873797471709115,1.7078686816050026,0.16253677152625023,-0.08257546437328894,-0.117275739420594,-0.033891793643540766,-0.027423191827237292,-0.011337279131569789,-0.018323285027524366,0.006986005895954592,0.003179533135890804,0.03152074191141427,-0.015813069109391953,-0.16256051692084172,0.014545584193042332,-0.13445354443415924,-0.010737004762601421,2026-02-14,76263563264.0,large_cap,-0.00142218610321,0.0578645384103788,0.4121261444557477,0.1962156663275686,0.1698067141403865,0.0259613428280773,0.3271796929868566,0.6164091501956457,2026-02-17,167.6199951171875,45,-0.13447079073337587,2026-03-18,,,,,,
MRK,2025-12-31,,16400000000.0,10849000000.0,4065000000.0,2963000000.0,6297000000.0,3886000000.0,2898000000.0,2857000000.0,-1033000000.0,1824000000.0,136866000000.0,49339000000.0,52606000000.0,14565000000.0,43516000000.0,28327000000.0,17276000000.0,,,-0.05070618198657095,,,0.6615243902439024,0.24786585365853658,0.18067073170731707,0.38396341463414635,0.17420731707317072,0.11121951219512195,0.06298780487804878,0.2369512195121951,0.17670731707317072,0.3604912834451215,0.9378968178534768,0.10641795624917803,1.5362022099057437,0.11982523051744041,-0.11533367875355072,-0.13150437093048867,-0.1541868742199809,-0.09218847237673577,-0.27855952710372206,-0.28441605159279193,0.005856524489069849,-0.00812866008956456,0.02429935226650251,0.041114382575932196,0.13994117658057414,-0.033833383043428464,-0.12500360258552345,-0.013532804466271933,2026-02-14,275089031168.0,large_cap,0.0674207768443815,0.0533863993668584,0.7632308939035033,0.3151259194614138,0.2667528986410672,0.2820097244732577,0.3169009273649514,0.5479480129113794,2026-02-17,120.67617797851562,45,-0.05117976125839174,2026-03-18,,,,,,
MRNA,2025-12-31,,676000000.0,224000000.0,-857000000.0,-826000000.0,-724000000.0,775000000.0,308000000.0,930000000.0,-39000000.0,891000000.0,12338000000.0,1305000000.0,8650000000.0,2595000000.0,6544000000.0,1987000000.0,1002000000.0,,,-0.32534930139720564,,,0.33136094674556216,-1.267751479289941,-1.2218934911242603,-1.0710059171597632,1.3757396449704142,1.3180473372781065,0.057692307692307696,1.1464497041420119,0.4556213017751479,0.1057707894310261,0.1508670520231214,0.21032582266169558,3.2934071464519374,0.05479007942940509,-0.46205222690713244,-1.0082704413657892,-1.0222926927210667,-0.9362753782376075,2.221049026207939,2.1962908502521583,0.024758175955780747,0.3470485065372214,0.18815623191486847,0.04528459248005782,0.07219609811100992,0.11704193308608783,-0.6316374698478842,-0.027780995972325438,2026-02-14,19458398208.0,mid_cap,-0.5263547527391176,0.115817432691346,0.5423569865582994,-1.23319787433573,-1.1131603626133166,-1.267583619881213,0.0528213831141281,0.226205628623957,2026-02-17,43.93000030517578,45,0.19280676444031797,2026-03-18,,,,,,
MS,2025-12-31,,16762000000.0,,,4397000000.0,,,7277000000.0,-2410000000.0,-709000000.0,-3119000000.0,1420270000000.0,370538000000.0,111632000000.0,81310000000.0,,,17083000000.0,,,-0.01879061054849851,,,,,0.2623195322753848,,-0.14377759217277175,-0.18607564729745854,0.04229805512468679,0.0,0.43413673785944396,0.2608926471727207,3.319281209688978,0.05724967787814993,,0.011801981313412238,,,-0.007539391801182571,,0.05127011607519405,0.05070946070464882,0.0005606553705452474,0.0,-0.017891594400697708,0.0021599042041229866,0.10799003637456028,0.0034156531156562114,,-0.0007148159456853917,2026-02-14,303643099136.0,large_cap,0.1372490970454141,0.1281473244901463,,,0.2323805557001787,-0.0364450460769511,0.2554756059522448,0.0474219202005479,2026-02-17,170.62306213378906,45,-0.07351059336414667,2026-03-18,,,,,,
MSFT,2025-12-31,,81273000000.0,55295000000.0,38275000000.0,38458000000.0,58180000000.0,8504000000.0,8516000000.0,35758000000.0,-29876000000.0,5882000000.0,665302000000.0,57607000000.0,390875000000.0,24296000000.0,180190000000.0,130005000000.0,77673000000.0,,,0.04634815186744423,,,0.6803612515841669,0.47094360980891564,0.473195280105324,0.7158588953280918,0.43997391507634764,0.07237335892608862,0.367600556150259,0.1046349956320057,0.1047826461432456,0.08658774511424887,0.14737959705788295,0.03651875388921121,1.3860236144763662,0.12215956062059034,-0.010097466374454411,-0.017784777146654496,0.11596689958699719,0.09711106789771051,-0.14011182900460717,-0.25802459145563994,0.11791276245103274,-0.00024057245471684197,0.007927883226916885,-0.008573573089069739,-0.01940642019470329,-0.00881628919235855,-0.014506771609147373,9.956542925726453e-05,2026-02-14,3134205460480.0,large_cap,0.1493215623240671,-0.0073780578066455,0.6882374238616519,0.4562195624085985,0.3614601524896707,0.2541884965427156,0.0978799779645656,0.4551254194244616,2026-02-17,395.95623779296875,45,-0.010521943715975146,2026-03-18,,,,,,
NEE,2025-12-31,,6500000000.0,3731000000.0,1523000000.0,1535000000.0,3618000000.0,,,2499000000.0,-2222000000.0,277000000.0,212721000000.0,95619000000.0,54608000000.0,2812000000.0,13584000000.0,22817000000.0,7966000000.0,,,-0.18403213658046702,,,0.574,0.2343076923076923,0.23615384615384616,0.5566153846153846,0.38446153846153847,0.04261538461538462,0.34184615384615386,0.0,0.0,0.44950428025441774,1.751007178435394,0.013219193215526441,0.5953455756672656,0.0305564565792752,-0.07036354506653286,-0.06496421329110255,-0.0698968693872033,-0.10005044516116568,-0.12118746982367373,-0.15145943336101508,0.030271963537341406,0.0,0.0,-0.006185356356561256,0.032286593728577895,0.001518908415620395,0.042292457077941714,-0.008424918877040798,2026-02-14,194687483904.0,large_cap,-0.1195489791562922,-0.4611217983966054,0.60061406698178,0.2879246959964449,0.2806124510160384,0.191734335232093,0.4330034079434534,0.1301802844160215,2026-02-17,92.08212280273438,45,-0.012186119130481177,2026-03-18,,,,,,
NEM,2025-12-31,,6818000000.0,4126000000.0,3974000000.0,1301000000.0,3944000000.0,43000000.0,91000000.0,3621000000.0,-808000000.0,2813000000.0,57121000000.0,5589000000.0,33867000000.0,7647000000.0,13066000000.0,5712000000.0,5524000000.0,,,0.23425054308472126,,,0.6051628043414491,0.5828688765033734,0.190818421824582,0.5784687591669111,0.5310941625110003,0.4125843355822822,0.1185098269287181,0.006306834848929305,0.013347022587268994,0.09784492568407416,0.16502790326866862,0.13387370669281,2.2874649859943976,0.1193606554507099,0.07475005995332451,0.10929899960257683,-0.14082531459829997,-0.00118366661151037,0.11509126605915376,0.1281889699052366,-0.013097703846082762,-0.0009342947672908251,-0.002221406087604287,-0.00548292218573751,-0.005049746764437979,0.030765277363865057,0.24814135249066194,0.018354987138404166,2026-02-14,116427300864.0,large_cap,0.5816119200812733,0.5902564857547941,0.3823466438282839,0.3163472861577989,0.1792099346964993,0.1584948078364201,0.159221991517152,0.3315409324034144,2026-02-17,122.0629653930664,45,-0.12717177915145772,2026-03-18,,,,,,
NET,2025-12-31,,614507000.0,452551000.0,-49234000.0,-12077000.0,44965000.0,141887000.0,359898000.0,190411000.0,-90967000.0,99444000.0,6036256000.0,3518327000.0,1459123000.0,943536000.0,4644837000.0,2350563000.0,562027000.0,459946000.0,,0.09337629686829985,0.33604162227739787,,0.7364456385362576,-0.08011951043682171,-0.019653152852611933,0.07317247810033084,0.30985977376986756,0.16182728593815857,0.148032487831709,0.2308956610746501,0.5856694878984291,0.5828657697751719,2.41126142210081,0.15631146193932133,1.9760529711392547,0.1018026737103264,-0.0032181142727711887,-0.013467908289593905,-0.017357889457792822,-0.0233175481795454,0.01250217351222871,0.028433338672279873,-0.01593116516005119,0.015681801242293292,-0.005432007225470659,-0.022303942973439295,-0.18837436544737063,-0.025605603867627558,-0.06460899865810332,0.004673632225947966,2026-02-14,69830787072.0,large_cap,0.287551523237028,-0.0421146823470275,0.773181538859601,-0.0926920160562904,-0.0471961984300675,0.0999714906212529,0.4432418039466103,0.5057691806703215,2026-02-17,193.67999267578125,45,0.16418837388635565,2026-03-18,,,,,,
NFLX,2025-12-31,,12050762000.0,5528141000.0,2956663000.0,2418521000.0,7852355000.0,890300000.0,1681178000.0,2111642000.0,-239335000.0,1872307000.0,55596993000.0,14462836000.0,,9033681000.0,13020191000.0,10980930000.0,11510307000.0,,,0.0469540039201386,,,0.45873787898225854,0.2453507089427208,0.20069444571222966,0.6516065125176317,0.17522891913391037,0.1553683493209807,0.019860569812929673,0.07387914556772426,0.13950802447181349,0.2601370185614175,,0.1624850646149154,1.185709316059751,0.2167520462842298,-0.005720367005446203,-0.03685262412215748,-0.02057819280210363,0.010896060572257893,-0.07021840038589044,-0.07576840489417619,0.005550004508285756,-0.00027908496426762297,0.0314113420809789,-0.003138915552155397,,-0.006575004465113693,-0.14630083739602773,0.007225486315495938,2026-02-14,366423670784.0,large_cap,0.156499199944774,0.0898311521012287,0.4605655665041732,0.2671116915411787,0.2233696211524606,0.1774783219472051,0.2905593013392,0.7272178635189082,2026-02-17,77.0,45,0.22987009023691152,2026-03-18,,,,,,
NOC,2025-12-31,,11712000000.0,2296000000.0,1271000000.0,1427000000.0,2321000000.0,,1025000000.0,3897000000.0,-662000000.0,3235000000.0,51377000000.0,17019000000.0,16674000000.0,4403000000.0,15287000000.0,13882000000.0,10423000000.0,,,0.12366880936390667,,,0.19603825136612021,0.10852117486338798,0.12184084699453553,0.19817281420765026,0.3327356557377049,0.27621243169398907,0.05652322404371585,0.0,0.08751707650273224,0.3312571773361621,1.0206908960057575,0.08569982677073398,1.1012102002593287,0.22796192848940186,-0.017623842081063906,-0.010638376129608274,0.016305012781736905,0.019433487718155867,0.1833544794928618,0.15570969735646628,0.0276447821363955,0.0,-0.006985465951455605,-0.012718481893046807,-0.03997960687140045,0.046004086405622424,-0.007847827732493817,0.016542050193255803,2026-02-14,76796076032.0,large_cap,0.0443624331891066,-0.0290761767229201,0.2037871956717764,0.1064996466258864,0.1017230034362586,0.0638754173470133,0.3340829433335359,0.8313174902246804,2026-02-17,698.8816528320312,45,0.037142732132469325,2026-03-18,,,,,,
NOW,2025-12-31,,3568000000.0,2734000000.0,443000000.0,401000000.0,758000000.0,773000000.0,1518000000.0,2238000000.0,-238000000.0,2000000000.0,26038000000.0,2403000000.0,12964000000.0,3726000000.0,10471000000.0,10443000000.0,3407000000.0,,,0.047255650132081106,,,0.7662556053811659,0.1241591928251121,0.11238789237668162,0.2124439461883408,0.6272421524663677,0.5605381165919282,0.06670403587443946,0.21664798206278027,0.4254484304932735,0.09228819417774023,0.1853594569577291,0.1430985482755972,1.0026812218711099,0.13703049389354022,-0.006565057959016074,-0.04373044615346143,-0.03495581176185669,-0.049956993054394744,0.3886157949671015,0.3935290176779276,-0.004913222710826171,-0.0034870340804542543,0.04065242227489957,-0.017950917300528627,-0.027188105204911384,0.018035443039009946,-0.060494067311551936,-0.01933280869033238,2026-02-14,98046451712.0,large_cap,0.2243897001449113,-0.0138435641753094,0.791788055353241,0.1241806263656227,0.129734158776402,0.3072651128914785,0.1117597998331943,0.5388804395820046,2026-02-17,105.91000366210938,45,0.07364739073419391,2026-03-18,,,,,,
NSC,2025-12-31,,2974000000.0,969000000.0,1158000000.0,644000000.0,1313000000.0,,,1063000000.0,-729000000.0,334000000.0,45236000000.0,17305000000.0,15547000000.0,1530000000.0,3198000000.0,3775000000.0,3103000000.0,,,-0.04157267160812117,,,0.3258238063214526,0.3893745796906523,0.21654337592468056,0.441492938802959,0.3574310692669805,0.11230665770006724,0.24512441156691325,0.0,0.0,0.3825492970200725,1.1130764777770632,0.03382261915288708,0.8471523178807947,0.06574409762136352,-0.04704116306301409,0.006197009597194381,-0.012589721078219845,-0.03191988749417285,-0.052172540143267665,-0.11972685825223699,0.06755431810896934,0.0,0.0,-0.0006494468112419605,-0.015184535366058016,0.0020146335091006315,-0.014368680984131466,-0.0038611065060478733,2026-02-14,70960480256.0,large_cap,-0.0027147087857848,0.0434994928619201,0.3747422255217355,0.4022931617586406,0.2162830982430091,0.1378371690175699,0.4001190421683989,0.2775285014422416,2026-02-17,314.75823974609375,45,-0.10046821804696882,2026-03-18,,,,,,
NXPI,2025-12-31,,3335000000.0,1807000000.0,749000000.0,455000000.0,978000000.0,665000000.0,359000000.0,891000000.0,-153000000.0,738000000.0,26560000000.0,12222000000.0,10056000000.0,2906000000.0,7940000000.0,3881000000.0,3173000000.0,,,0.05105578317050119,,,0.5418290854572714,0.22458770614692652,0.136431784107946,0.29325337331334334,0.2671664167916042,0.22128935532233884,0.045877061469265366,0.19940029985007496,0.10764617691154423,0.46016566265060244,1.2153937947494033,0.10941265060240964,2.045864467920639,0.12556475903614459,-0.02136032519510811,-0.057479737912323414,-0.062433642932709504,-0.05783392577269514,0.08279831089812797,0.068437164966209,0.014361145931919006,0.018183785510333395,0.01751065847473364,-0.004090237781969486,-0.002625120133622927,-0.00935489891569008,-0.328961097248214,0.0051655786460709785,2026-02-14,73595314176.0,large_cap,-0.0498644169930702,-0.0552411682236646,0.5643729189789123,0.2752497225305216,0.1989852544791501,0.1511019502140478,0.4451096985851958,0.5172852163215091,2026-02-17,243.82461547851562,45,-0.21379898606258474,2026-03-18,,,,,,
O,2025-12-31,,1708836000.0,1600760000.0,943044000.0,296085000.0,1238565000.0,,54142000.0,1203434000.0,,1203434000.0,72795612000.0,29345846000.0,39438695000.0,434842000.0,5108171000.0,3594827000.0,1387631000.0,1340299000.0,,0.23147724431062722,0.27496625752910364,,0.9367546095704913,0.5518633736648807,0.17326706600282296,0.7248003904412126,0.7042419518315391,0.7042419518315391,,0.0,0.031683555355809453,0.4031265785635541,0.744087653001703,0.005973464444532728,1.420978255699092,0.0234744368932567,0.013591319041524996,0.13214876653949936,-0.0542941516407725,-0.18338341346631037,0.024569185800800475,0.024569185800800475,,0.0,-0.007980447538331714,-0.0022909398852924423,0.00407981138022917,0.00012078545986372695,-0.12417743856581676,0.0040068328245004975,2026-02-14,56993943552.0,large_cap,0.2922655174941462,0.0723545869956925,0.9283504409480906,0.4403083809922024,0.1632989587455621,0.6778940882260429,0.3887139513351623,0.0765764366022949,2026-02-17,65.64468383789062,45,-0.04802810959324422,2026-03-18,,,,,,
OPEN,2025-12-31,,736000000.0,57000000.0,-150000000.0,-1096000000.0,-1058000000.0,18000000.0,189000000.0,70000000.0,-3000000.0,67000000.0,2407000000.0,1320000000.0,1005000000.0,962000000.0,2299000000.0,327000000.0,915000000.0,,,-0.19562841530054642,,,0.07744565217391304,-0.20380434782608695,-1.4891304347826086,-1.4375,0.09510869565217392,0.09103260869565218,0.004076086956521739,0.024456521739130436,0.25679347826086957,0.5484004985459078,1.3134328358208955,0.3996676360614873,7.030581039755352,0.3057748234316577,0.005314504632929429,-0.13058030411023996,-1.3907697790449038,-1.3905054644808743,-0.3803011404133998,-0.38109853884533146,0.0007973984319315751,0.0036914944167260634,0.13220331432644333,-0.11345135330594402,-0.8900196919226311,0.04337133976519103,4.200165284831938,-0.03311406545723122,2026-02-14,4225546496.0,low_cap,-0.2581341779441405,0.295665526558975,0.0840287211333204,-0.0588006986221618,-0.0760721909567242,-0.1203182612070638,0.7412028150991683,1.648432501599488,2026-02-17,4.329999923706055,45,0.21939960804645642,2026-03-18,,,,,,
ORLY,2025-12-31,,4414314000.0,2286172000.0,828609000.0,605233000.0,966717000.0,,1457563000.0,633492000.0,-269032000.0,364460000.0,16538253000.0,8491499000.0,-763352000.0,193793000.0,6744277000.0,8775821000.0,4705696000.0,4095601000.0,,-0.06192112707663222,0.07781837146733772,,0.517899723490445,0.18770957389981774,0.13710692080354955,0.21899597536559476,0.14350859499346896,0.08256322499939968,0.06094536999406929,0.0,0.3301901495906272,0.5134459486137986,11.12396247078674,0.011717864033159971,0.7685066730508747,0.26691537491898326,-0.0006093344682501778,-0.01971287752925885,-0.01715208785319325,-0.017288306491966804,0.0124897191459854,0.017867800560591895,-0.005378081414606488,0.0,0.019103543061008643,-0.0026381115431080016,1.7332377838609698,-0.0008446473806457636,0.011083304620129408,-0.022138913609863253,2026-02-14,73332998144.0,large_cap,0.0566794099511454,-0.0406421462610593,0.5119849029944616,0.1945812661942478,0.1428424454434183,0.1212671123445766,0.5318240729444671,1.1218456800074608,2026-02-17,92.5999984741211,45,-0.05269975522496129,2026-03-18,,,,,,
PEP,2025-12-31,,29343000000.0,15620000000.0,3557000000.0,2540000000.0,4707000000.0,,12063000000.0,6619000000.0,-1916000000.0,4703000000.0,107399000000.0,49901000000.0,20406000000.0,9159000000.0,27949000000.0,32764000000.0,23937000000.0,,,0.2258428374483017,,,0.5323245748560134,0.12122141566983607,0.08656238285110589,0.16041304570084858,0.22557339058719286,0.16027672698769724,0.06529666359949562,0.0,0.4111031591861773,0.4646318867028557,2.4454082132706065,0.0852801236510582,0.8530399218654621,0.27321483440255495,-0.0034150750583451517,-0.03343455625647049,-0.022181402919876275,-0.0314656358381914,0.03874964492148705,0.014895100217425267,0.02385454470406178,0.0,0.03001948119812531,-0.01256363123103943,-0.1772965525639303,0.009021184857161926,-0.05879854919711136,0.04857660921064069,2026-02-14,203838226432.0,large_cap,0.0041871194148965,-0.0546030463411919,0.5455396607659982,0.1406580007403052,0.1042741742330219,0.0782655083066605,0.4518885660570843,0.9234620527411102,2026-02-17,160.4862060546875,45,-0.04328230406411182,2026-03-18,,,,,,
PFE,2025-12-31,,17557000000.0,12285000000.0,3475000000.0,-1648000000.0,756000000.0,3418000000.0,4162000000.0,5348000000.0,-845000000.0,4503000000.0,208160000000.0,63961000000.0,86476000000.0,1142000000.0,42898000000.0,36984000000.0,16654000000.0,,,0.054221208118169884,,,0.6997209090391296,0.1979267528621063,-0.09386569459474853,0.043059748248561826,0.30460784872130775,0.2564788973059179,0.04812895141538987,0.1946801845417782,0.23705644472290255,0.3072684473481937,0.7396387436976734,0.0054861644888547275,1.1599069868051048,0.08434377401998462,-0.049768703066070286,-0.05048203781881122,-0.3064872870049803,-0.29607799643739946,0.028217792278411147,0.016236312941801168,0.01198147933661,-0.04165943356798521,0.045751052624908084,0.01575448919152317,0.08395615407040635,-0.0009479540656484372,-0.12230964889278573,0.004556871259972936,2026-02-14,144366927872.0,large_cap,0.0683917117238137,0.4797680398681182,0.719443003756267,0.233077152781052,0.1262200009429959,0.154572744275229,0.2982670715477328,0.2981639768318057,2026-02-17,26.925548553466797,45,-0.0018269087867441858,2026-03-18,,,,,,
PG,2025-12-31,,22208000000.0,11374000000.0,5366000000.0,4319000000.0,6443000000.0,,6008000000.0,4972000000.0,-1167000000.0,3805000000.0,127286000000.0,36639000000.0,53041000000.0,10825000000.0,26588000000.0,36699000000.0,22386000000.0,,,-0.007951398195300663,,,0.5121577809798271,0.24162463976945245,0.1944794668587896,0.2901206772334294,0.22388328530259366,0.17133465417867436,0.05254863112391931,0.0,0.27053314121037464,0.28784783872539005,0.6907675194660734,0.08504470248102698,0.7244884056786288,0.1744732335056487,-0.001511476591869454,-0.019967426700662788,-0.01770672093715428,-0.02221739120220001,-0.01769627335013574,-0.01663997282034288,-0.0010563005297928307,0.0,0.018455950108793306,0.006137167011661893,0.015978707752163146,-0.0025030055731113665,0.010762915482550373,-0.0009670128912666331,2026-02-14,329659777024.0,large_cap,0.0029153131284285,-0.0218755558323793,0.5116036258364577,0.2426439181813867,0.1895258886621423,0.1666271178396848,0.2831806820994801,0.6730282438054476,2026-02-17,158.35755920410156,45,-0.08047632129168658,2026-03-18,,,,,,
PGR,2025-12-31,,22738000000.0,,,2951000000.0,,,,3170000000.0,-121000000.0,3049000000.0,123039000000.0,6897000000.0,30323000000.0,125000000.0,,,22502000000.0,,,0.0104879566260776,,,,,0.12978274254551853,,0.13941419649925235,0.1340927082417099,0.00532148825754244,0.0,0.0,0.056055397069221954,0.2274511097186954,0.0010159380359073139,,0.18480319248368404,,,0.013570850269276416,,-0.09145417075699153,-0.0938425863987665,0.0023884156417749523,0.0,0.0,-0.0006854594741606129,0.032896165438825176,-0.0004075202271444818,,-0.0003451187023940372,2026-02-14,116709515264.0,large_cap,0.2135850393827618,-0.0384164932770079,,,0.1125519291772294,0.1968862402612054,0.0651851151354674,0.7124970447775308,2026-02-17,207.79246520996094,45,-0.03237132163014722,2026-03-18,,,,,,
PH,2025-12-31,,5174000000.0,1931000000.0,1094000000.0,845000000.0,1403000000.0,,837000000.0,862000000.0,-94000000.0,768000000.0,30511000000.0,9870000000.0,14311000000.0,427000000.0,7193000000.0,6086000000.0,5084000000.0,,,0.017702596380802627,,,0.3732122149207576,0.21144182450715113,0.16331658291457288,0.2711635098569772,0.1666022419791264,0.14843448009277155,0.01816776188635485,0.0,0.1617703904136065,0.32348988889253055,0.6896792676961777,0.013994952640031463,1.1818928688793953,0.1695781849169152,-0.0018861328369135233,0.008058661643264436,0.004386606518034714,0.0011005672920676446,0.012786348981486756,0.01212448796059215,0.0006618610208945844,0.0,-0.009944794480177932,-0.013342265490231764,-0.06033887848949404,-0.0014237649659925942,0.11580642545116104,0.0038514189358870854,2026-02-14,108777250816.0,large_cap,-0.0040140491721023,-0.0493851480443814,0.3685138539042821,0.2045340050377833,0.1778841309823677,0.1683123425692695,0.3148097918220655,0.6730182409981691,2026-02-17,1007.6524047851562,45,-0.09657099719753204,2026-03-18,,,,,,
PLD,2025-12-31,,2252712000.0,1673937000.0,852357000.0,1399783000.0,2463918000.0,,136880000.0,1158236000.0,,1158236000.0,98724256000.0,35680534000.0,53193178000.0,1145647000.0,2435901000.0,2681055000.0,2213881000.0,,,0.017539786465487595,,,0.7430763453117842,0.37836927223719674,0.6213768115942029,1.0937563257087457,0.5141518312149977,0.5141518312149977,,0.0,0.06076231670981466,0.36141608400675107,0.6707727445801415,0.011604513889676718,0.9085606225907339,0.02281822209933899,-0.006727280086328835,-0.024810031438113722,0.2761613280158172,0.2888042980252342,-0.139780335870767,-0.139780335870767,,0.0,0.01077679354935572,0.0024320347978853962,6.811555390995316e-05,-0.00045576920181191957,0.1630702450327558,0.000305965504715993,2026-02-14,131021455360.0,large_cap,0.0222024912167044,-0.3209315371195405,0.7491662002948202,0.3777357128661324,0.4549881059938231,0.5989322828078877,0.3303779339381719,0.0860348669258346,2026-02-17,140.6385498046875,45,-0.06711213155676843,2026-03-18,,,,,,
PNC,2025-12-31,,6068000000.0,,,2020000000.0,,,2134000000.0,757000000.0,,757000000.0,573572000000.0,57101000000.0,60585000000.0,39713000000.0,,,5900000000.0,,,0.028474576271186436,,,,,0.3328938694792353,,0.12475280158206987,0.12475280158206987,,0.0,0.35168094924192483,0.099553325476139,0.9424940166707931,0.06923803811901558,,0.010579316982000516,,,0.026453191513133634,,-0.3254166899433539,-0.3254166899433539,,0.0,0.0020199322927723085,-0.010059222368584766,-0.1143630777519904,0.000895465501405901,,0.00020600066793869352,2026-02-14,85469020160.0,large_cap,-0.032544516249012,-0.0512524825273107,,,0.2830025469748666,0.3786823009274833,0.1101228845185505,0.0371564072437941,2026-02-17,229.47718811035156,45,-0.13003808693081464,2026-03-18,,,,,,
PYPL,2025-12-31,,8676000000.0,4034000000.0,1591000000.0,1437000000.0,1972000000.0,804000000.0,1193000000.0,2384000000.0,-194000000.0,2190000000.0,80173000000.0,9987000000.0,20256000000.0,8049000000.0,59759000000.0,46443000000.0,8417000000.0,,,0.030771058571937848,,,0.4649608114338405,0.1833794375288151,0.1656293222683264,0.227293683725219,0.2747810050714615,0.2524204702627939,0.02236053480866759,0.09266943291839558,0.13750576302443523,0.12456812143739164,0.49303909952606634,0.10039539495840245,1.2867170510087633,0.10821598293689895,0.005058233318122329,-0.005405165061181327,0.017357966678448772,0.0026293139972874136,0.04025563973939547,0.04830974197480531,-0.008054102235409873,-0.0024951150202999206,0.014659143088591106,-0.01673336601264032,-0.0652339968201065,-0.012322490782377737,-0.05278967145584357,0.0027411142009182016,2026-02-14,39174303744.0,mid_cap,0.0680528030633838,-0.0138208796170435,0.4609868855552411,0.1812435135390131,0.1304211089096455,0.2128188193854766,0.1254874563353445,0.4038996506827564,2026-02-17,40.68681335449219,45,0.09593247728910081,2026-03-18,,,,,,
QCOM,2025-12-31,,12252000000.0,6684000000.0,3366000000.0,3004000000.0,4109000000.0,2453000000.0,865000000.0,4965000000.0,-549000000.0,4416000000.0,53034000000.0,14817000000.0,23073000000.0,7205000000.0,24608000000.0,9822000000.0,11271000000.0,,,0.08703752994410441,,,0.545543584720862,0.27473065621939274,0.24518445968005223,0.3353738165197519,0.40523996082272284,0.3604309500489716,0.044809010773751226,0.20021221025138752,0.07060071825008161,0.27938680846249575,0.642179170458978,0.13585624316476222,2.505396049684382,0.23102160877927366,-0.007823463455874813,0.012375940577479871,0.5217348988602492,0.023688961582301826,0.050701765454077674,0.042003126430836535,0.00869863902324107,-0.010061944659445599,-0.010137459373909155,-0.01598841838870979,-0.05625523489799644,0.025771086712216507,-0.3110956388545505,0.00624447139220069,2026-02-14,212370472960.0,large_cap,0.1365946306657768,0.0488782710901207,0.5542859723602204,0.2798753500135489,0.1251241983560654,0.2894950772287959,0.2953752268512055,0.8831541790479229,2026-02-17,141.7200927734375,45,-0.079382473808562,2026-03-18,,,,,,
REGN,2025-12-31,,3884300000.0,3299700000.0,898600000.0,844600000.0,1200900000.0,1626100000.0,775000000.0,1170700000.0,-290700000.0,880000000.0,40558700000.0,2705900000.0,31256900000.0,3118100000.0,18021900000.0,4368400000.0,3754300000.0,,,0.03462696108462304,,,0.8494966918106223,0.23134155446283758,0.21743943567695595,0.3091676749993564,0.30139278634503,0.2265530468810339,0.07483973946399608,0.418633988105965,0.19952114924181963,0.06671564917021502,0.0865696854134607,0.0768786968024123,4.125515062723194,0.09576983483198426,-0.011569285868305856,-0.06429278482810882,-0.1714479734272712,-0.20205945122923485,-0.12976615140634845,-0.1394272956595196,0.009661144253171161,0.0257511604150506,0.02430872615362742,-0.0006366139952791033,-0.0008234755992727605,0.01448294282052559,0.06217186143960696,0.002308145088049815,2026-02-14,73203851264.0,large_cap,0.0827005763425121,0.005126621081235,0.8612519363469934,0.2809956344176876,0.3107027179270525,0.2491832136318828,0.0716219007717283,0.3761182645910687,2026-02-17,792.57666015625,45,-0.06113814281322605,2026-03-18,,,,,,
RTX,2025-12-31,,24238000000.0,4717000000.0,2596000000.0,1622000000.0,3826000000.0,789000000.0,1638000000.0,4165000000.0,-1115000000.0,3050000000.0,171079000000.0,39506000000.0,65245000000.0,7435000000.0,60332000000.0,58784000000.0,22478000000.0,,,0.07829878103034082,,,0.19461176664741314,0.1071045465797508,0.06691971284759468,0.15785130786368512,0.17183761036389142,0.12583546497235745,0.04600214539153395,0.03255219077481641,0.06757983331958083,0.23092255624594485,0.6055023373438577,0.04345945440410571,1.0263336962438758,0.1416772368321068,-0.009143015806541838,-0.005138535544993397,-0.018408163297969876,-0.02063432253047806,-0.034541960772330654,-0.04784546749494392,0.013303506722613233,0.002122437238024879,0.003695146069825503,-0.010427519640983623,-0.025507985996812477,0.008089031334479455,-0.04662719341311039,0.008412676027705374,2026-02-14,230525255680.0,large_cap,0.1714741729541498,0.1439523314060089,0.1908642770442666,0.0809779781515519,0.0591295300849661,0.048589264039238,0.2633718324215128,0.4957479077249925,2026-02-17,202.82632446289062,45,0.008547574385593615,2026-03-18,,,,,,
RUN,2025-12-31,,1158833000.0,435372000.0,97357000.0,103574000.0,306180000.0,8816000.0,329199000.0,96948000.0,-408855000.0,-311907000.0,22610596000.0,14776833000.0,3132484000.0,823380000.0,2155969000.0,1302515000.0,724557000.0,,,0.5993676135900972,,,0.3756986554576889,0.08401296821888918,0.08937784823179871,0.26421408434174726,0.08366002694089658,-0.26915612517075366,0.35281615211165024,0.007607653561816068,0.28407803367698364,0.6535357581905404,4.717289218396647,0.036415669892116066,1.655235448344165,0.05125176709185375,0.039954193669313354,0.07897402718319427,0.06648247906139529,0.033290913355889684,0.25138044093179035,0.9249031413879849,-0.6735227004561948,-0.005182230463871352,-0.033837603050009546,-0.008631073556910507,-0.2148355631813006,0.004508690326948478,0.1979577558090786,0.018651484227347144,2026-02-14,3337304320.0,low_cap,-0.0982798134181899,-0.0717404767529907,0.161236166517562,-0.281215908572281,-1.3967416508360573,-1.701499078135896,0.6544645651768801,0.1024088289991036,2026-02-17,19.34000015258789,45,-0.33867632570098016,2026-03-18,,,,,,
SBUX,2025-12-31,,9915100000.0,2089200000.0,918300000.0,293300000.0,1335700000.0,,638800000.0,1597700000.0,-323700000.0,1274000000.0,32228300000.0,25470900000.0,-8388700000.0,3413400000.0,12022600000.0,11486600000.0,9569000000.0,,,0.036168878670707505,,,0.21070891871993222,0.09261631249306614,0.029581143911811277,0.13471371947837138,0.1611380621476334,0.1284908876360299,0.03264717451160351,0.0,0.06442698510352896,0.7903271348473236,3.036334592964345,0.1059131260413984,1.0466630682708546,0.30765197047315557,-0.015291708304835255,-0.006464051181299002,0.015661194073792677,0.054694908735347034,0.016734258197377366,0.031740966014125835,-0.015006707816748462,0.0,-0.0026646650166507885,-0.04077059561236207,-0.2504154008602235,0.005356281348912209,0.3236453608352987,0.008804698325071747,2026-02-14,121737052160.0,large_cap,0.0278691515416213,0.0222931500294853,0.227711083142393,0.0962984477361474,0.049924161745248,0.065672701455449,0.8310977304596857,1.1612975761796644,2026-02-17,94.83415222167969,45,-0.028619314628311132,2026-03-18,,,,,,
SCHW,2025-12-31,,6336000000.0,,,2459000000.0,,,1745000000.0,-763000000.0,-158000000.0,-921000000.0,490995000000.0,30951000000.0,49425000000.0,46030000000.0,,,6135000000.0,5329000000.0,,0.03276283618581899,0.18896603490335906,,,,0.38809974747474746,,-0.12042297979797979,-0.14535984848484848,0.024936868686868688,0.0,0.27541035353535354,0.06303730180551737,0.6262215477996965,0.09374840884326724,,0.012904408395197508,,,0.00374766923513864,,-0.20811654133017213,-0.20941852819144996,0.0013019868612778145,0.0,-0.010490216961793974,0.0037493844268755433,0.06766007039810895,0.02803820691099354,,-0.000281908785703288,2026-02-14,158052630528.0,large_cap,0.0408239103891276,0.1335413749879139,,,0.3030704886259308,0.1045598286238906,0.0940599321027919,0.040859197695913,2026-02-17,92.74720001220703,45,0.002148633976335912,2026-03-18,,,,,,
SEDG,2025-12-31,,335358000.0,74471000.0,-23955000.0,-132121000.0,-166581000.0,51726000.0,54528000.0,52629000.0,-9293000.0,43336000.0,2182194000.0,415925000.0,427464000.0,455075000.0,1739847000.0,803495000.0,340177000.0,,,-0.014166154678299847,,,0.2220641821575749,-0.0714311273325819,-0.39397002606170123,-0.49672588696258924,0.15693378419480078,0.1292230988972978,0.027710685297502965,0.1542411393197717,0.1625963895299948,0.190599460909525,0.973005913948309,0.208540120630888,2.1653488820714504,0.15367927874423631,0.009989291732884209,0.029460467337251744,-0.24681134102420604,-0.41700856333400765,0.08165532621557232,0.06220210688431632,0.019453219331255982,-0.004928939786105535,0.005369416513006597,0.004332320592991906,0.10631006602434712,0.011652143602607884,-0.11594391194806741,0.001291393549079728,2026-02-14,3756131840.0,low_cap,-0.6971451301650782,-0.6541422355694486,-0.9730968566408122,-1.6360709785058838,-2.0038215952858485,-0.478650094957491,0.286307370658009,0.3406280028400277,2026-02-17,37.130001068115234,45,0.20872609149088284,2026-03-18,,,,,,
SHAK,2025-12-31,,400531000.0,192002000.0,25747000.0,11831000.0,49025000.0,,79954000.0,63136000.0,-59152000.0,3984000.0,1896209000.0,902126000.0,525327000.0,360123000.0,430347000.0,244918000.0,367411000.0,,,0.09014427983919915,,,0.4793686381328786,0.06428216542539779,0.029538287922782507,0.12240001398143964,0.1576307451857659,0.009946795628802765,0.14768394955696312,0.0,0.19962000444410047,0.4757524091489915,1.7172656269333195,0.18991735615641525,1.7571064601213466,0.21122724341040466,0.0005669691572627311,-0.00017698250430490947,-0.004486278570871742,-0.011618836842297267,-0.013836630586870208,-0.05466749191294204,0.04083086132607183,0.0,0.005352549196435047,0.008371711518483316,0.0395331436076809,-0.005879456974165392,-0.08348373291171307,0.010146893035374221,2026-02-14,2584431616.0,low_cap,0.151788497452491,-0.0559293349180289,0.4581784564684242,0.0406775304005722,0.0081485987635397,0.0284654097690578,0.4770989015133435,0.7381434332112924,2026-02-17,91.44999694824219,45,-0.04756696139184191,2026-03-18,,,,,,
SHOP,2025-12-31,,3672000000.0,1693000000.0,745000000.0,743000000.0,752000000.0,390000000.0,558000000.0,725000000.0,-10000000.0,715000000.0,15189000000.0,188000000.0,13473000000.0,1534000000.0,8296000000.0,1392000000.0,2844000000.0,,,0.2911392405063291,,,0.4610566448801743,0.2028867102396514,0.20234204793028324,0.2047930283224401,0.1974400871459695,0.19471677559912853,0.0027233115468409588,0.10620915032679738,0.15196078431372548,0.012377378365922707,0.01395383359311215,0.10099414049641188,5.959770114942529,0.24175390084929885,-0.02804321447284963,0.030242547089159133,0.10951504371087395,0.029335925650147532,0.017060340310526473,0.01644673340503572,0.000613606905490748,-0.025647389757590802,-0.032638371804417976,-0.06176318949098268,-0.075167739422634,-0.05952185125835906,2.0261957814585707,0.05264558247706666,2026-02-14,130128805888.0,large_cap,0.2577903682719547,-0.002923917442331,0.5036036036036036,0.1466216216216216,0.2273648648648648,0.1798423423423423,0.0808675667911519,0.6377477736282677,2026-02-17,113.54000091552734,45,0.08992424698031143,2026-03-18,,,,,,
SHW,2025-12-31,,5595900000.0,2712600000.0,789700000.0,476800000.0,957000000.0,,1921700000.0,1092500000.0,-230400000.0,862100000.0,25901700000.0,12942600000.0,4598300000.0,207200000.0,6007400000.0,6920300000.0,6358200000.0,,,-0.11989242238369346,,,0.4847477617541414,0.14112117800532534,0.0852052395503851,0.17101806679890635,0.1952322235922729,0.15405922193034186,0.04117300166193106,0.0,0.3434121410318269,0.4996814880876545,2.8146488919818196,0.007999474937938436,0.8680837535944973,0.21604373458112788,-0.006822179424179509,-0.04031381932096198,-0.04582240978433226,-0.040456878940453855,-0.010423465124659553,-0.020707221402676917,0.010283756278017375,0.0,0.034944335678110394,-0.018420960169259815,-0.25352727686549015,-0.001215831246810328,0.04569799056512691,-0.02657638874752466,2026-02-14,74015350784.0,large_cap,0.0020215253406443,-0.0387479936873886,0.4846678355737385,0.1628633893975799,0.1160854600948113,0.0901876745243197,0.5041044997164933,0.9773998629012466,2026-02-17,367.1282043457031,45,-0.149833787154957,2026-03-18,,,,,,
SLB,2025-12-31,,9745000000.0,1729000000.0,1458000000.0,824000000.0,1267000000.0,187000000.0,84000000.0,3005000000.0,-600000000.0,2405000000.0,54868000000.0,11636000000.0,26109000000.0,3036000000.0,19513000000.0,14721000000.0,8928000000.0,,,0.09150985663082434,,,0.17742432016418677,0.14961518727552592,0.08455618265777322,0.13001539250897895,0.30836326321190355,0.24679322729604924,0.06157003591585428,0.019189327860441252,0.0086198050282196,0.2120726106291463,0.44567007545290893,0.05533279871692061,1.3255213640377692,0.17760807756798133,0.0029171517054054075,0.0022137535837696565,0.0017828851667337914,-0.06935736734765188,0.11996720586423329,0.12302530614909583,-0.003058100284862565,0.00014810922244842123,0.0005552888991873419,-0.01964466742795712,-0.052320952438645596,0.0006253041168806789,-0.06138467001509107,0.015554822163483473,2026-02-14,82796298240.0,large_cap,0.0951863588350687,-0.0843729306170688,0.2055719363994599,0.1743227975419548,0.1229298134420898,0.1232604921601587,0.2467354654133033,0.7415755594155512,2026-02-17,49.84000015258789,45,-0.09069021757474804,2026-03-18,,,,,,
SO,2025-12-31,,6981000000.0,2790000000.0,917000000.0,416000000.0,2696000000.0,,,2597000000.0,-4285000000.0,-1688000000.0,155720000000.0,74075000000.0,36016000000.0,1639000000.0,10917000000.0,16888000000.0,7823000000.0,,,-0.10763134347437042,,,0.39965620971207566,0.13135653917776824,0.0595903165735568,0.3861910901017046,0.3720097407248245,-0.24179916917347086,0.6138089098982954,0.0,0.0,0.47569355253018236,2.0567247889826743,0.010525301823786283,0.646435338702037,0.04483046493706653,-0.15051635835644023,-0.20022980877058916,-0.1591237317455024,-0.1802156592271974,-0.11041388192633234,-0.3132551323589496,0.20284125043261725,0.0,0.0,-0.005526430764868806,-0.05018338769294406,-0.011275961487969825,-0.10849710180974115,-0.0062175095878864856,2026-02-14,104331722752.0,large_cap,0.0582505048905079,0.1957552010891486,0.5000374195479719,0.26448136506511,0.164683430624158,0.0311704834605597,0.4565160490425679,0.1840749414519906,2026-02-17,92.0,45,0.04934783603834059,2026-03-18,,,,,,
SRE,2025-12-31,,3749000000.0,1837000000.0,1040000000.0,352000000.0,1005000000.0,,,1189000000.0,-3411000000.0,-2222000000.0,110878000000.0,35021000000.0,31614000000.0,29000000.0,34837000000.0,21894000000.0,3151000000.0,3758000000.0,,0.1897810218978102,-0.0023948908994145812,,0.48999733262203254,0.27740730861563084,0.0938917044545212,0.2680714857295279,0.31715124033075487,-0.5926913843691651,0.9098426246999199,0.0,0.0,0.31585165677591587,1.107768710065161,0.0002615487292339328,1.5911665296428246,0.033811937444759105,0.06060983658902713,0.11967960312531031,0.06374254545737744,-0.12069398554943117,-0.03511788058324067,-0.132202650633843,0.09708477005060223,0.0,0.0,0.01007812728162577,0.05897492076707289,0.00021478435620388202,0.003914178231978038,0.0043410295612211006,2026-02-14,59113189376.0,large_cap,-0.2114234449760765,-0.3693983739877811,0.4620401971937808,0.224649222601441,0.2170648464163822,-0.2508911642017444,0.3728147262232853,0.1371223545317456,2026-02-17,92.29654693603516,45,0.02259517736443417,2026-03-18,,,,,,
SYK,2025-12-31,,7171000000.0,4628000000.0,1811000000.0,849000000.0,2189000000.0,401000000.0,2227000000.0,2143000000.0,-268000000.0,1875000000.0,47844000000.0,15859000000.0,22420000000.0,4011000000.0,14755000000.0,7794000000.0,6057000000.0,6436000000.0,,0.18391943206207695,0.11420136730888752,,0.6453772137777158,0.2525449728071399,0.11839352949379445,0.3052572862920095,0.2988425603123693,0.26146980895272626,0.037372751359643006,0.05591967647468972,0.3105564077534514,0.331473120976507,0.7073595004460304,0.08383496363180336,1.8931229150628688,0.149882952930357,0.009418818532545004,0.05310630680086614,-0.02342585303881245,0.05480326615002501,0.04459128080106006,0.03809189909636171,0.006499381704698312,-0.011770599239360136,-0.02706947964955342,-0.021184294498342637,-0.054403180297600606,0.014642282415406216,0.04378382685137705,0.02116671517614402,2026-02-14,117599756288.0,large_cap,0.1023026636745048,-0.0087602665656165,0.6390794423545032,0.2065058641292321,0.132462934277495,0.1543261783580438,0.3164227036838798,0.5258197388936725,2026-02-17,368.1837463378906,45,-0.06330248424218032,2026-03-18,,,,,,
TEAM,2025-12-31,,1586315000.0,1348624000.0,-47747000.0,-42645000.0,-7611000.0,826489000.0,564375000.0,177805000.0,-9289000.0,168516000.0,6160381000.0,1215079000.0,1590849000.0,1158122000.0,2775406000.0,3116627000.0,1432553000.0,,,0.1073342487154052,,,0.8501615379038842,-0.030099318231246633,-0.02688305916542427,-0.0047979121422920415,0.11208681756145532,0.1062311079451433,0.0058557096163120185,0.5210119049495213,0.35577738343267257,0.19724088493877245,0.7637927924020445,0.18799519055720743,0.8905159327696256,0.2575027421193592,0.030206534493888104,0.03714915355304338,0.009325025282411168,0.011505149594341787,0.02223673871620492,0.02623197353266432,-0.003995234816459405,-0.0067130727650902555,-0.003701114047001852,-0.017035139884232525,-0.1251288109210974,-0.21797631543003143,-0.37294776605734625,0.007078303696144428,2026-02-14,22194536448.0,mid_cap,0.1965540334827467,-0.0365543929032545,0.828418247526894,-0.0250018023877419,-0.0492180321607331,0.2714209948259967,0.205120349819678,0.863179393475969,2026-02-17,82.1500015258789,45,-0.10566037911078319,2026-03-18,,,,,,
TMO,2025-12-31,,12215000000.0,5011000000.0,2303000000.0,1964000000.0,3246000000.0,356000000.0,2352000000.0,3457000000.0,-465000000.0,2992000000.0,110343000000.0,39385000000.0,53407000000.0,9852000000.0,28707000000.0,15189000000.0,11122000000.0,,,0.0982736917820537,,,0.4102333196889071,0.18853868194842408,0.16078591895210806,0.2657388456815391,0.28301268931641427,0.2449447400736799,0.03806794924273434,0.029144494474007368,0.19255014326647565,0.35693247419410384,0.7374501469844776,0.08928522878660178,1.8899861742050168,0.110700270973238,-0.0018328554594475022,0.0019715177693195862,0.01548831060828501,0.010928559761740508,0.08169997577568419,0.07995642861890556,0.0017435471567785812,-0.001965018203568609,-0.001839355025198497,0.01059195778952221,0.03808913714481321,0.07004624606480019,0.39247139720340485,0.0027406514818770905,2026-02-14,162896560128.0,large_cap,0.0005133350444501,0.0463332170437822,0.4128361202453415,0.1799715478439329,0.1477413185941836,0.169476900114275,0.3213592133249761,0.4405934998612837,2026-02-17,501.0946044921875,45,-0.07265015772355787,2026-03-18,,,,,,
TRV,2025-12-31,,12432000000.0,,,2496000000.0,,,1544000000.0,2685000000.0,,2685000000.0,143708000000.0,9267000000.0,32894000000.0,710000000.0,,,12470000000.0,,,-0.0030473135525260764,,,,,0.20077220077220076,,0.21597490347490347,0.21597490347490347,,0.0,0.1241956241956242,0.06448492777020068,0.2817231105976774,0.004940573941603808,,0.08650875386199794,,,0.0493688326888006,,-0.1229986330126667,-0.1229986330126667,,0.0,-0.0018669259246644893,-1.3464467998630658e-05,-0.011452883581195672,0.0008202493268402392,,-0.00028254334425492633,2026-02-14,63742373888.0,large_cap,0.1221811326227249,0.0008400658404179,,,0.1076720944257775,0.19544240544499,0.0603127885936526,0.3485873458018305,2026-02-17,298.1443786621094,45,0.003708342055120939,2026-03-18,,,,,,
TSLA,2025-12-31,,24901000000.0,5009000000.0,1571000000.0,840000000.0,2909000000.0,1783000000.0,1655000000.0,3813000000.0,-2393000000.0,1420000000.0,137806000000.0,14719000000.0,82137000000.0,16513000000.0,68642000000.0,31714000000.0,28095000000.0,,,-0.11368570920092547,,,0.20115658005702583,0.0630898357495683,0.033733584996586484,0.11682261756555962,0.15312638046664792,0.05702582225613429,0.09610055821051364,0.07160355005823059,0.06646319424922693,0.10680957287781374,0.17920060386914546,0.11982787396775177,2.1644068865485275,0.1806960509702045,0.021266919975160725,-0.003185302175329377,-0.015136320680580274,-0.013449672877579727,-0.06890600963835297,-0.08499233044007501,0.016086320801722037,0.013586109232460876,0.010866112918029212,0.0037101598595313257,0.006785948373334544,-0.016927650016246437,0.09815568808256403,-0.029383584129058976,2026-02-14,1585816797184.0,large_cap,0.0094757835346634,-0.1784768815116157,0.1786262667622069,0.0794349472822192,0.0729859760466782,0.0366567714197973,0.1115999016957483,0.8002785287130335,2026-02-17,410.6300048828125,45,-0.043469804669071244,2026-03-18,,,,,,
TXN,2025-12-31,,4423000000.0,2472000000.0,1505000000.0,1163000000.0,2070000000.0,521000000.0,446000000.0,2254000000.0,-925000000.0,1329000000.0,34585000000.0,14048000000.0,16273000000.0,3225000000.0,13750000000.0,3159000000.0,4742000000.0,,,-0.06727119358920286,,,0.5588966764639385,0.34026678724847387,0.2629437033687542,0.4680081392719873,0.5096088627628307,0.3004747908659281,0.20913407189690256,0.117793352927877,0.10083653628758761,0.40618765360705505,0.8632704479813188,0.09324851814370391,4.352643241532131,0.12788781263553564,-0.015333606117250875,-0.028354047842205188,-0.024698641633354612,-0.004788149213883652,0.04777841147645362,0.09106947665251602,-0.04329106517606243,0.008556743902149458,0.004463697822804813,0.0049192271415082756,0.01849989406299324,-0.001340671663175308,-0.09764540503618235,-0.007582419337953089,2026-02-14,275512393728.0,large_cap,-0.1071978994234831,0.0180767161147633,0.5814206252797136,0.3414743302857873,0.3068218144619909,0.0957739274982418,0.3828888450815286,0.4404798783407023,2026-02-17,224.54905700683594,45,-0.1546812129643239,2026-03-18,,,,,,
UBER,2025-12-31,,14366000000.0,5685000000.0,1774000000.0,296000000.0,599000000.0,885000000.0,2086000000.0,2883000000.0,-75000000.0,2808000000.0,61802000000.0,12080000000.0,27041000000.0,7105000000.0,13993000000.0,12320000000.0,13467000000.0,,,0.06675577337194616,,,0.39572601976889876,0.12348600863149102,0.02060420437143255,0.041695670332730056,0.20068216622581095,0.19546150633440068,0.0052206598914102745,0.06160378671864124,0.14520395377975776,0.1954629300022653,0.44672904108575867,0.11496391702533898,1.1357954545454545,0.23245202420633637,-0.0021354193043914838,0.04083953948468773,-0.4714133199472724,-0.17565043496169336,0.027815157983440697,0.029871545689862167,-0.002056387706421463,-0.0024045299071848575,-0.03746479204336545,-0.015133180126555096,-0.027430339023717387,-0.018150505808710027,-0.018003798560253914,0.019850988591282065,2026-02-14,152853118976.0,large_cap,0.1796357393846732,0.0101091214469752,0.3939924507708399,0.0636454590931829,0.224112056028014,0.1567829369230069,0.2171181016314105,0.8582077901803138,2026-02-17,70.52999877929688,45,0.08691344093163211,2026-03-18,,,,,,
UNH,2025-12-31,,113215000000.0,18494000000.0,380000000.0,10000000.0,1371000000.0,,,1108000000.0,-948000000.0,160000000.0,309581000000.0,78389000000.0,94110000000.0,24365000000.0,90582000000.0,114897000000.0,113161000000.0,,,0.0004771962071739022,,,0.16335291259992052,0.00335644570065804,8.832751843836947e-05,0.012109702777900454,0.009786689042971338,0.0014132402950139116,0.008373448747957426,0.0,0.0,0.2532099838168363,0.832950802252683,0.07870315038713616,0.7883756756051071,0.3657039676207519,-0.01901557124168568,-0.03477506603925235,-0.020660870526824575,-0.03500016723031793,-0.0427490785801497,-0.04325762687653813,0.0005085482963884218,0.0,0.0,-0.0009729520252541035,-0.003655417798054561,-0.007604098343313076,-0.03452999065183937,0.006769216662046829,2026-02-14,357672681472.0,large_cap,0.0771106123964673,-0.0692976649463428,0.2233422771174034,0.0806614402989922,0.0359874886953567,0.0517265500477168,0.2578265913007329,1.341962866855752,2026-02-17,286.85986328125,45,-0.008819207678782082,2026-03-18,,,,,,
UNP,2025-12-31,,6085000000.0,2745000000.0,2401000000.0,1848000000.0,3357000000.0,,,2225000000.0,-999000000.0,1226000000.0,69698000000.0,32822000000.0,18467000000.0,1266000000.0,4555000000.0,5014000000.0,6244000000.0,,,-0.025464445868033314,,,0.45110928512736237,0.3945768282662284,0.3036976170912079,0.551684470008217,0.3656532456861134,0.20147904683648316,0.16417419884963025,0.0,0.0,0.47091738643863523,1.7773325391238426,0.018164079313610148,0.9084563222975668,0.0873052311400614,-0.013496736653547281,-0.013655074360293062,0.017342716386531398,0.02910279159694218,-0.03825450575527034,-0.05028264438709146,0.012028138631821145,0.0,0.0,-0.007588593429385226,-0.12095687372867703,0.006393717899418705,0.16056360199105335,-0.003652858798319003,2026-02-14,160635043840.0,large_cap,0.005431402628633,0.035823362427628,0.4552164948453608,0.4005360824742268,0.2782268041237113,0.2430515463917525,0.4794063353762091,0.3581185852469911,2026-02-17,261.43377685546875,45,-0.09510542145820622,2026-03-18,,,,,,
UPS,2025-12-31,,24479000000.0,5084000000.0,2575000000.0,1791000000.0,3610000000.0,,,3302000000.0,-716000000.0,2586000000.0,73090000000.0,28590000000.0,16227000000.0,5887000000.0,19045000000.0,15620000000.0,21415000000.0,25301000000.0,,0.14307728227877647,-0.032488834433421654,,0.20768822255811104,0.10519220556395277,0.07316475346215123,0.1474733444993668,0.13489113117365906,0.1056415703255852,0.02924956084807386,0.0,0.0,0.3911615816117116,1.7618783508966538,0.08054453413599671,1.219270166453265,0.3349158571624025,0.044905126597335865,0.020952186885456386,0.011945981573288286,0.015603160049215054,0.01899106112929763,0.03503685400524899,-0.01604579287595136,0.0,0.0,-0.01800191009604274,-0.08423174200608274,-0.014199975052707897,-0.0853614992971472,0.03495227580874943,2026-02-14,84091117568.0,large_cap,0.0012313375404031,0.0947153615392869,0.179598111342923,0.0929834193477544,0.063489623366641,0.0682222466234764,0.3660910518053375,1.2997002997002998,2026-02-17,115.51000213623047,45,-0.161631074825198,2026-03-18,,,,,,
UPST,2025-12-31,,276218000.0,,,18636000.0,,,210258000.0,108552000.0,-3919000.0,104633000.0,2974805000.0,1850294000.0,798815000.0,657445000.0,,,277105000.0,,,-0.0032009527074574606,,,,,0.06746844883389207,,0.3929939395694705,0.3788058707252967,0.014188068844173805,0.0,0.7612031076903026,0.6219883320083165,2.316298517178571,0.2210044019692047,,0.09285247268308343,,,-0.04730753860769145,,0.8355301623009261,0.8356435315397894,-0.00011336923886330966,0.0,0.07766076814392131,-0.030818630696788918,-0.2334649684436676,0.0506385170760881,,-0.0025415031807139166,2026-02-14,2824448512.0,low_cap,0.2375723009767396,0.6310513403197496,,,-0.20447526692259,0.2804253586797151,0.6136340399787407,0.2656718032174631,2026-02-17,31.969999313354492,45,-0.1920550366444218,2026-03-18,,,,,,
URI,2025-12-31,,4208000000.0,1590000000.0,1052000000.0,653000000.0,1862000000.0,,431000000.0,1256000000.0,-679000000.0,577000000.0,29866000000.0,15670000000.0,8968000000.0,459000000.0,3608000000.0,3819000000.0,4229000000.0,,,-0.004965712934499877,,,0.37785171102661597,0.25,0.155180608365019,0.44249049429657794,0.2984790874524715,0.13711977186311788,0.16135931558935362,0.0,0.10242395437262357,0.5246768901091542,1.7473238180196253,0.015368646621576375,0.9447499345378372,0.14089600214290499,-0.015858385923017526,-0.013419248049184207,-0.010579618639000837,-0.008679995180839895,0.019216850517025763,0.22342859191513964,-0.20421174139811388,0.0,-0.0020924797725644234,0.01870649263701052,0.05710159579740304,-0.0016611222126162086,0.04638850019920027,0.00023410292454476012,2026-02-14,60212740096.0,large_cap,0.0706809935807981,-0.1603789617533368,0.4007820136852394,0.2651026392961876,0.1678071032909742,0.0273053111762789,0.5251216134644746,0.5448638284273692,2026-02-17,861.5006713867188,45,-0.1598323521783157,2026-03-18,,,,,,
USB,2025-12-31,,7337000000.0,,,2045000000.0,,,2716000000.0,2836000000.0,,2836000000.0,692345000000.0,68413000000.0,65193000000.0,46890000000.0,,,7300000000.0,,,0.005068493150685027,,,,,0.2787242742265231,,0.38653400572441055,0.38653400572441055,,0.0,0.3701785470900913,0.09881345283059746,1.0493918058687282,0.06772635030223371,,0.01059731781120684,,,0.004614685185427236,,-0.07757558331668535,-0.07757558331668535,,0.0,-0.004615973457853917,-0.013336133640812195,-0.18180491026641543,-0.028104999637437567,,9.911329180170049e-05,2026-02-14,82458165248.0,large_cap,-0.0242030485845857,-0.1825308686308974,,,0.2304371684653375,0.4152185842326687,0.0967481328816277,0.0402982082150259,2026-02-17,57.57549285888672,45,-0.11775821618795912,2026-03-18,,,,,,
V,2025-12-31,,10901000000.0,8904000000.0,7445000000.0,5853000000.0,7246000000.0,,1133000000.0,6780000000.0,-378000000.0,6402000000.0,96814000000.0,21177000000.0,38777000000.0,14756000000.0,34997000000.0,31491000000.0,10724000000.0,,,0.016505035434539295,,,0.8168057976332447,0.6829648656086598,0.5369232180533896,0.664709659664251,0.6219612879552334,0.5872855701311807,0.03467571782405284,0.0,0.10393541876892028,0.2187390253475737,0.5461227016014648,0.15241597289648193,1.1113333968435426,0.1125973516226992,0.0015316461972133544,0.025467663072292757,0.06228688832567608,0.03537359103314319,0.040275349872428534,0.04187341048925597,-0.0015980606168274278,0.0,-0.024374913196764172,-0.03391336807991083,-0.11786210411749376,-0.019866641254300488,0.03378260935210231,0.00495584881723482,2026-02-14,619492999168.0,large_cap,0.113399766186049,0.0131639532438998,0.803625,0.6639,0.50145,0.539425,0.2526523934274845,0.4014975859957642,2026-02-17,318.8390197753906,45,-0.06410022400109039,2026-03-18,,,,,,
VRTX,2025-12-31,,3190000000.0,2724000000.0,1130300000.0,1191100000.0,1390000000.0,1106700000.0,487000000.0,498000000.0,-149400000.0,348600000.0,25643000000.0,2030500000.0,18665800000.0,5084800000.0,11201000000.0,3861200000.0,3076400000.0,,,0.03692627746716948,,,0.8539184952978056,0.35432601880877745,0.3733855799373041,0.43573667711598746,0.1561128526645768,0.10927899686520376,0.04683385579937304,0.3469278996865204,0.15266457680250783,0.0791834028779784,0.10878183629954248,0.19829193152127286,2.9009116336890086,0.1244004211675701,-0.011248583105522902,-0.048352436528629916,0.02138323953943644,-0.005070760148347453,-0.24741074634725518,-0.26115397674030916,0.013743230393053966,0.02912137257691172,0.007982480846195267,0.005384920838907195,0.0028391612874169303,-0.00038638866632040303,0.5391481764906083,0.0006628747619680381,2026-02-14,110900281344.0,large_cap,0.1166153284967372,0.0115283812249669,0.8611174127276522,-0.0211794811299353,-0.0486020997994573,-0.0887469260714512,0.0774102213622565,0.4890605861573145,2026-02-17,477.32000732421875,45,-0.05390515920454819,2026-03-18,,,,,,
WFC,2025-12-31,,21292000000.0,,,5361000000.0,,,9580000000.0,4121000000.0,,4121000000.0,2148631000000.0,193035000000.0,181117000000.0,174210000000.0,,,21436000000.0,,,-0.006717671207314813,,,,,0.25178470787150103,,0.1935468720646252,0.1935468720646252,,0.0,0.44993424760473416,0.08984092661792556,1.065802768376243,0.08107953389856146,,0.009909565672281559,,,-0.00894490586240454,,0.23408615178099018,0.23408615178099018,,0.0,0.008620569679748169,-0.013983447111427794,-0.11651724663860619,-0.003424224355491279,,-0.00048150022150231925,2026-02-14,224679100416.0,large_cap,-0.0036442001525479,-0.1142966313057322,,,0.239647127442403,0.0368790706717215,0.0910860716793317,0.0426438392720658,2026-02-17,86.90316009521484,45,-0.1282608220430741,2026-03-18,,,,,,
WING,2025-12-31,,175694000.0,86542000.0,46835000.0,26761000.0,53193000.0,,33320000.0,57315000.0,-22840000.0,34475000.0,693409000.0,1270406000.0,-736762000.0,196572000.0,267488000.0,81965000.0,175736000.0,,,-0.00023899485592027148,,,0.492572313226405,0.26657142531902056,0.15231595842772092,0.3027593429485355,0.3262205880678908,0.19622184024497136,0.1299987478229194,0.0,0.1896479105717896,1.8321163988353195,1.7243098856890013,0.2834863695164037,3.263441712926249,0.2533771554738978,0.004038375956864293,-0.012033982793147713,-0.009733934593629284,-0.010585674577753945,-0.037245064957101226,-0.15461122753852208,0.11736616258142078,0.0,0.015187356103723848,0.07126634065490345,-0.08269564791683748,-0.04609632642123018,-0.7909538705980683,0.009649059811147248,2026-02-14,3518718208.0,low_cap,0.360287356946452,0.0734958118344166,0.4807696302534168,0.262985233466548,0.1737228890057158,0.1688715530507009,1.7667519260142466,0.8737319300910581,2026-02-17,250.8262481689453,45,-0.2397609974213033,2026-03-18,,,,,,
WM,2025-12-31,,6313000000.0,2620000000.0,1176000000.0,742000000.0,1928000000.0,,642000000.0,1698000000.0,-888000000.0,810000000.0,45835000000.0,22907000000.0,9990000000.0,201000000.0,4910000000.0,5524000000.0,6443000000.0,,,-0.02017693620984018,,,0.4150166323459528,0.18628227467131317,0.11753524473309045,0.30540155235228894,0.26896879455092665,0.1283066687787106,0.14066212577221607,0.0,0.1016949152542373,0.4997709174211847,2.292992992992993,0.004385295080178903,0.888848660391021,0.1377331733391513,0.009925836133008514,-0.0024496824914991833,0.023945302159755044,0.03704830076141513,0.021878929581192058,0.0016575922615602035,0.02022133731963187,0.0,0.0012758558098790729,-0.012463778246242063,-0.1612564029519592,0.000548248947921404,0.045376462378122207,-0.0035359022616204827,2026-02-14,88274386944.0,large_cap,0.0801429550572798,0.0431848882484668,0.393418846031818,0.1880523954131351,0.124461768571817,0.0978561392376376,0.5362712320775461,0.4950523930262301,2026-02-17,234.28842163085938,45,-0.0021274134729196703,2026-03-18,,,,,,
XOM,2025-12-31,,80039000000.0,15974000000.0,6003000000.0,6501000000.0,15909000000.0,,3028000000.0,12679000000.0,-7450000000.0,5229000000.0,448980000000.0,43537000000.0,259386000000.0,10681000000.0,83382000000.0,72330000000.0,83331000000.0,,,-0.03950510614297198,,,0.19957770586838916,0.07500093704319144,0.08122290383438074,0.19876560176913755,0.15841027499094193,0.0653306513074876,0.09307962368345432,0.0,0.037831557115905995,0.09696868457392312,0.16784637567177874,0.02378947837320148,1.1527996681874741,0.17826851975589114,-0.02643662253280607,-0.0351381468511576,-0.009355632364632827,-0.01120427738747884,-0.019050693916187467,-0.007403385245535896,-0.011647308670651599,0.0,0.0014465383353801375,0.004447665073108745,0.0065175505598087935,-0.006615064480168242,0.01593390068586853,-0.005142582062130613,2026-02-14,654570029056.0,large_cap,0.0135943853694535,0.1740709640362874,0.226212759434866,0.1168823895273944,0.099278696642859,0.0905416997055243,0.0919786096256684,0.7481051877170737,2026-02-17,145.20443725585938,45,0.07798064294705043,2026-03-18,,,,,,
YUM,2025-12-31,,2515000000.0,1119000000.0,742000000.0,535000000.0,807000000.0,,377000000.0,617000000.0,-135000000.0,482000000.0,8197000000.0,13189000000.0,-7325000000.0,709000000.0,2040000000.0,1516000000.0,1980000000.0,,,0.2702020202020201,,,0.4449304174950298,0.29502982107355863,0.21272365805168986,0.32087475149105366,0.24532803180914514,0.19165009940357852,0.0536779324055666,0.0,0.14990059642147116,1.609003293888008,1.8005460750853242,0.08649505916798829,1.345646437994723,0.3068195681346834,-0.02527160270699036,-0.03274795670421915,0.012218607546639365,-0.04023635962005745,-0.02891439243327909,-0.035117577364098235,0.006203184930819124,0.0,0.007476353997228735,0.002719406775537392,0.26103907974888174,-0.05878507429510081,-0.34843503779313245,0.031551946836198774,2026-02-14,41334915072.0,mid_cap,0.0668456755228943,0.0326451493609534,0.4747648695191416,0.3183203073254735,0.1968472645383494,0.1896939992051927,1.8263713393786236,1.1221941430057976,2026-02-17,160.4505157470703,45,-0.00841698536939317,2026-03-18,,,,,,
ZTS,2025-12-31,,2387000000.0,1675000000.0,826000000.0,603000000.0,939000000.0,199000000.0,619000000.0,893000000.0,-161000000.0,732000000.0,15467000000.0,9238000000.0,3331000000.0,2310000000.0,6768000000.0,2235000000.0,2400000000.0,,,-0.005416666666666625,,,0.7017176372015081,0.3460410557184751,0.25261834939254296,0.39338081273565145,0.3741097612065354,0.30666108085462923,0.06744868035190615,0.08336824465856724,0.2593213238374529,0.5972716105256353,2.773341338937256,0.1493502295209155,3.0281879194630874,0.15432857050494603,-0.013699029465158552,-0.043958944281524914,-0.0477983172741237,-0.05203585393101523,-0.016723572126797925,-0.02875558581203741,0.012032013685239484,0.012534911325233905,0.018071323837452885,0.11749062233380203,1.4259904682444067,0.012138012356194883,-0.6148668674765916,-0.003993218531270076,2026-02-14,31115112448.0,mid_cap,0.0833333333333332,0.0259075907590757,0.7062445980985307,0.3664649956784788,0.2685825410544512,0.2482713915298185,0.4736953009763293,0.6501369670576667,2026-02-17,125.01622772216797,45,-0.06538708018069184,2026-03-18,,,,,,
ADSK,2026-01-31,,1957000000.0,1791000000.0,531000000.0,316000000.0,581000000.0,420000000.0,827000000.0,989000000.0,-23000000.0,966000000.0,12467000000.0,2734000000.0,3045000000.0,2249000000.0,4942000000.0,5808000000.0,1853000000.0,1639000000.0,,0.05612520237452778,0.1940207443563149,,0.9151762902401636,0.27133367399080227,0.1614716402657128,0.2968829841594277,0.5053653551354114,0.4936126724578436,0.011752682677567705,0.21461420541645376,0.4225855901890649,0.21929894922595652,0.8978653530377668,0.18039624608967675,0.8508953168044077,0.156974412448865,0.004221082468981674,0.014992605453295504,-0.023633594488739418,0.01355864524955186,0.2684522412660104,0.26857219755228506,-0.00011995628627471146,-0.009886604081657396,-0.0005120892496831009,-0.024851791977829857,-0.047174398085634506,0.0027752423390069725,0.02829763993006762,-0.008501565404323064,2026-03-17,49961189376.0,mid_cap,0.1153356376205203,0.0170339393188221,0.9057250040776382,0.2232914695808188,0.181373348556516,0.2454738215625509,0.2362226530047078,0.5659558755654021,2026-03-17,252.9199981689453,45,-0.038589255802210065,2026-04-16,,,,,,
AI,2026-01-31,,53260000.0,9235000.0,-140408000.0,-133363000.0,-137009000.0,58823000.0,90820000.0,-55757000.0,-439000.0,-56196000.0,895776000.0,5373000.0,719473000.0,88847000.0,782695000.0,118935000.0,75147000.0,98782000.0,,-0.29125580528830164,-0.46083294527343033,,0.17339466766804357,-2.636274877957191,-2.50399924896733,-2.572455876830642,-1.0468832144198272,-1.0551257979722117,0.008242583552384528,1.1044498685692827,1.705219677055952,0.005998151323545172,0.0074679661363247826,0.09918439431286392,6.580863496868037,0.059456828492837496,-0.2308796213920653,-1.1443590330132813,-1.111155888620277,-1.1257846856985942,-0.4281492662914921,-0.43125525091111816,0.0031059846196260683,0.3279451511487603,0.5855342604724556,0.0006158453164589192,0.0007648950829942996,-0.008175654288090209,0.11498923736106192,-0.01871560086829714,2026-03-17,1256769024.0,low_cap,0.2526675724929326,0.0885453063335217,0.6062443452870538,-0.8338748149366673,-0.7420576986346439,-0.1142406234578055,0.0046740268373945,0.3792404974451253,2026-03-17,8.8100004196167,45,0.057888677743071826,2026-04-16,,,,,,
AMAT,2026-01-31,,7012000000.0,3435000000.0,2096000000.0,2026000000.0,2524000000.0,928000000.0,411000000.0,1686000000.0,-646000000.0,1040000000.0,37644000000.0,7190000000.0,21717000000.0,7218000000.0,21049000000.0,7753000000.0,6800000000.0,7166000000.0,,0.03117647058823536,-0.021490371197320668,,0.48987450085567597,0.29891614375356534,0.28893325727324587,0.35995436394751856,0.24044495151169423,0.14831717056474614,0.0921277809469481,0.13234455219623503,0.058613804905875644,0.1909998937413665,0.3310770364230787,0.19174370417596429,2.714949051979879,0.1862713845499947,0.009727442032146538,0.020533790812388875,0.009962669037951732,-0.0006338713465990908,-0.17543740142948225,-0.15212400590584207,-0.023313395523640146,-0.0025083889802355597,-0.008297959800006707,-0.0032203327111528512,-0.014257276582064604,-0.007738375220162325,0.1044977455665772,-0.001061599829740273,2026-03-17,346505936896.0,large_cap,0.04386223138063,0.0190102496330719,0.4867456288776086,0.2985758601240835,0.2466864072194021,0.2008601240834743,0.1942202264525193,0.7815091324829885,2026-03-17,352.4599914550781,45,0.1062248293397523,2026-04-16,,,,,,
ASAN,2026-01-31,,205570000.0,180566000.0,-33985000.0,-32213000.0,-24300000.0,73180000.0,141371000.0,27590000.0,-3414000.0,24176000.0,844088000.0,249418000.0,154117000.0,199835000.0,593348000.0,501020000.0,201033000.0,188334000.0,,0.022568434038192642,0.09151826011235364,,0.8783674660699519,-0.16532081529406042,-0.15670088047866906,-0.1182079097144525,0.134212190494722,0.11760470885829645,0.016607481636425548,0.3559857955927421,0.6877024857712701,0.29548814815516866,1.6183678633765257,0.23674664253016273,1.1842800686599337,0.243540957814825,-0.010670652049958762,0.18281108344893202,0.18370591840509629,0.1830759591031048,0.05376768635858514,0.05080473074525034,0.0029629556133348115,-0.011182778720927766,-0.18229895677796304,-0.0019357895909851153,0.29132737750357895,0.01844172718920631,-0.2111830181419676,0.00433840673978006,2026-03-17,1476145920.0,low_cap,0.1093817049397398,-0.0830336660682058,0.893361570213683,-0.3684816183987313,-0.3530107366455028,0.0036511778260365,0.2951375060998525,0.8120527475979201,2026-03-17,6.849999904632568,45,-0.14598540349229971,2026-04-16,,,,,,
AVGO,2026-01-31,,19311000000.0,13157000000.0,8666000000.0,7349000000.0,11149000000.0,2965000000.0,1019000000.0,8260000000.0,-250000000.0,8010000000.0,169903000000.0,66057000000.0,79872000000.0,14174000000.0,32062000000.0,16859000000.0,18015000000.0,14916000000.0,,0.071940049958368,0.2946500402252614,,0.681321526591062,0.448759774221946,0.3805603024183108,0.5773393402723836,0.42773548754595825,0.41478949821345346,0.01294598933250479,0.15353943348350682,0.052767852519289525,0.3887924286210367,0.8270357572115384,0.08342407138190615,1.9017735334242838,0.11365897011824394,0.0013881377484309398,0.023891608804238573,-0.09226789630497534,0.029851135998167688,0.0001473665356890308,0.00035708078353396955,-0.00020971424784491793,-0.011933783280301119,-0.008680940153483162,0.008084972983134264,0.025776100664768764,-0.011133242811627156,0.19641542604608353,0.008364742451257762,2026-03-17,2013133668352.0,large_cap,0.2387443285376351,-0.2011060302105152,0.6776652527118193,0.4081425016043952,0.3619828760154648,0.4212750637844945,0.3807074556379024,0.373407289645337,2026-03-17,320.63739013671875,45,0.24274340260440863,2026-04-16,,,,,,
CHWY,2026-01-31,,3264700000.0,959700000.0,42500000.0,39200000.0,77100000.0,,917200000.0,263400000.0,-31400000.0,232000000.0,3366400000.0,518700000.0,497900000.0,860100000.0,2035800000.0,2301600000.0,3116600000.0,3247386000.0,,0.047519733042417966,0.0053316729209278435,,0.29396269182466994,0.013018041473948602,0.012007228841853769,0.023616258768033815,0.08068122645266028,0.07106319110484884,0.009618035347811438,0.0,0.28094465035072136,0.15408151140684412,1.04177545691906,0.2554954847908745,0.8845151199165797,0.9697896863117871,-0.0038618605721727484,-0.007902192113935632,-0.006987829875979769,-0.009593007740340696,0.013973917205403655,0.014655567412363436,-0.0006816502069597868,0.0,0.004040331541762865,-0.004663100989197894,-0.07241286860288287,0.05049336010198968,0.03129152595224505,0.02381748938348016,2026-03-17,8866885632.0,low_cap,0.0640132045175239,-0.0376470385895024,0.2923541264448248,0.0094930572534207,0.0331076694797366,0.0381492753745373,0.1666611378338033,3.9347487145463593,2026-03-17,25.219999313354492,45,0.06938937540229584,2026-04-16,,,,,,
CRM,2026-01-31,,11201000000.0,8693000000.0,2155000000.0,1943000000.0,3275000000.0,1619000000.0,3924000000.0,5464000000.0,-141000000.0,5323000000.0,112305000000.0,17176000000.0,59142000000.0,7327000000.0,28222000000.0,37118000000.0,10259000000.0,9993000000.0,,0.09182181499171449,0.12088461923346339,,0.7760914204088921,0.19239353629140254,0.1734666547629676,0.2923846085170967,0.48781358807249353,0.4752254263012231,0.012588161771270423,0.14454066601196322,0.35032586376216407,0.15294065268687948,0.29041966791789253,0.06524197497885223,0.760331914435045,0.09973732247005922,-0.004101580858287934,-0.0462262122220978,-0.02986700348832394,-0.02918669472883373,0.26206059070432897,0.26302150779064704,-0.0009609170863180364,0.004858435775098036,-0.05156515875465045,0.035865482418654476,0.10483462268372448,-0.029120254904272294,-0.22346070583585642,-0.008088709649675077,2026-03-17,141940506624.0,large_cap,0.0871560949020282,-0.0246390058889898,0.7719224172054361,0.202295817390157,0.1635308088138276,0.3281171658530149,0.1106793098087983,0.3681699829006684,2026-03-17,194.82275390625,45,-0.06982117033461399,2026-04-16,,,,,,
CRWD,2026-01-31,,1305375000.0,993677000.0,13786000.0,59377000.0,142899000.0,356409000.0,623482000.0,497869000.0,-119720000.0,378149000.0,11086684000.0,820077000.0,4428390000.0,5230125000.0,7419119000.0,4184192000.0,1234244000.0,1058538000.0,,0.05763123012953675,0.23318671601775276,,0.7612195729196591,0.010560949918605764,0.04548654601168247,0.10946969261706406,0.3813992147850235,0.2896861055252322,0.09171310925979125,0.2730318873886814,0.4776267356123719,0.07396954761225268,0.18518626408243177,0.47174836046558194,1.773130630716755,0.11774260004163553,0.010607052218728041,0.06682454123442338,0.07303134266453232,0.06449317257726642,0.059306500540514284,0.04874833309125645,0.010558167449257833,-0.008568833376418561,-0.04764865563927689,-0.008119515618561057,-0.018485243701589965,-0.010029444160789824,-0.03783385574743359,-0.006110989803253961,2026-03-17,151215063040.0,large_cap,0.293913544347917,-0.0694212405654075,0.7495533212060631,-0.0294413429299296,-0.0038549442233252,0.2701081337021426,0.0906618316815639,0.4543571292471319,2026-03-17,433.20001220703125,45,-0.034626037805445264,2026-04-16,,,,,,
CSCO,2026-01-31,,15349000000.0,9972000000.0,3817000000.0,3175000000.0,4675000000.0,2355000000.0,3569000000.0,1822000000.0,-283000000.0,1539000000.0,123371000000.0,30086000000.0,47723000000.0,7458000000.0,35131000000.0,36786000000.0,14883000000.0,13991000000.0,,0.03131089162131295,0.09706239725537835,,0.6496840185028341,0.24868069581080202,0.20685386670141379,0.3045801029383022,0.11870480161574044,0.10026711837904749,0.018437683236692943,0.15343019089191479,0.23252329141963646,0.24386606252684992,0.6304297718081429,0.06045180796135234,0.9550100581743054,0.1244133548402785,-0.005089884608097894,0.012841147332672609,0.014688308682197226,0.01250189290000342,-0.09711190200584123,-0.09384697152218209,-0.0032649304836591363,-0.007827620033301896,-0.009632187986397284,0.011921090519781491,0.031172203485227756,-0.008911208338956492,0.027645526849378044,0.0015169534596241735,2026-03-17,466916868096.0,large_cap,0.0529896102447819,0.1090442086517436,0.6493804497475907,0.2207081582942069,0.1796872242030571,0.2345465456984502,0.2297225470394387,0.4632720314659296,2026-03-17,78.8427734375,45,0.07175326686071726,2026-04-16,,,,,,
DE,2026-01-31,,9344000000.0,3064000000.0,1288000000.0,656000000.0,2145000000.0,554000000.0,972000000.0,-890000000.0,-688000000.0,-1578000000.0,103436000000.0,62799000000.0,26300000000.0,6798000000.0,73478000000.0,32085000000.0,12094000000.0,8262000000.0,,-0.22738548040350592,0.13096102638586293,,0.3279109589041096,0.13784246575342465,0.0702054794520548,0.22955907534246575,-0.09524828767123288,-0.16887842465753425,0.07363013698630137,0.05928938356164384,0.10402397260273973,0.607129045980123,2.3877946768060836,0.0657217989868131,2.2901044101605113,0.09033605321164778,0.0022122653370515444,-0.018846801651900308,-0.017854715686030198,0.0023389661974351494,-0.4255773764755987,-0.3861762582940482,-0.039401118181550454,0.0030631556800496604,0.03341044523379645,0.0009740967367553033,-0.08812054477387798,-0.012356619066698354,-0.017768028600850805,-0.02376259202024776,2026-03-17,151754391552.0,large_cap,-0.1158596935745674,0.0456394433262424,0.3648270457852905,0.1884249412291503,0.1125489757080488,0.0723385200940333,0.6061549492433677,0.4213838258047473,2026-03-17,572.5853271484375,45,0.020267154505620777,2026-04-16,,,,,,
FIVE,2026-01-31,,1728480000.0,696984000.0,310882000.0,238226000.0,359874000.0,,337110000.0,440895000.0,-40781000.0,400114000.0,4937019000.0,2032189000.0,2193290000.0,723699000.0,1916723000.0,954006000.0,1038293000.0,1390885000.0,,0.6647324021254115,0.24271956344341916,,0.4032352124409886,0.17985860409145607,0.13782398407849672,0.20820258261594002,0.25507671480144406,0.23148315282791818,0.023593561973525874,0.0,0.1950326298250486,0.4116226816222502,0.9265482448741389,0.146586229463569,2.0091309698261854,0.3501060052635001,0.06477583729351094,0.13815072394587097,0.1026653149937586,0.11942032173196988,0.3322466466029683,0.3597292259498597,-0.027482579346891387,0.0,-0.0546444844384589,-0.008936780079812634,-0.10624624768983804,0.07330168247796479,0.40454618661700126,0.1333125077342068,2026-03-17,11813208064.0,mid_cap,0.0891051194748282,-0.0679210950654582,0.3489365609990592,0.0835327601226561,0.0654222194247583,0.0275127710963963,0.4566270790635209,0.8932966692122314,2026-03-17,214.0,45,0.051682231582213856,2026-04-16,,,,,,
GTLB,2026-01-31,,260402000.0,225420000.0,-5164000.0,-2597000.0,-2053000.0,68961000.0,161623000.0,45757000.0,-3973000.0,41784000.0,1722747000.0,187000.0,990668000.0,229576000.0,1655779000.0,652143000.0,244353000.0,211431000.0,,0.06567957013009873,0.23161693412981066,,0.8656615540587246,-0.0198308768749856,-0.009973041681707514,-0.00788396402485388,0.17571677636884508,0.1604595970845078,0.015257179284337294,0.26482515495272696,0.6206672759809833,0.00010854756966635264,0.00018876152252823348,0.13326158745306188,2.5389814810555356,0.1511551028676875,-0.002475935556708775,0.03073531220392892,0.023895992052275702,0.0308796279916141,0.04709957093244774,0.04427522447602744,0.0028243464564203045,-0.016386862088193344,-0.016824385672444375,,,-0.009484422800057624,-0.12437605365588578,-0.004400622448528874,2026-03-17,3995034624.0,low_cap,0.3092621907688486,-0.0573576576531564,0.8878628750251893,-0.1879686374298813,-0.0083319174605432,-0.0892144737760602,0.0001965320315051,0.542606357775486,2026-03-17,22.8799991607666,45,-0.04589157672964561,2026-04-16,,,,,,
HD,2026-01-31,,38198000000.0,12466000000.0,3849000000.0,2571000000.0,4971000000.0,,7772000000.0,3347000000.0,-1058000000.0,2289000000.0,105095000000.0,65350000000.0,12813000000.0,1389000000.0,34391000000.0,32424000000.0,41352000000.0,39704000000.0,,-0.07627200619075258,-0.03793068708442471,,0.32635216503481856,0.10076443792868736,0.0673071888580554,0.1301377035446882,0.08762238860673334,0.05992460338237604,0.027697785224357296,0.0,0.20346615006021257,0.6218183548218279,5.100288769218762,0.013216613540130357,1.06066493955095,0.3634616299538513,-0.007730829741733947,-0.028685165476226543,-0.0197744516913739,-0.02533240672809184,-0.009349946467749157,-0.015331732465950515,0.005981785998201365,0.0,0.018807608756285316,0.006267985023005962,-0.2989353971727864,-0.002629218930652712,0.009802193311825302,-0.02564577166837051,2026-03-17,296328200192.0,large_cap,0.044835559281845,0.0749112249298948,0.3341901024361498,0.13494740273581,0.0928194390461025,0.1023421141717968,0.6480508536293553,1.65954701983999,2026-03-17,341.42999267578125,45,-0.012535509097354347,2026-04-16,,,,,,
INTU,2026-01-31,,4651000000.0,3608000000.0,855000000.0,693000000.0,1136000000.0,836000000.0,1796000000.0,1570000000.0,-46000000.0,1524000000.0,34282000000.0,6888000000.0,19055000000.0,2942000000.0,11703000000.0,8844000000.0,3885000000.0,3963000000.0,,0.19716859716859725,0.1736058541508958,,0.7757471511502902,0.1838314341001935,0.14900021500752525,0.24424854869920448,0.3375618146635132,0.32767146850139756,0.009890346162115675,0.1797462911201892,0.38615351537303805,0.20092176652470684,0.3614799265284702,0.08581763024327635,1.3232700135685211,0.1356688641269471,0.0030315784347175745,0.046379696648456065,0.03419970020701045,0.03112113557179136,0.17359785069954925,0.17348871431864338,0.0001091363809058929,-0.03724212586822778,-0.0009764717569490933,-0.005790896546607666,0.006392461462742027,-0.019813414316996014,-0.06268556563084049,0.018619061469600226,2026-03-17,109361717248.0,large_cap,0.1563401903592263,0.0229186981543265,0.7956560989857151,0.2622271785884977,0.2054590834262652,0.3230311720036111,0.1796363439580063,0.5095243249093566,2026-03-17,457.86505126953125,45,-0.1545325761854608,2026-04-16,,,,,,
LOW,2026-01-31,,20585000000.0,6681000000.0,1708000000.0,1000000000.0,2358000000.0,,4410000000.0,1567000000.0,-603000000.0,964000000.0,54144000000.0,44677000000.0,-9917000000.0,982000000.0,20955000000.0,19463000000.0,20813000000.0,18554000000.0,,-0.010954691779176517,0.10946426646545215,,0.3245567160553801,0.08297303862035463,0.048579062424095217,0.11454942919601652,0.07612339081855721,0.04683021617682779,0.029293174641729414,0.0,0.2142336652902599,0.8251514479905437,4.505092265806192,0.018136820330969267,1.0766582746750244,0.38018986406619387,-0.017344979999969923,-0.03623130481884203,-0.029064717905506472,-0.03232992505373122,0.04311517479972282,0.04250599573767918,0.0006091790620436424,0.0,0.014358587214057528,-0.011022386967269648,0.1999487481795299,0.006519137506805984,0.03712303227103497,-0.009180236770054806,2026-03-17,122328940544.0,large_cap,-0.0312930525487108,0.0787637170450413,0.3331620336066161,0.12508067022014,0.0831441068910294,0.0919999043908502,0.920560530833836,1.9413020277481323,2026-03-17,238.56484985351562,45,0.011305320140872377,2026-04-16,,,,,,
LULU,2026-01-31,,3640801000.0,1997888000.0,812290000.0,586871000.0,946815000.0,,1183773000.0,1142871000.0,-183200000.0,959671000.0,8456743000.0,1798441000.0,4961840000.0,1807202000.0,4262701000.0,1887548000.0,2565920000.0,3611497000.0,,0.41890666895304607,0.008114086762359252,,0.5487495746128394,0.22310749749849004,0.16119282542495456,0.260056784207651,0.3139064727789297,0.2635878753054616,0.05031859747346806,0.0,0.3251408137934482,0.2126635514405487,0.3624544523805685,0.21369952947606424,2.258327205453848,0.43052047342576216,-0.006963775764413205,0.05323236499241035,0.04161193436054102,0.04050785049186875,0.21652073978647474,0.23145787904680976,-0.01493713926033502,0.0,-0.0600052546732226,-0.008926826264979981,-0.029101521456082247,0.08348746168436291,0.1284250623939176,0.10797389001206203,2026-03-17,13976446976.0,mid_cap,0.1007194095024595,-0.0853057001144601,0.5922493744407651,0.2366516038815556,0.1713821690448338,0.1495525270477514,0.2072511485814302,1.3925712704444335,2026-03-17,159.27000427246094,45,0.022917020145490685,2026-04-16,,,,,,
MDB,2026-01-31,,695072000.0,507660000.0,304000.0,15530000.0,28470000.0,189125000.0,318231000.0,179604000.0,-1134000.0,178470000.0,3758848000.0,32859000.0,2952358000.0,1083540000.0,3114855000.0,669496000.0,628309000.0,548398000.0,,0.10625822644590488,0.2674590352262407,,0.7303703788959993,0.00043736476221168454,0.022343009069564015,0.04095978546107454,0.25839625247456377,0.2567647668155241,0.001631485659039639,0.27209411399106853,0.45783890014271905,0.008741774075461417,0.01112974781513624,0.2882638510522373,4.6525371324100515,0.1849162296533406,0.015543756963160571,0.02976051626887481,0.02553729723032568,0.022317684201980683,0.029989529031162504,0.03102870382740841,-0.0010391747962458973,-0.008993694714520606,-0.005223064591193705,-0.0009662179360877994,-0.0008576959217749432,0.054405122593115,-0.6021951146075981,0.008753955204691466,2026-03-17,25088151552.0,mid_cap,0.1921746203679002,-0.1185407779062968,0.7332114592839168,-0.1076850924745931,-0.0643287648839264,0.0601268015089389,0.0106404904770525,0.584918839294486,2026-03-17,272.2699890136719,45,-0.07760675240252946,2026-04-16,,,,,,
MDT,2026-01-31,,9017000000.0,5756000000.0,1602000000.0,1143000000.0,2334000000.0,722000000.0,2956000000.0,2744000000.0,-444000000.0,2300000000.0,91485000000.0,28071000000.0,48985000000.0,1147000000.0,24071000000.0,9495000000.0,8961000000.0,8292000000.0,,0.00624930253319933,0.08743367100820065,,0.638349783741821,0.1776644116668515,0.1267605633802817,0.2588444050127537,0.3043140734168792,0.2550737495841189,0.04924032383276034,0.08007097704336254,0.32782521903071976,0.3068371864240039,0.5730529754006328,0.012537574465759415,2.535123749341759,0.09856260589167623,-0.020058876005975,-0.011600179338616623,-0.0265705380592898,-0.022708993045498727,0.20108898693099594,0.2040749771256879,-0.002985990194691951,-0.004071417778643935,-0.003053031164570952,-0.01173177116581936,-0.02507248706750831,-0.0014969754871668219,0.11982430294014845,0.0004630722503564111,2026-03-17,97767841792.0,large_cap,0.0362439747868001,-0.0001668235607836,0.6531591973044697,0.195008498076751,0.1390106449592986,0.1546053612428064,0.3110383944153577,0.3658049738219895,2026-03-17,87.72377014160156,45,-0.02363975707354149,2026-04-16,,,,,,
MRVL,2026-01-31,,2218700000.0,1147900000.0,413900000.0,396100000.0,749400000.0,536000000.0,198000000.0,373700000.0,-115400000.0,258300000.0,22285300000.0,4790300000.0,14308400000.0,2638800000.0,6460600000.0,3220500000.0,2074500000.0,1817400000.0,,0.06951072547601833,0.22080994827775946,,0.5173750394375084,0.18655068283228918,0.17852796682742147,0.33776535809257674,0.16843196466399243,0.11641952494704105,0.05201243971695137,0.24158290891062334,0.08924144769459594,0.21495335490211037,0.334789354505046,0.11840989351725129,2.0060860114888994,0.09955890205651259,0.0016845115994751358,0.009447766466899932,-0.7379820355827978,-0.9071129258312602,-0.11226217850303574,-0.1282659414303993,0.016003762927363517,-0.005464572410176866,-0.002298682457247875,-0.00644244657154458,-0.005086575662988979,-0.007383702108125251,-0.008201268812193074,0.0034237706787842437,2026-03-17,154876592128.0,large_cap,0.0471340123826642,0.1167164165991653,0.4130529017044371,-0.0635305949057618,-0.1534513550534912,0.2409446361382275,0.2149570640203915,0.2854463114652676,2026-03-17,90.74457550048828,45,0.4697296712404573,2026-04-16,,,,,,
NCNO,2026-01-31,,149666000.0,91916000.0,2820000.0,8336000.0,15231000.0,29979000.0,59117000.0,12938000.0,-461000.0,12477000.0,1648106000.0,278695000.0,1055915000.0,88374000.0,293503000.0,294492000.0,152163000.0,141370000.0,,-0.01641003397672236,0.058682888873169636,,0.6141408202263707,0.018841954752582418,0.055697352772172706,0.10176660029666057,0.08644581935776997,0.08336562746381944,0.00308019189395053,0.2003060147261235,0.3949928507476648,0.1691001671009025,0.2639369646230994,0.05362155104101314,0.996641674476726,0.09081090658003793,-0.0015541910444375473,-0.05815442413058891,0.012723699518753677,-0.04837502414554942,0.053119715114294225,0.05118303379781653,0.0019366813164776882,0.006165520650691231,0.05043471243546016,-0.0034437005269211673,0.005296442600762119,-0.002483662087055867,-0.008832102814066656,-0.006656127844055726,2026-03-17,1628655232.0,low_cap,0.1345398001859223,-0.0325566816969375,0.6007283730720216,-0.0335351248573494,-0.0700592057441224,0.0987372770536587,0.147060850817291,0.335732351536686,2026-03-17,15.229999542236328,45,0.20026272068825857,2026-04-16,,,,,,
NVDA,2026-01-31,,68127000000.0,51093000000.0,44299000000.0,42960000000.0,51283000000.0,5512000000.0,1282000000.0,36188000000.0,-1284000000.0,34904000000.0,206803000000.0,11040000000.0,157293000000.0,10605000000.0,125605000000.0,32163000000.0,57006000000.0,39331000000.0,,0.1950847279233765,0.7321451272533117,,0.7499669734466511,0.6502414608011508,0.630586991941521,0.7527558823961131,0.531184405595432,0.5123372524843307,0.018847153111101324,0.08090771647070912,0.0188177961747912,0.05338413852797107,0.07018748450344262,0.05128068741749394,3.905263812455306,0.3294294570194823,0.015851266328102187,0.018553568298607104,0.07082135323682326,0.07303795796710566,0.11454405194844747,0.1243956323039988,-0.00985158035555131,-0.001627455265599348,-0.0010748467049056729,-0.011655452407070013,-0.017964445318167682,-0.019995406607874043,-0.5623104924344351,-0.024319891405568006,2026-03-17,5457368842240.0,large_cap,1.1420340763599357,-0.1165111894515869,0.7498869705816992,0.6241752683969747,0.5584802715771244,0.4663172333463604,0.0894436429781095,1.169317479234057,2026-03-17,181.92999267578125,45,0.09025457092716205,2026-04-16,,,,,,
PANW,2026-01-31,,2594000000.0,1909000000.0,397000000.0,432000000.0,640000000.0,511000000.0,1001000000.0,554000000.0,-170000000.0,384000000.0,24979000000.0,372000000.0,9393000000.0,4158000000.0,8369000000.0,8009000000.0,2474000000.0,2257000000.0,,0.04850444624090544,0.14931324767390342,,0.735929067077872,0.1530454895913647,0.16653816499614496,0.24672320740169623,0.2135697764070933,0.14803392444101773,0.06553585196607556,0.19699306090979182,0.38589051657671547,0.01489250970815485,0.039603960396039604,0.1664598262540534,1.0449494318891248,0.10384723167460667,-0.006188960407980892,0.028146540521033242,0.031534122958958216,0.044217144345916115,-0.5022750093649359,-0.5338577489623776,0.03158273959744177,-0.016426502550192013,-0.017908998378822094,0.00019162595560556425,-0.0003267955185593599,0.03619130144100105,0.05950861226119275,-0.001268335966453829,2026-03-17,196935139328.0,large_cap,0.1487387106820306,-0.0158992396132093,0.734143035297945,0.1347828444396248,0.1229626416526595,0.3762728406441468,0.0143449750171783,0.3911359761115023,2026-03-17,169.19000244140625,45,-0.013121349894607115,2026-04-16,,,,,,
PATH,2026-01-31,,481107000.0,407172000.0,80286000.0,104462000.0,85259000.0,95159000.0,231727000.0,182348000.0,-3052000.0,179296000.0,3179200000.0,81246000.0,2082587000.0,871157000.0,2243945000.0,905423000.0,411113000.0,423646000.0,,0.17025489342346267,0.1356344684005042,,0.846323167195655,0.16687763844633313,0.2171284142612766,0.17721421638013996,0.3790175574248556,0.3726738542569532,0.006343703167902359,0.19779175942150082,0.48165376932782106,0.025555485656769,0.03901205567882638,0.2740176774031203,2.478338853773319,0.15132957976849523,0.013702938694002187,0.1350834602033683,-0.26653179594856835,0.13444252100684842,0.31025057608395906,0.31160305377144193,-0.0013524776874829,-0.037834455268864114,-0.08354606624050204,-0.0027627738868183788,-0.0035985000836967623,0.01722687526940092,-0.17583003173447853,0.00936949446392088,2026-03-17,5344953856.0,low_cap,0.0929551278522895,-0.1427292458517539,0.8272727018376346,-0.113711333572084,-0.0515463773306175,0.2137858965463213,0.0271586970861384,0.4989630994635758,2026-03-17,11.979999542236328,45,-0.11435725692050747,2026-04-16,,,,,,
ROST,2026-01-31,,6635490000.0,1804213000.0,814115000.0,645865000.0,991659000.0,,990098000.0,1121718000.0,-200909000.0,920809000.0,15548737000.0,5212338000.0,6187443000.0,4594392000.0,7640097000.0,4827180000.0,5600946000.0,5912279000.0,,0.18470879740672386,0.12232355746405066,,0.2719035067493132,0.12269101452944696,0.09733493683209529,0.14944774236718011,0.16904825416058197,0.13877030935168314,0.030277944808898814,0.0,0.1492124922198662,0.3352258128747049,0.842405820950593,0.295483292308565,1.5827246964065977,0.42675427592607684,-0.008138471873583741,0.006907359411186587,0.0059334128752494275,0.002409009981615251,0.021378914016970507,0.028462693459653465,-0.0070837794426829755,0.0,-0.015045831284770328,-0.001368442344541143,-0.03940710161469507,0.03202679165848249,0.06280890716777354,0.06340958869160612,2026-03-17,68812906496.0,large_cap,0.0369181026730165,-0.0530009910456947,0.2777534276113092,0.1223701642734641,0.098949705618556,0.0774701611072326,0.3812346481111591,1.4175611116880855,2026-03-17,209.19000244140625,45,0.06109277991368889,2026-04-16,,,,,,
S,2026-01-31,,271153000.0,196833000.0,-79853000.0,-110232000.0,-62970000.0,89363000.0,187323000.0,4371000.0,-6749000.0,-2378000.0,2438102000.0,15001000.0,1437145000.0,169627000.0,1050585000.0,756355000.0,258913000.0,225521000.0,,0.04727456713258893,0.20234035854754095,,0.7259112014250257,-0.2944942523224895,-0.4065306303083499,-0.23223051192500174,0.016120050303703077,-0.008769956445254155,0.024890006748957232,0.3295667021939643,0.6908387515535509,0.0061527368420189145,0.010438056006874741,0.06957338126132541,1.3890104514414527,0.11121478920898305,-0.012027797389247752,-0.0235924436068205,-0.1736686264692225,-0.01900444757133854,-0.06504234787638058,-0.07005695246322158,0.005014604586841002,0.00843180359868323,0.0031328426188894642,0.00189980434164576,0.0037648169664585137,0.00781025845836205,-0.1357248602494454,0.004752494664932522,2026-03-17,5757388800.0,low_cap,0.3224755857645607,-0.1488292399136468,0.74301153676194,-0.4009429540781607,-0.3511317031484148,0.0080247266760077,0.0079218823040565,0.3413331948267802,2026-03-17,14.489999771118164,45,-0.038647306748657684,2026-04-16,,,,,,
SNOW,2026-01-31,,1283994000.0,857663000.0,-318159000.0,-309550000.0,-240896000.0,511038000.0,664784000.0,781154000.0,-17859000.0,763295000.0,9132495000.0,2741114000.0,1924102000.0,2828163000.0,5742612000.0,4421691000.0,1212909000.0,986770000.0,,0.058607034822892645,0.30120899500390164,,0.6679649593378162,-0.24778854106794893,-0.24108368107639133,-0.18761458386877197,0.6083782322970357,0.5944692887972997,0.01390894349973598,0.3980065327408072,0.517746967664958,0.3001495210235538,1.42461990060818,0.3096813083390684,1.2987366145666894,0.1405961897597535,-0.009774260999406148,0.023850139162802125,0.0012733300431568007,0.0003368617879096203,0.4949987454600182,0.5007986177082072,-0.0057998722481890485,-0.009301022896095468,-0.024323377266112667,-0.026163076096002713,0.16550158793731784,0.07376248215386805,-0.06782144064190199,-0.006776939247823605,2026-03-17,54437380096.0,large_cap,0.2921468781812435,-0.0664941172589526,0.6650467847416554,-0.4015033107250284,-0.3545227823988334,0.2437825322992855,0.2972424650246659,0.401419181756616,2026-03-17,174.60000610351562,45,-0.1778350628083547,2026-04-16,,,,,,
SNPS,2026-01-31,,2408798000.0,1771416000.0,321328000.0,64958000.0,692456000.0,714988000.0,579107000.0,856832000.0,-35320000.0,821512000.0,47237928000.0,10868557000.0,30548827000.0,2129572000.0,5373638000.0,3942650000.0,2254860000.0,1455315000.0,,0.06826942692672722,0.6551729350690401,,0.7353941675474656,0.13339765310333204,0.02696697689054873,0.28746951799196113,0.3557093620967802,0.341046447232188,0.014662914864592216,0.2968235609627706,0.24041326836040217,0.2300811542792478,0.3557765736798994,0.04508182492678341,1.3629508071982042,0.05099288012801916,0.025728378984095746,0.07956149476090724,-0.1720236478045543,-0.2271517888740971,0.07199418687525871,0.0726519571086327,-0.0006577702333739541,-0.03439079380870075,-0.015037624377949643,-0.06631237099001336,-0.14879906953903593,-0.014805417773554909,-0.2521228504087658,0.004235281323545226,2026-03-17,96244596736.0,large_cap,0.151244664162955,-0.0009591472598806,0.7698457566565516,0.1297000160755796,0.188855455589581,0.1912560187735552,0.2963935252692611,0.1462780060932148,2026-03-17,429.2900085449219,45,0.0276269773707567,2026-04-16,,,,,,
TGT,2026-01-31,,30453000000.0,8110000000.0,1380000000.0,1045000000.0,2210000000.0,,6049000000.0,3077000000.0,-885000000.0,2192000000.0,59490000000.0,20290000000.0,16165000000.0,5488000000.0,20005000000.0,21230000000.0,25270000000.0,30915000000.0,,0.20510486743173728,-0.014944201843765215,,0.2663120218040915,0.04531573244015368,0.034315174202869995,0.07257084687879684,0.10104094834663252,0.0719797721078383,0.029061176238794208,0.0,0.1986339605293403,0.3410657253319886,1.2551809464893289,0.0922507984535216,0.9422986340084786,0.5119011598587998,-0.015959446339952776,0.00780089270924747,0.007049641951188158,0.003437487163719666,0.056442610396494015,0.06608345236110305,-0.009640841964609036,0.0,-0.02044004026211202,0.0069989486488194474,-0.03770338355389424,0.02854124202005659,-0.03228003090066367,0.0906713087144615,2026-03-17,55200583680.0,large_cap,-0.0078762149480504,0.0077762777205712,0.2821162472083028,0.0522305425745547,0.0383893549537375,0.0420021395191712,0.3440426526337655,1.8446917897142063,2026-03-17,115.66717529296875,45,0.061236769105019295,2026-04-16,,,,,,
TJX,2026-01-31,,17743000000.0,5476000000.0,2354000000.0,1773000000.0,2736000000.0,,3122000000.0,3157000000.0,-468000000.0,2689000000.0,35767000000.0,13489000000.0,10190000000.0,6230000000.0,15202000000.0,13361000000.0,15117000000.0,16350000000.0,,0.1737117152874248,0.0851987767584097,,0.3086287550019726,0.13267203967761934,0.09992673166882714,0.1542016569914896,0.17792932424054556,0.15155272501831707,0.026376599222228486,0.0,0.17595671532435325,0.3771353482260184,1.3237487733071638,0.1741829060306987,1.1377890876431405,0.49607179802611345,-0.01729570090859167,0.00777953455094077,0.004537434850675384,0.005296450932086277,0.07658646520766867,0.08533588305231853,-0.00874941784464986,0.0,-0.02507523545953244,0.0021779763947122888,-0.08601722733393036,0.04231977087098515,0.04401007185855366,0.06646511392926224,2026-03-17,163030188032.0,large_cap,0.0395263478244831,-0.0462033862351132,0.3060326472675656,0.1118168914123491,0.0863023420865862,0.074485450674237,0.4024693691139878,1.775174021229015,2026-03-17,154.87274169921875,45,0.013515223050048597,2026-04-16,,,,,,
ULTA,2026-01-31,,3898361000.0,1483644000.0,480503000.0,356677000.0,562290000.0,,1003141000.0,1180596000.0,-191567000.0,989029000.0,6999294000.0,2182061000.0,2803451000.0,424243000.0,3144146000.0,2224342000.0,2857623000.0,3487619000.0,,0.36419709667790334,0.11777146528906979,,0.38058148026824606,0.12325769727328997,0.09149409200430643,0.14423753982763526,0.3028441952913032,0.2537038001354928,0.049140395155810354,0.0,0.25732378299495606,0.31175444266235997,0.7783481858609264,0.060612256036108786,1.4135173458038377,0.5569648881730072,-0.02383330782661458,0.013115456676822207,0.010701419212969007,0.009438092874695714,0.30087017702507285,0.28227054949326325,0.01859962753180957,0.0,-0.036948764503436815,-0.05540881865077418,-0.19948786058622503,0.03138914325073133,0.08558003532156011,0.1494486295802389,2026-03-17,21618143232.0,mid_cap,0.0078833417816936,-0.0899483840802772,,0.139758264550242,0.1063345247650113,0.0853555712666128,0.3204485800923173,1.8820779403411672,2026-03-17,523.0700073242188,45,0.031295992673961104,2026-04-16,,,,,,
WDAY,2026-01-31,,2532000000.0,1921000000.0,305000000.0,145000000.0,389000000.0,691000000.0,925000000.0,1278000000.0,-60000000.0,1218000000.0,18074000000.0,3821000000.0,7805000000.0,1501000000.0,8429000000.0,6378000000.0,2432000000.0,2211000000.0,,0.04111842105263164,0.1451831750339212,,0.7586887835703001,0.12045813586097946,0.057266982622432856,0.15363349131121642,0.504739336492891,0.48104265402843605,0.023696682464454975,0.27290679304897314,0.36532385466034756,0.21140865331415293,0.48955797565663034,0.08304747150603076,1.321574161179053,0.1400907380767954,0.0016986519913527731,0.01190550428203209,-0.046351438430198726,-0.03222177184667832,0.26296302070341737,0.2548913382389624,0.008071682464454975,-0.0009418911615531878,-0.009264961129126115,-0.002269449327951756,0.0623702292887961,-0.0639301635567826,-0.5072079795424937,0.0030843722382510874,2026-03-17,31213191168.0,mid_cap,0.1635211461633834,-0.0042716466294092,0.7550319677954062,0.0590812218801799,0.0622780014207909,0.2591759412739758,0.1870167436168437,0.4698225510374367,2026-03-17,135.1699981689453,45,-0.07620030747865802,2026-04-16,,,,,,
WMT,2026-01-31,,190656000000.0,47041000000.0,8708000000.0,4237000000.0,10420000000.0,,,14113000000.0,-8015000000.0,6098000000.0,284668000000.0,67095000000.0,99617000000.0,10727000000.0,84874000000.0,107469000000.0,179496000000.0,180554000000.0,,0.06217408744484554,0.05595002049248432,,0.24673233467606578,0.04567388385364216,0.022223271231957033,0.05465340718361866,0.07402337193689157,0.03198430681436724,0.04203906512252434,0.0,0.0,0.2356956173507384,0.6735296184386199,0.03768249329042955,0.7897533242144247,0.6697486194444054,-0.0027996883216611923,0.008369431386734821,-0.012000332636652851,-0.01485231996350439,0.023325863357313195,0.021499393501535756,0.0018264698557774461,0.0,0.0,-0.0013486049908111863,-0.0385231632126799,0.0010228130493112608,-0.01313610999564685,0.04791286395775185,2026-03-17,1047786684416.0,large_cap,0.0507000964320154,-0.009559453469913,0.2485106133027893,0.0430963971306269,0.0285410104481009,0.0185907178572215,0.2304781403480521,2.610908547175671,2026-03-17,124.58606719970703,45,-3.0680209641920086e-05,2026-04-16,,,,,,
ZS,2026-01-31,,815751000.0,624491000.0,-51773000.0,-34312000.0,26941000.0,229137000.0,442930000.0,204073000.0,-34944000.0,169129000.0,6753828000.0,1864388000.0,2195948000.0,1202751000.0,4450763000.0,2340966000.0,788112000.0,647900000.0,,0.035069888543760364,0.25906930081802737,,0.765541200685013,-0.06346667058943231,-0.04206185465908102,0.033026009162109515,0.2501657981418349,0.20732919726730337,0.04283660087453157,0.28089086007862696,0.5429720588758089,0.2760490791296432,0.849012818154164,0.1780843397255601,1.9012505948399079,0.1207835023337876,-3.399674885429249e-05,-0.017328558239918537,-0.027324101649356516,-0.011430870063178264,-0.31863660557743345,-0.3170835765516462,-0.0015530290257871684,0.026487932575937012,-0.01433832340488217,-0.005977133959617298,-0.07618270952843953,-0.027694085197864732,0.07711953722441534,-0.00040694152772002834,2026-03-17,25895344128.0,mid_cap,0.233116874430002,-0.1075357856365923,0.7687424596397835,-0.0475639843403669,-0.0155167286106284,0.2718525016694006,0.2798453804801579,0.416380316915186,2026-03-17,156.0,45,-0.1389102446727264,2026-04-16,,,,,,
ACN,2026-02-28,,18044066000.0,5459361000.0,2493547000.0,1825239000.0,2834660000.0,,2965814000.0,3817638000.0,-149685000.0,3667953000.0,67064216000.0,8347367000.0,31210676000.0,9399183000.0,28007338000.0,20957440000.0,18742125000.0,16659301000.0,,-0.03724545642503185,0.08312263521740793,,0.302557139837551,0.1381920793240282,0.10115452913993997,0.15709652137162433,0.2115730456760688,0.20327752070957844,0.008295524966490369,0.0,0.16436506051352284,0.12446827082866369,0.26745229741259047,0.14015198507651233,1.336391181365663,0.2690565412708321,-0.028094693932632475,-0.03154529037124382,-0.016844950641568268,-0.020528214350712393,0.12278391424086602,0.12284293818491808,-5.902394405205881e-05,0.0,0.0034505964386113697,-0.002304431638781329,0.0017359872853994207,-0.008992284394000433,-0.07424206451687088,-0.020627697441299275,2026-04-14,103897767936.0,large_cap,0.0736020532644121,0.0613621898821254,0.319139528084181,0.1555981740237682,0.1102067592145517,0.1560771545616602,0.1251300388163315,1.0654191717742134,2026-04-14,190.3699951171875,45,-0.16142247473727345,2026-05-13,,,,,,
ADBE,2026-02-28,,6398000000.0,5734000000.0,2418000000.0,1889000000.0,2659000000.0,1110000000.0,2171000000.0,2958000000.0,-37000000.0,2921000000.0,29704000000.0,6656000000.0,11433000000.0,6332000000.0,10386000000.0,11390000000.0,6194000000.0,5714000000.0,,0.03293509848240239,0.11970598529926502,,0.8962175679899969,0.3779306033135355,0.2952485151609878,0.41559862457017815,0.4623319787433573,0.4565489215379806,0.00578305720537668,0.1734917161613004,0.33932478899656143,0.2240775653110692,0.5821744074171259,0.2131699434419607,0.9118525021949078,0.2153918664152976,0.0009963862011689306,0.012899928466909738,-0.004396302404398034,0.009721969742925995,-0.04783915461150223,-0.04813302873647857,0.00029387412497629273,-0.0037766080233944677,-0.007623870996980697,-0.0013089277727387771,0.010205036342532448,0.029043282199758352,-0.08452004682470005,0.005397290879631728,2026-04-14,100079919104.0,large_cap,0.1052778423622413,-0.0027132957695532,0.8926753334174765,0.3662754007320459,0.2999705498758888,0.4144894610627287,0.2253864930838079,0.8058380797396257,2026-04-14,235.72000122070312,45,0.00148483837477964,2026-05-13,,,,,,
AZO,2026-02-28,,4274098000.0,2243358000.0,698456000.0,468860000.0,854096000.0,,,373429000.0,-336713000.0,36716000.0,20438595000.0,12411277000.0,-2908770000.0,285492000.0,8832074000.0,9921203000.0,4628630000.0,3952012000.0,,-0.07659545048966976,0.08149924645977791,,0.5248728503651531,0.16341600028824796,0.10969799943754215,0.19983070112103185,0.08737024747677756,0.008590350525420802,0.07877989695135676,0.0,0.0,0.6072470734901299,4.266847155326822,0.013968279130732812,0.8902220829469975,0.20911897319752165,0.0151511832627923,-0.006008861928001763,-0.004984530814389848,-0.0016109781663598832,-0.1166147329601984,-0.12728289922666566,0.010668166266467272,0.0,0.0,-0.005477287366666417,0.5347165491551817,-0.0006582371920717221,0.029964310681563466,-0.026248039784802557,2026-04-14,55024222208.0,large_cap,0.0242532450043448,-0.0349233965767921,0.5262486365892685,0.1906230501253068,0.1319121564570609,0.0945196023574353,0.6349052074767645,0.978475844682321,2026-04-14,3508.5,45,-0.04039046912854494,2026-05-13,,,,,,
COST,2026-02-28,,69597000000.0,8878000000.0,2606000000.0,2035000000.0,3351000000.0,,6272000000.0,2996000000.0,-1289000000.0,1707000000.0,83639000000.0,8165000000.0,32087000000.0,17383000000.0,43133000000.0,40763000000.0,67307000000.0,63723000000.0,,0.03402320709584439,0.09218021750388394,,0.12756296966823283,0.0374441427073006,0.029239766081871343,0.048148627095995516,0.043047832521516734,0.024526919263761368,0.018520913257755362,0.0,0.09011882696093222,0.09762192278721649,0.2544644248449528,0.20783366611269863,1.058140961165763,0.8321118138667368,-0.0031366603851048502,0.0008506234596740506,-0.0004896825638861547,0.0003824215007379658,-0.02660316960307655,-0.022451849660718996,-0.004151319942357554,0.0,-0.003987283844778922,-0.00024013784812594585,-0.012901842521314544,0.011952521046869419,0.01972450380420354,0.019127153883647052,2026-04-14,465369300992.0,large_cap,0.0816732363147614,0.0314730629687711,0.1284320671426235,0.0377241266554035,0.0294257634385161,0.0284738496194161,0.1060065629904408,3.569890660060442,2026-04-14,973.3875732421875,45,0.06132437320282902,2026-05-13,,,,,,
MU,2026-02-28,,23860000000.0,17755000000.0,16135000000.0,13785000000.0,18478000000.0,1250000000.0,344000000.0,11903000000.0,-6387000000.0,5516000000.0,101509000000.0,10798000000.0,72459000000.0,13908000000.0,41413000000.0,14296000000.0,13643000000.0,8053000000.0,,0.74888221065748,1.9628709797590962,,0.7441324392288349,0.6762363788767812,0.577745180217938,0.7744341994970663,0.49886839899413243,0.23118189438390613,0.2676865046102263,0.052388935456831515,0.014417435037720033,0.1063748042045533,0.1490222056611325,0.13701248165187324,2.89682428651371,0.23505304948329706,0.18369851707095175,0.2264819260438266,0.1936654323618946,0.16261861641416664,-0.11763823444426086,0.009676360410439871,-0.12731459485470076,-0.03344262651634154,-0.010283876990426268,-0.03815067531761117,-0.06226575815208385,0.02382315036574187,0.4370398752367617,0.07636000182769226,2026-04-14,817223696384.0,large_cap,0.4885110111106685,-0.1273834547837973,0.397907860238643,0.2624270961528172,0.2284498903098079,0.0446251805875113,0.1845213652503683,0.451436025024759,2026-04-14,465.6600036621094,45,0.7257870518463934,2026-05-13,,,,,,
NKE,2026-02-28,,11279000000.0,4530000000.0,553000000.0,520000000.0,769000000.0,,3977000000.0,430000000.0,-146000000.0,284000000.0,37064000000.0,11178000000.0,14090000000.0,6660000000.0,23184000000.0,10838000000.0,12427000000.0,11269000000.0,,-0.09237949625814756,0.000887390185464465,,0.40163135029701214,0.04902916925259331,0.04610337795903892,0.06817980317404025,0.03812394715843603,0.025179537193013565,0.012944409965422466,0.0,0.3526021810444188,0.3015864450679905,0.7933286018452803,0.1796891862723937,2.1391400627422033,0.3043114612562055,-0.004339519583087648,-0.03192359488999943,-0.01762881806574583,-0.02725755097418539,-0.00846815069301645,-0.005881861374621423,-0.0025862893183950277,0.0,0.02758407530691176,0.003018154386009886,-0.007665363365937261,-0.004871641525526216,0.07599573284529582,-0.024558255842267507,2026-04-14,62019551232.0,large_cap,-0.0983801253845255,-0.1012112166237626,0.4273467360556263,0.0799412641171262,0.0695113260921203,0.070569435746831,0.3012110773941332,1.2659996172667378,2026-04-14,44.20000076293945,45,-0.042081461046288626,2026-05-13,,,,,,
ORCL,2026-02-28,,17190000000.0,11098000000.0,5637000000.0,3721000000.0,8162000000.0,2607000000.0,2441000000.0,7151000000.0,-18635000000.0,-11484000000.0,245240000000.0,153117000000.0,38495000000.0,38455000000.0,54874000000.0,40737000000.0,16058000000.0,14130000000.0,,0.07049445759123185,0.21656050955414008,,0.645607911576498,0.32792321116928447,0.2164630599185573,0.4748109365910413,0.4159976730657359,-0.6680628272251309,1.0840605002908668,0.15165794066317625,0.14200116346713204,0.6243557331593541,3.9775815040914404,0.1568055782091013,1.3470309546603825,0.07009460120698091,-0.01973023763261894,0.006712599636092276,-0.165589499553357,-0.11735496202647028,0.2873390605361556,-0.04737531944084894,0.3347143799770045,-0.007826428498612259,-0.017296382927188547,0.017547396898963008,-0.17540170181153414,0.06293971550762216,0.43775724120622184,-0.008243220281525507,2026-04-14,554933092352.0,large_cap,0.0837975113762958,0.0236021316269263,0.70509939197547,0.3145002526176414,0.2167807801529643,-0.0068642310841652,0.6183379761346155,0.3409281246844578,2026-04-14,163.0,45,0.16417174544071123,2026-05-13,,,,,,
AAPL,2026-03-31,,111184000000.0,54781000000.0,35885000000.0,29578000000.0,39324000000.0,11419000000.0,7477000000.0,28702000000.0,-1971000000.0,26731000000.0,371082000000.0,84711000000.0,106491000000.0,45572000000.0,144114000000.0,134641000000.0,143756000000.0,95359000000.0,,-0.2265783689028632,0.16595182415922993,,0.4927057850050367,0.32275327385235286,0.2660274859692042,0.35368398330695067,0.2581486544826594,0.24042128363793352,0.01772737084472586,0.10270362642106778,0.06724888473161605,0.22828108073148254,0.7954756740006198,0.12280843587131685,1.07035746912159,0.2996211080030829,0.011118929499875196,-0.030985004897751467,-0.02680898694323075,-0.022411623137302106,-0.11696612333530992,-0.11818635708662756,0.0012202337513175857,0.026971135255481657,0.015132799142145006,-0.010341950824264007,-0.23081982435520276,0.0033321415689627487,0.09661280425742425,-0.07938531704114365,2026-05-15,4409585041408.0,large_cap,0.0642551178283274,0.0440351770531863,0.4690516410716045,0.3197079976259188,0.2691506412181824,0.2373288222586931,0.2746262258483859,1.1584451663368045,2026-05-15,300.2300109863281,45,,,,,,,,
ABT,2026-03-31,,11164000000.0,6274000000.0,1345000000.0,1077000000.0,2426000000.0,767000000.0,3740000000.0,1315000000.0,-399000000.0,916000000.0,110429000000.0,34047000000.0,52061000000.0,6803000000.0,25508000000.0,18377000000.0,11459000000.0,10358000000.0,,-0.025743956715245653,0.07781424985518437,,0.5619849516302401,0.12047653170906485,0.09647079899677535,0.21730562522393407,0.1177893228233608,0.08204944464349695,0.03573987817986385,0.06870297384450018,0.3350053744177714,0.3083157503916544,0.6539828278365764,0.06160519428773239,1.3880393970724274,0.10109663222523069,-0.008483675649627265,-0.07596294817574185,-0.05851654719399174,-0.06805958989082292,-0.17150293653609466,-0.14711540394713052,-0.024387532588964145,0.004561251181091505,0.061944897936403065,0.14847812512208694,0.3881090507408541,-0.03667303389028014,-0.1878577901244689,-0.031051949878952073,2026-05-15,147130957824.0,large_cap,0.0566865315852205,0.0107866088746069,0.5641806533116765,0.181668471395055,0.1471756000721891,0.1668245804006497,0.1598376252695674,0.5112036257539239,2026-05-15,84.47000122070312,45,,,,,,,,
AEP,2026-03-31,,6020000000.0,3491000000.0,1391000000.0,874000000.0,2381000000.0,,,1519000000.0,-3808000000.0,-2289000000.0,117776000000.0,51776000000.0,31808000000.0,306000000.0,6623000000.0,12594000000.0,5315300000.0,5463000000.0,,0.1325795345512013,0.10195863078894374,,0.5799003322259136,0.23106312292358805,0.1451827242524917,0.39551495016611293,0.25232558139534883,-0.3802325581395349,0.6325581395348837,0.0,0.0,0.4396141828555903,1.6277665995975854,0.002598152424942263,0.525885342226457,0.05111397907892949,-0.036076188384399965,0.009006042420135751,0.03568749350352175,-0.01006893032981393,-0.08880285914422559,-0.25235642697102134,0.16355356782679575,0.0,0.0,0.007078799315488937,0.03781220304032429,0.0008770271410002747,0.07132623151592671,0.004675922115798266,2026-05-15,68094746624.0,large_cap,0.1092743775670606,0.0703427581381279,0.6100749680014628,0.2461601755348327,0.1636496617297494,-0.0749222892667763,0.4325353835401013,0.1911235366066748,2026-05-15,125.1500015258789,45,,,,,,,,
AMGN,2026-03-31,,8618000000.0,5874000000.0,2666000000.0,1819000000.0,3857000000.0,1719000000.0,1602000000.0,2189000000.0,-712000000.0,1477000000.0,92504000000.0,57323000000.0,9190000000.0,12038000000.0,31475000000.0,24955000000.0,9866000000.0,8149000000.0,,-0.126495033448206,0.057553073996809534,,0.681596658157345,0.30935251798561153,0.21106985379438384,0.44755163611046644,0.25400324901369226,0.1713854722673474,0.08261777674634486,0.19946623346484102,0.18588999767927594,0.6196813110784398,6.237540805223069,0.13013491308483957,1.2612702865157284,0.09316353887399464,-0.016761339004625397,0.03365821431644467,0.07595937335651642,0.11317093471172329,0.09152605460866489,0.07398024218423369,0.01754581242443122,-0.017643030674627858,-0.011961208483302621,0.016895008559286717,-0.06922750154523793,0.0293577510509712,0.12128833351639523,-0.0157495382019332,2026-05-15,176207396864.0,large_cap,0.0995392532312111,-0.0861294236045462,0.6724714973742211,0.2470681069902859,0.2098174199341514,0.2204021659274577,0.6027863025191531,0.4057028679928465,2026-05-15,326.30999755859375,45,,,,,,,,
AMT,2026-03-31,,2737500000.0,2034200000.0,1239200000.0,859500000.0,1883600000.0,,257400000.0,1400600000.0,-449500000.0,951100000.0,63234600000.0,45131200000.0,3522600000.0,1608800000.0,2956400000.0,9719400000.0,2737500000.0,2562800000.0,,0.0,0.06816762915561103,,0.7430867579908675,0.452675799086758,0.31397260273972605,0.6880730593607306,0.5116347031963471,0.3474337899543379,0.16420091324200914,0.0,0.09402739726027397,0.7137105318923501,12.811900300914097,0.025441767639868048,0.3041751548449493,0.04329117287054872,0.003945205479451985,-0.0017899543378995797,0.014173515981735163,0.021333333333333315,-0.009826484018264803,0.03755251141552507,-0.047378995433789955,0.0,0.0076347031963470285,0.002148332570934164,0.5014554001611877,0.0021027794391286943,-0.0923940256346712,-3.028102118166759e-05,2026-05-15,79495331840.0,large_cap,0.0510901335018563,0.0396041464061132,0.7418315389962986,0.4630704770493959,0.2376322266689213,0.3554478327039062,0.711562199321416,0.1684528029574112,2026-05-15,170.6300048828125,45,,,,,,,,
AMZN,2026-03-31,,181519000000.0,94056000000.0,23852000000.0,30255000000.0,59579000000.0,,12901000000.0,26032000000.0,-44203000000.0,-18171000000.0,916630000000.0,209888000000.0,441914000000.0,101816000000.0,255155000000.0,216756000000.0,213386000000.0,155667000000.0,,-0.14933969426297877,0.16607244952366274,,0.5181606333221316,0.13140222235688825,0.16667676661947234,0.3282245935687173,0.1434119844203637,-0.10010522314468458,0.2435172075650483,0.0,0.0710724497160077,0.2289778863881828,0.47495214000914204,0.11107644305772231,1.1771531122552548,0.19802864841866402,0.03346622975301272,0.014351431770814188,0.06736378451193013,0.10911462384249346,-0.11180157223283751,-0.1701051294178234,0.058303557184985866,0.0,-0.008445419310076488,0.04196181630865145,0.10277985582051008,0.004957197346621908,0.12633776398342622,-0.06282103900569808,2026-05-15,2841383010304.0,large_cap,0.1237775468329469,0.0138686243662855,0.5028566486824266,0.1115529679575519,0.1083378433418326,0.0107333552789417,0.1870160700795313,0.8763902097936291,2026-05-15,264.1400146484375,45,,,,,,,,
ANET,2026-03-31,,2709000000.0,1676800000.0,1157800000.0,1022900000.0,1181100000.0,343700000.0,175300000.0,1693500000.0,-54500000.0,1639000000.0,21656500000.0,,13487100000.0,2789500000.0,18556700000.0,6560100000.0,2487800000.0,2004800000.0,,0.08891389983117604,0.3512569832402235,,0.6189737910668143,0.42739018087855296,0.37759320782576594,0.43599114064230343,0.6251384274640088,0.6050203026947213,0.02011812476928756,0.1268733850129199,0.06471022517534146,,,0.1288065938632743,2.8287221231383666,0.12508946505668045,-0.009613715967513259,0.012204072670497668,-0.006601663144569281,0.011640308581848391,0.1179031191594827,0.11265757257172104,0.005245546587761713,-0.013170026836907267,-0.00864776180110359,,,0.02782760308758865,-0.219171487946912,-0.002827197325187658,2026-05-15,178764283904.0,large_cap,0.2859590752666676,0.0909316018015982,0.6405609780472368,0.4281843721198796,0.3899086134337142,0.4721898353265154,,0.4630513250311076,2026-05-15,141.97000122070312,45,,,,,,,,
AON,2026-03-31,,5034000000.0,2641000000.0,1807000000.0,1212000000.0,1930000000.0,,492000000.0,430000000.0,-67000000.0,363000000.0,51429000000.0,15474000000.0,9834000000.0,1178000000.0,26163000000.0,24537000000.0,4300000000.0,4729000000.0,,0.17069767441860462,0.06449566504546422,,0.5246324990067541,0.3589590782677791,0.24076281287246723,0.38339292808899483,0.08541914978148589,0.07210965435041716,0.013309495431068732,0.0,0.09773539928486293,0.3008808259931167,1.5735204392922513,0.022905364677516575,1.0662672698373885,0.09788251764568628,0.016958080402103004,0.04802884570963961,-0.15295811736009093,-0.22893265330635404,-0.23946457114874664,-0.235564764254234,-0.0038998068945126623,0.0,-0.008543670482578938,-0.015577113515389873,-0.14493550596010119,-0.000625668718828732,-0.043437371512822454,0.013210179901514893,2026-05-15,67750879232.0,large_cap,0.0944706332016818,-0.0791238644059737,0.4770385891391653,0.2740818345847157,0.215063151155346,0.1872999243350212,0.3164579395085066,0.3383152173913043,2026-05-15,317.2200012207031,45,,,,,,,,
APD,2026-03-31,,3171800000.0,987400000.0,752700000.0,710400000.0,1308000000.0,21600000.0,227200000.0,1103700000.0,-1107600000.0,-3900000.0,41644700000.0,18357900000.0,15649900000.0,951000000.0,5012600000.0,3513300000.0,3102500000.0,2916200000.0,,0.022336825141015204,0.08764830944379676,,0.3113058830947727,0.2373100447695315,0.22397376883788386,0.41238413519137396,0.34797275994703325,-0.0012295857241944638,0.3492023456712277,0.0068100132416924145,0.07163125039409798,0.44082200135911653,1.1730362494329036,0.02283603915984507,1.4267497794096717,0.07616335331987023,-0.009403222465259542,-0.00652557166882467,0.005375863922493063,0.0011029103726793443,0.057658497255655305,0.11174382281730433,-0.05408532556164902,0.00023467077593898947,-0.0020834957783435887,0.000994355368626576,-0.003944277842537147,-0.0020519962032792237,-0.032182722948886244,0.0009342713692728905,2026-05-15,65775423488.0,large_cap,-0.0052311455630299,0.0344037750718907,0.3141319066568084,0.2400039876051938,-0.032773130187002,-0.3128442424796258,0.4482811529609469,0.2931672329180823,2026-05-15,295.3800048828125,45,,,,,,,,
APH,2026-03-31,,7620100000.0,2800200000.0,1948700000.0,933000000.0,2339400000.0,,851500000.0,1121500000.0,-291600000.0,829900000.0,42133800000.0,18748900000.0,13976800000.0,4128000000.0,15383700000.0,8974700000.0,6439000000.0,4811000000.0,,0.18342910389812084,0.5838910829349409,,0.3674754924476057,0.25573155207936904,0.12243933806642958,0.3070038450938964,0.14717654623955065,0.10890933189853151,0.038267214341019144,0.0,0.11174394036823664,0.44498478656090834,1.341430084139431,0.09797359839368867,1.7141185777797587,0.18085480065885345,-0.014742243225635498,-0.019171383159022004,-0.06322613793916136,-0.0078742415655228,-0.12028734566913082,-0.11915403197784681,-0.001133313691284006,0.0,0.004429139933386506,0.0171888106358154,0.1856942736258287,-0.20918843809397997,-1.2651252629916883,0.0031630003116935035,2026-05-15,153779306496.0,large_cap,0.5171224552806006,0.3046123992856346,0.3688162219037268,0.2585874681203912,0.1849038956990132,0.189571633318467,0.4277959759250929,0.63732548865935,2026-05-15,125.0,45,,,,,,,,
AXP,2026-03-31,,18908000000.0,,,2971000000.0,,,3962000000.0,3804000000.0,-1149000000.0,2655000000.0,308894000000.0,60442000000.0,33995000000.0,53647000000.0,,,18981000000.0,16967000000.0,,-0.0038459512143722563,0.11439853833912883,,,,0.157129257457161,,0.20118468373175374,0.14041675481277766,0.060767928918976095,0.0,0.20954093505394542,0.1956723018252216,1.7779673481394322,0.17367446437936637,,0.061211936780902185,,,0.02742060143271549,,0.039602048464907946,0.016819473320759323,0.022782575144148637,0.0,-0.007360176584008338,0.003175667908433849,0.052478909351118874,0.014675357557882102,,-0.0020470983196803766,2026-05-15,213895708672.0,large_cap,0.095240261414123,0.0054443430467761,,,0.1499792330056763,0.2215561401079883,0.1924966339167877,0.2407249410102249,2026-05-15,313.4800109863281,45,,,,,,,,
BA,2026-03-31,,22217000000.0,2546000000.0,446000000.0,-4000000.0,1215000000.0,903000000.0,1197000000.0,-179000000.0,-1275000000.0,-1454000000.0,164787000000.0,47209000000.0,5987000000.0,9441000000.0,124141000000.0,105547000000.0,23948000000.0,19496000000.0,,-0.07228161015533652,0.13956709068526885,,0.11459693027861548,0.020074717558626276,-0.00018004230994283655,0.054687851645136606,-0.008056893369941937,-0.06544537966422109,0.05738848629427916,0.04064455146959536,0.053877661250393845,0.2864849775771147,7.885251377985636,0.057292140763531105,1.1761679630875346,0.13482252847615406,0.03893299174512625,0.05410678704250802,-0.34342373698173173,-0.3425895827961528,-0.06363564733687029,-0.08072849307661462,0.01709284573974433,0.0003906680555315484,-0.015564463352913317,-0.03706838527841477,-2.0951299934848446,-0.007623007689525632,-0.012002041074700154,-0.007525972133112735,2026-05-15,173812793344.0,large_cap,0.3449644451794278,0.4899242107140449,0.0479416071448531,-0.0605389937739624,0.0249823949565742,-0.0210813408895297,0.3235533628555295,0.5317740065979136,2026-05-15,220.49000549316406,45,,,,,,,,
BAC,2026-03-31,,30272000000.0,,,8584000000.0,,,14030000000.0,41770000000.0,,41770000000.0,3496186000000.0,383594000000.0,300668000000.0,249865000000.0,,,31180000000.0,28247000000.0,,-0.029121231558691507,0.07168902892342555,,,,0.28356236786469347,,1.3798229386892178,1.3798229386892178,,0.0,0.46346458773784355,0.10971784681936259,1.2758058722577728,0.07146787956933641,,0.008658578233537918,,,0.042125549391313105,,2.1157113286828033,2.1157113286828033,,0.0,0.04787767304894042,0.0024692831840541357,0.06916961025007606,0.0013221063593185228,,-0.00048045882030384873,2026-05-15,353197326336.0,large_cap,0.0684042472793229,0.038366006175488,,,0.2697595869032777,0.1115237362617929,0.1072485636353084,0.0331493801692861,2026-05-15,49.77000045776367,45,,,,,,,,
BILL,2026-03-31,,406563000.0,331855000.0,4645000.0,12786000.0,47764000.0,74385000.0,225512000.0,102674000.0,-17942000.0,84732000.0,10078806000.0,1885854000.0,3802735000.0,994672000.0,7283784000.0,4385760000.0,414671000.0,358217000.0,,-0.019552850331949867,0.13496288562519365,,0.8162449608055824,0.011425043597179281,0.03144900052390404,0.11748240740057507,0.25254142654397965,0.20841050464503658,0.04413092189894309,0.18296057437592697,0.5546791026237016,0.18711085420237278,0.4959204362123577,0.09868946778021127,1.6607803436576556,0.040338409132986586,0.017821632432004297,0.054022669184693235,0.03769009285975584,0.02489093126648323,-0.0014358228899088998,-0.011361314459747696,0.00992549156983881,-0.016730264867714367,-0.011880893131969827,0.0007579880305298436,0.00020604654899397667,-0.009396952375195847,0.007273761621467978,-0.0006109517180296758,2026-05-15,3990840832.0,low_cap,0.1336240439259262,-0.085281015083888,0.8139555713572684,-0.0551098408965041,0.0162720416800563,0.2117327717647702,0.1761571115687607,0.1453271677155225,2026-05-15,40.06999969482422,45,,,,,,,,
BL,2026-03-31,,183155000.0,139150000.0,7928000.0,8126000.0,24459000.0,30560000.0,100662000.0,46296000.0,-10528000.0,35768000.0,1455518000.0,687321000.0,305950000.0,242041000.0,732102000.0,429734000.0,183181000.0,166931000.0,,-0.00014193611782886695,0.09718985688697734,,0.7597390188638039,0.04328574158499632,0.044366793153340064,0.1335426278288881,0.25276951216183013,0.19528814392181484,0.05748136824001529,0.1668532117605307,0.5496000655182769,0.4722174511067537,2.2465141362967804,0.16629200051115822,1.7036166558848032,0.12583492612252134,0.00785427099148095,-0.026803405215163084,0.017693721164432918,-0.007918549913345008,0.10712121894364704,0.08676160459732159,0.020359614346325446,0.01300537819700609,0.02165229800963786,-0.050884032878358076,-0.5230765668080024,-0.05537880838604606,0.2292955322353296,0.0217263600882813,2026-05-15,1598509952.0,low_cap,0.0720777670295222,-0.0352788930156304,0.7524581433896752,0.0573621519444567,0.0350043616251229,0.1925910908631449,0.5231014839851118,0.3980786794572835,2026-05-15,27.25,45,,,,,,,,
BMY,2026-03-31,,11489000000.0,8068000000.0,3365000000.0,2677000000.0,4245000000.0,2649000000.0,1617000000.0,1104000000.0,-347000000.0,757000000.0,86476000000.0,46428000000.0,20068000000.0,9574000000.0,27208000000.0,19158000000.0,12503000000.0,11201000000.0,,-0.08110053587139088,0.02571199000089286,,0.702236922273479,0.29288885020454347,0.23300548350596223,0.36948385412133344,0.09609191400470014,0.06588911132387501,0.030202802680825137,0.23056836974497344,0.14074331969710158,0.5368888477727924,2.31353398445286,0.11071279892686989,1.4201899989560496,0.1328576714926685,0.029918278747925187,0.06790284684534967,0.14606634889826808,0.13921911765808462,-0.061790194289309305,-0.062400099265583514,0.0006099049762742295,0.02373800903154466,-0.03369481515053499,0.013343233698734802,-0.2382442865372334,-0.0026726605457972064,0.16511889676533342,-0.006005919435606216,2026-05-15,116398063616.0,large_cap,-0.0021739130434782,-0.075364154344638,0.7108413735864716,0.2847598298578691,0.1463637306774561,0.2665214233841685,0.5235456140740576,0.5352739954241542,2026-05-15,57.0,45,,,,,,,,
BSX,2026-03-31,,5203000000.0,3613000000.0,1072000000.0,1341000000.0,1603000000.0,516000000.0,1781000000.0,348000000.0,-177000000.0,171000000.0,44351000000.0,11029000000.0,25864000000.0,1453000000.0,8684000000.0,4571000000.0,5286000000.0,4663000000.0,,-0.015701853953840383,0.11580527557366493,,0.6944070728425908,0.206034979819335,0.25773592158370173,0.3080914856813377,0.06688448971747069,0.03286565443013646,0.03401883528733423,0.09917355371900827,0.34230251777820486,0.24867533990214427,0.4264228270955769,0.0327613808031386,1.8998031065412382,0.11731415300669658,-0.001393154172165123,0.009099679024783341,0.13060765824658482,0.089589783070668,-0.19115561622274874,-0.14477339210788853,-0.04638222411486024,-0.008469276398282696,-0.004651700912676693,-0.013179810877513659,-0.045515106215747,-0.012232093425790035,0.2829617754141929,-0.0037217272854747907,2026-05-15,78301192192.0,large_cap,0.1986624470054339,0.022609076218917,0.6900966424230348,0.1978180731294211,0.1443658463684367,0.16957258144864,0.2618551507796579,0.4596432578480983,2026-05-15,52.68000030517578,45,,,,,,,,
CB,2026-03-31,,14815000000.0,,,2320000000.0,,,1149000000.0,3947000000.0,,3947000000.0,275456000000.0,17470000000.0,73788000000.0,2431000000.0,,,15303000000.0,13388000000.0,,-0.031889172057766424,0.10658798924409929,,,,0.15659804252446843,,0.266419169760378,0.266419169760378,,0.0,0.07755653054336821,0.06342210734200744,0.2367593646663414,0.00882536593866171,,0.05378354437732342,,,-0.05316474908501989,,0.0011117137060095428,0.0011117137060095428,,0.0,0.0016890535780672844,0.00016359827019303552,0.0031950928006201917,0.0004824546592072307,,-0.002409928910305059,2026-05-15,125724844032.0,large_cap,0.0673629708980538,-0.0567489385468142,,,0.1724570530083803,0.2143753240887878,0.0632585090718144,0.2195265250966668,2026-05-15,324.1499938964844,45,,,,,,,,
CDNS,2026-03-31,,1474220000.0,1259685000.0,431336000.0,335660000.0,544088000.0,508437000.0,299702000.0,355782000.0,-48820000.0,306962000.0,12098354000.0,3083354000.0,6561463000.0,1406668000.0,3180400000.0,2162508000.0,1440114000.0,1242366000.0,,0.02368284733014181,0.18662294364140686,,0.8544755870901223,0.2925859098370664,0.22768650540624874,0.36906838870724856,0.24133575721398434,0.20821994003608688,0.033115817177897466,0.3448854309397512,0.2032953019223725,0.25485731364779046,0.4699186751491245,0.11626937019697059,1.4706997615731363,0.12185293966435434,-0.014475065427664524,-0.03046143224835185,-0.041831046676433614,-0.041506051927312326,-0.14300534355998215,-0.14762272241980204,0.00461737885981987,0.022284581284793326,-0.011967517548863799,-0.0028400034798629625,-0.008041224240391498,-0.17933520485699295,-1.3848611141364469,-0.019986221943454396,2026-05-15,95774343168.0,large_cap,0.1412320005929419,0.0064447421524485,0.8636432203164237,0.311469900744965,0.2093521717714549,0.2996001894743559,0.2576973171276534,0.5216863774663779,2026-05-15,347.239990234375,45,,,,,,,,
CELH,2026-03-31,,782615000.0,378067000.0,143420000.0,110099000.0,158513000.0,,234647000.0,73723000.0,-7916000.0,65807000.0,5157593000.0,668881000.0,3010737000.0,549201000.0,1864278000.0,1051333000.0,721628000.0,329276000.0,,0.0845130732177799,1.376775106597505,,0.4830817196194808,0.18325741264862033,0.14068092229257043,0.20254275729445512,0.09420085227091227,0.08408604486241639,0.010114807408495876,0.0,0.2998243069708605,0.12968859698700538,0.22216520406797405,0.1064839742104505,1.7732516719250704,0.1517403564026863,0.009388902821906464,0.03523239144656054,0.10639871594802724,0.14129929113183393,0.2597127226528819,0.26418714958673417,-0.0044744269338522595,0.0,-0.025843488624654076,-0.0011660111959050368,-0.005589074275777067,0.028574691472529085,0.09427665880774505,0.010786953797298132,2026-05-15,7710112768.0,low_cap,0.8554244152165413,0.8268845059287795,0.5038558500104761,0.1862715280154925,0.0429373558056812,0.1285647777633326,0.1308546081829104,0.4912998442658157,2026-05-15,30.15999984741211,45,,,,,,,,
CI,2026-03-31,,68752000000.0,,,1654000000.0,,,3722000000.0,1131000000.0,-267000000.0,864000000.0,153266000000.0,30900000000.0,42210000000.0,7040000000.0,43032000000.0,52606000000.0,72372000000.0,65500000000.0,,-0.050019344497872154,0.049648854961832134,,,,0.02405748196416104,,0.016450430532929952,0.012566907144519432,0.003883523388410519,0.0,0.05413660693507098,0.20161027233698275,0.7320540156361052,0.04593321415056177,0.818005550697639,0.44857959364764527,,,0.007006688839748285,,-0.06851336762105226,-0.06794765649887857,-0.0005657111221736852,0.0,0.0042692549204797064,0.0023752214564680685,-0.022219232511954234,-0.0026739832101104755,-0.030633120276057357,-0.009705983135389062,2026-05-15,75463155712.0,large_cap,0.1247708524289643,-0.12727974520305,,,0.0216715900988081,0.0305192159373681,0.1992350508805146,1.7406138590036664,2026-05-15,285.2699890136719,45,,,,,,,,
CL,2026-03-31,,5324000000.0,3226000000.0,964000000.0,646000000.0,1110000000.0,,2076000000.0,747000000.0,-138000000.0,609000000.0,16610000000.0,7973000000.0,145000000.0,1335000000.0,6082000000.0,5934000000.0,5230000000.0,4911000000.0,,0.017973231357552688,0.0840969252698025,,0.6059353869271225,0.18106686701728025,0.12133734034560481,0.20848985725018782,0.14030803906836964,0.11438767843726522,0.025920360631104433,0.0,0.3899323816679189,0.48001204093919325,54.98620689655172,0.08037326911499097,1.0249410178631615,0.3205298013245033,0.004405750215841331,-0.01377060908214614,0.12841191013527975,0.14252427407619164,-0.13751222861805484,-0.12958937701206558,-0.007922851605989257,0.0,-0.005861117376058156,-0.043809147058357256,-103.4212005108557,0.001500029678371248,0.191875207269261,0.0002603585810863063,2026-05-15,70520684544.0,large_cap,0.0139794040097507,-0.0191192237334778,0.6010695711902659,0.2076832499264056,0.1046020998920616,0.1782945736434108,0.5238211879975505,1.248132271892223,2026-05-15,88.12999725341797,45,,,,,,,,
CME,2026-03-31,,1880100000.0,1657100000.0,1309700000.0,1154300000.0,1637800000.0,,28200000.0,1259900000.0,-21800000.0,1238100000.0,201993500000.0,3423200000.0,26618200000.0,2391200000.0,169001200000.0,165997800000.0,1648700000.0,1642300000.0,,0.1403530053981925,0.14479693113316694,,0.8813892878038402,0.6966118823466837,0.6139567044306153,0.8711238763895538,0.6701239295782139,0.6585288016594862,0.011595127918727728,0.0,0.014999202170097335,0.016947079980296396,0.12860373729252916,0.011838004688269671,1.0180930108712285,0.009307725248584732,0.02762571650524126,0.07818524317642839,-0.10351766931839901,-0.16272097106601724,-0.017630058412324123,-0.009512685572878654,-0.008117372839445377,0.0,-0.014053991255025489,-0.00030031222287237036,0.009476886323794606,-0.010421880950679611,-0.013489672989387413,0.0009987589027458683,2026-05-15,108294709248.0,large_cap,0.0637020603252802,-0.0350987785497667,0.8609023709474588,0.6486366285311168,0.624513081618256,0.6431310002147042,0.0172473922031687,0.0328619190602759,2026-05-15,298.8599853515625,45,,,,,,,,
CMG,2026-03-31,,3088242000.0,718961000.0,418523000.0,302824000.0,515241000.0,,203720000.0,651350000.0,-180332000.0,471018000.0,8803219000.0,5245880000.0,2407635000.0,246636000.0,1137319000.0,1237353000.0,2983511000.0,2875253000.0,,0.03510327262074786,0.07407661169295365,,0.23280591352620683,0.13552143905820851,0.09805708231414507,0.16683958057691076,0.2109128753510897,0.15251978309989955,0.05839309225119016,0.0,0.06596633294929607,0.5959047480245578,2.178851860851001,0.02801656984791586,0.9191548410194988,0.350808266839664,-0.0014053898676804344,-0.013876032578396813,-0.012863239414181049,-0.013629336749018311,0.06818036992375928,0.07596936984518053,-0.007788999921421236,0.0,0.012223946881337884,0.03158249486872344,0.3856626261744811,-0.010956557266771944,-0.31550650417324755,0.019105479890572374,2026-05-15,41881264128.0,mid_cap,0.0540707042949912,-0.092024846711735,0.253757190098847,0.1687804245672817,0.1287784992974358,0.1213850773642351,0.5643222531558344,1.3258724662797872,2026-05-15,32.650001525878906,45,,,,,,,,
COIN,2026-03-31,,1412982000.0,984384000.0,13730000.0,-394117000.0,-374130000.0,525648000.0,410081000.0,182744000.0,,182744000.0,28848792000.0,7964423000.0,13480573000.0,10205022000.0,19679810000.0,9190890000.0,1781129000.0,2034295000.0,,-0.20669305816703898,-0.3054193221730378,,0.6966712951757347,0.009717038150521379,-0.2789257046445036,-0.26478044306296894,0.12933215002031165,0.12933215002031165,,0.3720132315910606,0.2902237961983946,0.27607474864112164,0.5908074530659787,0.3537417441950429,2.1412300658586925,0.04897889658603383,-0.06872245227321483,-0.16126103250017265,0.0954059692544672,0.18021708378657425,-1.5915712769633599,-1.5915712769633599,,0.09279145708736097,-0.029057401289266316,0.012138939082749933,0.06140650026771344,-0.026600527896548876,-0.20192408085210278,-0.011048708045860826,2026-05-15,51488137216.0,large_cap,0.0940424081067294,-1.017675485087256,0.7463949897825262,0.2027682913668438,0.1755006214034318,0.3378739995752873,0.2639358095583717,0.2420249952884607,2026-05-15,195.42999267578125,45,,,,,,,,
COP,2026-03-31,,15761000000.0,4296000000.0,3387000000.0,2183000000.0,6598000000.0,,193000000.0,4295000000.0,-2948000000.0,1347000000.0,122725000000.0,23327000000.0,64541000000.0,5877000000.0,16229000000.0,12586000000.0,13392000000.0,16517000000.0,,0.17689665471923544,-0.045771023793667154,,0.27257153733900136,0.21489753188249477,0.1385064399467039,0.41862825962819616,0.2725080895882241,0.08546412029693547,0.18704396929128864,0.0,0.012245415900006345,0.1900753717661438,0.3614291690553292,0.04788755347321247,1.2894485936755125,0.12842534121002241,0.08014322192681497,0.08347578755752463,0.030830215334995414,-0.004460151363440634,-0.04992321268178784,-0.011235401805812437,-0.03868781087597539,0.0,-0.0012701157606866062,-0.0021846926923149157,-0.002116972027369657,-0.005393185256808278,-0.007911914176141455,0.018599936704490963,2026-05-15,149131378688.0,large_cap,0.0767010685907387,0.1015670310780475,0.2508821932681867,0.1924199239956568,0.1355184581976113,0.1228793431053203,0.1922600644584587,0.4833892356014073,2026-05-15,122.41000366210938,45,,,,,,,,
CROX,2026-03-31,,921457000.0,522945000.0,200844000.0,137556000.0,219543000.0,,322101000.0,-80934000.0,-18000000.0,-98934000.0,4343414000.0,1725444000.0,1427390000.0,130881000.0,1065203000.0,639516000.0,957640000.0,937333000.0,,-0.0377835094607577,-0.016937417118569442,,0.5675196997798052,0.21796350779255028,0.14928097567222345,0.23825637007478373,-0.08783263896199171,-0.10736691999735203,0.019534281035360306,0.0,0.34955619198725496,0.3972552466792251,1.2088104862721472,0.030133208577400174,1.6656393272412262,0.2121503959788314,0.020694170353298347,0.06509082077028722,0.03946413427044408,0.06131096261477789,-0.35153298564759383,-0.3646859542899881,0.013152968642394264,0.0,-0.009054559443345267,0.010681439864445808,-0.03905946949159511,-0.0010911761162940604,0.4003253636716555,-0.017238190164051398,2026-05-15,4717535232.0,low_cap,-0.0149827844610624,-0.050255061220266,0.5833360350458726,0.2196752153801111,-0.020095296619576,0.1631421898522687,0.3865738068147793,0.9678775974609258,2026-05-15,94.94000244140625,45,,,,,,,,
CSX,2026-03-31,,3482000000.0,1253000000.0,1253000000.0,807000000.0,1691000000.0,,,1272000000.0,-543000000.0,729000000.0,44232000000.0,19337000000.0,13575000000.0,964000000.0,3111000000.0,3221000000.0,3508000000.0,3423000000.0,,-0.007411630558722959,0.017236342389716608,,0.3598506605399196,0.3598506605399196,0.23176335439402643,0.48564043653072947,0.3653072946582424,0.2093624353819644,0.155944859276278,0.0,0.0,0.43717218303490685,1.4244567219152855,0.02179417616205462,0.9658491151816206,0.07872128775547116,0.04343104822521038,0.034023978669908195,0.026518200460160984,0.04749904542468614,-0.029789626664448565,0.007252971299866323,-0.037042597964314944,0.0,0.0,-0.005847825206474033,-0.04661891472477531,0.006456050618352411,0.15193274109927146,-0.0015863904643905746,2026-05-15,84842618880.0,large_cap,-0.0308115543328748,-0.0228290203900488,0.3324581322736304,0.334799886460403,0.2050099347147317,0.121416406471757,0.4430200082413809,0.3226042763609725,2026-05-15,45.65999984741211,45,,,,,,,,
DDOG,2026-03-31,,1006426000.0,797198000.0,7327000.0,52574000.0,78925000.0,435298000.0,354215000.0,334622000.0,-45531000.0,289091000.0,6952012000.0,1285052000.0,3988222000.0,426360000.0,5625206000.0,1655903000.0,953194000.0,761553000.0,,0.055845924334395836,0.32154426546806336,,0.7921079145411585,0.007280217323479322,0.05223831657767188,0.0784210662284162,0.3324854485078883,0.2872451625852273,0.04524028592266098,0.43251863524988426,0.35195334778711995,0.18484605607700333,0.3222117525052517,0.06132900806270185,3.397062509096245,0.14476758670727266,-0.011820771539534425,-0.0010947829387967737,0.0033846729332511274,-0.0026295908256567385,-0.010644071820607282,-0.01806624306776672,0.007422171247159458,-0.005929361695123758,-0.005853142811855727,-0.007663731931264184,-0.020482353875800163,0.0009264760345566933,0.014960826365117086,0.0012973306326267142,2026-05-15,74032603136.0,large_cap,0.2767536858183308,0.0155590283380842,0.7995549081775629,-0.0129474625914533,0.0314374184090724,0.2669024888843759,0.1925097880082675,0.5158396253735037,2026-05-15,207.97999572753906,45,,,,,,,,
DHR,2026-03-31,,5951000000.0,3591000000.0,1344000000.0,1029000000.0,1925000000.0,387000000.0,1860000000.0,1322000000.0,-237000000.0,1085000000.0,83544000000.0,18484000000.0,52949000000.0,5701000000.0,13935000000.0,7460000000.0,6838000000.0,5741000000.0,,-0.12971629131324947,0.03657899320675839,,0.6034279952949084,0.22584439589984875,0.1729121156108217,0.3234750462107209,0.2221475382288691,0.1823222987733154,0.03982523945555369,0.06503108721223323,0.3125525121828264,0.22124868332854544,0.34909063438402993,0.0682394905678445,1.8679624664879357,0.071231925691851,0.02343384495855272,0.006189526054864836,-0.002139068946066275,0.0235335428471643,-0.08744591014784922,-0.07301551930214528,-0.014430390845703987,0.0009772703067053023,0.016267048596982636,-0.014733296926414785,-0.025828465627391273,0.012946190462409815,-0.005990816896815243,-0.010695611929159257,2026-05-15,114595143680.0,large_cap,0.0290261780104712,0.029654055783598,0.5911348095083034,0.1908987300553565,0.1471019211983067,0.2140996418104852,0.2359819802549602,0.2943544522189207,2026-05-15,161.91000366210938,45,,,,,,,,
DPZ,2026-03-31,,1150594000.0,464512000.0,222577000.0,139811000.0,247303000.0,,241935000.0,161955000.0,-15043000.0,146912000.0,1844488000.0,5135773000.0,-3906773000.0,232922000.0,948993000.0,592000000.0,1535740000.0,1112056000.0,,-0.2507885449359918,0.03465472961793292,,0.40371495071241464,0.1934452986891988,0.12151201900931172,0.21493506832123233,0.14075773035492972,0.1276836138551044,0.013074116499825308,0.0,0.21026965202321585,2.7843894891156786,1.3145818812610817,0.12628003001374907,1.6030287162162162,0.6238012933670481,0.006811177938377377,0.0010155905354748695,0.003234836673760122,0.007327009665470285,-0.015392399224295916,0.013136229532237254,-0.02852862875653319,0.0,0.005795587402902508,-0.1567142599397897,0.020529011614193626,0.0530624349532204,-0.047943088791344346,-0.27091276621724725,2026-05-15,10054730752.0,mid_cap,0.049629696992361,-0.0010601563303695,0.3995065581051313,0.1922969946927061,0.1218025770881503,0.135932148905444,2.9411037490554683,2.878014563703532,2026-05-15,302.2900085449219,45,,,,,,,,
DUK,2026-03-31,,9178000000.0,4482000000.0,2341000000.0,1550000000.0,4749000000.0,,,1512000000.0,-4088000000.0,-2576000000.0,198048000000.0,91209000000.0,54457000000.0,2140000000.0,13446000000.0,20334000000.0,7938000000.0,8249000000.0,,0.15621063240110855,0.11261971148017946,,0.4883416866419699,0.25506646328176075,0.16888210939202442,0.5174329919372412,0.16474177380692961,-0.28067117018958376,0.4454129439965134,0.0,0.0,0.46053986912263695,1.674881098848633,0.01080546130231055,0.6612570079669519,0.04634230085635806,-0.018461034446465463,-0.009987706534313856,0.019726150712256224,-0.019730021416248356,-0.29607959177634074,-0.21957265671011789,-0.0765069350662228,0.0,0.0,-0.0037027842472081574,-0.07792550583482849,0.009553775357977367,0.10949191080346066,0.005787676259962911,2026-05-15,94292164608.0,large_cap,0.0619297031986032,0.017297906915052,0.5117721872382666,0.2660607376616931,0.154108632937308,-0.052548314049074,0.4642426533698451,0.1646963256631381,2026-05-15,120.94999694824219,45,,,,,,,,
DUOL,2026-03-31,,291967000.0,213096000.0,44527000.0,43460000.0,48718000.0,82974000.0,85595000.0,150771000.0,-2985000.0,147786000.0,2057994000.0,91873000.0,1391764000.0,1138561000.0,1505959000.0,574114000.0,282868000.0,230743000.0,,0.032166947127282075,0.26533415964948026,,0.7298633064695668,0.15250696140317227,0.1488524388030154,0.16686132336873688,0.5163974010761491,0.506173642911699,0.010223758164450092,0.2841896515702117,0.2931666934961828,0.04464201547720742,0.0660119100652122,0.5532382504516534,2.623100986912007,0.14186970418767014,0.002071544941221415,-0.0011123946215459701,0.0005359095384821211,-0.00022014219117091893,0.1371463016234008,0.17481060432126105,-0.037664302697860245,0.0029418610813617962,0.00024207848140556099,-0.002431494874758418,-0.0036084182777944285,0.033010178920036326,0.016530700890829753,-0.00011933095068569766,2026-05-15,5221224448.0,low_cap,0.3871065634257724,-0.0213124240137174,0.7223062310799363,0.1306586712079638,0.3990645621724979,0.3473668282913562,0.0470735103519658,0.5208304261357647,2026-05-15,112.05999755859375,45,,,,,,,,
DXCM,2026-03-31,,1191900000.0,750300000.0,255300000.0,199500000.0,339700000.0,145300000.0,349700000.0,525600000.0,-76600000.0,449000000.0,6633300000.0,1384800000.0,2956900000.0,1118200000.0,4331700000.0,2223800000.0,1259600000.0,1036000000.0,,-0.05374722134010801,0.15048262548262548,,0.6294991190536119,0.21419582179713062,0.16737981374276364,0.28500713147076095,0.44097659199597283,0.37670945549123247,0.06426713650474034,0.12190620018457925,0.293397097071902,0.20876486816516665,0.4683283168182894,0.16857371142568556,1.9478820037773181,0.17968432002170864,0.00017234865030923974,-0.04223479109585129,-0.044830411725639036,-0.040572417592433685,0.20756916106551873,0.22420072256014323,-0.01663156149462454,0.004249801327799313,0.038157338418361164,-0.010434172829170807,-0.03775325637908861,0.023823794234562656,0.06536158370730649,-0.018993892568395315,2026-05-15,23781353472.0,mid_cap,0.1559633027522935,0.0425823017308431,0.601008151008151,0.1955812955812955,0.1793865293865293,0.231059631059631,0.2191990409943374,0.7353428287512421,2026-05-15,61.630001068115234,45,,,,,,,,
EL,2026-03-31,,3712000000.0,2836000000.0,557000000.0,89000000.0,462000000.0,,2279000000.0,412000000.0,-102000000.0,310000000.0,19664000000.0,9300000000.0,3993000000.0,3126000000.0,7496000000.0,5911000000.0,4229000000.0,3550000000.0,,-0.12225112319697329,0.045633802816901436,,0.7640086206896551,0.15005387931034483,0.023976293103448277,0.12446120689655173,0.11099137931034483,0.08351293103448276,0.02747844827586207,0.0,0.6139547413793104,0.47294548413344184,2.329075882794891,0.1589707078925956,1.2681441380477076,0.1887713588283157,-0.0009476337440170735,0.006284666730538735,-0.014330635248407952,-0.020963243328087675,-0.15502895646643453,-0.1569694525077258,0.001940496041291248,0.0,-0.007232300474555808,-0.005306527682795326,-0.0003709046027768892,0.0019981093390659954,-0.08985244704051087,-0.026620308687218597,2026-05-15,29044895744.0,mid_cap,-0.0821373654536135,-0.0631555929834689,0.7397040346223649,0.0796453999720787,-0.0790869747312578,0.0467681139187491,0.4759199678262618,0.720189020711844,2026-05-15,80.27999877929688,45,,,,,,,,
ELV,2026-03-31,,50181000000.0,,,1764000000.0,,,,4332000000.0,-235000000.0,4097000000.0,125827000000.0,31842000000.0,43902000000.0,9657000000.0,,,49747000000.0,48891000000.0,,0.008724144169497627,0.02638522427440626,,,,0.03515274705565852,,0.08632749447001853,0.0816444471014926,0.004683047368525936,0.0,0.0,0.2530617435049711,0.7252972529725297,0.07674823368593386,,0.39880947650345316,,,0.024157109127743267,,0.08463895043721253,0.08584570546883133,-0.0012067550316187956,0.0,0.0,-0.010704368401789677,-0.00497939804611125,-0.001370850384061359,,-0.010651072988702825,2026-05-15,85275320320.0,large_cap,0.1262089248345681,0.0942840970068572,,,0.0284344005021971,0.015939736346516,0.2637661119067608,1.6389698256704035,2026-05-15,392.67999267578125,45,,,,,,,,
EMR,2026-03-31,,4562000000.0,2422000000.0,901000000.0,618000000.0,1272000000.0,,1316000000.0,779000000.0,-85000000.0,694000000.0,42088000000.0,14057000000.0,20303000000.0,1791000000.0,9251000000.0,10654000000.0,4346000000.0,4432000000.0,,0.04970087436723425,0.02933212996389889,,0.5309074967119685,0.1975010960105217,0.13546690048224463,0.27882507672073653,0.1707584392810171,0.15212626041209995,0.018632178868917142,0.0,0.2884699693117054,0.3339906861813344,0.6923607348667684,0.042553697015776465,0.8683123709404919,0.10839194069568524,-0.0008458396893200604,-0.001302401458415231,-0.0037415670741290374,-0.008795724015572715,0.009920887509272974,0.013608082777493424,-0.003687195268220457,0.0,0.0026899417001085,0.0020800540727957673,0.005868650238864848,0.0008741147653651554,0.027723017328324606,0.004765244780188915,2026-05-15,74521305088.0,large_cap,0.0299565515664304,-0.1234888819976975,0.528363676731794,0.1960479573712255,0.127275754884547,0.148035079928952,0.3278762749022972,0.4293203698408159,2026-05-15,133.0500030517578,45,,,,,,,,
ENPH,2026-03-31,,282900000.0,100393000.0,-25816000.0,-7406000.0,7588000.0,44867000.0,81342000.0,102871000.0,-19898000.0,82973000.0,2723923000.0,581113000.0,1102352000.0,497546000.0,1830271000.0,481783000.0,343321000.0,356084000.0,,-0.175989817109935,-0.20552453915368285,,0.35487097914457405,-0.0912548603746907,-0.026178861788617887,0.026822198656769176,0.36363025804171084,0.2932944503358077,0.07033580770590314,0.15859667727112053,0.28752916224814423,0.2133367940283187,0.5271573871140979,0.18265787982993645,3.798953055628779,0.10385756131873038,-0.08795366601258209,-0.15474646152929528,-0.13893922308314982,-0.14780446268931802,0.2250456681098395,0.18307981155752148,0.041965856552318014,0.02398795831713868,0.042804837199574536,-0.13215034595034672,-0.5883553481270148,0.04751653812079812,1.7335408621493986,0.006039513981452263,2026-05-15,6970807808.0,low_cap,0.1071886817555545,0.5264347396588244,0.4664025770798752,0.1117845735021062,0.116859981601985,0.0651065693133331,0.3454871399786654,0.4196787160036834,2026-05-15,52.88999938964844,45,,,,,,,,
EOG,2026-03-31,,6758000000.0,4449000000.0,2493000000.0,1980000000.0,3814000000.0,,1569000000.0,2966000000.0,-1644000000.0,1322000000.0,53378000000.0,8306000000.0,30908000000.0,3849000000.0,8963000000.0,5224000000.0,5653000000.0,5842000000.0,,0.1954714310985317,0.15679561793906194,,0.6583308671204499,0.36889612311334713,0.2929860905593371,0.5643681562592483,0.43888724474696655,0.19562000591891093,0.24326723882805565,0.0,0.23216928085232316,0.15560717898759788,0.26873301410638023,0.07210835924912885,1.7157350689127107,0.12660646708381731,0.06961690992957781,0.07400845284977026,0.16898113743710114,0.17484047184389362,-0.023168300980965506,0.026329363781992493,-0.049497664762958,0.0,-0.005580586474759813,-0.0067125569146396225,-0.013102537128829084,0.006547248030765562,0.08367367475368281,0.017473086130517054,2026-05-15,74706477056.0,large_cap,-0.0340491059970913,-0.0425039416454391,0.6337791161101762,0.321052165441502,0.2205296253653352,0.1527765476928527,0.1623197359022375,0.4359543620533215,2026-05-15,140.25999450683594,45,,,,,,,,
EQIX,2026-03-31,,2444000000.0,1258000000.0,573000000.0,415000000.0,1163000000.0,,685000000.0,717000000.0,-1256000000.0,-539000000.0,40898000000.0,23336000000.0,14298000000.0,1362000000.0,5346000000.0,4538000000.0,2420000000.0,2225000000.0,,0.009917355371900749,0.09842696629213488,,0.5147299509001637,0.23445171849427168,0.1698036006546645,0.4758592471358429,0.29337152209492634,-0.22054009819967266,0.513911620294599,0.0,0.280278232405892,0.5705902489119272,1.6321163799132745,0.033302361973690645,1.1780520052886734,0.059758423394787034,0.009771273214213338,0.024947586262866722,0.060299468423259533,0.060569990937495766,-0.17935575063234638,-0.09987894117487926,-0.07947680945746705,0.0,-0.015176313048653467,0.004435942840827822,0.026719375109657717,-0.009720980743232202,-0.1384134455204713,-0.0005290632149137706,2026-05-15,104486469632.0,large_cap,0.053612254229538,-0.0147805156776432,0.5109037647824671,0.2133015080828903,0.1464684821525442,-0.043398068785939,0.5661543060710994,0.2296156049924017,2026-05-15,1059.43994140625,45,,,,,,,,
ETN,2026-03-31,,7451000000.0,2652000000.0,1172000000.0,866000000.0,1485000000.0,211000000.0,1269000000.0,507000000.0,-193000000.0,314000000.0,55085000000.0,21833000000.0,19721000000.0,565000000.0,14005000000.0,11741000000.0,7055000000.0,6377000000.0,,0.05613040396881641,0.16841775129371173,,0.3559253791437391,0.15729432290967654,0.11622600993155281,0.19930210709971816,0.06804455777747953,0.04214199436317273,0.025902563414306804,0.028318346530667025,0.17031270970339552,0.39635109376418265,1.1070939607524974,0.010256875737496595,1.1928285495272974,0.13526368339838432,-0.0123240893183445,-0.03916209098118101,-0.04422756909041743,-0.03032227277271274,-0.21048131040111723,-0.18082044362407035,-0.029660866777046848,-0.00045557267556968484,0.02729357433840615,0.14103607109806549,0.5649060585645953,-0.00482154660377998,-0.12574135442147516,-0.03576247354326559,2026-05-15,155102560256.0,large_cap,0.1033041241257335,0.0307916219701893,0.3758743806470417,0.1897770329350043,0.1488997376858059,0.1294447682891285,0.2553150226661171,0.6653899299410924,2026-05-15,399.44000244140625,45,,,,,,,,
GD,2026-03-31,,13481000000.0,2143000000.0,1420000000.0,1125000000.0,1652000000.0,,723000000.0,2155000000.0,-203000000.0,1952000000.0,59029000000.0,9832000000.0,26079000000.0,3654000000.0,26055000000.0,18825000000.0,14379000000.0,12223000000.0,,-0.06245218721746992,0.10292072322670376,,0.15896446851123805,0.10533343223796454,0.08345078258289444,0.12254283806839256,0.15985461019212224,0.14479638009049775,0.015058230101624508,0.0,0.053631036273273494,0.16656219824154228,0.37700832087119907,0.0619017770926155,1.3840637450199202,0.22837927120567855,0.010066770479386034,0.004352835534438562,0.0039598583183419744,-0.006325650699950169,0.05129351414928199,0.07858871613611984,-0.027295201986837832,0.0,0.005713934944947464,-0.00442768804468105,-0.005046163556246097,0.021149973567663093,-0.05961332094816729,-0.022786688025050378,2026-05-15,90458890240.0,large_cap,0.1013077374465587,-0.0274772739084754,0.1513035204567079,0.1019219790675547,0.0801141769743101,0.0753377735490009,0.1709898862862233,0.9179199636674876,2026-05-15,334.5,45,,,,,,,,
GE,2026-03-31,,12392000000.0,3846000000.0,2322000000.0,1904000000.0,2905000000.0,440000000.0,1084000000.0,1823000000.0,-331000000.0,1492000000.0,128445000000.0,20277000000.0,18057000000.0,10981000000.0,40360000000.0,40028000000.0,12717000000.0,9934000000.0,,-0.02555634190453726,0.2474330581840145,,0.3103615235635894,0.18737895416397676,0.15364751452550032,0.23442543576500968,0.1471110393802453,0.12040025823111684,0.02671078114912847,0.035506778566817304,0.08747579083279536,0.15786523414691114,1.1229440106329955,0.08549184475845693,1.008294194064155,0.09647709136206158,0.01123437093325208,0.008956370221222976,-0.04616376171889694,-0.03356229719087617,-0.03225516334052217,-0.025074303379325882,-0.007180859961196294,0.0002783441876398271,0.0019996565243892844,0.00041607190398079696,0.025605037564515598,-0.009707473051467089,-0.03311059288333218,-0.0012189806673770787,2026-05-15,294150897664.0,large_cap,0.1848224897938091,0.0899373477772875,0.3148620652055392,0.1892923345327663,0.1898157234761749,0.1584123868716606,0.1574491622429303,0.3522728145718258,2026-05-15,281.5299987792969,45,,,,,,,,
GOOGL,2026-03-31,,109896000000.0,68625000000.0,39696000000.0,62578000000.0,84427000000.0,17032000000.0,11897000000.0,45790000000.0,-35674000000.0,10116000000.0,703919000000.0,90484000000.0,478746000000.0,38063000000.0,213753000000.0,111188000000.0,113829000000.0,90234000000.0,,-0.03455182774161247,0.21790012633818745,,0.6244540292640315,0.36121423891679405,0.5694292785906675,0.7682445220936158,0.4166666666666667,0.09205066608429788,0.3246160005823688,0.15498289291693965,0.10825689743029773,0.12854319886236912,0.18900210132303977,0.054072982828990264,1.9224466669065008,0.1561202354248145,0.02652204356618648,0.04553018652241303,0.26673840016777,0.36891746132702735,-0.04369053580370552,-0.1236325077993346,0.07994197199562902,-0.008174123309153875,-0.010834019647072715,,,0.002487261127810482,-0.082886925969065,-0.035098701514210934,2026-05-15,4807165739008.0,large_cap,0.1509008108154437,0.012238377586428,0.5965231508603998,0.3203263859238002,0.3280987796522654,0.1818755026859565,0.0996017007094128,0.6767157023321759,2026-05-15,396.7799987792969,45,,,,,,,,
GS,2026-03-31,,17227000000.0,,,5630000000.0,,,5598000000.0,-31868000000.0,-565000000.0,-32433000000.0,2060180000000.0,434737000000.0,122782000000.0,179530000000.0,,,13454000000.0,15062000000.0,,0.28043704474505726,0.1437392112601248,,,,0.32681256167643813,,-1.849886805595867,-1.8826841585882625,0.03279735299239566,0.0,0.32495501248040864,0.21101894009261327,3.5407225814858854,0.08714287101127086,,0.008361890708578863,,,-0.016356755998602757,,-0.6401350589034336,-0.6334645956330076,-0.006670463270425808,0.0,-0.037836722319650795,-0.0024037822561144284,0.45083044564745745,-0.003642064765706124,,0.0009259479234441162,2026-05-15,279805689856.0,large_cap,0.0891575721333532,-0.0677585864691459,,,0.2946999982842338,-0.8101504726935813,0.2134227223487277,0.0322126544779254,2026-05-15,948.469970703125,45,,,,,,,,
HCA,2026-03-31,,19109000000.0,7973000000.0,2863000000.0,1620000000.0,3801000000.0,,,2014000000.0,-1119000000.0,895000000.0,61450000000.0,49845000000.0,-6303000000.0,940000000.0,16052000000.0,19258000000.0,19513000000.0,18321000000.0,,-0.020704145953979403,0.043010752688172005,,0.41723795070385683,0.14982468993667905,0.08477680674027945,0.19891150766654456,0.10539536344131038,0.046836569155895125,0.05855879428541525,0.0,0.0,0.8111472742066721,7.908138981437411,0.015296989422294549,0.8335237303977567,0.31096826688364526,-0.0017647654341024777,-0.013041091849822245,-0.011466723214109936,-0.014023458766090097,-0.01549839969096041,0.0022509083144048384,-0.01774930800536525,0.0,0.0,0.00915452058348365,-0.17166855133179482,-0.0018308103142008394,-0.13179737051967444,-0.010392075672349455,2026-05-15,93838237696.0,large_cap,0.0707760293471948,-0.0159589786567455,0.415,0.1582671957671957,0.0897354497354497,0.1017460317460317,0.8019927536231884,1.245059288537549,2026-05-15,423.0,45,,,,,,,,
HON,2026-03-31,,9143000000.0,3539000000.0,1737000000.0,821000000.0,1599000000.0,492000000.0,1310000000.0,-650000000.0,-223000000.0,-873000000.0,73988000000.0,36739000000.0,13590000000.0,11977000000.0,30590000000.0,22085000000.0,6860000000.0,8925000000.0,,0.332798833819242,0.024425770308123207,,0.3870720769987969,0.1899814065405228,0.08979547194575085,0.17488789237668162,-0.07109263917751285,-0.09548288307995187,0.024390243902439025,0.053811659192825115,0.14327901126544898,0.49655349516137753,2.703384841795438,0.16187760177326052,1.3851030110935023,0.12357409309617776,0.026430677581887274,0.08589977388746159,0.10655932034225231,0.16235144922799358,-0.2466028432591455,-0.2625382766659577,0.0159354334068122,-0.0037685157342885883,-0.05570058057128571,0.013891750613936549,0.1456316772384758,-0.007596211014296639,0.08728973698399511,0.030470036419422558,2026-05-15,135120191488.0,large_cap,0.0784918051674972,0.0267483412637132,0.3693445862934672,0.1753912718337695,0.1263020137813151,0.1448106404572405,0.482661744547441,0.5081635699841207,2026-05-15,213.24000549316406,45,,,,,,,,
IBM,2026-03-31,,15917000000.0,8950000000.0,2219000000.0,1216000000.0,3134000000.0,2173000000.0,4399000000.0,5169000000.0,-391000000.0,4778000000.0,156229000000.0,69802000000.0,32974000000.0,10819000000.0,31914000000.0,40101000000.0,19687000000.0,14541000000.0,,-0.1914969269060801,0.09462898012516341,,0.5622918891750958,0.13941069296978073,0.07639630583652698,0.19689640007539108,0.3247471257146447,0.3001821951372746,0.02456493057737011,0.13652070113714895,0.27637117547276496,0.4467928489589001,2.116879966033845,0.06925090732194407,0.7958405027306052,0.10188249300706015,-0.04359016497231116,-0.10689397508528098,-0.20805536277727907,-0.10365726477958934,0.11953556478611319,0.12306023648435646,-0.003524671698243241,0.0254321655552929,0.030930021411709446,0.021410968526980156,0.13798386213774094,-0.020207875927990088,-0.15982197334161785,-0.027739577048246672,2026-05-15,206116847616.0,large_cap,0.0762194636113013,0.0617836407855658,0.5818674484719261,0.1849680170575693,0.1568496801705756,0.1696132433072731,0.4253818804319199,0.4446668422438767,2026-05-15,219.3000030517578,45,,,,,,,,
ICE,2026-03-31,,3666000000.0,2234000000.0,1706000000.0,1413000000.0,2484000000.0,,144000000.0,1326000000.0,-176000000.0,1150000000.0,179177000000.0,20985000000.0,29478000000.0,863000000.0,127065000000.0,125689000000.0,3142000000.0,3229000000.0,,0.166772756206238,0.13533601734283063,,0.6093835242771413,0.4653573376977632,0.38543371522094927,0.6775777414075287,0.3617021276595745,0.31369339879978175,0.04800872885979269,0.0,0.03927986906710311,0.117118826635115,0.7118868308569103,0.004816466399147212,1.0109476565172768,0.020460215317814227,0.04254711434716041,0.06561195259273456,0.11458712069516952,0.14957010296067952,-0.04409036120102383,-0.007439637482840766,-0.03665072371818313,0.0,-0.004004663078027382,-0.031025263015472704,0.010555342010290847,-0.0012980660254073477,-0.008810772319091997,-0.0024930234849939274,2026-05-15,87292510208.0,large_cap,0.0747385426409319,-0.1128813705166971,0.5615506329113924,0.3954905063291139,0.2622626582278481,0.30625,0.1481440896505877,0.0923389364950652,2026-05-15,154.36000061035156,45,,,,,,,,
INTC,2026-03-31,,13577000000.0,5347000000.0,934000000.0,-3728000000.0,-546000000.0,3375000000.0,1038000000.0,1096000000.0,-3636000000.0,-2540000000.0,205332000000.0,45031000000.0,111394000000.0,17247000000.0,62157000000.0,26885000000.0,13674000000.0,12667000000.0,,-0.007093754570718147,0.07184021473119118,,0.39382779700964865,0.06879281137217352,-0.2745820136996391,-0.04021506960300508,0.08072475510053767,-0.1870810930249687,0.2678058481255064,0.24858216100758637,0.07645282462988878,0.21930824226131337,0.4042497800599673,0.08399567529659284,2.311958341082388,0.0661221826115754,0.03233883986470204,0.028570491641297407,-0.2313613028615522,-0.3069987466543434,-0.23286307581945648,-0.2455862853607885,0.012723209541332048,0.013171893346331426,-0.009403545122926779,-0.0010257705751471058,-0.0033857849070875745,0.016526217464412768,0.29491954456615677,0.0014479893835886992,2026-05-15,546677981184.0,large_cap,-0.0046703451912393,0.0161122763326966,0.3476623843490435,-0.0004351692429947,-0.0050517472991126,-0.0936370688513424,0.2203340128364604,0.2499798986893945,2026-05-15,108.7699966430664,45,,,,,,,,
ISRG,2026-03-31,,2770800000.0,1830500000.0,855300000.0,821500000.0,1055300000.0,361900000.0,613300000.0,911900000.0,-103300000.0,808600000.0,20111000000.0,,17474500000.0,2006500000.0,8809500000.0,1911000000.0,2866200000.0,2253400000.0,,-0.03328448817249319,0.22960859146179113,,0.6606395264905442,0.30868341273278477,0.2964847697415909,0.38086473220730477,0.32911072614407394,0.29182907463548435,0.03728165150858958,0.13061209758914394,0.22134401616861557,,,0.09977126945452737,4.6098901098901095,0.13777534682512058,-0.003759329137116074,0.007134323346140448,0.019183813772014446,0.002244956895044614,0.017722825788202057,0.03713645025477119,-0.01941362446656917,0.007487402871399193,-0.018381055354655673,,,-0.06485307129048574,-0.2647485103870313,-0.0023215312756385276,2026-05-15,149145059328.0,large_cap,0.2050502268890459,0.0326775763086217,0.6599600584220096,0.2926565123649984,0.283764046618379,0.2474688763698868,,0.4919520790666074,2026-05-15,421.1199951171875,45,,,,,,,,
JNJ,2026-03-31,,24062000000.0,15956000000.0,6395000000.0,5235000000.0,8266000000.0,3527000000.0,6034000000.0,2514000000.0,-1049000000.0,1465000000.0,200894000000.0,54987000000.0,81186000000.0,21688000000.0,59173000000.0,57716000000.0,24564000000.0,21893000000.0,,-0.020436411007979105,0.09907276298360213,,0.6631202726290416,0.26577175629623473,0.21756296234726955,0.3435292161915053,0.10448009309284349,0.06088438201313274,0.04359571107971075,0.14657966918793117,0.25076884714487574,0.2737115095523012,0.6772965782277732,0.10795743028661882,1.025244299674267,0.11977460750445508,-0.012502590096898802,0.03816224644441907,0.00929069398706761,0.050783734999516994,-0.19306916598548252,-0.1618806399702576,-0.031188526015224927,-0.02651917464857756,-0.02414566189274031,0.0330960786000398,0.0894789582925235,0.009021633890855557,-0.0024318633527440348,-0.0035324553939937997,2026-05-15,545740161024.0,large_cap,0.0604811925107802,0.0174792784441519,0.6787871710212011,0.271739938211969,0.2845646704107524,0.2050364676780652,0.2406154309522614,0.472832689122032,2026-05-15,226.7100067138672,45,,,,,,,,
JPM,2026-03-31,,49833000000.0,,,16494000000.0,,,17275000000.0,-211761000000.0,,-211761000000.0,4900475000000.0,516812000000.0,364038000000.0,312142000000.0,,,45796000000.0,45327000000.0,,0.08815180365097386,0.09941094711761211,,,,0.33098549154174944,,-4.249413039552104,-4.249413039552104,,0.0,0.3466578371761684,0.10546161341502609,1.4196649800295573,0.06369627434075269,,0.010169014228212571,,,0.04657200564778491,,-6.8637024971466545,-6.8637024971466545,,0.0,0.02815840491134175,-0.007531222581267608,0.04016834888160936,-0.013895987631269285,,-0.0001805981924071047,2026-05-15,797985275904.0,large_cap,0.0732298939441333,-0.0202635750010884,,,0.3137142762872085,-0.812672191457654,0.1129928359962937,0.0410962959614906,2026-05-15,297.80999755859375,45,,,,,,,,
KLAC,2026-03-31,,3415078000.0,2087406000.0,1407509000.0,1200990000.0,1586272000.0,388763000.0,291134000.0,707451000.0,-85187000.0,622264000.0,16873515000.0,6145360000.0,5830495000.0,1787010000.0,11350979000.0,3751555000.0,3297146000.0,3063029000.0,,0.03576790351413006,0.11493492226159141,,0.6112323056750095,0.4121454912596433,0.351672787561514,0.46449070855775476,0.20715515136111093,0.18221077234546326,0.024944379015647666,0.11383722421566946,0.08524959019969676,0.3642015312162285,1.0540031335246836,0.10590620863524879,3.0256730875596918,0.2023928031592706,-0.0032191016936663486,-0.0009833177163620088,0.004195909073269888,0.00978260645975848,-0.20762993853178432,-0.20055389746291039,-0.007076041068873919,-0.0025880114275201455,0.00035222745021584734,-0.0011928880464753266,-0.06377562287587835,-0.04074992547966878,0.19732802951534145,0.00519776490979218,2026-05-15,235693834240.0,large_cap,0.2388764775285417,0.3040256154523485,0.6090980853989936,0.4124843844627934,0.3341221513829776,0.3078022487689782,0.378909014144078,0.7565482937872628,2026-05-15,1804.3199462890625,45,,,,,,,,
KMB,2026-03-31,,4163000000.0,1534000000.0,753000000.0,665000000.0,936000000.0,,920000000.0,745000000.0,-424000000.0,321000000.0,17184000000.0,7084000000.0,1796000000.0,542000000.0,5291000000.0,6903000000.0,4080000000.0,4054000000.0,,0.02034313725490189,0.026887025160335476,,0.3684842661542157,0.1808791736728321,0.15974057170309872,0.2248378573144367,0.1789574825846745,0.07710785491232285,0.10184962767235167,0.0,0.22099447513812154,0.412243947858473,3.9443207126948776,0.03154096834264432,0.7664783427495292,0.24226024208566108,0.009415638703235307,0.056614467790479156,0.03743665013447127,0.05694570045169162,-0.05927781153297254,-0.06382351763669676,0.00454570610372422,0.0,-0.013074152312858855,-0.014472627179543118,-0.9132025895687708,-0.00869765605787036,0.021215184854792346,0.0036358415709809855,2026-05-15,31836399616.0,mid_cap,-0.0213031835763165,-0.0014151630467469,0.360126466832857,0.1429440019456435,0.122879552501976,0.0996534322368821,0.4267165750380161,0.9619253713884665,2026-05-15,95.91000366210938,45,,,,,,,,
KO,2026-03-31,,12472000000.0,7852000000.0,4372000000.0,3924000000.0,5250000000.0,,3472000000.0,2021000000.0,-266000000.0,1755000000.0,104217000000.0,43890000000.0,33633000000.0,10574000000.0,30390000000.0,22378000000.0,11822000000.0,11129000000.0,,0.05498223650820511,0.12067571210351336,,0.6295702373316229,0.35054522129570237,0.31462475946119306,0.4209429121231559,0.16204297626683772,0.14071520205259783,0.021327774214239897,0.0,0.2783835792174471,0.42114050490802846,1.304968334671305,0.10146137386414884,1.358030208240236,0.11967337382576738,0.02907962660585739,0.10845420454726726,0.12252528390714129,0.11397285629503878,-0.15566976269442095,-0.10239087136983493,-0.05327889132458602,0.0,-0.07680166862555748,-0.012877202312243263,-0.10918815138670124,0.003480149623574888,-0.10073582719042973,0.006885249875225485,2026-05-15,347726643200.0,large_cap,0.0186991351649985,-0.0098666732889072,0.6162574831563797,0.3110281387538849,0.2733985523873094,0.1104691182912329,0.4340177072202717,0.4573824606930239,2026-05-15,80.81999969482422,45,,,,,,,,
LIN,2026-03-31,,8781000000.0,4258000000.0,2376000000.0,1857000000.0,3444000000.0,38000000.0,893000000.0,2240000000.0,-1342000000.0,898000000.0,86315000000.0,26317000000.0,38566000000.0,3959000000.0,12751000000.0,15391000000.0,8764000000.0,8112000000.0,,0.0019397535371976637,0.0824704142011834,,0.48491060243708006,0.27058421592073795,0.21147933037239494,0.39221045439016056,0.2550962304976654,0.10226625669058194,0.15282997380708346,0.0043275253387996815,0.1016968454617925,0.30489486184324854,0.6823886324742001,0.04586688292880728,0.8284711844584497,0.1017320280368418,0.003737622062821744,0.0022136088919839647,0.036901512024608535,0.023200869725623796,-0.09063631172049985,-0.07710389392557505,-0.013532417794924756,0.00033391511515750913,0.0012860741245035862,-0.018417392669116572,-0.05153737092493704,-0.012370559046842651,-0.04828891555470993,0.0007840570173410083,2026-05-15,233998581760.0,large_cap,0.0297227692773822,0.0251266774772971,0.4883481433531454,0.2722885894191726,0.202965927146472,0.14973812746425,0.3233122545123651,0.3914671089763525,2026-05-15,506.1099853515625,45,,,,,,,,
LLY,2026-03-31,,19799000000.0,16222000000.0,9778000000.0,7396000000.0,10287000000.0,3510000000.0,2934000000.0,5333000000.0,-2530000000.0,2803000000.0,116576000000.0,43370000000.0,31198000000.0,5282000000.0,54835000000.0,36634000000.0,19292000000.0,12729000000.0,,0.026280323450134757,0.5554246209443003,,0.819334309813627,0.4938633264306278,0.37355421991009646,0.5195716955401788,0.2693570382342543,0.14157280670740946,0.1277842315268448,0.17728168089297439,0.14818930249002474,0.372031979138073,1.3901532149496763,0.04530949766675817,1.4968335426106896,0.16983770244304144,-0.005893763999352486,0.028001829437055314,0.029489322543312324,-0.10993794576191529,0.1022100342947975,0.12839636051209535,-0.026186326217297856,-0.01976891002554107,-0.014126683410866814,-0.0058530807858218625,-0.2116180305751023,-0.01930873200001519,-0.08227966279410204,-0.0016833331556640463,2026-05-15,896128712704.0,large_cap,0.4470394955930998,0.1270594229169774,0.8304361834333144,0.4556068672425167,0.3166664109605854,0.0915018640973319,0.3778850599238949,0.5794925139585334,2026-05-15,1004.9199829101562,45,,,,,,,,
LMT,2026-03-31,,18021000000.0,2078000000.0,2063000000.0,1488000000.0,2441000000.0,,,220000000.0,-511000000.0,-291000000.0,59238000000.0,20697000000.0,7489000000.0,1894000000.0,25080000000.0,22090000000.0,20321000000.0,17963000000.0,,-0.11318340632842872,0.0032288593219396144,,0.11530991620886744,0.11447755396481882,0.08257033460962211,0.13545308251484378,0.012207979579379613,-0.016147827534543035,0.028355807113922646,0.0,0.0,0.34938721766433706,2.7636533582587797,0.03197272021337655,1.1353553644182888,0.30421351159728555,0.001043885993818966,-0.00023136784021046686,0.016431857172488115,0.023057039013047606,-0.14619957910375606,-0.15177107442199936,0.005571495318243299,0.0,0.0,-0.013246472175235113,-0.4650328491508322,-0.036894258396249116,0.04849014050571099,-0.03537539214602997,2026-05-15,118973136896.0,large_cap,0.0563743085173769,0.0049913187732559,0.1015216927832853,0.1030140709945634,0.0668505489819848,0.0920477561027609,0.3626336898395721,1.254144385026738,2026-05-15,516.010009765625,45,,,,,,,,
LRCX,2026-03-31,,5841488000.0,2910527000.0,2047016000.0,1825460000.0,2167211000.0,583200000.0,280311000.0,1141420000.0,-331604000.0,809816000.0,20791910000.0,3734479000.0,10584779000.0,4750936000.0,13296917000.0,5242398000.0,5344791000.0,4720175000.0,,0.09293104257958817,0.2375575058128141,,0.49825095934460534,0.35042715143812675,0.3124991440537069,0.3710032443788295,0.19539884358232013,0.13863180066448821,0.0567670429178319,0.09983757563141446,0.04798623227506416,0.17961211836719185,0.3528159633753336,0.22849925764395865,2.5364188297035057,0.28095004258867995,0.002223705893534933,0.011741691146040512,0.014265967115637657,0.0002845390075623677,-0.08151469709681963,-0.08947178654780877,0.007957089450989135,-0.007426674738712266,-0.00209131051379325,-0.029995293961941505,-0.08913176755286989,-0.06042555156821586,0.28023376553399304,0.031090369174821497,2026-05-15,356062593024.0,large_cap,0.2368408976459919,0.3816111121611003,0.4870502388559173,0.3200856430368844,0.2906452524358996,0.2936753153180714,0.2100937163566993,0.8636854739647116,2026-05-15,284.7200012207031,45,,,,,,,,
MA,2026-03-31,,8398000000.0,6361000000.0,4965000000.0,3882000000.0,5296000000.0,,1097000000.0,2999000000.0,-335000000.0,2664000000.0,52449000000.0,18960000000.0,6719000000.0,7906000000.0,22498000000.0,22934000000.0,8806000000.0,7250000000.0,,-0.04633204633204635,0.15834482758620694,,0.7574422481543225,0.591212193379376,0.4622529173612765,0.6306263396046677,0.35710883543700883,0.3172183853298404,0.03989045010716837,0.0,0.13062633960466777,0.36149402276497167,2.8218484893585356,0.150736906328052,0.9809889247405599,0.16011744742511774,-0.03610760421905934,0.008768405053234729,0.0012036327825801774,0.025130087049591632,-0.21091296787891217,-0.2178713262304594,0.006958358351547206,0.0,-0.04675272012733314,0.010662182005697685,0.3661162934169564,-0.04436252680155267,-0.053981640236155704,-0.0024838783499436523,2026-05-15,436667154432.0,large_cap,0.164163737707246,0.0418830778937151,0.7788722515324327,0.5951023146595102,0.4564667134274648,0.5011436064773871,0.350831840759274,0.6054803626493344,2026-05-15,494.20001220703125,45,,,,,,,,
MDLZ,2026-03-31,,10080000000.0,2803000000.0,860000000.0,560000000.0,1266000000.0,,1916000000.0,467000000.0,-312000000.0,155000000.0,71122000000.0,21622000000.0,25750000000.0,1524000000.0,12745000000.0,23501000000.0,10496000000.0,9313000000.0,,-0.03963414634146345,0.08235799420165368,,0.27807539682539684,0.08531746031746032,0.05555555555555555,0.1255952380952381,0.04632936507936508,0.015376984126984126,0.030952380952380953,0.0,0.19007936507936507,0.30401282303647253,0.8396893203883495,0.021427968842271026,0.5423173481979491,0.14172829785439103,-0.0035557007355787595,-0.007956167731320171,-0.007801913956639567,-0.010170768002322889,-0.18204334833526906,-0.17507652197057685,-0.006966826364692216,0.0,0.005056499225706529,-0.0009936816426999173,-0.004184044423168332,-0.008297715547897815,-0.050026230287232076,-0.00509560019700292,2026-05-15,77583794176.0,large_cap,0.0575176312395377,0.0457173202666367,0.2837532760723461,0.0939356981602096,0.0636012144173132,0.0839452993227288,0.3050065046791724,0.539077034985382,2026-05-15,60.439998626708984,45,,,,,,,,
META,2026-03-31,,56311000000.0,46093000000.0,22872000000.0,26773000000.0,28313000000.0,17699000000.0,5522000000.0,32226000000.0,-18997000000.0,13229000000.0,395250000000.0,86769000000.0,243681000000.0,23426000000.0,109765000000.0,46753000000.0,59893000000.0,42314000000.0,,-0.059806655201776526,0.3307888642057002,,0.8185434462183232,0.40617286143027115,0.47544884658414877,0.5027969668448438,0.5722860542345191,0.23492745644723056,0.33735859778728844,0.3143080392818455,0.0980625455062066,0.2195294117647059,0.35607618156524307,0.05926881720430108,2.3477637798643936,0.14246932321315622,0.0006348425417667114,-0.006980595568042536,0.09530425539653087,-0.018482648469132834,-0.03235889592660157,-0.012697474679946225,-0.01966142124665543,0.028214505813827506,-0.0205990677040183,-0.009684212590180846,-0.030113477019843682,-0.03873922058588036,-0.25100283262246004,-0.021163364528803935,2026-05-15,1559175626752.0,large_cap,0.2216703849824621,0.0022592569043016,0.8199944269179861,0.4143785515957923,0.3008369574952977,0.2294368201586338,0.2292136243548867,0.5490559284849776,2026-05-15,614.22998046875,45,,,,,,,,
MMM,2026-03-31,,6030000000.0,2456000000.0,1404000000.0,653000000.0,1418000000.0,308000000.0,744000000.0,574000000.0,-225000000.0,349000000.0,35436000000.0,12556000000.0,3263000000.0,3729000000.0,14393000000.0,9032000000.0,6133000000.0,5954000000.0,,-0.016794390999510855,0.012764528048370805,,0.4072968490878939,0.23283582089552238,0.10829187396351575,0.2351575456053068,0.09519071310116087,0.05787728026533997,0.03731343283582089,0.05107794361525705,0.12338308457711443,0.3543289310305904,3.8479926448053936,0.10523196749068743,1.5935562444641276,0.17016593294954283,0.07173513377727919,0.10337226309346792,0.01421067389829482,0.00525374648578944,-0.16292114080394268,-0.15979759336909669,-0.00312354743484599,0.002325294014735281,-0.033962423330924044,0.020350715675331033,1.1678565325127521,-0.03350600722640372,-0.11431243714087502,0.007629161423292591,2026-05-15,76263563264.0,large_cap,0.0151780264496439,0.016600212552854,0.3991101491101491,0.192039442039442,0.1302709636042969,0.0559563892897226,0.3339782153552593,0.6611719184798452,2026-05-15,146.22000122070312,45,,,,,,,,
MRK,2026-03-31,,16286000000.0,12091000000.0,-3201000000.0,-4240000000.0,-1543000000.0,12592000000.0,2700000000.0,3918000000.0,-991000000.0,2927000000.0,128685000000.0,49117000000.0,45878000000.0,5327000000.0,35015000000.0,26945000000.0,16400000000.0,15529000000.0,,-0.006951219512195128,0.048747504668684494,,0.7424167997052683,-0.19654918334766056,-0.2603463097138647,-0.09474395186049367,0.24057472675917965,0.17972491710671742,0.060849809652462235,0.773179417904949,0.16578656514797985,0.38168395694913937,1.0706002877196041,0.041395656059369776,1.2994989794024865,0.12655709678672727,0.08089240946136589,-0.4444150370061971,-0.44101704142118175,-0.47870736649464,0.06636740968600893,0.06850540491159547,-0.002137995225586546,0.5362281983927539,-0.010920751925190875,0.021192673504017878,0.13270346986612735,-0.06502230018980826,-0.23670323050325726,0.00673186626928686,2026-05-15,275089031168.0,large_cap,0.0131373893529485,-0.054283387491433,0.7480118749134762,0.340050145360016,0.2807832520650351,0.190121671717094,0.3604912834451215,0.4749974427542268,2026-05-15,111.37999725341797,45,,,,,,,,
MRNA,2026-03-31,,389000000.0,-566000000.0,-1388000000.0,-1343000000.0,-1258000000.0,649000000.0,173000000.0,-630000000.0,-62000000.0,-692000000.0,11488000000.0,1298000000.0,7408000000.0,1908000000.0,5770000000.0,2395000000.0,676000000.0,107000000.0,,-0.4245562130177515,2.635514018691589,,-1.455012853470437,-3.5681233933161955,-3.4524421593830334,-3.2339331619537277,-1.6195372750642674,-1.7789203084832905,0.15938303341902313,1.6683804627249357,0.44473007712082263,0.1129874651810585,0.17521598272138228,0.16608635097493035,2.4091858037578286,0.03386142061281337,-1.786373800215999,-2.300371914026255,-2.2305486682587734,-2.1629272447939645,-2.995276920034682,-3.096967645761397,0.10169072572671543,0.5219307585829238,-0.010891224654325293,0.007216675750032403,0.024348930698260884,-0.04423947168676523,-0.8842213426941088,-0.02092865881659172,2026-05-15,19458398208.0,mid_cap,-0.3991872460143795,0.1271675067247381,0.5483870967741935,-1.599375650364204,-1.4682622268470344,-1.0796045785639958,0.1057707894310261,0.1557788944723618,2026-05-15,49.040000915527344,45,,,,,,,,
MS,2026-03-31,,19324000000.0,,,5567000000.0,,,8852000000.0,-7098000000.0,-754000000.0,-7852000000.0,1581418000000.0,394234000000.0,114286000000.0,95781000000.0,,,16762000000.0,16517000000.0,,0.15284572246748596,0.16994611612278265,,,,0.2880873525150072,,-0.3673152556406541,-0.40633409232043055,0.039018836679776445,0.0,0.45808321258538603,0.24929145867822422,3.4495388761528094,0.0605665295323564,,0.012219413210169608,,,0.02576782023962243,,-0.22353766346788234,-0.220258445022972,-0.003279218444910345,0.0,0.02394647472594208,-0.011601188494496484,0.13025766646383152,0.0033168516542064763,,0.0004174318967573691,2026-05-15,303643099136.0,large_cap,0.1448256711962652,0.0075765741508511,,,0.2556013704029348,-0.3151168783918988,0.2608926471727207,0.0464460982770881,2026-05-15,192.50999450683594,45,,,,,,,,
MSFT,2026-03-31,,82886000000.0,56058000000.0,38398000000.0,31778000000.0,50285000000.0,8915000000.0,8745000000.0,46679000000.0,-30876000000.0,15803000000.0,694228000000.0,56965000000.0,414367000000.0,32105000000.0,175329000000.0,136661000000.0,81273000000.0,70066000000.0,,0.0198466895524958,0.18297034224873698,,0.6763265207634582,0.46326279468185216,0.3833940593103781,0.6066766402046184,0.5631711024781024,0.19065945998117897,0.3725116424969235,0.10755736795116183,0.10550635813044422,0.08205517495693057,0.137474750643753,0.04624561383291945,1.2829483173692569,0.11939305242658031,-0.00403473082070871,-0.007680815127063478,-0.0898012207949459,-0.10918225512347335,0.12319718740175478,0.11828610105509035,0.004911086346664484,0.0029223723191561246,0.0007237119871986164,-0.004532570157318297,-0.009904846414129947,0.009726859943708234,-0.10307529710710939,-0.002766508194010031,2026-05-15,3134205460480.0,large_cap,0.1493215623240671,-0.0073780578066455,0.6882374238616519,0.4562195624085985,0.3614601524896707,0.2541884965427156,0.0978799779645656,0.4551254194244616,2026-05-15,421.9200134277344,45,,,,,,,,
NEE,2026-03-31,,6701000000.0,3950000000.0,1951000000.0,2182000000.0,3948000000.0,,,2614000000.0,-3194000000.0,-580000000.0,221424000000.0,104403000000.0,55222000000.0,1998000000.0,13858000000.0,25573000000.0,6500000000.0,6247000000.0,,0.03092307692307683,0.07267488394429322,,0.5894642590658111,0.29115057454111326,0.32562304133711384,0.5891657961498283,0.3900910311893747,-0.08655424563497985,0.4766452768243546,0.0,0.0,0.4715071536960763,1.8906051935822679,0.009023412096249728,0.5418996597974426,0.030263205433918635,0.01546425906581117,0.05684288223342096,0.08946919518326768,0.03255041153444371,0.005629492727836249,-0.12916963025036446,0.13479912297820074,0.0,0.0,0.022002873441658577,0.13959801514687387,-0.004195781119276713,-0.05344591586982306,-0.0002932511453565649,2026-05-15,194687483904.0,large_cap,0.1074213226679594,0.2269703018242517,0.6226834962790019,0.2925725959433825,0.2493433532759375,0.11713847949803,0.4495042802544177,0.1288636288847833,2026-05-15,93.36000061035156,45,,,,,,,,
NEM,2026-03-31,,7307000000.0,4738000000.0,4485000000.0,3262000000.0,5254000000.0,45000000.0,79000000.0,3785000000.0,-641000000.0,3144000000.0,57670000000.0,5532000000.0,34926000000.0,8775000000.0,13511000000.0,5531000000.0,6818000000.0,5010000000.0,,0.07172191258433558,0.45848303393213574,,0.6484193239359518,0.6137949911044204,0.44642123990693855,0.7190365403038183,0.5179964417681675,0.4302723415902559,0.08772410017791159,0.006158478171616259,0.010811550567948542,0.09592509103520028,0.15839202886102044,0.15215883474943645,2.4427770746700417,0.12670365874804926,0.04325651959450272,0.030926114601046995,0.2556028180823565,0.14056778113690716,-0.013097720742832775,0.01768800600797371,-0.030785726750806514,-0.00014835667731304646,-0.002535472019320452,-0.0019198346488738804,-0.006635874407648179,0.018285128056626437,0.15531208867564406,0.007343003297339362,2026-05-15,116427300864.0,large_cap,0.213413981372444,-0.3681979387088292,0.5321363977237638,0.4862587674798183,0.3125413560368785,0.3219815607216904,0.0978449256840741,0.3968592986817457,2026-05-15,109.05999755859375,45,,,,,,,,
NFLX,2026-03-31,,12249757000.0,6361519000.0,3956997000.0,5282791000.0,11125638000.0,959696000.0,1444826000.0,5290205000.0,-196130000.0,5094075000.0,61015914000.0,14360516000.0,31126399000.0,12259772000.0,17070982000.0,12131578000.0,12050762000.0,10542801000.0,,0.016513063655227755,0.16190725785301274,,0.5193179750422804,0.3230265710576953,0.4312567996246783,0.9082333633230438,0.43186203612039,0.4158511062709244,0.016010929849465585,0.07834408470306799,0.11794731928151718,0.23535689394081682,0.46136130298914435,0.20092744984529773,1.4071526391702711,0.2007633123384827,0.06058009606002185,0.07767586211497449,0.23056235391244861,0.25662685080541214,0.2566331169864796,0.2604827569499437,-0.003849639963464088,0.0044649391353437234,-0.021560705190296306,-0.024780124620600696,,0.03844238523038232,0.22144332311052017,-0.015988733945747097,2026-05-15,366423670784.0,large_cap,0.1585106891967753,0.0020114892520013,0.4848657580247595,0.2949470460550725,0.2430381393583202,0.2093939194347188,0.2601370185614175,0.8126884847890964,2026-05-15,87.0199966430664,45,,,,,,,,
NOC,2026-03-31,,9881000000.0,1960000000.0,989000000.0,875000000.0,1564000000.0,,971000000.0,-1656000000.0,-167000000.0,-1823000000.0,50007000000.0,16316000000.0,17115000000.0,2090000000.0,14770000000.0,12821000000.0,11712000000.0,9468000000.0,,-0.1563353825136612,0.04362061681453322,,0.19836048982896468,0.10009108389839085,0.08855379010221638,0.15828357453699018,-0.16759437303916608,-0.18449549640724622,0.016901123368080154,0.0,0.09826940593057383,0.3262743215949767,0.9533158048495471,0.041794148819165315,1.1520162233835114,0.1975923370728098,0.0023222384628444614,-0.008430090964997139,-0.033287056892319145,-0.039889239670660076,-0.500330028776871,-0.4607079281012353,-0.039622100675635694,0.0,0.010752329427841587,-0.004982855741185399,-0.06737509115621032,-0.04390567795156867,0.0508060231241827,-0.030369591416592068,2026-05-15,76796076032.0,large_cap,0.0224453488655471,-0.0219170843235594,0.1981455880249797,0.1020164942556133,0.0996806025647137,0.0788244267531105,0.3312571773361621,0.8165910816123947,2026-05-15,540.6900024414062,45,,,,,,,,
NOW,2026-03-31,,3770000000.0,2830000000.0,503000000.0,469000000.0,937000000.0,823000000.0,1504000000.0,1670000000.0,-141000000.0,1529000000.0,24381000000.0,2431000000.0,11728000000.0,2702000000.0,8435000000.0,9983000000.0,3568000000.0,3088000000.0,,0.05661434977578472,0.22085492227979264,,0.7506631299734748,0.13342175066312997,0.12440318302387268,0.24854111405835544,0.44297082228116713,0.40557029177718834,0.03740053050397878,0.21830238726790452,0.3989389920424403,0.09970878963127025,0.20728171896316508,0.11082400229687052,0.8449363918661725,0.15462860424100733,-0.015592475407691042,0.009262557838017868,0.012015290647191063,0.03609716787001463,-0.1842713301852006,-0.15496782481473986,-0.029303505370460683,0.0016544052051242486,-0.0265094384508332,0.007420595453530021,0.021922262005435983,-0.032274545978726685,-0.15774483000493733,0.01759811034746711,2026-05-15,98046451712.0,large_cap,0.2088492352512745,-0.0155404648936368,0.7753426720891701,0.1373700858563036,0.1316463322789576,0.3413917758698599,0.0922881941777402,0.5099470005376757,2026-05-15,95.06999969482422,45,,,,,,,,
NSC,2026-03-31,,2998000000.0,1034000000.0,992000000.0,547000000.0,1264000000.0,,,344000000.0,-382000000.0,-38000000.0,45113000000.0,17101000000.0,15804000000.0,1341000000.0,3024000000.0,3335000000.0,2974000000.0,2993000000.0,,0.00806993947545398,0.0016705646508519134,,0.34489659773182124,0.33088725817211473,0.18245496997998667,0.4216144096064043,0.11474316210807205,-0.012675116744496331,0.12741827885256837,0.0,0.0,0.3790703344933833,1.0820678309288787,0.029725356327444417,0.9067466266866566,0.06645534546583025,0.01907279141036866,-0.05848732151853758,-0.034088405944693895,-0.019878529196554695,-0.24268790715890842,-0.12498177444456357,-0.11770613271434488,0.0,0.0,-0.003478962526689222,-0.031008646848184496,-0.004097262825442666,0.05959430880586192,0.0007112478444667308,2026-05-15,70960480256.0,large_cap,0.0047018064835435,0.0074165152693284,0.3634646962233169,0.375287356321839,0.2358784893267652,0.1770935960591133,0.3825492970200725,0.2692545760014148,2026-05-15,315.95001220703125,45,,,,,,,,
NXPI,2026-03-31,,3181000000.0,1788000000.0,884000000.0,1122000000.0,1702000000.0,588000000.0,284000000.0,793000000.0,-121000000.0,672000000.0,27113000000.0,11724000000.0,10927000000.0,3382000000.0,8152000000.0,3638000000.0,3335000000.0,2835000000.0,,-0.04617691154422787,0.12204585537918877,,0.5620873939012889,0.27790003143665515,0.35271927066960074,0.5350518704809808,0.2492926752593524,0.21125432254008172,0.03803835271927067,0.18484753222257153,0.08928010059729645,0.4324124958506989,1.0729385924773498,0.12473721093202522,2.240791643760308,0.11732379301442113,0.020258308444017548,0.053312325289728624,0.21628748656165472,0.24179849716763746,-0.017873741532251797,-0.01003503278225712,-0.007838708749994698,-0.014552767627503432,-0.018366076314247776,-0.027753166799903528,-0.14245520227205355,0.015324560329615586,0.1949271758396689,-0.008240966021723459,2026-05-15,73595314176.0,large_cap,-0.027350562866656,0.0225138541264141,0.5473958757844976,0.2473714239139294,0.1647241013937566,0.1860787350232292,0.4601656626506024,0.4619352409638554,2026-05-15,291.5,45,,,,,,,,
OPEN,2026-03-31,,720000000.0,72000000.0,-159000000.0,-173000000.0,-142000000.0,24000000.0,207000000.0,-246000000.0,-4000000.0,-250000000.0,2349000000.0,1338000000.0,954000000.0,999000000.0,2242000000.0,317000000.0,736000000.0,1153000000.0,,-0.021739130434782594,-0.3755420641803989,,0.1,-0.22083333333333333,-0.24027777777777778,-0.19722222222222222,-0.3416666666666667,-0.3472222222222222,0.005555555555555556,0.03333333333333333,0.2875,0.5696040868454662,1.4025157232704402,0.42528735632183906,7.072555205047319,0.3065134099616858,0.022554347826086965,-0.01702898550724638,1.2488526570048308,1.2402777777777778,-0.4367753623188406,-0.43825483091787437,0.0014794685990338168,0.008876811594202897,0.03070652173913041,0.021203588299558374,0.08908288744954462,0.025619720260351753,0.0419741652919674,0.000738586530028118,2026-05-15,4225546496.0,low_cap,-0.1517562584901999,0.1063779194539406,0.0800732097918096,-0.0633722260352322,-0.2974147792267215,0.2372454815831617,0.5484004985459078,1.8159534690486083,2026-05-15,4.380000114440918,45,,,,,,,,
PEP,2026-03-31,,19443000000.0,10731000000.0,3213000000.0,2327000000.0,4175000000.0,,7518000000.0,41000000.0,-447000000.0,-406000000.0,110646000000.0,52728000000.0,21383000000.0,10475000000.0,30916000000.0,34477000000.0,29343000000.0,17919000000.0,,-0.33738881504958596,0.08504938891679226,,0.5519209998457029,0.16525227588335134,0.11968317646453737,0.21473023710332767,0.0021087280769428586,-0.020881551200946355,0.022990279277889214,0.0,0.38666872396235147,0.47654682500948975,2.4658841135481455,0.0946712940368382,0.8967137511964498,0.1757225746976845,0.019596424989689498,0.044030860213515266,0.03312079361343148,0.05431719140247909,-0.22346466251025002,-0.1811582781886436,-0.04230638432160641,0.0,-0.024434435223825823,0.011914938306634038,0.020475900277538983,0.009391170385779996,0.043673829330987735,-0.09749225970487044,2026-05-15,203838226432.0,large_cap,0.0225466501186666,0.01835953070377,0.541485227575193,0.143635879691243,0.0877295714665956,0.0816821932392866,0.4646318867028557,0.8745425935064572,2026-05-15,149.1199951171875,45,,,,,,,,
PFE,2026-03-31,,14450000000.0,10902000000.0,4131000000.0,2687000000.0,5451000000.0,2627000000.0,2961000000.0,2615000000.0,-436000000.0,2179000000.0,207618000000.0,63730000000.0,90101000000.0,1703000000.0,42822000000.0,34348000000.0,17557000000.0,13715000000.0,,-0.17696645212735662,0.05359095880422893,,0.7544636678200692,0.2858823529411765,0.18595155709342562,0.3772318339100346,0.1809688581314879,0.15079584775086505,0.03017301038062284,0.1817993079584775,0.20491349480968857,0.3069579708888439,0.7073173438696574,0.008202564324865859,1.2467101432397811,0.06959897504069974,0.05474275878093959,0.08795560007907019,0.2798172516881742,0.3341720856614728,-0.12363899058981986,-0.10568304955505284,-0.017955941034767033,-0.012880876583300699,-0.03214294991321398,-0.0003104764593497844,-0.03232139982801596,0.0027163998360111314,0.08680315643467629,-0.014744798979284879,2026-05-15,144366927872.0,large_cap,-0.0164709950178383,-0.084862706741652,0.7432525288035923,0.2523849853784816,0.1241790376963518,0.1450166988925997,0.3072684473481937,0.3006293235972329,2026-05-15,25.329999923706055,45,,,,,,,,
PG,2026-03-31,,21235000000.0,10513000000.0,4577000000.0,3932000000.0,5997000000.0,,5936000000.0,4045000000.0,-1019000000.0,3026000000.0,128378000000.0,37026000000.0,54505000000.0,12306000000.0,27987000000.0,38235000000.0,22208000000.0,19776000000.0,,-0.04381304034582134,0.07377629449838197,,0.4950788792088533,0.2155403814457264,0.18516599952907936,0.28241111372733696,0.19048740287261595,0.14250058865081233,0.04798681422180363,0.0,0.2795384977631269,0.28841390269360795,0.6793138244197781,0.09585754568539781,0.7319733228717143,0.16540996120830673,-0.01707890177097382,-0.026084258323726045,-0.009313467329710251,-0.007709563506092421,-0.03339588242997771,-0.028834065527862024,-0.004561816902115684,0.0,0.009005356552752253,0.0005660639682179003,-0.011453695046295342,0.010812843204370828,0.007484917193085527,-0.009063272297341968,2026-05-15,329659777024.0,large_cap,0.0029153131284285,-0.0218755558323793,0.5116036258364577,0.2426439181813867,0.1895258886621423,0.1666271178396848,0.2831806820994801,0.6730282438054476,2026-05-15,141.57000732421875,45,,,,,,,,
PGR,2026-03-31,,22180000000.0,,,2818000000.0,,,,4367000000.0,-63000000.0,4304000000.0,122209000000.0,8386000000.0,32039000000.0,162000000.0,,,22738000000.0,20402000000.0,,-0.024540416923212294,0.08714831879227525,,,,0.12705139765554554,,0.19688908926961227,0.19404869251577997,0.002840396753832281,0.0,0.0,0.06862015072539665,0.26174350010924186,0.0013255979510510682,,0.18149236144637465,,,-0.002731344889972981,,0.057474892770359914,0.05995598427407006,-0.0024810915037101586,0.0,0.0,0.012564753656174696,0.03429239039054646,0.0003096599151437543,,-0.003310831037309392,2026-05-15,116709515264.0,large_cap,0.1631737520406673,-0.0504112873420945,,,0.1290322580645161,0.1962641350114677,0.0560553970692219,0.7122700932224741,2026-05-15,199.72999572753906,45,,,,,,,,
PH,2026-03-31,,5486000000.0,2017000000.0,1133000000.0,904000000.0,1453000000.0,,884000000.0,984000000.0,-103000000.0,881000000.0,30679000000.0,9582000000.0,14609000000.0,476000000.0,7608000000.0,6737000000.0,5174000000.0,4960000000.0,,0.06030150753768848,0.10604838709677411,,0.36766314254465915,0.20652570178636528,0.16478308421436383,0.26485599708348523,0.17936565803864382,0.16059059423988334,0.018775063798760483,0.0,0.16113744075829384,0.31233091039473254,0.6558970497638442,0.01551549920140813,1.1292860323586167,0.17881938785488444,-0.005549072376098474,-0.004916122720785843,0.001466501299790951,-0.006307512773491952,0.012763416059517418,0.01215611414711179,0.0006073019124056313,0.0,-0.000632949655312659,-0.011158978497798011,-0.03378221793233349,0.0015205465613766667,-0.05260683652077858,0.009241202937969234,2026-05-15,108777250816.0,large_cap,-0.0040140491721023,-0.0493851480443814,0.3685138539042821,0.2045340050377833,0.1778841309823677,0.1683123425692695,0.3148097918220655,0.6730182409981691,2026-05-15,862.719970703125,45,,,,,,,,
PLD,2026-03-31,,2297723000.0,1695551000.0,827032000.0,981976000.0,2078292000.0,,126890000.0,1288136000.0,,1288136000.0,98133451000.0,34669592000.0,53503401000.0,861144000.0,1360943000.0,2234912000.0,2252712000.0,2139665000.0,,0.019980805358163822,0.07387044233559936,,0.737926634324503,0.3599354665466638,0.4273691824471444,0.9045006730576314,0.5606141384318302,0.5606141384318302,,0.0,0.055224237212231415,0.35329025573552897,0.6479885643157526,0.00877523404328255,0.6089470189430277,0.023414268800146444,-0.005149710987281231,-0.018433805690532934,-0.1940076291470585,-0.18925565265111433,0.04646230721683242,0.04646230721683242,,0.0,-0.005538079497583247,-0.008125828271222102,-0.022784180264388887,-0.002829279846394169,-0.2996136036477062,0.0005960467008074531,2026-05-15,131021455360.0,large_cap,0.0717562771211994,0.0495537859044949,0.7457768243849037,0.3884246496097269,0.3786328684443353,0.5697794810018103,0.361416084006751,0.0890371561777077,2026-05-15,140.52999877929688,45,,,,,,,,
PNC,2026-03-31,,6157000000.0,,,1760000000.0,,,2193000000.0,1928000000.0,,1928000000.0,603028000000.0,66666000000.0,63627000000.0,31699000000.0,,,6068000000.0,5447000000.0,,0.014667106130520802,0.1303469799889847,,,,0.28585350008120836,,0.313139515998051,0.313139515998051,,0.0,0.356179957771642,0.11055208050040793,1.0477627422320712,0.05256638166055307,,0.010210139496010136,,,-0.04704036939802697,,0.18838671441598115,0.18838671441598115,,0.0,0.004499008529717186,0.010998755024268933,0.10526872556127809,-0.016671656458462504,,-0.00036917748599037993,2026-05-15,85469020160.0,large_cap,0.1089913018405497,0.1415358180895617,,,0.3005589981366728,0.1899727000909997,0.099553325476139,0.040233832892819,2026-05-15,212.83999633789062,45,,,,,,,,
PYPL,2026-03-31,,8353000000.0,3810000000.0,1562000000.0,1113000000.0,1742000000.0,793000000.0,1009000000.0,1134000000.0,-231000000.0,903000000.0,80546000000.0,9409000000.0,20024000000.0,6977000000.0,59995000000.0,47637000000.0,8676000000.0,7791000000.0,,-0.03722913785154447,0.07213451418303163,,0.4561235484257153,0.18699868310786544,0.1332455405243625,0.20854782712797798,0.13575960732670897,0.10810487250089788,0.027654734825811086,0.09493595115527355,0.1207949239794086,0.11681523601420306,0.46988613663603673,0.08662130956223772,1.2594201985851334,0.10370471531795496,-0.008837263008125207,0.0036192455790503286,-0.03238378174396392,-0.018745856597241012,-0.13902139774475256,-0.144315597761896,0.005294200017143497,0.0022665182368779707,-0.01671083904502664,-0.007752885423188582,-0.023152962890029605,-0.013774085396164731,-0.02729685242362989,-0.004511267618943993,2026-05-15,39174303744.0,mid_cap,0.0432430732459037,-0.02480972981748,0.4662064391655613,0.1928132159652719,0.1577535270710237,0.1677318220185698,0.1245681214373916,0.413755254262657,2026-05-15,44.40999984741211,45,,,,,,,,
QCOM,2026-03-31,,10599000000.0,5699000000.0,2309000000.0,7370000000.0,2816000000.0,2463000000.0,898000000.0,2449000000.0,-533000000.0,1916000000.0,57136000000.0,15270000000.0,27278000000.0,5435000000.0,23112000000.0,9767000000.0,12252000000.0,10979000000.0,,-0.1349167482859941,-0.0346115311048365,,0.5376922351165204,0.21785074063590903,0.6953486177941315,0.26568544202283234,0.23105953391829417,0.18077177092178506,0.050287762996509104,0.2323804132465327,0.08472497405415605,0.2672570708485018,0.5597917735904392,0.09512391486978437,2.366335619944712,0.18550476057126855,-0.007851349604341529,-0.05687991558348371,0.4501641581140793,-0.06968837449691956,-0.17418042690442867,-0.1796591791271865,0.005478752222757878,0.03216820299514517,0.014124255804074434,-0.01212973761399394,-0.0823873968685388,-0.040732328294977846,-0.13906042973967025,-0.04551684820800511,2026-05-15,212370472960.0,large_cap,0.1365946306657768,0.0488782710901207,0.5542859723602204,0.2798753500135489,0.1251241983560654,0.2894950772287959,0.2953752268512055,0.8831541790479229,2026-05-15,201.49000549316406,45,,,,,,,,
REGN,2026-03-31,,3605400000.0,2936000000.0,744800000.0,727200000.0,967300000.0,1543500000.0,647700000.0,1078900000.0,-279500000.0,799400000.0,40868800000.0,2706200000.0,31423600000.0,2962600000.0,18209200000.0,5107700000.0,3884300000.0,3028700000.0,,-0.07180186906263675,0.19041172780400828,,0.8143340544738448,0.20657902035835135,0.2016974538192711,0.26829200643479223,0.299245576080324,0.2217229710989072,0.07752260498141676,0.42810783824263604,0.17964719587285738,0.06621677171827899,0.08611998625237083,0.07249050620522257,3.5650488478180002,0.08821888580041498,-0.03516263733677749,-0.024762534104486228,-0.015741981857684856,-0.04087566856456415,-0.00214721026470599,-0.004830075782126686,0.0026828655174206822,0.009473850136671014,-0.01987395336896225,-0.0004988774519360389,-0.0004496991610898754,-0.004388190597189728,-0.5604662149051935,-0.007550949031569276,2026-05-15,73203851264.0,large_cap,0.0099211378679058,-0.0727794384746063,0.8535372902272205,0.2581067984856618,0.314085714883322,0.2625131598212356,0.066715649170215,0.3536331292669636,2026-05-15,698.25,45,,,,,,,,
RTX,2026-03-31,,22076000000.0,4594000000.0,2555000000.0,2059000000.0,3997000000.0,627000000.0,1476000000.0,1855000000.0,-644000000.0,1211000000.0,170431000000.0,38935000000.0,66280000000.0,6818000000.0,60009000000.0,58579000000.0,24238000000.0,20306000000.0,,-0.08919877877712679,0.08716635477198853,,0.2080992933502446,0.11573654647581083,0.09326870809929336,0.18105635078818627,0.08402790360572568,0.05485595216524733,0.029171951440478346,0.028401884399347706,0.0668599383946367,0.22845022325750597,0.5874321062160531,0.04000445928264224,1.0244114785161917,0.12953042580281757,0.01348752670283146,0.008631999896060033,0.026348995251698676,0.02320504292450115,-0.08780970675816574,-0.07097951280711012,-0.016830193951055606,-0.004150306375468701,-0.00071989492494412,-0.00247233298843888,-0.018070231127804592,-0.0034549951214634667,-0.0019222177276840835,-0.012146811029289245,2026-05-15,230525255680.0,large_cap,0.0974138571676286,-0.0740603157865211,0.2007719828899698,0.1049625859169554,0.0759793686444025,0.084060359130052,0.2309225562459448,0.5179069318852694,2026-05-15,171.17999267578125,45,,,,,,,,
RUN,2026-03-31,,722231000.0,219801000.0,-43510000.0,167644000.0,163232000.0,10143000.0,253168000.0,10623000.0,-424837000.0,-414214000.0,22765093000.0,14874268000.0,3340754000.0,679552000.0,1965942000.0,1358953000.0,1158833000.0,504271000.0,,-0.37676006810299667,0.43222790919961684,,0.30433614729913283,-0.060243883189727385,0.23211964039206293,0.22601079156114873,0.014708590464823581,-0.573520106447937,0.5882286969127606,0.01404398315774316,0.35053604733111704,0.6533805067258016,4.4523685371625685,0.029850613832326536,1.4466593031547081,0.031725370065477,-0.07136250815855605,-0.14425685140861655,0.14274179216026422,-0.03820329278059853,-0.068951436476073,-0.3043639812771834,0.23541254480111035,0.006436329595927092,0.0664580136541334,-0.0001552514647388259,-0.2649206812340781,-0.006565056059789531,-0.20857614518945677,-0.01952639702637675,2026-05-15,3337304320.0,low_cap,0.4511308968508416,0.5494107102690315,0.3034490735026109,-0.0426544227133135,0.1521634956004351,-0.9880896057723428,0.6535357581905404,0.1307792594233252,2026-05-15,13.989999771118164,45,,,,,,,,
SBUX,2026-03-31,,9531500000.0,1914400000.0,802400000.0,510900000.0,1254300000.0,,618100000.0,364500000.0,-272700000.0,91800000.0,30557500000.0,24391400000.0,-8465100000.0,1532000000.0,10559200000.0,11449400000.0,9915100000.0,8761600000.0,,-0.03868846506843093,0.08787207815924036,,0.2008498137753764,0.0841840214027173,0.05360121701725856,0.13159523684624666,0.03824161989193726,0.009631222787599014,0.028610397104338246,0.0,0.0648481351308818,0.7982132046142518,2.8814071895193205,0.05013499140963757,0.9222492008314847,0.31192015053587496,-0.00985910494455583,-0.008432291090348834,0.024020073105447286,-0.0031184826321247194,-0.12289644225569615,-0.11885966484843088,-0.004036777407265265,0.0,0.00042115002735285123,0.007886069766928183,-0.15492740344502431,-0.055778134631760824,-0.12441386743937,0.0042681800627193955,2026-05-15,121737052160.0,large_cap,0.0278691515416213,0.0222931500294853,0.227711083142393,0.0962984477361474,0.049924161745248,0.065672701455449,0.8310977304596857,1.1612975761796644,2026-05-15,106.81999969482422,45,,,,,,,,
SEDG,2026-03-31,,310501000.0,68281000.0,-47443000.0,-57366000.0,-41502000.0,50155000.0,63871000.0,24428000.0,-3701000.0,20727000.0,2260508000.0,472546000.0,410720000.0,512381000.0,1816681000.0,897271000.0,335358000.0,219480000.0,,-0.07412079031959873,0.4147120466557317,,0.2199058940228856,-0.15279499904992255,-0.1847530281706017,-0.13366140527727768,0.07867285451576646,0.06675340820158389,0.011919446314182564,0.16152927043713225,0.20570304121403796,0.2090441617547914,1.1505307752239968,0.22666630686553643,2.024673705045633,0.13735894763477943,-0.0021582881346892957,-0.08136387171734065,0.20921699789109952,0.3630644816853116,-0.07826092967903432,-0.06246969069571391,-0.015791238983320403,0.007288131117360541,0.04310665168404315,0.018444700845266393,0.17752486127568778,0.018126186234648428,-0.14067517702581744,-0.01632033110945688,2026-05-15,3756131840.0,low_cap,0.3139232530484017,1.01106838321348,0.1657157282235378,-0.1939323429389654,-0.3423108226307026,0.0682125959521936,0.190599460909525,0.5427766733846762,2026-05-15,61.7599983215332,45,,,,,,,,
SHAK,2026-03-31,,366737000.0,173997000.0,5103000.0,-290000.0,29741000.0,,82262000.0,8489000.0,-47192000.0,-38703000.0,1917632000.0,937410000.0,525912000.0,313650000.0,393869000.0,232612000.0,400531000.0,320898000.0,,-0.08437299484933747,0.1428460133749665,,0.47444626530729106,0.01391460365329923,-0.0007907574092605873,0.08109626244420388,0.023147378093838364,-0.10553339314004313,0.1286807712338815,0.0,0.22430788276067046,0.48883727430497614,1.7824464929493908,0.1635611003571071,1.6932445445634792,0.1912447226579448,-0.004922372825587551,-0.05036756177209856,-0.030329045332043093,-0.041303751537235756,-0.13448336709192754,-0.1154801887688459,-0.019003178323081626,0.0,0.02468787831656999,0.01308486515598467,0.06518086601607131,-0.026356255799308143,-0.06386191555786747,-0.019982520752459876,2026-05-15,2584431616.0,low_cap,0.1538374335785817,0.0020489361260906,0.4759538810466434,0.0593348398193877,0.0316368990372972,0.0390962190705636,0.4757524091489915,0.7622081743098994,2026-05-15,60.40999984741211,45,,,,,,,,
SHOP,2026-03-31,,3170000000.0,1546000000.0,498000000.0,-581000000.0,505000000.0,437000000.0,611000000.0,481000000.0,-5000000.0,476000000.0,14121000000.0,179000000.0,12501000000.0,1848000000.0,8495000000.0,1371000000.0,3672000000.0,2360000000.0,,-0.13671023965141615,0.3432203389830508,,0.48769716088328074,0.15709779179810726,-0.1832807570977918,0.15930599369085174,0.15173501577287066,0.1501577287066246,0.0015772870662460567,0.13785488958990536,0.19274447949526813,0.012676156079597762,0.014318854491640668,0.13086891863182495,6.196207148067105,0.22448835068337936,0.026640516003106463,-0.045788918441544146,-0.385622805028075,-0.04548703463158835,-0.04570507137309884,-0.04455904689250392,-0.001146024480594902,0.03164573926310797,0.04078369518154265,0.0002987777136750549,0.00036502089852851784,0.029874778135413074,0.23643703312457554,-0.01726555016591949,2026-05-15,130128805888.0,large_cap,0.3013513513513512,0.0435609830793966,0.4807026652821045,0.1631187262028383,0.1065247490481135,0.1736760124610591,0.0123773783659227,0.7608137467904404,2026-05-15,100.27999877929688,45,,,,,,,,
SHW,2026-03-31,,5666900000.0,2780500000.0,802700000.0,534700000.0,998200000.0,,1977700000.0,139100000.0,-138300000.0,800000.0,26378700000.0,13786700000.0,4431100000.0,216900000.0,6499700000.0,7534600000.0,5595900000.0,5305700000.0,,0.012687860755195679,0.06807772772678433,,0.4906562670948843,0.1416471086484674,0.09435493832606892,0.17614568811872452,0.024546048103901603,0.00014117065767880145,0.024404877446222804,0.0,0.34899151211420704,0.5226451644698185,3.111349326352373,0.00822254318825416,0.8626469885594458,0.21482863067550714,0.005908505340742887,0.0005259306431420752,0.00914969877568382,0.005127621319818171,-0.1706861754883713,-0.15391805127266306,-0.016768124215708256,0.0,0.005579371082380158,0.022963676382163956,0.29670043437055327,0.0002230682503157229,-0.005436765035051527,-0.0012151039056207402,2026-05-15,74015350784.0,large_cap,0.0205987401779337,0.0185772148372893,0.4884768582736284,0.1610525020891394,0.1089533941622869,0.112580225075612,0.4996814880876545,0.9101448939644888,2026-05-15,300.1000061035156,45,,,,,,,,
SLB,2026-03-31,,8721000000.0,1331000000.0,1070000000.0,752000000.0,1757000000.0,164000000.0,97000000.0,487000000.0,-407000000.0,80000000.0,54526000000.0,11608000000.0,26177000000.0,2819000000.0,19335000000.0,14413000000.0,9745000000.0,8490000000.0,,-0.10507952796305797,0.02720848056537095,,0.15262011237243436,0.12269235179451898,0.0862286435041853,0.2014677215915606,0.055842219928907234,0.009173259947253756,0.04666895998165348,0.0188051828918702,0.011122577686045179,0.21288926383743534,0.44344271688887194,0.05170010637127242,1.3414972594185806,0.15994204599640538,-0.02480420779175241,-0.026922835481006935,0.00167246084641208,0.07145232908258164,-0.2525210432829963,-0.23761996734879548,-0.014901075934200807,-0.0003841449685710527,0.002502772657825579,0.0008166532082890254,-0.0022273585640369964,-0.0036326923456481905,0.015975895380811345,-0.017666031571575952,2026-05-15,82796298240.0,large_cap,-0.0160103612664994,-0.1111967201015682,0.1822280721406967,0.1528509017587095,0.0944886299988798,0.1272263918449647,0.2120726106291463,0.6507982795071808,2026-05-15,55.380001068115234,45,,,,,,,,
SO,2026-03-31,,8397000000.0,3902000000.0,2018000000.0,1356000000.0,3924000000.0,,,1226000000.0,-2944000000.0,-1718000000.0,157031000000.0,76005000000.0,37122000000.0,981000000.0,9961000000.0,15318000000.0,6981000000.0,7775000000.0,,0.20283626987537606,0.08000000000000007,,0.4646897701560081,0.24032392521138501,0.16148624508753126,0.46730975348338694,0.1460045254257473,-0.2045968798380374,0.3506014052637847,0.0,0.0,0.48401271086600733,2.0474381768223693,0.006247174124854328,0.6502807154981068,0.0534735179677898,0.06503356044393244,0.10896738603361678,0.10189592851397447,0.08111866338168233,-0.22600521529907722,0.03720228933543346,-0.2632075046345107,0.0,0.0,0.008319158335824972,-0.009286612160305019,-0.004278127698931955,0.003845376796069888,0.008643053030723269,2026-05-15,104331722752.0,large_cap,0.1058599012123933,0.0476093963218853,0.4846885256995906,0.2465062768585253,0.1468886407471322,-0.0993130985009982,0.4756935525301823,0.1897829437451836,2026-05-15,92.55000305175781,45,,,,,,,,
TEAM,2026-03-31,,1786971000.0,1524209000.0,-56284000.0,-98389000.0,-7453000.0,926954000.0,646975000.0,567475000.0,-6211000.0,561264000.0,5650923000.0,1243018000.0,879028000.0,1136342000.0,2333684000.0,3323055000.0,1586315000.0,1356716000.0,,0.1264919010410921,0.31712974565052665,,0.8529567631483667,-0.03149687376012258,-0.055059091613685954,-0.004170744796641915,0.31756251220640963,0.3140867982748461,0.003475713931563523,0.5187291791528794,0.3620512028454855,0.21996725136760845,1.4140823728026866,0.20108962730513227,0.702270651554067,0.3162263934582014,0.002795225244482502,-0.0013975555288759448,-0.028176032448261685,0.0006271673456501262,0.2054756946449543,0.2078556903297028,-0.0023799956847484955,-0.0022827257966419046,0.006273819412812909,0.022726366428835992,0.6502895804006421,0.013094436747924848,-0.1882452812155586,0.05872365133884222,2026-05-15,22194536448.0,mid_cap,0.1965540334827467,-0.0365543929032545,0.828418247526894,-0.0250018023877419,-0.0492180321607331,0.2714209948259967,0.205120349819678,0.863179393475969,2026-05-15,87.45999908447266,45,,,,,,,,
TMO,2026-03-31,,11005000000.0,4430000000.0,1913000000.0,1651000000.0,2824000000.0,336000000.0,2181000000.0,1192000000.0,-376000000.0,816000000.0,113281000000.0,43161000000.0,51933000000.0,3254000000.0,22316000000.0,14621000000.0,12215000000.0,10364000000.0,,-0.09905853458862057,0.061848707062910124,,0.40254429804634256,0.17383007723761926,0.15002271694684235,0.25661063153112224,0.10831440254429804,0.07414811449341209,0.03416628805088596,0.03053157655611086,0.19818264425261245,0.3810082891217415,0.8310900583444053,0.02872502891040863,1.5262977908487791,0.09714780060204271,-0.00768902164256452,-0.014708604710804818,-0.010763202005265704,-0.009128214150416869,-0.17469828677211624,-0.1707966255802678,-0.003901661191848385,0.001387082082103492,0.005632500986136796,0.024075814927637662,0.09363991135992766,-0.06056019987619315,-0.36368838335623765,-0.01355247037119528,2026-05-15,162896560128.0,large_cap,0.0391333753119242,0.0386200402674741,0.4093408443117804,0.1820140494198442,0.1504589626770204,0.1412348228112305,0.3569324741941038,0.4038045005120397,2026-05-15,438.3399963378906,45,,,,,,,,
TRV,2026-03-31,,11924000000.0,,,1711000000.0,,,1541000000.0,2198000000.0,,2198000000.0,142309000000.0,9268000000.0,31986000000.0,481000000.0,,,12432000000.0,11810000000.0,,-0.04086229086229087,0.009652836579170154,,,,0.14349211673934922,,0.18433411606843342,0.18433411606843342,,0.0,0.1292351559879235,0.06512588803238024,0.28975176639779904,0.003379968940825949,,0.08378950031269983,,,-0.057280084032851536,,-0.031640787406470056,-0.031640787406470056,,0.0,0.005039531792299309,0.0006409602621795657,0.008028655800121631,-0.0015606050007778592,,-0.002719253549298112,2026-05-15,63742373888.0,large_cap,0.0516929439131559,-0.0704881887095689,,,0.1287785696731383,0.2172114360612763,0.0644849277702006,0.3397723160853954,2026-05-15,299.760009765625,45,,,,,,,,
TSLA,2026-03-31,,22387000000.0,4720000000.0,941000000.0,477000000.0,2430000000.0,1946000000.0,1833000000.0,3937000000.0,-2493000000.0,1444000000.0,143724000000.0,15890000000.0,84116000000.0,16603000000.0,69748000000.0,34138000000.0,24901000000.0,19335000000.0,,-0.10095980081121236,0.15784846133953967,,0.21083664626792334,0.04203332291061777,0.02130700853173717,0.10854513780318935,0.17586099075356235,0.06450171974806808,0.11135927100549425,0.08692544780452942,0.08187787555277616,0.11055912721605299,0.18890579675685956,0.11552002449138626,2.043119104809889,0.15576382510923714,0.009680066210897509,-0.021056512838950527,-0.012426576464849313,-0.008277479762370268,0.022734610286914425,0.0074758974919337876,0.015258712794980617,0.01532189774629883,0.015414681303549227,0.0037495543382392443,0.009705192887714098,-0.004307849476365505,-0.12128778173863841,-0.024932225860967355,2026-05-15,1585816797184.0,large_cap,-0.0293069915037362,-0.0387827750383997,0.1802651143661615,0.0511352251995739,0.040009701878157,0.0655931327575479,0.1068095728778137,0.6881195303542661,2026-05-15,422.239990234375,45,,,,,,,,
TXN,2026-03-31,,4825000000.0,2799000000.0,1825000000.0,1545000000.0,2417000000.0,510000000.0,464000000.0,1520000000.0,-676000000.0,844000000.0,34393000000.0,14050000000.0,16778000000.0,3549000000.0,13796000000.0,3096000000.0,4423000000.0,4069000000.0,,0.09088853719195122,0.18579503563529132,,0.5801036269430052,0.37823834196891193,0.32020725388601035,0.5009326424870466,0.3150259067357513,0.1749222797927461,0.14010362694300518,0.10569948186528498,0.09616580310880829,0.4085133602768005,0.8374061270711646,0.10318960253539965,4.456072351421189,0.14029017532637456,0.021206950479066733,0.03797155472043806,0.05726355051725612,0.0329245032150593,-0.19458295602707937,-0.125552511073182,-0.06903044495389737,-0.012093871062592021,-0.004670733178779321,0.0023257066697454643,-0.025864320910154226,0.009941084391695734,0.10342910988905807,0.012402362690838914,2026-05-15,275512393728.0,large_cap,0.1304903778530783,0.2376882772765615,0.5702409229725144,0.3472457866757154,0.2828299966067187,0.1472118538626852,0.406187653607055,0.5112621078502241,2026-05-15,302.7300109863281,45,,,,,,,,
UBER,2026-03-31,,13203000000.0,5945000000.0,1923000000.0,263000000.0,795000000.0,951000000.0,2124000000.0,2351000000.0,-65000000.0,2286000000.0,59885000000.0,12419000000.0,24751000000.0,5558000000.0,12823000000.0,11993000000.0,14366000000.0,11533000000.0,,-0.08095503271613536,0.1448018728864997,,0.4502764523214421,0.14564871620086345,0.019919715216238733,0.060213587820949786,0.17806559115352572,0.17314246762099522,0.004923123532530486,0.07202908429902295,0.1608725289706885,0.2073808132253486,0.501757504747283,0.09281122150789012,1.0692070374385059,0.2204725724304918,0.054550432552543326,0.022162707569372428,-0.0006844891551938161,0.01851791748821973,-0.022616575072285233,-0.02231903871340546,-0.0002975363588797889,0.010425297580381715,0.015668575190930734,0.011917883223083292,0.05502846366152431,-0.02215269551744886,-0.06658841710694863,-0.011979451775844585,2026-05-15,152853118976.0,large_cap,0.1827959434262585,0.0031602040415852,0.3975431109060499,0.1069842551473556,0.1932637407001557,0.1876886402522252,0.1954629300022653,0.8416717905569399,2026-05-15,75.08999633789062,45,,,,,,,,
UNH,2026-03-31,,111721000000.0,25409000000.0,8990000000.0,6280000000.0,9947000000.0,,,8912000000.0,-763000000.0,8149000000.0,312644000000.0,77917000000.0,97881000000.0,28001000000.0,91127000000.0,114124000000.0,113215000000.0,109575000000.0,,-0.013196131254692434,0.01958475929728487,,0.2274326223359977,0.08046830944943206,0.056211455321738976,0.08903429077792,0.07977014169225123,0.07294062888803358,0.006829512804217649,0.0,0.0,0.2492195596269239,0.7960380461989559,0.08956192986271926,0.7984911149276226,0.35734253655915355,0.06407970973607718,0.07711186374877402,0.05612312780330061,0.07692458800001954,0.0699834526492799,0.07152738859301967,-0.0015439359437397762,0.0,0.0,-0.003990424189912384,-0.036912756053727125,0.0108587794755831,0.010115439322515463,-0.008361431061598368,2026-05-15,357672681472.0,large_cap,0.118140392427263,0.0410297800307957,0.1852616479767275,0.0423713097703807,0.0269367491347664,0.0359164102804719,0.2532099838168363,1.4457185679999742,2026-05-15,393.8500061035156,45,,,,,,,,
UNP,2026-03-31,,6217000000.0,2822000000.0,2458000000.0,1701000000.0,3182000000.0,,,2440000000.0,-937000000.0,1503000000.0,69644000000.0,31505000000.0,19418000000.0,735000000.0,4215000000.0,4602000000.0,6085000000.0,6027000000.0,,0.02169268693508619,0.03152480504396871,,0.4539166800707737,0.3953675406144443,0.27360463245938554,0.5118224223902204,0.3924722534984719,0.2417564741836899,0.15071577931478206,0.0,0.0,0.45237206363793003,1.622463693480276,0.010553672965366722,0.9159061277705346,0.08926827867440124,0.002807394943411312,0.0007907123482158718,-0.03009298463182236,-0.03986204761799661,0.02681900781235852,0.04027742734720674,-0.013458419534848193,0.0,0.0,-0.0185453228007052,-0.1548688456435665,-0.0076104063482434255,0.007449805472967808,0.001963047534339832,2026-05-15,160635043840.0,large_cap,0.0107216494845361,0.005290246855903,0.4577723378212974,0.4017135862913096,0.2912280701754386,0.2243574051407589,0.4709173864386352,0.3516600189388504,2026-05-15,270.55999755859375,45,,,,,,,,
UPST,2026-03-31,,308214000.0,,,-6646000.0,,,235620000.0,-133297000.0,-6992000.0,-140289000.0,2961681000.0,1939213000.0,733166000.0,474554000.0,,,276218000.0,213371000.0,,0.11583604254610491,0.44449808080760733,,,,-0.02156294003517037,,-0.4324819768083215,-0.4551675134808931,0.022685536672571654,0.0,0.7644688430765637,0.6547676809217468,2.6449849011001603,0.16023130107530148,,0.10406725099698448,,,-0.08903138886906244,,-0.825475916377792,-0.8339733842061898,0.008497467828397848,0.0,0.0032657353862610705,0.03277934891343026,0.32868638392158944,-0.060773100893903226,,0.011214778313901053,2026-05-15,2824448512.0,low_cap,0.6283868238676662,0.3908145228909265,,,0.0523454933421876,-0.162240657822136,0.6219883320083165,0.3442192009224134,2026-05-15,29.510000228881836,45,,,,,,,,
URI,2026-03-31,,3985000000.0,1469000000.0,914000000.0,531000000.0,1672000000.0,,441000000.0,1514000000.0,-833000000.0,681000000.0,29888000000.0,15019000000.0,8968000000.0,156000000.0,3311000000.0,4127000000.0,4208000000.0,3719000000.0,,-0.05299429657794674,0.07152460338800748,,0.3686323713927227,0.22936010037641155,0.13324968632371392,0.41957340025094103,0.37992471769134256,0.17089084065244667,0.20903387703889587,0.0,0.11066499372647427,0.5025093683083511,1.6747323818019626,0.00521948608137045,0.802277683547371,0.1333311027837259,-0.009219339633893264,-0.020639899623588448,-0.02193092204130509,-0.02291709404563691,0.08144563023887108,0.033771068789328784,0.04767456144954224,0.0,0.008241039353850704,-0.02216752180080306,-0.07259143621766273,-0.010149160540205926,-0.14247225099046623,-0.007564899359179089,2026-05-15,60212740096.0,large_cap,0.0491365265558814,-0.0215444670249167,0.3816386110938567,0.2468476302875955,0.1549164544381638,0.0411205664948133,0.5246768901091542,0.539041050023438,2026-05-15,961.1500244140625,45,,,,,,,,
USB,2026-03-31,,7260000000.0,,,1945000000.0,,,2845000000.0,1340000000.0,,1340000000.0,700998000000.0,79220000000.0,65786000000.0,48420000000.0,,,7337000000.0,6928000000.0,,-0.010494752623688153,0.0479214780600461,,,,0.2679063360881543,,0.18457300275482094,0.18457300275482094,,0.0,0.3918732782369146,0.11301030816065095,1.204207582160338,0.06907295027945871,,0.010356662929138172,,,-0.010817938138368843,,-0.2019610029695896,-0.2019610029695896,,0.0,0.0216947311468233,0.014196855330053493,0.1548157762916098,0.0013465999772249992,,-0.00024065488206866797,2026-05-15,82458165248.0,large_cap,0.0440826778854948,0.0682857264700805,,,0.2652417659425368,0.2792571829011913,0.0988134528305974,0.0412222230246481,2026-05-15,53.119998931884766,45,,,,,,,,
V,2026-03-31,,11230000000.0,9129000000.0,7563000000.0,6021000000.0,7685000000.0,,1233000000.0,3008000000.0,-383000000.0,2625000000.0,95049000000.0,23976000000.0,35661000000.0,12404000000.0,31625000000.0,29076000000.0,10901000000.0,9594000000.0,,0.030180717365379417,0.17052324369397542,,0.8129118432769368,0.6734639358860196,0.536153161175423,0.6843276936776491,0.2678539626001781,0.23374888691006232,0.03410507569011576,0.0,0.10979519145146928,0.2522488400719629,0.672331118028098,0.1305011099538133,1.0876668042371715,0.11814958600300897,-0.003893954356307905,-0.009500929722640161,-0.0007700568779666073,0.019618034013398122,-0.35410732535505535,-0.3535366832211183,-0.0005706421339370799,0.0,0.005859772682549003,0.033509814724389214,0.12620841642663316,-0.021914862942668617,-0.02366659260637105,0.005552234380309773,2026-05-15,619492999168.0,large_cap,0.113399766186049,0.0131639532438998,0.803625,0.6639,0.50145,0.539425,0.2526523934274845,0.4014975859957642,2026-05-15,325.75,45,,,,,,,,
VRTX,2026-03-31,,2986900000.0,2594100000.0,1138800000.0,1031400000.0,1194700000.0,961600000.0,493700000.0,1428100000.0,-133400000.0,1294700000.0,26484400000.0,1986500000.0,19361900000.0,5492900000.0,11730300000.0,3880600000.0,3190000000.0,2770200000.0,,-0.06366771159874607,0.07822539888816693,,0.8684924168870736,0.3812648565402256,0.3453078442532391,0.39997991228363855,0.4781211289296595,0.4334594395527135,0.044661689376946,0.3219391342194248,0.1652884261274231,0.07500641887299693,0.10259840201633104,0.2074013381462295,3.0228057516878835,0.11277959855613115,0.014573921589267957,0.026938837731448173,-0.028077735684064964,-0.03575676483234891,0.3220082762650827,0.32418044268750973,-0.002172166422427041,-0.024988765467095553,0.012623849324915254,-0.004176984004981468,-0.006183434283211442,0.009109406624956629,0.12189411799887484,-0.011620822611438944,2026-05-15,110900281344.0,large_cap,0.0890373045616645,-0.0275780239350726,0.8624065726212994,0.3794922216759851,0.3293976485880696,0.2661211702065609,0.0791834028779784,0.4680146628709589,2026-05-15,436.95001220703125,45,,,,,,,,
WFC,2026-03-31,,21446000000.0,,,5253000000.0,,,9962000000.0,9143000000.0,,9143000000.0,2205752000000.0,216223000000.0,178396000000.0,174784000000.0,,,21292000000.0,20149000000.0,,0.007232763479241067,0.06437044022035843,,,,0.2449407814977152,,0.4263265877086636,0.4263265877086636,,0.0,0.46451552737107155,0.09802688606878743,1.2120395076122783,0.07924009589473341,,0.009722761217036186,,,-0.006843926373785836,,0.2327797156440384,0.2327797156440384,,0.0,0.014581279766337385,0.008185959450861868,0.1462367392360353,-0.0018394380038280478,,-0.00018680445524537313,2026-05-15,224679100416.0,large_cap,0.0170482161951979,0.0206924163477458,,,0.2549373349741335,-0.2270158544307578,0.0898409266179255,0.0389545715388077,2026-05-15,73.41999816894531,45,,,,,,,,
WING,2026-03-31,,183725000.0,91698000.0,50408000.0,29883000.0,57177000.0,,34449000.0,61381000.0,-17725000.0,43656000.0,648886000.0,1270415000.0,-799172000.0,128816000.0,216945000.0,96740000.0,175694000.0,171094000.0,,0.045710155156123644,0.07382491495902843,,0.49910464008708666,0.27436658048714113,0.16265070077561572,0.31120968839297863,0.3340917131582528,0.23761600217716697,0.09647571098108586,0.0,0.1875030616410396,1.957840052027629,1.5896640522941243,0.19851869203527275,2.2425573702708292,0.28313910301655454,0.00653232686068167,0.007795155168120571,0.010334742347894804,0.00845034544444312,0.00787112509036203,0.04139416193219561,-0.03352303684183354,0.0,-0.002144848930749982,0.12572365319230938,-0.134645833394877,-0.08496767748113096,-1.0208843426554197,0.029761947542656764,2026-05-15,3518718208.0,low_cap,0.1135270139196269,-0.246760343026825,0.4868315125284673,0.2666645619664405,0.2500771324798774,0.1515728568292021,1.8321163988353195,1.004966765646249,2026-05-15,129.2100067138672,45,,,,,,,,
WM,2026-03-31,,6227000000.0,2533000000.0,1091000000.0,723000000.0,1812000000.0,,678000000.0,1501000000.0,-650000000.0,851000000.0,45700000000.0,22891000000.0,10021000000.0,158000000.0,4808000000.0,5146000000.0,6313000000.0,6018000000.0,,-0.013622683351813714,0.03472914589564646,,0.40677693913602053,0.1752047534928537,0.11610727477115786,0.2909908463144371,0.24104705315561265,0.13666291954392162,0.10438413361169102,0.0,0.1088806809057331,0.5008971553610503,2.2843029637760703,0.0034573304157549233,0.9343179168286048,0.1362582056892779,-0.008239693209932286,-0.011077521178459476,-0.0014279699619325903,-0.014410706037851828,-0.027921741395314004,0.008356250765211015,-0.03627799216052505,0.0,0.0071857656514957985,0.0011262379398656042,-0.008690029216922746,-0.0009279646644239792,0.045469256437583816,-0.0014749676498733988,2026-05-15,88274386944.0,large_cap,0.1423650455513756,0.0622220904940957,0.4043802571020473,0.1827884462783685,0.107443262974131,0.111728297095699,0.4997709174211847,0.5498854587105924,2026-05-15,219.82000732421875,45,,,,,,,,
XOM,2026-03-31,,83161000000.0,13893000000.0,5347000000.0,4183000000.0,14033000000.0,,2684000000.0,8705000000.0,-6470000000.0,2235000000.0,464410000000.0,47661000000.0,254381000000.0,8435000000.0,97787000000.0,94378000000.0,80039000000.0,81058000000.0,,0.03900598458251592,0.025944385501739387,,0.1670614831471483,0.06429696612594846,0.05030002044227462,0.16874496458676544,0.10467647094190786,0.026875578696744867,0.077800892245163,0.0,0.032274744170945516,0.10262698908292242,0.18736069124659468,0.018162830257746388,1.0361207060967599,0.17906806485648458,-0.032516222721240856,-0.010703970917242983,-0.030922883392106124,-0.030020637182372106,-0.053733804049034065,-0.03845507261074273,-0.015278731438291324,0.0,-0.005556812944960479,0.005658304508999304,0.01951431557481595,-0.005626648115455091,-0.11667896209071427,0.0007995451005934351,2026-05-15,654570029056.0,large_cap,-0.0452236865764472,-0.0588180719459008,0.2199410320927432,0.1047776354177922,0.0890508019326654,0.072897917599296,0.0969686845739231,0.7214241168871665,2026-05-15,157.9199981689453,45,,,,,,,,
YUM,2026-03-31,,2059000000.0,920000000.0,598000000.0,432000000.0,704000000.0,,322000000.0,416000000.0,-75000000.0,341000000.0,8211000000.0,11954000000.0,-7283000000.0,689000000.0,2030000000.0,3118000000.0,2515000000.0,1787000000.0,,-0.18131212723658052,0.15221040850587575,,0.44681884409907724,0.2904322486644002,0.20981058766391453,0.34191355026711995,0.2020398251578436,0.16561437591063624,0.036425449247207385,0.0,0.15638659543467703,1.4558519059797832,1.6413565838253468,0.08391182559980515,0.6510583707504811,0.25076117403483134,0.0018884266040474218,-0.004597572409158424,-0.0029130703877753295,0.021038798776066292,-0.043288206651301536,-0.02603572349294228,-0.017252483158359214,0.0,0.006485999013205873,-0.1531513879082247,-0.1591894912599774,-0.0025832335681831436,-0.6945880672442419,-0.05605839409985208,2026-05-15,41334915072.0,mid_cap,0.0880911378990594,0.021245462376165,0.4616508400292184,0.3080107134161188,0.1897979060141222,0.1995373752130509,1.609003293888008,1.0020739294863974,2026-05-15,149.97000122070312,45,,,,,,,,
ZTS,2026-03-31,,2262000000.0,1621000000.0,822000000.0,601000000.0,939000000.0,180000000.0,588000000.0,401000000.0,-110000000.0,291000000.0,15154000000.0,9238000000.0,3233000000.0,1940000000.0,6474000000.0,2053000000.0,2387000000.0,2198000000.0,,-0.052366987850858804,0.0291173794358508,,0.7166224580017684,0.363395225464191,0.2656940760389036,0.4151193633952255,0.17727674624226347,0.1286472148541114,0.04862953138815208,0.07957559681697612,0.259946949602122,0.6096080242840174,2.8574079802041448,0.12801900488319914,3.153433999025816,0.14926752012669922,0.014904820800260232,0.01735416974571591,0.013075726646360641,0.02173855065957403,-0.1968330149642719,-0.17801386600051783,-0.018819148963754077,-0.0037926478415911125,0.0006256257646691243,0.012336413758382125,0.0840666412668889,-0.02133122463771636,0.1252460795627286,-0.005061050378246806,2026-05-15,31115112448.0,mid_cap,0.0227960242005185,-0.0605373091328147,0.7183901975282561,0.379951410161614,0.2823492130558783,0.2411534805112496,0.5972716105256353,0.6120773259197,2026-05-15,74.22000122070312,45,,,,,,,,
