symbol,fiscal_period_end,error,total_revenue,gross_profit,operating_income,net_income,ebitda,research_development,selling_general_admin,operating_cash_flow,capital_expenditure,free_cash_flow,total_assets,total_debt,stockholders_equity,cash,current_assets,current_liabilities
AAPL,2021-09-30,,,,,,,,,,,,,,,,,
AAPL,2022-09-30,,394328000000.0,170782000000.0,119437000000.0,99803000000.0,130541000000.0,26251000000.0,25094000000.0,122151000000.0,-10708000000.0,111443000000.0,352755000000.0,132480000000.0,50672000000.0,23646000000.0,135405000000.0,153982000000.0
AAPL,2023-09-30,,383285000000.0,169148000000.0,114301000000.0,96995000000.0,125820000000.0,29915000000.0,24932000000.0,110543000000.0,-10959000000.0,99584000000.0,352583000000.0,111088000000.0,62146000000.0,29965000000.0,143566000000.0,145308000000.0
AAPL,2024-09-30,,391035000000.0,180683000000.0,123216000000.0,93736000000.0,134661000000.0,31370000000.0,26097000000.0,118254000000.0,-9447000000.0,108807000000.0,364980000000.0,106629000000.0,56950000000.0,29943000000.0,152987000000.0,176392000000.0
AAPL,2025-09-30,,416161000000.0,195201000000.0,133050000000.0,112010000000.0,144748000000.0,34550000000.0,27601000000.0,111482000000.0,-12715000000.0,98767000000.0,359241000000.0,98657000000.0,73733000000.0,35934000000.0,147957000000.0,165631000000.0
ABBV,2022-12-31,,58054000000.0,40640000000.0,18814000000.0,11836000000.0,24174000000.0,6510000000.0,15260000000.0,24943000000.0,-695000000.0,24248000000.0,138805000000.0,63271000000.0,17254000000.0,9201000000.0,28463000000.0,29538000000.0
ABBV,2023-12-31,,54318000000.0,33903000000.0,13535000000.0,4863000000.0,17172000000.0,7675000000.0,12872000000.0,22839000000.0,-777000000.0,22062000000.0,134711000000.0,59385000000.0,10360000000.0,12814000000.0,33002000000.0,37841000000.0
ABBV,2024-12-31,,56334000000.0,39430000000.0,11894000000.0,4278000000.0,14910000000.0,12791000000.0,14752000000.0,18806000000.0,-974000000.0,17832000000.0,135161000000.0,67144000000.0,3325000000.0,5524000000.0,25582000000.0,38749000000.0
ABBV,2025-12-31,,61160000000.0,42956000000.0,20091000000.0,4226000000.0,17629000000.0,9096000000.0,14010000000.0,19030000000.0,-1214000000.0,17816000000.0,133960000000.0,67496000000.0,-3270000000.0,5229000000.0,29062000000.0,43289000000.0
ABT,2021-12-31,,,,,,,,,,,,,,,,,
ABT,2022-12-31,,43653000000.0,24511000000.0,8362000000.0,6933000000.0,12131000000.0,2888000000.0,11248000000.0,9581000000.0,-1777000000.0,7804000000.0,74438000000.0,17716000000.0,36686000000.0,9882000000.0,25224000000.0,15489000000.0
ABT,2023-12-31,,40109000000.0,22134000000.0,6478000000.0,5723000000.0,10544000000.0,2741000000.0,10949000000.0,7261000000.0,-2202000000.0,5059000000.0,73214000000.0,15628000000.0,38603000000.0,6896000000.0,22670000000.0,13841000000.0
ABT,2024-12-31,,41950000000.0,23244000000.0,6825000000.0,13402000000.0,10790000000.0,2844000000.0,11697000000.0,8558000000.0,-2207000000.0,6351000000.0,81414000000.0,15021000000.0,47664000000.0,7616000000.0,23656000000.0,14157000000.0
ABT,2025-12-31,,44328000000.0,25009000000.0,8053000000.0,6524000000.0,12075000000.0,2942000000.0,12332000000.0,9566000000.0,-2171000000.0,7395000000.0,86713000000.0,13860000000.0,52130000000.0,8522000000.0,25996000000.0,16496000000.0
ACN,2021-08-31,,,,,,,,,,,,,,,,,
ACN,2022-08-31,,61594305000.0,19701539000.0,9367181000.0,6877169000.0,10274132000.0,,10334358000.0,9541129000.0,-717998000.0,8823131000.0,47263390000.0,3325756000.0,22106097000.0,7889833000.0,21610871000.0,17523496000.0
ACN,2023-08-31,,64111745000.0,20731607000.0,9873035000.0,6871557000.0,10248473000.0,,10858572000.0,9524268000.0,-528172000.0,8996096000.0,51245305000.0,3149034000.0,25692839000.0,9045032000.0,23381931000.0,18009038000.0
ACN,2024-08-31,,64896464000.0,21162317000.0,10034287000.0,7264787000.0,10836289000.0,,11128030000.0,9131027000.0,-516509000.0,8614518000.0,55932363000.0,4120549000.0,28288646000.0,5004469000.0,20857781000.0,18976127000.0
ACN,2025-08-31,,69672977000.0,22235401000.0,10840988000.0,7678433000.0,11867333000.0,,11394413000.0,11474399000.0,-600039000.0,10874360000.0,65394897000.0,8182866000.0,31195446000.0,11478729000.0,28900689000.0,20352097000.0
ADBE,2022-11-30,,17606000000.0,15441000000.0,6098000000.0,4756000000.0,6976000000.0,2987000000.0,6187000000.0,7838000000.0,-442000000.0,7396000000.0,27165000000.0,4633000000.0,14051000000.0,4236000000.0,8996000000.0,8128000000.0
ADBE,2023-11-30,,19409000000.0,17055000000.0,6650000000.0,5428000000.0,7784000000.0,3473000000.0,6764000000.0,7302000000.0,-360000000.0,6942000000.0,29779000000.0,4080000000.0,16518000000.0,7141000000.0,11084000000.0,8251000000.0
ADBE,2024-11-30,,21505000000.0,19147000000.0,7741000000.0,5560000000.0,7957000000.0,3944000000.0,7293000000.0,8056000000.0,-183000000.0,7873000000.0,30230000000.0,6056000000.0,14105000000.0,7613000000.0,11232000000.0,10521000000.0
ADBE,2025-11-30,,23769000000.0,21218000000.0,8706000000.0,7130000000.0,9815000000.0,4294000000.0,8061000000.0,10031000000.0,-179000000.0,9852000000.0,29496000000.0,6648000000.0,11623000000.0,5431000000.0,10163000000.0,10200000000.0
ADSK,2022-01-31,,,,,,,,,,,,,,,,,
ADSK,2023-01-31,,5005000000.0,4525000000.0,989000000.0,823000000.0,1167000000.0,1219000000.0,2277000000.0,2071000000.0,-46000000.0,2025000000.0,9438000000.0,2666000000.0,1145000000.0,1947000000.0,3341000000.0,4000000000.0
ADSK,2024-01-31,,5497000000.0,4986000000.0,1128000000.0,906000000.0,1267000000.0,1373000000.0,2443000000.0,1313000000.0,-61000000.0,1252000000.0,9912000000.0,2626000000.0,1855000000.0,1892000000.0,3579000000.0,4351000000.0
ADSK,2025-01-31,,6131000000.0,5553000000.0,1369000000.0,1112000000.0,1549000000.0,1485000000.0,2650000000.0,1607000000.0,-102000000.0,1505000000.0,10833000000.0,2559000000.0,2621000000.0,1599000000.0,3482000000.0,5151000000.0
ADSK,2026-01-31,,7206000000.0,6556000000.0,1794000000.0,1124000000.0,1989000000.0,1643000000.0,3066000000.0,2452000000.0,-76000000.0,2376000000.0,12467000000.0,2734000000.0,3045000000.0,2249000000.0,4942000000.0,5808000000.0
AEP,2021-12-31,,,,,,,,,,,,,,,,,
AEP,2022-12-31,,19639500000.0,11292200000.0,3778500000.0,2307200000.0,7102200000.0,,,5288000000.0,-6772400000.0,-1484400000.0,93403300000.0,41579300000.0,23893400000.0,509400000.0,6775500000.0,13266300000.0
AEP,2023-12-31,,18982000000.0,11128000000.0,3735000000.0,2208000000.0,7203000000.0,,,5012000000.0,-7506000000.0,-2494000000.0,96684000000.0,43608500000.0,25246700000.0,330100000.0,6082100000.0,11583600000.0
AEP,2024-12-31,,19721000000.0,12460000000.0,4447000000.0,2967000000.0,8099000000.0,,,6804000000.0,-7771000000.0,-967000000.0,103078000000.0,45763000000.0,26944000000.0,203000000.0,5789000000.0,13009000000.0
AEP,2025-12-31,,21876000000.0,13346000000.0,5385000000.0,3580000000.0,9239000000.0,,,6944000000.0,-8583000000.0,-1639000000.0,114460000000.0,49508000000.0,31138000000.0,197000000.0,6052000000.0,13314000000.0
AI,2022-04-30,,252759000.0,189046000.0,-196122000.0,-192065000.0,-190932000.0,150544000.0,234624000.0,-86462000.0,-4291000.0,-90753000.0,1170882000.0,3613000.0,989477000.0,339528000.0,1060436000.0,150169000.0
AI,2023-04-30,,266795000.0,180458000.0,-290493000.0,-268839000.0,-284405000.0,210660000.0,260291000.0,-115691000.0,-71518000.0,-187209000.0,1103028000.0,2339000.0,929665000.0,284829000.0,888879000.0,136039000.0
AI,2024-04-30,,310582000.0,178560000.0,-318342000.0,-279696000.0,-305623000.0,201365000.0,295537000.0,-62362000.0,-28006000.0,-90368000.0,1038225000.0,3226000.0,873353000.0,167146000.0,904394000.0,102335000.0
AI,2025-04-30,,389056000.0,235863000.0,-324424000.0,-288702000.0,-311817000.0,226391000.0,333896000.0,-41407000.0,-3039000.0,-44446000.0,1025882000.0,4795000.0,838303000.0,164358000.0,904252000.0,131884000.0
AMAT,2021-10-31,,,,,,,,,,,,,,,,,
AMAT,2022-10-31,,25785000000.0,11993000000.0,7784000000.0,6525000000.0,8271000000.0,2771000000.0,1438000000.0,5399000000.0,-787000000.0,4612000000.0,26726000000.0,5829000000.0,12194000000.0,1995000000.0,15925000000.0,7379000000.0
AMAT,2023-10-31,,26517000000.0,12384000000.0,7654000000.0,6856000000.0,8469000000.0,3102000000.0,1628000000.0,8700000000.0,-1106000000.0,7594000000.0,30729000000.0,5999000000.0,16349000000.0,6132000000.0,19147000000.0,7372000000.0
AMAT,2024-10-31,,27176000000.0,12897000000.0,7867000000.0,7177000000.0,8791000000.0,3233000000.0,1797000000.0,8677000000.0,-1190000000.0,7487000000.0,34409000000.0,6606000000.0,19001000000.0,8022000000.0,21220000000.0,8468000000.0
AMAT,2025-10-31,,28368000000.0,13808000000.0,8470000000.0,6998000000.0,9975000000.0,3570000000.0,1768000000.0,7958000000.0,-2260000000.0,5698000000.0,36299000000.0,7050000000.0,20415000000.0,7241000000.0,20881000000.0,7999000000.0
AMD,2021-12-31,,,,,,,,,,,,,,,,,
AMD,2022-12-31,,23601000000.0,10603000000.0,1264000000.0,1320000000.0,5534000000.0,5005000000.0,2336000000.0,3565000000.0,-450000000.0,3115000000.0,67580000000.0,2863000000.0,54750000000.0,4835000000.0,15019000000.0,6369000000.0
AMD,2023-12-31,,22680000000.0,10460000000.0,401000000.0,854000000.0,4051000000.0,5872000000.0,2318000000.0,1667000000.0,-546000000.0,1121000000.0,67885000000.0,3003000000.0,55892000000.0,3933000000.0,16768000000.0,6689000000.0
AMD,2024-12-31,,25785000000.0,12725000000.0,2086000000.0,1641000000.0,5145000000.0,6456000000.0,2735000000.0,3041000000.0,-636000000.0,2405000000.0,69226000000.0,2212000000.0,57568000000.0,3787000000.0,19049000000.0,7281000000.0
AMD,2025-12-31,,34639000000.0,17152000000.0,3694000000.0,4335000000.0,7275000000.0,8091000000.0,4144000000.0,7709000000.0,-974000000.0,6735000000.0,76926000000.0,3847000000.0,62999000000.0,5539000000.0,26947000000.0,9455000000.0
AMGN,2021-12-31,,,,,,,,,,,,,,,,,
AMGN,2022-12-31,,26323000000.0,19917000000.0,9566000000.0,6552000000.0,12169000000.0,4434000000.0,5414000000.0,9721000000.0,-936000000.0,8785000000.0,65121000000.0,38945000000.0,3661000000.0,7629000000.0,22186000000.0,15687000000.0
AMGN,2023-12-31,,28190000000.0,19739000000.0,7897000000.0,6717000000.0,14801000000.0,4784000000.0,6179000000.0,8471000000.0,-1112000000.0,7359000000.0,97154000000.0,64613000000.0,6232000000.0,10944000000.0,30332000000.0,18392000000.0
AMGN,2024-12-31,,33424000000.0,20566000000.0,7258000000.0,4090000000.0,13356000000.0,5964000000.0,7096000000.0,11490000000.0,-1096000000.0,10394000000.0,91839000000.0,60099000000.0,5877000000.0,11973000000.0,29030000000.0,23099000000.0
AMGN,2025-12-31,,36751000000.0,24714000000.0,9080000000.0,7711000000.0,16898000000.0,7272000000.0,7050000000.0,9958000000.0,-1858000000.0,8100000000.0,90586000000.0,54604000000.0,8658000000.0,9129000000.0,29057000000.0,25489000000.0
AMT,2021-12-31,,,,,,,,,,,,,,,,,
AMT,2022-12-31,,9645400000.0,7076200000.0,2922700000.0,1765800000.0,6577100000.0,,902100000.0,3696200000.0,-1873600000.0,1822600000.0,67194500000.0,47051000000.0,5572400000.0,2028400000.0,3622300000.0,8311900000.0
AMT,2023-12-31,,10012200000.0,7450700000.0,3536800000.0,1483300000.0,6004000000.0,,946000000.0,4722400000.0,-1798100000.0,2924300000.0,66027600000.0,46307000000.0,4198200000.0,1753700000.0,3710000000.0,7249300000.0
AMT,2024-12-31,,10127200000.0,7552800000.0,4603000000.0,2255000000.0,7154100000.0,,933400000.0,5290500000.0,-1590000000.0,3700500000.0,61077400000.0,43954100000.0,3382200000.0,1999600000.0,3178800000.0,7075600000.0
AMT,2025-12-31,,10644600000.0,7896500000.0,4929200000.0,2529500000.0,6445200000.0,,940700000.0,5464000000.0,-1680400000.0,3783600000.0,63190400000.0,44963900000.0,3652500000.0,1474800000.0,2741800000.0,6913800000.0
AMZN,2022-12-31,,513983000000.0,225152000000.0,12248000000.0,-2722000000.0,38352000000.0,,54129000000.0,46752000000.0,-63645000000.0,-16893000000.0,462675000000.0,140118000000.0,146043000000.0,53888000000.0,146791000000.0,155393000000.0
AMZN,2023-12-31,,574785000000.0,270046000000.0,36852000000.0,30425000000.0,89402000000.0,,56186000000.0,84946000000.0,-52729000000.0,32217000000.0,527854000000.0,135611000000.0,201875000000.0,73387000000.0,172351000000.0,164917000000.0
AMZN,2024-12-31,,637959000000.0,311671000000.0,68593000000.0,59248000000.0,123815000000.0,,55266000000.0,115877000000.0,-82999000000.0,32878000000.0,624894000000.0,130900000000.0,285970000000.0,78779000000.0,190867000000.0,179431000000.0
AMZN,2025-12-31,,716924000000.0,360510000000.0,79975000000.0,77670000000.0,165341000000.0,,58301000000.0,139514000000.0,-131819000000.0,7695000000.0,818042000000.0,152987000000.0,411065000000.0,86810000000.0,229083000000.0,218005000000.0
ANET,2022-12-31,,4381310000.0,2675696000.0,1527106000.0,1352446000.0,1589806000.0,728394000.0,420196000.0,492813000.0,-44644000.0,448169000.0,6775410000.0,43964000.0,4885820000.0,671707000.0,5550748000.0,1293531000.0
ANET,2023-12-31,,5860200000.0,3630300000.0,2257300000.0,2087300000.0,2327900000.0,854900000.0,518100000.0,2034000000.0,-34400000.0,1999600000.0,9956635000.0,,7219059000.0,1938606000.0,8400064000.0,1919435000.0
ANET,2024-12-31,,7003100000.0,4491300000.0,2944600000.0,2852100000.0,3006600000.0,996700000.0,550000000.0,3708200000.0,-32000000.0,3676200000.0,14043900000.0,,9994800000.0,2762400000.0,11910900000.0,2732200000.0
ANET,2025-12-31,,9005700000.0,5768700000.0,3856100000.0,3511400000.0,3928700000.0,1237300000.0,675300000.0,4371900000.0,-119500000.0,4252400000.0,19448600000.0,,12370500000.0,1963900000.0,16387000000.0,5376500000.0
AON,2021-12-31,,,,,,,,,,,,,,,,,
AON,2022-12-31,,12479000000.0,6002000000.0,3669000000.0,2589000000.0,3826000000.0,,1560000000.0,3219000000.0,-196000000.0,3023000000.0,32704000000.0,11677000000.0,-529000000.0,690000000.0,20723000000.0,20306000000.0
AON,2023-12-31,,13376000000.0,6474000000.0,3920000000.0,2564000000.0,3909000000.0,,1764000000.0,3435000000.0,-252000000.0,3183000000.0,33959000000.0,12032000000.0,-826000000.0,778000000.0,21704000000.0,21651000000.0
AON,2024-12-31,,15698000000.0,7415000000.0,4224000000.0,2654000000.0,4936000000.0,,1966000000.0,3035000000.0,-218000000.0,2817000000.0,48965000000.0,17892000000.0,6121000000.0,1085000000.0,23432000000.0,22995000000.0
AON,2025-12-31,,17181000000.0,8196000000.0,4709000000.0,3695000000.0,6540000000.0,,1953000000.0,3481000000.0,-263000000.0,3218000000.0,50784000000.0,16071000000.0,9352000000.0,1195000000.0,25774000000.0,23226000000.0
APD,2021-09-30,,,,,,,,,,,,,,,,,
APD,2022-09-30,,12698600000.0,3360100000.0,2412500000.0,2256100000.0,4220900000.0,102900000.0,900600000.0,3230200000.0,-2926500000.0,303700000.0,27192600000.0,8326900000.0,13144000000.0,2711000000.0,6282900000.0,3465800000.0
APD,2023-09-30,,12600000000.0,3767000000.0,2739200000.0,2300200000.0,4418200000.0,105600000.0,957000000.0,3206300000.0,-4626400000.0,-1420100000.0,32002500000.0,11031600000.0,14312900000.0,1617000000.0,5200500000.0,3895800000.0
APD,2024-09-30,,12100600000.0,3931900000.0,2947500000.0,3828200000.0,6491100000.0,100200000.0,942400000.0,3646700000.0,-6796700000.0,-3150000000.0,39574600000.0,15006100000.0,17036500000.0,2979700000.0,6363000000.0,4179600000.0
APD,2025-09-30,,12037300000.0,3781300000.0,2889000000.0,-394500000.0,1337500000.0,96300000.0,906100000.0,3256800000.0,-7022600000.0,-3765800000.0,41059500000.0,18406200000.0,15024900000.0,1856000000.0,5825800000.0,4218600000.0
APH,2021-12-31,,,,,,,,,,,,,,,,,
APH,2022-12-31,,12623000000.0,4028200000.0,2607300000.0,1902300000.0,2988700000.0,,1420900000.0,2174600000.0,-383800000.0,1790800000.0,15326200000.0,4577700000.0,7015600000.0,1373100000.0,6479100000.0,2676100000.0
APH,2023-12-31,,12554700000.0,4084100000.0,2594200000.0,1928000000.0,3000700000.0,,1489900000.0,2528700000.0,-372800000.0,2155900000.0,16526400000.0,4337300000.0,8346500000.0,1475000000.0,6835300000.0,3152700000.0
APH,2024-12-31,,15222700000.0,5139700000.0,3284300000.0,2424000000.0,3801400000.0,,1855400000.0,2814700000.0,-665400000.0,2149300000.0,21440200000.0,6886100000.0,9792000000.0,3317000000.0,9686000000.0,4083800000.0
APH,2025-12-31,,23094700000.0,8517700000.0,5972000000.0,4270300000.0,6890900000.0,,2545700000.0,5374700000.0,-996600000.0,4378100000.0,36236900000.0,15502000000.0,13413100000.0,11130600000.0,20267200000.0,6802800000.0
ASAN,2023-01-31,,547212000.0,490653000.0,-407826000.0,-407768000.0,-388224000.0,297209000.0,601270000.0,-160058000.0,-7157000.0,-167215000.0,954963000.0,271539000.0,356574000.0,526563000.0,660391000.0,332316000.0
ASAN,2024-01-31,,652504000.0,587980000.0,-269997000.0,-257030000.0,-235029000.0,324688000.0,533289000.0,-17931000.0,-13161000.0,-31092000.0,961960000.0,277881000.0,326396000.0,236663000.0,659716000.0,367213000.0
ASAN,2025-01-31,,723876000.0,646683000.0,-266735000.0,-255536000.0,-229545000.0,341467000.0,571951000.0,14925000.0,-12282000.0,2643000.0,891415000.0,263090000.0,227523000.0,184728000.0,600741000.0,415817000.0
ASAN,2026-01-31,,790806000.0,704047000.0,-197331000.0,-189024000.0,-158982000.0,301496000.0,599882000.0,90361000.0,-13379000.0,76982000.0,844088000.0,249418000.0,154117000.0,199835000.0,593348000.0,501020000.0
AVGO,2021-10-31,,,,,,,,,,,,,,,,,
AVGO,2022-10-31,,33203000000.0,22095000000.0,14282000000.0,11495000000.0,19155000000.0,4919000000.0,1382000000.0,16736000000.0,-424000000.0,16312000000.0,73249000000.0,39515000000.0,22709000000.0,12416000000.0,18504000000.0,7052000000.0
AVGO,2023-10-31,,35819000000.0,24690000000.0,16451000000.0,14082000000.0,20554000000.0,5253000000.0,1592000000.0,18085000000.0,-452000000.0,17633000000.0,72861000000.0,39229000000.0,23988000000.0,14189000000.0,20847000000.0,7405000000.0
AVGO,2024-10-31,,51574000000.0,32509000000.0,14996000000.0,5895000000.0,23879000000.0,9310000000.0,4959000000.0,19962000000.0,-548000000.0,19414000000.0,165645000000.0,67566000000.0,67678000000.0,9348000000.0,19595000000.0,16697000000.0
AVGO,2025-10-31,,63887000000.0,43294000000.0,26075000000.0,23126000000.0,34714000000.0,10977000000.0,4211000000.0,27537000000.0,-623000000.0,26914000000.0,171092000000.0,65136000000.0,81292000000.0,16178000000.0,31573000000.0,18514000000.0
AXP,2021-12-31,,,,,,,,,,,,,,,,,
AXP,2022-12-31,,52862000000.0,,,7514000000.0,,,12710000000.0,21079000000.0,-1855000000.0,19224000000.0,228354000000.0,43921000000.0,24711000000.0,33537000000.0,,
AXP,2023-12-31,,60515000000.0,,,8374000000.0,,,13280000000.0,18559000000.0,-1563000000.0,16996000000.0,261108000000.0,49159000000.0,28057000000.0,46530000000.0,,
AXP,2024-12-31,,65949000000.0,,,10129000000.0,,,14238000000.0,14050000000.0,-1911000000.0,12139000000.0,271461000000.0,51089000000.0,30264000000.0,40552000000.0,,
AXP,2025-12-31,,72230000000.0,,,10833000000.0,,,15268000000.0,18428000000.0,-2425000000.0,16003000000.0,300052000000.0,57759000000.0,33474000000.0,47708000000.0,,
AZO,2021-08-31,,,,,,,,,,,,,,,,,
AZO,2022-08-31,,16252230000.0,8472650000.0,3270729000.0,2429604000.0,3719000000.0,,5201921000.0,3211135000.0,-672391000.0,2538744000.0,15275043000.0,9296349000.0,-3538913000.0,264380000.0,6627984000.0,8588393000.0
AZO,2023-08-31,,17457209000.0,9070422000.0,3473986000.0,2528426000.0,3983617000.0,,5596436000.0,2940788000.0,-796657000.0,2144131000.0,15985878000.0,10929767000.0,-4349894000.0,277054000.0,6779426000.0,8511856000.0
AZO,2024-08-31,,18490268000.0,9817052000.0,3788708000.0,2662427000.0,4349775000.0,,6028344000.0,3004116000.0,-1072696000.0,1931420000.0,17176538000.0,12366969000.0,-4749614000.0,298172000.0,7306759000.0,8714243000.0
AZO,2025-08-31,,18938717000.0,9966474000.0,3610156000.0,2498247000.0,4234327000.0,,6356318000.0,3117337000.0,-1327257000.0,1790080000.0,19355324000.0,12288796000.0,-3414313000.0,271803000.0,8341379000.0,9519397000.0
BA,2022-12-31,,66608000000.0,3530000000.0,-3509000000.0,-4935000000.0,-482000000.0,2852000000.0,4187000000.0,3512000000.0,-1222000000.0,2290000000.0,137100000000.0,57277000000.0,-15883000000.0,14614000000.0,109523000000.0,90052000000.0
BA,2023-12-31,,77794000000.0,7724000000.0,-821000000.0,-2222000000.0,2315000000.0,3377000000.0,5168000000.0,5960000000.0,-1527000000.0,4433000000.0,137012000000.0,52603000000.0,-17233000000.0,12691000000.0,109275000000.0,95827000000.0
BA,2024-12-31,,66517000000.0,-1991000000.0,-10824000000.0,-11817000000.0,-7649000000.0,3812000000.0,5021000000.0,-12080000000.0,-2318000000.0,-14398000000.0,156363000000.0,54188000000.0,-3908000000.0,13801000000.0,127998000000.0,97078000000.0
BA,2025-12-31,,89463000000.0,4289000000.0,-5416000000.0,2235000000.0,7359000000.0,3615000000.0,6090000000.0,1065000000.0,-2951000000.0,-1886000000.0,168235000000.0,54433000000.0,5454000000.0,10921000000.0,128459000000.0,108115000000.0
BAC,2021-12-31,,,,,,,,,,,,,,,,,
BAC,2022-12-31,,94950000000.0,,,27528000000.0,,,45946000000.0,-6327000000.0,,-6327000000.0,3051375000000.0,302914000000.0,273197000000.0,237462000000.0,,
BAC,2023-12-31,,102769000000.0,,,26305000000.0,,,49815000000.0,44982000000.0,,44982000000.0,3180151000000.0,334302000000.0,291646000000.0,341419000000.0,,
BAC,2024-12-31,,105856000000.0,,,26973000000.0,,,49623000000.0,-8805000000.0,,-8805000000.0,3261299000000.0,326670000000.0,293963000000.0,296486000000.0,,
BAC,2025-12-31,,113097000000.0,,,30509000000.0,,,52246000000.0,12613000000.0,,12613000000.0,3411738000000.0,365904000000.0,303243000000.0,239319000000.0,,
BILL,2021-06-30,,,,,,,,,,,,,,,,,
BILL,2022-06-30,,641959000.0,496955000.0,-316818000.0,-326361000.0,-233756000.0,219818000.0,528181000.0,-18093000.0,-15636000.0,-33729000.0,9256026000.0,1855810000.0,4043694000.0,1596542000.0,6279390000.0,3408657000.0
BILL,2023-06-30,,1058468000.0,864491000.0,-295773000.0,-223725000.0,-119000000.0,314632000.0,764912000.0,187768000.0,-31203000.0,156565000.0,9636018000.0,1912305000.0,4085969000.0,1617151000.0,6673164000.0,3753436000.0
BILL,2024-06-30,,1290172000.0,1055556000.0,-146577000.0,-28878000.0,89788000.0,336754000.0,756202000.0,278771000.0,-20893000.0,257878000.0,9178813000.0,976847000.0,4134201000.0,985941000.0,6314817000.0,4063024000.0
BILL,2025-06-30,,1462570000.0,1190467000.0,-80602000.0,23799000.0,133677000.0,340059000.0,825624000.0,350644000.0,-40970000.0,309674000.0,10063982000.0,1772842000.0,3914040000.0,1038346000.0,7238793000.0,4588660000.0
BL,2022-12-31,,522938000.0,393553000.0,-52357000.0,-29391000.0,1255000.0,108893000.0,337017000.0,56013000.0,-30182000.0,25831000.0,1943656000.0,1401315000.0,111868000.0,200968000.0,1249567000.0,367821000.0
BL,2023-12-31,,589996000.0,443203000.0,25312000.0,52833000.0,116506000.0,103207000.0,314684000.0,126613000.0,-27597000.0,99016000.0,2100765000.0,1410469000.0,260881000.0,271117000.0,1407324000.0,642565000.0
BL,2024-12-31,,653336000.0,491371000.0,20256000.0,161174000.0,183801000.0,100973000.0,370142000.0,190836000.0,-26840000.0,163996000.0,1825036000.0,916602000.0,446669000.0,885915000.0,1092404000.0,422243000.0
BL,2025-12-31,,700427000.0,527042000.0,40178000.0,24518000.0,104912000.0,109202000.0,377662000.0,169567000.0,-34671000.0,134896000.0,1759519000.0,920407000.0,332326000.0,390034000.0,1025209000.0,695377000.0
BLK,2022-12-31,,17873000000.0,8684000000.0,6476000000.0,5178000000.0,6920000000.0,,2057000000.0,4956000000.0,-533000000.0,4423000000.0,117628000000.0,8489000000.0,37744000000.0,7416000000.0,18221000000.0,1294000000.0
BLK,2023-12-31,,17859000000.0,8582000000.0,6339000000.0,5502000000.0,7874000000.0,,2092000000.0,4165000000.0,-344000000.0,3821000000.0,123211000000.0,9702000000.0,39347000000.0,8736000000.0,19378000000.0,1240000000.0
BLK,2024-12-31,,20407000000.0,10086000000.0,7538000000.0,6369000000.0,9362000000.0,,2257000000.0,4956000000.0,-255000000.0,4701000000.0,138615000000.0,14222000000.0,47495000000.0,12762000000.0,25114000000.0,1536000000.0
BLK,2025-12-31,,24216000000.0,11310000000.0,7909000000.0,5553000000.0,9359000000.0,,2626000000.0,3927000000.0,-375000000.0,3552000000.0,169998000000.0,14996000000.0,55888000000.0,11468000000.0,27424000000.0,1740000000.0
BMY,2021-12-31,,,,,,,,,,,,,,,,,
BMY,2022-12-31,,46159000000.0,36022000000.0,9104000000.0,6327000000.0,19221000000.0,9509000000.0,7814000000.0,13066000000.0,-1118000000.0,11948000000.0,96820000000.0,40717000000.0,31061000000.0,9123000000.0,27273000000.0,21890000000.0
BMY,2023-12-31,,45006000000.0,34313000000.0,8195000000.0,8025000000.0,19366000000.0,9299000000.0,7772000000.0,13860000000.0,-1209000000.0,12651000000.0,95159000000.0,41464000000.0,29430000000.0,11464000000.0,31770000000.0,22262000000.0
BMY,2024-12-31,,48300000000.0,34332000000.0,5887000000.0,-8948000000.0,3168000000.0,11159000000.0,8414000000.0,15190000000.0,-1248000000.0,13942000000.0,92603000000.0,51200000000.0,16335000000.0,10346000000.0,29780000000.0,23774000000.0
BMY,2025-12-31,,48195000000.0,34259000000.0,13724000000.0,7054000000.0,15230000000.0,9951000000.0,7267000000.0,14156000000.0,-1311000000.0,12845000000.0,90038000000.0,47139000000.0,18473000000.0,10209000000.0,29390000000.0,23417000000.0
BOOT,2022-03-31,,1488256000.0,575073000.0,258338000.0,192450000.0,285725000.0,,316735000.0,88864000.0,-60443000.0,28421000.0,1199855000.0,306250000.0,599676000.0,20674000.0,541831000.0,336468000.0
BOOT,2023-03-31,,1657615000.0,610572000.0,231787000.0,170553000.0,267703000.0,,378785000.0,88887000.0,-124534000.0,-35647000.0,1517381000.0,447719000.0,776450000.0,18193000.0,669173000.0,374842000.0
BOOT,2024-03-31,,1667009000.0,614424000.0,198214000.0,146996000.0,249195000.0,,416210000.0,236080000.0,-118782000.0,117298000.0,1705592000.0,466757000.0,943643000.0,75847000.0,729649000.0,312808000.0
BOOT,2025-03-31,,1911104000.0,717038000.0,239352000.0,180942000.0,304096000.0,,477686000.0,147540000.0,-148293000.0,-753000.0,2018021000.0,563043000.0,1131057000.0,69770000.0,863960000.0,353349000.0
BROS,2021-12-31,,,,,,,,,,,,,,,,,
BROS,2022-12-31,,739012000.0,180916000.0,-2612000.0,-4753000.0,46092000.0,,183528000.0,59883000.0,-187880000.0,-127997000.0,1186360000.0,625417000.0,129118000.0,20178000.0,82322000.0,212679000.0
BROS,2023-12-31,,965776000.0,251296000.0,46222000.0,1718000.0,118375000.0,,203425000.0,139915000.0,-228457000.0,-88542000.0,1764010000.0,676581000.0,364345000.0,133545000.0,205259000.0,138116000.0
BROS,2024-12-31,,1281015000.0,340129000.0,106093000.0,35258000.0,204910000.0,,232757000.0,246432000.0,-221738000.0,24694000.0,2501085000.0,942909000.0,537369000.0,293354000.0,357941000.0,203071000.0
BROS,2025-12-31,,1638159000.0,423946000.0,161180000.0,79842000.0,279061000.0,,259387000.0,295545000.0,-241134000.0,54411000.0,3009314000.0,1089022000.0,680818000.0,269404000.0,357378000.0,240499000.0
BSX,2021-12-31,,,,,,,,,,,,,,,,,
BSX,2022-12-31,,12682000000.0,8727000000.0,2034000000.0,698000000.0,2747000000.0,1323000000.0,4520000000.0,1526000000.0,-612000000.0,914000000.0,32469000000.0,9282000000.0,17574000000.0,928000000.0,5760000000.0,3803000000.0
BSX,2023-12-31,,14240000000.0,9895000000.0,2417000000.0,1593000000.0,3446000000.0,1414000000.0,5190000000.0,2503000000.0,-800000000.0,1703000000.0,35136000000.0,9492000000.0,19281000000.0,865000000.0,6514000000.0,4933000000.0
BSX,2024-12-31,,16747000000.0,11490000000.0,3002000000.0,1854000000.0,3856000000.0,1615000000.0,5984000000.0,3435000000.0,-1070000000.0,2365000000.0,39395000000.0,10746000000.0,21770000000.0,414000000.0,6920000000.0,6399000000.0
BSX,2025-12-31,,20074000000.0,13853000000.0,3971000000.0,2898000000.0,5102000000.0,2052000000.0,6887000000.0,4534000000.0,-1130000000.0,3404000000.0,43673000000.0,11436000000.0,24232000000.0,1965000000.0,8794000000.0,5439000000.0
BX,2022-12-31,,7132632000.0,,,1747631000.0,,,1123346000.0,6336253000.0,-235497000.0,6100756000.0,42524227000.0,13371038000.0,7655911000.0,4252003000.0,,
BX,2023-12-31,,7006649000.0,,,1390880000.0,,,1236292000.0,4056906000.0,-224231000.0,3832675000.0,40287530000.0,12293882000.0,6816798000.0,2955866000.0,,
BX,2024-12-31,,10930540000.0,,,2776508000.0,,,1381585000.0,3481662000.0,-61409000.0,3420253000.0,43469875000.0,12286698000.0,8212321000.0,1972140000.0,,
BX,2025-12-31,,12410012000.0,,,3019214000.0,,,1573764000.0,4663161000.0,-115703000.0,4547458000.0,47708975000.0,13306165000.0,8665526000.0,2631241000.0,,
C,2022-12-31,,74480000000.0,,,14845000000.0,,,28305000000.0,25069000000.0,-5632000000.0,19437000000.0,2416676000000.0,318702000000.0,201189000000.0,342025000000.0,,
C,2023-12-31,,78090000000.0,,,9228000000.0,,,30712000000.0,-73416000000.0,-6583000000.0,-79999000000.0,2411834000000.0,324076000000.0,205453000000.0,260932000000.0,,
C,2024-12-31,,80672000000.0,,,12682000000.0,,,29745000000.0,-19669000000.0,-6500000000.0,-26169000000.0,2352945000000.0,335805000000.0,208598000000.0,276532000000.0,,
C,2025-12-31,,85213000000.0,,,14306000000.0,,,30823000000.0,-67632000000.0,-6520000000.0,-74152000000.0,2657202000000.0,367705000000.0,212291000000.0,349579000000.0,,
CAT,2021-12-31,,,,,,,,,,,,,,,,,
CAT,2022-12-31,,59427000000.0,17512000000.0,8829000000.0,6705000000.0,11414000000.0,1814000000.0,5651000000.0,7766000000.0,-2599000000.0,5167000000.0,81943000000.0,36993000000.0,15869000000.0,7004000000.0,43785000000.0,31531000000.0
CAT,2023-12-31,,67060000000.0,23263000000.0,12966000000.0,10335000000.0,15705000000.0,2108000000.0,6371000000.0,12885000000.0,-3092000000.0,9793000000.0,87476000000.0,37878000000.0,19494000000.0,6978000000.0,46949000000.0,34728000000.0
CAT,2024-12-31,,64809000000.0,23324000000.0,13072000000.0,10792000000.0,16038000000.0,2107000000.0,6667000000.0,12035000000.0,-3215000000.0,8820000000.0,87764000000.0,38409000000.0,19491000000.0,6889000000.0,45682000000.0,32272000000.0
CAT,2025-12-31,,67589000000.0,21478000000.0,11151000000.0,8884000000.0,14305000000.0,2148000000.0,6985000000.0,11739000000.0,-4286000000.0,7453000000.0,98585000000.0,43330000000.0,21318000000.0,9980000000.0,52485000000.0,36558000000.0
CB,2021-12-31,,,,,,,,,,,,,,,,,
CB,2022-12-31,,43055000000.0,,,5246000000.0,,,3395000000.0,11258000000.0,,11258000000.0,199017000000.0,14877000000.0,50519000000.0,2012000000.0,,
CB,2023-12-31,,49826000000.0,,,9028000000.0,,,4007000000.0,12632000000.0,,12632000000.0,230682000000.0,14495000000.0,59507000000.0,2449000000.0,,
CB,2024-12-31,,56010000000.0,,,9272000000.0,,,4380000000.0,16182000000.0,,16182000000.0,246548000000.0,15179000000.0,64021000000.0,2288000000.0,,
CB,2025-12-31,,59783000000.0,,,10310000000.0,,,4504000000.0,12816000000.0,,12816000000.0,272327000000.0,17227000000.0,73757000000.0,2272000000.0,,
CDNS,2022-12-31,,3561718000.0,3190095000.0,1073741000.0,848952000.0,1203727000.0,1251544000.0,846340000.0,1241894000.0,-124215000.0,1117679000.0,5137071000.0,887415000.0,2745113000.0,882325000.0,1706767000.0,1347696000.0
CDNS,2023-12-31,,4089986000.0,3654945000.0,1262238000.0,1041144000.0,1463854000.0,1441796000.0,932749000.0,1349176000.0,-102503000.0,1246673000.0,5669491000.0,764414000.0,3404271000.0,1008152000.0,1976217000.0,1590867000.0
CDNS,2024-12-31,,4641264000.0,3993762000.0,1382850000.0,1055484000.0,1666833000.0,1549093000.0,1031444000.0,1260551000.0,-142542000.0,1118009000.0,8974482000.0,2585076000.0,4673578000.0,2644030000.0,4016079000.0,1370105000.0
CDNS,2025-12-31,,5296759000.0,4574510000.0,1649781000.0,1108888000.0,1872428000.0,1768772000.0,1116020000.0,1728781000.0,-141871000.0,1586910000.0,10153148000.0,2616439000.0,5474181000.0,3001317000.0,4669673000.0,1635291000.0
CELH,2021-12-31,,,,,,,,,,,,,,,,,
CELH,2022-12-31,,653604000.0,270869000.0,-157801000.0,-187282000.0,-155884000.0,,428670000.0,108182000.0,-8264000.0,99918000.0,1222069000.0,1219000.0,864579000.0,614159000.0,917971000.0,161295000.0
CELH,2023-12-31,,1318014000.0,633139000.0,266366000.0,226801000.0,294975000.0,,366773000.0,141218000.0,-17433000.0,123785000.0,1536396000.0,2187000.0,1088528000.0,755981000.0,1204904000.0,276613000.0
CELH,2024-12-31,,1355630000.0,680207000.0,155728000.0,145074000.0,202324000.0,,524479000.0,262898000.0,-23390000.0,239508000.0,1766881000.0,20250000.0,1224417000.0,890190000.0,1324580000.0,365535000.0
CELH,2025-12-31,,2515269000.0,1267333000.0,468523000.0,107999000.0,203461000.0,,798810000.0,359442000.0,-36067000.0,323375000.0,5119621000.0,669926000.0,2941442000.0,398866000.0,1811154000.0,1078726000.0
CHWY,2022-01-31,,,,,,,,,,,,,,,,,
CHWY,2023-01-31,,10119000000.0,2834495000.0,56421000.0,49899000.0,138560000.0,,2778074000.0,349777000.0,-230310000.0,119467000.0,2519818000.0,471821000.0,160268000.0,331641000.0,1524780000.0,1827718000.0
CHWY,2024-01-31,,11147700000.0,3161500000.0,-23600000.0,39600000.0,161600000.0,,3185100000.0,486200000.0,-143300000.0,342900000.0,3186851000.0,527795000.0,510244000.0,602232000.0,2104348000.0,2110877000.0
CHWY,2025-01-31,,11861300000.0,3467700000.0,112600000.0,392700000.0,271800000.0,,3355100000.0,596300000.0,-143800000.0,452500000.0,3014500000.0,502400000.0,261500000.0,595800000.0,1662400000.0,2206700000.0
CHWY,2026-01-31,,12601500000.0,3753900000.0,254300000.0,222800000.0,397200000.0,,3499600000.0,691600000.0,-129200000.0,562400000.0,3366400000.0,518700000.0,497900000.0,860100000.0,2035800000.0,2301600000.0
CI,2021-12-31,,,,,,10921000000.0,,,,,,,,,,,
CI,2022-12-31,,180031000000.0,,,6704000000.0,12562000000.0,,13174000000.0,8656000000.0,-1295000000.0,7361000000.0,143885000000.0,31093000000.0,44675000000.0,5924000000.0,30122000000.0,41225000000.0
CI,2023-12-31,,195187000000.0,,,5164000000.0,9994000000.0,,14822000000.0,11813000000.0,-1573000000.0,10240000000.0,152761000000.0,30930000000.0,46223000000.0,7822000000.0,37351000000.0,48716000000.0
CI,2024-12-31,,244384000000.0,,,3434000000.0,9479000000.0,,14844000000.0,10363000000.0,-1406000000.0,8957000000.0,155881000000.0,31972000000.0,41033000000.0,7550000000.0,48870000000.0,57979000000.0
CI,2025-12-31,,274876000000.0,,,5957000000.0,,,14617000000.0,9601000000.0,-1212000000.0,8389000000.0,157919000000.0,31463000000.0,41713000000.0,7676000000.0,47814000000.0,56342000000.0
CL,2021-12-31,,,,,,,,,,,,,,,,,
CL,2022-12-31,,17967000000.0,10248000000.0,3617000000.0,1785000000.0,3372000000.0,,6565000000.0,2556000000.0,-696000000.0,1860000000.0,15731000000.0,9271000000.0,401000000.0,775000000.0,5113000000.0,4004000000.0
CL,2023-12-31,,19457000000.0,11326000000.0,4085000000.0,2300000000.0,4246000000.0,,7151000000.0,3745000000.0,-705000000.0,3040000000.0,16393000000.0,9064000000.0,609000000.0,966000000.0,5279000000.0,4741000000.0
CL,2024-12-31,,20101000000.0,12161000000.0,4330000000.0,2889000000.0,4853000000.0,,7729000000.0,4107000000.0,-561000000.0,3546000000.0,16046000000.0,8512000000.0,212000000.0,1096000000.0,5317000000.0,5759000000.0
CL,2025-12-31,,20382000000.0,12251000000.0,4233000000.0,2132000000.0,3956000000.0,,7903000000.0,4198000000.0,-564000000.0,3634000000.0,16330000000.0,8554000000.0,54000000.0,1288000000.0,5709000000.0,6853000000.0
CME,2021-12-31,,,,,,,,,,,,,,,,,
CME,2022-12-31,,5019400000.0,4266300000.0,3015900000.0,2691000000.0,4015600000.0,,137400000.0,3056000000.0,-89700000.0,2966300000.0,174175700000.0,3438400000.0,26878700000.0,2720100000.0,139078300000.0,137687500000.0
CME,2023-12-31,,5578900000.0,4750300000.0,3435700000.0,3226200000.0,4665600000.0,,144400000.0,3453800000.0,-76400000.0,3377400000.0,129706100000.0,3425400000.0,26737900000.0,2912000000.0,94890200000.0,93416900000.0
CME,2024-12-31,,6130100000.0,5279800000.0,3931500000.0,3525800000.0,5039100000.0,,132700000.0,3690500000.0,-94000000.0,3596500000.0,137447000000.0,3428000000.0,26486900000.0,2892400000.0,103033500000.0,102313900000.0
CME,2025-12-31,,6520600000.0,5613600000.0,4229500000.0,4072200000.0,5834800000.0,,150500000.0,4277100000.0,-83500000.0,4193600000.0,198424200000.0,3422300000.0,28728200000.0,4416900000.0,165359300000.0,160296700000.0
CMG,2021-12-31,,,,,,,,,,,,,,,,,
CMG,2022-12-31,,8634652000.0,2062119000.0,1211102000.0,899101000.0,1497928000.0,,564191000.0,1323179000.0,-479164000.0,844015000.0,6927504000.0,3731410000.0,2368023000.0,384000000.0,1175837000.0,921880000.0
CMG,2023-12-31,,9871649000.0,2586092000.0,1633114000.0,1228737000.0,1952508000.0,,633584000.0,1783477000.0,-560731000.0,1222746000.0,8044362000.0,4051625000.0,3062207000.0,560609000.0,1620713000.0,1030625000.0
CMG,2024-12-31,,11313853000.0,3017692000.0,1985179000.0,1534110000.0,2320209000.0,,697483000.0,2105076000.0,-593603000.0,1511473000.0,9204374000.0,4540618000.0,3655546000.0,748537000.0,1780587000.0,1168768000.0
CMG,2025-12-31,,11925601000.0,3026207000.0,2012808000.0,1535761000.0,2374190000.0,,652017000.0,2113926000.0,-666336000.0,1447590000.0,8994531000.0,5075814000.0,2830607000.0,350545000.0,1466953000.0,1188142000.0
COIN,2021-12-31,,,,,,,,,,-82873000.0,,,,,,,
COIN,2022-12-31,,3194208000.0,2564328000.0,-1947294000.0,-2624949000.0,-2821612000.0,2326354000.0,2110675000.0,-1585419000.0,-63971000.0,-1585419000.0,89724873000.0,3489745000.0,5454557000.0,4425021000.0,86448215000.0,80815293000.0
COIN,2023-12-31,,3108383000.0,1972833000.0,-53743000.0,94871000.0,145563000.0,1324541000.0,691775000.0,673376000.0,-63202000.0,673376000.0,14753901000.0,2983778000.0,6281649000.0,5139351000.0,11356794000.0,5485079000.0
COIN,2024-12-31,,6564028000.0,4908731000.0,2235435000.0,2579066000.0,3150807000.0,1468252000.0,1197111000.0,3103935000.0,,3103935000.0,22541951000.0,4694138000.0,10276842000.0,9308266000.0,18112653000.0,7941320000.0
COIN,2025-12-31,,7181325000.0,5360105000.0,1456145000.0,1260327000.0,1795906000.0,1670605000.0,1877229000.0,2426383000.0,,2426383000.0,29671832000.0,7831459000.0,14793058000.0,11285452000.0,20388445000.0,8701282000.0
COP,2021-12-31,,,,,,,,,,,,,,,,,
COP,2022-12-31,,78494000000.0,30013000000.0,25462000000.0,18680000000.0,37127000000.0,,623000000.0,28314000000.0,-10159000000.0,18155000000.0,93829000000.0,16643000000.0,48003000000.0,6458000000.0,18749000000.0,12847000000.0
COP,2023-12-31,,56141000000.0,18203000000.0,15026000000.0,10957000000.0,25783000000.0,,705000000.0,19965000000.0,-11248000000.0,8717000000.0,95924000000.0,18937000000.0,49279000000.0,5635000000.0,14330000000.0,10005000000.0
COP,2024-12-31,,54745000000.0,16383000000.0,12783000000.0,9245000000.0,24425000000.0,,1158000000.0,20124000000.0,-12118000000.0,8006000000.0,122780000000.0,24324000000.0,64796000000.0,5607000000.0,15647000000.0,12124000000.0
COP,2025-12-31,,58944000000.0,14788000000.0,11342000000.0,7988000000.0,25570000000.0,,893000000.0,19796000000.0,-12553000000.0,7243000000.0,121939000000.0,23444000000.0,64487000000.0,6497000000.0,15532000000.0,11972000000.0
COST,2021-08-31,,,,,,,,,,,,,,,,,
COST,2022-08-31,,226954000000.0,27572000000.0,7793000000.0,5844000000.0,9898000000.0,,19779000000.0,7392000000.0,-3891000000.0,3501000000.0,64166000000.0,9039000000.0,20642000000.0,10203000000.0,32696000000.0,31998000000.0
COST,2023-08-31,,242290000000.0,29704000000.0,8114000000.0,6292000000.0,10724000000.0,,21590000000.0,11068000000.0,-4323000000.0,6745000000.0,68994000000.0,8884000000.0,25058000000.0,13700000000.0,35879000000.0,33583000000.0
COST,2024-08-31,,254453000000.0,32095000000.0,9285000000.0,7367000000.0,12146000000.0,,22810000000.0,11339000000.0,-4710000000.0,6629000000.0,69831000000.0,8169000000.0,23622000000.0,9906000000.0,34246000000.0,35464000000.0
COST,2025-08-31,,275235000000.0,35349000000.0,10383000000.0,8099000000.0,13398000000.0,,24966000000.0,13335000000.0,-5498000000.0,7837000000.0,77099000000.0,8173000000.0,29164000000.0,14161000000.0,38380000000.0,37108000000.0
CRM,2022-01-31,,,,,,,,,,,,,,,,,
CRM,2023-01-31,,31352000000.0,22992000000.0,1858000000.0,208000000.0,5644000000.0,5055000000.0,16079000000.0,7111000000.0,-798000000.0,6313000000.0,98849000000.0,14088000000.0,58359000000.0,7016000000.0,26395000000.0,25891000000.0
CRM,2024-01-31,,34857000000.0,26316000000.0,5999000000.0,4136000000.0,9958000000.0,4906000000.0,14520000000.0,10234000000.0,-736000000.0,9498000000.0,99823000000.0,12588000000.0,59646000000.0,8472000000.0,29074000000.0,26631000000.0
CRM,2025-01-31,,37895000000.0,29252000000.0,7666000000.0,6197000000.0,11143000000.0,5493000000.0,15192000000.0,13092000000.0,-658000000.0,12434000000.0,102928000000.0,11392000000.0,61173000000.0,8848000000.0,29727000000.0,27980000000.0
CRM,2026-01-31,,41525000000.0,32255000000.0,8917000000.0,7457000000.0,12548000000.0,5993000000.0,16350000000.0,14996000000.0,-594000000.0,14402000000.0,112305000000.0,17176000000.0,59142000000.0,7327000000.0,28222000000.0,37118000000.0
CROX,2022-12-31,,3554985000.0,1860282000.0,850756000.0,540159000.0,893895000.0,,982706000.0,603142000.0,-104190000.0,498952000.0,4501797000.0,2594964000.0,817931000.0,191629000.0,1025975000.0,641274000.0
CROX,2023-12-31,,3962347000.0,2210010000.0,1046070000.0,792566000.0,1091927000.0,,1151064000.0,930444000.0,-115625000.0,814819000.0,4643834000.0,1996360000.0,1453923000.0,149288000.0,910704000.0,698296000.0
CROX,2024-12-31,,4102108000.0,2410258000.0,1045993000.0,950071000.0,1089689000.0,,1338032000.0,992486000.0,-69347000.0,923139000.0,4812153000.0,1701296000.0,1835732000.0,180485000.0,872269000.0,740208000.0
CROX,2025-12-31,,4040647000.0,2357055000.0,887630000.0,-81198000.0,240547000.0,,1435580000.0,710431000.0,-51231000.0,659200000.0,4174750000.0,1613849000.0,1293283000.0,130354000.0,885883000.0,700129000.0
CRWD,2022-01-31,,,,,,,,,,,,,,,,,
CRWD,2023-01-31,,2241236000.0,1640005000.0,-190112000.0,-183245000.0,-40754000.0,608364000.0,1221753000.0,941007000.0,-266437000.0,674570000.0,5026540000.0,783618000.0,1463641000.0,2455369000.0,3640267000.0,2109072000.0
CRWD,2024-01-31,,3055555000.0,2296626000.0,-19141000.0,72181000.0,276681000.0,780319000.0,1535448000.0,1166207000.0,-237112000.0,929095000.0,6646520000.0,792874000.0,2303950000.0,3375069000.0,4757307000.0,2697279000.0
CRWD,2025-01-31,,3953624000.0,2963452000.0,-116400000.0,-15241000.0,298831000.0,1075587000.0,2004265000.0,1381727000.0,-313821000.0,1067906000.0,8701578000.0,788901000.0,3279494000.0,4323295000.0,6113345000.0,3461050000.0
CRWD,2026-01-31,,4812005000.0,3593076000.0,-293292000.0,-162502000.0,182483000.0,1384770000.0,2501598000.0,1612349000.0,-370859000.0,1241490000.0,11086684000.0,820077000.0,4428390000.0,5230125000.0,7419119000.0,4184192000.0
CSCO,2022-07-31,,51557000000.0,32248000000.0,13975000000.0,11812000000.0,16794000000.0,6774000000.0,11186000000.0,13226000000.0,-477000000.0,12749000000.0,94002000000.0,9515000000.0,39773000000.0,7079000000.0,36717000000.0,25640000000.0
CSCO,2023-07-31,,56998000000.0,35753000000.0,15562000000.0,12613000000.0,17471000000.0,7551000000.0,12358000000.0,19886000000.0,-849000000.0,19037000000.0,101852000000.0,8391000000.0,44353000000.0,10123000000.0,43348000000.0,31309000000.0
CSCO,2024-07-31,,53803000000.0,34828000000.0,12970000000.0,10320000000.0,15747000000.0,7983000000.0,13177000000.0,10880000000.0,-670000000.0,10210000000.0,124413000000.0,30973000000.0,45457000000.0,7508000000.0,36862000000.0,40584000000.0
CSCO,2025-07-31,,56654000000.0,36790000000.0,12504000000.0,10180000000.0,15504000000.0,9300000000.0,13958000000.0,14193000000.0,-905000000.0,13288000000.0,122291000000.0,28093000000.0,46843000000.0,8346000000.0,34986000000.0,35064000000.0
CSX,2021-12-31,,,,,,,,,,,,,,,,,
CSX,2022-12-31,,14853000000.0,5716000000.0,5795000000.0,4114000000.0,7589000000.0,,-79000000.0,5526000000.0,-2113000000.0,3413000000.0,41912000000.0,18535000000.0,12615000000.0,1958000000.0,3849000000.0,2471000000.0
CSX,2023-12-31,,14657000000.0,5499000000.0,5528000000.0,3668000000.0,7245000000.0,,-29000000.0,5514000000.0,-2257000000.0,3257000000.0,42212000000.0,19024000000.0,11980000000.0,1353000000.0,3359000000.0,3223000000.0
CSX,2024-12-31,,14540000000.0,5353000000.0,5403000000.0,3470000000.0,7045000000.0,,-50000000.0,5247000000.0,-2529000000.0,2718000000.0,42764000000.0,18989000000.0,12502000000.0,933000000.0,2820000000.0,3276000000.0
CSX,2025-12-31,,14092000000.0,4685000000.0,4718000000.0,2889000000.0,6293000000.0,,-33000000.0,4613000000.0,-2902000000.0,1711000000.0,43682000000.0,19352000000.0,13155000000.0,670000000.0,2550000000.0,3133000000.0
CVX,2022-12-31,,235717000000.0,73982000000.0,39950000000.0,35465000000.0,65485000000.0,,4312000000.0,49602000000.0,-11974000000.0,37628000000.0,257709000000.0,23339000000.0,159282000000.0,17678000000.0,50343000000.0,34208000000.0
CVX,2023-12-31,,196913000000.0,60391000000.0,26229000000.0,21369000000.0,47815000000.0,,4141000000.0,35609000000.0,-15829000000.0,19780000000.0,261632000000.0,20836000000.0,160957000000.0,8178000000.0,41128000000.0,32258000000.0
CVX,2024-12-31,,193414000000.0,56926000000.0,18917000000.0,17661000000.0,45811000000.0,,4834000000.0,31492000000.0,-16448000000.0,15044000000.0,256938000000.0,24541000000.0,152318000000.0,6781000000.0,40911000000.0,38558000000.0
CVX,2025-12-31,,184432000000.0,56086000000.0,16674000000.0,12299000000.0,41417000000.0,,5126000000.0,33939000000.0,-17347000000.0,16592000000.0,324012000000.0,40758000000.0,186450000000.0,6293000000.0,38552000000.0,33387000000.0
DDOG,2022-12-31,,1675100000.0,1328357000.0,-58695000.0,-50160000.0,13094000.0,752351000.0,634701000.0,418407000.0,-64889000.0,353518000.0,3004852000.0,837521000.0,1410505000.0,338985000.0,2344234000.0,759748000.0
DDOG,2023-12-31,,2128359000.0,1718451000.0,-33464000.0,48568000.0,111002000.0,962447000.0,789468000.0,659954000.0,-62406000.0,597548000.0,3936072000.0,902337000.0,2025354000.0,330339000.0,3178137000.0,1003052000.0
DDOG,2024-12-31,,2684275000.0,2168744000.0,54284000.0,183746000.0,265941000.0,1152703000.0,961757000.0,870603000.0,-95500000.0,775103000.0,5785339000.0,1842180000.0,2714363000.0,1246983000.0,4911115000.0,1862713000.0
DDOG,2025-12-31,,3427158000.0,2740201000.0,-44373000.0,107741000.0,193836000.0,1548451000.0,1236123000.0,1050135000.0,-135418000.0,914717000.0,6643844000.0,1279005000.0,3732206000.0,401305000.0,5382280000.0,1591401000.0
DE,2021-10-31,,,,,,,,,,,,,,,,,
DE,2022-10-31,,51282000000.0,15730000000.0,9026000000.0,7131000000.0,12084000000.0,1912000000.0,3645000000.0,4699000000.0,-3788000000.0,911000000.0,90030000000.0,52201000000.0,20262000000.0,4774000000.0,64088000000.0,30477000000.0
DE,2023-10-31,,60248000000.0,22306000000.0,14591000000.0,10166000000.0,17476000000.0,2177000000.0,4309000000.0,8589000000.0,-4468000000.0,4121000000.0,104087000000.0,63692000000.0,21785000000.0,7458000000.0,76369000000.0,37782000000.0
DE,2024-10-31,,50518000000.0,19495000000.0,11427000000.0,7100000000.0,14672000000.0,2290000000.0,4507000000.0,9231000000.0,-4802000000.0,4429000000.0,107320000000.0,65463000000.0,22836000000.0,7324000000.0,77667000000.0,35960000000.0
DE,2025-10-31,,44665000000.0,16295000000.0,8416000000.0,5027000000.0,11656000000.0,2311000000.0,4241000000.0,7459000000.0,-4228000000.0,3231000000.0,105996000000.0,64250000000.0,25950000000.0,8276000000.0,74902000000.0,32455000000.0
DHR,2021-12-31,,,,,,,,,,,,,,,,,
DHR,2022-12-31,,26643000000.0,16188000000.0,7536000000.0,7209000000.0,9482000000.0,1528000000.0,7124000000.0,8519000000.0,-1118000000.0,7401000000.0,84350000000.0,20616000000.0,50082000000.0,5995000000.0,15883000000.0,8389000000.0
DHR,2023-12-31,,23890000000.0,14034000000.0,5202000000.0,4764000000.0,7496000000.0,1503000000.0,7329000000.0,7164000000.0,-1383000000.0,5781000000.0,84488000000.0,19536000000.0,53486000000.0,5864000000.0,13937000000.0,8274000000.0
DHR,2024-12-31,,23875000000.0,14206000000.0,4863000000.0,3899000000.0,7276000000.0,1584000000.0,7759000000.0,6688000000.0,-1392000000.0,5296000000.0,77542000000.0,17146000000.0,49543000000.0,2078000000.0,9497000000.0,6798000000.0
DHR,2025-12-31,,24568000000.0,14523000000.0,4690000000.0,3614000000.0,6945000000.0,1598000000.0,8235000000.0,6416000000.0,-1156000000.0,5260000000.0,83464000000.0,19696000000.0,52534000000.0,4615000000.0,12756000000.0,6807000000.0
DPZ,2021-12-31,,,,,,,,,,,,,,,,,
DPZ,2022-12-31,,4537158000.0,1648606000.0,746752000.0,452263000.0,851338000.0,,901854000.0,475317000.0,-87234000.0,388083000.0,1602221000.0,5252354000.0,-4189065000.0,60356000.0,790654000.0,536621000.0
DPZ,2023-12-31,,4479358000.0,1727417000.0,819668000.0,519118000.0,929555000.0,,907749000.0,590864000.0,-105396000.0,485468000.0,1674899000.0,5209306000.0,-4070367000.0,114098000.0,817291000.0,547350000.0
DPZ,2024-12-31,,4706416000.0,1848502000.0,879157000.0,584170000.0,1005817000.0,,969345000.0,624897000.0,-112885000.0,512012000.0,1737013000.0,5197241000.0,-3962291000.0,186126000.0,905278000.0,1612462000.0
DPZ,2025-12-31,,4939994000.0,1973560000.0,949946000.0,601704000.0,1055137000.0,,1023614000.0,792062000.0,-120558000.0,671504000.0,1716459000.0,5048284000.0,-3901142000.0,125675000.0,894201000.0,541621000.0
DUK,2022-12-31,,28768000000.0,12976000000.0,6424000000.0,2550000000.0,12360000000.0,,,5927000000.0,-11367000000.0,-5440000000.0,178086000000.0,74579000000.0,49322000000.0,409000000.0,13222000000.0,18873000000.0
DUK,2023-12-31,,29060000000.0,13756000000.0,7103000000.0,2841000000.0,13865000000.0,,,9878000000.0,-12604000000.0,-2726000000.0,176893000000.0,80457000000.0,49111000000.0,253000000.0,12769000000.0,17283000000.0
DUK,2024-12-31,,30357000000.0,15197000000.0,7938000000.0,4524000000.0,14997000000.0,,,12328000000.0,-12280000000.0,48000000.0,186343000000.0,85230000000.0,50127000000.0,314000000.0,12950000000.0,19357000000.0
DUK,2025-12-31,,32237000000.0,16498000000.0,8577000000.0,4968000000.0,17050000000.0,,,12330000000.0,-14024000000.0,-1694000000.0,195736000000.0,90869000000.0,51842000000.0,245000000.0,11613000000.0,21047000000.0
DUOL,2022-12-31,,369495000.0,270064000.0,-65195000.0,-59574000.0,-60325000.0,150444000.0,184815000.0,53656000.0,-10124000.0,43532000.0,747347000.0,28406000.0,542078000.0,608180000.0,697183000.0,181766000.0
DUOL,2023-12-31,,531109000.0,389004000.0,-13259000.0,16067000.0,-6164000.0,194352000.0,207911000.0,153614000.0,-13684000.0,139930000.0,953957000.0,21094000.0,655501000.0,747610000.0,897798000.0,277362000.0
DUOL,2024-12-31,,748024000.0,544379000.0,62595000.0,88574000.0,73449000.0,235298000.0,246486000.0,285513000.0,-21140000.0,264373000.0,1301728000.0,54656000.0,824550000.0,785791000.0,1101588000.0,422231000.0
DUOL,2025-12-31,,1037589000.0,749457000.0,135570000.0,414065000.0,149961000.0,306323000.0,307564000.0,387823000.0,-27399000.0,360424000.0,1992182000.0,93779000.0,1347006000.0,1036389000.0,1436606000.0,551148000.0
DXCM,2021-12-31,,,,,,,,,,,,,,,,,
DXCM,2022-12-31,,2909800000.0,1883100000.0,391200000.0,341200000.0,565300000.0,484200000.0,1007700000.0,669500000.0,-364800000.0,304700000.0,5391700000.0,2145000000.0,2131800000.0,642300000.0,3668800000.0,1839300000.0
DXCM,2023-12-31,,3622300000.0,2288900000.0,597700000.0,541500000.0,916700000.0,505800000.0,1185400000.0,748500000.0,-236600000.0,511900000.0,6264500000.0,2594000000.0,2068600000.0,566300000.0,4425900000.0,1556000000.0
DXCM,2024-12-31,,4033000000.0,2438200000.0,600000000.0,576200000.0,945700000.0,552400000.0,1285800000.0,989500000.0,-358800000.0,630700000.0,6484500000.0,2587400000.0,2102600000.0,606100000.0,4301400000.0,2932000000.0
DXCM,2025-12-31,,4662000000.0,2801900000.0,911800000.0,836300000.0,1358500000.0,599100000.0,1291000000.0,1440700000.0,-363500000.0,1077200000.0,6339900000.0,1389700000.0,2746000000.0,917700000.0,4033300000.0,2142500000.0
ECL,2021-12-31,,,,,,,,,,,,,,,,,
ECL,2022-12-31,,14187800000.0,5356800000.0,1703000000.0,1091700000.0,2534200000.0,,3653800000.0,1788400000.0,-712800000.0,1075600000.0,21464300000.0,9026500000.0,7236100000.0,598600000.0,5494200000.0,4210400000.0
ECL,2023-12-31,,15320200000.0,6165300000.0,2103700000.0,1372300000.0,3028000000.0,,4061600000.0,2411800000.0,-774800000.0,1637000000.0,21846600000.0,8733400000.0,8044700000.0,919500000.0,5644100000.0,4345800000.0
ECL,2024-12-31,,15741400000.0,6841700000.0,2613500000.0,2112400000.0,3846900000.0,,4228200000.0,2813900000.0,-994500000.0,1819400000.0,22387800000.0,8282700000.0,8757300000.0,1256800000.0,6025700000.0,4792800000.0
ECL,2025-12-31,,16081200000.0,7150400000.0,2892500000.0,2075600000.0,3830500000.0,,4257900000.0,2952600000.0,-1048300000.0,1904300000.0,24696300000.0,8997500000.0,9770800000.0,646200000.0,5955600000.0,5534700000.0
EL,2022-06-30,,17737000000.0,13432000000.0,3544000000.0,2390000000.0,3930000000.0,,9888000000.0,3040000000.0,-1040000000.0,2000000000.0,20910000000.0,7645000000.0,5590000000.0,3957000000.0,9298000000.0,5815000000.0
EL,2023-06-30,,15910000000.0,11346000000.0,1771000000.0,1006000000.0,2396000000.0,,9575000000.0,1731000000.0,-3289000000.0,-1558000000.0,23415000000.0,10169000000.0,5585000000.0,4029000000.0,9139000000.0,6240000000.0
EL,2024-06-30,,15608000000.0,11184000000.0,1563000000.0,390000000.0,1975000000.0,,9621000000.0,2360000000.0,-919000000.0,1441000000.0,21677000000.0,9826000000.0,5314000000.0,3395000000.0,7922000000.0,5702000000.0
EL,2025-06-30,,14326000000.0,10597000000.0,1141000000.0,-1133000000.0,146000000.0,,9456000000.0,1272000000.0,-602000000.0,670000000.0,19892000000.0,9467000000.0,3865000000.0,2921000000.0,7069000000.0,5435000000.0
ELV,2021-12-31,,,,,,,,15914000000.0,,,,,,,,,
ELV,2022-12-31,,156595000000.0,,,5894000000.0,,,17686000000.0,8399000000.0,-1152000000.0,7247000000.0,102755000000.0,24114000000.0,36243000000.0,7387000000.0,,
ELV,2023-12-31,,171340000000.0,,,5987000000.0,,,,8061000000.0,-1296000000.0,6765000000.0,108928000000.0,25120000000.0,39306000000.0,6526000000.0,,
ELV,2024-12-31,,176810000000.0,,,5980000000.0,,,,5808000000.0,-1256000000.0,4552000000.0,116889000000.0,31232000000.0,41315000000.0,8288000000.0,,
ELV,2025-12-31,,199125000000.0,,,5662000000.0,,,,4290000000.0,-1116000000.0,3174000000.0,121494000000.0,32046000000.0,43882000000.0,9491000000.0,,
EMR,2022-09-30,,13804000000.0,6306000000.0,2356000000.0,3231000000.0,3502000000.0,,3614000000.0,2922000000.0,-299000000.0,2623000000.0,35672000000.0,10686000000.0,10364000000.0,1804000000.0,8506000000.0,7777000000.0
EMR,2023-09-30,,15165000000.0,7427000000.0,2759000000.0,13219000000.0,4215000000.0,,4186000000.0,637000000.0,-363000000.0,274000000.0,42746000000.0,8561000000.0,20689000000.0,8051000000.0,13819000000.0,5032000000.0
EMR,2024-09-30,,17492000000.0,8885000000.0,2666000000.0,1968000000.0,4032000000.0,,5142000000.0,3332000000.0,-419000000.0,2913000000.0,44246000000.0,8356000000.0,21636000000.0,3588000000.0,10192000000.0,5742000000.0
EMR,2025-09-30,,18016000000.0,9519000000.0,3532000000.0,2293000000.0,4839000000.0,,5103000000.0,3098000000.0,-431000000.0,2667000000.0,41964000000.0,13759000000.0,20282000000.0,1544000000.0,8583000000.0,9797000000.0
ENPH,2021-12-31,,,,,,,,,,,,,,,,,
ENPH,2022-12-31,,2330853000.0,974595000.0,450645000.0,397362000.0,520261000.0,168846000.0,355104000.0,744817000.0,-46443000.0,698374000.0,3084280000.0,1295728000.0,825573000.0,473244000.0,2264271000.0,638219000.0
ENPH,2023-12-31,,2290786000.0,1058388000.0,461425000.0,438936000.0,596686000.0,227336000.0,369627000.0,696780000.0,-110401000.0,586379000.0,3383012000.0,1298958000.0,983624000.0,288748000.0,2443518000.0,532449000.0
ENPH,2024-12-31,,1330383000.0,629138000.0,90446000.0,102658000.0,210453000.0,201315000.0,337377000.0,513693000.0,-33604000.0,480089000.0,3249676000.0,1308195000.0,833016000.0,369110000.0,2327084000.0,660091000.0
ENPH,2025-12-31,,1472985000.0,687004000.0,164657000.0,172133000.0,289980000.0,189075000.0,333272000.0,136540000.0,-40639000.0,95901000.0,3509792000.0,1212588000.0,1087023000.0,474318000.0,2606860000.0,1262150000.0
EOG,2021-12-31,,,,,,,,,,,,,,,,,
EOG,2022-12-31,,29492000000.0,23032000000.0,14256000000.0,7759000000.0,13622000000.0,,7105000000.0,11093000000.0,-5000000000.0,6093000000.0,41371000000.0,5374000000.0,24779000000.0,5972000000.0,10475000000.0,5513000000.0
EOG,2023-12-31,,23182000000.0,16616000000.0,8892000000.0,7594000000.0,13329000000.0,,6349000000.0,11340000000.0,-6185000000.0,5155000000.0,43857000000.0,4124000000.0,28090000000.0,5278000000.0,9935000000.0,4074000000.0
EOG,2024-12-31,,23378000000.0,15976000000.0,8253000000.0,6403000000.0,12464000000.0,,6386000000.0,12143000000.0,-6372000000.0,5771000000.0,47186000000.0,5067000000.0,29351000000.0,7092000000.0,11230000000.0,5354000000.0
EOG,2025-12-31,,22582000000.0,14312000000.0,7250000000.0,4980000000.0,11058000000.0,,5615000000.0,10044000000.0,-6594000000.0,3450000000.0,51799000000.0,8408000000.0,29833000000.0,3396000000.0,7656000000.0,4691000000.0
EQIX,2021-12-31,,,,,,,,,,,,,,,,,
EQIX,2022-12-31,,7263000000.0,3512000000.0,1226000000.0,705000000.0,2922000000.0,,2286000000.0,2963000000.0,-2278000000.0,685000000.0,30310742000.0,16469554000.0,11505966000.0,1906421000.0,3305255000.0,1838298000.0
EQIX,2023-12-31,,8188000000.0,3960000000.0,1451000000.0,969000000.0,3370000000.0,,2509000000.0,3217000000.0,-2781000000.0,436000000.0,32651000000.0,17454000000.0,12489000000.0,2096000000.0,3568000000.0,3162000000.0
EQIX,2024-12-31,,8748000000.0,4281000000.0,1624000000.0,815000000.0,3443000000.0,,2657000000.0,3249000000.0,-3066000000.0,183000000.0,35085000000.0,18961000000.0,13528000000.0,3081000000.0,5447000000.0,3349000000.0
EQIX,2025-12-31,,9217000000.0,4709000000.0,1966000000.0,1350000000.0,4101000000.0,,2743000000.0,3911000000.0,-4311000000.0,-400000000.0,40141000000.0,22726000000.0,14156000000.0,1727000000.0,5125000000.0,3893000000.0
ETN,2021-12-31,,,,,,,,,,,,,,,,,
ETN,2022-12-31,,20752000000.0,6887000000.0,2995000000.0,2462000000.0,4009000000.0,665000000.0,3227000000.0,2533000000.0,-598000000.0,1935000000.0,35014000000.0,9114000000.0,17038000000.0,294000000.0,8746000000.0,6360000000.0
ETN,2023-12-31,,23196000000.0,8434000000.0,3885000000.0,3218000000.0,4904000000.0,754000000.0,3795000000.0,3624000000.0,-757000000.0,2867000000.0,38432000000.0,9802000000.0,19036000000.0,488000000.0,11675000000.0,7747000000.0
ETN,2024-12-31,,24878000000.0,9503000000.0,4632000000.0,3794000000.0,5617000000.0,794000000.0,4077000000.0,4327000000.0,-808000000.0,3519000000.0,38381000000.0,9821000000.0,18488000000.0,555000000.0,11801000000.0,7857000000.0
ETN,2025-12-31,,27448000000.0,10317000000.0,5209000000.0,4087000000.0,6179000000.0,797000000.0,4311000000.0,4472000000.0,-919000000.0,3553000000.0,41251000000.0,10532000000.0,19425000000.0,622000000.0,12355000000.0,9370000000.0
EXC,2021-12-31,,,,,,,,,,,,,,,,,
EXC,2022-12-31,,19078000000.0,8032000000.0,3317000000.0,2170000000.0,7175000000.0,,,4870000000.0,-7147000000.0,-2277000000.0,95349000000.0,40050000000.0,24744000000.0,407000000.0,7336000000.0,10611000000.0
EXC,2023-12-31,,21727000000.0,8927000000.0,4013000000.0,2328000000.0,7937000000.0,,,4703000000.0,-7408000000.0,-2705000000.0,101856000000.0,44008000000.0,25755000000.0,445000000.0,8087000000.0,9901000000.0
EXC,2024-12-31,,23028000000.0,9405000000.0,4307000000.0,2460000000.0,8175000000.0,,,5569000000.0,-7097000000.0,-1528000000.0,107784000000.0,46649000000.0,26921000000.0,357000000.0,8384000000.0,9611000000.0
EXC,2025-12-31,,24258000000.0,10414000000.0,5145000000.0,2768000000.0,9058000000.0,,,6254000000.0,-8529000000.0,-2275000000.0,116570000000.0,50080000000.0,28798000000.0,626000000.0,9546000000.0,10331000000.0
FCX,2021-12-31,,,,,,,,,,,,,,,,,
FCX,2022-12-31,,22780000000.0,7690000000.0,7034000000.0,3468000000.0,9294000000.0,,420000000.0,5139000000.0,-3469000000.0,1670000000.0,51093000000.0,10952000000.0,15555000000.0,8146000000.0,15613000000.0,6345000000.0
FCX,2023-12-31,,22855000000.0,7160000000.0,6225000000.0,1848000000.0,8589000000.0,,479000000.0,5279000000.0,-4824000000.0,455000000.0,52506000000.0,9853000000.0,16693000000.0,4758000000.0,14065000000.0,5815000000.0
FCX,2024-12-31,,25455000000.0,7660000000.0,6864000000.0,1889000000.0,9467000000.0,,513000000.0,7160000000.0,-4808000000.0,2352000000.0,54848000000.0,9738000000.0,17581000000.0,3923000000.0,13296000000.0,5496000000.0
FCX,2025-12-31,,25915000000.0,7297000000.0,6502000000.0,2204000000.0,8985000000.0,,545000000.0,5610000000.0,-4494000000.0,1116000000.0,58167000000.0,10492000000.0,18899000000.0,3824000000.0,13790000000.0,6019000000.0
FIVE,2022-01-31,,,,,,,,,,,,,,,,,
FIVE,2023-01-31,,3076308000.0,1095491000.0,345043000.0,261528000.0,450660000.0,,644831000.0,314926000.0,-251954000.0,62972000.0,3324911000.0,1496751000.0,1361929000.0,332324000.0,1066379000.0,602560000.0
FIVE,2024-01-31,,3559369000.0,1273825000.0,385571000.0,301106000.0,516318000.0,,757507000.0,499619000.0,-335050000.0,164569000.0,3872037000.0,1738550000.0,1584956000.0,179749000.0,1203542000.0,715926000.0
FIVE,2025-01-31,,3876527000.0,1352662000.0,323817000.0,253611000.0,491264000.0,,861398000.0,430648000.0,-323994000.0,106654000.0,4339574000.0,1981567000.0,1808327000.0,331718000.0,1351367000.0,756442000.0
FIVE,2026-01-31,,4764147000.0,1714686000.0,457399000.0,358641000.0,649522000.0,,1065164000.0,586428000.0,-174741000.0,411687000.0,4937019000.0,2032189000.0,2193290000.0,723699000.0,1916723000.0,954006000.0
GD,2022-12-31,,39407000000.0,6622000000.0,4211000000.0,3390000000.0,5311000000.0,,2411000000.0,4579000000.0,-1114000000.0,3465000000.0,51585000000.0,12114000000.0,18568000000.0,1242000000.0,21063000000.0,15341000000.0
GD,2023-12-31,,42272000000.0,6672000000.0,4245000000.0,3315000000.0,5246000000.0,,2427000000.0,4710000000.0,-904000000.0,3806000000.0,54810000000.0,11083000000.0,21299000000.0,1913000000.0,23615000000.0,16432000000.0
GD,2024-12-31,,47716000000.0,7364000000.0,4796000000.0,3782000000.0,5819000000.0,,2568000000.0,4112000000.0,-916000000.0,3196000000.0,55880000000.0,10676000000.0,22063000000.0,1697000000.0,24386000000.0,17824000000.0
GD,2025-12-31,,52550000000.0,7951000000.0,5356000000.0,4210000000.0,6429000000.0,,2595000000.0,5120000000.0,-1161000000.0,3959000000.0,57249000000.0,9789000000.0,25622000000.0,2333000000.0,24248000000.0,16796000000.0
GE,2021-12-31,,,,,,,,,,,,,,,,,
GE,2022-12-31,,29139000000.0,7560000000.0,3596000000.0,336000000.0,4045000000.0,808000000.0,3156000000.0,5917000000.0,-662000000.0,5255000000.0,188851000000.0,26148000000.0,33696000000.0,15810000000.0,58382000000.0,49428000000.0
GE,2023-12-31,,35348000000.0,9523000000.0,4717000000.0,9482000000.0,12649000000.0,1011000000.0,3795000000.0,5189000000.0,-862000000.0,4327000000.0,173300000000.0,20525000000.0,27403000000.0,15204000000.0,42556000000.0,32102000000.0
GE,2024-12-31,,38702000000.0,11965000000.0,6761000000.0,6556000000.0,9790000000.0,1286000000.0,3918000000.0,4710000000.0,-1032000000.0,3678000000.0,123140000000.0,19273000000.0,19342000000.0,13619000000.0,37635000000.0,34392000000.0
GE,2025-12-31,,45855000000.0,14438000000.0,8680000000.0,8704000000.0,12063000000.0,1580000000.0,4178000000.0,8537000000.0,-1273000000.0,7264000000.0,130169000000.0,20495000000.0,18677000000.0,12392000000.0,40595000000.0,38981000000.0
GILD,2022-12-31,,27281000000.0,21624000000.0,10974000000.0,4592000000.0,8852000000.0,4977000000.0,5673000000.0,9072000000.0,-728000000.0,8344000000.0,63171000000.0,25230000000.0,21240000000.0,5412000000.0,14443000000.0,11238000000.0
GILD,2023-12-31,,27116000000.0,20618000000.0,8838000000.0,5665000000.0,10496000000.0,5718000000.0,6062000000.0,8006000000.0,-585000000.0,7421000000.0,62125000000.0,24987000000.0,22833000000.0,6085000000.0,16085000000.0,11280000000.0
GILD,2024-12-31,,28754000000.0,22503000000.0,10596000000.0,480000000.0,4434000000.0,5907000000.0,6000000000.0,10828000000.0,-523000000.0,10305000000.0,58995000000.0,26711000000.0,19330000000.0,9991000000.0,19173000000.0,12004000000.0
GILD,2025-12-31,,29442000000.0,23208000000.0,11701000000.0,8510000000.0,13580000000.0,5799000000.0,5708000000.0,10019000000.0,-563000000.0,9456000000.0,59023000000.0,24936000000.0,22702000000.0,7564000000.0,18342000000.0,11813000000.0
GOOGL,2022-12-31,,282836000000.0,156633000000.0,74842000000.0,59972000000.0,85160000000.0,39500000000.0,42291000000.0,91495000000.0,-31485000000.0,60010000000.0,365264000000.0,29679000000.0,256144000000.0,21879000000.0,164795000000.0,69300000000.0
GOOGL,2023-12-31,,307394000000.0,174062000000.0,84293000000.0,73795000000.0,97971000000.0,45427000000.0,44342000000.0,101746000000.0,-32251000000.0,69495000000.0,402392000000.0,27121000000.0,283379000000.0,24048000000.0,171530000000.0,81814000000.0
GOOGL,2024-12-31,,350018000000.0,203712000000.0,112390000000.0,100118000000.0,135394000000.0,49326000000.0,41996000000.0,125299000000.0,-52535000000.0,72764000000.0,450256000000.0,22574000000.0,325084000000.0,23466000000.0,163711000000.0,89122000000.0
GOOGL,2025-12-31,,402836000000.0,240301000000.0,129039000000.0,132170000000.0,180698000000.0,61087000000.0,50175000000.0,164713000000.0,-91447000000.0,73266000000.0,595281000000.0,59291000000.0,415265000000.0,30708000000.0,206038000000.0,102745000000.0
GS,2022-12-31,,47365000000.0,,,11261000000.0,,,15960000000.0,8708000000.0,-3748000000.0,4960000000.0,1441799000000.0,324199000000.0,117189000000.0,241825000000.0,,
GS,2023-12-31,,46254000000.0,,,8516000000.0,,,16128000000.0,-12587000000.0,-2316000000.0,-14903000000.0,1641594000000.0,333248000000.0,116905000000.0,241577000000.0,,
GS,2024-12-31,,53512000000.0,,,14276000000.0,,,17352000000.0,-13212000000.0,-2091000000.0,-15303000000.0,1675972000000.0,342555000000.0,121996000000.0,182092000000.0,,
GS,2025-12-31,,58283000000.0,,,17176000000.0,,,19616000000.0,-45154000000.0,-2064000000.0,-47218000000.0,1809320000000.0,386150000000.0,124972000000.0,164259000000.0,,
GTLB,2022-01-31,,,,,,,,,,,,,,,,,
GTLB,2023-01-31,,424336000.0,372656000.0,-211411000.0,-173407000.0,-205818000.0,156143000.0,427924000.0,-77408000.0,-6070000.0,-83478000.0,1169200000.0,1129000.0,771020000.0,295402000.0,1117962000.0,306296000.0
GTLB,2024-01-31,,579906000.0,520198000.0,-187440000.0,-425677000.0,-180905000.0,200840000.0,506798000.0,35040000.0,-1598000.0,33442000.0,1321403000.0,410000.0,559771000.0,287996000.0,1284459000.0,677157000.0
GTLB,2025-01-31,,759249000.0,674109000.0,-142715000.0,-6326000.0,-131729000.0,239652000.0,577172000.0,-63971000.0,-3765000.0,-67736000.0,1399263000.0,275000.0,775909000.0,227649000.0,1336317000.0,545031000.0
GTLB,2026-01-31,,955224000.0,834481000.0,-70481000.0,-55956000.0,-59136000.0,274574000.0,630388000.0,232856000.0,-10827000.0,222029000.0,1722747000.0,187000.0,990668000.0,229576000.0,1655779000.0,652143000.0
HCA,2021-12-31,,,,,,,,26779000000.0,,,,,,,,,
HCA,2022-12-31,,60233000000.0,23177000000.0,9053000000.0,5643000000.0,13290000000.0,,27685000000.0,8522000000.0,-4395000000.0,4127000000.0,52438000000.0,40200000000.0,-2767000000.0,908000000.0,13643000000.0,9902000000.0
HCA,2023-12-31,,64968000000.0,25579000000.0,9627000000.0,5242000000.0,12721000000.0,,29487000000.0,9431000000.0,-4744000000.0,4687000000.0,56211000000.0,41859000000.0,-1774000000.0,935000000.0,14927000000.0,12655000000.0
HCA,2024-12-31,,70603000000.0,28678000000.0,10547000000.0,5760000000.0,13896000000.0,,31170000000.0,10514000000.0,-4875000000.0,5639000000.0,59513000000.0,45237000000.0,-2499000000.0,1933000000.0,16414000000.0,15177000000.0
HCA,2025-12-31,,75600000000.0,31374000000.0,11965000000.0,6784000000.0,15603000000.0,,,12636000000.0,-4944000000.0,7692000000.0,60720000000.0,48697000000.0,-6027000000.0,1040000000.0,15783000000.0,16350000000.0
HD,2022-01-31,,,,,,,,,,,,,,,,,
HD,2023-01-31,,157403000000.0,52778000000.0,24039000000.0,17105000000.0,27069000000.0,,26284000000.0,14615000000.0,-3119000000.0,11496000000.0,76445000000.0,50364000000.0,1562000000.0,2757000000.0,32471000000.0,23110000000.0
HD,2024-01-31,,152669000000.0,50960000000.0,21689000000.0,15143000000.0,25114000000.0,,26598000000.0,21172000000.0,-3226000000.0,17946000000.0,76530000000.0,52243000000.0,1044000000.0,3760000000.0,29775000000.0,22015000000.0
HD,2025-01-31,,159514000000.0,53308000000.0,21526000000.0,14806000000.0,25488000000.0,,28748000000.0,19810000000.0,-3485000000.0,16325000000.0,96119000000.0,62290000000.0,6640000000.0,1659000000.0,31683000000.0,28661000000.0
HD,2026-01-31,,164683000000.0,54865000000.0,20890000000.0,14156000000.0,25135000000.0,,30702000000.0,16325000000.0,-3679000000.0,12646000000.0,105095000000.0,65350000000.0,12813000000.0,1389000000.0,34391000000.0,32424000000.0
HON,2021-12-31,,,,,,,,,,,,,,,,,
HON,2022-12-31,,35466000000.0,13119000000.0,6427000000.0,4966000000.0,7997000000.0,1478000000.0,5214000000.0,5274000000.0,-766000000.0,4508000000.0,62275000000.0,20537000000.0,16697000000.0,9627000000.0,24982000000.0,19938000000.0
HON,2023-12-31,,33009000000.0,12372000000.0,6110000000.0,5658000000.0,7944000000.0,1375000000.0,4887000000.0,5340000000.0,-741000000.0,4599000000.0,61525000000.0,21536000000.0,15856000000.0,7925000000.0,23502000000.0,18539000000.0
HON,2024-12-31,,34717000000.0,13357000000.0,6668000000.0,5705000000.0,8444000000.0,1454000000.0,5235000000.0,6097000000.0,-871000000.0,5226000000.0,75196000000.0,32077000000.0,18619000000.0,9906000000.0,27908000000.0,21256000000.0
HON,2025-12-31,,37442000000.0,13829000000.0,6567000000.0,4729000000.0,8208000000.0,1812000000.0,5450000000.0,6408000000.0,-986000000.0,5422000000.0,73681000000.0,35563000000.0,13904000000.0,12487000000.0,30387000000.0,23414000000.0
IBM,2021-12-31,,,,,,,,,,,,,,,,,
IBM,2022-12-31,,60530000000.0,32687000000.0,8174000000.0,1640000000.0,7174000000.0,6567000000.0,18609000000.0,10435000000.0,-1972000000.0,8463000000.0,127243000000.0,54013000000.0,21944000000.0,7886000000.0,29118000000.0,31505000000.0
IBM,2023-12-31,,61860000000.0,34300000000.0,9382000000.0,7502000000.0,14693000000.0,6775000000.0,19003000000.0,13931000000.0,-1810000000.0,12121000000.0,135241000000.0,59935000000.0,22533000000.0,13068000000.0,32908000000.0,34122000000.0
IBM,2024-12-31,,62753000000.0,35551000000.0,10074000000.0,6023000000.0,12176000000.0,7479000000.0,17910000000.0,13445000000.0,-1685000000.0,11760000000.0,137175000000.0,58396000000.0,27307000000.0,13947000000.0,34482000000.0,33142000000.0
IBM,2025-12-31,,67536000000.0,39297000000.0,12492000000.0,10593000000.0,17284000000.0,8316000000.0,18141000000.0,13193000000.0,-1738000000.0,11455000000.0,151880000000.0,64607000000.0,32648000000.0,13587000000.0,36944000000.0,38658000000.0
ICE,2022-12-31,,9636000000.0,5202000000.0,3731000000.0,1446000000.0,3455000000.0,,440000000.0,3554000000.0,-482000000.0,3072000000.0,194338000000.0,18376000000.0,22706000000.0,1799000000.0,156947000000.0,149171000000.0
ICE,2023-12-31,,9903000000.0,5659000000.0,3963000000.0,2368000000.0,4917000000.0,,481000000.0,3542000000.0,-489000000.0,3053000000.0,136084000000.0,22912000000.0,25717000000.0,899000000.0,84973000000.0,84626000000.0
ICE,2024-12-31,,11761000000.0,6522000000.0,4413000000.0,2754000000.0,6075000000.0,,572000000.0,4609000000.0,-752000000.0,3857000000.0,139428000000.0,20703000000.0,27647000000.0,844000000.0,89095000000.0,89553000000.0
ICE,2025-12-31,,12640000000.0,7098000000.0,4999000000.0,3315000000.0,6709000000.0,,539000000.0,4662000000.0,-791000000.0,3871000000.0,136887000000.0,20279000000.0,28915000000.0,837000000.0,85778000000.0,84116000000.0
INTC,2022-12-31,,63054000000.0,26866000000.0,2336000000.0,8014000000.0,21299000000.0,17528000000.0,7002000000.0,15433000000.0,-24844000000.0,-9411000000.0,182103000000.0,42007000000.0,101423000000.0,11144000000.0,50407000000.0,32155000000.0
INTC,2023-12-31,,54228000000.0,21711000000.0,31000000.0,1689000000.0,11242000000.0,16046000000.0,5634000000.0,11471000000.0,-25750000000.0,-14279000000.0,191572000000.0,49266000000.0,105590000000.0,7079000000.0,43269000000.0,28053000000.0
INTC,2024-12-31,,53101000000.0,17345000000.0,-4708000000.0,-18756000000.0,1203000000.0,16546000000.0,5507000000.0,8288000000.0,-23944000000.0,-15656000000.0,196485000000.0,50011000000.0,99270000000.0,8249000000.0,47324000000.0,35666000000.0
INTC,2025-12-31,,52853000000.0,18375000000.0,-23000000.0,-267000000.0,14354000000.0,13774000000.0,4624000000.0,9697000000.0,-14646000000.0,-4949000000.0,211429000000.0,46585000000.0,114281000000.0,14265000000.0,63688000000.0,31575000000.0
INTU,2021-07-31,,,,,,,,,,,,,,,,,
INTU,2022-07-31,,12726000000.0,10320000000.0,2559000000.0,2066000000.0,3369000000.0,2347000000.0,4998000000.0,3889000000.0,-229000000.0,3660000000.0,27734000000.0,7540000000.0,16441000000.0,2796000000.0,5047000000.0,3630000000.0
INTU,2023-07-31,,14368000000.0,11225000000.0,3141000000.0,2384000000.0,4043000000.0,2539000000.0,5062000000.0,5046000000.0,-260000000.0,4786000000.0,27780000000.0,6689000000.0,17269000000.0,2848000000.0,5557000000.0,3790000000.0
INTU,2024-07-31,,16285000000.0,12820000000.0,3853000000.0,2963000000.0,4581000000.0,2754000000.0,5730000000.0,4884000000.0,-250000000.0,4634000000.0,32132000000.0,6567000000.0,18436000000.0,3609000000.0,9678000000.0,7491000000.0
INTU,2025-07-31,,18831000000.0,14983000000.0,4938000000.0,3869000000.0,5890000000.0,2928000000.0,6636000000.0,6207000000.0,-124000000.0,6083000000.0,36958000000.0,6639000000.0,19710000000.0,2884000000.0,14107000000.0,10370000000.0
ISRG,2022-12-31,,6222200000.0,4196000000.0,1577100000.0,1322300000.0,1942900000.0,879000000.0,1739900000.0,1490800000.0,-532400000.0,958400000.0,12974000000.0,,11041900000.0,1581200000.0,6253000000.0,1422100000.0
ISRG,2023-12-31,,7124100000.0,4729500000.0,1766800000.0,1798000000.0,2221600000.0,998800000.0,1963900000.0,1813800000.0,-1064200000.0,749600000.0,15441500000.0,,13307600000.0,2750100000.0,7888000000.0,1658700000.0
ISRG,2024-12-31,,8352100000.0,5634200000.0,2348900000.0,2322600000.0,2848600000.0,1145300000.0,2140000000.0,2415000000.0,-1111200000.0,1303800000.0,18743200000.0,,16433700000.0,2027400000.0,7111000000.0,1745300000.0
ISRG,2025-12-31,,10064700000.0,6642300000.0,2945500000.0,2856000000.0,3622600000.0,1311800000.0,2385000000.0,3030500000.0,-539800000.0,2490700000.0,20458700000.0,,17824000000.0,3368000000.0,9779500000.0,2006200000.0
ITW,2022-12-31,,15932000000.0,6503000000.0,3790000000.0,3034000000.0,4455000000.0,,2579000000.0,2348000000.0,-412000000.0,1936000000.0,15422000000.0,7949000000.0,3088000000.0,708000000.0,6270000000.0,4460000000.0
ITW,2023-12-31,,16107000000.0,6791000000.0,4040000000.0,2957000000.0,4484000000.0,,2638000000.0,3539000000.0,-455000000.0,3084000000.0,15518000000.0,8370000000.0,3012000000.0,1065000000.0,6235000000.0,4675000000.0
ITW,2024-12-31,,15898000000.0,7040000000.0,4264000000.0,3488000000.0,5107000000.0,,2675000000.0,3281000000.0,-437000000.0,2844000000.0,15067000000.0,8078000000.0,3316000000.0,948000000.0,5856000000.0,4308000000.0
ITW,2025-12-31,,16044000000.0,7075000000.0,4216000000.0,3066000000.0,4655000000.0,,2779000000.0,3126000000.0,-419000000.0,2707000000.0,16148000000.0,9211000000.0,3225000000.0,851000000.0,6200000000.0,5126000000.0
JNJ,2021-12-31,,,,,,,,,,,,,,,,,
JNJ,2022-12-31,,79990000000.0,55394000000.0,21013000000.0,17941000000.0,26605000000.0,14135000000.0,20246000000.0,21194000000.0,-4009000000.0,17185000000.0,187378000000.0,39642000000.0,76804000000.0,12889000000.0,55294000000.0,55802000000.0
JNJ,2023-12-31,,85159000000.0,58606000000.0,22009000000.0,35153000000.0,23320000000.0,15085000000.0,21512000000.0,22791000000.0,-5013000000.0,17778000000.0,167558000000.0,29332000000.0,68774000000.0,21859000000.0,53495000000.0,46282000000.0
JNJ,2024-12-31,,88821000000.0,61350000000.0,21249000000.0,14066000000.0,24781000000.0,17232000000.0,22869000000.0,24266000000.0,-6207000000.0,18059000000.0,180104000000.0,36634000000.0,71490000000.0,24105000000.0,55893000000.0,50321000000.0
JNJ,2025-12-31,,94193000000.0,63937000000.0,25596000000.0,26804000000.0,41055000000.0,14665000000.0,23676000000.0,24530000000.0,-5217000000.0,19313000000.0,199210000000.0,47933000000.0,81544000000.0,19709000000.0,55624000000.0,54126000000.0
JPM,2022-12-31,,127727000000.0,,,37676000000.0,,,45547000000.0,107119000000.0,,107119000000.0,3665743000000.0,339892000000.0,292332000000.0,567234000000.0,,
JPM,2023-12-31,,154952000000.0,,,49552000000.0,,,51056000000.0,12974000000.0,,12974000000.0,3875393000000.0,436537000000.0,327878000000.0,624151000000.0,,
JPM,2024-12-31,,169439000000.0,,,58471000000.0,,,56331000000.0,-42012000000.0,,-42012000000.0,4002814000000.0,454311000000.0,344758000000.0,469317000000.0,,
JPM,2025-12-31,,181847000000.0,,,57048000000.0,,,60018000000.0,-147782000000.0,,-147782000000.0,4424900000000.0,499982000000.0,362438000000.0,343338000000.0,,
KKR,2021-12-31,,,,,,,,,,,,,,,,,
KKR,2022-12-31,,5565056000.0,2006803000.0,-345578000.0,-521664000.0,1345738000.0,,2352381000.0,-5279259000.0,-85056000.0,-5364315000.0,275346636000.0,44074997000.0,18807767000.0,12823556000.0,43645263000.0,28877597000.0
KKR,2023-12-31,,14322870000.0,4860651000.0,2138148000.0,3732261000.0,9500580000.0,,2722503000.0,-1493812000.0,-108393000.0,-1602205000.0,317294194000.0,49387579000.0,22858694000.0,20348567000.0,191486333000.0,40628717000.0
KKR,2024-12-31,,21640288000.0,3841876000.0,926197000.0,3076245000.0,9166347000.0,,2915679000.0,6649878000.0,-141536000.0,6508342000.0,360099411000.0,50816440000.0,23651568000.0,14878493000.0,218748787000.0,53074454000.0
KKR,2025-12-31,,19207544000.0,3456678000.0,490198000.0,2370463000.0,10171075000.0,,2966480000.0,477760000.0,-160765000.0,316995000.0,410144072000.0,54537875000.0,30902561000.0,16892147000.0,243379872000.0,58248712000.0
KLAC,2021-06-30,,,,,,,,,,,,,,,,,
KLAC,2022-06-30,,9211883000.0,5619442000.0,3654181000.0,3321807000.0,4012920000.0,1105254000.0,860007000.0,3312702000.0,-307320000.0,3005382000.0,12597088000.0,6774305000.0,1401351000.0,1584908000.0,7168911000.0,2871083000.0
KLAC,2023-06-30,,10496056000.0,6277749000.0,3994696000.0,3387277000.0,4501243000.0,1296727000.0,986326000.0,3669805000.0,-341591000.0,3328214000.0,14072357000.0,6063132000.0,2919753000.0,1927865000.0,8372032000.0,3742842000.0
KLAC,2024-06-30,,9812247000.0,5884174000.0,3635684000.0,2761896000.0,3903015000.0,1278981000.0,969509000.0,3308575000.0,-277384000.0,3031191000.0,15433566000.0,6819643000.0,3368328000.0,1977129000.0,10031144000.0,4660774000.0
KLAC,2025-06-30,,12156162000.0,7404295000.0,5014227000.0,4061643000.0,5340702000.0,1360334000.0,1029734000.0,4081903000.0,-340209000.0,3741694000.0,16067926000.0,6088282000.0,4692453000.0,2078908000.0,10698789000.0,4085795000.0
KMB,2022-12-31,,20175000000.0,6219000000.0,2681000000.0,1934000000.0,3376000000.0,,3581000000.0,2733000000.0,-876000000.0,1857000000.0,17970000000.0,8549000000.0,547000000.0,427000000.0,5729000000.0,7334000000.0
KMB,2023-12-31,,17146000000.0,6269000000.0,2586000000.0,1764000000.0,2652000000.0,,3615000000.0,3542000000.0,-766000000.0,2776000000.0,17344000000.0,8114000000.0,915000000.0,1093000000.0,5703000000.0,6930000000.0
KMB,2024-12-31,,16805000000.0,6289000000.0,2797000000.0,2545000000.0,3469000000.0,,3930000000.0,3234000000.0,-721000000.0,2513000000.0,16546000000.0,7534000000.0,840000000.0,1010000000.0,5580000000.0,7004000000.0
KMB,2025-12-31,,16447000000.0,5923000000.0,2351000000.0,2021000000.0,3113000000.0,,3528000000.0,2777000000.0,-1138000000.0,1639000000.0,17098000000.0,7296000000.0,1502000000.0,688000000.0,5310000000.0,7125000000.0
KO,2021-12-31,,,,,,,,,,,,,,,,,
KO,2022-12-31,,43004000000.0,25004000000.0,12042000000.0,9542000000.0,13828000000.0,,12880000000.0,11018000000.0,-1484000000.0,9534000000.0,92763000000.0,39149000000.0,24105000000.0,9519000000.0,22591000000.0,19724000000.0
KO,2023-12-31,,45754000000.0,27234000000.0,13098000000.0,10714000000.0,15607000000.0,,13972000000.0,11599000000.0,-1852000000.0,9747000000.0,97703000000.0,42064000000.0,25941000000.0,9366000000.0,26732000000.0,23571000000.0
KO,2024-12-31,,47061000000.0,28737000000.0,14022000000.0,10631000000.0,15817000000.0,,14582000000.0,6805000000.0,-2064000000.0,4741000000.0,100549000000.0,44522000000.0,24856000000.0,10828000000.0,25997000000.0,25249000000.0
KO,2025-12-31,,47941000000.0,29544000000.0,14911000000.0,13107000000.0,18702000000.0,,14521000000.0,7408000000.0,-2112000000.0,5296000000.0,104816000000.0,45492000000.0,32169000000.0,10270000000.0,31044000000.0,21281000000.0
LIN,2021-12-31,,,,,,,,,,,,,,,,,
LIN,2022-12-31,,33364000000.0,13914000000.0,6460000000.0,4147000000.0,9962000000.0,143000000.0,3107000000.0,8864000000.0,-3173000000.0,5691000000.0,79658000000.0,18791000000.0,40028000000.0,5436000000.0,13047000000.0,16479000000.0
LIN,2023-12-31,,32854000000.0,15362000000.0,8105000000.0,6199000000.0,12217000000.0,146000000.0,3295000000.0,9305000000.0,-3787000000.0,5518000000.0,80811000000.0,20315000000.0,39720000000.0,4664000000.0,12620000000.0,15717000000.0
LIN,2024-12-31,,33005000000.0,15862000000.0,8595000000.0,6565000000.0,12836000000.0,150000000.0,3337000000.0,9423000000.0,-4497000000.0,4926000000.0,80147000000.0,22609000000.0,38092000000.0,4850000000.0,12945000000.0,14544000000.0
LIN,2025-12-31,,33986000000.0,16597000000.0,9254000000.0,6898000000.0,13124000000.0,147000000.0,3433000000.0,10350000000.0,-5261000000.0,5089000000.0,86817000000.0,28069000000.0,38245000000.0,5056000000.0,13325000000.0,15198000000.0
LLY,2021-12-31,,,,,,,,,,,,,,,,,
LLY,2022-12-31,,28541400000.0,21911600000.0,8280400000.0,6244800000.0,8660500000.0,7190800000.0,6440400000.0,7585700000.0,-2985300000.0,4600400000.0,49489800000.0,16238600000.0,10649800000.0,2067000000.0,18034500000.0,17138200000.0
LLY,2023-12-31,,34124000000.0,27042000000.0,10325000000.0,5240000000.0,11852000000.0,9313000000.0,7404000000.0,4240000000.0,-7392000000.0,-3152000000.0,64006300000.0,25225300000.0,10771900000.0,2818600000.0,25727000000.0,27293200000.0
LLY,2024-12-31,,45043000000.0,36625000000.0,17040000000.0,10590000000.0,18807000000.0,10991000000.0,8594000000.0,8818000000.0,-8404000000.0,414000000.0,78715000000.0,33644000000.0,14272000000.0,3268000000.0,32740000000.0,28376000000.0
LLY,2025-12-31,,65179000000.0,54127000000.0,29696000000.0,20640000000.0,31693000000.0,13337000000.0,11094000000.0,16813000000.0,-10849000000.0,5964000000.0,112476000000.0,42503000000.0,26535000000.0,7268000000.0,55629000000.0,35228000000.0
LMT,2021-12-31,,,,,,,,,,,,,,,,,
LMT,2022-12-31,,65984000000.0,8287000000.0,8348000000.0,5732000000.0,8707000000.0,,,7802000000.0,-1670000000.0,6132000000.0,52880000000.0,15547000000.0,9266000000.0,2547000000.0,20991000000.0,15887000000.0
LMT,2023-12-31,,67571000000.0,8479000000.0,8507000000.0,6920000000.0,10444000000.0,,,7920000000.0,-1691000000.0,6229000000.0,52456000000.0,17459000000.0,6835000000.0,1442000000.0,20521000000.0,16937000000.0
LMT,2024-12-31,,71043000000.0,6930000000.0,7013000000.0,5336000000.0,8815000000.0,,,6972000000.0,-1685000000.0,5287000000.0,55617000000.0,20270000000.0,6333000000.0,2483000000.0,21849000000.0,19420000000.0
LMT,2025-12-31,,75048000000.0,7619000000.0,7731000000.0,5017000000.0,8727000000.0,,,8557000000.0,-1649000000.0,6908000000.0,59840000000.0,21700000000.0,6721000000.0,4121000000.0,25362000000.0,23335000000.0
LOW,2022-01-31,,,,,,,,,,,,,,,,,
LOW,2023-01-31,,97059000000.0,32257000000.0,10159000000.0,6437000000.0,12177000000.0,,20332000000.0,8589000000.0,-1829000000.0,6760000000.0,43708000000.0,37994000000.0,-14254000000.0,1348000000.0,21442000000.0,19511000000.0
LOW,2024-01-31,,86377000000.0,28844000000.0,11557000000.0,7726000000.0,13581000000.0,,15570000000.0,8140000000.0,-1964000000.0,6176000000.0,41795000000.0,40145000000.0,-15050000000.0,921000000.0,19071000000.0,15568000000.0
LOW,2025-01-31,,83674000000.0,27877000000.0,10466000000.0,6957000000.0,12597000000.0,,15682000000.0,9625000000.0,-1927000000.0,7698000000.0,43102000000.0,39678000000.0,-14231000000.0,1761000000.0,20358000000.0,18757000000.0
LOW,2026-01-31,,86286000000.0,28885000000.0,10153000000.0,6654000000.0,12468000000.0,,16791000000.0,9864000000.0,-2213000000.0,7651000000.0,54144000000.0,44677000000.0,-9917000000.0,982000000.0,20955000000.0,19463000000.0
LRCX,2022-06-30,,17227039000.0,7871807000.0,5381822000.0,4605286000.0,5711612000.0,1604248000.0,885737000.0,3099674000.0,-546034000.0,2553640000.0,17195632000.0,5005830000.0,6278366000.0,3522001000.0,12285235000.0,4564759000.0
LRCX,2023-06-30,,17428516000.0,7776925000.0,5217010000.0,4510931000.0,5638104000.0,1727162000.0,832753000.0,5178938000.0,-501568000.0,4677370000.0,18781643000.0,5011541000.0,8210172000.0,5337056000.0,13228412000.0,4184918000.0
LRCX,2024-06-30,,14905386000.0,7052791000.0,4282100000.0,3827772000.0,4905157000.0,1902444000.0,868247000.0,4652269000.0,-396670000.0,4255599000.0,18744728000.0,4983334000.0,8539454000.0,5847856000.0,12883220000.0,4338438000.0
LRCX,2025-06-30,,18435591000.0,8979059000.0,5900968000.0,5358217000.0,6522609000.0,2096387000.0,981704000.0,6173264000.0,-759186000.0,5414078000.0,21345260000.0,4484505000.0,9861619000.0,6390659000.0,14516995000.0,6568425000.0
LULU,2022-01-31,,,,,,,,,,,,,,,,,
LULU,2023-01-31,,8110518000.0,4492340000.0,1726141000.0,854800000.0,2017932000.0,,2757447000.0,966463000.0,-638657000.0,327806000.0,5607038000.0,1070334000.0,3148799000.0,1154867000.0,3159453000.0,1492198000.0
LULU,2024-01-31,,9619278000.0,5609405000.0,2207177000.0,1550190000.0,2586561000.0,,3397218000.0,2296164000.0,-651865000.0,1644299000.0,7091941000.0,1403282000.0,4232081000.0,2243971000.0,4060577000.0,1631261000.0
LULU,2025-01-31,,10588126000.0,6270811000.0,2505697000.0,1814616000.0,2952221000.0,,3762379000.0,2272713000.0,-689232000.0,1583481000.0,7603292000.0,1575791000.0,4324047000.0,1984336000.0,3980302000.0,1839630000.0
LULU,2026-01-31,,11102600000.0,6284132000.0,2210615000.0,1579183000.0,2706843000.0,,4066556000.0,1602477000.0,-680802000.0,921675000.0,8456743000.0,1798441000.0,4961840000.0,1807202000.0,4262701000.0,1887548000.0
MA,2022-12-31,,22237000000.0,16974000000.0,12722000000.0,9930000000.0,12953000000.0,,3502000000.0,11195000000.0,-1097000000.0,10098000000.0,38724000000.0,14023000000.0,6298000000.0,7008000000.0,16606000000.0,14171000000.0
MA,2023-12-31,,25098000000.0,19076000000.0,14630000000.0,11195000000.0,15013000000.0,,3647000000.0,11980000000.0,-1088000000.0,10892000000.0,42448000000.0,15681000000.0,6929000000.0,8588000000.0,18961000000.0,16264000000.0
MA,2024-12-31,,28167000000.0,21494000000.0,16327000000.0,12874000000.0,16797000000.0,,4270000000.0,14780000000.0,-1194000000.0,13586000000.0,48081000000.0,18226000000.0,6485000000.0,8442000000.0,19724000000.0,19220000000.0
MA,2025-12-31,,32791000000.0,25540000000.0,19514000000.0,14968000000.0,20443000000.0,,4883000000.0,17648000000.0,-1215000000.0,16433000000.0,54157000000.0,19000000000.0,7737000000.0,10566000000.0,23558000000.0,22762000000.0
MCD,2022-12-31,,23182000000.0,13207000000.0,10345000000.0,6177000000.0,10903000000.0,,2492000000.0,7387000000.0,-1899000000.0,5488000000.0,50435600000.0,48699000000.0,-6003400000.0,2583800000.0,5424200000.0,3802100000.0
MCD,2023-12-31,,25495000000.0,14564000000.0,11747000000.0,8469000000.0,13861000000.0,,2435000000.0,9612000000.0,-2357000000.0,7255000000.0,56147000000.0,53091000000.0,-4706000000.0,4579000000.0,7986000000.0,6859000000.0
MCD,2024-12-31,,25920000000.0,14710000000.0,11851000000.0,8223000000.0,13948000000.0,,2412000000.0,9447000000.0,-2775000000.0,6672000000.0,55182000000.0,51948000000.0,-3796000000.0,1085000000.0,4599000000.0,3861000000.0
MCD,2025-12-31,,26885000000.0,15434000000.0,12394000000.0,8563000000.0,14678000000.0,,2583000000.0,10551000000.0,-3365000000.0,7186000000.0,59515000000.0,54814000000.0,-1790000000.0,774000000.0,4163000000.0,4361000000.0
MDB,2023-01-31,,1284040000.0,934736000.0,-346655000.0,-345398000.0,-294275000.0,421692000.0,859699000.0,-12970000.0,-7244000.0,-20214000.0,2588893000.0,1184830000.0,739508000.0,455826000.0,2236584000.0,588512000.0
MDB,2024-01-31,,1683011000.0,1258526000.0,-233732000.0,-176600000.0,-122004000.0,515940000.0,976318000.0,121477000.0,-6074000.0,115403000.0,2869642000.0,1183988000.0,1068989000.0,802959000.0,2483636000.0,564220000.0
MDB,2025-01-31,,2006443000.0,1471147000.0,-216064000.0,-129072000.0,-96534000.0,596837000.0,1090374000.0,150191000.0,-29550000.0,120641000.0,3430293000.0,36500000.0,2782224000.0,490133000.0,2923522000.0,561987000.0
MDB,2026-01-31,,2463797000.0,1767739000.0,-136968000.0,-71151000.0,-15151000.0,716303000.0,1188404000.0,505148000.0,-4960000.0,500188000.0,3758848000.0,32859000.0,2952358000.0,1083540000.0,3114855000.0,669496000.0
MDLZ,2021-12-31,,,,,,,,,,,,,,,,,
MDLZ,2022-12-31,,31496000000.0,11312000000.0,3796000000.0,2717000000.0,4763000000.0,,7384000000.0,3908000000.0,-906000000.0,3002000000.0,71161000000.0,23447000000.0,26883000000.0,1923000000.0,10091000000.0,16731000000.0
MDLZ,2023-12-31,,36016000000.0,13764000000.0,5611000000.0,4959000000.0,7645000000.0,,8002000000.0,4714000000.0,-1112000000.0,3602000000.0,71391000000.0,19945000000.0,28332000000.0,1810000000.0,11703000000.0,19013000000.0
MDLZ,2024-12-31,,36441000000.0,14257000000.0,6665000000.0,4611000000.0,8071000000.0,,7439000000.0,4910000000.0,-1387000000.0,3523000000.0,68497000000.0,18372000000.0,26932000000.0,1351000000.0,13242000000.0,19549000000.0
MDLZ,2025-12-31,,38537000000.0,10935000000.0,3620000000.0,2451000000.0,4971000000.0,,7173000000.0,4514000000.0,-1279000000.0,3235000000.0,71487000000.0,21804000000.0,25838000000.0,2125000000.0,12951000000.0,21864000000.0
MDT,2022-04-30,,31686000000.0,21541000000.0,5908000000.0,5039000000.0,8777000000.0,2746000000.0,10292000000.0,7346000000.0,-1368000000.0,5978000000.0,90981000000.0,24114000000.0,52551000000.0,3714000000.0,23059000000.0,12394000000.0
MDT,2023-04-30,,31227000000.0,20508000000.0,5830000000.0,3758000000.0,8697000000.0,2696000000.0,10415000000.0,6039000000.0,-1459000000.0,4580000000.0,90948000000.0,24364000000.0,51483000000.0,1543000000.0,21675000000.0,9051000000.0
MDT,2024-04-30,,32364000000.0,21148000000.0,5520000000.0,3676000000.0,8203000000.0,2735000000.0,10736000000.0,6787000000.0,-1587000000.0,5200000000.0,89981000000.0,25024000000.0,50214000000.0,1284000000.0,21935000000.0,10789000000.0
MDT,2025-04-30,,33537000000.0,21905000000.0,6540000000.0,4662000000.0,9218000000.0,2732000000.0,10849000000.0,7044000000.0,-1859000000.0,5185000000.0,91680000000.0,28516000000.0,48024000000.0,2218000000.0,23814000000.0,12879000000.0
META,2021-12-31,,,,,,,,,,,,,,,,,
META,2022-12-31,,116609000000.0,91360000000.0,28944000000.0,23200000000.0,37690000000.0,35338000000.0,27078000000.0,50475000000.0,-31186000000.0,19289000000.0,185727000000.0,26591000000.0,125713000000.0,14681000000.0,59549000000.0,27026000000.0
META,2023-12-31,,134902000000.0,108943000000.0,46751000000.0,39098000000.0,59052000000.0,38483000000.0,23709000000.0,71113000000.0,-27045000000.0,44068000000.0,229623000000.0,37234000000.0,153168000000.0,41862000000.0,85365000000.0,31960000000.0
META,2024-12-31,,164501000000.0,134340000000.0,69380000000.0,62360000000.0,86876000000.0,43873000000.0,21087000000.0,91328000000.0,-37256000000.0,54072000000.0,276054000000.0,49060000000.0,182637000000.0,43889000000.0,100045000000.0,33596000000.0
META,2025-12-31,,200966000000.0,164791000000.0,83276000000.0,60458000000.0,105713000000.0,57372000000.0,24143000000.0,115800000000.0,-69691000000.0,46109000000.0,366021000000.0,83897000000.0,217243000000.0,35873000000.0,108722000000.0,41836000000.0
MMM,2021-12-31,,,,,,,,,,,,,,,,,
MMM,2022-12-31,,26161000000.0,10308000000.0,1916000000.0,5777000000.0,6497000000.0,1160000000.0,7232000000.0,5591000000.0,-1749000000.0,3842000000.0,46455000000.0,16855000000.0,14722000000.0,3655000000.0,14688000000.0,9523000000.0
MMM,2023-12-31,,24610000000.0,9627000000.0,-10725000000.0,-6995000000.0,-8343000000.0,1154000000.0,19198000000.0,6680000000.0,-1615000000.0,5065000000.0,50580000000.0,16751000000.0,4807000000.0,5735000000.0,16379000000.0,15297000000.0
MMM,2024-12-31,,24575000000.0,10128000000.0,4822000000.0,4173000000.0,7373000000.0,1085000000.0,4221000000.0,1819000000.0,-1181000000.0,638000000.0,39868000000.0,13044000000.0,3842000000.0,5600000000.0,15884000000.0,11256000000.0
MMM,2025-12-31,,24948000000.0,9957000000.0,4791000000.0,3250000000.0,6467000000.0,1169000000.0,3997000000.0,2306000000.0,-910000000.0,1396000000.0,37733000000.0,12602000000.0,4702000000.0,5235000000.0,16387000000.0,9595000000.0
MRK,2021-12-31,,,,,,,,,,,,,,,,,
MRK,2022-12-31,,59283000000.0,41872000000.0,18282000000.0,14519000000.0,21315000000.0,13548000000.0,10042000000.0,19095000000.0,-4388000000.0,14707000000.0,109160000000.0,30691000000.0,45991000000.0,12694000000.0,35722000000.0,24239000000.0
MRK,2023-12-31,,60115000000.0,43989000000.0,2954000000.0,365000000.0,6907000000.0,30531000000.0,10504000000.0,13006000000.0,-3863000000.0,9143000000.0,106675000000.0,35055000000.0,37581000000.0,6841000000.0,32168000000.0,25694000000.0
MRK,2024-12-31,,64168000000.0,48975000000.0,20221000000.0,17117000000.0,25706000000.0,17938000000.0,10816000000.0,21468000000.0,-3372000000.0,18096000000.0,117106000000.0,37111000000.0,46313000000.0,13242000000.0,38782000000.0,28420000000.0
MRK,2025-12-31,,65011000000.0,48629000000.0,22107000000.0,18254000000.0,28262000000.0,15789000000.0,10733000000.0,16472000000.0,-4112000000.0,12360000000.0,136866000000.0,49339000000.0,52606000000.0,14565000000.0,43516000000.0,28327000000.0
MRNA,2021-12-31,,,,,,,,,,,,,,,,,
MRNA,2022-12-31,,18875000000.0,13459000000.0,9420000000.0,8362000000.0,9768000000.0,3295000000.0,1132000000.0,4981000000.0,-400000000.0,4581000000.0,25858000000.0,1200000000.0,19123000000.0,3205000000.0,13431000000.0,4923000000.0
MRNA,2023-12-31,,6754000000.0,2061000000.0,-4239000000.0,-4714000000.0,-3618000000.0,4845000000.0,1549000000.0,-3118000000.0,-707000000.0,-3825000000.0,18426000000.0,1243000000.0,13854000000.0,2907000000.0,10325000000.0,3015000000.0
MRNA,2024-12-31,,3199000000.0,1735000000.0,-3945000000.0,-3561000000.0,-3394000000.0,4543000000.0,1174000000.0,-3004000000.0,-1051000000.0,-4055000000.0,14142000000.0,747000000.0,10901000000.0,1927000000.0,8099000000.0,2206000000.0
MRNA,2025-12-31,,1922000000.0,1054000000.0,-3074000000.0,-2822000000.0,-2543000000.0,3132000000.0,1018000000.0,-1873000000.0,-202000000.0,-2075000000.0,12338000000.0,1305000000.0,8650000000.0,2595000000.0,6544000000.0,1987000000.0
MRVL,2022-01-31,,,,,,,,,,,,,,,,,
MRVL,2023-01-31,,5919600000.0,2987500000.0,359600000.0,-163500000.0,1648000000.0,1784300000.0,843600000.0,1288800000.0,-217300000.0,1071500000.0,22522100000.0,4737500000.0,15637200000.0,911000000.0,3281100000.0,2386700000.0
MRVL,2024-01-31,,5507700000.0,2293600000.0,-436600000.0,-933400000.0,850700000.0,1896200000.0,834000000.0,1370500000.0,-350200000.0,1020300000.0,21228500000.0,4401300000.0,14831400000.0,950800000.0,3062700000.0,1814200000.0
MRVL,2025-01-31,,5767300000.0,2382200000.0,-366400000.0,-885000000.0,651600000.0,1950400000.0,798200000.0,1681200000.0,-291600000.0,1389600000.0,20204500000.0,4343100000.0,13427000000.0,948300000.0,3120300000.0,2026800000.0
MRVL,2026-01-31,,8194600000.0,4180700000.0,1338400000.0,2670100000.0,4539800000.0,2075200000.0,767100000.0,1750500000.0,-358600000.0,1391900000.0,22285300000.0,4790300000.0,14308400000.0,2638800000.0,6460600000.0,3220500000.0
MS,2021-12-31,,,,,,,,,,,,,,,,,
MS,2022-12-31,,50210000000.0,,,11029000000.0,,,23958000000.0,-6397000000.0,-3078000000.0,-9475000000.0,1180231000000.0,246216000000.0,100141000000.0,92747000000.0,,
MS,2023-12-31,,50667000000.0,,,9087000000.0,,,25456000000.0,-33536000000.0,-3412000000.0,-36948000000.0,1193693000000.0,276387000000.0,99038000000.0,58661000000.0,,
MS,2024-12-31,,57621000000.0,,,13390000000.0,,,27143000000.0,1362000000.0,-3462000000.0,-2100000000.0,1215071000000.0,310421000000.0,104511000000.0,75743000000.0,,
MS,2025-12-31,,65966000000.0,,,16861000000.0,,,30245000000.0,-17889000000.0,-2898000000.0,-20787000000.0,1420270000000.0,370538000000.0,111632000000.0,81310000000.0,,
MSFT,2022-06-30,,198270000000.0,135620000000.0,83383000000.0,72738000000.0,100239000000.0,24512000000.0,27725000000.0,89035000000.0,-23886000000.0,65149000000.0,364840000000.0,61270000000.0,166542000000.0,13931000000.0,169684000000.0,95082000000.0
MSFT,2023-06-30,,211915000000.0,146052000000.0,88523000000.0,72361000000.0,105140000000.0,27195000000.0,30334000000.0,87582000000.0,-28107000000.0,59475000000.0,411976000000.0,59965000000.0,206223000000.0,34704000000.0,184257000000.0,104149000000.0
MSFT,2024-06-30,,245122000000.0,171008000000.0,109433000000.0,88136000000.0,133009000000.0,29510000000.0,32065000000.0,118548000000.0,-44477000000.0,74071000000.0,512163000000.0,67127000000.0,268477000000.0,18315000000.0,159734000000.0,125286000000.0
MSFT,2025-06-30,,281724000000.0,193893000000.0,128528000000.0,101832000000.0,160165000000.0,32488000000.0,32877000000.0,136162000000.0,-64551000000.0,71611000000.0,619003000000.0,60588000000.0,343479000000.0,30242000000.0,191131000000.0,141218000000.0
MU,2021-08-31,,,,,,,,,,,,,,,,,
MU,2022-08-31,,30758000000.0,13898000000.0,9709000000.0,8687000000.0,16876000000.0,3116000000.0,1066000000.0,15181000000.0,-12067000000.0,3114000000.0,66283000000.0,7516000000.0,49907000000.0,8262000000.0,21781000000.0,7539000000.0
MU,2023-08-31,,15540000000.0,-1416000000.0,-5405000000.0,-5833000000.0,2486000000.0,3114000000.0,920000000.0,1559000000.0,-7676000000.0,-6117000000.0,64254000000.0,13933000000.0,44120000000.0,8577000000.0,21244000000.0,4765000000.0
MU,2024-08-31,,25111000000.0,5613000000.0,1305000000.0,778000000.0,9582000000.0,3430000000.0,1129000000.0,8507000000.0,-8386000000.0,121000000.0,69416000000.0,14007000000.0,45131000000.0,7041000000.0,24372000000.0,9248000000.0
MU,2025-08-31,,37378000000.0,14873000000.0,9809000000.0,8539000000.0,18483000000.0,3798000000.0,1205000000.0,17525000000.0,-15857000000.0,1668000000.0,82798000000.0,15278000000.0,54165000000.0,9642000000.0,28841000000.0,11454000000.0
NCNO,2023-01-31,,408315000.0,238709000.0,-94013000.0,-102720000.0,-60314000.0,121576000.0,211146000.0,-15381000.0,-18338000.0,-33719000.0,1327269000.0,96536000.0,1024078000.0,82036000.0,207193000.0,205158000.0
NCNO,2024-01-31,,476543000.0,285073000.0,-39512000.0,-42346000.0,7463000.0,117311000.0,207274000.0,57285000.0,-3515000.0,53770000.0,1340430000.0,74226000.0,1049176000.0,112085000.0,250775000.0,215036000.0
NCNO,2025-01-31,,540657000.0,324788000.0,-18131000.0,-37878000.0,9548000.0,129422000.0,213497000.0,55199000.0,-1816000.0,53383000.0,1610381000.0,236824000.0,1089312000.0,120928000.0,302249000.0,251512000.0
NCNO,2026-01-31,,594781000.0,360169000.0,3727000.0,5180000.0,66419000.0,127528000.0,228914000.0,90065000.0,-7501000.0,82564000.0,1648106000.0,278695000.0,1055915000.0,88374000.0,293503000.0,294492000.0
NEE,2021-12-31,,,,,,,,,,,,,,,,,
NEE,2022-12-31,,20956000000.0,10139000000.0,3559000000.0,4147000000.0,9207000000.0,,,8262000000.0,-9742000000.0,-1480000000.0,158935000000.0,64966000000.0,39229000000.0,1601000000.0,13490000000.0,26695000000.0
NEE,2023-12-31,,28114000000.0,17976000000.0,9832000000.0,7310000000.0,16763000000.0,,,11301000000.0,-9548000000.0,1753000000.0,177489000000.0,73211000000.0,47468000000.0,2690000000.0,15361000000.0,27963000000.0
NEE,2024-12-31,,24753000000.0,14867000000.0,7127000000.0,6946000000.0,14033000000.0,,,13260000000.0,-8514000000.0,4746000000.0,190144000000.0,82333000000.0,50101000000.0,1487000000.0,11951000000.0,25355000000.0
NEE,2025-12-31,,27412000000.0,17069000000.0,8020000000.0,6835000000.0,16043000000.0,,,12485000000.0,-9274000000.0,3211000000.0,212721000000.0,95619000000.0,54608000000.0,2812000000.0,13584000000.0,22817000000.0
NEM,2021-12-31,,,,,,,,,,,,,,,,,
NEM,2022-12-31,,11915000000.0,3262000000.0,1605000000.0,-429000000.0,2361000000.0,229000000.0,276000000.0,3220000000.0,-2131000000.0,1089000000.0,38482000000.0,6132000000.0,19354000000.0,2877000000.0,6515000000.0,2926000000.0
NEM,2023-12-31,,11812000000.0,3005000000.0,708000000.0,-2494000000.0,320000000.0,200000000.0,299000000.0,2763000000.0,-2666000000.0,97000000.0,55506000000.0,9436000000.0,29027000000.0,3002000000.0,7512000000.0,5998000000.0
NEM,2024-12-31,,18682000000.0,7143000000.0,5910000000.0,3348000000.0,7528000000.0,197000000.0,442000000.0,6363000000.0,-3402000000.0,2961000000.0,56349000000.0,8972000000.0,29928000000.0,3619000000.0,12275000000.0,7543000000.0
NEM,2025-12-31,,22669000000.0,12063000000.0,11023000000.0,7085000000.0,14092000000.0,166000000.0,382000000.0,10334000000.0,-3035000000.0,7299000000.0,57121000000.0,5589000000.0,33867000000.0,7647000000.0,13066000000.0,5712000000.0
NET,2021-12-31,,,,,,,,,,,,,,,,,
NET,2022-12-31,,975241000.0,742631000.0,-201203000.0,-193381000.0,-83414000.0,298303000.0,645531000.0,123595000.0,-163364000.0,-39769000.0,2587908000.0,1577091000.0,623964000.0,204178000.0,1887884000.0,397870000.0
NET,2023-12-31,,1296745000.0,989740000.0,-185485000.0,-183949000.0,-36170000.0,358143000.0,817082000.0,254406000.0,-134942000.0,119464000.0,2759767000.0,1435203000.0,763047000.0,86864000.0,1983077000.0,567084000.0
NET,2024-12-31,,1669626000.0,1290924000.0,-154761000.0,-78800000.0,62047000.0,421374000.0,1024311000.0,380429000.0,-213514000.0,166915000.0,3301162000.0,1463213000.0,1046201000.0,147691000.0,2268997000.0,793654000.0
NET,2025-12-31,,2167937000.0,1615412000.0,-207205000.0,-102267000.0,105802000.0,512489000.0,1310128000.0,603114000.0,-342552000.0,260562000.0,6036256000.0,3518327000.0,1459123000.0,943536000.0,4644837000.0,2350563000.0
NFLX,2021-12-31,,,,,,,,,,,,,,,,,
NFLX,2022-12-31,,31615550000.0,12447265000.0,5632831000.0,4491924000.0,20332955000.0,2711041000.0,4103393000.0,2026257000.0,-407729000.0,1618528000.0,48594768000.0,14353076000.0,20777401000.0,5147176000.0,9266473000.0,7930974000.0
NFLX,2023-12-31,,33723297000.0,14007929000.0,6954003000.0,5407990000.0,21508387000.0,2675758000.0,4378168000.0,7274301000.0,-348552000.0,6925749000.0,48731992000.0,14543261000.0,20588313000.0,7116913000.0,9918133000.0,8860655000.0
NFLX,2024-12-31,,39000966000.0,17962502000.0,10417614000.0,8711631000.0,26314821000.0,2925295000.0,4619593000.0,7361364000.0,-439538000.0,6921826000.0,53630374000.0,15582804000.0,24743567000.0,7804733000.0,13100379000.0,10755400000.0
NFLX,2025-12-31,,45183036000.0,21907707000.0,13326603000.0,10981201000.0,30254617000.0,3391390000.0,5189714000.0,10149273000.0,-688220000.0,9461053000.0,55596993000.0,14462836000.0,26615488000.0,9033681000.0,13020191000.0,10980930000.0
NKE,2021-05-31,,,,,,,,,,,,,,,,,
NKE,2022-05-31,,46710000000.0,21479000000.0,6675000000.0,6046000000.0,7515000000.0,,14804000000.0,5188000000.0,-758000000.0,4430000000.0,40321000000.0,12627000000.0,15281000000.0,8574000000.0,28213000000.0,10730000000.0
NKE,2023-05-31,,51217000000.0,22292000000.0,5915000000.0,5070000000.0,6774000000.0,,16377000000.0,5841000000.0,-969000000.0,4872000000.0,37531000000.0,12144000000.0,14004000000.0,7441000000.0,25202000000.0,9256000000.0
NKE,2024-05-31,,51362000000.0,22887000000.0,6311000000.0,5700000000.0,7155000000.0,,16576000000.0,7429000000.0,-812000000.0,6617000000.0,38110000000.0,11952000000.0,14430000000.0,9860000000.0,25382000000.0,10593000000.0
NKE,2025-05-31,,46309000000.0,19790000000.0,3702000000.0,3219000000.0,4510000000.0,,16088000000.0,3698000000.0,-430000000.0,3268000000.0,36579000000.0,11018000000.0,13213000000.0,7464000000.0,23362000000.0,10566000000.0
NOC,2022-12-31,,36602000000.0,7474000000.0,3601000000.0,4896000000.0,7684000000.0,,3873000000.0,2901000000.0,-1435000000.0,1466000000.0,43755000000.0,13629000000.0,15312000000.0,2577000000.0,12488000000.0,11587000000.0
NOC,2023-12-31,,39290000000.0,6551000000.0,2537000000.0,2056000000.0,4229000000.0,,4014000000.0,3875000000.0,-1775000000.0,2100000000.0,46544000000.0,15678000000.0,14795000000.0,3109000000.0,13706000000.0,11942000000.0
NOC,2024-12-31,,41033000000.0,8362000000.0,4370000000.0,4174000000.0,7007000000.0,,3992000000.0,4388000000.0,-1767000000.0,2621000000.0,49359000000.0,16490000000.0,15290000000.0,4353000000.0,14274000000.0,14128000000.0
NOC,2025-12-31,,41954000000.0,8313000000.0,4280000000.0,4182000000.0,7205000000.0,,4033000000.0,4757000000.0,-1450000000.0,3307000000.0,51377000000.0,17019000000.0,16674000000.0,4403000000.0,15287000000.0,13882000000.0
NOW,2021-12-31,,,,,,,,,,,,,,,,,
NOW,2022-12-31,,7245000000.0,5672000000.0,355000000.0,325000000.0,788000000.0,1768000000.0,3549000000.0,2723000000.0,-550000000.0,2173000000.0,13299000000.0,2232000000.0,5032000000.0,1470000000.0,6654000000.0,6005000000.0
NOW,2023-12-31,,8971000000.0,7050000000.0,762000000.0,1731000000.0,1324000000.0,2124000000.0,4164000000.0,3398000000.0,-697000000.0,2701000000.0,17387000000.0,2284000000.0,7628000000.0,1897000000.0,7777000000.0,7365000000.0
NOW,2024-12-31,,10984000000.0,8697000000.0,1364000000.0,1425000000.0,2325000000.0,2543000000.0,4790000000.0,4267000000.0,-892000000.0,3375000000.0,20383000000.0,2278000000.0,9609000000.0,2304000000.0,9187000000.0,8358000000.0
NOW,2025-12-31,,13278000000.0,10295000000.0,1824000000.0,1748000000.0,3022000000.0,2960000000.0,5511000000.0,5444000000.0,-911000000.0,4533000000.0,26038000000.0,2403000000.0,12964000000.0,3726000000.0,10471000000.0,10443000000.0
NSC,2021-12-31,,,,,,,,,,,,,,,,,
NSC,2022-12-31,,12745000000.0,5239000000.0,5205000000.0,3270000000.0,6043000000.0,,-126000000.0,4222000000.0,-1948000000.0,2274000000.0,38885000000.0,15592000000.0,12733000000.0,456000000.0,2007000000.0,2649000000.0
NSC,2023-12-31,,12156000000.0,4435000000.0,4326000000.0,1827000000.0,4340000000.0,,-117000000.0,3179000000.0,-2327000000.0,852000000.0,41652000000.0,17571000000.0,12781000000.0,1568000000.0,3271000000.0,2632000000.0
NSC,2024-12-31,,12123000000.0,4543000000.0,4877000000.0,2622000000.0,5489000000.0,,-61000000.0,4052000000.0,-2381000000.0,1671000000.0,43682000000.0,17478000000.0,14306000000.0,1641000000.0,3188000000.0,3545000000.0
NSC,2025-12-31,,12180000000.0,4427000000.0,4571000000.0,2873000000.0,5850000000.0,,-86000000.0,4361000000.0,-2204000000.0,2157000000.0,45236000000.0,17305000000.0,15547000000.0,1530000000.0,3198000000.0,3775000000.0
NVDA,2022-01-31,,,,,,,,,,,,,,,,,
NVDA,2023-01-31,,26974000000.0,15356000000.0,5577000000.0,4368000000.0,5986000000.0,7339000000.0,2440000000.0,5641000000.0,-1833000000.0,3808000000.0,41182000000.0,12031000000.0,22101000000.0,3389000000.0,23073000000.0,6563000000.0
NVDA,2024-01-31,,60922000000.0,44301000000.0,32972000000.0,29760000000.0,35583000000.0,8675000000.0,2654000000.0,28090000000.0,-1069000000.0,27021000000.0,65728000000.0,11056000000.0,42978000000.0,7280000000.0,44345000000.0,10631000000.0
NVDA,2025-01-31,,130497000000.0,97858000000.0,81453000000.0,72880000000.0,86137000000.0,12914000000.0,3491000000.0,64089000000.0,-3236000000.0,60853000000.0,111601000000.0,9982000000.0,79327000000.0,8589000000.0,80126000000.0,18047000000.0
NVDA,2026-01-31,,215938000000.0,153463000000.0,130387000000.0,120067000000.0,144552000000.0,18497000000.0,4579000000.0,102718000000.0,-6042000000.0,96676000000.0,206803000000.0,11040000000.0,157293000000.0,10605000000.0,125605000000.0,32163000000.0
NXPI,2021-12-31,,,,,,,,,,,,,,,,,
NXPI,2022-12-31,,13205000000.0,7517000000.0,3794000000.0,2787000000.0,5040000000.0,2148000000.0,1066000000.0,3895000000.0,-1227000000.0,2668000000.0,23236000000.0,11165000000.0,7449000000.0,3618000000.0,6935000000.0,3270000000.0
NXPI,2023-12-31,,13276000000.0,7553000000.0,3676000000.0,2797000000.0,4896000000.0,2418000000.0,1159000000.0,3513000000.0,-1006000000.0,2507000000.0,24353000000.0,11175000000.0,8644000000.0,3648000000.0,7864000000.0,4111000000.0
NXPI,2024-12-31,,12614000000.0,7119000000.0,3472000000.0,2510000000.0,4422000000.0,2347000000.0,1164000000.0,2782000000.0,-876000000.0,1906000000.0,24385000000.0,10854000000.0,9183000000.0,3031000000.0,7305000000.0,3098000000.0
NXPI,2025-12-31,,12269000000.0,6716000000.0,3035000000.0,2021000000.0,3961000000.0,2360000000.0,1204000000.0,2820000000.0,-537000000.0,2283000000.0,26560000000.0,12222000000.0,10056000000.0,2906000000.0,7940000000.0,3881000000.0
O,2021-12-31,,,,,,,,,,,,,,,,,
O,2022-12-31,,3343681000.0,3117351000.0,1308503000.0,869408000.0,2978892000.0,,138459000.0,2563856000.0,,2563856000.0,49673092000.0,18600298000.0,28713149000.0,171102000.0,1773138000.0,3498808000.0
O,2023-12-31,,4078993000.0,3762029000.0,1722316000.0,872309000.0,3617493000.0,,144536000.0,2958769000.0,,2958769000.0,57779357000.0,21989695000.0,32941467000.0,232923000.0,2897717000.0,1890713000.0
O,2024-12-31,,5271142000.0,4893467000.0,2320928000.0,860772000.0,4327660000.0,,176895000.0,3573276000.0,,3573276000.0,68835039000.0,26757140000.0,38840738000.0,444962000.0,4019349000.0,2398472000.0
O,2025-12-31,,5749377000.0,5320577000.0,2593823000.0,1058590000.0,4785826000.0,,202554000.0,3994754000.0,,3994754000.0,72795612000.0,29345846000.0,39438695000.0,434842000.0,5108171000.0,3594827000.0
OPEN,2021-12-31,,,,,,,,,,,,,,,,,
OPEN,2022-12-31,,15567000000.0,667000000.0,-854000000.0,-1353000000.0,-876000000.0,169000000.0,1352000000.0,730000000.0,-37000000.0,693000000.0,6608000000.0,5400000000.0,1086000000.0,1137000000.0,6466000000.0,1505000000.0
OPEN,2023-12-31,,6946000000.0,487000000.0,-372000000.0,-275000000.0,9000000.0,167000000.0,692000000.0,2344000000.0,-37000000.0,2307000000.0,3567000000.0,2534000000.0,967000000.0,999000000.0,3445000000.0,70000000.0
OPEN,2024-12-31,,5153000000.0,433000000.0,-303000000.0,-392000000.0,-205000000.0,141000000.0,595000000.0,-595000000.0,-25000000.0,-620000000.0,3126000000.0,2317000000.0,713000000.0,671000000.0,2997000000.0,529000000.0
OPEN,2025-12-31,,4371000000.0,350000000.0,-277000000.0,-1300000000.0,-1123000000.0,79000000.0,548000000.0,1049000000.0,-12000000.0,1037000000.0,2407000000.0,1320000000.0,1005000000.0,962000000.0,2299000000.0,327000000.0
ORCL,2021-05-31,,,,,,,,,,,,,,,,,
ORCL,2022-05-31,,42440000000.0,33563000000.0,15830000000.0,6717000000.0,13526000000.0,7219000000.0,9364000000.0,9539000000.0,-4511000000.0,5028000000.0,109297000000.0,75859000000.0,-6220000000.0,21383000000.0,31633000000.0,19511000000.0
ORCL,2023-05-31,,49954000000.0,36390000000.0,13773000000.0,8503000000.0,18739000000.0,8623000000.0,10412000000.0,17165000000.0,-8695000000.0,8470000000.0,134384000000.0,90481000000.0,1073000000.0,9765000000.0,21004000000.0,23090000000.0
ORCL,2024-05-31,,52961000000.0,37818000000.0,16071000000.0,10467000000.0,21394000000.0,8915000000.0,9822000000.0,18673000000.0,-6866000000.0,11807000000.0,140976000000.0,93124000000.0,8704000000.0,10454000000.0,22554000000.0,31544000000.0
ORCL,2025-05-31,,57399000000.0,40472000000.0,18052000000.0,12443000000.0,23912000000.0,9860000000.0,10253000000.0,20821000000.0,-21215000000.0,-394000000.0,168361000000.0,104104000000.0,20451000000.0,10786000000.0,24579000000.0,32643000000.0
ORLY,2022-12-31,,14409860000.0,7381706000.0,2954491000.0,2172650000.0,3314308000.0,,4427215000.0,3148250000.0,-563342000.0,2584908000.0,12627979000.0,6545030000.0,-1060752000.0,108583000.0,5048259000.0,7063817000.0
ORLY,2023-12-31,,15812250000.0,8104803000.0,3186376000.0,2346581000.0,3615479000.0,,4918427000.0,3034084000.0,-1006264000.0,2027820000.0,13872995000.0,7841005000.0,-1739278000.0,279132000.0,5558302000.0,7661353000.0
ORLY,2024-12-31,,16708479000.0,8554489000.0,3251157000.0,2386680000.0,3729504000.0,,5303332000.0,3049576000.0,-1023387000.0,2026189000.0,14893741000.0,7920850000.0,-1370961000.0,130245000.0,5839895000.0,8283505000.0
ORLY,2025-12-31,,17781992000.0,9174141000.0,3460612000.0,2538209000.0,3986465000.0,,5713529000.0,2761993000.0,-1168815000.0,1593178000.0,16538253000.0,8491499000.0,-763352000.0,193793000.0,6744277000.0,8775821000.0
PANW,2021-07-31,,,,,,,,,,,,,,,,,
PANW,2022-07-31,,5501500000.0,3782800000.0,-188800000.0,-267000000.0,95600000.0,1417700000.0,2553900000.0,1984700000.0,-192800000.0,1791900000.0,12253600000.0,3952900000.0,210000000.0,2118500000.0,6414900000.0,8306300000.0
PANW,2023-07-31,,6892700000.0,4983000000.0,387300000.0,439700000.0,869000000.0,1604000000.0,2991700000.0,2777500000.0,-146300000.0,2631200000.0,14501100000.0,2270700000.0,1748400000.0,1135300000.0,6048000000.0,7737500000.0
PANW,2024-07-31,,8027500000.0,5968300000.0,683900000.0,2577600000.0,1276400000.0,1809400000.0,3475000000.0,3257600000.0,-156800000.0,3100800000.0,19990900000.0,1344400000.0,5169700000.0,1535200000.0,6849700000.0,7682700000.0
PANW,2025-07-31,,9221500000.0,6769900000.0,1242900000.0,1133900000.0,1941000000.0,1984100000.0,3542900000.0,3716000000.0,-246200000.0,3469800000.0,23576200000.0,338200000.0,7824400000.0,2268600000.0,7522800000.0,7988000000.0
PATH,2022-01-31,,,,,,,,,,,,,,,,,
PATH,2023-01-31,,1058581000.0,878530000.0,-348283000.0,-328352000.0,-329560000.0,285750000.0,941063000.0,-9981000.0,-23815000.0,-33796000.0,2735206000.0,63439000.0,1920158000.0,1402119000.0,2344407000.0,626452000.0
PATH,2024-01-31,,1308072000.0,1112148000.0,-164720000.0,-89883000.0,-142123000.0,332101000.0,944767000.0,299082000.0,-7342000.0,291740000.0,2954758000.0,67070000.0,2016114000.0,1061678000.0,2580412000.0,711691000.0
PATH,2025-01-31,,1429664000.0,1182722000.0,-162569000.0,-73694000.0,-145337000.0,380682000.0,964609000.0,320565000.0,-14923000.0,305642000.0,2865270000.0,77817000.0,1845762000.0,879196000.0,2338559000.0,798920000.0
PATH,2026-01-31,,1610572000.0,1339588000.0,56760000.0,282330000.0,73729000.0,385208000.0,897620000.0,371208000.0,-19048000.0,352160000.0,3179200000.0,81246000.0,2082587000.0,871157000.0,2243945000.0,905423000.0
PEP,2021-12-31,,,,,,,,,,,,,,,,,
PEP,2022-12-31,,86392000000.0,45816000000.0,11357000000.0,8910000000.0,14924000000.0,,34459000000.0,10811000000.0,-5207000000.0,5604000000.0,92187000000.0,39554000000.0,17149000000.0,4954000000.0,21539000000.0,26785000000.0
PEP,2023-12-31,,91471000000.0,49590000000.0,12913000000.0,9074000000.0,15754000000.0,,36677000000.0,13442000000.0,-5518000000.0,7924000000.0,100495000000.0,44661000000.0,18503000000.0,9711000000.0,26950000000.0,31647000000.0
PEP,2024-12-31,,91854000000.0,50110000000.0,12920000000.0,9578000000.0,16680000000.0,,37190000000.0,12507000000.0,-5318000000.0,7189000000.0,99467000000.0,44948000000.0,18041000000.0,8505000000.0,25826000000.0,31536000000.0
PEP,2025-12-31,,93925000000.0,50859000000.0,13491000000.0,8240000000.0,15543000000.0,,37368000000.0,12087000000.0,-4415000000.0,7672000000.0,107399000000.0,49901000000.0,20406000000.0,9159000000.0,27949000000.0,32764000000.0
PFE,2021-12-31,,,,,,,,,,,,,,,,,
PFE,2022-12-31,,101175000000.0,66831000000.0,37164000000.0,31372000000.0,41031000000.0,12381000000.0,13677000000.0,29267000000.0,-3236000000.0,26031000000.0,197205000000.0,34859000000.0,95661000000.0,416000000.0,51259000000.0,42138000000.0
PFE,2023-12-31,,59554000000.0,34600000000.0,4223000000.0,2119000000.0,9557000000.0,10873000000.0,14771000000.0,8700000000.0,-3907000000.0,4793000000.0,226501000000.0,70845000000.0,89014000000.0,2853000000.0,43333000000.0,47794000000.0
PFE,2024-12-31,,63627000000.0,45776000000.0,14830000000.0,8031000000.0,18127000000.0,10930000000.0,14730000000.0,12744000000.0,-2909000000.0,9835000000.0,213396000000.0,63649000000.0,88203000000.0,1043000000.0,50358000000.0,42995000000.0
PFE,2025-12-31,,62579000000.0,46512000000.0,15794000000.0,7771000000.0,16783000000.0,12050000000.0,13794000000.0,11704000000.0,-2629000000.0,9075000000.0,208160000000.0,63961000000.0,86476000000.0,1142000000.0,42898000000.0,36984000000.0
PG,2022-06-30,,80187000000.0,38030000000.0,17813000000.0,14742000000.0,21241000000.0,,20217000000.0,16723000000.0,-3156000000.0,13567000000.0,117208000000.0,32293000000.0,46589000000.0,7214000000.0,21653000000.0,33081000000.0
PG,2023-06-30,,82006000000.0,39246000000.0,18134000000.0,14653000000.0,21823000000.0,,21112000000.0,16848000000.0,-3062000000.0,13786000000.0,120829000000.0,35424000000.0,46777000000.0,8246000000.0,22648000000.0,35756000000.0
PG,2024-06-30,,84039000000.0,43191000000.0,19886000000.0,14879000000.0,22582000000.0,,23305000000.0,19846000000.0,-3322000000.0,16524000000.0,122370000000.0,33369000000.0,50286000000.0,9482000000.0,24709000000.0,33627000000.0
PG,2025-06-30,,84284000000.0,43120000000.0,20451000000.0,15974000000.0,23921000000.0,,22669000000.0,17817000000.0,-3773000000.0,14044000000.0,125231000000.0,35463000000.0,52012000000.0,9556000000.0,25392000000.0,36058000000.0
PGR,2021-12-31,,,,,,,,,,,,,,,,,
PGR,2022-12-31,,49587000000.0,,,722000000.0,,,,6849000000.0,-292000000.0,6557000000.0,75465000000.0,6388300000.0,15891000000.0,203500000.0,,
PGR,2023-12-31,,62083000000.0,,,3903000000.0,,,,10643000000.0,-252000000.0,10391000000.0,88691000000.0,6889000000.0,20277000000.0,85000000.0,,
PGR,2024-12-31,,75343000000.0,,,8480000000.0,,,,15119000000.0,-285000000.0,14834000000.0,105745000000.0,6893000000.0,25591000000.0,143000000.0,,
PGR,2025-12-31,,87637000000.0,,,11308000000.0,,,,17548000000.0,-348000000.0,17200000000.0,123039000000.0,6897000000.0,30323000000.0,125000000.0,,
PH,2021-06-30,,,,,,,,,,,,,,,,,
PH,2022-06-30,,15861608000.0,5311299000.0,2807238000.0,1315605000.0,2441242000.0,,2504061000.0,2441730000.0,-230044000.0,2211686000.0,25943943000.0,11480135000.0,8848011000.0,535799000.0,12046644000.0,5859318000.0
PH,2023-06-30,,19065000000.0,6429000000.0,3075000000.0,2083000000.0,4072000000.0,,3354000000.0,2980000000.0,-381000000.0,2599000000.0,29964472000.0,12559459000.0,10326888000.0,475182000.0,6834229000.0,7735370000.0
PH,2024-06-30,,19930000000.0,7128000000.0,3813000000.0,2844000000.0,5028000000.0,,3315000000.0,3384000000.0,-400000000.0,2984000000.0,29298000000.0,10560000000.0,12072000000.0,422000000.0,6799000000.0,7313000000.0
PH,2025-06-30,,19850000000.0,7315000000.0,4060000000.0,3531000000.0,5423000000.0,,3255000000.0,3776000000.0,-435000000.0,3341000000.0,29494000000.0,9285000000.0,13682000000.0,467000000.0,6950000000.0,5819000000.0
PLD,2021-12-31,,,,,,,,,,,,,,,,,
PLD,2022-12-31,,5973692000.0,4464598000.0,2280402000.0,3364856000.0,5795490000.0,,331083000.0,4126430000.0,,4126430000.0,87897448000.0,24514772000.0,53237282000.0,278483000.0,1687073000.0,3699579000.0
PLD,2023-12-31,,8023469000.0,6013134000.0,3084483000.0,3059214000.0,6567797000.0,,390406000.0,5373058000.0,,5373058000.0,93020840000.0,29598064000.0,53181724000.0,530388000.0,1794979000.0,3289062000.0
PLD,2024-12-31,,8201610000.0,6144369000.0,3098041000.0,3731635000.0,7532693000.0,,418765000.0,4912209000.0,,4912209000.0,95328909000.0,31494568000.0,53951138000.0,1318591000.0,2422879000.0,2642298000.0
PLD,2025-12-31,,8790127000.0,6555473000.0,3414302000.0,3328231000.0,7367603000.0,,469114000.0,5008434000.0,,5008434000.0,98724256000.0,35680534000.0,53193178000.0,1145647000.0,2435901000.0,2681055000.0
PNC,2022-12-31,,21114000000.0,,,6041000000.0,,,7599000000.0,9083000000.0,,9083000000.0,557263000000.0,58713000000.0,45774000000.0,34363000000.0,,
PNC,2023-12-31,,21509000000.0,,,5578000000.0,,,7778000000.0,10111000000.0,,10111000000.0,561580000000.0,72737000000.0,51105000000.0,50725000000.0,,
PNC,2024-12-31,,20809000000.0,,,5889000000.0,,,7664000000.0,7880000000.0,,7880000000.0,560038000000.0,61673000000.0,54425000000.0,46251000000.0,,
PNC,2025-12-31,,23077000000.0,,,6936000000.0,,,8160000000.0,4384000000.0,,4384000000.0,573572000000.0,57101000000.0,60585000000.0,39713000000.0,,
PYPL,2022-12-31,,27518000000.0,13773000000.0,4044000000.0,2419000000.0,4987000000.0,3253000000.0,4356000000.0,5813000000.0,-706000000.0,5107000000.0,78624000000.0,10417000000.0,20274000000.0,7776000000.0,57424000000.0,45008000000.0
PYPL,2023-12-31,,29771000000.0,13704000000.0,4944000000.0,4246000000.0,6830000000.0,2973000000.0,3868000000.0,4843000000.0,-623000000.0,4220000000.0,82166000000.0,9676000000.0,21051000000.0,9081000000.0,62569000000.0,48466000000.0
PYPL,2024-12-31,,31797000000.0,14658000000.0,5763000000.0,4147000000.0,6743000000.0,2979000000.0,4148000000.0,7450000000.0,-683000000.0,6767000000.0,78725000000.0,9879000000.0,20417000000.0,6662000000.0,58206000000.0,45490000000.0
PYPL,2025-12-31,,33172000000.0,15465000000.0,6396000000.0,5233000000.0,7696000000.0,3103000000.0,4262000000.0,6416000000.0,-852000000.0,5564000000.0,80173000000.0,9987000000.0,20256000000.0,8049000000.0,59759000000.0,46443000000.0
QCOM,2021-09-30,,,,,,,,,,,,,,,,,
QCOM,2022-09-30,,44200000000.0,25565000000.0,15860000000.0,12936000000.0,17250000000.0,8194000000.0,2570000000.0,9096000000.0,-2262000000.0,6834000000.0,49014000000.0,15482000000.0,18013000000.0,2773000000.0,20724000000.0,11866000000.0
QCOM,2023-09-30,,35820000000.0,19951000000.0,8650000000.0,7232000000.0,9946000000.0,8818000000.0,2483000000.0,11299000000.0,-1450000000.0,9849000000.0,51040000000.0,15398000000.0,21581000000.0,8450000000.0,22464000000.0,9628000000.0
QCOM,2024-09-30,,38962000000.0,21902000000.0,10253000000.0,10142000000.0,12739000000.0,8893000000.0,2759000000.0,12202000000.0,-1041000000.0,11161000000.0,55154000000.0,14634000000.0,26274000000.0,7849000000.0,25231000000.0,10504000000.0
QCOM,2025-09-30,,44284000000.0,24546000000.0,12394000000.0,5541000000.0,14929000000.0,9042000000.0,3110000000.0,14012000000.0,-1192000000.0,12820000000.0,50143000000.0,14811000000.0,21206000000.0,5520000000.0,25754000000.0,9144000000.0
REGN,2021-12-31,,,,,,,,,,,,,,,,,
REGN,2022-12-31,,12172900000.0,10612500000.0,4738900000.0,4338400000.0,5259600000.0,3847600000.0,2115900000.0,5014900000.0,-1616900000.0,3398000000.0,29214500000.0,2701400000.0,22664000000.0,3105900000.0,15884100000.0,3141300000.0
REGN,2023-12-31,,13117200000.0,11301400000.0,4047100000.0,3953600000.0,4693300000.0,4625100000.0,2631300000.0,4594000000.0,-926400000.0,3667600000.0,33080200000.0,2702900000.0,25973100000.0,2730000000.0,19479200000.0,3423400000.0
REGN,2024-12-31,,14202000000.0,12231500000.0,3990700000.0,4412600000.0,5318000000.0,5233000000.0,2954400000.0,4420500000.0,-881600000.0,3538900000.0,37759400000.0,2704400000.0,29353600000.0,2488200000.0,18660900000.0,3944300000.0
REGN,2025-12-31,,14342900000.0,12242200000.0,3702000000.0,4504900000.0,5818200000.0,5850200000.0,2700000000.0,4978900000.0,-1213700000.0,3765200000.0,40558700000.0,2705900000.0,31256900000.0,3118100000.0,18021900000.0,4368400000.0
ROST,2023-01-31,,18695829000.0,4749599000.0,1990331000.0,1512041000.0,2462692000.0,,2759268000.0,1689373000.0,-654070000.0,1035303000.0,13416463000.0,5706447000.0,4288583000.0,4551876000.0,6904719000.0,3636246000.0
ROST,2024-01-31,,20376941000.0,5575340000.0,2307663000.0,1874520000.0,2965302000.0,,3267677000.0,2514490000.0,-762812000.0,1751678000.0,14300109000.0,5747704000.0,4871326000.0,4872446000.0,7398138000.0,4185796000.0
ROST,2025-01-31,,21129219000.0,5868713000.0,2585586000.0,2090730000.0,3267329000.0,,3283127000.0,2356988000.0,-720104000.0,1636884000.0,14905332000.0,5682429000.0,5509195000.0,4730744000.0,7538696000.0,4661825000.0
ROST,2026-01-31,,22750559000.0,6303303000.0,2707357000.0,2145044000.0,3389490000.0,,3595946000.0,3026883000.0,-819275000.0,2207608000.0,15548737000.0,5212338000.0,6187443000.0,4594392000.0,7640097000.0,4827180000.0
RTX,2021-12-31,,,,,,,,,,,,,,,,,
RTX,2022-12-31,,67074000000.0,13668000000.0,5504000000.0,5197000000.0,11525000000.0,2711000000.0,5573000000.0,7168000000.0,-2775000000.0,4393000000.0,158864000000.0,33500000000.0,72632000000.0,6220000000.0,42443000000.0,39114000000.0
RTX,2023-12-31,,68920000000.0,12089000000.0,3561000000.0,3195000000.0,9700000000.0,2805000000.0,5809000000.0,7883000000.0,-3166000000.0,4717000000.0,161869000000.0,45239000000.0,59798000000.0,6587000000.0,48417000000.0,46761000000.0
RTX,2024-12-31,,80738000000.0,15410000000.0,6538000000.0,4774000000.0,12528000000.0,2934000000.0,5806000000.0,7159000000.0,-3236000000.0,3923000000.0,162861000000.0,42893000000.0,60156000000.0,5578000000.0,51133000000.0,51499000000.0
RTX,2025-12-31,,88603000000.0,17789000000.0,9300000000.0,6732000000.0,14946000000.0,2807000000.0,6095000000.0,10567000000.0,-3119000000.0,7448000000.0,171079000000.0,39506000000.0,65245000000.0,7435000000.0,60332000000.0,58784000000.0
RUN,2021-12-31,,,,,,,,,,,,,,,,,
RUN,2022-12-31,,2321422000.0,298712000.0,-662192000.0,173377000.0,49511000.0,20907000.0,939997000.0,-848793000.0,-2011066000.0,-2859859000.0,19268805000.0,8764757000.0,6708122000.0,740508000.0,2097643000.0,1155451000.0
RUN,2023-12-31,,2259813000.0,163061000.0,-820643000.0,-1604497000.0,-1510874000.0,21816000.0,961888000.0,-820740000.0,-2608143000.0,-3428883000.0,20450237000.0,11086948000.0,5230228000.0,678821000.0,1882259000.0,1488159000.0
RUN,2024-12-31,,2037719000.0,328554000.0,-573039000.0,-2846167000.0,-2912792000.0,39304000.0,862289000.0,-766153000.0,-2701024000.0,-3467177000.0,19897884000.0,13022460000.0,2554207000.0,574956000.0,1722636000.0,1334482000.0
RUN,2025-12-31,,2956997000.0,897298000.0,-126129000.0,449947000.0,546036000.0,36125000.0,987302000.0,-421440000.0,-2500338000.0,-2921778000.0,22610596000.0,14776833000.0,3132484000.0,823380000.0,2155969000.0,1302515000.0
S,2022-01-31,,,,,,,,,,,,,,,,,
S,2023-01-31,,422179000.0,278002000.0,-402576000.0,-378678000.0,-352740000.0,207008000.0,473570000.0,-193287000.0,-18812000.0,-212099000.0,2258913000.0,26974000.0,1656705000.0,137941000.0,914733000.0,473279000.0
S,2024-01-31,,621154000.0,441873000.0,-371710000.0,-338693000.0,-332798000.0,218176000.0,595407000.0,-68374000.0,-18765000.0,-87139000.0,2321407000.0,22928000.0,1594043000.0,256651000.0,1297331000.0,590067000.0
S,2025-01-31,,821461000.0,610355000.0,-329359000.0,-288441000.0,-286593000.0,267002000.0,672712000.0,33728000.0,-27136000.0,6592000.0,2406625000.0,19065000.0,1669247000.0,186574000.0,1069722000.0,613553000.0
S,2026-01-31,,1001278000.0,742101000.0,-309044000.0,-450735000.0,-254111000.0,323853000.0,727292000.0,76616000.0,-24930000.0,51686000.0,2438102000.0,15001000.0,1437145000.0,169627000.0,1050585000.0,756355000.0
SBUX,2021-09-30,,,,,,,,,,,,,,,,,
SBUX,2022-09-30,,32250300000.0,8371100000.0,4429700000.0,3281600000.0,6244200000.0,,2032000000.0,4397300000.0,-1841300000.0,2556000000.0,27978400000.0,23804800000.0,-8706600000.0,2818400000.0,7018700000.0,9151800000.0
SBUX,2023-09-30,,35975600000.0,9846200000.0,5502900000.0,4124500000.0,7402300000.0,,2441300000.0,6008700000.0,-2333600000.0,3675100000.0,29445500000.0,24599800000.0,-7994800000.0,3551500000.0,7303400000.0,9345300000.0
SBUX,2024-09-30,,36176200000.0,9709100000.0,5107600000.0,3760900000.0,7124000000.0,,2523300000.0,6095600000.0,-2777500000.0,3318100000.0,31339300000.0,25803100000.0,-7448900000.0,3286200000.0,6847400000.0,9070000000.0
SBUX,2025-09-30,,37184400000.0,8467300000.0,3580800000.0,1856400000.0,4821400000.0,,2617200000.0,4747500000.0,-2305500000.0,2442000000.0,32019700000.0,26611500000.0,-8096600000.0,3219800000.0,7382300000.0,10210400000.0
SCHW,2021-12-31,,,,,,,,,,,,,,,,,
SCHW,2022-12-31,,20762000000.0,,,7183000000.0,,,6355000000.0,2057000000.0,-971000000.0,1086000000.0,551772000000.0,37878000000.0,36608000000.0,40195000000.0,,
SCHW,2023-12-31,,18837000000.0,,,5067000000.0,,,6712000000.0,19587000000.0,-700000000.0,18887000000.0,493178000000.0,59081000000.0,40958000000.0,43337000000.0,,
SCHW,2024-12-31,,19606000000.0,,,5942000000.0,,,6440000000.0,2670000000.0,-620000000.0,2050000000.0,479843000000.0,45134000000.0,48375000000.0,42083000000.0,,
SCHW,2025-12-31,,23921000000.0,,,8852000000.0,,,6911000000.0,9311000000.0,-548000000.0,8763000000.0,490995000000.0,30951000000.0,49425000000.0,46030000000.0,,
SEDG,2021-12-31,,,,,,,,,,,,,,,,,
SEDG,2022-12-31,,3110279000.0,844648000.0,285261000.0,93779000.0,231277000.0,289814000.0,272176000.0,31284000.0,-169341000.0,-138057000.0,4265949000.0,735538000.0,2176366000.0,783112000.0,2899658000.0,889717000.0
SEDG,2023-12-31,,2976528000.0,703823000.0,71392000.0,34329000.0,142494000.0,321482000.0,310822000.0,-180113000.0,-181123000.0,-361236000.0,4587731000.0,732047000.0,2411909000.0,338468000.0,3304306000.0,893231000.0
SEDG,2024-12-31,,901456000.0,-877204000.0,-1474846000.0,-1806357000.0,-1640364000.0,277237000.0,294320000.0,-313319000.0,-118163000.0,-431482000.0,2646453000.0,757699000.0,658342000.0,274611000.0,2050565000.0,1057337000.0
SEDG,2025-12-31,,1184444000.0,196281000.0,-229702000.0,-405448000.0,-348898000.0,221255000.0,218367000.0,104261000.0,-23467000.0,80794000.0,2182194000.0,415925000.0,427464000.0,455075000.0,1739847000.0,803495000.0
SHAK,2022-12-31,,900486000.0,381544000.0,-9419000.0,-21229000.0,51529000.0,,188517000.0,76742000.0,-142559000.0,-65817000.0,1511950000.0,720509000.0,412204000.0,230521000.0,343988000.0,147718000.0
SHAK,2023-12-31,,1087533000.0,478238000.0,28159000.0,20264000.0,111737000.0,,209388000.0,132139000.0,-146167000.0,-14028000.0,1605857000.0,771329000.0,443417000.0,224653000.0,334432000.0,164067000.0
SHAK,2024-12-31,,1252608000.0,573918000.0,50953000.0,10207000.0,120895000.0,,242116000.0,171155000.0,-135499000.0,35656000.0,1696971000.0,809623000.0,470018000.0,320714000.0,368216000.0,187313000.0
SHAK,2025-12-31,,1445306000.0,687899000.0,85757000.0,45725000.0,183556000.0,,282865000.0,222355000.0,-165849000.0,56506000.0,1896209000.0,902126000.0,525327000.0,360123000.0,430347000.0,244918000.0
SHOP,2021-12-31,,,,,,,,,,,,,,,,,
SHOP,2022-12-31,,5600000000.0,2754000000.0,-687000000.0,-3460000000.0,-594000000.0,1503000000.0,1938000000.0,-136000000.0,-50000000.0,-186000000.0,10757000000.0,1396000000.0,8239000000.0,1649000000.0,6050000000.0,856000000.0
SHOP,2023-12-31,,7060000000.0,3515000000.0,74000000.0,132000000.0,144000000.0,1730000000.0,1711000000.0,944000000.0,-39000000.0,905000000.0,11299000000.0,1150000000.0,9066000000.0,1405000000.0,6275000000.0,898000000.0
SHOP,2024-12-31,,8880000000.0,4472000000.0,1302000000.0,2019000000.0,1338000000.0,1367000000.0,1803000000.0,1616000000.0,-19000000.0,1597000000.0,13924000000.0,1126000000.0,11558000000.0,1489000000.0,7254000000.0,1956000000.0
SHOP,2025-12-31,,11556000000.0,5555000000.0,1885000000.0,1231000000.0,1916000000.0,1536000000.0,2134000000.0,2033000000.0,-26000000.0,2007000000.0,15189000000.0,188000000.0,13473000000.0,1534000000.0,8296000000.0,1392000000.0
SHW,2021-12-31,,,,,,,,,,,,,,,,,
SHW,2022-12-31,,22148900000.0,9325100000.0,3000600000.0,2020100000.0,3545000000.0,,6331600000.0,1919900000.0,-644500000.0,1275400000.0,22594000000.0,12507900000.0,3102100000.0,198800000.0,5907700000.0,5960700000.0
SHW,2023-12-31,,23051900000.0,10758100000.0,3606400000.0,2388800000.0,4149900000.0,,7071000000.0,3521900000.0,-888400000.0,2633500000.0,22954400000.0,11809700000.0,3715800000.0,276800000.0,5512900000.0,6626900000.0
SHW,2024-12-31,,23098500000.0,11195100000.0,3761900000.0,2681400000.0,4491500000.0,,7434500000.0,3153200000.0,-1070000000.0,2083200000.0,23632600000.0,11913300000.0,4051200000.0,210400000.0,5400800000.0,6808700000.0
SHW,2025-12-31,,23574300000.0,11515500000.0,3796700000.0,2568500000.0,4480100000.0,,7703500000.0,3451600000.0,-797600000.0,2654000000.0,25901700000.0,12942600000.0,4598300000.0,207200000.0,6007400000.0,6920300000.0
SLB,2021-12-31,,,,,,,,,,,,,,,,,
SLB,2022-12-31,,28091000000.0,5161000000.0,4151000000.0,3441000000.0,6430000000.0,634000000.0,376000000.0,3720000000.0,-1715000000.0,2005000000.0,43135000000.0,12226000000.0,17685000000.0,1655000000.0,15003000000.0,12018000000.0
SLB,2023-12-31,,33135000000.0,6563000000.0,5488000000.0,4203000000.0,7544000000.0,711000000.0,364000000.0,6637000000.0,-2092000000.0,4545000000.0,47957000000.0,11965000000.0,20189000000.0,2900000000.0,17718000000.0,13395000000.0
SLB,2024-12-31,,36289000000.0,7460000000.0,6326000000.0,4461000000.0,8069000000.0,749000000.0,385000000.0,6602000000.0,-2129000000.0,4473000000.0,48935000000.0,12074000000.0,21130000000.0,3544000000.0,18570000000.0,12811000000.0
SLB,2025-12-31,,35708000000.0,6507000000.0,5458000000.0,3374000000.0,6958000000.0,709000000.0,340000000.0,6489000000.0,-1946000000.0,4543000000.0,54868000000.0,11636000000.0,26109000000.0,3036000000.0,19513000000.0,14721000000.0
SNOW,2023-01-31,,2065659000.0,1348119000.0,-842267000.0,-796705000.0,-752458000.0,788058000.0,1402328000.0,545639000.0,-49840000.0,495799000.0,7722322000.0,251658000.0,5456436000.0,939902000.0,4984690000.0,1993517000.0
SNOW,2024-01-31,,2806489000.0,1907931000.0,-1094773000.0,-836097000.0,-729320000.0,1287949000.0,1714755000.0,848122000.0,-97963000.0,750159000.0,8223383000.0,287981000.0,5180308000.0,1762749000.0,5039264000.0,2731230000.0
SNOW,2025-01-31,,3626396000.0,2411723000.0,-1456010000.0,-1285640000.0,-1099832000.0,1783379000.0,2084354000.0,959764000.0,-75712000.0,884052000.0,9033938000.0,2685270000.0,2999929000.0,2628798000.0,5869372000.0,3301183000.0
SNOW,2026-01-31,,4683946000.0,3146141000.0,-1435165000.0,-1331616000.0,-1083169000.0,1969472000.0,2611834000.0,1221942000.0,-104729000.0,1117213000.0,9132495000.0,2741114000.0,1924102000.0,2828163000.0,5742612000.0,4421691000.0
SNPS,2022-10-31,,4615714000.0,3717701000.0,1159935000.0,984594000.0,1333555000.0,1589846000.0,956283000.0,1738900000.0,-139082000.0,1599818000.0,9418087000.0,656371000.0,5515725000.0,1417608000.0,3012669000.0,2774499000.0
SNPS,2023-10-31,,5318014000.0,4287171000.0,1326330000.0,1229888000.0,1555293000.0,1849935000.0,1101611000.0,1703274000.0,-191822000.0,1511452000.0,10333131000.0,677596000.0,6147308000.0,1433966000.0,3430624000.0,2985451000.0
SNPS,2024-10-31,,6127436000.0,4882147000.0,1355711000.0,2263380000.0,1845752000.0,2082360000.0,1427838000.0,1407029000.0,-139500000.0,1267529000.0,13073561000.0,684457000.0,8990702000.0,3896532000.0,6469666000.0,2650120000.0
SNPS,2025-10-31,,7054178000.0,5430629000.0,914927000.0,1332220000.0,2500301000.0,2479338000.0,1843839000.0,1518608000.0,-169454000.0,1349154000.0,48224461000.0,14293418000.0,28327602000.0,2888030000.0,6012102000.0,3722494000.0
SO,2021-12-31,,,,,,,,,,,,,,,,,
SO,2022-12-31,,29279000000.0,10627000000.0,5370000000.0,3535000000.0,10309000000.0,,,6302000000.0,-7923000000.0,-1621000000.0,134891000000.0,59135000000.0,30408000000.0,1917000000.0,10416000000.0,15724000000.0
SO,2023-12-31,,25253000000.0,11776000000.0,5826000000.0,3976000000.0,11777000000.0,,,7553000000.0,-9095000000.0,-1542000000.0,139331000000.0,63490000000.0,31444000000.0,748000000.0,10432000000.0,13467000000.0
SO,2024-12-31,,26724000000.0,13363000000.0,7068000000.0,4401000000.0,13238000000.0,,,9788000000.0,-8955000000.0,833000000.0,145180000000.0,66277000000.0,33208000000.0,1070000000.0,10694000000.0,15993000000.0
SO,2025-12-31,,29553000000.0,14324000000.0,7285000000.0,4341000000.0,14267000000.0,,,9802000000.0,-12737000000.0,-2935000000.0,155720000000.0,74075000000.0,36016000000.0,1639000000.0,10917000000.0,16888000000.0
SQ,,missing_total_revenue,,,,,,,,,,,,,,,,
SRE,2021-12-31,,,,,,,,,,,,,,,,,
SRE,2022-12-31,,14439000000.0,5211000000.0,2557000000.0,2139000000.0,4416000000.0,,,1142000000.0,-5357000000.0,-4215000000.0,78574000000.0,28919000000.0,27135000000.0,370000000.0,5912000000.0,9899000000.0
SRE,2023-12-31,,16720000000.0,6620000000.0,3716000000.0,3075000000.0,6163000000.0,,,6218000000.0,-8397000000.0,-2179000000.0,87181000000.0,31076000000.0,28695000000.0,236000000.0,5470000000.0,10090000000.0
SRE,2024-12-31,,13185000000.0,6092000000.0,2962000000.0,2862000000.0,5596000000.0,,,4907000000.0,-8215000000.0,-3308000000.0,96155000000.0,35848000000.0,31242000000.0,1565000000.0,5285000000.0,9676000000.0
SRE,2025-12-31,,13702000000.0,6387000000.0,3080000000.0,1837000000.0,5264000000.0,,,4565000000.0,-10612000000.0,-6047000000.0,110878000000.0,35021000000.0,31614000000.0,29000000.0,34837000000.0,21894000000.0
SYK,2021-12-31,,,,,,,,,,,,,,,,,
SYK,2022-12-31,,18449000000.0,11578000000.0,3111000000.0,2358000000.0,4109000000.0,1454000000.0,6386000000.0,2624000000.0,-588000000.0,2036000000.0,36884000000.0,13048000000.0,16616000000.0,1844000000.0,10275000000.0,6303000000.0
SYK,2023-12-31,,20498000000.0,13058000000.0,3924000000.0,3165000000.0,5064000000.0,1388000000.0,7111000000.0,3711000000.0,-575000000.0,3136000000.0,39912000000.0,12995000000.0,18593000000.0,2971000000.0,12518000000.0,7921000000.0
SYK,2024-12-31,,22595000000.0,14440000000.0,4666000000.0,2993000000.0,4951000000.0,1466000000.0,7685000000.0,4242000000.0,-755000000.0,3487000000.0,42971000000.0,13597000000.0,20634000000.0,3652000000.0,14847000000.0,7616000000.0
SYK,2025-12-31,,25116000000.0,16065000000.0,5059000000.0,3246000000.0,6314000000.0,1623000000.0,8651000000.0,5044000000.0,-761000000.0,4283000000.0,47844000000.0,15859000000.0,22420000000.0,4011000000.0,14755000000.0,7794000000.0
TEAM,2021-06-30,,,,,,,,,,,,,,,,,
TEAM,2022-06-30,,2802882000.0,2349968000.0,70083000.0,-519510000.0,-377733000.0,1291877000.0,978678000.0,821044000.0,-74601000.0,746443000.0,3326830000.0,1314491000.0,327372000.0,1385265000.0,1896953000.0,1594056000.0
TEAM,2023-06-30,,3534647000.0,2900882000.0,-345222000.0,-486761000.0,-220066000.0,1869881000.0,1366323000.0,868111000.0,-25812000.0,842299000.0,4106779000.0,1282358000.0,654672000.0,2102550000.0,2736364000.0,2027590000.0
TEAM,2024-06-30,,4358603000.0,3555108000.0,-117077000.0,-300519000.0,27408000.0,2184111000.0,1475688000.0,1448159000.0,-33112000.0,1415047000.0,5212133000.0,1249338000.0,1032851000.0,2176930000.0,3076264000.0,2610126000.0
TEAM,2025-06-30,,5215304000.0,4320453000.0,-130392000.0,-256687000.0,24030000.0,2669312000.0,1766898000.0,1460393000.0,-44850000.0,1415543000.0,6041970000.0,1239331000.0,1345654000.0,2512874000.0,3891237000.0,3180859000.0
TGT,2022-01-31,,,,,,,,,,,,,,,,,
TGT,2023-01-31,,109120000000.0,26814000000.0,3848000000.0,2780000000.0,6596000000.0,,20581000000.0,4018000000.0,-5528000000.0,-1510000000.0,53335000000.0,19073000000.0,11232000000.0,2229000000.0,17846000000.0,19500000000.0
TGT,2024-01-31,,107412000000.0,29584000000.0,5707000000.0,4138000000.0,8600000000.0,,21462000000.0,8621000000.0,-4806000000.0,3815000000.0,55356000000.0,19646000000.0,13432000000.0,3805000000.0,17498000000.0,19304000000.0
TGT,2025-01-31,,106566000000.0,30064000000.0,5566000000.0,4091000000.0,8653000000.0,,21969000000.0,7367000000.0,-2891000000.0,4476000000.0,57769000000.0,19875000000.0,14666000000.0,4762000000.0,19454000000.0,20799000000.0
TGT,2026-01-31,,104780000000.0,29269000000.0,5117000000.0,3705000000.0,8346000000.0,,21535000000.0,6562000000.0,-3727000000.0,2835000000.0,59490000000.0,20290000000.0,16165000000.0,5488000000.0,20005000000.0,21230000000.0
TJX,2022-01-31,,,,,,,,,,,,,,,,,
TJX,2023-01-31,,49936000000.0,13787000000.0,4860000000.0,3498000000.0,5607000000.0,,8927000000.0,4084000000.0,-1457000000.0,2627000000.0,28349000000.0,12744000000.0,6364000000.0,5477000000.0,12456000000.0,10305000000.0
TJX,2024-01-31,,54217000000.0,16266000000.0,5797000000.0,4474000000.0,7010000000.0,,10469000000.0,6057000000.0,-1722000000.0,4335000000.0,29747000000.0,12542000000.0,7302000000.0,5600000000.0,12664000000.0,10451000000.0
TJX,2025-01-31,,56360000000.0,17248000000.0,6302000000.0,4864000000.0,7663000000.0,,10946000000.0,6116000000.0,-1918000000.0,4198000000.0,31749000000.0,12778000000.0,8393000000.0,5335000000.0,12991000000.0,11008000000.0
TJX,2026-01-31,,60372000000.0,18693000000.0,7178000000.0,5494000000.0,8620000000.0,,11515000000.0,6874000000.0,-1957000000.0,4917000000.0,35767000000.0,13489000000.0,10190000000.0,6230000000.0,15202000000.0,13361000000.0
TMO,2022-12-31,,44915000000.0,18971000000.0,8507000000.0,6950000000.0,11942000000.0,1471000000.0,8993000000.0,9154000000.0,-2243000000.0,6911000000.0,97154000000.0,34488000000.0,43978000000.0,8524000000.0,25229000000.0,17010000000.0
TMO,2023-12-31,,42857000000.0,17100000000.0,7318000000.0,5995000000.0,11079000000.0,1337000000.0,8445000000.0,8406000000.0,-1479000000.0,6927000000.0,98726000000.0,34917000000.0,46735000000.0,8077000000.0,24589000000.0,14012000000.0
TMO,2024-12-31,,42879000000.0,17702000000.0,7717000000.0,6335000000.0,11535000000.0,1390000000.0,8595000000.0,8667000000.0,-1400000000.0,7267000000.0,97321000000.0,31275000000.0,49585000000.0,4009000000.0,22137000000.0,13332000000.0
TMO,2025-12-31,,44557000000.0,18239000000.0,8110000000.0,6704000000.0,11507000000.0,1397000000.0,8732000000.0,7818000000.0,-1525000000.0,6293000000.0,110343000000.0,39385000000.0,53407000000.0,9852000000.0,28707000000.0,15189000000.0
TRV,2022-12-31,,36896000000.0,,,2842000000.0,,,4810000000.0,6465000000.0,,6465000000.0,115717000000.0,7292000000.0,21560000000.0,799000000.0,,
TRV,2023-12-31,,41373000000.0,,,2991000000.0,,,5176000000.0,7711000000.0,,7711000000.0,125978000000.0,8031000000.0,24921000000.0,500000000.0,,
TRV,2024-12-31,,46428000000.0,,,4999000000.0,,,5819000000.0,9074000000.0,,9074000000.0,133189000000.0,8033000000.0,27864000000.0,568000000.0,,
TRV,2025-12-31,,48828000000.0,,,6288000000.0,,,6120000000.0,10606000000.0,,10606000000.0,143708000000.0,9267000000.0,32894000000.0,710000000.0,,
TSLA,2021-12-31,,,,,,,,,,,,,,,,,
TSLA,2022-12-31,,81462000000.0,20853000000.0,13832000000.0,12583000000.0,17657000000.0,3075000000.0,3946000000.0,14724000000.0,-7172000000.0,7552000000.0,82338000000.0,5748000000.0,44704000000.0,16253000000.0,40917000000.0,26709000000.0
TSLA,2023-12-31,,96773000000.0,17660000000.0,8891000000.0,14999000000.0,14796000000.0,3969000000.0,4800000000.0,13256000000.0,-8899000000.0,4357000000.0,106618000000.0,9573000000.0,62634000000.0,16398000000.0,49616000000.0,28748000000.0
TSLA,2024-12-31,,97690000000.0,17450000000.0,7760000000.0,7130000000.0,14708000000.0,4540000000.0,5150000000.0,14923000000.0,-11342000000.0,3581000000.0,122070000000.0,13623000000.0,72913000000.0,16139000000.0,58360000000.0,28821000000.0
TSLA,2025-12-31,,94827000000.0,17094000000.0,4849000000.0,3794000000.0,11764000000.0,6411000000.0,5834000000.0,14747000000.0,-8527000000.0,6220000000.0,137806000000.0,14719000000.0,82137000000.0,16513000000.0,68642000000.0,31714000000.0
TXN,2021-12-31,,,,,,,,,,,,,,,,,
TXN,2022-12-31,,20028000000.0,13771000000.0,10397000000.0,8749000000.0,11225000000.0,1670000000.0,1704000000.0,8720000000.0,-2797000000.0,5923000000.0,27207000000.0,8735000000.0,14577000000.0,3050000000.0,14021000000.0,2985000000.0
TXN,2023-12-31,,17519000000.0,11019000000.0,7331000000.0,6510000000.0,9009000000.0,1863000000.0,1825000000.0,6420000000.0,-5071000000.0,1349000000.0,32348000000.0,11223000000.0,16897000000.0,2964000000.0,15122000000.0,3320000000.0
TXN,2024-12-31,,15641000000.0,9094000000.0,5341000000.0,4799000000.0,7541000000.0,1959000000.0,1794000000.0,6318000000.0,-4820000000.0,1498000000.0,35509000000.0,13596000000.0,16903000000.0,3200000000.0,15026000000.0,3643000000.0
TXN,2025-12-31,,17682000000.0,10083000000.0,6140000000.0,5001000000.0,8252000000.0,2083000000.0,1860000000.0,7153000000.0,-4550000000.0,2603000000.0,34585000000.0,14048000000.0,16273000000.0,3225000000.0,13750000000.0,3159000000.0
UBER,2021-12-31,,,,,,,,,,,,,,,,,
UBER,2022-12-31,,31877000000.0,12218000000.0,-1832000000.0,-9141000000.0,-7914000000.0,2798000000.0,7892000000.0,642000000.0,-252000000.0,390000000.0,32109000000.0,11139000000.0,7340000000.0,4208000000.0,9249000000.0,8853000000.0
UBER,2023-12-31,,37281000000.0,14824000000.0,1110000000.0,1887000000.0,3777000000.0,3164000000.0,7038000000.0,3585000000.0,-223000000.0,3362000000.0,38699000000.0,11224000000.0,11249000000.0,4680000000.0,11297000000.0,9454000000.0
UBER,2024-12-31,,43978000000.0,17327000000.0,2799000000.0,9856000000.0,5385000000.0,3109000000.0,7976000000.0,7137000000.0,-242000000.0,6895000000.0,51244000000.0,11126000000.0,21558000000.0,5893000000.0,12245000000.0,11476000000.0
UBER,2025-12-31,,52017000000.0,20679000000.0,5565000000.0,10053000000.0,6987000000.0,3402000000.0,8139000000.0,10099000000.0,-336000000.0,9763000000.0,61802000000.0,12080000000.0,27041000000.0,7105000000.0,13993000000.0,12320000000.0
ULTA,2022-01-31,,,,,,,,,,,,,,,,,
ULTA,2023-01-31,,10208580000.0,,1649211000.0,1242408000.0,1890583000.0,,2395299000.0,1481915000.0,-312126000.0,1169789000.0,5370411000.0,1903176000.0,1959811000.0,737877000.0,2709304000.0,1681775000.0
ULTA,2024-01-31,,11207303000.0,,1686539000.0,1291005000.0,1930379000.0,,2694561000.0,1476266000.0,-435267000.0,1040999000.0,5707011000.0,1911092000.0,2279328000.0,766594000.0,2836518000.0,1658191000.0
ULTA,2025-01-31,,11295654000.0,,1578661000.0,1201118000.0,1845703000.0,,2808592000.0,1338605000.0,-374458000.0,964147000.0,6001693000.0,1923234000.0,2488353000.0,703201000.0,3028808000.0,1779478000.0
ULTA,2026-01-31,,12392820000.0,,1548813000.0,1153479000.0,1849585000.0,,3296411000.0,1502780000.0,-434829000.0,1067951000.0,6999294000.0,2182061000.0,2803451000.0,424243000.0,3144146000.0,2224342000.0
UNH,2021-12-31,,,,,,,,,,,,,,,,,
UNH,2022-12-31,,324162000000.0,79617000000.0,28435000000.0,20120000000.0,31835000000.0,,,26206000000.0,-2802000000.0,23404000000.0,245705000000.0,57623000000.0,77772000000.0,23365000000.0,69069000000.0,89237000000.0
UNH,2023-12-31,,371622000000.0,90958000000.0,32358000000.0,22381000000.0,36330000000.0,,,29068000000.0,-3386000000.0,25682000000.0,273720000000.0,62537000000.0,88756000000.0,25427000000.0,78437000000.0,99054000000.0
UNH,2024-12-31,,400278000000.0,89399000000.0,32287000000.0,14405000000.0,28076000000.0,,,24204000000.0,-3499000000.0,20705000000.0,298278000000.0,76904000000.0,92658000000.0,25312000000.0,85779000000.0,103769000000.0
UNH,2025-12-31,,447567000000.0,82917000000.0,18964000000.0,12056000000.0,23060000000.0,,,19697000000.0,-3622000000.0,16075000000.0,309581000000.0,78389000000.0,94110000000.0,24365000000.0,90582000000.0,114897000000.0
UNP,2021-12-31,,,,,,,,,,,,,,,,,
UNP,2022-12-31,,24875000000.0,11205000000.0,9917000000.0,6998000000.0,12589000000.0,,,9362000000.0,-3620000000.0,5742000000.0,65449000000.0,34957000000.0,12163000000.0,973000000.0,3952000000.0,5520000000.0
UNP,2023-12-31,,24119000000.0,10529000000.0,9082000000.0,6379000000.0,11891000000.0,,,8379000000.0,-3606000000.0,4773000000.0,67132000000.0,34179000000.0,14788000000.0,1055000000.0,4148000000.0,5106000000.0
UNP,2024-12-31,,24250000000.0,11039000000.0,9713000000.0,6747000000.0,12461000000.0,,,9346000000.0,-3452000000.0,5894000000.0,67715000000.0,32463000000.0,16890000000.0,1016000000.0,4021000000.0,5254000000.0
UNP,2025-12-31,,24510000000.0,11220000000.0,9846000000.0,7138000000.0,12940000000.0,,,9290000000.0,-3791000000.0,5499000000.0,69698000000.0,32822000000.0,18467000000.0,1266000000.0,4555000000.0,5014000000.0
UPS,2022-12-31,,100338000000.0,21014000000.0,13094000000.0,11548000000.0,18717000000.0,,,14104000000.0,-4769000000.0,9335000000.0,71124000000.0,23521000000.0,19786000000.0,5602000000.0,22217000000.0,18140000000.0
UPS,2023-12-31,,90958000000.0,17238000000.0,9141000000.0,6708000000.0,12726000000.0,,,10238000000.0,-5158000000.0,5080000000.0,70857000000.0,26729000000.0,17306000000.0,3169000000.0,19413000000.0,17676000000.0
UPS,2024-12-31,,91070000000.0,16356000000.0,8468000000.0,5782000000.0,11917000000.0,,,10122000000.0,-3909000000.0,6213000000.0,70070000000.0,25652000000.0,16718000000.0,6112000000.0,19310000000.0,16441000000.0
UPS,2025-12-31,,88661000000.0,16030000000.0,7867000000.0,5572000000.0,11927000000.0,,,8450000000.0,-3685000000.0,4765000000.0,73090000000.0,28590000000.0,16227000000.0,5887000000.0,19045000000.0,15620000000.0
UPST,2021-12-31,,,,,,,,,,,,,,,,,
UPST,2022-12-31,,837760000.0,,,-108665000.0,,,719060000.0,-657860000.0,-22913000.0,-680773000.0,1936054000.0,1087181000.0,672435000.0,432413000.0,,
UPST,2023-12-31,,508119000.0,,,-240132000.0,,,489949000.0,-111712000.0,-12086000.0,-123798000.0,2017100000.0,1102748000.0,635305000.0,377324000.0,,
UPST,2024-12-31,,628834000.0,,,-128581000.0,,,555731000.0,186331000.0,-9990000.0,176341000.0,2366958000.0,1452446000.0,633218000.0,793607000.0,,
UPST,2025-12-31,,1023985000.0,,,53601000.0,,,743624000.0,-147725000.0,-18407000.0,-166132000.0,2974805000.0,1850294000.0,798815000.0,657445000.0,,
URI,2022-12-31,,11642000000.0,4996000000.0,3232000000.0,2105000000.0,5464000000.0,,1400000000.0,4433000000.0,-3690000000.0,743000000.0,24183000000.0,12223000000.0,7062000000.0,106000000.0,2723000000.0,2445000000.0
URI,2023-12-31,,14332000000.0,5813000000.0,3855000000.0,2424000000.0,6627000000.0,,1527000000.0,4704000000.0,-4070000000.0,634000000.0,25589000000.0,12662000000.0,8130000000.0,363000000.0,2933000000.0,3637000000.0
URI,2024-12-31,,15345000000.0,6150000000.0,4068000000.0,2575000000.0,6982000000.0,,1645000000.0,4546000000.0,-4127000000.0,419000000.0,28163000000.0,14789000000.0,8622000000.0,457000000.0,3249000000.0,3323000000.0
URI,2025-12-31,,16099000000.0,6144000000.0,3974000000.0,2494000000.0,7162000000.0,,1732000000.0,5190000000.0,-4528000000.0,662000000.0,29866000000.0,15670000000.0,8968000000.0,459000000.0,3608000000.0,3819000000.0
USB,2022-12-31,,24184000000.0,,,5825000000.0,,,9613000000.0,21119000000.0,,21119000000.0,674805000000.0,69388000000.0,50766000000.0,53542000000.0,,
USB,2023-12-31,,28013000000.0,,,5429000000.0,,,11142000000.0,8393000000.0,,8393000000.0,663491000000.0,62935000000.0,55306000000.0,61192000000.0,,
USB,2024-12-31,,27335000000.0,,,6299000000.0,,,11173000000.0,11350000000.0,,11350000000.0,678318000000.0,65626000000.0,58578000000.0,56502000000.0,,
USB,2025-12-31,,28540000000.0,,,7570000000.0,,,11032000000.0,7970000000.0,,7970000000.0,692345000000.0,68413000000.0,65193000000.0,46890000000.0,,
V,2022-09-30,,29310000000.0,23577000000.0,19681000000.0,14957000000.0,19535000000.0,,3035000000.0,18849000000.0,-970000000.0,17879000000.0,85501000000.0,22450000000.0,35581000000.0,15689000000.0,30205000000.0,20853000000.0
V,2023-09-30,,32653000000.0,26086000000.0,21927000000.0,17273000000.0,22624000000.0,,3216000000.0,20755000000.0,-1059000000.0,19696000000.0,90499000000.0,20463000000.0,38733000000.0,16286000000.0,33532000000.0,23098000000.0
V,2024-09-30,,35926000000.0,28884000000.0,24057000000.0,19743000000.0,25591000000.0,,3793000000.0,19950000000.0,-1257000000.0,18693000000.0,94511000000.0,20836000000.0,39137000000.0,11975000000.0,34033000000.0,26517000000.0
V,2025-09-30,,40000000000.0,32145000000.0,26556000000.0,20058000000.0,26003000000.0,,4369000000.0,23059000000.0,-1482000000.0,21577000000.0,99627000000.0,25171000000.0,37909000000.0,17164000000.0,37766000000.0,35048000000.0
VRTX,2021-12-31,,,,,,,,,,,,,,,,,
VRTX,2022-12-31,,8930700000.0,7850400000.0,4249900000.0,3322000000.0,4435500000.0,2655800000.0,944700000.0,4129900000.0,-204700000.0,3925200000.0,18150900000.0,899700000.0,13912700000.0,10504000000.0,13234800000.0,2742100000.0
VRTX,2023-12-31,,9869200000.0,8607000000.0,3780400000.0,3619600000.0,4605200000.0,3690000000.0,1136600000.0,3537300000.0,-258400000.0,3278900000.0,22730200000.0,808400000.0,17580400000.0,10369100000.0,14144200000.0,3547400000.0
VRTX,2024-12-31,,11020100000.0,9489600000.0,-233400000.0,-535600000.0,486300000.0,8258700000.0,1464300000.0,-492600000.0,-485400000.0,-978000000.0,22533200000.0,1744300000.0,16409600000.0,4569600000.0,9596400000.0,3564600000.0
VRTX,2025-12-31,,12001300000.0,10350000000.0,4554400000.0,3953200000.0,4866300000.0,4042500000.0,1753100000.0,3631400000.0,-437600000.0,3193800000.0,25643000000.0,2030500000.0,18665800000.0,5084800000.0,11201000000.0,3861200000.0
WDAY,2023-01-31,,6216000000.0,4506000000.0,-182000000.0,-367000000.0,206000000.0,2247000000.0,2441000000.0,1657000000.0,-365000000.0,1292000000.0,13486000000.0,3249000000.0,5585000000.0,1886000000.0,8108000000.0,4628000000.0
WDAY,2024-01-31,,7259000000.0,5488000000.0,183000000.0,1381000000.0,752000000.0,2464000000.0,2841000000.0,2149000000.0,-242000000.0,1907000000.0,16452000000.0,3296000000.0,8082000000.0,2012000000.0,9939000000.0,5055000000.0
WDAY,2025-01-31,,8446000000.0,6377000000.0,499000000.0,526000000.0,1078000000.0,2626000000.0,3252000000.0,2461000000.0,-272000000.0,2189000000.0,17977000000.0,3362000000.0,9034000000.0,1543000000.0,10545000000.0,5548000000.0
WDAY,2026-01-31,,9552000000.0,7231000000.0,1024000000.0,693000000.0,1470000000.0,2679000000.0,3528000000.0,2939000000.0,-162000000.0,2777000000.0,18074000000.0,3821000000.0,7805000000.0,1501000000.0,8429000000.0,6378000000.0
WFC,2021-12-31,,,,,,,,,,,,,,,,,
WFC,2022-12-31,,74368000000.0,,,13677000000.0,,,35595000000.0,27048000000.0,,27048000000.0,1881020000000.0,195392000000.0,180227000000.0,159157000000.0,,
WFC,2023-12-31,,82597000000.0,,,19142000000.0,,,37338000000.0,40358000000.0,,40358000000.0,1932468000000.0,219471000000.0,185735000000.0,237219000000.0,,
WFC,2024-12-31,,82296000000.0,,,19722000000.0,,,37231000000.0,3035000000.0,,3035000000.0,1929845000000.0,175782000000.0,179120000000.0,203361000000.0,,
WFC,2025-12-31,,83699000000.0,,,21338000000.0,,,37981000000.0,-19001000000.0,,-19001000000.0,2148631000000.0,193035000000.0,181117000000.0,174210000000.0,,
WING,2021-12-31,,,,,,,,,,,,,,,,,
WING,2022-12-31,,357521000.0,171057000.0,93097000.0,52947000.0,101445000.0,,67061000.0,76238000.0,-23940000.0,52298000.0,424190000.0,716429000.0,-390861000.0,184496000.0,226672000.0,62412000.0
WING,2023-12-31,,460055000.0,222826000.0,112689000.0,70175000.0,125776000.0,,96898000.0,121601000.0,-40833000.0,80768000.0,377825000.0,732514000.0,-457366000.0,90216000.0,144344000.0,71004000.0
WING,2024-12-31,,625807000.0,300869000.0,164578000.0,108717000.0,187972000.0,,116801000.0,157610000.0,-51929000.0,105681000.0,716246000.0,1265429000.0,-675586000.0,315910000.0,395618000.0,87443000.0
WING,2025-12-31,,696853000.0,339250000.0,185826000.0,174267000.0,298041000.0,,128356000.0,153065000.0,-47441000.0,105624000.0,693409000.0,1270406000.0,-736762000.0,196572000.0,267488000.0,81965000.0
WM,2021-12-31,,,,,,,,,,,,,,,,,
WM,2022-12-31,,19698000000.0,7404000000.0,3428000000.0,2238000000.0,5334000000.0,,1888000000.0,4536000000.0,-2587000000.0,1949000000.0,31367000000.0,14984000000.0,6849000000.0,351000000.0,3551000000.0,4394000000.0
WM,2023-12-31,,20426000000.0,7820000000.0,3823000000.0,2304000000.0,5592000000.0,,1870000000.0,4719000000.0,-2895000000.0,1824000000.0,32823000000.0,16229000000.0,6903000000.0,458000000.0,3804000000.0,4226000000.0
WM,2024-12-31,,22063000000.0,8680000000.0,4149000000.0,2746000000.0,6323000000.0,,2213000000.0,5390000000.0,-3231000000.0,2159000000.0,44567000000.0,23900000000.0,8252000000.0,414000000.0,4774000000.0,6258000000.0
WM,2025-12-31,,25204000000.0,10192000000.0,4607000000.0,2708000000.0,7201000000.0,,2629000000.0,6043000000.0,-3227000000.0,2816000000.0,45835000000.0,22907000000.0,9990000000.0,201000000.0,4910000000.0,5524000000.0
WMT,2022-01-31,,,,,,,,117812000000.0,,,,,,,,,
WMT,2023-01-31,,611289000000.0,147568000000.0,20428000000.0,11680000000.0,30089000000.0,,127140000000.0,28841000000.0,-16857000000.0,11984000000.0,243197000000.0,58923000000.0,76693000000.0,8625000000.0,75655000000.0,92198000000.0
WMT,2024-01-31,,648125000000.0,157983000000.0,27012000000.0,15511000000.0,36384000000.0,,130971000000.0,35726000000.0,-20606000000.0,15120000000.0,252399000000.0,61321000000.0,83861000000.0,9867000000.0,76877000000.0,92415000000.0
WMT,2025-01-31,,680985000000.0,169232000000.0,29348000000.0,19436000000.0,42010000000.0,,139884000000.0,36443000000.0,-23783000000.0,12660000000.0,260823000000.0,60114000000.0,91013000000.0,9037000000.0,79458000000.0,96584000000.0
WMT,2026-01-31,,713163000000.0,177768000000.0,29825000000.0,21893000000.0,46471000000.0,,,41565000000.0,-26642000000.0,14923000000.0,284668000000.0,67095000000.0,99617000000.0,10727000000.0,84874000000.0,107469000000.0
XOM,2021-12-31,,,,,,,,,,,,,,,,,
XOM,2022-12-31,,398675000000.0,103067000000.0,64028000000.0,55740000000.0,102591000000.0,,10095000000.0,76797000000.0,-18407000000.0,58390000000.0,369067000000.0,41193000000.0,195049000000.0,29640000000.0,97631000000.0,69045000000.0
XOM,2023-12-31,,334697000000.0,84142000000.0,44461000000.0,36010000000.0,74273000000.0,,9919000000.0,55369000000.0,-21919000000.0,33450000000.0,376317000000.0,41573000000.0,204802000000.0,31539000000.0,96609000000.0,65316000000.0
XOM,2024-12-31,,339247000000.0,76742000000.0,39652000000.0,33680000000.0,73311000000.0,,9976000000.0,55022000000.0,-24306000000.0,30716000000.0,453475000000.0,41710000000.0,263705000000.0,23029000000.0,91990000000.0,70307000000.0
XOM,2025-12-31,,323905000000.0,71240000000.0,33938000000.0,28844000000.0,67864000000.0,,11128000000.0,51970000000.0,-28358000000.0,23612000000.0,448980000000.0,43537000000.0,259386000000.0,10681000000.0,83382000000.0,72330000000.0
YUM,2021-12-31,,,,,,,,,,,,,,,,,
YUM,2022-12-31,,6842000000.0,3307000000.0,2167000000.0,1325000000.0,2335000000.0,,1140000000.0,1427000000.0,-279000000.0,1148000000.0,5846000000.0,12661000000.0,-8876000000.0,367000000.0,1609000000.0,1665000000.0
YUM,2023-12-31,,7076000000.0,3496000000.0,2303000000.0,1597000000.0,2484000000.0,,1193000000.0,1603000000.0,-285000000.0,1318000000.0,6231000000.0,12031000000.0,-7858000000.0,512000000.0,1609000000.0,1277000000.0
YUM,2024-12-31,,7549000000.0,3584000000.0,2403000000.0,1486000000.0,2564000000.0,,1181000000.0,1689000000.0,-257000000.0,1432000000.0,6727000000.0,12286000000.0,-7648000000.0,616000000.0,1871000000.0,1269000000.0
YUM,2025-12-31,,8214000000.0,3792000000.0,2530000000.0,1559000000.0,2784000000.0,,1262000000.0,2010000000.0,-371000000.0,1639000000.0,8197000000.0,13189000000.0,-7325000000.0,709000000.0,2040000000.0,1516000000.0
ZS,2021-07-31,,,,,,,,,,,,,,,,,
ZS,2022-07-31,,1090946000.0,848664000.0,-327429000.0,-390278000.0,-277585000.0,289139000.0,886954000.0,321912000.0,-90580000.0,231332000.0,2832665000.0,1045722000.0,573300000.0,1013210000.0,2256647000.0,1134447000.0
ZS,2023-07-31,,1616952000.0,1254120000.0,-234623000.0,-202335000.0,-109207000.0,350786000.0,1137184000.0,462343000.0,-128724000.0,333619000.0,3608317000.0,1210545000.0,725112000.0,1262206000.0,2890314000.0,1535868000.0
ZS,2024-07-31,,2167771000.0,1690642000.0,-121477000.0,-57706000.0,64835000.0,499828000.0,1311059000.0,779846000.0,-194896000.0,584950000.0,4704968000.0,1237965000.0,1274102000.0,1423080000.0,3396617000.0,3112887000.0
ZS,2025-07-31,,2673115000.0,2054937000.0,-127144000.0,-41478000.0,108119000.0,672485000.0,1507896000.0,972453000.0,-245760000.0,726693000.0,6419888000.0,1796576000.0,1799273000.0,2389023000.0,4894290000.0,2429611000.0
ZTS,2022-12-31,,8080000000.0,5626000000.0,2928000000.0,2114000000.0,3342000000.0,539000000.0,2009000000.0,1912000000.0,-586000000.0,1326000000.0,14925000000.0,8090000000.0,4405000000.0,3577000000.0,7506000000.0,3167000000.0
ZTS,2023-12-31,,8544000000.0,5983000000.0,3069000000.0,2344000000.0,3666000000.0,614000000.0,2151000000.0,2353000000.0,-732000000.0,1621000000.0,14286000000.0,6755000000.0,4997000000.0,2039000000.0,6343000000.0,1889000000.0
ZTS,2024-12-31,,9256000000.0,6537000000.0,3392000000.0,2486000000.0,3855000000.0,686000000.0,2318000000.0,2953000000.0,-655000000.0,2298000000.0,14237000000.0,6744000000.0,4770000000.0,1985000000.0,5986000000.0,3412000000.0
ZTS,2025-12-31,,9467000000.0,6801000000.0,3597000000.0,2673000000.0,4069000000.0,698000000.0,2378000000.0,2904000000.0,-621000000.0,2283000000.0,15467000000.0,9238000000.0,3331000000.0,2310000000.0,6768000000.0,2235000000.0
