symbol,fiscal_period_end,error,total_revenue,gross_profit,operating_income,net_income,ebitda,research_development,selling_general_admin,operating_cash_flow,capital_expenditure,free_cash_flow,total_assets,total_debt,stockholders_equity,cash,current_assets,current_liabilities,prior_revenue,prior_revenue_growth_yoy,revenue_growth_yoy,revenue_growth_accel,gross_margin,operating_margin,net_margin,ebitda_margin,cfo_margin,fcf_margin,capex_to_revenue,rd_to_revenue,sga_to_revenue,debt_to_assets,debt_to_equity,cash_to_assets,current_ratio,asset_turnover,availability_date,current_market_cap,market_cap_bucket,trade_date,trade_close,reporting_lag_days,fwd_3m_return,fwd_3m_return_end_date,fwd_6m_return,fwd_6m_return_end_date,fwd_12m_return,fwd_12m_return_end_date
BOOT,2023-03-31,,1657615000.0,610572000.0,231787000.0,170553000.0,267703000.0,,378785000.0,88887000.0,-124534000.0,-35647000.0,1517381000.0,447719000.0,776450000.0,18193000.0,669173000.0,374842000.0,1488256000.0,,0.11379695428743442,,0.3683436744961888,0.13983162555840772,0.1028905988423126,0.16149890052877175,0.053623428842041125,-0.02150499362035213,0.07512842246239326,0.0,0.2285120489377811,0.29506037046727224,0.5766230922789619,0.011989737580739445,1.7852135032893859,1.0924184499476401,2023-06-29,4365484032.0,low_cap,2023-06-29,85.0,90,-0.03200001436121325,2023-09-28,-0.09129414277918202,2023-12-28,0.5309412339154411,2024-07-01
AI,2023-04-30,,266795000.0,180458000.0,-290493000.0,-268839000.0,-284405000.0,210660000.0,260291000.0,-115691000.0,-71518000.0,-187209000.0,1103028000.0,2339000.0,929665000.0,284829000.0,888879000.0,136039000.0,252759000.0,,0.05553115813878051,,0.6763919863565659,-1.0888247530875765,-1.007661312993122,-1.0660057347401564,-0.43363256432841696,-0.7016960587717161,0.2680634944432992,0.7895950074026875,0.9756217320414551,0.0021205264054946927,0.0025159600501255827,0.2582246325569251,6.53400127904498,0.2418750929260182,2023-07-29,1256769024.0,low_cap,2023-07-31,42.0,90,-0.4083333242507208,2023-10-27,-0.3921428407941546,2024-01-30,-0.36309523809523814,2024-07-31
MDT,2023-04-30,,31227000000.0,20508000000.0,5830000000.0,3758000000.0,8697000000.0,2696000000.0,10415000000.0,6039000000.0,-1459000000.0,4580000000.0,90948000000.0,24364000000.0,51483000000.0,1543000000.0,21675000000.0,9051000000.0,31686000000.0,,-0.014485892823328905,,0.6567393601690844,0.18669740929323983,0.12034457360617415,0.2785089826112018,0.19339033528677108,0.14666794760944055,0.046722387677330515,0.08633554295961827,0.3335254747494156,0.2678893433610415,0.4732435949730979,0.01696573866385187,2.3947630096121975,0.34335004618023485,2023-07-29,97767841792.0,large_cap,2023-07-31,80.23780059814453,90,-0.20210842918118022,2023-10-27,0.007834131047190773,2024-01-30,-0.05316818246086852,2024-07-31
NKE,2023-05-31,,51217000000.0,22292000000.0,5915000000.0,5070000000.0,6774000000.0,,16377000000.0,5841000000.0,-969000000.0,4872000000.0,37531000000.0,12144000000.0,14004000000.0,7441000000.0,25202000000.0,9256000000.0,46710000000.0,,0.09648897452365657,,0.43524610969014194,0.11548899779370131,0.09899056953745826,0.13226077279028448,0.1140441650233321,0.09512466563836226,0.018919499384969833,0.0,0.3197571118964406,0.32357251338893184,0.8671808054841473,0.19826276944392635,2.7227744165946413,1.3646585489328822,2023-08-29,62019551232.0,large_cap,2023-08-29,96.46327209472656,90,0.07217015297975249,2023-11-28,0.028099279052209214,2024-02-29,-0.1702002762813286,2024-08-29
ORCL,2023-05-31,,49954000000.0,36390000000.0,13773000000.0,8503000000.0,18739000000.0,8623000000.0,10412000000.0,17165000000.0,-8695000000.0,8470000000.0,134384000000.0,90481000000.0,1073000000.0,9765000000.0,21004000000.0,23090000000.0,42440000000.0,,0.17704995287464653,,0.728470192577171,0.2757136565640389,0.17021659927132962,0.3751251151058974,0.34361612683668974,0.16955599151219122,0.17406013532449854,0.1726188093045602,0.2084317572166393,0.6733018811763305,84.32525629077354,0.07266490058340279,0.9096578605456908,0.3717258006905584,2023-08-29,554933092352.0,large_cap,2023-08-29,116.87006378173828,90,-0.03302650610935498,2023-11-28,-0.06736019894515044,2024-02-29,0.1713518513332306,2024-08-29
BILL,2023-06-30,,1058468000.0,864491000.0,-295773000.0,-223725000.0,-119000000.0,314632000.0,764912000.0,187768000.0,-31203000.0,156565000.0,9636018000.0,1912305000.0,4085969000.0,1617151000.0,6673164000.0,3753436000.0,641959000.0,,0.6488093476374659,,0.8167379646810295,-0.27943499472822986,-0.21136680560961693,-0.11242663925598129,0.17739601008249659,0.14791661155556898,0.029479398526927596,0.29725225514611686,0.7226595419039593,0.19845386341121404,0.4680175008669914,0.16782357608713475,1.7778813865482188,0.10984495877861582,2023-09-28,3990840832.0,low_cap,2023-09-28,104.26000213623047,90,-0.20074812848965584,2023-12-28,-0.3813543192170511,2024-04-01,-0.4939574406243078,2024-09-30
EL,2023-06-30,,15910000000.0,11346000000.0,1771000000.0,1006000000.0,2396000000.0,,9575000000.0,1731000000.0,-3289000000.0,-1558000000.0,23415000000.0,10169000000.0,5585000000.0,4029000000.0,9139000000.0,6240000000.0,17737000000.0,,-0.10300501775948578,,0.7131363922061597,0.11131363922061596,0.06323067253299812,0.15059710873664361,0.1087994971715902,-0.09792583280955373,0.20672532998114393,0.0,0.6018227529855437,0.4342942558189195,1.8207699194270368,0.1720691864189622,1.4645833333333333,0.6794789664744821,2023-09-28,29044895744.0,mid_cap,2023-09-28,135.32037353515625,90,0.04492264406165014,2023-12-28,0.08145545803528864,2024-04-01,-0.28175103705805227,2024-09-30
KLAC,2023-06-30,,10496056000.0,6277749000.0,3994696000.0,3387277000.0,4501243000.0,1296727000.0,986326000.0,3669805000.0,-341591000.0,3328214000.0,14072357000.0,6063132000.0,2919753000.0,1927865000.0,8372032000.0,3742842000.0,9211883000.0,,0.1394039633373545,,0.5981055169675161,0.38059019502182534,0.3227190289381078,0.4288508940882175,0.34963656825001693,0.3170918676500964,0.03254470059992058,0.1235442150842183,0.09397110686147254,0.43085404953839646,2.0765907253113536,0.13699659552411866,2.236811492443443,0.7458633972972687,2023-09-28,235693834240.0,large_cap,2023-09-28,448.38671875,90,0.2833366093285825,2023-12-28,0.5595648080793121,2024-04-01,0.7055117576467718,2024-09-30
LRCX,2023-06-30,,17428516000.0,7776925000.0,5217010000.0,4510931000.0,5638104000.0,1727162000.0,832753000.0,5178938000.0,-501568000.0,4677370000.0,18781643000.0,5011541000.0,8210172000.0,5337056000.0,13228412000.0,4184918000.0,17227039000.0,,0.01169539350320159,,0.4462184273176213,0.29933759133594623,0.25882473298357705,0.3234987993240503,0.2971531253722348,0.26837454204362554,0.028778583328609275,0.09909977418616708,0.047781061795508006,0.26683187408045184,0.6104063349708142,0.2841634248931257,3.160972807591451,0.9279548120470611,2023-09-28,356062593024.0,large_cap,2023-09-28,61.31550979614258,90,0.2618290249667574,2023-12-28,0.5721981525733082,2024-04-01,0.3132628981143053,2024-09-30
MSFT,2023-06-30,,211915000000.0,146052000000.0,88523000000.0,72361000000.0,105140000000.0,27195000000.0,30334000000.0,87582000000.0,-28107000000.0,59475000000.0,411976000000.0,59965000000.0,206223000000.0,34704000000.0,184257000000.0,104149000000.0,198270000000.0,,0.06882029555656421,,0.6892008588349102,0.417728806361041,0.3414623787839464,0.49614232121369417,0.4132883467427978,0.2806549795908737,0.13263336715192411,0.12832975485454073,0.1431422976193285,0.14555459541332505,0.2907774593522546,0.08423791677185079,1.76916725076573,0.5143867603938094,2023-09-28,3134205460480.0,large_cap,2023-09-28,307.7041015625,90,0.1989596590169762,2023-12-28,0.3589416402984553,2024-04-01,0.3822531094389203,2024-09-30
PG,2023-06-30,,82006000000.0,39246000000.0,18134000000.0,14653000000.0,21823000000.0,,21112000000.0,16848000000.0,-3062000000.0,13786000000.0,120829000000.0,35424000000.0,46777000000.0,8246000000.0,22648000000.0,35756000000.0,80187000000.0,,0.02268447503959492,,0.47857473843377313,0.2211301612077165,0.17868204765504964,0.26611467453600957,0.20544838182572006,0.16810965051337706,0.037338731312343,0.0,0.2574445772260566,0.2931746517806156,0.757295251940056,0.06824520603497505,0.6334041839131894,0.6786946842231584,2023-09-28,329659777024.0,large_cap,2023-09-28,136.23704528808594,90,0.0021168332935539436,2023-12-28,0.11120722106717285,2024-04-01,0.21353124641944365,2024-09-30
PH,2023-06-30,,19065000000.0,6429000000.0,3075000000.0,2083000000.0,4072000000.0,,3354000000.0,2980000000.0,-381000000.0,2599000000.0,29964472000.0,12559459000.0,10326888000.0,475182000.0,6834229000.0,7735370000.0,15861608000.0,,0.20195884301263778,,0.33721479150275374,0.16129032258064516,0.1092578022554419,0.21358510359297142,0.15630736952530816,0.13632310516653554,0.01998426435877262,0.0,0.17592446892210858,0.41914501280049254,1.2161901048989783,0.01585818031434026,0.8835038272248128,0.6362534938042625,2023-09-28,108777250816.0,large_cap,2023-09-28,381.4530944824219,90,0.18141334962204358,2023-12-28,0.41321697626016496,2024-04-01,0.629752337201902,2024-09-30
TEAM,2023-06-30,,3534647000.0,2900882000.0,-345222000.0,-486761000.0,-220066000.0,1869881000.0,1366323000.0,868111000.0,-25812000.0,842299000.0,4106779000.0,1282358000.0,654672000.0,2102550000.0,2736364000.0,2027590000.0,2802882000.0,,0.2610759211411682,,0.8206992098503755,-0.09766802738717614,-0.13771134713027922,-0.062259682508606945,0.2456004800479369,0.2382979120687299,0.007302567979206976,0.5290149200188873,0.38655147175941473,0.31225395863765737,1.9587793582129678,0.5119705735322013,1.349564754215596,0.8606859536390928,2023-09-28,22194536448.0,mid_cap,2023-09-28,196.94000244140625,90,0.22484004382233658,2023-12-28,-0.018127385396376705,2024-04-01,-0.19361229008899283,2024-09-30
CSCO,2023-07-31,,56998000000.0,35753000000.0,15562000000.0,12613000000.0,17471000000.0,7551000000.0,12358000000.0,19886000000.0,-849000000.0,19037000000.0,101852000000.0,8391000000.0,44353000000.0,10123000000.0,43348000000.0,31309000000.0,51557000000.0,,0.10553368116841555,,0.6272676234253833,0.2730271237587284,0.2212884662619741,0.3065195270009474,0.3488894347170076,0.33399417523421876,0.01489525948278887,0.13247833257307273,0.21681462507456403,0.08238424380473629,0.18918675174170857,0.09938930997918549,1.3845220224216679,0.5596159132859443,2023-10-29,466916868096.0,large_cap,2023-10-30,48.168540954589844,90,-0.01938197339783798,2024-01-31,-0.07717389290045673,2024-05-01,0.11304026088662988,2024-10-30
INTU,2023-07-31,,14368000000.0,11225000000.0,3141000000.0,2384000000.0,4043000000.0,2539000000.0,5062000000.0,5046000000.0,-260000000.0,4786000000.0,27780000000.0,6689000000.0,17269000000.0,2848000000.0,5557000000.0,3790000000.0,12726000000.0,,0.1290271884331291,,0.78125,0.2186108017817372,0.16592427616926503,0.2813891982182628,0.3511971046770601,0.33310133630289535,0.018095768374164812,0.17671213808463251,0.3523106904231626,0.2407847372210223,0.38734147895072096,0.10251979841612671,1.46622691292876,0.5172066234701224,2023-10-29,109361717248.0,large_cap,2023-10-30,479.05657958984375,90,0.29698696486357323,2024-01-31,0.26561490498687523,2024-05-01,0.28168793365357514,2024-10-30
PANW,2023-07-31,,6892700000.0,4983000000.0,387300000.0,439700000.0,869000000.0,1604000000.0,2991700000.0,2777500000.0,-146300000.0,2631200000.0,14501100000.0,2270700000.0,1748400000.0,1135300000.0,6048000000.0,7737500000.0,5501500000.0,,0.2528764882304826,,0.722938761298185,0.05618988204912444,0.06379212790343407,0.12607541311822654,0.4029625545867367,0.3817372002263264,0.02122535436041029,0.232709968517417,0.43403891073164363,0.15658812090117302,1.2987302676733012,0.07829061243629794,0.7816478190630048,0.47532256173669585,2023-10-29,196935139328.0,large_cap,2023-10-30,119.2750015258789,90,0.4190316723331964,2024-01-31,0.20452732199524193,2024-05-01,0.5070635303560347,2024-10-30
ZS,2023-07-31,,1616952000.0,1254120000.0,-234623000.0,-202335000.0,-109207000.0,350786000.0,1137184000.0,462343000.0,-128724000.0,333619000.0,3608317000.0,1210545000.0,725112000.0,1262206000.0,2890314000.0,1535868000.0,1090946000.0,,0.4821558537269488,,0.7756074391818681,-0.14510201910755546,-0.12513358467041694,-0.06753880139917573,0.2859348947897031,0.20632585259178998,0.07960904219791311,0.216942741652195,0.7032886566824494,0.33548743084379784,1.6694593386952636,0.34980463191011213,1.881876567517521,0.4481180561463973,2023-10-29,25895344128.0,mid_cap,2023-10-30,156.80999755859375,90,0.5029016123852987,2024-01-31,0.09884573841797462,2024-05-01,0.1911230258740646,2024-10-30
ACN,2023-08-31,,64111745000.0,20731607000.0,9873035000.0,6871557000.0,10248473000.0,,10858572000.0,9524268000.0,-528172000.0,8996096000.0,51245305000.0,3149034000.0,25692839000.0,9045032000.0,23381931000.0,18009038000.0,61594305000.0,,0.04087131107332076,,0.32336675596647696,0.15399729020010297,0.10718093853162163,0.159853284292917,0.1485573041257885,0.14031900083206283,0.008238303293725666,0.0,0.16936946576637402,0.0614501952910613,0.12256465702369443,0.1765045988115399,1.2983442535908913,1.2510754887691662,2023-11-29,103897767936.0,large_cap,2023-11-29,320.7283630371094,90,0.14712092065684157,2024-03-01,-0.14676353404359643,2024-05-31,0.10456374902743937,2024-11-29
AZO,2023-08-31,,17457209000.0,9070422000.0,3473986000.0,2528426000.0,3983617000.0,,5596436000.0,2940788000.0,-796657000.0,2144131000.0,15985878000.0,10929767000.0,-4349894000.0,277054000.0,6779426000.0,8511856000.0,16252230000.0,,0.07414237923041944,,0.5195803063364826,0.19900008071164182,0.14483563781587308,0.22819323524167007,0.1684569394798447,0.12282209601775404,0.045634843462090645,0.0,0.32058022562484073,0.6837139004814125,2.5126513427683523,0.01733117192562085,0.7964685962732452,1.0920394237964284,2023-11-29,55024222208.0,large_cap,2023-11-29,2596.510009765625,90,0.1692579573411388,2024-03-01,0.06679347700888694,2024-05-31,0.22069240139328405,2024-11-29
COST,2023-08-31,,242290000000.0,29704000000.0,8114000000.0,6292000000.0,10724000000.0,,21590000000.0,11068000000.0,-4323000000.0,6745000000.0,68994000000.0,8884000000.0,25058000000.0,13700000000.0,35879000000.0,33583000000.0,226954000000.0,,0.06757316460604357,,0.12259688802674482,0.033488794419910026,0.025968880267448098,0.04426100953402947,0.04568079574064138,0.02783854059185274,0.017842255148788642,0.0,0.08910809360683479,0.1287648201292866,0.354537473062495,0.19856799141954373,1.0683679242473871,3.5117546453314783,2023-11-29,465369300992.0,large_cap,2023-11-29,566.8870849609375,90,0.30576887422509214,2024-03-01,0.41335738906131203,2024-05-31,0.700721090436373,2024-11-29
MU,2023-08-31,,15540000000.0,-1416000000.0,-5405000000.0,-5833000000.0,2486000000.0,3114000000.0,920000000.0,1559000000.0,-7676000000.0,-6117000000.0,64254000000.0,13933000000.0,44120000000.0,8577000000.0,21244000000.0,4765000000.0,30758000000.0,,-0.4947655894401457,,-0.09111969111969112,-0.3478120978120978,-0.37535392535392537,0.15997425997425999,0.10032175032175032,-0.39362934362934365,0.49395109395109393,0.20038610038610039,0.059202059202059204,0.216842531204283,0.3157978241160471,0.1334858530208236,4.458342077649528,0.2418526473060043,2023-11-29,817223696384.0,large_cap,2023-11-29,75.98062896728516,90,0.2423708443464776,2024-03-01,0.6336969030718451,2024-05-31,0.2827270752800526,2024-11-29
AAPL,2023-09-30,,383285000000.0,169148000000.0,114301000000.0,96995000000.0,125820000000.0,29915000000.0,24932000000.0,110543000000.0,-10959000000.0,99584000000.0,352583000000.0,111088000000.0,62146000000.0,29965000000.0,143566000000.0,145308000000.0,394328000000.0,,-0.02800460530319937,,0.4413112957720756,0.2982141226502472,0.2530623426432028,0.3282674772036474,0.28840940814276583,0.25981710737440805,0.02859230076835775,0.07804897139204509,0.06504820172978332,0.3150690759338936,1.7875325845589418,0.08498708105609176,0.9880116717592975,1.087077369016657,2023-12-29,4409585041408.0,large_cap,2023-12-29,190.37506103515625,90,-0.12192672256945503,2024-04-02,0.14709508015921235,2024-07-02,0.3070525839944471,2024-12-31
APD,2023-09-30,,12600000000.0,3767000000.0,2739200000.0,2300200000.0,4418200000.0,105600000.0,957000000.0,3206300000.0,-4626400000.0,-1420100000.0,32002500000.0,11031600000.0,14312900000.0,1617000000.0,5200500000.0,3895800000.0,12698600000.0,,-0.007764635471626757,,0.298968253968254,0.2173968253968254,0.18255555555555555,0.35065079365079366,0.25446825396825395,-0.11270634920634921,0.36717460317460315,0.008380952380952381,0.07595238095238095,0.3447105694867588,0.7707452717478638,0.05052730255448793,1.3348991221315263,0.3937192406843215,2023-12-29,65775423488.0,large_cap,2023-12-29,258.1552734375,90,-0.11760748493480255,2024-04-02,-0.07017102734621772,2024-07-02,0.08087814591206399,2024-12-31
EMR,2023-09-30,,15165000000.0,7427000000.0,2759000000.0,13219000000.0,4215000000.0,,4186000000.0,637000000.0,-363000000.0,274000000.0,42746000000.0,8561000000.0,20689000000.0,8051000000.0,13819000000.0,5032000000.0,13804000000.0,,0.09859461025789629,,0.48974612594790634,0.18193208044840092,0.8716782063963073,0.27794263105835804,0.04200461589185625,0.018067919551599077,0.02393669634025717,0.0,0.2760303330036268,0.20027604922097975,0.413794770167722,0.18834510831422824,2.7462241653418125,0.3547700369625228,2023-12-29,74521305088.0,large_cap,2023-12-29,93.192138671875,90,0.1695521364106729,2024-04-02,0.13343323880381952,2024-07-02,0.29731221264556007,2024-12-31
QCOM,2023-09-30,,35820000000.0,19951000000.0,8650000000.0,7232000000.0,9946000000.0,8818000000.0,2483000000.0,11299000000.0,-1450000000.0,9849000000.0,51040000000.0,15398000000.0,21581000000.0,8450000000.0,22464000000.0,9628000000.0,44200000000.0,,-0.18959276018099547,,0.5569793411501954,0.24148520379676158,0.20189838079285316,0.27766610831937466,0.3154383026242323,0.2749581239530988,0.040480178671133446,0.24617532104969292,0.06931881630374093,0.3016849529780564,0.7134979843380752,0.1655564263322884,2.333194848358953,0.7018025078369906,2023-12-29,212370472960.0,large_cap,2023-12-29,137.8426055908203,90,0.18861085321740823,2024-04-02,0.39667563055609945,2024-07-02,0.08310469751273386,2024-12-31
SBUX,2023-09-30,,35975600000.0,9846200000.0,5502900000.0,4124500000.0,7402300000.0,,2441300000.0,6008700000.0,-2333600000.0,3675100000.0,29445500000.0,24599800000.0,-7994800000.0,3551500000.0,7303400000.0,9345300000.0,32250300000.0,,0.11551210376337595,,0.27369105727215115,0.1529620075829173,0.11464714973482026,0.20575890325665172,0.16702153681939982,0.102155349737044,0.06486618708235582,0.0,0.06785988280945975,0.8354349561053471,3.076975033771952,0.12061265728209744,0.7815051416219918,1.221769030921533,2023-12-29,121737052160.0,large_cap,2023-12-29,90.03768157958984,90,-0.06429235331785099,2024-04-02,-0.18884839187558722,2024-07-02,-0.024788036082779574,2024-12-31
V,2023-09-30,,32653000000.0,26086000000.0,21927000000.0,17273000000.0,22624000000.0,,3216000000.0,20755000000.0,-1059000000.0,19696000000.0,90499000000.0,20463000000.0,38733000000.0,16286000000.0,33532000000.0,23098000000.0,29310000000.0,,0.11405663596042315,,0.7988852479098398,0.6715156340918139,0.5289866168499066,0.6928612991149359,0.6356230667932502,0.6031911309833706,0.032431935809879645,0.0,0.09849018466909626,0.22611299572370966,0.5283091937107892,0.17995778958883524,1.451727422287644,0.3608106166918971,2023-12-29,619492999168.0,large_cap,2023-12-29,255.49520874023438,90,0.07147804717759665,2024-04-02,0.03409850876730913,2024-07-02,0.22318335483937246,2024-12-31
AMAT,2023-10-31,,26517000000.0,12384000000.0,7654000000.0,6856000000.0,8469000000.0,3102000000.0,1628000000.0,8700000000.0,-1106000000.0,7594000000.0,30729000000.0,5999000000.0,16349000000.0,6132000000.0,19147000000.0,7372000000.0,25785000000.0,,0.028388598022105915,,0.4670211562393936,0.28864502017573634,0.2585511181506204,0.3193800203642946,0.32809141305577555,0.28638232077535164,0.04170909228042388,0.11698155899988687,0.06139457706377041,0.1952227537505288,0.36693375741635575,0.1995509128185102,2.5972599023331524,0.8629307819974616,2024-01-29,346505936896.0,large_cap,2024-01-29,165.3115692138672,90,0.22036949160959174,2024-04-29,0.17184661531961964,2024-07-30,0.08700713199239529,2025-01-30
AVGO,2023-10-31,,35819000000.0,24690000000.0,16451000000.0,14082000000.0,20554000000.0,5253000000.0,1592000000.0,18085000000.0,-452000000.0,17633000000.0,72861000000.0,39229000000.0,23988000000.0,14189000000.0,20847000000.0,7405000000.0,33203000000.0,,0.07878806131976024,,0.6892989754041151,0.459281386973394,0.39314330383316115,0.5738295318127251,0.5048996342723135,0.49228063318350596,0.012619001088807615,0.14665401044138585,0.044445685250844524,0.5384087509092655,1.6353593463398366,0.19474067059194905,2.8152599594868333,0.4916073070641358,2024-01-29,2013133668352.0,large_cap,2024-01-29,118.83319854736328,90,0.10392023988641275,2024-04-29,0.18732487550322752,2024-07-30,0.7947952917700996,2025-01-30
DE,2023-10-31,,60248000000.0,22306000000.0,14591000000.0,10166000000.0,17476000000.0,2177000000.0,4309000000.0,8589000000.0,-4468000000.0,4121000000.0,104087000000.0,63692000000.0,21785000000.0,7458000000.0,76369000000.0,37782000000.0,51282000000.0,,0.17483717483717487,,0.3702363563935732,0.24218231310582924,0.16873589164785552,0.29006772009029347,0.14256074890452794,0.06840061080865754,0.0741601380958704,0.03613397955118842,0.07152104634178728,0.6119111896778656,2.923663070920358,0.07165159914302459,2.0213064422211637,0.5788234842007167,2024-01-29,151754391552.0,large_cap,2024-01-29,385.364501953125,90,0.011980638637957508,2024-04-29,-0.058016931768003266,2024-07-30,0.22515478763067387,2025-01-30
SNPS,2023-10-31,,5318014000.0,4287171000.0,1326330000.0,1229888000.0,1555293000.0,1849935000.0,1101611000.0,1703274000.0,-191822000.0,1511452000.0,10333131000.0,677596000.0,6147308000.0,1433966000.0,3430624000.0,2985451000.0,4615714000.0,,0.15215414126611826,,0.8061601567803319,0.24940325467364322,0.2312682892523412,0.29245748506867414,0.32028385032457607,0.2842136180912649,0.036070232233311156,0.34786200261977496,0.20714706655529677,0.06557509045419051,0.11022646010253594,0.13877362050282727,1.1491141539419003,0.5146565934371683,2024-01-29,96244596736.0,large_cap,2024-01-29,539.9000244140625,90,0.009001639436554854,2024-04-29,-0.025949266775510238,2024-07-30,-0.025078789498471643,2025-01-30
ADBE,2023-11-30,,19409000000.0,17055000000.0,6650000000.0,5428000000.0,7784000000.0,3473000000.0,6764000000.0,7302000000.0,-360000000.0,6942000000.0,29779000000.0,4080000000.0,16518000000.0,7141000000.0,11084000000.0,8251000000.0,17606000000.0,,0.10240826990798602,,0.878716059559998,0.3426245556185275,0.2796640733680251,0.4010510587871606,0.37621721881601317,0.3576691225720027,0.01854809624401051,0.17893760626513472,0.34849811942913084,0.13700930185701332,0.24700326916091536,0.2397998589610128,1.3433523209307963,0.6517680244467577,2024-02-28,100079919104.0,large_cap,2024-02-28,551.8200073242188,90,-0.13450038098581585,2024-05-29,0.01580220105720387,2024-08-28,-0.20133377664619445,2025-03-03
ABBV,2023-12-31,,54318000000.0,33903000000.0,13535000000.0,4863000000.0,17172000000.0,7675000000.0,12872000000.0,22839000000.0,-777000000.0,22062000000.0,134711000000.0,59385000000.0,10360000000.0,12814000000.0,33002000000.0,37841000000.0,58054000000.0,,-0.06435387742446685,,0.6241577377664862,0.24918075039581722,0.0895283331492323,0.31613829669722743,0.420468353032144,0.40616370264000884,0.014304650392135203,0.1412975440921978,0.23697485179866712,0.4408325971895391,5.732142857142857,0.09512215038118639,0.8721228297349436,0.40321874234472316,2024-03-30,371715538944.0,large_cap,2024-04-01,167.3575439453125,90,-0.048677309074517505,2024-07-01,0.1128309918431385,2024-09-30,0.17650254231786744,2025-04-02
ABT,2023-12-31,,40109000000.0,22134000000.0,6478000000.0,5723000000.0,10544000000.0,2741000000.0,10949000000.0,7261000000.0,-2202000000.0,5059000000.0,73214000000.0,15628000000.0,38603000000.0,6896000000.0,22670000000.0,13841000000.0,43653000000.0,,-0.08118571461297042,,0.5518462190530804,0.16150988556184398,0.14268618015906653,0.2628836420753447,0.18103168864843303,0.12613129222867686,0.054900396419756164,0.06833877683312972,0.27298112643047695,0.21345644275684977,0.40483900215009194,0.09418963586199361,1.6378874358789104,0.5478323817849046,2024-03-30,147130957824.0,large_cap,2024-04-01,107.15582275390625,90,-0.0747452070212532,2024-07-01,0.02759640211182135,2024-09-30,0.20098670514074346,2025-04-02
AEP,2023-12-31,,18982000000.0,11128000000.0,3735000000.0,2208000000.0,7203000000.0,,,5012000000.0,-7506000000.0,-2494000000.0,96684000000.0,43608500000.0,25246700000.0,330100000.0,6082100000.0,11583600000.0,19639500000.0,,-0.03347844904401842,,0.5862395954061743,0.1967653566536719,0.1163207248972711,0.3794647560847118,0.26403961647876933,-0.1313876303866821,0.3954272468654515,0.0,0.0,0.45104153737950436,1.7272950524226929,0.003414215382069422,0.5250612935529542,0.19633031318522196,2024-03-30,68094746624.0,large_cap,2024-04-01,78.22683715820312,90,0.042292527279869985,2024-07-01,0.23634046167164136,2024-09-30,0.3233195635220807,2025-04-02
AMD,2023-12-31,,22680000000.0,10460000000.0,401000000.0,854000000.0,4051000000.0,5872000000.0,2318000000.0,1667000000.0,-546000000.0,1121000000.0,67885000000.0,3003000000.0,55892000000.0,3933000000.0,16768000000.0,6689000000.0,23601000000.0,,-0.039023770179229644,,0.46119929453262787,0.017680776014109348,0.037654320987654324,0.17861552028218694,0.07350088183421517,0.04942680776014109,0.024074074074074074,0.2589065255731922,0.10220458553791888,0.04423657656330559,0.05372861948042654,0.05793621565883479,2.506802212587831,0.33409442439419607,2024-03-30,691537707008.0,large_cap,2024-04-01,183.33999633789062,90,-0.13990397299458945,2024-07-01,-0.10505069756486896,2024-09-30,-0.43842041485197714,2025-04-02
AMGN,2023-12-31,,28190000000.0,19739000000.0,7897000000.0,6717000000.0,14801000000.0,4784000000.0,6179000000.0,8471000000.0,-1112000000.0,7359000000.0,97154000000.0,64613000000.0,6232000000.0,10944000000.0,30332000000.0,18392000000.0,26323000000.0,,0.07092656612088288,,0.7002128414331323,0.28013479957431714,0.23827598439162823,0.5250443419652359,0.3004966300106421,0.2610500177367861,0.03944661227385598,0.16970556935083364,0.2191912025540972,0.6650575375177553,10.367939666238767,0.11264590238178562,1.64919530230535,0.2901578936533751,2024-03-30,176207396864.0,large_cap,2024-04-01,264.3163757324219,90,0.10662432879631378,2024-07-01,0.1544585636105451,2024-09-30,0.11298320690432728,2025-04-02
AMT,2023-12-31,,10012200000.0,7450700000.0,3536800000.0,1483300000.0,6004000000.0,,946000000.0,4722400000.0,-1798100000.0,2924300000.0,66027600000.0,46307000000.0,4198200000.0,1753700000.0,3710000000.0,7249300000.0,9645400000.0,,0.03802849026478938,,0.7441621222109027,0.35324903617586545,0.14814925790535546,0.5996684045464533,0.47166456922554484,0.2920736701224506,0.17959089910309423,0.0,0.09448472863107009,0.7013279295324986,11.030203420513553,0.026560105168141807,0.5117735505497083,0.15163658833578686,2024-03-30,79495331840.0,large_cap,2024-04-01,178.5740509033203,90,0.022682162028309083,2024-07-01,0.22582700598281003,2024-09-30,0.16718791348803808,2025-04-02
AMZN,2023-12-31,,574785000000.0,270046000000.0,36852000000.0,30425000000.0,89402000000.0,,56186000000.0,84946000000.0,-52729000000.0,32217000000.0,527854000000.0,135611000000.0,201875000000.0,73387000000.0,172351000000.0,164917000000.0,513983000000.0,,0.1182957412988368,,0.46982088955000567,0.0641144079960333,0.05293283575597832,0.15553989752690137,0.14778743356211452,0.0560505232391242,0.09173691032299033,0.0,0.0977513331071618,0.25691005467420913,0.6717572755417957,0.139028973920819,1.0450772206625152,1.0889090543976174,2024-03-30,2841383010304.0,large_cap,2024-04-01,180.97000122070312,90,0.08968334872112682,2024-07-01,0.029618171930135162,2024-09-30,0.08310765974848344,2025-04-02
ANET,2023-12-31,,5860200000.0,3630300000.0,2257300000.0,2087300000.0,2327900000.0,854900000.0,518100000.0,2034000000.0,-34400000.0,1999600000.0,9956635000.0,,7219059000.0,1938606000.0,8400064000.0,1919435000.0,4381310000.0,,0.33754516343285457,,0.6194839766560868,0.38519163168492543,0.35618238285382753,0.3972390020818402,0.3470871301320774,0.34121702330978465,0.005870106822292755,0.14588239309238593,0.08840995187877547,,,0.19470493796347862,4.3763211570071405,0.5885723439696243,2024-03-30,178764283904.0,large_cap,2024-04-01,74.9375,90,0.1899917004404712,2024-07-01,0.28046708031432455,2024-09-30,0.06969145837677226,2025-04-02
AON,2023-12-31,,13376000000.0,6474000000.0,3920000000.0,2564000000.0,3909000000.0,,1764000000.0,3435000000.0,-252000000.0,3183000000.0,33959000000.0,12032000000.0,-826000000.0,778000000.0,21704000000.0,21651000000.0,12479000000.0,,0.07188075967625607,,0.4840011961722488,0.2930622009569378,0.1916866028708134,0.29223983253588515,0.2568032296650718,0.23796351674641147,0.018839712918660288,0.0,0.131877990430622,0.35430960864571986,14.566585956416464,0.022909979681380487,1.0024479238834234,0.3938867457816779,2024-03-30,67750879232.0,large_cap,2024-04-01,324.69659423828125,90,-0.10738625245285138,2024-07-01,0.054452878090630374,2024-09-30,0.21138658780197628,2025-04-02
APH,2023-12-31,,12554700000.0,4084100000.0,2594200000.0,1928000000.0,3000700000.0,,1489900000.0,2528700000.0,-372800000.0,2155900000.0,16526400000.0,4337300000.0,8346500000.0,1475000000.0,6835300000.0,3152700000.0,12623000000.0,,-0.005410758139903327,,0.3253044676495655,0.206631779333636,0.1535679864911149,0.2390100918381164,0.20141460966809244,0.17172055086939553,0.029694058798696903,0.0,0.11867268831592949,0.26244675186368477,0.5196549451866052,0.08925113757382128,2.168078155232023,0.7596754284054603,2024-03-30,153779306496.0,large_cap,2024-04-01,56.1178092956543,90,0.1859280031394308,2024-07-01,0.14746956807063483,2024-09-30,0.2014493696428925,2025-04-02
AXP,2023-12-31,,60515000000.0,,,8374000000.0,,,13280000000.0,18559000000.0,-1563000000.0,16996000000.0,261108000000.0,49159000000.0,28057000000.0,46530000000.0,,,52862000000.0,,0.1447731830048049,,,,0.13837891431876395,,0.3066842931504586,0.28085598611914403,0.02582830703131455,0.0,0.2194497232091217,0.18827075386430137,1.7521117724631998,0.17820212325934096,,0.23176233589166167,2024-03-30,213895708672.0,large_cap,2024-04-01,222.0419158935547,90,0.03042227461611291,2024-07-01,0.19876352922492635,2024-09-30,0.22271255689783875,2025-04-02
BA,2023-12-31,,77794000000.0,7724000000.0,-821000000.0,-2222000000.0,2315000000.0,3377000000.0,5168000000.0,5960000000.0,-1527000000.0,4433000000.0,137012000000.0,52603000000.0,-17233000000.0,12691000000.0,109275000000.0,95827000000.0,66608000000.0,,0.16793778525102088,,0.09928786281718384,-0.010553513124405481,-0.028562614083348332,0.029758079029231044,0.0766125922307633,0.056983829087076124,0.019628763143687174,0.04340951744350464,0.06643185849808468,0.3839298747554959,3.05245749434225,0.0926269231892097,1.14033623091613,0.5677896826555339,2024-03-30,173812793344.0,large_cap,2024-04-01,189.5,90,-0.014775741697930389,2024-07-01,-0.19767813569323056,2024-09-30,-0.11050133214462399,2025-04-02
BAC,2023-12-31,,102769000000.0,,,26305000000.0,,,49815000000.0,44982000000.0,,44982000000.0,3180151000000.0,334302000000.0,291646000000.0,341419000000.0,,,94950000000.0,,0.08234860452869941,,,,0.25596240111317614,,0.43770008465587873,0.43770008465587873,,0.0,0.48472788486800494,0.10512142347957691,1.146259506387881,0.10735936752688788,,0.03231576110694115,2024-03-30,353197326336.0,large_cap,2024-04-01,35.81013107299805,90,0.07285043767658617,2024-07-01,0.07093840889676617,2024-09-30,0.1429560290904488,2025-04-02
BL,2023-12-31,,589996000.0,443203000.0,25312000.0,52833000.0,116506000.0,103207000.0,314684000.0,126613000.0,-27597000.0,99016000.0,2100765000.0,1410469000.0,260881000.0,271117000.0,1407324000.0,642565000.0,522938000.0,,0.12823317486967856,,0.7511966182821579,0.04290198577617475,0.08954806473264225,0.1974691353839687,0.21459975999837286,0.16782486660926516,0.04677489338910772,0.17492830459867525,0.5333663279073079,0.6714073206665191,5.406560845749595,0.12905631995963376,2.1901659754266105,0.28084816721527633,2024-03-30,1598509952.0,low_cap,2024-04-01,64.0,90,-0.24921876192092896,2024-07-01,-0.13843750953674316,2024-09-30,-0.22750002145767212,2025-04-02
BLK,2023-12-31,,17859000000.0,8582000000.0,6339000000.0,5502000000.0,7874000000.0,,2092000000.0,4165000000.0,-344000000.0,3821000000.0,123211000000.0,9702000000.0,39347000000.0,8736000000.0,19378000000.0,1240000000.0,17873000000.0,,-0.0007833044256699839,,0.4805420236295425,0.35494708550310766,0.30807995968419283,0.44089814659275434,0.2332157455624615,0.21395374881012375,0.019261996752337758,0.0,0.11713981745898426,0.07874296937773413,0.2465753424657534,0.07090276030549221,15.62741935483871,0.1449464739349571,2024-03-30,167947649024.0,large_cap,2024-04-01,791.77001953125,90,-0.04758494213851605,2024-07-01,0.1628712123314493,2024-09-30,0.19026715262296134,2025-04-02
BMY,2023-12-31,,45006000000.0,34313000000.0,8195000000.0,8025000000.0,19366000000.0,9299000000.0,7772000000.0,13860000000.0,-1209000000.0,12651000000.0,95159000000.0,41464000000.0,29430000000.0,11464000000.0,31770000000.0,22262000000.0,46159000000.0,,-0.024978877358694973,,0.7624094565169088,0.1820868328667289,0.17830955872550328,0.4302981824645603,0.3079589388081589,0.2810958538861485,0.026863084922010397,0.20661689552504112,0.1726880860329734,0.4357338769848359,1.4089024804621135,0.12047205203921857,1.4270954990566884,0.4729557897834151,2024-03-30,116398063616.0,large_cap,2024-04-01,47.55073928833008,90,-0.21154136964836578,2024-07-01,0.002787934769450162,2024-09-30,0.18094829412679725,2025-04-02
BROS,2023-12-31,,965776000.0,251296000.0,46222000.0,1718000.0,118375000.0,,203425000.0,139915000.0,-228457000.0,-88542000.0,1764010000.0,676581000.0,364345000.0,133545000.0,205259000.0,138116000.0,739012000.0,,0.3068475207439121,,0.2602011232418283,0.047859959245208,0.0017788804029091631,0.12256982985702689,0.144873138284654,-0.09167964414108448,0.23655278242573846,0.0,0.21063372873212835,0.38354714542434565,1.8569789622473205,0.07570535314425655,1.4861348431753019,0.547488959813153,2024-03-30,8910600192.0,low_cap,2024-04-01,32.939998626708984,90,0.2704918099233784,2024-07-01,-0.027625983161828294,2024-09-30,0.901943052149369,2025-04-02
BSX,2023-12-31,,14240000000.0,9895000000.0,2417000000.0,1593000000.0,3446000000.0,1414000000.0,5190000000.0,2503000000.0,-800000000.0,1703000000.0,35136000000.0,9492000000.0,19281000000.0,865000000.0,6514000000.0,4933000000.0,12682000000.0,,0.12285128528623246,,0.694873595505618,0.16973314606741574,0.11186797752808988,0.24199438202247192,0.17577247191011236,0.11959269662921349,0.056179775280898875,0.09929775280898877,0.36446629213483145,0.2701502732240437,0.4922981173175665,0.024618624772313295,1.3204946280154064,0.40528233151183973,2024-03-30,78301192192.0,large_cap,2024-04-01,68.0999984741211,90,0.12202651063415515,2024-07-01,0.23054339103403843,2024-09-30,0.46916307332632545,2025-04-02
BX,2023-12-31,,7006649000.0,,,1390880000.0,,,1236292000.0,4056906000.0,-224231000.0,3832675000.0,40287530000.0,12293882000.0,6816798000.0,2955866000.0,,,7132632000.0,,-0.01766290480148147,,,,0.19850858805685856,,0.5790080250915951,0.5470054229917897,0.03200260209980548,0.0,0.17644554479609298,0.30515353013699276,1.8034687253458295,0.07336925346378892,,0.17391607278976895,2024-03-30,144092463104.0,large_cap,2024-04-01,122.30782318115234,90,-0.06084118456770138,2024-07-01,0.18341394627740248,2024-09-30,0.1568135772828505,2025-04-02
C,2023-12-31,,78090000000.0,,,9228000000.0,,,30712000000.0,-73416000000.0,-6583000000.0,-79999000000.0,2411834000000.0,324076000000.0,205453000000.0,260932000000.0,,,74480000000.0,,0.04846938775510212,,,,0.11817134076066077,,-0.9401459854014599,-1.0244461518760404,0.0843001664745806,0.0,0.3932897938276348,0.13436911495567275,1.5773729271414874,0.10818820864122489,,0.03237785021688889,2024-03-30,210502303744.0,large_cap,2024-04-01,59.50568389892578,90,0.008210303468324742,2024-07-01,0.004591559310825,2024-09-30,0.16984640995629352,2025-04-02
CAT,2023-12-31,,67060000000.0,23263000000.0,12966000000.0,10335000000.0,15705000000.0,2108000000.0,6371000000.0,12885000000.0,-3092000000.0,9793000000.0,87476000000.0,37878000000.0,19494000000.0,6978000000.0,46949000000.0,34728000000.0,59427000000.0,,0.1284433001834182,,0.346898300029824,0.19334923948702654,0.1541157172681181,0.2341932597673725,0.1921413659409484,0.14603340292275574,0.046107963018192664,0.03143453623620638,0.09500447360572621,0.4330101970826284,1.943059402893198,0.07977045132379167,1.3519062428011979,0.7666102702455531,2024-03-30,409148456960.0,large_cap,2024-04-01,352.8075866699219,90,-0.09199000864905615,2024-07-01,0.08358816721923801,2024-09-30,-0.06609032818579408,2025-04-02
CB,2023-12-31,,49826000000.0,,,9028000000.0,,,4007000000.0,12632000000.0,,12632000000.0,230682000000.0,14495000000.0,59507000000.0,2449000000.0,,,43055000000.0,,0.15726396469631876,,,,0.18119054308995303,,0.2535222574559467,0.2535222574559467,,0.0,0.08041986111668607,0.0628354184548426,0.24358478834422842,0.01061634631223936,,0.21599431251679801,2024-03-30,125724844032.0,large_cap,2024-04-01,252.45533752441406,90,-0.006588732137787656,2024-07-01,0.1278400799085495,2024-09-30,0.18692035431071785,2025-04-02
CDNS,2023-12-31,,4089986000.0,3654945000.0,1262238000.0,1041144000.0,1463854000.0,1441796000.0,932749000.0,1349176000.0,-102503000.0,1246673000.0,5669491000.0,764414000.0,3404271000.0,1008152000.0,1976217000.0,1590867000.0,3561718000.0,,0.1483183115563893,,0.8936326432413216,0.3086167043114573,0.25455930655997355,0.35791173857318825,0.3298730117902604,0.30481106781294603,0.025061943977314347,0.3525185660782213,0.22805677085447237,0.1348293876822452,0.22454557818693047,0.177820548617151,1.2422264086186965,0.7214026797114591,2024-03-30,95774343168.0,large_cap,2024-04-01,312.1300048828125,90,-0.0038765624456142955,2024-07-01,-0.13167592176518372,2024-09-30,-0.15118701087107433,2025-04-02
CELH,2023-12-31,,1318014000.0,633139000.0,266366000.0,226801000.0,294975000.0,,366773000.0,141218000.0,-17433000.0,123785000.0,1536396000.0,2187000.0,1088528000.0,755981000.0,1204904000.0,276613000.0,653604000.0,,1.0165329465547948,,0.4803735013436883,0.20209648759421373,0.1720778383234169,0.22380263032107398,0.10714453715969634,0.09391781877885971,0.013226718380836623,0.0,0.2782770137494746,0.001423461138925121,0.0020091352725883026,0.4920482740126894,4.355919642243857,0.857860863996001,2024-03-30,7710112768.0,low_cap,2024-04-01,82.52999877929688,90,-0.2991639281703541,2024-07-01,-0.6200169505125644,2024-09-30,-0.5547073725485265,2025-04-02
CI,2023-12-31,,195187000000.0,,,5164000000.0,9994000000.0,,14822000000.0,11813000000.0,-1573000000.0,10240000000.0,152761000000.0,30930000000.0,46223000000.0,7822000000.0,37351000000.0,48716000000.0,180031000000.0,,0.08418550138587233,,,,0.026456680004303564,0.05120218047308479,0.060521448662052287,0.052462510310625196,0.008058938351427092,0.0,0.07593743435782097,0.2024731443234857,0.6691473941544253,0.05120416860324298,0.7667090894162082,1.2777279541244166,2024-03-30,75463155712.0,large_cap,2024-04-01,350.51336669921875,90,-0.10016175005585248,2024-07-01,-0.040859781037544174,2024-09-30,-0.07266789730673706,2025-04-02
CL,2023-12-31,,19457000000.0,11326000000.0,4085000000.0,2300000000.0,4246000000.0,,7151000000.0,3745000000.0,-705000000.0,3040000000.0,16393000000.0,9064000000.0,609000000.0,966000000.0,5279000000.0,4741000000.0,17967000000.0,,0.08292981577336223,,0.582104127049391,0.20995014647684637,0.1182093847972452,0.21822480341265355,0.19247571568073188,0.1562419694711415,0.03623374620959038,0.0,0.36752839595004366,0.5529189288110778,14.883415435139574,0.05892759104495821,1.1134781691626239,1.1869090465442567,2024-03-30,70520684544.0,large_cap,2024-04-01,84.54302215576172,90,0.07898171528539755,2024-07-01,0.1783600059307533,2024-09-30,0.0732560837373275,2025-04-02
CME,2023-12-31,,5578900000.0,4750300000.0,3435700000.0,3226200000.0,4665600000.0,,144400000.0,3453800000.0,-76400000.0,3377400000.0,129706100000.0,3425400000.0,26737900000.0,2912000000.0,94890200000.0,93416900000.0,5019400000.0,,0.11146750607642342,,0.8514760974385631,0.615838247683235,0.5782860420513004,0.8362938930613562,0.6190826148523902,0.6053881589560666,0.013694455896323648,0.0,0.0258832386312714,0.02640893527752357,0.12811028540012492,0.0224507559783233,1.0157712362538256,0.04301185526355353,2024-03-30,108294709248.0,large_cap,2024-04-01,195.1698455810547,90,-0.0726241377393535,2024-07-01,0.05216505399138782,2024-09-30,0.29559394592190813,2025-04-02
CMG,2023-12-31,,9871649000.0,2586092000.0,1633114000.0,1228737000.0,1952508000.0,,633584000.0,1783477000.0,-560731000.0,1222746000.0,8044362000.0,4051625000.0,3062207000.0,560609000.0,1620713000.0,1030625000.0,8634652000.0,,0.1432596241284536,,0.2619716320951039,0.16543477184004415,0.12447130160320732,0.19778944733549583,0.18066657353801782,0.12386441211594942,0.05680216142206839,0.0,0.06418218475960805,0.5036602032578842,1.3231061779951518,0.06968967831134402,1.5725535476046089,1.2271512644508042,2024-03-30,41881264128.0,mid_cap,2024-04-01,57.540000915527344,90,0.07420925251691113,2024-07-01,0.0013903026604893398,2024-09-30,-0.09593327024564025,2025-04-02
COIN,2023-12-31,,3108383000.0,1972833000.0,-53743000.0,94871000.0,145563000.0,1324541000.0,691775000.0,673376000.0,-63202000.0,673376000.0,14753901000.0,2983778000.0,6281649000.0,5139351000.0,11356794000.0,5485079000.0,3194208000.0,,-0.02686894529097672,,0.6346814404788599,-0.017289696926022308,0.030521013658870222,0.046829171308683644,0.21663224898604838,0.21663224898604838,0.02033275822187935,0.4261189821202857,0.22255140373628346,0.2022365474731056,0.47499916025234773,0.34833844960732757,2.0704886839369134,0.2106821104465863,2024-03-30,51488137216.0,large_cap,2024-04-01,252.11000061035156,90,-0.07433265418981794,2024-07-01,-0.29328468629724913,2024-09-30,-0.27432471339762354,2025-04-02
COP,2023-12-31,,56141000000.0,18203000000.0,15026000000.0,10957000000.0,25783000000.0,,705000000.0,19965000000.0,-11248000000.0,8717000000.0,95924000000.0,18937000000.0,49279000000.0,5635000000.0,14330000000.0,10005000000.0,78494000000.0,,-0.28477335847325913,,0.3242371885075079,0.2676475303254306,0.19516930585490105,0.4592543773712616,0.35562245061541475,0.15526976719331684,0.20035268342209794,0.0,0.01255766730197182,0.19741670489137234,0.38428133687777755,0.05874442266794545,1.4322838580709645,0.5852654184562779,2024-03-30,149131378688.0,large_cap,2024-04-01,120.01913452148438,90,-0.10563005319128649,2024-07-01,-0.1706856359116321,2024-09-30,-0.15155638990873388,2025-04-02
CROX,2023-12-31,,3962347000.0,2210010000.0,1046070000.0,792566000.0,1091927000.0,,1151064000.0,930444000.0,-115625000.0,814819000.0,4643834000.0,1996360000.0,1453923000.0,149288000.0,910704000.0,698296000.0,3554985000.0,,0.11458895044564188,,0.5577527662266833,0.264002622688018,0.20002437949023646,0.2755758140314314,0.23482143285280163,0.2056404953932606,0.029180937459541024,0.0,0.29050055434317085,0.42989478090732786,1.3730850946026716,0.03214757461184013,1.3041804621535853,0.8532490610129475,2024-03-30,4717535232.0,low_cap,2024-04-01,145.75,90,0.013722126929674117,2024-07-01,-0.006449416407590003,2024-09-30,-0.2347169748505843,2025-04-02
CSX,2023-12-31,,14657000000.0,5499000000.0,5528000000.0,3668000000.0,7245000000.0,,-29000000.0,5514000000.0,-2257000000.0,3257000000.0,42212000000.0,19024000000.0,11980000000.0,1353000000.0,3359000000.0,3223000000.0,14853000000.0,,-0.013195987342624393,,0.3751790953128198,0.3771576721020673,0.2502558504468855,0.49430306338268404,0.3762024971003616,0.22221464146824044,0.15398785563212117,0.0,-0.0019785767892474587,0.450677532455226,1.5879799666110184,0.032052496920307025,1.0421967111386907,0.3472235383303326,2024-03-30,84842618880.0,large_cap,2024-04-01,35.706581115722656,90,-0.08342914613751362,2024-07-01,-0.05443605982992361,2024-09-30,-0.1795923855155398,2025-04-02
CVX,2023-12-31,,196913000000.0,60391000000.0,26229000000.0,21369000000.0,47815000000.0,,4141000000.0,35609000000.0,-15829000000.0,19780000000.0,261632000000.0,20836000000.0,160957000000.0,8178000000.0,41128000000.0,32258000000.0,235717000000.0,,-0.16462113466572204,,0.3066887407129037,0.1332009567677096,0.10852000629719724,0.24282297258180008,0.18083620685277255,0.1004504527380112,0.08038575411476134,0.0,0.02102959174864026,0.07963857632093933,0.12945072286387047,0.03125764432485323,1.2749705499411,0.7526334699119374,2024-03-30,380594323456.0,large_cap,2024-04-01,145.91610717773438,90,-0.006157324069060444,2024-07-01,-0.054425511970500606,2024-09-30,0.09173106754348481,2025-04-02
DDOG,2023-12-31,,2128359000.0,1718451000.0,-33464000.0,48568000.0,111002000.0,962447000.0,789468000.0,659954000.0,-62406000.0,597548000.0,3936072000.0,902337000.0,2025354000.0,330339000.0,3178137000.0,1003052000.0,1675100000.0,,0.2705862336576921,,0.8074065512444094,-0.015722911407333066,0.022819458559387773,0.05215379548281093,0.3100764485690619,0.28075526732097356,0.029321181248088315,0.452201437821345,0.3709280248303975,0.22924809302268861,0.44552063491123034,0.08392605623067871,3.168466839206741,0.5407317244196752,2024-03-30,74032603136.0,large_cap,2024-04-01,123.1500015258789,90,0.05968329990297683,2024-07-01,-0.06569227663050503,2024-09-30,-0.17409664779338896,2025-04-02
DHR,2023-12-31,,23890000000.0,14034000000.0,5202000000.0,4764000000.0,7496000000.0,1503000000.0,7329000000.0,7164000000.0,-1383000000.0,5781000000.0,84488000000.0,19536000000.0,53486000000.0,5864000000.0,13937000000.0,8274000000.0,26643000000.0,,-0.10332920466914386,,0.5874424445374634,0.2177480117203851,0.19941398074508163,0.31377145249058186,0.29987442444537465,0.24198409376308078,0.05789033068229385,0.0629133528673085,0.3067810799497698,0.2312281033992993,0.36525445911079535,0.0694063062210018,1.6844331641285957,0.2827620490483856,2024-03-30,114595143680.0,large_cap,2024-04-01,244.93020629882812,90,-0.012177553768917049,2024-07-01,0.12429925068587555,2024-09-30,-0.16810626083916358,2025-04-02
DPZ,2023-12-31,,4479358000.0,1727417000.0,819668000.0,519118000.0,929555000.0,,907749000.0,590864000.0,-105396000.0,485468000.0,1674899000.0,5209306000.0,-4070367000.0,114098000.0,817291000.0,547350000.0,4537158000.0,,-0.012739252192672135,,0.38563941529120915,0.18298782995241727,0.11589116118872392,0.20751969367038758,0.1319081886288169,0.10837892394401162,0.02352926468480528,0.0,0.20265158533879185,3.1102209745184637,1.279812360900135,0.06812231662924152,1.493178039645565,2.6744048447100393,2024-03-30,10054730752.0,mid_cap,2024-04-01,478.9837341308594,90,0.026071625467917636,2024-07-01,-0.12337446167935584,2024-09-30,-0.0384892610474995,2025-04-02
DUK,2023-12-31,,29060000000.0,13756000000.0,7103000000.0,2841000000.0,13865000000.0,,,9878000000.0,-12604000000.0,-2726000000.0,176893000000.0,80457000000.0,49111000000.0,253000000.0,12769000000.0,17283000000.0,28768000000.0,,0.01015016685205783,,0.4733654507914659,0.2444253269098417,0.0977632484514797,0.47711631108052305,0.3399174122505162,-0.09380591878871301,0.43372333103922917,0.0,0.0,0.4548342783490585,1.6382684123719737,0.0014302431413340268,0.7388184921599259,0.16428010153030362,2024-03-30,94292164608.0,large_cap,2024-04-01,88.56414031982422,90,0.04450099795154827,2024-07-01,0.22349256078355806,2024-09-30,0.30161783671808706,2025-04-02
DUOL,2023-12-31,,531109000.0,389004000.0,-13259000.0,16067000.0,-6164000.0,194352000.0,207911000.0,153614000.0,-13684000.0,139930000.0,953957000.0,21094000.0,655501000.0,747610000.0,897798000.0,277362000.0,369495000.0,,0.4373915749874828,,0.7324372209847696,-0.024964743583708805,0.030251793887883655,-0.011605903872839662,0.28923253042219205,0.2634675744527018,0.025764955969490255,0.3659361825915208,0.39146578197695764,0.022112107778442844,0.03217996616328579,0.7836936046383642,3.2369178185908667,0.5567431236418413,2024-03-30,5221224448.0,low_cap,2024-04-01,218.2100067138672,90,-0.10531144438513851,2024-07-01,0.29242463835985744,2024-09-30,0.5469501268162598,2025-04-02
DXCM,2023-12-31,,3622300000.0,2288900000.0,597700000.0,541500000.0,916700000.0,505800000.0,1185400000.0,748500000.0,-236600000.0,511900000.0,6264500000.0,2594000000.0,2068600000.0,566300000.0,4425900000.0,1556000000.0,2909800000.0,,0.2448621898412262,,0.6318913397565082,0.16500565938768186,0.14949065510863263,0.25307125307125306,0.2066366673108246,0.141319051431411,0.06531761587941363,0.13963503851144302,0.32725064185738345,0.41407933594061774,1.2539882045828097,0.09039827599968074,2.844408740359897,0.5782265144863916,2024-03-30,23781353472.0,mid_cap,2024-04-01,137.94000244140625,90,-0.18682038434360215,2024-07-01,-0.5139915925113572,2024-09-30,-0.5060171220557086,2025-04-02
ECL,2023-12-31,,15320200000.0,6165300000.0,2103700000.0,1372300000.0,3028000000.0,,4061600000.0,2411800000.0,-774800000.0,1637000000.0,21846600000.0,8733400000.0,8044700000.0,919500000.0,5644100000.0,4345800000.0,14187800000.0,,0.07981505236893671,,0.40242947220010183,0.1373154397462174,0.08957454863513531,0.19764755029307712,0.15742614326183732,0.10685239096095352,0.050573752300883804,0.0,0.26511403245388443,0.39976014574350244,1.085609158825065,0.042088929169756394,1.2987482166689677,0.7012624390065273,2024-03-30,69689556992.0,large_cap,2024-04-01,223.38746643066406,90,0.035639331660327844,2024-07-01,0.12537752082132148,2024-09-30,0.1238504634007247,2025-04-02
ELV,2023-12-31,,171340000000.0,,,5987000000.0,,,,8061000000.0,-1296000000.0,6765000000.0,108928000000.0,25120000000.0,39306000000.0,6526000000.0,,,156595000000.0,,0.09416009451131901,,,,0.034942220147075986,,0.04704680751721723,0.03948289949807401,0.007563908019143224,0.0,0.0,0.23061104582843714,0.6390881799216405,0.059911133960047006,,1.5729656286721505,2024-03-30,85275320320.0,large_cap,2024-04-01,498.0403747558594,90,0.03909223815237284,2024-07-01,0.013848832708417191,2024-09-30,-0.155982489232243,2025-04-02
ENPH,2023-12-31,,2290786000.0,1058388000.0,461425000.0,438936000.0,596686000.0,227336000.0,369627000.0,696780000.0,-110401000.0,586379000.0,3383012000.0,1298958000.0,983624000.0,288748000.0,2443518000.0,532449000.0,2330853000.0,,-0.01718984423299108,,0.46201958629046974,0.20142649728084597,0.1916093428194515,0.2604721698142035,0.3041663429058847,0.2559728407629521,0.0481935021429326,0.09923930039733088,0.1613537886122929,0.38396494011845067,1.3205838816458322,0.08535234282349576,4.58920572674566,0.6771439179051094,2024-03-30,6970807808.0,low_cap,2024-04-01,118.29000091552734,90,-0.17778340194886555,2024-07-01,-0.04455156168461205,2024-09-30,-0.47146842527788857,2025-04-02
EOG,2023-12-31,,23182000000.0,16616000000.0,8892000000.0,7594000000.0,13329000000.0,,6349000000.0,11340000000.0,-6185000000.0,5155000000.0,43857000000.0,4124000000.0,28090000000.0,5278000000.0,9935000000.0,4074000000.0,29492000000.0,,-0.21395632713956325,,0.7167630057803468,0.3835734621689242,0.32758174445690624,0.5749719610042274,0.48917263394012594,0.22237080493486325,0.2668018290052627,0.0,0.2738762833232681,0.09403287958592699,0.14681381274474903,0.12034566887840026,2.4386352479135986,0.52858152632419,2024-03-30,74706477056.0,large_cap,2024-04-01,120.73574829101562,90,-0.018211223756524175,2024-07-01,-0.03957497581686176,2024-09-30,0.03000914497977769,2025-04-02
EQIX,2023-12-31,,8188000000.0,3960000000.0,1451000000.0,969000000.0,3370000000.0,,2509000000.0,3217000000.0,-2781000000.0,436000000.0,32651000000.0,17454000000.0,12489000000.0,2096000000.0,3568000000.0,3162000000.0,7263000000.0,,0.12735784111248805,,0.4836345872007816,0.1772105520273571,0.11834391792867612,0.41157791890571566,0.39289203712750365,0.05324865657059111,0.33964338055691257,0.0,0.30642403517342454,0.53456249425745,1.397549843862599,0.06419405224954826,1.1283997469955724,0.25077333006646046,2024-03-30,104486469632.0,large_cap,2024-04-01,766.103759765625,90,-0.045345608183148256,2024-07-01,0.12119884536487224,2024-09-30,0.06082811417987677,2025-04-02
ETN,2023-12-31,,23196000000.0,8434000000.0,3885000000.0,3218000000.0,4904000000.0,754000000.0,3795000000.0,3624000000.0,-757000000.0,2867000000.0,38432000000.0,9802000000.0,19036000000.0,488000000.0,11675000000.0,7747000000.0,20752000000.0,,0.11777178103315333,,0.3635971719261942,0.16748577340920848,0.13873081565787204,0.21141576133816176,0.1562338334195551,0.12359889636144163,0.03263493705811347,0.03250560441455423,0.16360579410243145,0.25504787676935886,0.5149191006513973,0.0126977518734388,1.5070349812830772,0.6035595337218984,2024-03-30,155102560256.0,large_cap,2024-04-01,303.46722412109375,90,0.004083260542472988,2024-07-01,0.06896721987720444,2024-09-30,-0.07861483300405647,2025-04-02
EXC,2023-12-31,,21727000000.0,8927000000.0,4013000000.0,2328000000.0,7937000000.0,,,4703000000.0,-7408000000.0,-2705000000.0,101856000000.0,44008000000.0,25755000000.0,445000000.0,8087000000.0,9901000000.0,19078000000.0,,0.13885103260299814,,0.4108712661665209,0.18470106319326185,0.10714778846596401,0.3653058406590878,0.2164587840014728,-0.1244994707046532,0.340958254706126,0.0,0.0,0.43206094879044926,1.708716754028344,0.004368912975180647,0.8167861832138168,0.21331094879044926,2024-03-30,44386770944.0,mid_cap,2024-04-01,34.56012725830078,90,-0.06269259679924233,2024-07-01,0.11134923446945999,2024-09-30,0.284431324112308,2025-04-02
FCX,2023-12-31,,22855000000.0,7160000000.0,6225000000.0,1848000000.0,8589000000.0,,479000000.0,5279000000.0,-4824000000.0,455000000.0,52506000000.0,9853000000.0,16693000000.0,4758000000.0,14065000000.0,5815000000.0,22780000000.0,,0.0032923617208078237,,0.313279369940932,0.27236928462043314,0.08085758039816232,0.37580398162327716,0.23097790417851674,0.019908116385911178,0.21106978779260555,0.0,0.02095821483264056,0.18765474421970824,0.590247409093632,0.09061821506113588,2.4187446259673258,0.4352835866377176,2024-03-30,90580639744.0,large_cap,2024-04-01,45.987030029296875,90,0.025851033543632163,2024-07-01,0.06095274546536844,2024-09-30,-0.18252875268016588,2025-04-02
GD,2023-12-31,,42272000000.0,6672000000.0,4245000000.0,3315000000.0,5246000000.0,,2427000000.0,4710000000.0,-904000000.0,3806000000.0,54810000000.0,11083000000.0,21299000000.0,1913000000.0,23615000000.0,16432000000.0,39407000000.0,,0.07270281929606415,,0.1578349735049205,0.10042108251324754,0.07842070401211204,0.12410105980317941,0.11142127176381529,0.09003595760787282,0.021385314155942466,0.0,0.057413890991672975,0.2022076263455574,0.5203530682191653,0.03490239007480387,1.437134858812074,0.7712461229702609,2024-03-30,90458890240.0,large_cap,2024-04-01,279.0680236816406,90,-0.007764338371224366,2024-07-01,0.04684673335373901,2024-09-30,-0.03406276624607507,2025-04-02
GE,2023-12-31,,35348000000.0,9523000000.0,4717000000.0,9482000000.0,12649000000.0,1011000000.0,3795000000.0,5189000000.0,-862000000.0,4327000000.0,173300000000.0,20525000000.0,27403000000.0,15204000000.0,42556000000.0,32102000000.0,29139000000.0,,0.21308212361440004,,0.269407038587756,0.13344460789860813,0.2682471426954849,0.3578420278375014,0.14679755573158312,0.12241145185017539,0.024386103881407717,0.028601335294783297,0.1073610953943646,0.11843623773802654,0.7490055833302923,0.08773225620311598,1.3256494922434738,0.20396999422965956,2024-03-30,294150897664.0,large_cap,2024-04-01,138.04588317871094,90,0.1379089695727025,2024-07-01,0.35414522533775106,2024-09-30,0.4395082334150364,2025-04-02
GILD,2023-12-31,,27116000000.0,20618000000.0,8838000000.0,5665000000.0,10496000000.0,5718000000.0,6062000000.0,8006000000.0,-585000000.0,7421000000.0,62125000000.0,24987000000.0,22833000000.0,6085000000.0,16085000000.0,11280000000.0,27281000000.0,,-0.006048165389831772,,0.7603628853813247,0.32593302847027583,0.20891724443133206,0.3870777400796578,0.2952500368785957,0.27367605841569553,0.021573978462900132,0.21087181000147515,0.22355804690957368,0.40220523138833,1.0943371436079359,0.0979476861167002,1.4259751773049645,0.4364748490945674,2024-03-30,160882638848.0,large_cap,2024-04-01,68.42356872558594,90,-0.04662808831082066,2024-07-01,0.175374821010716,2024-09-30,0.5929011528682775,2025-04-02
GOOGL,2023-12-31,,307394000000.0,174062000000.0,84293000000.0,73795000000.0,97971000000.0,45427000000.0,44342000000.0,101746000000.0,-32251000000.0,69495000000.0,402392000000.0,27121000000.0,283379000000.0,24048000000.0,171530000000.0,81814000000.0,282836000000.0,,0.0868277022726951,,0.566250479840205,0.27421810445226646,0.24006649446638517,0.318714743944254,0.3309954000403391,0.22607793255561268,0.10491746748472644,0.14778102370247956,0.14425135168545905,0.0673994512813376,0.09570575095543424,0.059762619535179626,2.096584936563424,0.7639167776695361,2024-03-30,4807165739008.0,large_cap,2024-04-01,154.2154083251953,90,0.17821098382541978,2024-07-01,0.06926936601514577,2024-09-30,0.014797072940311295,2025-04-02
GS,2023-12-31,,46254000000.0,,,8516000000.0,,,16128000000.0,-12587000000.0,-2316000000.0,-14903000000.0,1641594000000.0,333248000000.0,116905000000.0,241577000000.0,,,47365000000.0,,-0.02345613849889161,,,,0.18411380637350283,,-0.27212781597267266,-0.32219916115362995,0.05007134518095732,0.0,0.3486833571150603,0.2030026912866397,2.8505880843419873,0.14716001642306198,,0.028176272574095666,2024-03-30,279805689856.0,large_cap,2024-04-01,396.37322998046875,90,0.12806445587656268,2024-07-01,0.2117070533473131,2024-09-30,0.39179671518139547,2025-04-02
HCA,2023-12-31,,64968000000.0,25579000000.0,9627000000.0,5242000000.0,12721000000.0,,29487000000.0,9431000000.0,-4744000000.0,4687000000.0,56211000000.0,41859000000.0,-1774000000.0,935000000.0,14927000000.0,12655000000.0,60233000000.0,,0.07861139242607873,,0.3937169067848787,0.148180642777983,0.0806858761236301,0.19580408816648195,0.1451637729343677,0.07214320896441324,0.07302056396995443,0.0,0.453869597340229,0.7446763089075092,23.595828635851184,0.01663375495899379,1.1795337811141842,1.1557880130223621,2024-03-30,93838237696.0,large_cap,2024-04-01,325.29681396484375,90,-0.043557444438794723,2024-07-01,0.23565035913152488,2024-09-30,0.0596847305354955,2025-04-02
HON,2023-12-31,,33009000000.0,12372000000.0,6110000000.0,5658000000.0,7944000000.0,1375000000.0,4887000000.0,5340000000.0,-741000000.0,4599000000.0,61525000000.0,21536000000.0,15856000000.0,7925000000.0,23502000000.0,18539000000.0,35466000000.0,,-0.06927761800033838,,0.37480687085340364,0.18510103305159198,0.1714077978733073,0.24066163773516314,0.1617740616195583,0.13932563846223758,0.02244842315732073,0.04165530612863159,0.14805053167318005,0.3500365704997968,1.3582240161453079,0.12880942706216986,1.2677059172555154,0.5365136123527021,2024-03-30,135120191488.0,large_cap,2024-04-01,181.5309295654297,90,0.0497840976039714,2024-07-01,0.03431255653300713,2024-09-30,0.09187974827876144,2025-04-02
IBM,2023-12-31,,61860000000.0,34300000000.0,9382000000.0,7502000000.0,14693000000.0,6775000000.0,19003000000.0,13931000000.0,-1810000000.0,12121000000.0,135241000000.0,59935000000.0,22533000000.0,13068000000.0,32908000000.0,34122000000.0,60530000000.0,,0.02197257558235588,,0.5544778532169414,0.15166505011315876,0.12127384416424183,0.237520206918849,0.22520206918849014,0.195942450695118,0.02925961849337213,0.10952150016165535,0.3071936631102489,0.4431718191968412,2.6598766253938666,0.09662750201492151,0.9644217806693629,0.4574056683993759,2024-03-30,206116847616.0,large_cap,2024-04-01,177.88992309570312,90,-0.06843924539255397,2024-07-01,0.18646927645911537,2024-09-30,0.36114779012941445,2025-04-02
ICE,2023-12-31,,9903000000.0,5659000000.0,3963000000.0,2368000000.0,4917000000.0,,481000000.0,3542000000.0,-489000000.0,3053000000.0,136084000000.0,22912000000.0,25717000000.0,899000000.0,84973000000.0,84626000000.0,9636000000.0,,0.027708592777085927,,0.5714429970715945,0.40018176310209025,0.23911945874987378,0.4965162072099364,0.357669393113198,0.30829041704533977,0.049378976067858224,0.0,0.04857114005856811,0.16836659710179008,0.890928179803243,0.006606213809117897,1.0041003946777587,0.07277122953469915,2024-03-30,87292510208.0,large_cap,2024-04-01,133.84857177734375,90,0.002586326793511118,2024-07-01,0.17947776422439832,2024-09-30,0.25859471722203864,2025-04-02
INTC,2023-12-31,,54228000000.0,21711000000.0,31000000.0,1689000000.0,11242000000.0,16046000000.0,5634000000.0,11471000000.0,-25750000000.0,-14279000000.0,191572000000.0,49266000000.0,105590000000.0,7079000000.0,43269000000.0,28053000000.0,63054000000.0,,-0.13997525930155108,,0.400365125027661,0.0005716603968429593,0.031146271298959947,0.2073098768164048,0.21153278748985763,-0.26331415504905215,0.4748469425389098,0.2958987976691008,0.10389466696171719,0.257167018144614,0.46657827445780853,0.03695216419936108,1.5424018821516416,0.2830685068799198,2024-03-30,546677981184.0,large_cap,2024-04-01,44.060401916503906,90,-0.30446396027071465,2024-07-01,-0.46754913564042777,2024-09-30,-0.5011393771693404,2025-04-02
ISRG,2023-12-31,,7124100000.0,4729500000.0,1766800000.0,1798000000.0,2221600000.0,998800000.0,1963900000.0,1813800000.0,-1064200000.0,749600000.0,15441500000.0,,13307600000.0,2750100000.0,7888000000.0,1658700000.0,6222200000.0,,0.1449487319597571,,0.6638733313681728,0.24800325655170477,0.25238275712019764,0.3118428994539661,0.25460058112603695,0.10522030853020031,0.14938027259583667,0.1402001656349574,0.27566990918151063,,,0.1780979827089337,4.75553144028456,0.4613606191108377,2024-03-30,149145059328.0,large_cap,2024-04-01,394.8699951171875,90,0.10476864696926369,2024-07-01,0.24413096737794748,2024-09-30,0.28409348409085644,2025-04-02
ITW,2023-12-31,,16107000000.0,6791000000.0,4040000000.0,2957000000.0,4484000000.0,,2638000000.0,3539000000.0,-455000000.0,3084000000.0,15518000000.0,8370000000.0,3012000000.0,1065000000.0,6235000000.0,4675000000.0,15932000000.0,,0.010984182776801354,,0.42161793009250637,0.2508226237039796,0.18358477680511578,0.2783882783882784,0.21971813497237225,0.1914695474017508,0.02824858757062147,0.0,0.163779723101757,0.5393736306225029,2.7788844621513946,0.06862997808996005,1.3336898395721926,1.0379559221549168,2024-03-30,71257530368.0,large_cap,2024-04-01,252.64559936523438,90,-0.11475050826271926,2024-07-01,-0.00037191870067376787,2024-09-30,-0.025510313164243015,2025-04-02
JNJ,2023-12-31,,85159000000.0,58606000000.0,22009000000.0,35153000000.0,23320000000.0,15085000000.0,21512000000.0,22791000000.0,-5013000000.0,17778000000.0,167558000000.0,29332000000.0,68774000000.0,21859000000.0,53495000000.0,46282000000.0,79990000000.0,,0.06462057757219641,,0.6881950234267664,0.2584459657816555,0.41279254101151963,0.2738406979884686,0.26762878850150895,0.20876243262602895,0.05886635587547998,0.17713923366878429,0.25260982397632664,0.1750558015731866,0.4264983860179719,0.1304563196027644,1.1558489261483946,0.5082359541173802,2024-03-30,545740161024.0,large_cap,2024-04-01,148.73165893554688,90,-0.06436956040445341,2024-07-01,0.043288085145411825,2024-09-30,0.016250998483884338,2025-04-02
JPM,2023-12-31,,154952000000.0,,,49552000000.0,,,51056000000.0,12974000000.0,,12974000000.0,3875393000000.0,436537000000.0,327878000000.0,624151000000.0,,,127727000000.0,,0.21314992131655797,,,,0.319789354122567,,0.08372915483504569,0.08372915483504569,,0.0,0.3294955857297744,0.11264328546808026,1.3314007039203606,0.16105489172323942,,0.03998355779658992,2024-03-30,797985275904.0,large_cap,2024-04-01,189.61558532714844,90,0.03874729844663638,2024-07-01,0.07200743692164102,2024-09-30,0.2638958039123507,2025-04-02
KKR,2023-12-31,,14322870000.0,4860651000.0,2138148000.0,3732261000.0,9500580000.0,,2722503000.0,-1493812000.0,-108393000.0,-1602205000.0,317294194000.0,49387579000.0,22858694000.0,20348567000.0,191486333000.0,40628717000.0,5565056000.0,,1.5737153408698852,,0.33936292097882614,0.14928209220638042,0.26058052610964144,0.6633153830203025,-0.10429557763213658,-0.11186340447131057,0.007567826839173992,0.0,0.19008082877244575,0.15565232498392328,2.1605599602496977,0.06413154537583501,4.713078510453579,0.04514066210741946,2024-03-30,90418855936.0,large_cap,2024-04-01,98.61259460449219,90,0.04689234720916646,2024-07-01,0.31005272584494814,2024-09-30,0.21600977923228393,2025-04-02
KMB,2023-12-31,,17146000000.0,6269000000.0,2586000000.0,1764000000.0,2652000000.0,,3615000000.0,3542000000.0,-766000000.0,2776000000.0,17344000000.0,8114000000.0,915000000.0,1093000000.0,5703000000.0,6930000000.0,20175000000.0,,-0.15013630731102845,,0.3656246354834947,0.1508223492359734,0.10288113845794937,0.15467164353201912,0.20657879388778724,0.16190365099731716,0.04467514289047008,0.0,0.2108363466697772,0.46782749077490776,8.86775956284153,0.0630189114391144,0.822943722943723,0.9885839483394834,2024-03-30,31836399616.0,mid_cap,2024-04-01,119.0769271850586,90,0.0796454892539562,2024-07-01,0.12384483738135876,2024-09-30,0.14896444058109704,2025-04-02
KO,2023-12-31,,45754000000.0,27234000000.0,13098000000.0,10714000000.0,15607000000.0,,13972000000.0,11599000000.0,-1852000000.0,9747000000.0,97703000000.0,42064000000.0,25941000000.0,9366000000.0,26732000000.0,23571000000.0,43004000000.0,,0.06394753976374301,,0.5952266468505486,0.28627005289155044,0.23416531887922368,0.34110678847751014,0.25350789002054464,0.2130305547055995,0.04047733531494514,0.0,0.30537220789439173,0.43052925703407263,1.6215257700165762,0.09586194896779014,1.1341054685842773,0.4682967769669304,2024-03-30,347726643200.0,large_cap,2024-04-01,57.258018493652344,90,0.05093943002479828,2024-07-01,0.20161579272698726,2024-09-30,0.2106687836770611,2025-04-02
LIN,2023-12-31,,32854000000.0,15362000000.0,8105000000.0,6199000000.0,12217000000.0,146000000.0,3295000000.0,9305000000.0,-3787000000.0,5518000000.0,80811000000.0,20315000000.0,39720000000.0,4664000000.0,12620000000.0,15717000000.0,33364000000.0,,-0.015285936938017053,,0.467583855847081,0.2466975101966275,0.18868326535581664,0.37185730809033907,0.2832227430449869,0.16795519571437267,0.11526754733061423,0.004443903329883728,0.10029220186278688,0.251389043570801,0.5114551863041289,0.05771491504869387,0.8029522173442769,0.4065535632525275,2024-03-30,233998581760.0,large_cap,2024-04-01,451.5526123046875,90,-0.07139159351186053,2024-07-01,0.035385993259476,2024-09-30,0.02643257759482731,2025-04-02
LLY,2023-12-31,,34124000000.0,27042000000.0,10325000000.0,5240000000.0,11852000000.0,9313000000.0,7404000000.0,4240000000.0,-7392000000.0,-3152000000.0,64006300000.0,25225300000.0,10771900000.0,2818600000.0,25727000000.0,27293200000.0,28541400000.0,,0.19559657199716907,,0.7924627827921698,0.30257296917125776,0.15355761340991678,0.34732153323174303,0.12425272535458914,-0.09236900715039269,0.21662173250498182,0.27291642245926623,0.21697339116164577,0.39410651763966986,2.341768861575024,0.044036290177685636,0.9426157431155013,0.5331350195215159,2024-03-30,896128712704.0,large_cap,2024-04-01,748.7977905273438,90,0.20429752998438344,2024-07-01,0.16848344877038013,2024-09-30,0.08281642538499412,2025-04-02
LMT,2023-12-31,,67571000000.0,8479000000.0,8507000000.0,6920000000.0,10444000000.0,,,7920000000.0,-1691000000.0,6229000000.0,52456000000.0,17459000000.0,6835000000.0,1442000000.0,20521000000.0,16937000000.0,65984000000.0,,0.024051285160038738,,0.125482825472466,0.12589720442201535,0.1024107975314854,0.15456334818191236,0.11721004572967693,0.09218451702653505,0.02502552870314188,0.0,0.0,0.3328313253012048,2.5543525969275787,0.02748970565807534,1.2116077227372026,1.2881462559097148,2024-03-30,118973136896.0,large_cap,2024-04-01,429.4854431152344,90,0.037092016068067224,2024-07-01,0.3069692786643492,2024-09-30,0.026406309387390303,2025-04-02
MA,2023-12-31,,25098000000.0,19076000000.0,14630000000.0,11195000000.0,15013000000.0,,3647000000.0,11980000000.0,-1088000000.0,10892000000.0,42448000000.0,15681000000.0,6929000000.0,8588000000.0,18961000000.0,16264000000.0,22237000000.0,,0.1286594414714215,,0.7600605625946291,0.5829149733046458,0.44605147820543467,0.5981751533986772,0.47732887082636066,0.4339788030918798,0.043350067734480836,0.0,0.1453103832974739,0.36941669807764793,2.2630971280127,0.20231813041839428,1.1658263649778653,0.5912646061062947,2024-03-30,436667154432.0,large_cap,2024-04-01,472.1549072265625,90,-0.0839963127211637,2024-07-01,0.03515137311192418,2024-09-30,0.15069018196728812,2025-04-02
MCD,2023-12-31,,25495000000.0,14564000000.0,11747000000.0,8469000000.0,13861000000.0,,2435000000.0,9612000000.0,-2357000000.0,7255000000.0,56147000000.0,53091000000.0,-4706000000.0,4579000000.0,7986000000.0,6859000000.0,23182000000.0,,0.09977568803381942,,0.5712492645616788,0.46075701117866247,0.3321827809374387,0.5436752304373407,0.37701510100019614,0.2845656010982546,0.09244949990194155,0.0,0.0955089233182977,0.9455714463818191,11.281555461113472,0.08155377847436195,1.1643096661320893,0.4540759078846599,2024-03-30,196376723456.0,large_cap,2024-04-01,267.3814697265625,90,-0.10208740319641851,2024-07-01,0.1001017399192563,2024-09-30,0.13895282983981394,2025-04-02
MDLZ,2023-12-31,,36016000000.0,13764000000.0,5611000000.0,4959000000.0,7645000000.0,,8002000000.0,4714000000.0,-1112000000.0,3602000000.0,71391000000.0,19945000000.0,28332000000.0,1810000000.0,11703000000.0,19013000000.0,31496000000.0,,0.143510287020574,,0.38216348289649044,0.15579187027987562,0.1376888049755664,0.2122667703243003,0.13088627276765882,0.10001110617503332,0.0308751665926255,0.0,0.2221790315415371,0.2793769522768976,0.7039743046731611,0.025353335854659553,0.615526218902856,0.5044893614040985,2024-03-30,77583794176.0,large_cap,2024-04-01,65.67108154296875,90,-0.058787367966132376,2024-07-01,0.06960665176517611,2024-09-30,-0.025465168152943196,2025-04-02
META,2023-12-31,,134902000000.0,108943000000.0,46751000000.0,39098000000.0,59052000000.0,38483000000.0,23709000000.0,71113000000.0,-27045000000.0,44068000000.0,229623000000.0,37234000000.0,153168000000.0,41862000000.0,85365000000.0,31960000000.0,116609000000.0,,0.15687468377226454,,0.8075714222176098,0.3465552771641636,0.28982520644616094,0.43773998902907296,0.5271456316437118,0.3266667655038472,0.2004788661398645,0.2852663414923426,0.17574980356110362,0.16215274602282873,0.2430925519690797,0.1823075214590873,2.6709949937421777,0.5874934131162819,2024-03-30,1559175626752.0,large_cap,2024-04-01,488.04144287109375,90,0.028149137245029543,2024-07-01,0.16730429232056587,2024-09-30,0.19275504181991376,2025-04-02
MMM,2023-12-31,,24610000000.0,9627000000.0,-10725000000.0,-6995000000.0,-8343000000.0,1154000000.0,19198000000.0,6680000000.0,-1615000000.0,5065000000.0,50580000000.0,16751000000.0,4807000000.0,5735000000.0,16379000000.0,15297000000.0,26161000000.0,,-0.05928672451358896,,0.3911824461600975,-0.4357984559122308,-0.2842340511986997,-0.33900853311661927,0.27143437626980904,0.20581064607882973,0.06562373019097928,0.0468915075172694,0.7800893945550589,0.3311783313562673,3.4847097982109423,0.11338473705021748,1.0707328234294307,0.48655595096876236,2024-03-30,76263563264.0,large_cap,2024-04-01,90.26274108886719,90,0.07752340097361854,2024-07-01,0.47193599008969556,2024-09-30,0.6073777199706734,2025-04-02
MRK,2023-12-31,,60115000000.0,43989000000.0,2954000000.0,365000000.0,6907000000.0,30531000000.0,10504000000.0,13006000000.0,-3863000000.0,9143000000.0,106675000000.0,35055000000.0,37581000000.0,6841000000.0,32168000000.0,25694000000.0,59283000000.0,,0.014034377477523119,,0.731747483989021,0.04913914996257174,0.006071695916160692,0.11489644847375863,0.216351992015304,0.15209182400399235,0.06426016801131165,0.5078765699076769,0.17473176411877236,0.32861495195687834,0.9327851840025545,0.06412936489336771,1.251965439402195,0.5635340988985236,2024-03-30,275089031168.0,large_cap,2024-04-01,122.75997924804688,90,-0.017748226954762303,2024-07-01,-0.1220423661418899,2024-09-30,-0.31928636187698545,2025-04-02
MRNA,2023-12-31,,6754000000.0,2061000000.0,-4239000000.0,-4714000000.0,-3618000000.0,4845000000.0,1549000000.0,-3118000000.0,-707000000.0,-3825000000.0,18426000000.0,1243000000.0,13854000000.0,2907000000.0,10325000000.0,3015000000.0,18875000000.0,,-0.6421721854304636,,0.3051525022209061,-0.6276280722534794,-0.6979567663606752,-0.5356825584838614,-0.4616523541604975,-0.566331063073734,0.1046787089132366,0.7173526798933965,0.22934557299378147,0.0674590252903506,0.08972138010682836,0.15776619993487465,3.4245439469320065,0.366547270161728,2024-03-30,19458398208.0,mid_cap,2024-04-01,105.5999984741211,90,0.09801135060297872,2024-07-01,-0.36714012503103954,2024-09-30,-0.737500002709302,2025-04-02
MS,2023-12-31,,50667000000.0,,,9087000000.0,,,25456000000.0,-33536000000.0,-3412000000.0,-36948000000.0,1193693000000.0,276387000000.0,99038000000.0,58661000000.0,,,50210000000.0,,0.009101772555267784,,,,0.1793475042927349,,-0.6618903823001164,-0.7292320445260229,0.06734166222590642,0.0,0.5024177472516628,0.2315394326681986,2.790716694602072,0.04914245119976409,,0.04244558693064297,2024-03-30,303643099136.0,large_cap,2024-04-01,87.68756866455078,90,0.06999199974594084,2024-07-01,0.13492569856487013,2024-09-30,0.31754239503853743,2025-04-02
NEE,2023-12-31,,28114000000.0,17976000000.0,9832000000.0,7310000000.0,16763000000.0,,,11301000000.0,-9548000000.0,1753000000.0,177489000000.0,73211000000.0,47468000000.0,2690000000.0,15361000000.0,27963000000.0,20956000000.0,,0.34157281924031313,,0.6393967418368073,0.3497190012093619,0.26001280500818097,0.5962509781603471,0.40197054848118374,0.0623532759479263,0.33961727253325746,0.0,0.0,0.41248190028677834,1.5423232493469285,0.0151558688144054,0.5493330472409971,0.1583985486424511,2024-03-30,194687483904.0,large_cap,2024-04-01,59.86212921142578,90,0.11001537167632591,2024-07-01,0.3510347428433638,2024-09-30,0.14336837895407095,2025-04-02
NEM,2023-12-31,,11812000000.0,3005000000.0,708000000.0,-2494000000.0,320000000.0,200000000.0,299000000.0,2763000000.0,-2666000000.0,97000000.0,55506000000.0,9436000000.0,29027000000.0,3002000000.0,7512000000.0,5998000000.0,11915000000.0,,-0.008644565673520788,,0.25440230274297326,0.05993904503894345,-0.21114121232644767,0.027091093802912292,0.23391466305452083,0.008211987809007788,0.22570267524551305,0.016931933626820182,0.025313240772096172,0.1699996396785933,0.3250766527715575,0.05408424314488524,1.2524174724908304,0.21280582279393218,2024-03-30,116427300864.0,large_cap,2024-04-01,35.15553665161133,90,0.15015267779413488,2024-07-01,0.4831907939104234,2024-09-30,0.3683395051527196,2025-04-02
NET,2023-12-31,,1296745000.0,989740000.0,-185485000.0,-183949000.0,-36170000.0,358143000.0,817082000.0,254406000.0,-134942000.0,119464000.0,2759767000.0,1435203000.0,763047000.0,86864000.0,1983077000.0,567084000.0,975241000.0,,0.32966620558405557,,0.7632495209158315,-0.14303891667212906,-0.14185441239410987,-0.027892916494761884,0.19618814801676504,0.09212605408156577,0.10406209393519929,0.2761861429965028,0.6301022945914578,0.5200449893052566,1.8808841395090996,0.03147512090694613,3.4969722298636534,0.469874811895352,2024-03-30,69830787072.0,large_cap,2024-04-01,95.66000366210938,90,-0.12241277718563881,2024-07-01,-0.15440104230637086,2024-09-30,0.24973864180512462,2025-04-02
NFLX,2023-12-31,,33723297000.0,14007929000.0,6954003000.0,5407990000.0,21508387000.0,2675758000.0,4378168000.0,7274301000.0,-348552000.0,6925749000.0,48731992000.0,14543261000.0,20588313000.0,7116913000.0,9918133000.0,8860655000.0,31615550000.0,,0.0666680478435453,,0.4153783955346952,0.2062076848535895,0.16036362043723068,0.6377901603155824,0.21570551064446636,0.20536986641608618,0.010335644228380162,0.07934449588366167,0.12982621479744402,0.29843354238423087,0.7063842967609828,0.14604190610554152,1.119345353136986,0.6920155654626226,2024-03-30,366423670784.0,large_cap,2024-04-01,61.430999755859375,90,0.09653107272782369,2024-07-01,0.15457997159422554,2024-09-30,0.522879365872633,2025-04-02
NOC,2023-12-31,,39290000000.0,6551000000.0,2537000000.0,2056000000.0,4229000000.0,,4014000000.0,3875000000.0,-1775000000.0,2100000000.0,46544000000.0,15678000000.0,14795000000.0,3109000000.0,13706000000.0,11942000000.0,36602000000.0,,0.07343860991202678,,0.1667345380503945,0.06457113769406973,0.05232883685416136,0.10763553066938152,0.09862560447951133,0.053448714685670654,0.04517688979384067,0.0,0.10216340035632476,0.3368425575799244,1.0596823251098344,0.06679700928154005,1.1477139507620164,0.8441474733585425,2024-03-30,76796076032.0,large_cap,2024-04-01,456.0524597167969,90,-0.07303180750280702,2024-07-01,0.12974507972368987,2024-09-30,0.10531067235539893,2025-04-02
NOW,2023-12-31,,8971000000.0,7050000000.0,762000000.0,1731000000.0,1324000000.0,2124000000.0,4164000000.0,3398000000.0,-697000000.0,2701000000.0,17387000000.0,2284000000.0,7628000000.0,1897000000.0,7777000000.0,7365000000.0,7245000000.0,,0.23823326432022074,,0.7858655668264407,0.08494036339315572,0.19295507747185375,0.14758666815293725,0.3787760561810278,0.30108126184371864,0.07769479433730911,0.23676290268643407,0.46416230074685094,0.1313625122217749,0.2994231777661248,0.10910450336458273,1.055940257976918,0.515960200149537,2024-03-30,98046451712.0,large_cap,2024-04-01,153.6739959716797,90,0.026797061198098104,2024-07-01,0.16400959609594867,2024-09-30,0.07243908583096381,2025-04-02
NSC,2023-12-31,,12156000000.0,4435000000.0,4326000000.0,1827000000.0,4340000000.0,,-117000000.0,3179000000.0,-2327000000.0,852000000.0,41652000000.0,17571000000.0,12781000000.0,1568000000.0,3271000000.0,2632000000.0,12745000000.0,,-0.046214201647704956,,0.3648404080289569,0.3558736426456071,0.15029615004935834,0.35702533728200064,0.2615169463639355,0.0700888450148075,0.191428101349128,0.0,-0.0096248766041461,0.4218524920772112,1.3747750567248258,0.03764525112839719,1.2427811550151975,0.29184673004897727,2024-03-30,70960480256.0,large_cap,2024-04-01,240.51443481445312,90,-0.14555294215572112,2024-07-01,-0.002618200301807705,2024-09-30,-0.03208752956569816,2025-04-02
NXPI,2023-12-31,,13276000000.0,7553000000.0,3676000000.0,2797000000.0,4896000000.0,2418000000.0,1159000000.0,3513000000.0,-1006000000.0,2507000000.0,24353000000.0,11175000000.0,8644000000.0,3648000000.0,7864000000.0,4111000000.0,13205000000.0,,0.005376751230594445,,0.5689213618559807,0.2768906297077433,0.21068092799035854,0.3687857788490509,0.26461283519132267,0.1888369990961133,0.0757758360952094,0.18213317264236215,0.08730039168424224,0.45887570319878457,1.2928042572882925,0.1497967396214019,1.912916565312576,0.5451484416704308,2024-03-30,73595314176.0,large_cap,2024-04-01,237.49403381347656,90,0.08261097482082369,2024-07-01,-0.01763960327693781,2024-09-30,-0.1997809232589557,2025-04-02
O,2023-12-31,,4078993000.0,3762029000.0,1722316000.0,872309000.0,3617493000.0,,144536000.0,2958769000.0,,2958769000.0,57779357000.0,21989695000.0,32941467000.0,232923000.0,2897717000.0,1890713000.0,3343681000.0,,0.21991093049845367,,0.9222935660835897,0.4222404892580105,0.2138540075945215,0.8868593302317508,0.7253675110499086,0.7253675110499086,,0.0,0.03543423585183892,0.38058047271104106,0.6675384250494977,0.004031249430484316,1.5326054245144556,0.07059602618976878,2024-03-30,56993943552.0,large_cap,2024-04-01,47.64091873168945,90,-0.006068486588082567,2024-07-01,0.21456105283614146,2024-09-30,0.12988241206247442,2025-04-02
OPEN,2023-12-31,,6946000000.0,487000000.0,-372000000.0,-275000000.0,9000000.0,167000000.0,692000000.0,2344000000.0,-37000000.0,2307000000.0,3567000000.0,2534000000.0,967000000.0,999000000.0,3445000000.0,70000000.0,15567000000.0,,-0.5537997045031156,,0.0701122948459545,-0.05355600345522603,-0.039591131586524615,0.001295709761013533,0.3374604088684135,0.33213360207313564,0.005326806795277857,0.024042614454362222,0.09962568384681832,0.7104008971124194,2.6204756980351602,0.280067283431455,49.214285714285715,1.9472946453602467,2024-03-30,4225546496.0,low_cap,2024-04-01,2.9100000858306885,90,-0.384879756337858,2024-07-01,-0.31271479690383575,2024-09-30,-0.6529209757136683,2025-04-02
ORLY,2023-12-31,,15812250000.0,8104803000.0,3186376000.0,2346581000.0,3615479000.0,,4918427000.0,3034084000.0,-1006264000.0,2027820000.0,13872995000.0,7841005000.0,-1739278000.0,279132000.0,5558302000.0,7661353000.0,14409860000.0,,0.09732155621220473,,0.5125648152539961,0.2015131306423817,0.14840272573479424,0.22865050830843175,0.19188186374488134,0.1282436085946023,0.06363825515027906,0.0,0.3110516846116144,0.5651991513007826,4.50819535462416,0.020120529128713736,0.7254987467618318,1.139786325879884,2024-03-30,73332998144.0,large_cap,2024-04-01,75.35199737548828,90,-0.10082450964341039,2024-07-01,0.01886258310984923,2024-09-30,0.2536805157516242,2025-04-02
PEP,2023-12-31,,91471000000.0,49590000000.0,12913000000.0,9074000000.0,15754000000.0,,36677000000.0,13442000000.0,-5518000000.0,7924000000.0,100495000000.0,44661000000.0,18503000000.0,9711000000.0,26950000000.0,31647000000.0,86392000000.0,,0.05879016575608853,,0.5421390386023985,0.1411704255993703,0.09920083961036831,0.17222944977096566,0.14695367930819603,0.086628548939008,0.060325130369188046,0.0,0.4009686130030283,0.4444101696601821,2.4137166945900663,0.09663167321757302,0.851581508515815,0.9102044877854619,2024-03-30,203838226432.0,large_cap,2024-04-01,160.9637451171875,90,-0.05090511635314321,2024-07-01,-0.001641969035692803,2024-09-30,-0.10926056885444202,2025-04-02
PFE,2023-12-31,,59554000000.0,34600000000.0,4223000000.0,2119000000.0,9557000000.0,10873000000.0,14771000000.0,8700000000.0,-3907000000.0,4793000000.0,226501000000.0,70845000000.0,89014000000.0,2853000000.0,43333000000.0,47794000000.0,101175000000.0,,-0.41137632814430447,,0.5809853242435437,0.07091043422775968,0.03558115323907714,0.1604762064680794,0.1460859052288679,0.08048157974275448,0.06560432548611345,0.18257379856936562,0.2480270007052423,0.31278007602615443,0.7958860403981396,0.012595970878715767,0.9066619240908901,0.2629304064882716,2024-03-30,144366927872.0,large_cap,2024-04-01,23.924819946289062,90,0.03339037218969887,2024-07-01,0.07471234494753287,2024-09-30,-0.05309668054264938,2025-04-02
PGR,2023-12-31,,62083000000.0,,,3903000000.0,,,,10643000000.0,-252000000.0,10391000000.0,88691000000.0,6889000000.0,20277000000.0,85000000.0,,,49587000000.0,,0.25200153265976977,,,,0.06286745163732423,,0.17143179292237812,0.16737271072596363,0.004059082196414477,0.0,0.0,0.07767417212569483,0.33974453814666866,0.0009583836014928234,,0.6999921074291642,2024-03-30,116709515264.0,large_cap,2024-04-01,193.1011962890625,90,-0.0018584631626192838,2024-07-01,0.20981771746998046,2024-09-30,0.36712703515110134,2025-04-02
PLD,2023-12-31,,8023469000.0,6013134000.0,3084483000.0,3059214000.0,6567797000.0,,390406000.0,5373058000.0,,5373058000.0,93020840000.0,29598064000.0,53181724000.0,530388000.0,1794979000.0,3289062000.0,5973692000.0,,0.34313402833624496,,0.7494431647956763,0.3844325939316273,0.38128320804878785,0.8185732380844246,0.669667696105014,0.669667696105014,,0.0,0.04865800565815111,0.318187451328111,0.5565457787716698,0.00570181907624141,0.5457419166923578,0.08625453178019034,2024-03-30,131021455360.0,large_cap,2024-04-01,119.54751586914062,90,-0.11729715089322246,2024-07-01,0.0031005788887490393,2024-09-30,-0.09184035413890013,2025-04-02
PNC,2023-12-31,,21509000000.0,,,5578000000.0,,,7778000000.0,10111000000.0,,10111000000.0,561580000000.0,72737000000.0,51105000000.0,50725000000.0,,,21114000000.0,,0.018707966278298738,,,,0.25933330233855595,,0.47008229113394395,0.47008229113394395,,0.0,0.3616160676925938,0.12952206275152248,1.4232853928187066,0.09032551016774101,,0.03830086541543502,2024-03-30,85469020160.0,large_cap,2024-04-01,147.69557189941406,90,-0.013838390631959019,2024-07-01,0.17867885505441095,2024-09-30,0.1475371813702473,2025-04-02
PYPL,2023-12-31,,29771000000.0,13704000000.0,4944000000.0,4246000000.0,6830000000.0,2973000000.0,3868000000.0,4843000000.0,-623000000.0,4220000000.0,82166000000.0,9676000000.0,21051000000.0,9081000000.0,62569000000.0,48466000000.0,27518000000.0,,0.08187368268042738,,0.4603137281246851,0.16606764972624366,0.14262201471230393,0.22941788989284875,0.16267508649356757,0.14174868160290216,0.020926404890665412,0.09986228208659434,0.12992509489100132,0.11776160455662926,0.45964562253574653,0.11052016649222306,1.2909874963892214,0.36232748338728915,2024-03-30,39174303744.0,mid_cap,2024-04-01,64.68416595458984,90,-0.11102554609229254,2024-07-01,0.19990781152268688,2024-09-30,0.03260035080216128,2025-04-02
REGN,2023-12-31,,13117200000.0,11301400000.0,4047100000.0,3953600000.0,4693300000.0,4625100000.0,2631300000.0,4594000000.0,-926400000.0,3667600000.0,33080200000.0,2702900000.0,25973100000.0,2730000000.0,19479200000.0,3423400000.0,12172900000.0,,0.07757395526127708,,0.8615710669960053,0.3085338334400634,0.3014057878205715,0.357797395785686,0.35022718263043945,0.279602354160949,0.07062482846949043,0.3525981154514683,0.2005992132467295,0.0817074866536478,0.10406535993008151,0.08252670781917884,5.690015773792137,0.3965272277676677,2024-03-30,73203851264.0,large_cap,2024-04-01,962.8056030273438,90,0.09048713543228049,2024-07-01,0.08452388069002281,2024-09-30,-0.3537630446197487,2025-04-02
RTX,2023-12-31,,68920000000.0,12089000000.0,3561000000.0,3195000000.0,9700000000.0,2805000000.0,5809000000.0,7883000000.0,-3166000000.0,4717000000.0,161869000000.0,45239000000.0,59798000000.0,6587000000.0,48417000000.0,46761000000.0,67074000000.0,,0.027521841548140857,,0.1754062681369704,0.05166860127684272,0.046358096343586765,0.140742890307603,0.1143789901334881,0.06844167150319211,0.045937318630295994,0.0406993615786419,0.08428612884503772,0.27947908493905566,0.7565303187397572,0.040693400218695365,1.0354141271572463,0.4257763994341103,2024-03-30,230525255680.0,large_cap,2024-04-01,94.07389068603516,90,0.024436490695029622,2024-07-01,0.2534898758383004,2024-09-30,0.3918807362551886,2025-04-02
RUN,2023-12-31,,2259813000.0,163061000.0,-820643000.0,-1604497000.0,-1510874000.0,21816000.0,961888000.0,-820740000.0,-2608143000.0,-3428883000.0,20450237000.0,11086948000.0,5230228000.0,678821000.0,1882259000.0,1488159000.0,2321422000.0,,-0.026539336665199142,,0.07215685545662406,-0.3631464196373771,-0.7100131736564043,-0.6685836394427327,-0.3631893435430277,-1.517330416277807,1.1541410727347794,0.009653896140963876,0.4256493789530373,0.5421427634310546,2.1197829234213117,0.03319379623815607,1.264823852827554,0.11050302253220831,2024-03-30,3337304320.0,low_cap,2024-04-01,12.739999771118164,90,-0.14324959513754842,2024-07-01,0.41758240113039613,2024-09-30,-0.46781787035987654,2025-04-02
SCHW,2023-12-31,,18837000000.0,,,5067000000.0,,,6712000000.0,19587000000.0,-700000000.0,18887000000.0,493178000000.0,59081000000.0,40958000000.0,43337000000.0,,,20762000000.0,,-0.09271746459878627,,,,0.26899187768752986,,1.0398152572065615,1.0026543504804375,0.03716090672612412,0.0,0.35632000849392154,0.1197965034936676,1.4424776600419942,0.08787293837113577,,0.03819513441394385,2024-03-30,158052630528.0,large_cap,2024-04-01,70.24403381347656,90,0.017839202365671714,2024-07-01,-0.09793086279977925,2024-09-30,0.1012638608818961,2025-04-02
SEDG,2023-12-31,,2976528000.0,703823000.0,71392000.0,34329000.0,142494000.0,321482000.0,310822000.0,-180113000.0,-181123000.0,-361236000.0,4587731000.0,732047000.0,2411909000.0,338468000.0,3304306000.0,893231000.0,3110279000.0,,-0.04300289459562956,,0.23645771180381975,0.023984991910037466,0.011533236038767316,0.04787255486929738,-0.060511105556541045,-0.12136153263130735,0.0608504270747663,0.10800570328920138,0.10442434944337832,0.1595662430948981,0.3035135239347753,0.073776775490978,3.6992737600911747,0.6488017715075274,2024-03-30,3756131840.0,low_cap,2024-04-01,70.95999908447266,90,-0.6622040639428424,2024-07-01,-0.6771420498450198,2024-09-30,-0.7628241242834406,2025-04-02
SHAK,2023-12-31,,1087533000.0,478238000.0,28159000.0,20264000.0,111737000.0,,209388000.0,132139000.0,-146167000.0,-14028000.0,1605857000.0,771329000.0,443417000.0,224653000.0,334432000.0,164067000.0,900486000.0,,0.20771783237052,,0.43974573645121573,0.02589254762843978,0.01863299780328505,0.10274354893138875,0.1215034394358608,-0.012898918929356627,0.1344023583652174,0.0,0.19253484721842923,0.48032234501577664,1.7395115658623823,0.1398960181386014,2.0383867566299134,0.6772290434328835,2024-03-30,2584431616.0,low_cap,2024-04-01,106.44999694824219,90,-0.18675432431514272,2024-07-01,-0.030436805605028594,2024-09-30,-0.1008924205887155,2025-04-02
SHOP,2023-12-31,,7060000000.0,3515000000.0,74000000.0,132000000.0,144000000.0,1730000000.0,1711000000.0,944000000.0,-39000000.0,905000000.0,11299000000.0,1150000000.0,9066000000.0,1405000000.0,6275000000.0,898000000.0,5600000000.0,,0.2607142857142857,,0.4978753541076487,0.010481586402266289,0.018696883852691217,0.020396600566572238,0.13371104815864024,0.1281869688385269,0.005524079320113315,0.24504249291784702,0.2423512747875354,0.1017789184883618,0.1268475623207589,0.12434728737056376,6.987750556792873,0.6248340561111603,2024-03-30,130128805888.0,large_cap,2024-04-01,78.19000244140625,90,-0.17342377240811357,2024-07-01,0.024939210734818307,2024-09-30,0.2872489881465812,2025-04-02
SHW,2023-12-31,,23051900000.0,10758100000.0,3606400000.0,2388800000.0,4149900000.0,,7071000000.0,3521900000.0,-888400000.0,2633500000.0,22954400000.0,11809700000.0,3715800000.0,276800000.0,5512900000.0,6626900000.0,22148900000.0,,0.04076951902803305,,0.46669038127009055,0.156446974002143,0.10362703291268832,0.1800242062476412,0.15278133255827067,0.11424220996967711,0.038539122588593565,0.0,0.3067426112381192,0.5144852403025129,3.1782388718445556,0.012058690272888858,0.831897267198841,1.0042475516676541,2024-03-30,74015350784.0,large_cap,2024-04-01,332.39666748046875,90,-0.12331428628088903,2024-07-01,0.13349710529973713,2024-09-30,0.05454833072499077,2025-04-02
SLB,2023-12-31,,33135000000.0,6563000000.0,5488000000.0,4203000000.0,7544000000.0,711000000.0,364000000.0,6637000000.0,-2092000000.0,4545000000.0,47957000000.0,11965000000.0,20189000000.0,2900000000.0,17718000000.0,13395000000.0,28091000000.0,,0.17955928945213762,,0.19806850762034103,0.16562547155575674,0.12684472612041647,0.22767466425230118,0.20030179568432172,0.1371661385242191,0.06313565716010261,0.02145767315527388,0.010985362909310396,0.2494943386783994,0.5926494625786319,0.06047083845945326,1.3227323628219485,0.6909314594324082,2024-03-30,82796298240.0,large_cap,2024-04-01,52.19978332519531,90,-0.1510873393910782,2024-07-01,-0.23046428420051068,2024-09-30,-0.21573232991275848,2025-04-02
SO,2023-12-31,,25253000000.0,11776000000.0,5826000000.0,3976000000.0,11777000000.0,,,7553000000.0,-9095000000.0,-1542000000.0,139331000000.0,63490000000.0,31444000000.0,748000000.0,10432000000.0,13467000000.0,29279000000.0,,-0.1375046961986407,,0.46632083316833645,0.23070526274106046,0.15744664000316794,0.46636043242387043,0.2990931770482715,-0.06106205203342177,0.3601552290816933,0.0,0.0,0.4556774874220382,2.0191451469278716,0.0053685109559250994,0.774634291230415,0.18124466199194722,2024-03-30,104331722752.0,large_cap,2024-04-01,66.53560638427734,90,0.09289475751222209,2024-07-01,0.29060108669291385,2024-09-30,0.3285949761236011,2025-04-02
SRE,2023-12-31,,16720000000.0,6620000000.0,3716000000.0,3075000000.0,6163000000.0,,,6218000000.0,-8397000000.0,-2179000000.0,87181000000.0,31076000000.0,28695000000.0,236000000.0,5470000000.0,10090000000.0,14439000000.0,,0.1579749290117045,,0.39593301435406697,0.2222488038277512,0.18391148325358853,0.36860047846889954,0.37188995215311005,-0.13032296650717703,0.502212918660287,0.0,0.0,0.35645381447792523,1.082976128245339,0.0027070118489120336,0.5421209117938554,0.1917849072619034,2024-03-30,59113189376.0,large_cap,2024-04-01,67.09452819824219,90,0.05921688965039973,2024-07-01,0.190462842955607,2024-09-30,0.05350051749934681,2025-04-02
SYK,2023-12-31,,20498000000.0,13058000000.0,3924000000.0,3165000000.0,5064000000.0,1388000000.0,7111000000.0,3711000000.0,-575000000.0,3136000000.0,39912000000.0,12995000000.0,18593000000.0,2971000000.0,12518000000.0,7921000000.0,18449000000.0,,0.11106293024012137,,0.6370377597814421,0.19143331056688456,0.15440530783491072,0.24704849253585714,0.18104205288320813,0.15299053566201581,0.028051517221192313,0.06771392330959118,0.3469118938433018,0.3255913008618962,0.6989189479911795,0.07443876528362398,1.580356015654589,0.5135798757265985,2024-03-30,117599756288.0,large_cap,2024-04-01,348.06298828125,90,-0.04899666191099461,2024-07-01,0.023251413725234427,2024-09-30,0.07409721140856274,2025-04-02
TMO,2023-12-31,,42857000000.0,17100000000.0,7318000000.0,5995000000.0,11079000000.0,1337000000.0,8445000000.0,8406000000.0,-1479000000.0,6927000000.0,98726000000.0,34917000000.0,46735000000.0,8077000000.0,24589000000.0,14012000000.0,44915000000.0,,-0.04581988199933207,,0.39900133000443333,0.17075390251300837,0.13988379961266537,0.25851086170287235,0.19614065380217935,0.16163053876846256,0.03451011503371678,0.031196770655902185,0.19705065683552278,0.3536758300751575,0.7471274205627474,0.08181228855620606,1.7548529831572937,0.4341004396005105,2024-03-30,162896560128.0,large_cap,2024-04-01,573.6641235351562,90,-0.06123623018959745,2024-07-01,0.07262084455936546,2024-09-30,-0.15060576685835902,2025-04-02
TRV,2023-12-31,,41373000000.0,,,2991000000.0,,,5176000000.0,7711000000.0,,7711000000.0,125978000000.0,8031000000.0,24921000000.0,500000000.0,,,36896000000.0,,0.12134106678230694,,,,0.07229352476252629,,0.18637758924902714,0.18637758924902714,,0.0,0.1251057452928238,0.063749226055343,0.3222583363428434,0.00396894695899284,,0.32841448506882154,2024-03-30,63742373888.0,large_cap,2024-04-01,220.68838500976562,90,-0.10599691599978267,2024-07-01,0.03571719460799172,2024-09-30,0.17977431291387402,2025-04-02
TSLA,2023-12-31,,96773000000.0,17660000000.0,8891000000.0,14999000000.0,14796000000.0,3969000000.0,4800000000.0,13256000000.0,-8899000000.0,4357000000.0,106618000000.0,9573000000.0,62634000000.0,16398000000.0,49616000000.0,28748000000.0,81462000000.0,,0.18795266504627928,,0.18248891736331416,0.0918747997891974,0.15499157822946483,0.15289388569125686,0.13698035609105846,0.04502288861562626,0.0919574674754322,0.04101350583323861,0.04960061174087814,0.08978784070232043,0.15284031037455695,0.1538014218987413,1.7258939752330598,0.9076609953291189,2024-03-30,1585816797184.0,large_cap,2024-04-01,175.22000122070312,90,0.19769432227098704,2024-07-01,0.49315148419197485,2024-09-30,0.6137427679244616,2025-04-02
TXN,2023-12-31,,17519000000.0,11019000000.0,7331000000.0,6510000000.0,9009000000.0,1863000000.0,1825000000.0,6420000000.0,-5071000000.0,1349000000.0,32348000000.0,11223000000.0,16897000000.0,2964000000.0,15122000000.0,3320000000.0,20028000000.0,,-0.12527461553824648,,0.628974256521491,0.4184599577601461,0.37159655231462985,0.5142416804612135,0.36645927278954277,0.07700211199269365,0.28945716079684913,0.1063416861693019,0.10417261259204293,0.3469457153456164,0.6642007456945019,0.09162853963150736,4.554819277108434,0.5415790775318412,2024-03-30,275512393728.0,large_cap,2024-04-01,162.4736328125,90,0.13185075853654138,2024-07-01,0.20929336866558867,2024-09-30,0.057784973373083304,2025-04-02
UBER,2023-12-31,,37281000000.0,14824000000.0,1110000000.0,1887000000.0,3777000000.0,3164000000.0,7038000000.0,3585000000.0,-223000000.0,3362000000.0,38699000000.0,11224000000.0,11249000000.0,4680000000.0,11297000000.0,9454000000.0,31877000000.0,,0.16952661793769797,,0.39762881896944824,0.029773879456023174,0.0506155950752394,0.10131166009495453,0.09616158364850728,0.0901799844424774,0.005981599206029881,0.08486896810707867,0.18878248974008208,0.290033334194682,0.9977775802293537,0.12093335745109693,1.194943939073408,0.9633582263107574,2024-03-30,152853118976.0,large_cap,2024-04-01,76.4000015258789,90,-0.06937176630765574,2024-07-01,-0.016230338206858597,2024-09-30,-0.024869129423188863,2025-04-02
UNH,2023-12-31,,371622000000.0,90958000000.0,32358000000.0,22381000000.0,36330000000.0,,,29068000000.0,-3386000000.0,25682000000.0,273720000000.0,62537000000.0,88756000000.0,25427000000.0,78437000000.0,99054000000.0,324162000000.0,,0.14640827734281014,,0.2447594598812772,0.08707234770815506,0.06022517504345814,0.09776062773463358,0.07821926581311117,0.06910785690836388,0.009111408904747298,0.0,0.0,0.22847069998538652,0.7045946189553383,0.0928941984509718,0.7918610051083248,1.357672073651907,2024-03-30,357672681472.0,large_cap,2024-04-01,468.77325439453125,90,0.01439342657610343,2024-07-01,0.20327246786324804,2024-09-30,0.08549556330603902,2025-04-02
UNP,2023-12-31,,24119000000.0,10529000000.0,9082000000.0,6379000000.0,11891000000.0,,,8379000000.0,-3606000000.0,4773000000.0,67132000000.0,34179000000.0,14788000000.0,1055000000.0,4148000000.0,5106000000.0,24875000000.0,,-0.030391959798995005,,0.4365438036402836,0.37654960819271116,0.2644802852522907,0.49301380654255983,0.3474024627886728,0.1978937766905759,0.14950868609809695,0.0,0.0,0.5091312637788238,2.3112658912631865,0.015715307156050767,0.8123775949862906,0.3592772448310791,2024-03-30,160635043840.0,large_cap,2024-04-01,232.46841430664062,90,-0.07052021489919624,2024-07-01,0.024268643686761848,2024-09-30,0.002138358587598921,2025-04-02
UPS,2023-12-31,,90958000000.0,17238000000.0,9141000000.0,6708000000.0,12726000000.0,,,10238000000.0,-5158000000.0,5080000000.0,70857000000.0,26729000000.0,17306000000.0,3169000000.0,19413000000.0,17676000000.0,100338000000.0,,-0.09348402399888378,,0.1895160403702808,0.10049693265023417,0.07374832340200972,0.13991072802832077,0.11255744409507684,0.055849952725433714,0.056707491369643134,0.0,0.0,0.3772245508559493,1.5444932393389577,0.04472388049169454,1.0982688391038697,1.2836840396855638,2024-03-30,84091117568.0,large_cap,2024-04-01,131.41543579101562,90,-0.06880266944032831,2024-07-01,-0.054240945831623644,2024-09-30,-0.21508388677682821,2025-04-02
UPST,2023-12-31,,508119000.0,,,-240132000.0,,,489949000.0,-111712000.0,-12086000.0,-123798000.0,2017100000.0,1102748000.0,635305000.0,377324000.0,,,837760000.0,,-0.39347903934301,,,,-0.4725900822445136,,-0.21985401057626264,-0.24363977729626327,0.02378576672000063,0.0,0.9642406601603167,0.5466997174160924,1.735777303814703,0.18706261464478707,,0.25190570621188835,2024-03-30,2824448512.0,low_cap,2024-04-01,26.43000030517578,90,-0.13356037252690567,2024-07-01,0.5138099833354166,2024-09-30,0.8021188239936516,2025-04-02
URI,2023-12-31,,14332000000.0,5813000000.0,3855000000.0,2424000000.0,6627000000.0,,1527000000.0,4704000000.0,-4070000000.0,634000000.0,25589000000.0,12662000000.0,8130000000.0,363000000.0,2933000000.0,3637000000.0,11642000000.0,,0.23105995533413504,,0.4055958693831984,0.26897850962880265,0.1691320122802121,0.46239185040468883,0.3282165782863522,0.044236673178900364,0.28397990510745186,0.0,0.10654479486463857,0.4948219938254719,1.5574415744157442,0.01418578295361288,0.8064338740720374,0.5600844112704678,2024-03-30,60212740096.0,large_cap,2024-04-01,696.218017578125,90,-0.09544154049378806,2024-07-01,0.14560584547722089,2024-09-30,-0.08189703086815658,2025-04-02
USB,2023-12-31,,28013000000.0,,,5429000000.0,,,11142000000.0,8393000000.0,,8393000000.0,663491000000.0,62935000000.0,55306000000.0,61192000000.0,,,24184000000.0,,0.15832782004631163,,,,0.1938028772355692,,0.29961089494163423,0.29961089494163423,,0.0,0.39774390461571413,0.09485433864212174,1.1379416338191155,0.09222732486198004,,0.042220617913430625,2024-03-30,82458165248.0,large_cap,2024-04-01,40.273841857910156,90,-0.09600393879410996,2024-07-01,0.0652209329705975,2024-09-30,0.024473869211651955,2025-04-02
VRTX,2023-12-31,,9869200000.0,8607000000.0,3780400000.0,3619600000.0,4605200000.0,3690000000.0,1136600000.0,3537300000.0,-258400000.0,3278900000.0,22730200000.0,808400000.0,17580400000.0,10369100000.0,14144200000.0,3547400000.0,8930700000.0,,0.10508694727177037,,0.8721071616747051,0.38305029789648604,0.36675718396627893,0.46662343452356825,0.3584181088639403,0.3322356421999757,0.02618246666396466,0.37389048757751386,0.11516637620070523,0.035565019225523756,0.04598302655229688,0.456181643804278,3.987201894345154,0.4341888764727103,2024-03-30,110900281344.0,large_cap,2024-04-01,420.4800109863281,90,0.12074293114333723,2024-07-01,0.10606919335194664,2024-09-30,0.14985249619891117,2025-04-02
WFC,2023-12-31,,82597000000.0,,,19142000000.0,,,37338000000.0,40358000000.0,,40358000000.0,1932468000000.0,219471000000.0,185735000000.0,237219000000.0,,,74368000000.0,,0.11065243115318424,,,,0.2317517585384457,,0.4886133878954441,0.4886133878954441,,0.0,0.4520503165974551,0.1135703152652463,1.1816351253129458,0.12275442594650986,,0.0427417168097997,2024-03-30,224679100416.0,large_cap,2024-04-01,54.73518371582031,90,0.05777335609994072,2024-07-01,-0.006269853991706431,2024-09-30,0.28478043001010556,2025-04-02
WING,2023-12-31,,460055000.0,222826000.0,112689000.0,70175000.0,125776000.0,,96898000.0,121601000.0,-40833000.0,80768000.0,377825000.0,732514000.0,-457366000.0,90216000.0,144344000.0,71004000.0,357521000.0,,0.2867915451120353,,0.4843464368390736,0.24494679983914966,0.15253610981295715,0.2733933986153829,0.26431839671343643,0.17556161763267436,0.08875677908076209,0.0,0.2106226429448653,1.938765301396149,1.60159259761329,0.23877721167207042,2.0328995549546502,1.2176404420035731,2024-03-30,3518718208.0,low_cap,2024-04-01,364.059814453125,90,0.15519352342325488,2024-07-01,0.13269327362259253,2024-09-30,-0.35632559823067367,2025-04-02
WM,2023-12-31,,20426000000.0,7820000000.0,3823000000.0,2304000000.0,5592000000.0,,1870000000.0,4719000000.0,-2895000000.0,1824000000.0,32823000000.0,16229000000.0,6903000000.0,458000000.0,3804000000.0,4226000000.0,19698000000.0,,0.03695806680881297,,0.38284539312640753,0.18716341917164397,0.11279741505923822,0.27376872613335945,0.23102908058356997,0.0892979535885636,0.14173112699500637,0.0,0.09154998531283658,0.4944398744782622,2.3510068086339273,0.013953630076470767,0.9001419782300047,0.6223075282576243,2024-03-30,88274386944.0,large_cap,2024-04-01,206.7373046875,90,-0.013018188560172672,2024-07-01,-0.01777110425651518,2024-09-30,0.11764455370596938,2025-04-02
XOM,2023-12-31,,334697000000.0,84142000000.0,44461000000.0,36010000000.0,74273000000.0,,9919000000.0,55369000000.0,-21919000000.0,33450000000.0,376317000000.0,41573000000.0,204802000000.0,31539000000.0,96609000000.0,65316000000.0,398675000000.0,,-0.16047657866683385,,0.25139753269374987,0.1328395533870934,0.10758984992396108,0.22191116143855488,0.16543022494973064,0.09994114079301578,0.06548908415671488,0.0,0.029635760105408773,0.11047335092488514,0.20299118172674094,0.08380966047242086,1.4791015983832445,0.889401754371979,2024-03-30,654570029056.0,large_cap,2024-04-01,108.67317962646484,90,-0.009370464541202606,2024-07-01,0.018236646966925285,2024-09-30,0.04859874090240446,2025-04-02
YUM,2023-12-31,,7076000000.0,3496000000.0,2303000000.0,1597000000.0,2484000000.0,,1193000000.0,1603000000.0,-285000000.0,1318000000.0,6231000000.0,12031000000.0,-7858000000.0,512000000.0,1609000000.0,1277000000.0,6842000000.0,,0.034200526161940914,,0.49406444318824194,0.3254663651780667,0.22569248162803843,0.3510457885811193,0.22654041831543245,0.18626342566421708,0.04027699265121538,0.0,0.16859807801017523,1.930829722355962,1.5310511580554849,0.08216979618038837,1.259984338292874,1.1356122612742738,2024-03-30,41334915072.0,mid_cap,2024-04-01,135.1665802001953,90,-0.07213394884806601,2024-07-01,0.004464073543873237,2024-09-30,0.1485301261182057,2025-04-02
ZTS,2023-12-31,,8544000000.0,5983000000.0,3069000000.0,2344000000.0,3666000000.0,614000000.0,2151000000.0,2353000000.0,-732000000.0,1621000000.0,14286000000.0,6755000000.0,4997000000.0,2039000000.0,6343000000.0,1889000000.0,8080000000.0,,0.05742574257425748,,0.7002574906367042,0.3591994382022472,0.2743445692883895,0.42907303370786515,0.27539794007490637,0.1897237827715356,0.08567415730337079,0.07186329588014981,0.2517556179775281,0.4728405431891362,1.3518110866519912,0.14272714545709086,3.3578613022763366,0.5980680386392272,2024-03-30,31115112448.0,mid_cap,2024-04-01,162.18231201171875,90,0.03623557924804155,2024-07-01,0.1759259294105251,2024-09-30,-0.010635275167987346,2025-04-02
ADSK,2024-01-31,,5497000000.0,4986000000.0,1128000000.0,906000000.0,1267000000.0,1373000000.0,2443000000.0,1313000000.0,-61000000.0,1252000000.0,9912000000.0,2626000000.0,1855000000.0,1892000000.0,3579000000.0,4351000000.0,5005000000.0,,0.09830169830169821,,0.9070402037474986,0.20520283791158814,0.16481717300345644,0.23048935783154448,0.23885755866836456,0.22776059668910315,0.011096961979261416,0.2497726032381299,0.4444242313989449,0.2649313962873285,1.415633423180593,0.19087974172719935,0.8225695242472995,0.5545803066989508,2024-04-30,49961189376.0,mid_cap,2024-04-30,212.85000610351562,90,0.1628846472857708,2024-07-31,0.3608644367209397,2024-10-29,0.3154333202048729,2025-05-02
ASAN,2024-01-31,,652504000.0,587980000.0,-269997000.0,-257030000.0,-235029000.0,324688000.0,533289000.0,-17931000.0,-13161000.0,-31092000.0,961960000.0,277881000.0,326396000.0,236663000.0,659716000.0,367213000.0,547212000.0,,0.1924153710079457,,0.9011132498804605,-0.4137859691281586,-0.393913294018121,-0.3601954930544487,-0.02748029130855903,-0.04765028260363155,0.02016999129507252,0.4976030798278631,0.8172961391807559,0.2888695995675496,0.8513615362933369,0.2460216641024575,1.7965485971357222,0.6783067903031311,2024-04-30,1476145920.0,low_cap,2024-04-30,14.869999885559082,90,-0.021519818243911693,2024-07-31,-0.1815736267682979,2024-10-29,0.09414933308534801,2025-05-02
CHWY,2024-01-31,,11147700000.0,3161500000.0,-23600000.0,39600000.0,161600000.0,,3185100000.0,486200000.0,-143300000.0,342900000.0,3186851000.0,527795000.0,510244000.0,602232000.0,2104348000.0,2110877000.0,10119000000.0,,0.10166024310702637,,0.28360110157252166,-0.0021170286247387355,0.0035523022686294032,0.014496263803295746,0.043614377853727675,0.03075970828063188,0.012854669573095796,0.0,0.28571813019726044,0.16561646590945106,1.0343972687576923,0.1889740060015357,0.9969069727890351,3.4980298733765713,2024-04-30,8866885632.0,low_cap,2024-04-30,14.989999771118164,90,0.6130754285776816,2024-07-31,0.7805204097122347,2024-10-29,1.4456304474431283,2025-05-02
CRM,2024-01-31,,34857000000.0,26316000000.0,5999000000.0,4136000000.0,9958000000.0,4906000000.0,14520000000.0,10234000000.0,-736000000.0,9498000000.0,99823000000.0,12588000000.0,59646000000.0,8472000000.0,29074000000.0,26631000000.0,31352000000.0,,0.11179510079101806,,0.7549703072553576,0.17210316435723097,0.11865622400091803,0.2856814986946668,0.2935995639326391,0.2724847232980463,0.021114840634592763,0.14074647846917404,0.41655908425854205,0.12610320266872363,0.21104516648224525,0.08487022028991315,1.0917351958244152,0.3491880628712822,2024-04-30,141940506624.0,large_cap,2024-04-30,265.3948974609375,90,-0.036205823978952334,2024-07-31,0.11484063630488728,2024-10-29,0.028815288059739208,2025-05-02
CRWD,2024-01-31,,3055555000.0,2296626000.0,-19141000.0,72181000.0,276681000.0,780319000.0,1535448000.0,1166207000.0,-237112000.0,929095000.0,6646520000.0,792874000.0,2303950000.0,3375069000.0,4757307000.0,2697279000.0,2241236000.0,,0.3633347849133246,,0.7516231912042166,-0.006264328411696075,0.023622877022341275,0.09055016191821126,0.3816678148486936,0.30406750983045633,0.07760030501823728,0.2553771737049407,0.502510345910972,0.11929159921282115,0.3441368085244905,0.5077949062065562,1.763743016573369,0.4597225314901633,2024-04-30,151215063040.0,large_cap,2024-04-30,292.5400085449219,90,-0.2070827923072004,2024-07-31,0.06289735885359726,2024-10-29,0.5060503647473267,2025-05-02
FIVE,2024-01-31,,3559369000.0,1273825000.0,385571000.0,301106000.0,516318000.0,,757507000.0,499619000.0,-335050000.0,164569000.0,3872037000.0,1738550000.0,1584956000.0,179749000.0,1203542000.0,715926000.0,3076308000.0,,0.15702621454028654,,0.35787944436218894,0.10832566109330052,0.08459533136350854,0.14505885734241097,0.14036729543916351,0.046235442293282886,0.09413185314588063,0.0,0.21282058701977793,0.4490013912573666,1.0969074220356905,0.04642233532375853,1.6810983258046224,0.9192497385742956,2024-04-30,11813208064.0,mid_cap,2024-04-30,146.33999633789062,90,-0.5029383648758807,2024-07-31,-0.38130379129929937,2024-10-29,-0.4238759076915185,2025-05-02
GTLB,2024-01-31,,579906000.0,520198000.0,-187440000.0,-425677000.0,-180905000.0,200840000.0,506798000.0,35040000.0,-1598000.0,33442000.0,1321403000.0,410000.0,559771000.0,287996000.0,1284459000.0,677157000.0,424336000.0,,0.3666198484220051,,0.8970384855476577,-0.32322479850182617,-0.7340448279548755,-0.31195573075636396,0.06042358589150656,0.057667966877390474,0.002755619014116081,0.3463319917365918,0.8739312923128921,0.0003102762745354748,0.000732442373756411,0.21794713649053316,1.8968407621866126,0.43885627624577817,2024-04-30,3995034624.0,low_cap,2024-04-30,52.470001220703125,90,-0.02363258337370744,2024-07-31,0.04307219876033619,2024-10-29,-0.11282641215770961,2025-05-02
HD,2024-01-31,,152669000000.0,50960000000.0,21689000000.0,15143000000.0,25114000000.0,,26598000000.0,21172000000.0,-3226000000.0,17946000000.0,76530000000.0,52243000000.0,1044000000.0,3760000000.0,29775000000.0,22015000000.0,157403000000.0,,-0.030075665648049865,,0.33379402498215094,0.1420655142825328,0.09918844035134834,0.1644996692190294,0.138679103157812,0.11754842174901257,0.02113068140879943,0.0,0.17422004467180632,0.6826473278452895,50.0411877394636,0.049131059715144386,1.3524869407222349,1.994890892460473,2024-04-30,296328200192.0,large_cap,2024-04-30,318.0711669921875,90,0.10920756866166026,2024-07-31,0.19751268306929703,2024-10-29,0.11777859480918118,2025-05-02
LOW,2024-01-31,,86377000000.0,28844000000.0,11557000000.0,7726000000.0,13581000000.0,,15570000000.0,8140000000.0,-1964000000.0,6176000000.0,41795000000.0,40145000000.0,-15050000000.0,921000000.0,19071000000.0,15568000000.0,97059000000.0,,-0.11005676959375221,,0.3339314863910532,0.1337971913819651,0.08944510691503525,0.1572293550366417,0.09423804948076456,0.07150051518344004,0.02273753429732452,0.0,0.18025631823286292,0.9605215934920445,2.667441860465116,0.02203612872353152,1.225012846865365,2.066682617537983,2024-04-30,122328940544.0,large_cap,2024-04-30,219.4510498046875,90,0.08206713918507824,2024-07-31,0.1639380601120406,2024-10-29,0.015294594388630678,2025-05-02
LULU,2024-01-31,,9619278000.0,5609405000.0,2207177000.0,1550190000.0,2586561000.0,,3397218000.0,2296164000.0,-651865000.0,1644299000.0,7091941000.0,1403282000.0,4232081000.0,2243971000.0,4060577000.0,1631261000.0,8110518000.0,,0.18602510961691965,,0.583141998806979,0.2294534995246005,0.16115450660642097,0.26889346580897233,0.2387044017232894,0.1709378812006473,0.06776652052264213,0.0,0.3531676701723352,0.19786994843865735,0.3315820278487108,0.3164114027457363,2.4892258197799126,1.3563674599097764,2024-04-30,13976446976.0,mid_cap,2024-04-30,360.6000061035156,90,-0.2826955094730166,2024-07-31,-0.15468662738537053,2024-10-29,-0.23083754670835432,2025-05-02
MDB,2024-01-31,,1683011000.0,1258526000.0,-233732000.0,-176600000.0,-122004000.0,515940000.0,976318000.0,121477000.0,-6074000.0,115403000.0,2869642000.0,1183988000.0,1068989000.0,802959000.0,2483636000.0,564220000.0,1284040000.0,,0.31071539827419703,,0.7477823971441661,-0.13887728600704333,-0.10493098381412837,-0.07249150480894065,0.07217837554240585,0.06856936763930836,0.0036090079030974844,0.306557711149838,0.5801019720013714,0.4125908388572512,1.1075773464460346,0.27981155837557437,4.401892878664351,0.5864881403324874,2024-04-30,25088151552.0,mid_cap,2024-04-30,365.17999267578125,90,-0.308943519163699,2024-07-31,-0.24637166061992188,2024-10-29,-0.5299852050163218,2025-05-02
MRVL,2024-01-31,,5507700000.0,2293600000.0,-436600000.0,-933400000.0,850700000.0,1896200000.0,834000000.0,1370500000.0,-350200000.0,1020300000.0,21228500000.0,4401300000.0,14831400000.0,950800000.0,3062700000.0,1814200000.0,5919600000.0,,-0.06958240421650108,,0.4164351725765746,-0.07927083900720809,-0.16947183034660565,0.1544564881892623,0.2488334513499283,0.18524974127131108,0.06358371007861721,0.3442816420647457,0.15142436951903698,0.20732976894269498,0.29675553218172257,0.044788845184539655,1.6881821188402601,0.25944838306992957,2024-04-30,154876592128.0,large_cap,2024-04-30,65.51559448242188,90,0.017079720423045286,2024-07-31,0.289803266699739,2024-10-29,-0.05118850483157611,2025-05-02
NCNO,2024-01-31,,476543000.0,285073000.0,-39512000.0,-42346000.0,7463000.0,117311000.0,207274000.0,57285000.0,-3515000.0,53770000.0,1340430000.0,74226000.0,1049176000.0,112085000.0,250775000.0,215036000.0,408315000.0,,0.16709648188285997,,0.5982104448077089,-0.08291381889986843,-0.08886081633766522,0.015660706379067576,0.12020950890056091,0.11283346938261606,0.007376039517944866,0.24617085971255478,0.43495340399502247,0.05537476779839305,0.07074694808116083,0.08361868952500318,1.1662000781264532,0.35551502129913537,2024-04-30,1628655232.0,low_cap,2024-04-30,29.15999984741211,90,0.12345673844167004,2024-07-31,0.3175582431409034,2024-10-29,-0.21262005471134082,2025-05-02
NVDA,2024-01-31,,60922000000.0,44301000000.0,32972000000.0,29760000000.0,35583000000.0,8675000000.0,2654000000.0,28090000000.0,-1069000000.0,27021000000.0,65728000000.0,11056000000.0,42978000000.0,7280000000.0,44345000000.0,10631000000.0,26974000000.0,,1.2585452658115224,,0.7271757329043695,0.5412166376678376,0.4884934834706674,0.5840747184924986,0.4610813827517153,0.4435343554052723,0.017547027346442992,0.14239519385443683,0.043563901382095135,0.16820837390457644,0.25724789427148775,0.11075949367088607,4.171291505973097,0.9268804771178188,2024-04-30,5457368842240.0,large_cap,2024-04-30,86.353271484375,90,0.3544779271026821,2024-07-31,0.6350741299904157,2024-10-29,0.3256362859517732,2025-05-02
PATH,2024-01-31,,1308072000.0,1112148000.0,-164720000.0,-89883000.0,-142123000.0,332101000.0,944767000.0,299082000.0,-7342000.0,291740000.0,2954758000.0,67070000.0,2016114000.0,1061678000.0,2580412000.0,711691000.0,1058581000.0,,0.2356843737040435,,0.8502192539860192,-0.12592579001767487,-0.06871410748032218,-0.108650747053679,0.2286433774287654,0.22303053654538893,0.00561284088337645,0.2538858717257154,0.7222591722779785,0.022698982454739104,0.03326696803851369,0.35931132092712836,3.625747691062554,0.4427002143661173,2024-04-30,5344953856.0,low_cap,2024-04-30,18.969999313354492,90,-0.35846070022119014,2024-07-31,-0.3305218624691991,2024-10-29,-0.36900365312073713,2025-05-02
ROST,2024-01-31,,20376941000.0,5575340000.0,2307663000.0,1874520000.0,2965302000.0,,3267677000.0,2514490000.0,-762812000.0,1751678000.0,14300109000.0,5747704000.0,4871326000.0,4872446000.0,7398138000.0,4185796000.0,18695829000.0,,0.08991909371871132,,0.2736102538648956,0.113248745236098,0.09199221806648997,0.145522431458186,0.12339879670849516,0.08596373714778877,0.03743505956070639,0.0,0.1603615086287976,0.401934278962489,1.1799054302668308,0.3407278923538275,1.7674387380560352,1.4249500475835535,2024-04-30,68812906496.0,large_cap,2024-04-30,126.92060852050781,90,0.10841406615083748,2024-07-31,0.07838846704606683,2024-10-29,0.09597866953663248,2025-05-02
S,2024-01-31,,621154000.0,441873000.0,-371710000.0,-338693000.0,-332798000.0,218176000.0,595407000.0,-68374000.0,-18765000.0,-87139000.0,2321407000.0,22928000.0,1594043000.0,256651000.0,1297331000.0,590067000.0,422179000.0,,0.47130482567820753,,0.7113743129723064,-0.5984184276363027,-0.5452641373958793,-0.5357737372696626,-0.11007576221033753,-0.1402856618487525,0.03020989963841495,0.35124300898005967,0.9585497316285494,0.0098767687010507,0.014383551761150734,0.11055838118864982,2.1986164283039047,0.2675765171725596,2024-04-30,5757388800.0,low_cap,2024-04-30,21.1299991607666,90,0.08376718069398437,2024-07-31,0.2560341679902114,2024-10-29,-0.1064836767328281,2025-05-02
SNOW,2024-01-31,,2806489000.0,1907931000.0,-1094773000.0,-836097000.0,-729320000.0,1287949000.0,1714755000.0,848122000.0,-97963000.0,750159000.0,8223383000.0,287981000.0,5180308000.0,1762749000.0,5039264000.0,2731230000.0,2065659000.0,,0.3586409954401961,,0.6798284261937246,-0.3900863320682889,-0.29791565190528096,-0.25986918174273976,0.30220036493996594,0.2672944736287938,0.034905891311172076,0.45891824268685893,0.6109965155751546,0.035019772276203114,0.055591482205305166,0.21435812973808954,1.8450529614862168,0.3412815625880492,2024-04-30,54437380096.0,large_cap,2024-04-30,155.1999969482422,90,-0.1599226324321832,2024-07-31,-0.23717782398455556,2024-10-29,0.08028354999273923,2025-05-02
TGT,2024-01-31,,107412000000.0,29584000000.0,5707000000.0,4138000000.0,8600000000.0,,21462000000.0,8621000000.0,-4806000000.0,3815000000.0,55356000000.0,19646000000.0,13432000000.0,3805000000.0,17498000000.0,19304000000.0,109120000000.0,,-0.015652492668621676,,0.2754254645663427,0.05313186608572599,0.03852455963951886,0.08006554202509962,0.08026105090678881,0.035517446840204074,0.04474360406658474,0.0,0.19981007708635906,0.3549028108967411,1.4626265634306135,0.06873690295541586,0.9064442602569416,1.9403858660307827,2024-04-30,55200583680.0,large_cap,2024-04-30,147.92864990234375,90,-0.05922863450900562,2024-07-31,-0.06750433125397381,2024-10-29,-0.3765049018778601,2025-05-02
TJX,2024-01-31,,54217000000.0,16266000000.0,5797000000.0,4474000000.0,7010000000.0,,10469000000.0,6057000000.0,-1722000000.0,4335000000.0,29747000000.0,12542000000.0,7302000000.0,5600000000.0,12664000000.0,10451000000.0,49936000000.0,,0.08572973405959639,,0.3000165999594223,0.10692218307910803,0.08252024272829556,0.12929523950052565,0.1117177269122231,0.0799564712175148,0.0317612556947083,0.0,0.19309441688031428,0.4216223484721148,1.717611613256642,0.18825427774229334,1.2117500717634677,1.8226039600631996,2024-04-30,163030188032.0,large_cap,2024-04-30,91.4233627319336,90,0.20575583347234927,2024-07-31,0.2215842002736701,2024-10-29,0.39172520702796443,2025-05-02
ULTA,2024-01-31,,11207303000.0,,1686539000.0,1291005000.0,1930379000.0,,2694561000.0,1476266000.0,-435267000.0,1040999000.0,5707011000.0,1911092000.0,2279328000.0,766594000.0,2836518000.0,1658191000.0,10208580000.0,,0.09783172586197098,,,0.15048571453810072,0.11519319143954616,0.17224295622238464,0.13172357345919888,0.09288577278583438,0.0388378006733645,0.0,0.24042903096311397,0.3348674113296785,0.8384453663535919,0.13432495574303255,1.7106099357673512,1.96377806175597,2024-04-30,21618143232.0,mid_cap,2024-04-30,404.8399963378906,90,-0.0986809160429637,2024-07-31,-0.061752791784768,2024-10-29,-0.02230510537738517,2025-05-02
WDAY,2024-01-31,,7259000000.0,5488000000.0,183000000.0,1381000000.0,752000000.0,2464000000.0,2841000000.0,2149000000.0,-242000000.0,1907000000.0,16452000000.0,3296000000.0,8082000000.0,2012000000.0,9939000000.0,5055000000.0,6216000000.0,,0.1677927927927927,,0.7560270009643202,0.025210084033613446,0.19024659043945447,0.10359553657528585,0.29604628736740596,0.2627083620333379,0.033337925334068055,0.3394406943105111,0.3913762226201956,0.20034038414782399,0.40781984657263054,0.12229516168247022,1.9661721068249258,0.4412229516168247,2024-04-30,31213191168.0,mid_cap,2024-04-30,244.72999572753906,90,-0.07195685415676223,2024-07-31,-0.024925391048172818,2024-10-29,0.01614022399052284,2025-05-02
WMT,2024-01-31,,648125000000.0,157983000000.0,27012000000.0,15511000000.0,36384000000.0,,130971000000.0,35726000000.0,-20606000000.0,15120000000.0,252399000000.0,61321000000.0,83861000000.0,9867000000.0,76877000000.0,92415000000.0,611289000000.0,,0.0602595499019285,,0.24375390549662487,0.0416771456123433,0.023932111861137896,0.05613731918997107,0.05512208293153327,0.02332883317261331,0.031793249758919964,0.0,0.2020767598842816,0.24295262659519254,0.731221902910769,0.03909286486871977,0.8318671211383434,2.5678588266989966,2024-04-30,1047786684416.0,large_cap,2024-04-30,58.05866622924805,90,0.16053220651534517,2024-07-31,0.38528164525378283,2024-10-29,0.6826945233131914,2025-05-02
BOOT,2024-03-31,,1667009000.0,614424000.0,198214000.0,146996000.0,249195000.0,,416210000.0,236080000.0,-118782000.0,117298000.0,1705592000.0,466757000.0,943643000.0,75847000.0,729649000.0,312808000.0,1657615000.0,0.11379695428743442,0.0056671784461410635,-0.10812977584129335,0.36857869393626547,0.11890397712309891,0.08817948793317852,0.14948629551490125,0.14161891147558292,0.0703643471630927,0.07125456431249022,0.0,0.24967471681316658,0.27366275170146204,0.4946330338909948,0.044469603515963955,2.3325778113091737,0.977378528979967,2024-06-29,4365484032.0,low_cap,2024-07-01,130.1300048828125,90,0.2854836894069088,2024-09-30,0.17812949977720982,2024-12-30,0.2674247789685984,2025-07-03
AI,2024-04-30,,310582000.0,178560000.0,-318342000.0,-279696000.0,-305623000.0,201365000.0,295537000.0,-62362000.0,-28006000.0,-90368000.0,1038225000.0,3226000.0,873353000.0,167146000.0,904394000.0,102335000.0,266795000.0,0.05553115813878051,0.16412226615941083,0.10859110802063032,0.5749206328763419,-1.0249853500846797,-0.9005544429490441,-0.9840332021817104,-0.2007907734511337,-0.29096341706860024,0.09017264361746656,0.648347296366177,0.9515586865948445,0.0031072262756146308,0.0036938099485545935,0.16099207782513425,8.837582449797235,0.2991471020250909,2024-07-29,1256769024.0,low_cap,2024-07-29,27.399999618530273,90,-0.0773722248686105,2024-10-25,0.15510949121056838,2025-01-29,-0.14014599292150887,2025-07-31
MDT,2024-04-30,,32364000000.0,21148000000.0,5520000000.0,3676000000.0,8203000000.0,2735000000.0,10736000000.0,6787000000.0,-1587000000.0,5200000000.0,89981000000.0,25024000000.0,50214000000.0,1284000000.0,21935000000.0,10789000000.0,31227000000.0,-0.014485892823328905,0.03641079834758387,0.05089669117091278,0.653442096156223,0.17055988134964775,0.11358299344951181,0.25346063527376095,0.2097083178840687,0.160672351996045,0.04903596588802373,0.08450747744407366,0.3317266098133729,0.27810315511052336,0.4983470745210499,0.01426967915448817,2.0330892575771617,0.35967593158555694,2024-07-29,97767841792.0,large_cap,2024-07-29,75.66902923583984,90,0.14130632598551474,2024-10-25,0.16160206636539232,2025-01-29,0.1654283067174922,2025-07-31
NKE,2024-05-31,,51362000000.0,22887000000.0,6311000000.0,5700000000.0,7155000000.0,,16576000000.0,7429000000.0,-812000000.0,6617000000.0,38110000000.0,11952000000.0,14430000000.0,9860000000.0,25382000000.0,10593000000.0,51217000000.0,0.09648897452365657,0.0028310912392370824,-0.09365788328441949,0.445601806783225,0.12287294108484872,0.11097698687745804,0.13930532300144075,0.14464000623028697,0.12883065301195437,0.01580935321833262,0.0,0.3227288656983762,0.3136184728417738,0.8282744282744283,0.2587247441616374,2.3961106391012934,1.347730254526371,2024-08-29,62019551232.0,large_cap,2024-08-29,80.04519653320312,90,-0.05489528659078946,2024-11-27,-0.057694169973094844,2025-03-04,-0.078318599759581,2025-09-03
ORCL,2024-05-31,,52961000000.0,37818000000.0,16071000000.0,10467000000.0,21394000000.0,8915000000.0,9822000000.0,18673000000.0,-6866000000.0,11807000000.0,140976000000.0,93124000000.0,8704000000.0,10454000000.0,22554000000.0,31544000000.0,49954000000.0,0.17704995287464653,0.060195379749369504,-0.11685457312527703,0.7140726194747078,0.3034497082759011,0.19763599629916354,0.4039576291988444,0.35258020052491457,0.22293763335284456,0.12964256717207,0.16833141368176582,0.18545722323974245,0.6605663375326297,10.698988970588236,0.07415446600839859,0.7150012680699974,0.375673873567132,2024-08-29,554933092352.0,large_cap,2024-08-29,136.89596557617188,90,0.3133756088926698,2024-11-27,0.13478700710931157,2025-03-04,0.6194816228161399,2025-09-03
BILL,2024-06-30,,1290172000.0,1055556000.0,-146577000.0,-28878000.0,89788000.0,336754000.0,756202000.0,278771000.0,-20893000.0,257878000.0,9178813000.0,976847000.0,4134201000.0,985941000.0,6314817000.0,4063024000.0,1058468000.0,0.6488093476374659,0.21890505900981427,-0.4299042886276516,0.8181513782658436,-0.1136104333375705,-0.02238306210334746,0.0695938215989806,0.2160727406888384,0.19987877585314207,0.016193964835696326,0.261014810428377,0.5861249507817562,0.10642410952265832,0.2362843509543924,0.10741486943900044,1.5542160223518247,0.14055978697899174,2024-09-28,3990840832.0,low_cap,2024-09-30,52.7599983215332,90,0.6207354976607504,2024-12-30,-0.11429111014273519,2025-04-02,0.031463227828318674,2025-10-02
EL,2024-06-30,,15608000000.0,11184000000.0,1563000000.0,390000000.0,1975000000.0,,9621000000.0,2360000000.0,-919000000.0,1441000000.0,21677000000.0,9826000000.0,5314000000.0,3395000000.0,7922000000.0,5702000000.0,15910000000.0,-0.10300501775948578,-0.018981772470144542,0.08402324528934124,0.716555612506407,0.10014095335725269,0.024987186058431574,0.12653767298821117,0.15120451050743208,0.09232444900051255,0.05888006150691953,0.0,0.6164146591491543,0.45329150712737004,1.849077907414377,0.1566176131383494,1.389337074710628,0.7200258338330949,2024-09-28,29044895744.0,mid_cap,2024-09-30,97.19371795654297,90,-0.25225436883677577,2024-12-30,-0.3036422116469607,2025-04-02,-0.09292700780061813,2025-10-02
KLAC,2024-06-30,,9812247000.0,5884174000.0,3635684000.0,2761896000.0,3903015000.0,1278981000.0,969509000.0,3308575000.0,-277384000.0,3031191000.0,15433566000.0,6819643000.0,3368328000.0,1977129000.0,10031144000.0,4660774000.0,10496056000.0,0.1394039633373545,-0.06514913792380683,-0.20455310126116133,0.5996765063089016,0.3705251202909996,0.2814743656575298,0.3977697463180452,0.33718831170882674,0.3089191497115798,0.02826916199724691,0.13034537349090378,0.09880601252699815,0.4418708547331187,2.0246374462344523,0.12810577931244146,2.152248532110761,0.6357731583225807,2024-09-28,235693834240.0,large_cap,2024-09-30,764.7288208007812,90,-0.17950707129526688,2024-12-30,-0.10945361187684854,2025-04-02,0.48533156276595135,2025-10-02
LRCX,2024-06-30,,14905386000.0,7052791000.0,4282100000.0,3827772000.0,4905157000.0,1902444000.0,868247000.0,4652269000.0,-396670000.0,4255599000.0,18744728000.0,4983334000.0,8539454000.0,5847856000.0,12883220000.0,4338438000.0,17428516000.0,0.01169539350320159,-0.1447702145151084,-0.15646560801831,0.4731706377815375,0.28728541481582565,0.2568046208263241,0.32908621085022555,0.31211999474552354,0.2855074668982071,0.026612527847316398,0.1276346684346182,0.05825055453109366,0.2658525639849242,0.5835658813783645,0.3119733719262291,2.9695526362252957,0.7951775027090284,2024-09-28,356062593024.0,large_cap,2024-09-30,80.52338409423828,90,-0.11318079796588354,2024-12-30,-0.09040907355736649,2025-04-02,0.8202513633937667,2025-10-02
MSFT,2024-06-30,,245122000000.0,171008000000.0,109433000000.0,88136000000.0,133009000000.0,29510000000.0,32065000000.0,118548000000.0,-44477000000.0,74071000000.0,512163000000.0,67127000000.0,268477000000.0,18315000000.0,159734000000.0,125286000000.0,211915000000.0,0.06882029555656421,0.1566996201307127,0.08787932457414849,0.6976444382797138,0.44644299573273716,0.35955972944084985,0.5426236731097168,0.48362856047192826,0.3021801388696241,0.18144842160230415,0.12038903076835208,0.13081241177862452,0.1310656958819751,0.25002886653232864,0.03576009981197392,1.2749549031815206,0.47860153896318164,2024-09-28,3134205460480.0,large_cap,2024-09-30,425.324951171875,90,-0.01073591767783244,2024-12-30,-0.10835996259753145,2025-04-02,0.20755715270550845,2025-10-02
PG,2024-06-30,,84039000000.0,43191000000.0,19886000000.0,14879000000.0,22582000000.0,,23305000000.0,19846000000.0,-3322000000.0,16524000000.0,122370000000.0,33369000000.0,50286000000.0,9482000000.0,24709000000.0,33627000000.0,82006000000.0,0.02268447503959492,0.024790868960807844,0.0021063939212129235,0.5139399564487916,0.23662823213032044,0.17704875117504967,0.2687085757802925,0.23615226263996478,0.19662299646592654,0.03952926617403824,0.0,0.2773117243184712,0.2726893846531013,0.6635842978164896,0.07748631200457629,0.7347964433342254,0.6867614611424369,2024-09-28,329659777024.0,large_cap,2024-09-30,165.32791137695312,90,-0.029605082820101325,2024-12-30,-0.009606153431540365,2025-04-02,-0.09991564320212498,2025-10-02
PH,2024-06-30,,19930000000.0,7128000000.0,3813000000.0,2844000000.0,5028000000.0,,3315000000.0,3384000000.0,-400000000.0,2984000000.0,29298000000.0,10560000000.0,12072000000.0,422000000.0,6799000000.0,7313000000.0,19065000000.0,0.20195884301263778,0.04537109887227908,-0.1565877441403587,0.3576517812343201,0.19131961866532865,0.14269944806823884,0.2522829904666332,0.16979427997992974,0.14972403411941795,0.02007024586051179,0.0,0.16633216256899147,0.36043415932828177,0.8747514910536779,0.014403713564065806,0.9297142075755503,0.6802512116868046,2024-09-28,108777250816.0,large_cap,2024-09-30,621.674072265625,90,0.010301106238392865,2024-12-30,0.00022031301727909458,2025-04-02,0.21187917185868388,2025-10-02
TEAM,2024-06-30,,4358603000.0,3555108000.0,-117077000.0,-300519000.0,27408000.0,2184111000.0,1475688000.0,1448159000.0,-33112000.0,1415047000.0,5212133000.0,1249338000.0,1032851000.0,2176930000.0,3076264000.0,2610126000.0,3534647000.0,0.2610759211411682,0.23310842638600127,-0.02796749475516691,0.8156530888452103,-0.02686112958670473,-0.0689484681215518,0.006288253369256158,0.33225301776739014,0.3246560882007377,0.007596929566652435,0.5011034498897927,0.3385690323252657,0.23969802765969325,1.2096013849045022,0.41766585772082176,1.1785883133611175,0.8362417075696265,2024-09-28,22194536448.0,mid_cap,2024-09-30,158.80999755859375,90,0.5559474208312787,2024-12-30,0.4102387139149475,2025-04-02,-0.04886338786053346,2025-10-02
CSCO,2024-07-31,,53803000000.0,34828000000.0,12970000000.0,10320000000.0,15747000000.0,7983000000.0,13177000000.0,10880000000.0,-670000000.0,10210000000.0,124413000000.0,30973000000.0,45457000000.0,7508000000.0,36862000000.0,40584000000.0,56998000000.0,0.10553368116841555,-0.0560545984069617,-0.16158827957537725,0.6473244986339052,0.24106462464918313,0.1918108655651172,0.29267884690444773,0.20221920710741037,0.18976636990502388,0.012452837202386484,0.14837462595022582,0.24491199375499506,0.2489530836809658,0.6813692060628727,0.06034739134977856,0.9082889808791642,0.4324548077773223,2024-10-29,466916868096.0,large_cap,2024-10-29,53.70032501220703,90,0.09577851248733937,2025-01-31,0.07997688179582063,2025-05-02,0.346899508127245,2025-10-31
INTU,2024-07-31,,16285000000.0,12820000000.0,3853000000.0,2963000000.0,4581000000.0,2754000000.0,5730000000.0,4884000000.0,-250000000.0,4634000000.0,32132000000.0,6567000000.0,18436000000.0,3609000000.0,9678000000.0,7491000000.0,14368000000.0,0.1290271884331291,0.13342149220489974,0.004394303771770636,0.7872275099785079,0.23659809640773719,0.18194657660423702,0.2813018114829598,0.2999078906969604,0.28455634019035925,0.015351550506601168,0.16911268038071844,0.35185753761129873,0.20437570023652435,0.3562052505966587,0.11231793850367235,1.2919503404084902,0.5068156355035479,2024-10-29,109361717248.0,large_cap,2024-10-29,616.5614624023438,90,-0.03397324600318974,2025-01-31,0.016251848814605507,2025-05-02,0.07737832966053482,2025-10-31
PANW,2024-07-31,,8027500000.0,5968300000.0,683900000.0,2577600000.0,1276400000.0,1809400000.0,3475000000.0,3257600000.0,-156800000.0,3100800000.0,19990900000.0,1344400000.0,5169700000.0,1535200000.0,6849700000.0,7682700000.0,6892700000.0,0.2528764882304826,0.16463795029523998,-0.08823853793524261,0.7434817813765182,0.0851946434132669,0.32109623170351914,0.1590034257240735,0.4058050451572719,0.38627218934911245,0.01953285580815945,0.22540018685767674,0.43288695110557457,0.06725059902255526,0.260053774880554,0.0767949416984728,0.8915745766462312,0.40155770875748464,2024-10-29,196935139328.0,large_cap,2024-10-29,182.69500732421875,90,0.009441915627531827,2025-01-31,0.0273953278599528,2025-05-02,0.20550642690698306,2025-10-31
ZS,2024-07-31,,2167771000.0,1690642000.0,-121477000.0,-57706000.0,64835000.0,499828000.0,1311059000.0,779846000.0,-194896000.0,584950000.0,4704968000.0,1237965000.0,1274102000.0,1423080000.0,3396617000.0,3112887000.0,1616952000.0,0.4821558537269488,0.34065266006659445,-0.14150319366035435,0.7798987992735396,-0.05603774568439194,-0.02661997046736025,0.029908601969488476,0.35974556353046516,0.2698393880165387,0.08990617551392652,0.2305723252133182,0.6047958940312422,0.26311868646077935,0.9716372786480203,0.30246326861309153,1.0911468999677791,0.46074085944899096,2024-10-29,25895344128.0,mid_cap,2024-10-29,189.85000610351562,90,0.06710555609583979,2025-01-31,0.2139583556033149,2025-05-02,0.7442191414409729,2025-10-31
ACN,2024-08-31,,64896464000.0,21162317000.0,10034287000.0,7264787000.0,10836289000.0,,11128030000.0,9131027000.0,-516509000.0,8614518000.0,55932363000.0,4120549000.0,28288646000.0,5004469000.0,20857781000.0,18976127000.0,64111745000.0,0.04087131107332076,0.012239863382286664,-0.028631447691034095,0.32609352953344267,0.15461993430027252,0.11194426556121763,0.16697811147306885,0.1407014563998433,0.13274248655519968,0.007958969844643615,0.0,0.17147359523317018,0.07367021128715767,0.14566087751248327,0.08947358437189575,1.099159011741437,1.1602668029598535,2024-11-29,103897767936.0,large_cap,2024-11-29,354.2649230957031,90,-0.03485369795873783,2025-03-05,-0.11880050855606206,2025-06-04,-0.2362901732886088,2025-12-03
AZO,2024-08-31,,18490268000.0,9817052000.0,3788708000.0,2662427000.0,4349775000.0,,6028344000.0,3004116000.0,-1072696000.0,1931420000.0,17176538000.0,12366969000.0,-4749614000.0,298172000.0,7306759000.0,8714243000.0,17457209000.0,0.07414237923041944,0.059176641581137,-0.01496573764928244,0.530930757736989,0.20490281698458887,0.14399071987490933,0.23524672546660763,0.16247011671220773,0.10445603059944832,0.058014086112759426,0.0,0.3260279407524001,0.7199919448261344,2.6037840127639846,0.017359260637970237,0.8384846509329611,1.076483980648487,2024-11-29,55024222208.0,large_cap,2024-11-29,3169.5400390625,90,0.12189145396133672,2025-03-05,0.172737997707056,2025-06-04,0.2061434387198211,2025-12-03
COST,2024-08-31,,254453000000.0,32095000000.0,9285000000.0,7367000000.0,12146000000.0,,22810000000.0,11339000000.0,-4710000000.0,6629000000.0,69831000000.0,8169000000.0,23622000000.0,9906000000.0,34246000000.0,35464000000.0,242290000000.0,0.06757316460604357,0.05020017334599025,-0.017372991260053317,0.1261333134213391,0.036490039417888566,0.028952301603832536,0.04773376615720781,0.04456225707694545,0.026051962444930892,0.018510294632014555,0.0,0.08964327400345054,0.11698242900717447,0.3458216916433833,0.14185676848391116,0.965655312429506,3.6438401283097765,2024-11-29,465369300992.0,large_cap,2024-11-29,964.1168212890625,90,0.07925644890602679,2025-03-05,0.08472641014326965,2025-06-04,-0.04610387760515422,2025-12-03
MU,2024-08-31,,25111000000.0,5613000000.0,1305000000.0,778000000.0,9582000000.0,3430000000.0,1129000000.0,8507000000.0,-8386000000.0,121000000.0,69416000000.0,14007000000.0,45131000000.0,7041000000.0,24372000000.0,9248000000.0,15540000000.0,-0.4947655894401457,0.6158944658944658,1.1106600553346115,0.22352753773246783,0.05196925650113496,0.03098243797538927,0.38158575922902316,0.3387758352913066,0.004818605392059257,0.33395722989924737,0.13659352475010952,0.04496037593086695,0.20178345050132535,0.31036316500853073,0.10143194652529676,2.63538062283737,0.36174657139564365,2024-11-29,817223696384.0,large_cap,2024-11-29,97.46240997314453,90,-0.035604265435305815,2025-03-05,0.05685308330371064,2025-06-04,1.4005887310852096,2025-12-03
AAPL,2024-09-30,,391035000000.0,180683000000.0,123216000000.0,93736000000.0,134661000000.0,31370000000.0,26097000000.0,118254000000.0,-9447000000.0,108807000000.0,364980000000.0,106629000000.0,56950000000.0,29943000000.0,152987000000.0,176392000000.0,383285000000.0,-0.02800460530319937,0.02021994077514111,0.04822454607834048,0.4620634981523393,0.31510222870075566,0.23971255769943867,0.3443707085043538,0.3024128274962599,0.27825386474356517,0.02415896275269477,0.08022299794136074,0.06673827151022287,0.29215025480848267,1.872326602282704,0.08204011178694723,0.8673125765340832,1.0713874732862074,2024-12-29,4409585041408.0,large_cap,2024-12-30,250.598876953125,90,-0.11127603991609947,2025-04-02,-0.15120864033716108,2025-07-03,0.07944396869608261,2026-01-02
APD,2024-09-30,,12100600000.0,3931900000.0,2947500000.0,3828200000.0,6491100000.0,100200000.0,942400000.0,3646700000.0,-6796700000.0,-3150000000.0,39574600000.0,15006100000.0,17036500000.0,2979700000.0,6363000000.0,4179600000.0,12600000000.0,-0.007764635471626757,-0.03963492063492069,-0.03187028516329393,0.3249343007784738,0.2435829628282895,0.3163644777944895,0.5364279457216997,0.30136522155926154,-0.260317670198172,0.5616828917574335,0.008280581128208519,0.07788043568087533,0.37918513389901604,0.8808205910838494,0.0752932436461771,1.5223944875107667,0.3057668302395981,2024-12-29,65775423488.0,large_cap,2024-12-30,277.735595703125,90,0.03426969378650768,2025-04-02,0.02986526518431276,2025-07-03,-0.10379019958597224,2026-01-02
EMR,2024-09-30,,17492000000.0,8885000000.0,2666000000.0,1968000000.0,4032000000.0,,5142000000.0,3332000000.0,-419000000.0,2913000000.0,44246000000.0,8356000000.0,21636000000.0,3588000000.0,10192000000.0,5742000000.0,15165000000.0,0.09859461025789629,0.153445433564128,0.0548508233062317,0.5079464898239195,0.15241253144294534,0.11250857534873085,0.23050537388520467,0.19048707980791219,0.1665332723530757,0.023953807454836495,0.0,0.29396295449348275,0.18885322967047868,0.3862081715659087,0.08109207611987525,1.7749912922326716,0.39533517154093023,2024-12-29,74521305088.0,large_cap,2024-12-30,121.22122192382812,90,-0.09856748578927876,2025-04-02,0.13447927924661962,2025-07-03,0.11164910324993071,2026-01-02
QCOM,2024-09-30,,38962000000.0,21902000000.0,10253000000.0,10142000000.0,12739000000.0,8893000000.0,2759000000.0,12202000000.0,-1041000000.0,11161000000.0,55154000000.0,14634000000.0,26274000000.0,7849000000.0,25231000000.0,10504000000.0,35820000000.0,-0.18959276018099547,0.08771635957565604,0.2773091197566515,0.5621374672758072,0.2631538422052256,0.26030491247882553,0.32695960166315896,0.31317694163543963,0.2864586006878497,0.026718340947589958,0.22824803654843182,0.0708125866228633,0.2653298038220256,0.5569764786480932,0.14231062116981544,2.402037319116527,0.7064220183486238,2024-12-29,212370472960.0,large_cap,2024-12-30,150.23095703125,90,0.0021400561635243065,2025-04-02,0.06135521722738102,2025-07-03,0.14408154111670513,2026-01-02
SBUX,2024-09-30,,36176200000.0,9709100000.0,5107600000.0,3760900000.0,7124000000.0,,2523300000.0,6095600000.0,-2777500000.0,3318100000.0,31339300000.0,25803100000.0,-7448900000.0,3286200000.0,6847400000.0,9070000000.0,35975600000.0,0.11551210376337595,0.005576001512135997,-0.10993610225123995,0.26838363343855903,0.14118674708786438,0.10396061498996578,0.19692505017110698,0.16849752046925878,0.09172052343806149,0.07677699703119731,0.0,0.06975027780695596,0.82334640531218,3.464014820980279,0.10485875561994046,0.7549503858875414,1.154339758705523,2024-12-29,121737052160.0,large_cap,2024-12-30,87.1611099243164,90,0.10343947737737391,2025-04-02,0.0556527307693957,2025-07-03,-0.04836235766296659,2026-01-02
V,2024-09-30,,35926000000.0,28884000000.0,24057000000.0,19743000000.0,25591000000.0,,3793000000.0,19950000000.0,-1257000000.0,18693000000.0,94511000000.0,20836000000.0,39137000000.0,11975000000.0,34033000000.0,26517000000.0,32653000000.0,0.11405663596042315,0.10023581294214923,-0.01382082301827392,0.803985971162946,0.6696264543784446,0.5495462895952792,0.7123253354116795,0.555308133385292,0.5203195457328954,0.03498858765239659,0.0,0.1055781328285921,0.22046111034694374,0.5323862329764673,0.12670482800943805,1.2834408115548517,0.3801250648072711,2024-12-29,619492999168.0,large_cap,2024-12-30,311.79559326171875,90,0.1002274854315166,2025-04-02,0.14192636174627227,2025-07-03,0.10665995361810676,2026-01-02
AMAT,2024-10-31,,27176000000.0,12897000000.0,7867000000.0,7177000000.0,8791000000.0,3233000000.0,1797000000.0,8677000000.0,-1190000000.0,7487000000.0,34409000000.0,6606000000.0,19001000000.0,8022000000.0,21220000000.0,8468000000.0,26517000000.0,0.028388598022105915,0.024851981747558094,-0.0035366162745478213,0.47457315278186635,0.2894833676773624,0.26409331763320576,0.323483956432146,0.3192890785987636,0.2755004415660877,0.04378863703267589,0.11896526346776568,0.06612452163673829,0.19198465517742452,0.34766591232040417,0.23313667935714494,2.5059045819555976,0.7897933680141823,2025-01-29,346505936896.0,large_cap,2025-01-29,173.32664489746094,90,-0.13819520588495515,2025-04-30,0.03256453946537308,2025-07-31,0.8572938872546192,2026-01-30
AVGO,2024-10-31,,51574000000.0,32509000000.0,14996000000.0,5895000000.0,23879000000.0,9310000000.0,4959000000.0,19962000000.0,-548000000.0,19414000000.0,165645000000.0,67566000000.0,67678000000.0,9348000000.0,19595000000.0,16697000000.0,35819000000.0,0.07878806131976024,0.43985035874815037,0.36106229742839013,0.6303369915073487,0.2907666653740257,0.11430177996664986,0.46300461472835147,0.3870554930779075,0.37642998410051576,0.01062550897739171,0.18051731492612558,0.09615310039942607,0.40789640496241963,0.998345104760779,0.05643394005252196,1.1735641133137689,0.3113525913851912,2025-01-29,2013133668352.0,large_cap,2025-01-29,204.073974609375,90,-0.06444194909120493,2025-04-30,0.43097691434368524,2025-07-31,0.6200325223385457,2026-01-30
DE,2024-10-31,,50518000000.0,19495000000.0,11427000000.0,7100000000.0,14672000000.0,2290000000.0,4507000000.0,9231000000.0,-4802000000.0,4429000000.0,107320000000.0,65463000000.0,22836000000.0,7324000000.0,77667000000.0,35960000000.0,60248000000.0,0.17483717483717487,-0.16149913690080997,-0.33633631173798484,0.3859020547131715,0.22619660319094184,0.14054396452749515,0.29043113345738153,0.18272694881032503,0.0876717209707431,0.09505522783958194,0.04533037729126252,0.08921572508808741,0.6099795005590757,2.866657908565423,0.0682445024226612,2.159816462736374,0.47072307118896756,2025-01-29,151754391552.0,large_cap,2025-01-29,470.33111572265625,90,-0.02714664922549659,2025-04-30,0.10395664104345959,2025-07-31,0.11933951949835864,2026-01-30
SNPS,2024-10-31,,6127436000.0,4882147000.0,1355711000.0,2263380000.0,1845752000.0,2082360000.0,1427838000.0,1407029000.0,-139500000.0,1267529000.0,13073561000.0,684457000.0,8990702000.0,3896532000.0,6469666000.0,2650120000.0,5318014000.0,0.15215414126611826,0.15220381142283568,4.967015671741848e-05,0.7967683383392336,0.2212525761182981,0.36938451907127223,0.30122746284090113,0.22962769419378676,0.20686123853435598,0.022766455659430796,0.3398419828456797,0.23302373129641826,0.052354289699646485,0.07612942793566065,0.2980467219298552,2.4412728480219763,0.46868913527079575,2025-01-29,96244596736.0,large_cap,2025-01-29,512.7100219726562,90,-0.10473759026675544,2025-04-30,0.23553264721809763,2025-07-31,-0.09282055121989952,2026-01-30
ADBE,2024-11-30,,21505000000.0,19147000000.0,7741000000.0,5560000000.0,7957000000.0,3944000000.0,7293000000.0,8056000000.0,-183000000.0,7873000000.0,30230000000.0,6056000000.0,14105000000.0,7613000000.0,11232000000.0,10521000000.0,19409000000.0,0.10240826990798602,0.10799113813179462,0.005582868223808601,0.89035108114392,0.3599627993489886,0.25854452452917925,0.37000697512206465,0.37461055568472446,0.36610090676586843,0.00850964891885608,0.183399209486166,0.3391304347826087,0.20033079722130334,0.4293512938674229,0.25183592457823356,1.067579127459367,0.711379424412835,2025-02-28,100079919104.0,large_cap,2025-02-28,438.55999755859375,90,-0.05351605561692252,2025-05-30,-0.18665629744451462,2025-08-29,-0.38209140883130954,2026-03-03
ABBV,2024-12-31,,56334000000.0,39430000000.0,11894000000.0,4278000000.0,14910000000.0,12791000000.0,14752000000.0,18806000000.0,-974000000.0,17832000000.0,135161000000.0,67144000000.0,3325000000.0,5524000000.0,25582000000.0,38749000000.0,54318000000.0,-0.06435387742446685,0.037114768584999513,0.10146864600946637,0.6999325451769801,0.21113359605211773,0.0759399297049739,0.2646714240068165,0.3338303688713743,0.31654063265523485,0.017289736216139454,0.22705648453864452,0.26186672347072815,0.4967705181228313,20.193684210526317,0.0408697775245818,0.6601976825208392,0.4167918260444951,2025-03-31,371715538944.0,large_cap,2025-03-31,201.05157470703125,90,-0.08483296595142298,2025-07-01,0.12494304087790353,2025-09-30,0.0604799623804162,2026-04-01
ABT,2024-12-31,,41950000000.0,23244000000.0,6825000000.0,13402000000.0,10790000000.0,2844000000.0,11697000000.0,8558000000.0,-2207000000.0,6351000000.0,81414000000.0,15021000000.0,47664000000.0,7616000000.0,23656000000.0,14157000000.0,40109000000.0,-0.08118571461297042,0.045899922710613605,0.12708563732358402,0.554088200238379,0.1626936829558999,0.3194755661501788,0.25721096543504174,0.2040047675804529,0.15139451728247913,0.052610250297973775,0.06779499404052443,0.27883194278903456,0.1845014370992704,0.3151435045317221,0.09354656447294077,1.6709754891573074,0.5152676443854866,2025-03-31,147130957824.0,large_cap,2025-03-31,129.3950653076172,90,0.0319726274714669,2025-07-01,0.018955464216833917,2025-09-30,-0.21371262028989269,2026-04-01
AEP,2024-12-31,,19721000000.0,12460000000.0,4447000000.0,2967000000.0,8099000000.0,,,6804000000.0,-7771000000.0,-967000000.0,103078000000.0,45763000000.0,26944000000.0,203000000.0,5789000000.0,13009000000.0,18982000000.0,-0.03347844904401842,0.03893161942893264,0.07241006847295106,0.6318138025455099,0.22549566452005476,0.15044876020485776,0.4106789716545814,0.34501293037878406,-0.04903402464378074,0.39404695502256476,0.0,0.0,0.44396476454723605,1.6984486342042755,0.0019693824094375134,0.44499961565070334,0.19132113545082366,2025-03-31,68094746624.0,large_cap,2025-03-31,104.97942352294922,90,-0.03613836852881458,2025-07-01,0.04730766578126544,2025-09-30,0.24520251400758863,2026-04-01
AMD,2024-12-31,,25785000000.0,12725000000.0,2086000000.0,1641000000.0,5145000000.0,6456000000.0,2735000000.0,3041000000.0,-636000000.0,2405000000.0,69226000000.0,2212000000.0,57568000000.0,3787000000.0,19049000000.0,7281000000.0,22680000000.0,-0.039023770179229644,0.13690476190476186,0.1759285320839915,0.49350397517936784,0.08089974791545472,0.06364165212332752,0.1995346131471786,0.11793678495249175,0.09327128175295715,0.024665503199534613,0.2503781268179174,0.10606942020554586,0.031953312339294486,0.03842412451361868,0.054704879669488345,2.6162615025408598,0.3724756594343166,2025-03-31,691537707008.0,large_cap,2025-03-31,102.73999786376953,90,0.32480050068552413,2025-07-01,0.5747517680568963,2025-09-30,1.0460386517877875,2026-04-01
AMGN,2024-12-31,,33424000000.0,20566000000.0,7258000000.0,4090000000.0,13356000000.0,5964000000.0,7096000000.0,11490000000.0,-1096000000.0,10394000000.0,91839000000.0,60099000000.0,5877000000.0,11973000000.0,29030000000.0,23099000000.0,28190000000.0,0.07092656612088288,0.18566867683575738,0.1147421107148745,0.6153063666826233,0.21714935375777883,0.12236716132120631,0.399593106749641,0.34376495931067497,0.31097415031115366,0.032790808999521304,0.17843465773097175,0.21230253709909047,0.6543951915852743,10.226135783563043,0.13036945088687812,1.256764362093597,0.3639412450048454,2025-03-31,176207396864.0,large_cap,2025-03-31,299.80914306640625,90,-0.05926031636744811,2025-07-01,-0.07878832419632198,2025-09-30,0.1695180425860936,2026-04-01
AMT,2024-12-31,,10127200000.0,7552800000.0,4603000000.0,2255000000.0,7154100000.0,,933400000.0,5290500000.0,-1590000000.0,3700500000.0,61077400000.0,43954100000.0,3382200000.0,1999600000.0,3178800000.0,7075600000.0,10012200000.0,0.03802849026478938,0.011485987095743111,-0.026542503169046272,0.7457935065960977,0.45451852437001344,0.2226676672722964,0.7064242831187297,0.522405008294494,0.3654020854727862,0.15700292282170789,0.0,0.09216762777470575,0.7196458919338413,12.995712849624505,0.03273878717823614,0.4492622533778054,0.16580928461263905,2025-03-31,79495331840.0,large_cap,2025-03-31,208.14251708984375,90,0.04824479862952602,2025-07-01,-0.09397442735880845,2025-09-30,-0.18647980899693184,2026-04-01
AMZN,2024-12-31,,637959000000.0,311671000000.0,68593000000.0,59248000000.0,123815000000.0,,55266000000.0,115877000000.0,-82999000000.0,32878000000.0,624894000000.0,130900000000.0,285970000000.0,78779000000.0,190867000000.0,179431000000.0,574785000000.0,0.1182957412988368,0.1099089224666614,-0.008386818832175402,0.48854393464156787,0.1075194487420038,0.09287117197186653,0.194079870336495,0.1816370644508503,0.05153622724971354,0.13010083720113674,0.0,0.08662939154397069,0.20947552704938757,0.45774032241144175,0.12606778109567382,1.063734806137178,1.020907545919788,2025-03-31,2841383010304.0,large_cap,2025-03-31,190.25999450683594,90,0.15873022747273424,2025-07-01,0.15405242123209306,2025-09-30,0.10674873017855102,2026-04-01
ANET,2024-12-31,,7003100000.0,4491300000.0,2944600000.0,2852100000.0,3006600000.0,996700000.0,550000000.0,3708200000.0,-32000000.0,3676200000.0,14043900000.0,,9994800000.0,2762400000.0,11910900000.0,2732200000.0,5860200000.0,0.33754516343285457,0.19502747346506943,-0.14251768996778513,0.6413302680241607,0.42047093430052407,0.4072624980365838,0.42932415644500294,0.5295083605831703,0.5249389556053747,0.004569404977795548,0.1423226856677757,0.07853664805586097,,,0.19669749855809285,4.359453919918015,0.4986577802462279,2025-03-31,178764283904.0,large_cap,2025-03-31,77.4800033569336,90,0.2765874984084915,2025-07-01,0.8806143572634186,2025-09-30,0.611383493350719,2026-04-01
AON,2024-12-31,,15698000000.0,7415000000.0,4224000000.0,2654000000.0,4936000000.0,,1966000000.0,3035000000.0,-218000000.0,2817000000.0,48965000000.0,17892000000.0,6121000000.0,1085000000.0,23432000000.0,22995000000.0,13376000000.0,0.07188075967625607,0.17359449760765555,0.10171373793139948,0.4723531660084087,0.2690788635494967,0.16906612307300292,0.31443495986749903,0.19333673079373168,0.17944961141546695,0.013887119378264748,0.0,0.12523888393425914,0.3654038598999285,2.9230517889233787,0.02215868477483917,1.0190041313328984,0.32059634432758094,2025-03-31,67750879232.0,large_cap,2025-03-31,396.3722229003906,90,-0.10375841380624518,2025-07-01,-0.10275805386760806,2025-09-30,-0.19143045773800704,2026-04-01
APH,2024-12-31,,15222700000.0,5139700000.0,3284300000.0,2424000000.0,3801400000.0,,1855400000.0,2814700000.0,-665400000.0,2149300000.0,21440200000.0,6886100000.0,9792000000.0,3317000000.0,9686000000.0,4083800000.0,12554700000.0,-0.005410758139903327,0.21251005599496597,0.2179208141348693,0.3376339282781635,0.2157501625861378,0.15923587799798986,0.24971916939833275,0.18490149579246784,0.14119045898559388,0.043711036806873944,0.0,0.12188376569202572,0.3211770412589435,0.7032373366013072,0.15470937771102883,2.3718105685880797,0.7100073693342412,2025-03-31,153779306496.0,large_cap,2025-03-31,65.12893676757812,90,0.4874584435453073,2025-07-01,0.8926793868270431,2025-09-30,0.9607259581706022,2026-04-01
AXP,2024-12-31,,65949000000.0,,,10129000000.0,,,14238000000.0,14050000000.0,-1911000000.0,12139000000.0,271461000000.0,51089000000.0,30264000000.0,40552000000.0,,,60515000000.0,0.1447731830048049,0.0897959183673469,-0.054977264637458,,,0.15358837889884608,,0.21304341233377308,0.18406647560994102,0.02897693672383205,0.0,0.2158940999863531,0.18820014661406242,1.6881112873380915,0.1493842577755184,,0.24294097494667743,2025-03-31,213895708672.0,large_cap,2025-03-31,265.3780517578125,90,0.20275306500482748,2025-07-01,0.24179188648269978,2025-09-30,0.1323469613523971,2026-04-01
BA,2024-12-31,,66517000000.0,-1991000000.0,-10824000000.0,-11817000000.0,-7649000000.0,3812000000.0,5021000000.0,-12080000000.0,-2318000000.0,-14398000000.0,156363000000.0,54188000000.0,-3908000000.0,13801000000.0,127998000000.0,97078000000.0,77794000000.0,0.16793778525102088,-0.1449597655346171,-0.31289755078563797,-0.029932197784025137,-0.16272531833967258,-0.17765383285475894,-0.11499315964339943,-0.18160770930739512,-0.21645594359336712,0.03484823428597201,0.05730865793706872,0.0754844626185787,0.3465525731790769,13.86591606960082,0.08826256851045323,1.318506767753765,0.4254011498884007,2025-03-31,173812793344.0,large_cap,2025-03-31,170.5500030517578,90,0.2300790942962727,2025-07-01,0.26549397812414854,2025-09-30,0.21559662043103067,2026-04-01
BAC,2024-12-31,,105856000000.0,,,26973000000.0,,,49623000000.0,-8805000000.0,,-8805000000.0,3261299000000.0,326670000000.0,293963000000.0,296486000000.0,,,102769000000.0,0.08234860452869941,0.030038241103834906,-0.0523103634248645,,,0.2548084189842805,,-0.08317903567110037,-0.08317903567110037,,0.0,0.4687783403869408,0.10016560885708425,1.1112623017182435,0.09091040103958577,,0.032458232133882846,2025-03-31,353197326336.0,large_cap,2025-03-31,40.812049865722656,90,0.16064564878095644,2025-07-01,0.2504830990573188,2025-09-30,0.20724150391535967,2026-04-01
BL,2024-12-31,,653336000.0,491371000.0,20256000.0,161174000.0,183801000.0,100973000.0,370142000.0,190836000.0,-26840000.0,163996000.0,1825036000.0,916602000.0,446669000.0,885915000.0,1092404000.0,422243000.0,589996000.0,0.12823317486967856,0.10735666004515276,-0.020876514824525794,0.7520953996106138,0.031003955085897608,0.24669389104534267,0.2813269129513757,0.2920947261439749,0.25101326117036254,0.041081464973612355,0.1545498793882474,0.5665415651364688,0.5022377640769826,2.0520833100125597,0.48542330123898925,2.5871453167962524,0.3579852671399359,2025-03-31,1598509952.0,low_cap,2025-03-31,48.41999816894531,90,0.18649324525967526,2025-07-01,0.0966542850507035,2025-09-30,-0.2467987897592786,2026-04-01
BLK,2024-12-31,,20407000000.0,10086000000.0,7538000000.0,6369000000.0,9362000000.0,,2257000000.0,4956000000.0,-255000000.0,4701000000.0,138615000000.0,14222000000.0,47495000000.0,12762000000.0,25114000000.0,1536000000.0,17859000000.0,-0.0007833044256699839,0.14267316199115299,0.14345646641682297,0.4942421718037928,0.36938305483412553,0.31209878963100895,0.4587641495565247,0.24285784289704512,0.23036213064144656,0.01249571225559857,0.0,0.11059930416033714,0.1026007286368719,0.2994420465312138,0.09206795801320203,16.350260416666668,0.1472207192583775,2025-03-31,167947649024.0,large_cap,2025-03-31,927.3680419921875,90,0.11978427271084269,2025-07-01,0.24416549218974493,2025-09-30,0.03238410324919094,2026-04-01
BMY,2024-12-31,,48300000000.0,34332000000.0,5887000000.0,-8948000000.0,3168000000.0,11159000000.0,8414000000.0,15190000000.0,-1248000000.0,13942000000.0,92603000000.0,51200000000.0,16335000000.0,10346000000.0,29780000000.0,23774000000.0,45006000000.0,-0.024978877358694973,0.07319024130115981,0.09816911865985478,0.710807453416149,0.1218840579710145,-0.18525879917184265,0.06559006211180124,0.3144927536231884,0.28865424430641823,0.025838509316770186,0.2310351966873706,0.17420289855072463,0.5528978542811788,3.1343740434649527,0.11172424219517726,1.2526289223521494,0.5215813742535339,2025-03-31,116398063616.0,large_cap,2025-03-31,57.464622497558594,90,-0.21257638904286147,2025-07-01,-0.24266108231767836,2025-09-30,0.06326285318792357,2026-04-01
BROS,2024-12-31,,1281015000.0,340129000.0,106093000.0,35258000.0,204910000.0,,232757000.0,246432000.0,-221738000.0,24694000.0,2501085000.0,942909000.0,537369000.0,293354000.0,357941000.0,203071000.0,965776000.0,0.3068475207439121,0.3264100578187903,0.019562537074878206,0.2655152359652307,0.08281948298809928,0.027523487234731834,0.15995909493643712,0.19237245465509772,0.01927690151949821,0.17309555313559952,0.0,0.18169732594856422,0.3769999820078086,1.7546769538250253,0.1172906958380063,1.7626396678994047,0.5121837122688753,2025-03-31,8910600192.0,low_cap,2025-03-31,61.7400016784668,90,0.08681562439159629,2025-07-01,-0.15225139731665027,2025-09-30,-0.18108195661217574,2026-04-01
BSX,2024-12-31,,16747000000.0,11490000000.0,3002000000.0,1854000000.0,3856000000.0,1615000000.0,5984000000.0,3435000000.0,-1070000000.0,2365000000.0,39395000000.0,10746000000.0,21770000000.0,414000000.0,6920000000.0,6399000000.0,14240000000.0,0.12285128528623246,0.17605337078651684,0.05320208550028438,0.686093031587747,0.17925598614677254,0.11070639517525527,0.2302501940646086,0.2051113632292351,0.1412193228637965,0.06389204036543858,0.09643518242073207,0.3573177285483967,0.2727757329610357,0.4936150666054203,0.0105089478360198,1.0814189717143303,0.4251047087193806,2025-03-31,78301192192.0,large_cap,2025-03-31,100.87999725341797,90,0.03865980999267693,2025-07-01,-0.03221649572249452,2025-09-30,-0.3854083892939505,2026-04-01
BX,2024-12-31,,10930540000.0,,,2776508000.0,,,1381585000.0,3481662000.0,-61409000.0,3420253000.0,43469875000.0,12286698000.0,8212321000.0,1972140000.0,,,7006649000.0,-0.01766290480148147,0.5600239144275674,0.5776868192290489,,,0.25401379986716116,,0.31852607464955984,0.312907962461141,0.0056181121884188705,0.0,0.1263967745417884,0.2826485698429084,1.4961297786581893,0.04536797034728073,,0.25145091859592417,2025-03-31,144092463104.0,large_cap,2025-03-31,133.93675231933594,90,0.10063617045007,2025-07-01,0.2383796445506836,2025-09-30,-0.15422499501291853,2026-04-01
C,2024-12-31,,80672000000.0,,,12682000000.0,,,29745000000.0,-19669000000.0,-6500000000.0,-26169000000.0,2352945000000.0,335805000000.0,208598000000.0,276532000000.0,,,78090000000.0,0.04846938775510212,0.033064412856959935,-0.015404974898142187,,,0.1572044823482745,,-0.24381445854819517,-0.32438764379214596,0.08057318524395081,0.0,0.3687152915509718,0.14271689308504873,1.609818886087115,0.11752590902039785,,0.03428554428599054,2025-03-31,210502303744.0,large_cap,2025-03-31,68.86556243896484,90,0.2249592221526604,2025-07-01,0.4506906282242418,2025-09-30,0.6663939465212227,2026-04-01
CAT,2024-12-31,,64809000000.0,23324000000.0,13072000000.0,10792000000.0,16038000000.0,2107000000.0,6667000000.0,12035000000.0,-3215000000.0,8820000000.0,87764000000.0,38409000000.0,19491000000.0,6889000000.0,45682000000.0,32272000000.0,67060000000.0,0.1284433001834182,-0.03356695496570239,-0.1620102551491206,0.359888287120616,0.20170038111990618,0.1665200820873644,0.24746562977364256,0.18569951704238608,0.136092209415359,0.04960730762702711,0.03251091669366909,0.10287151475875264,0.43763957887060756,1.970601816222872,0.078494599152272,1.4155304908279622,0.7384462877717515,2025-03-31,409148456960.0,large_cap,2025-03-31,324.7054748535156,90,0.19103174272733825,2025-07-01,0.4590775764056765,2025-09-30,1.244902865605841,2026-04-01
CB,2024-12-31,,56010000000.0,,,9272000000.0,,,4380000000.0,16182000000.0,,16182000000.0,246548000000.0,15179000000.0,64021000000.0,2288000000.0,,,49826000000.0,0.15726396469631876,0.12411190944486816,-0.033152055251450596,,,0.1655418675236565,,0.28891269416175686,0.28891269416175686,,0.0,0.07820032137118371,0.061566104774729465,0.23709407850549039,0.00928014017554391,,0.22717685805603777,2025-03-31,125724844032.0,large_cap,2025-03-31,300.0915222167969,90,-0.03783473039180041,2025-07-01,-0.06222192346715516,2025-09-30,0.09020075357462876,2026-04-01
CDNS,2024-12-31,,4641264000.0,3993762000.0,1382850000.0,1055484000.0,1666833000.0,1549093000.0,1031444000.0,1260551000.0,-142542000.0,1118009000.0,8974482000.0,2585076000.0,4673578000.0,2644030000.0,4016079000.0,1370105000.0,4089986000.0,0.1483183115563893,0.13478725844049344,-0.013531053115895864,0.8604901595772186,0.2979468524091713,0.22741304954857125,0.3591334171036166,0.27159648750857524,0.24088459523095432,0.030711892277620924,0.3337653277210691,0.22223342606669216,0.28804737699624333,0.5531256780137188,0.2946164469436788,2.9312198700099628,0.5171623275861492,2025-03-31,95774343168.0,large_cap,2025-03-31,254.3300018310547,90,0.21676557711286049,2025-07-01,0.38111904705194233,2025-09-30,0.10167892275457824,2026-04-01
CELH,2024-12-31,,1355630000.0,680207000.0,155728000.0,145074000.0,202324000.0,,524479000.0,262898000.0,-23390000.0,239508000.0,1766881000.0,20250000.0,1224417000.0,890190000.0,1324580000.0,365535000.0,1318014000.0,1.0165329465547948,0.028539909287761844,-0.9879930372670329,0.5017644932614357,0.11487500276624153,0.10701592617454615,0.14924721347270273,0.19393049725957673,0.17667652678090628,0.017253970478670434,0.0,0.3868894904951941,0.011460873709095293,0.016538483212827002,0.503820008251829,3.6236748874936735,0.7672446531486841,2025-03-31,7710112768.0,low_cap,2025-03-31,35.619998931884766,90,0.29140935933110645,2025-07-01,0.6139810051202834,2025-09-30,-0.03621552890265123,2026-04-01
CI,2024-12-31,,244384000000.0,,,3434000000.0,9479000000.0,,14844000000.0,10363000000.0,-1406000000.0,8957000000.0,155881000000.0,31972000000.0,41033000000.0,7550000000.0,48870000000.0,57979000000.0,195187000000.0,0.08418550138587233,0.25205059763201443,0.1678650962461421,,,0.014051656409584916,0.03878731831871154,0.042404576404347256,0.03665133560298547,0.005753240801361791,0.0,0.06074047400811837,0.20510517638454975,0.7791777349937855,0.04843438263803799,0.8428913917107919,1.567760022068116,2025-03-31,75463155712.0,large_cap,2025-03-31,322.1827697753906,90,0.021278955716360848,2025-07-01,-0.11519344225338235,2025-09-30,-0.17028459495031156,2026-04-01
CL,2024-12-31,,20101000000.0,12161000000.0,4330000000.0,2889000000.0,4853000000.0,,7729000000.0,4107000000.0,-561000000.0,3546000000.0,16046000000.0,8512000000.0,212000000.0,1096000000.0,5317000000.0,5759000000.0,19457000000.0,0.08292981577336223,0.03309862774322858,-0.049831188030133644,0.6049947763792846,0.21541216854882841,0.14372419282622756,0.24143077458832893,0.20431819312472016,0.1764091338739366,0.027909059250783543,0.0,0.3845082334212228,0.5304748847064689,40.15094339622642,0.06830362707216751,0.9232505643340858,1.2527109560014957,2025-03-31,70520684544.0,large_cap,2025-03-31,90.88179779052734,90,-0.012222068409835751,2025-07-01,-0.13693552055106506,2025-09-30,-0.06601234933440137,2026-04-01
CME,2024-12-31,,6130100000.0,5279800000.0,3931500000.0,3525800000.0,5039100000.0,,132700000.0,3690500000.0,-94000000.0,3596500000.0,137447000000.0,3428000000.0,26486900000.0,2892400000.0,103033500000.0,102313900000.0,5578900000.0,0.11146750607642342,0.09880083887504698,-0.012666667201376436,0.8612910066719955,0.6413435343632241,0.575161906004796,0.8220257418312915,0.6020293306797605,0.5866951599484511,0.01533417073130944,0.0,0.02164728144728471,0.024940522528683784,0.1294224692206336,0.02104374777186843,1.007033257455732,0.04459973662575393,2025-03-31,108294709248.0,large_cap,2025-03-31,255.509521484375,90,0.042938364194552214,2025-07-01,0.028027589251333085,2025-09-30,0.1621484816547818,2026-04-01
CMG,2024-12-31,,11313853000.0,3017692000.0,1985179000.0,1534110000.0,2320209000.0,,697483000.0,2105076000.0,-593603000.0,1511473000.0,9204374000.0,4540618000.0,3655546000.0,748537000.0,1780587000.0,1168768000.0,9871649000.0,0.1432596241284536,0.14609555100672633,0.002835926878272721,0.2667254029197657,0.1754644505280385,0.13559571615434635,0.205076820425367,0.18606181289433404,0.1335948946835353,0.05246691821079874,0.0,0.06164858249439868,0.4933108976232387,1.2421175933772957,0.08132405310779418,1.5234734352754353,1.229182234446362,2025-03-31,41881264128.0,mid_cap,2025-03-31,50.209999084472656,90,0.15992835571425856,2025-07-01,-0.21947820471423962,2025-09-30,-0.35012942316093376,2026-04-01
COIN,2024-12-31,,6564028000.0,4908731000.0,2235435000.0,2579066000.0,3150807000.0,1468252000.0,1197111000.0,3103935000.0,,3103935000.0,22541951000.0,4694138000.0,10276842000.0,9308266000.0,18112653000.0,7941320000.0,3108383000.0,-0.02686894529097672,1.1117178931939855,1.1385868384849622,0.7478229830829485,0.3405584193120444,0.39290904913873004,0.48001120653354923,0.4728704691692357,0.4728704691692357,,0.22368155650768096,0.1823744505660244,0.20824009421367298,0.4567685286978237,0.41293080621105066,2.280811376446233,0.29119165417403314,2025-03-31,51488137216.0,large_cap,2025-03-31,172.22999572753906,90,0.9469894611316383,2025-07-01,0.9595308518051096,2025-09-30,0.004412760752936951,2026-04-01
COP,2024-12-31,,54745000000.0,16383000000.0,12783000000.0,9245000000.0,24425000000.0,,1158000000.0,20124000000.0,-12118000000.0,8006000000.0,122780000000.0,24324000000.0,64796000000.0,5607000000.0,15647000000.0,12124000000.0,56141000000.0,-0.28477335847325913,-0.024865962487308768,0.25990739598595036,0.29926020641154444,0.23350077632660518,0.1688738697597954,0.44615946661795597,0.3675952141748105,0.14624166590556215,0.22135354826924833,0.0,0.02115261667732213,0.19811044143997394,0.3753935428112846,0.045667046750285066,1.2905806664467172,0.44587880762339144,2025-03-31,149131378688.0,large_cap,2025-03-31,100.79293823242188,90,-0.11661688037028162,2025-07-01,-0.08415539258861393,2025-09-30,0.26430452742429633,2026-04-01
CROX,2024-12-31,,4102108000.0,2410258000.0,1045993000.0,950071000.0,1089689000.0,,1338032000.0,992486000.0,-69347000.0,923139000.0,4812153000.0,1701296000.0,1835732000.0,180485000.0,872269000.0,740208000.0,3962347000.0,0.11458895044564188,0.035272276759203525,-0.07931667368643835,0.5875657101178223,0.2549891421678805,0.23160555499757685,0.2656412264133465,0.2419453607754842,0.2250401500886861,0.016905210686798105,0.0,0.3261815632352927,0.3535415436707852,0.9267670880063102,0.03750608095794128,1.1784106629487927,0.8524475427111315,2025-03-31,4717535232.0,low_cap,2025-03-31,106.19999694824219,90,0.008757065272130271,2025-07-01,-0.21327678481500445,2025-09-30,-0.21318267457843998,2026-04-01
CSX,2024-12-31,,14540000000.0,5353000000.0,5403000000.0,3470000000.0,7045000000.0,,-50000000.0,5247000000.0,-2529000000.0,2718000000.0,42764000000.0,18989000000.0,12502000000.0,933000000.0,2820000000.0,3276000000.0,14657000000.0,-0.013195987342624393,-0.007982533942825998,0.005213453399798396,0.36815680880330126,0.371595598349381,0.23865199449793673,0.484525447042641,0.3608665749656121,0.18693259972489684,0.17393397524071527,0.0,-0.0034387895460797797,0.4440417173323356,1.5188769796832506,0.02181741651856702,0.8608058608058609,0.3400056121971752,2025-03-31,84842618880.0,large_cap,2025-03-31,28.98859977722168,90,0.14199998355087295,2025-07-01,0.21644675828830384,2025-09-30,0.42952743303149177,2026-04-01
CVX,2024-12-31,,193414000000.0,56926000000.0,18917000000.0,17661000000.0,45811000000.0,,4834000000.0,31492000000.0,-16448000000.0,15044000000.0,256938000000.0,24541000000.0,152318000000.0,6781000000.0,40911000000.0,38558000000.0,196913000000.0,-0.16462113466572204,-0.017769268661794846,0.1468518660039272,0.29432202425884374,0.09780574312097366,0.09131190089652248,0.2368546227263797,0.1628217192137074,0.0777813395100665,0.0850403797036409,0.0,0.024993020153660023,0.09551331449610412,0.16111687390853346,0.026391580848298034,1.0610249494268376,0.752765258544863,2025-03-31,380594323456.0,large_cap,2025-03-31,160.0858154296875,90,-0.11923536494327158,2025-07-01,-0.04996566706547012,2025-09-30,0.23315112667689974,2026-04-01
DDOG,2024-12-31,,2684275000.0,2168744000.0,54284000.0,183746000.0,265941000.0,1152703000.0,961757000.0,870603000.0,-95500000.0,775103000.0,5785339000.0,1842180000.0,2714363000.0,1246983000.0,4911115000.0,1862713000.0,2128359000.0,0.2705862336576921,0.2611946574802466,-0.00939157617744546,0.8079440444812845,0.020222965232697843,0.06845274794870124,0.09907367911260954,0.32433450373005746,0.2887569269169515,0.03557757681310596,0.42942805785547306,0.3582930213931136,0.31842213567778826,0.6786785702575522,0.21554190687874988,2.6365387475150492,0.463978861048592,2025-03-31,74032603136.0,large_cap,2025-03-31,99.20999908447266,90,0.3338373455520538,2025-07-01,0.4353391312425823,2025-09-30,0.19614957427732027,2026-04-01
DHR,2024-12-31,,23875000000.0,14206000000.0,4863000000.0,3899000000.0,7276000000.0,1584000000.0,7759000000.0,6688000000.0,-1392000000.0,5296000000.0,77542000000.0,17146000000.0,49543000000.0,2078000000.0,9497000000.0,6798000000.0,23890000000.0,-0.10332920466914386,-0.0006278777731267837,0.10270132689601708,0.5950157068062827,0.20368586387434556,0.1633089005235602,0.3047539267015707,0.2801256544502618,0.2218219895287958,0.05830366492146597,0.06634554973821989,0.3249842931937173,0.22111887751154213,0.3460832004521325,0.026798380232648113,1.3970285378052367,0.30789765546413556,2025-03-31,114595143680.0,large_cap,2025-03-31,203.59698486328125,90,-0.017463702880296528,2025-07-01,-0.02962819566194297,2025-09-30,-0.06290364066908227,2026-04-01
DPZ,2024-12-31,,4706416000.0,1848502000.0,879157000.0,584170000.0,1005817000.0,,969345000.0,624897000.0,-112885000.0,512012000.0,1737013000.0,5197241000.0,-3962291000.0,186126000.0,905278000.0,1612462000.0,4479358000.0,-0.012739252192672135,0.05068985332273068,0.06342910551540282,0.39276213577380326,0.1867996794163542,0.12412204955957995,0.21371187757308321,0.13277555575197772,0.10879021318982428,0.023985342562153452,0.0,0.20596245635744906,2.9920564785640638,1.3116757451686412,0.10715291134838945,0.5614259436811534,2.7094880694617713,2025-03-31,10054730752.0,mid_cap,2025-03-31,451.7962951660156,90,-0.0003221326328597396,2025-07-01,-0.05309264552083326,2025-09-30,-0.19977208221224674,2026-04-01
DUK,2024-12-31,,30357000000.0,15197000000.0,7938000000.0,4524000000.0,14997000000.0,,,12328000000.0,-12280000000.0,48000000.0,186343000000.0,85230000000.0,50127000000.0,314000000.0,12950000000.0,19357000000.0,29060000000.0,0.01015016685205783,0.044631796283551184,0.034481629431493355,0.5006094146325395,0.2614882893566558,0.14902658365451132,0.4940211483348157,0.4061007345916922,0.001581183911453701,0.4045195506802385,0.0,0.0,0.4573823540460334,1.7002812855347418,0.001685064638864889,0.6690086273699437,0.16290925873255233,2025-03-31,94292164608.0,large_cap,2025-03-31,116.78955841064453,90,-0.01655197489966087,2025-07-01,0.03267247157845454,2025-09-30,0.11121692471198252,2026-04-01
DUOL,2024-12-31,,748024000.0,544379000.0,62595000.0,88574000.0,73449000.0,235298000.0,246486000.0,285513000.0,-21140000.0,264373000.0,1301728000.0,54656000.0,824550000.0,785791000.0,1101588000.0,422231000.0,531109000.0,0.4373915749874828,0.4084189874394899,-0.028972587547992923,0.7277560613028459,0.08368047014534293,0.11841063923082681,0.09819069976364395,0.38168962493182035,0.353428499620333,0.02826112531148733,0.31455942590077324,0.3295161652567297,0.04198726615698518,0.06628585288945485,0.6036522222768504,2.608969971413752,0.5746392487524276,2025-03-31,5221224448.0,low_cap,2025-03-31,310.5400085449219,90,0.297932589901015,2025-07-01,0.0363881866491742,2025-09-30,-0.6902492439150827,2026-04-01
DXCM,2024-12-31,,4033000000.0,2438200000.0,600000000.0,576200000.0,945700000.0,552400000.0,1285800000.0,989500000.0,-358800000.0,630700000.0,6484500000.0,2587400000.0,2102600000.0,606100000.0,4301400000.0,2932000000.0,3622300000.0,0.2448621898412262,0.11338100102145043,-0.13148118881977577,0.6045623605256633,0.14877262583684603,0.14287131167865114,0.23449045375650882,0.24535085544259858,0.15638482519216465,0.08896603025043393,0.13696999752045624,0.31881973716836104,0.3990130310740998,1.2305716731665557,0.09346904156064462,1.4670532060027286,0.6219446372118128,2025-03-31,23781353472.0,mid_cap,2025-03-31,68.29000091552734,90,0.22389809211513434,2025-07-01,-0.014643432224242803,2025-09-30,-0.08668914781485271,2026-04-01
ECL,2024-12-31,,15741400000.0,6841700000.0,2613500000.0,2112400000.0,3846900000.0,,4228200000.0,2813900000.0,-994500000.0,1819400000.0,22387800000.0,8282700000.0,8757300000.0,1256800000.0,6025700000.0,4792800000.0,15320200000.0,0.07981505236893671,0.02749311366692342,-0.05232193870201329,0.4346309731027736,0.16602716403877674,0.13419390905510312,0.24438105886388758,0.17875792496220158,0.11558057097843902,0.06317735398376256,0.0,0.26860380906399683,0.3699648915927425,0.9458052139358021,0.056137717864193894,1.2572400267067267,0.7031240229053324,2025-03-31,69689556992.0,large_cap,2025-03-31,250.91552734375,90,0.07793237655071761,2025-07-01,0.08548236438822676,2025-09-30,0.07422610070542457,2026-04-01
ELV,2024-12-31,,176810000000.0,,,5980000000.0,,,,5808000000.0,-1256000000.0,4552000000.0,116889000000.0,31232000000.0,41315000000.0,8288000000.0,,,171340000000.0,0.09416009451131901,0.03192482782771089,-0.062235266683608126,,,0.03382161642441038,,0.032848820768056106,0.02574515016118998,0.007103670606866127,0.0,0.0,0.26719366236343883,0.7559482028319012,0.07090487556570764,,1.5126316419851311,2025-03-31,85275320320.0,large_cap,2025-03-31,425.8670959472656,90,-0.08611215356307533,2025-07-01,-0.24978077456143621,2025-09-30,-0.2990770997791228,2026-04-01
ENPH,2024-12-31,,1330383000.0,629138000.0,90446000.0,102658000.0,210453000.0,201315000.0,337377000.0,513693000.0,-33604000.0,480089000.0,3249676000.0,1308195000.0,833016000.0,369110000.0,2327084000.0,660091000.0,2290786000.0,-0.01718984423299108,-0.41924605790326985,-0.4020562136702788,0.4728999092742466,0.0679849336619605,0.07716424518352985,0.15818978444553186,0.386124146204514,0.36086525459209867,0.02525889161241537,0.15132108573245448,0.2535938898798316,0.40256167076348537,1.5704320205134115,0.11358363110660878,3.5253987707755448,0.4093894283614736,2025-03-31,6970807808.0,low_cap,2025-03-31,62.04999923706055,90,-0.3406929838771403,2025-07-01,-0.4296535080614299,2025-09-30,-0.38307817485945406,2026-04-01
EOG,2024-12-31,,23378000000.0,15976000000.0,8253000000.0,6403000000.0,12464000000.0,,6386000000.0,12143000000.0,-6372000000.0,5771000000.0,47186000000.0,5067000000.0,29351000000.0,7092000000.0,11230000000.0,5354000000.0,23182000000.0,-0.21395632713956325,0.008454835648347814,0.22241116278791107,0.6833775344340833,0.35302421079647534,0.2738899820343913,0.5331508255624946,0.5194199674908033,0.2468560184789118,0.2725639490118915,0.0,0.27316280263495596,0.10738354596702411,0.17263466321420054,0.15029881744585258,2.0974971983563693,0.4954435637689145,2025-03-31,74706477056.0,large_cap,2025-03-31,122.70361328125,90,-0.04632379714043544,2025-07-01,-0.11039701031050908,2025-09-30,0.13556668006382888,2026-04-01
EQIX,2024-12-31,,8748000000.0,4281000000.0,1624000000.0,815000000.0,3443000000.0,,2657000000.0,3249000000.0,-3066000000.0,183000000.0,35085000000.0,18961000000.0,13528000000.0,3081000000.0,5447000000.0,3349000000.0,8188000000.0,0.12735784111248805,0.06839276990718135,-0.058965071205306696,0.4893689986282579,0.18564243255601282,0.09316415180612711,0.39357567443987196,0.3713991769547325,0.02091906721536351,0.350480109739369,0.0,0.3037265660722451,0.5404303833547099,1.4016114725014783,0.08781530568619068,1.626455658405494,0.2493373236425823,2025-03-31,104486469632.0,large_cap,2025-03-31,796.87158203125,90,-0.019240967945328147,2025-07-01,-0.028318595729270868,2025-09-30,0.2498625913223893,2026-04-01
ETN,2024-12-31,,24878000000.0,9503000000.0,4632000000.0,3794000000.0,5617000000.0,794000000.0,4077000000.0,4327000000.0,-808000000.0,3519000000.0,38381000000.0,9821000000.0,18488000000.0,555000000.0,11801000000.0,7857000000.0,23196000000.0,0.11777178103315333,0.07251250215554417,-0.045259278877609166,0.38198408232173003,0.18618860036980464,0.15250422059651098,0.2257818152584613,0.17392877240935767,0.141450277353485,0.03247849505587266,0.031915748854409516,0.16387973309751588,0.2558818165238008,0.5312094331458244,0.014460279825955552,1.501972763141148,0.6481853000182382,2025-03-31,155102560256.0,large_cap,2025-03-31,267.7791748046875,90,0.31065846054538393,2025-07-01,0.38559713572876575,2025-09-30,0.3613924665180861,2026-04-01
EXC,2024-12-31,,23028000000.0,9405000000.0,4307000000.0,2460000000.0,8175000000.0,,,5569000000.0,-7097000000.0,-1528000000.0,107784000000.0,46649000000.0,26921000000.0,357000000.0,8384000000.0,9611000000.0,21727000000.0,0.13885103260299814,0.05987941271229347,-0.07897161989070467,0.4084158415841584,0.18703317700191072,0.1068264721208963,0.35500260552371027,0.24183602570783394,-0.06635400382143478,0.3081900295292687,0.0,0.0,0.4328007867587026,1.7328108168344416,0.003312179915386328,0.8723337842055977,0.21364952126475173,2025-03-31,44386770944.0,mid_cap,2025-03-31,44.49633026123047,90,-0.04953342833427321,2025-07-01,-0.005725689844164106,2025-09-30,0.09851758068921579,2026-04-01
FCX,2024-12-31,,25455000000.0,7660000000.0,6864000000.0,1889000000.0,9467000000.0,,513000000.0,7160000000.0,-4808000000.0,2352000000.0,54848000000.0,9738000000.0,17581000000.0,3923000000.0,13296000000.0,5496000000.0,22855000000.0,0.0032923617208078237,0.1137606650623495,0.11046830334154167,0.3009231978000393,0.2696523276370065,0.07420938911805146,0.3719112158711452,0.2812806914162247,0.09239835002946375,0.18888234138676094,0.0,0.020153211549793753,0.17754521586931155,0.5538934076559923,0.07152494165694283,2.4192139737991267,0.4641007876312719,2025-03-31,90580639744.0,large_cap,2025-03-31,37.258480072021484,90,0.16869123823715304,2025-07-01,0.04397841444434758,2025-09-30,0.6389701453463044,2026-04-01
GD,2024-12-31,,47716000000.0,7364000000.0,4796000000.0,3782000000.0,5819000000.0,,2568000000.0,4112000000.0,-916000000.0,3196000000.0,55880000000.0,10676000000.0,22063000000.0,1697000000.0,24386000000.0,17824000000.0,42272000000.0,0.07270281929606415,0.12878501135503417,0.056082192058970026,0.1543297845586386,0.10051135887333389,0.0792606253667533,0.12195070835778356,0.08617654455528544,0.06697962947439014,0.019196915080895296,0.0,0.05381842568530472,0.1910522548317824,0.4838870507183973,0.030368647100930565,1.3681552962298025,0.8539012168933429,2025-03-31,90458890240.0,large_cap,2025-03-31,266.183349609375,90,0.08596945116285903,2025-07-01,0.26440366160469675,2025-09-30,0.31078582978610214,2026-04-01
GE,2024-12-31,,38702000000.0,11965000000.0,6761000000.0,6556000000.0,9790000000.0,1286000000.0,3918000000.0,4710000000.0,-1032000000.0,3678000000.0,123140000000.0,19273000000.0,19342000000.0,13619000000.0,37635000000.0,34392000000.0,35348000000.0,0.21308212361440004,0.09488514201652154,-0.1181969815978785,0.3091571495013178,0.1746938142731642,0.16939693039119424,0.25295850343651494,0.12169913699550411,0.09503384837992869,0.026665288615575423,0.03322825693762596,0.10123507829052762,0.15651291213253207,0.9964326336469859,0.11059769368198798,1.094295184926727,0.31429267500406044,2025-03-31,294150897664.0,large_cap,2025-03-31,199.09617614746094,90,0.24416692654112326,2025-07-01,0.5070068770100353,2025-09-30,0.47004326421119846,2026-04-01
GILD,2024-12-31,,28754000000.0,22503000000.0,10596000000.0,480000000.0,4434000000.0,5907000000.0,6000000000.0,10828000000.0,-523000000.0,10305000000.0,58995000000.0,26711000000.0,19330000000.0,9991000000.0,19173000000.0,12004000000.0,27116000000.0,-0.006048165389831772,0.06040713969612033,0.0664553050859521,0.7826041594212979,0.36850525144327745,0.01669332962370453,0.1542046323989706,0.3765736940947346,0.35838492035890657,0.01818877373582806,0.20543228768171384,0.2086666202963066,0.4527671836596322,1.3818416968442835,0.16935333502839223,1.5972175941352882,0.48739723705398763,2025-03-31,160882638848.0,large_cap,2025-03-31,109.14784240722656,90,0.004224314644547089,2025-07-01,0.0045912877372411565,2025-09-30,0.28541251899697384,2026-04-01
GOOGL,2024-12-31,,350018000000.0,203712000000.0,112390000000.0,100118000000.0,135394000000.0,49326000000.0,41996000000.0,125299000000.0,-52535000000.0,72764000000.0,450256000000.0,22574000000.0,325084000000.0,23466000000.0,163711000000.0,89122000000.0,307394000000.0,0.0868277022726951,0.1386624332290156,0.05183473095632052,0.5820043540617911,0.32109777211457696,0.28603671811164,0.3868201063945283,0.3579787325223274,0.20788645155392008,0.15009228096840735,0.14092418104211785,0.1199824009050963,0.050135922675100385,0.06944051383642381,0.052117017874275966,1.8369313974102914,0.7773755374720159,2025-03-31,4807165739008.0,large_cap,2025-03-31,154.1056365966797,90,0.1384691885225231,2025-07-01,0.5753492733824468,2025-09-30,0.9297802547401759,2026-04-01
GS,2024-12-31,,53512000000.0,,,14276000000.0,,,17352000000.0,-13212000000.0,-2091000000.0,-15303000000.0,1675972000000.0,342555000000.0,121996000000.0,182092000000.0,,,46254000000.0,-0.02345613849889161,0.1569161586024992,0.1803722971013908,,,0.26678128270294516,,-0.24689789206159365,-0.28597323964718196,0.03907534758558828,0.0,0.324263716549559,0.2043918394818052,2.8079199318010426,0.10864859317458764,,0.031928934373605285,2025-03-31,279805689856.0,large_cap,2025-03-31,535.2022094726562,90,0.29964203576038684,2025-07-01,0.47285081470535206,2025-09-30,0.6072617166887926,2026-04-01
HCA,2024-12-31,,70603000000.0,28678000000.0,10547000000.0,5760000000.0,13896000000.0,,31170000000.0,10514000000.0,-4875000000.0,5639000000.0,59513000000.0,45237000000.0,-2499000000.0,1933000000.0,16414000000.0,15177000000.0,64968000000.0,0.07861139242607873,0.0867350080039404,0.008123615577861676,0.40618670594733935,0.1493845870572072,0.08158293556931008,0.19681883206096057,0.1489171848221747,0.0798691273741909,0.0690480574479838,0.0,0.4414826565443395,0.760119637726211,18.102040816326532,0.03248029842219347,1.0815049087434934,1.1863458404046174,2025-03-31,93838237696.0,large_cap,2025-03-31,343.241943359375,90,0.12946638462102023,2025-07-01,0.23800428758698056,2025-09-30,0.38313515928015773,2026-04-01
HON,2024-12-31,,34717000000.0,13357000000.0,6668000000.0,5705000000.0,8444000000.0,1454000000.0,5235000000.0,6097000000.0,-871000000.0,5226000000.0,75196000000.0,32077000000.0,18619000000.0,9906000000.0,27908000000.0,21256000000.0,33009000000.0,-0.06927761800033838,0.051743463903783926,0.12102108190412231,0.38473946481550825,0.19206728691995276,0.16432871503874183,0.24322378085664084,0.1756200132499928,0.15053143992856527,0.025088573321427544,0.04188149897744621,0.1507906789181093,0.4265785414117772,1.7228100327622322,0.13173573062396937,1.3129469326307865,0.46168679185063033,2025-03-31,135120191488.0,large_cap,2025-03-31,194.3189697265625,90,0.13336481640042686,2025-07-01,0.004377423656964918,2025-09-30,0.16793905058293412,2026-04-01
IBM,2024-12-31,,62753000000.0,35551000000.0,10074000000.0,6023000000.0,12176000000.0,7479000000.0,17910000000.0,13445000000.0,-1685000000.0,11760000000.0,137175000000.0,58396000000.0,27307000000.0,13947000000.0,34482000000.0,33142000000.0,61860000000.0,0.02197257558235588,0.014435822825735523,-0.007536752756620357,0.566522716045448,0.16053415772951093,0.0959794750848565,0.1940305642758115,0.21425270504995778,0.18740139913629628,0.0268513059136615,0.11918155307315985,0.28540468184787976,0.4257043921997449,2.138499285897389,0.10167304537998907,1.0404320801400035,0.4574667395662475,2025-03-31,206116847616.0,large_cap,2025-03-31,240.85592651367188,90,0.17886978646583462,2025-07-01,0.14999606581903757,2025-09-30,0.0021076693468511376,2026-04-01
ICE,2024-12-31,,11761000000.0,6522000000.0,4413000000.0,2754000000.0,6075000000.0,,572000000.0,4609000000.0,-752000000.0,3857000000.0,139428000000.0,20703000000.0,27647000000.0,844000000.0,89095000000.0,89553000000.0,9903000000.0,0.027708592777085927,0.18761991315762905,0.15991132038054312,0.554544681574696,0.37522319530652154,0.23416376158489924,0.5165377093784542,0.39188844486013097,0.32794830371567046,0.0639401411444605,0.0,0.04863532012583964,0.1484852396936053,0.7488335081564004,0.0060533034971454805,0.9948857101381305,0.08435178013024644,2025-03-31,87292510208.0,large_cap,2025-03-31,170.49717712402344,90,0.05709441176304764,2025-07-01,-0.017942395640907938,2025-09-30,-0.07282921337715886,2026-04-01
INTC,2024-12-31,,53101000000.0,17345000000.0,-4708000000.0,-18756000000.0,1203000000.0,16546000000.0,5507000000.0,8288000000.0,-23944000000.0,-15656000000.0,196485000000.0,50011000000.0,99270000000.0,8249000000.0,47324000000.0,35666000000.0,54228000000.0,-0.13997525930155108,-0.02078262152393595,0.11919263777761513,0.32664168283083184,-0.0886612304853016,-0.35321368712453627,0.02265494058492307,0.1560799231652888,-0.2948343722340446,0.45091429539933336,0.31159488521873413,0.10370802809739929,0.25452833549634835,0.5037876498438602,0.04198284856350357,1.3268659227275277,0.2702547268239306,2025-03-31,546677981184.0,large_cap,2025-03-31,22.709999084472656,90,0.006164742520522237,2025-07-01,0.4773227912633182,2025-09-30,1.1149273762910927,2026-04-01
ISRG,2024-12-31,,8352100000.0,5634200000.0,2348900000.0,2322600000.0,2848600000.0,1145300000.0,2140000000.0,2415000000.0,-1111200000.0,1303800000.0,18743200000.0,,16433700000.0,2027400000.0,7111000000.0,1745300000.0,7124100000.0,0.1449487319597571,0.17237265058042417,0.027423918620667065,0.6745848349516887,0.28123465954670085,0.27808575088899795,0.341063924043055,0.2891488368194825,0.15610445277235666,0.13304438404712587,0.1371271895690904,0.25622298583589753,,,0.10816722864825644,4.074371168280525,0.44560694011694907,2025-03-31,149145059328.0,large_cap,2025-03-31,495.2699890136719,90,0.08625598596389783,2025-07-01,-0.09699755505681895,2025-09-30,-0.06222863789509736,2026-04-01
ITW,2024-12-31,,15898000000.0,7040000000.0,4264000000.0,3488000000.0,5107000000.0,,2675000000.0,3281000000.0,-437000000.0,2844000000.0,15067000000.0,8078000000.0,3316000000.0,948000000.0,5856000000.0,4308000000.0,16107000000.0,0.010984182776801354,-0.012975724840131653,-0.023959907616933007,0.44282299660334634,0.2682098377154359,0.2193986664989307,0.3212353755189332,0.20637816077494026,0.1788904264687382,0.02748773430620204,0.0,0.16826015851050447,0.536138581004845,2.436067551266586,0.06291896196986792,1.3593314763231197,1.055153647043207,2025-03-31,71257530368.0,large_cap,2025-03-31,241.88961791992188,90,0.03521026807291583,2025-07-01,0.06436179883044146,2025-09-30,0.07710289836074846,2026-04-01
JNJ,2024-12-31,,88821000000.0,61350000000.0,21249000000.0,14066000000.0,24781000000.0,17232000000.0,22869000000.0,24266000000.0,-6207000000.0,18059000000.0,180104000000.0,36634000000.0,71490000000.0,24105000000.0,55893000000.0,50321000000.0,85159000000.0,0.06462057757219641,0.04300191406662823,-0.02161866350556818,0.6907150336069173,0.23923396494072346,0.1583634500850024,0.2789993357426735,0.273201157383952,0.20331903491291473,0.06988212247103726,0.194008173742696,0.25747289492349784,0.20340469950695153,0.512435305637152,0.1338393372717985,1.1107291190556627,0.49316506018744727,2025-03-31,545740161024.0,large_cap,2025-03-31,161.34461975097656,90,-0.05175649319299125,2025-07-01,0.13592785846559075,2025-09-30,0.513034618036651,2026-04-01
JPM,2024-12-31,,169439000000.0,,,58471000000.0,,,56331000000.0,-42012000000.0,,-42012000000.0,4002814000000.0,454311000000.0,344758000000.0,469317000000.0,,,154952000000.0,0.21314992131655797,0.09349346894522181,-0.11965645237133615,,,0.34508584210246757,,-0.24794763897331784,-0.24794763897331784,,0.0,0.33245592809211577,0.11349790422437815,1.3177678255471954,0.11724676689948621,,0.04232997086549612,2025-03-31,797985275904.0,large_cap,2025-03-31,239.1473846435547,90,0.19118945395907527,2025-07-01,0.30004837053938727,2025-09-30,0.22884905488585505,2026-04-01
KKR,2024-12-31,,21640288000.0,3841876000.0,926197000.0,3076245000.0,9166347000.0,,2915679000.0,6649878000.0,-141536000.0,6508342000.0,360099411000.0,50816440000.0,23651568000.0,14878493000.0,218748787000.0,53074454000.0,14322870000.0,1.5737153408698852,0.5108904849377254,-1.0628248559321598,0.17753349678155855,0.042799661446280196,0.14215360719783396,0.4235778655071504,0.3072915665447706,0.30075117299732795,0.006540393547442622,0.0,0.13473383533527836,0.14111780927072942,2.1485442318242916,0.041317737673278225,4.121545687497793,0.06009531629031185,2025-03-31,90418855936.0,large_cap,2025-03-31,114.66703033447266,90,0.14745978229547396,2025-07-01,0.12726328653180374,2025-09-30,-0.20481871917465466,2026-04-01
KMB,2024-12-31,,16805000000.0,6289000000.0,2797000000.0,2545000000.0,3469000000.0,,3930000000.0,3234000000.0,-721000000.0,2513000000.0,16546000000.0,7534000000.0,840000000.0,1010000000.0,5580000000.0,7004000000.0,17146000000.0,-0.15013630731102845,-0.019888020529569617,0.13024828678145883,0.3742338589705445,0.16643855995239512,0.15144302290984826,0.20642665873252009,0.1924427253793514,0.1495388277298423,0.042903897649509075,0.0,0.23385897054448082,0.4553366372537169,8.969047619047618,0.061041943672186634,0.7966876070816676,1.0156533301099964,2025-03-31,31836399616.0,mid_cap,2025-03-31,136.1641082763672,90,-0.06590385482354699,2025-07-01,-0.10880910739337524,2025-09-30,-0.28343819138601456,2026-04-01
KO,2024-12-31,,47061000000.0,28737000000.0,14022000000.0,10631000000.0,15817000000.0,,14582000000.0,6805000000.0,-2064000000.0,4741000000.0,100549000000.0,44522000000.0,24856000000.0,10828000000.0,25997000000.0,25249000000.0,45754000000.0,0.06394753976374301,0.028565808453905772,-0.03538173130983724,0.6106330082233696,0.29795371964046663,0.22589830220352308,0.33609570557361723,0.144599562270245,0.10074159070143006,0.04385797156881494,0.0,0.30985316929092027,0.4427890879073884,1.7911972964274219,0.1076887885508558,1.0296249356410154,0.46804045788620474,2025-03-31,347726643200.0,large_cap,2025-03-31,69.60231018066406,90,0.007813292989498732,2025-07-01,-0.06026561250056728,2025-09-30,0.09306719322356871,2026-04-01
LIN,2024-12-31,,33005000000.0,15862000000.0,8595000000.0,6565000000.0,12836000000.0,150000000.0,3337000000.0,9423000000.0,-4497000000.0,4926000000.0,80147000000.0,22609000000.0,38092000000.0,4850000000.0,12945000000.0,14544000000.0,32854000000.0,-0.015285936938017053,0.004596091800085134,0.019882028738102187,0.48059384941675504,0.26041508862293594,0.19890925617330707,0.3889107710952886,0.2855021966368732,0.1492501136191486,0.1362520830177246,0.004544765944553855,0.1011058930465081,0.28209415199570786,0.5935367006195527,0.06051380588169239,0.8900577557755776,0.41180580682995,2025-03-31,233998581760.0,large_cap,2025-03-31,459.4429016113281,90,0.0271250296827803,2025-07-01,0.026618819962105578,2025-09-30,0.07484517627835219,2026-04-01
LLY,2024-12-31,,45043000000.0,36625000000.0,17040000000.0,10590000000.0,18807000000.0,10991000000.0,8594000000.0,8818000000.0,-8404000000.0,414000000.0,78715000000.0,33644000000.0,14272000000.0,3268000000.0,32740000000.0,28376000000.0,34124000000.0,0.19559657199716907,0.3199800726761224,0.12438350067895332,0.8131119152809537,0.3783051750549475,0.23510867393379659,0.41753435605976513,0.19576848788935017,0.009191217281264569,0.1865772706080856,0.24401127811202628,0.19079546211397996,0.4274153592072667,2.3573430493273544,0.041516864638251924,1.1537919368480405,0.572228927142222,2025-03-31,896128712704.0,large_cap,2025-03-31,818.430908203125,90,-0.05862561834541313,2025-07-01,-0.07224353599163313,2025-09-30,0.16427628790204207,2026-04-01
LMT,2024-12-31,,71043000000.0,6930000000.0,7013000000.0,5336000000.0,8815000000.0,,,6972000000.0,-1685000000.0,5287000000.0,55617000000.0,20270000000.0,6333000000.0,2483000000.0,21849000000.0,19420000000.0,67571000000.0,0.024051285160038738,0.05138298974412092,0.027331704584082184,0.09754655631096659,0.09871486282955393,0.07510944076122912,0.12407978266683557,0.09813774756133609,0.07441971763579804,0.023718029925538054,0.0,0.0,0.36445691065681357,3.200694773409127,0.044644623046910116,1.1250772399588054,1.277361238470252,2025-03-31,118973136896.0,large_cap,2025-03-31,434.83038330078125,90,0.05023285923971632,2025-07-01,0.13343278692344374,2025-09-30,0.4204159561251335,2026-04-01
MA,2024-12-31,,28167000000.0,21494000000.0,16327000000.0,12874000000.0,16797000000.0,,4270000000.0,14780000000.0,-1194000000.0,13586000000.0,48081000000.0,18226000000.0,6485000000.0,8442000000.0,19724000000.0,19220000000.0,25098000000.0,0.1286594414714215,0.12228065981353087,-0.006378781657890631,0.7630915610466148,0.5796499449710655,0.4570596797671033,0.5963361380338694,0.5247275180175383,0.4823374871303298,0.042390030887208434,0.0,0.15159583910249583,0.37906865497805786,2.810485736314572,0.17557871092531355,1.026222684703434,0.5858239221314032,2025-03-31,436667154432.0,large_cap,2025-03-31,544.0384521484375,90,0.031718424336227846,2025-07-01,0.040799566860521885,2025-09-30,-0.09784584686239761,2026-04-01
MCD,2024-12-31,,25920000000.0,14710000000.0,11851000000.0,8223000000.0,13948000000.0,,2412000000.0,9447000000.0,-2775000000.0,6672000000.0,55182000000.0,51948000000.0,-3796000000.0,1085000000.0,4599000000.0,3861000000.0,25495000000.0,0.09977568803381942,0.016669935281427684,-0.08310575275239174,0.5675154320987654,0.4572145061728395,0.31724537037037037,0.5381172839506173,0.3644675925925926,0.2574074074074074,0.10706018518518519,0.0,0.09305555555555556,0.9413939328041753,13.684931506849315,0.019662208691239896,1.191142191142191,0.46971838643035774,2025-03-31,196376723456.0,large_cap,2025-03-31,305.30706787109375,90,-0.04223443074789224,2025-07-01,-0.01607518445564715,2025-09-30,0.006494905891485381,2026-04-01
MDLZ,2024-12-31,,36441000000.0,14257000000.0,6665000000.0,4611000000.0,8071000000.0,,7439000000.0,4910000000.0,-1387000000.0,3523000000.0,68497000000.0,18372000000.0,26932000000.0,1351000000.0,13242000000.0,19549000000.0,36016000000.0,0.143510287020574,0.011800310972901018,-0.13170997604767298,0.3912351472242803,0.1828983836887023,0.12653330040339178,0.22148129853736176,0.13473834417277242,0.09667682006531104,0.03806152410746137,0.0,0.20413819598803545,0.26821612625370456,0.6821624832912521,0.019723491539775463,0.6773748017801422,0.5320087011109975,2025-03-31,77583794176.0,large_cap,2025-03-31,65.66332244873047,90,0.0234565868633958,2025-07-01,-0.06540224894247137,2025-09-30,-0.13086944786590515,2026-04-01
META,2024-12-31,,164501000000.0,134340000000.0,69380000000.0,62360000000.0,86876000000.0,43873000000.0,21087000000.0,91328000000.0,-37256000000.0,54072000000.0,276054000000.0,49060000000.0,182637000000.0,43889000000.0,100045000000.0,33596000000.0,134902000000.0,0.15687468377226454,0.21941112807816054,0.062536444305896,0.8166515705071702,0.42176035404040096,0.3790858414234564,0.5281183701010936,0.5551820353675662,0.3287031689776962,0.22647886638986997,0.2667035458751011,0.12818767059166813,0.1777188521086454,0.2686202686202686,0.15898700978794003,2.9778842719371355,0.5959015265129286,2025-03-31,1559175626752.0,large_cap,2025-03-31,574.5675048828125,90,0.24882602127066966,2025-07-01,0.27600997863330035,2025-09-30,0.008114756832425574,2026-04-01
MMM,2024-12-31,,24575000000.0,10128000000.0,4822000000.0,4173000000.0,7373000000.0,1085000000.0,4221000000.0,1819000000.0,-1181000000.0,638000000.0,39868000000.0,13044000000.0,3842000000.0,5600000000.0,15884000000.0,11256000000.0,24610000000.0,-0.05928672451358896,-0.001422186103210099,0.05786453841037886,0.4121261444557477,0.19621566632756868,0.16980671414038656,0.3000203458799593,0.07401831129196337,0.025961342828077313,0.04805696846388606,0.044150559511698884,0.17175991861648016,0.3271796929868566,3.3951067152524725,0.14046352964783787,1.4111584932480454,0.6164091501956457,2025-03-31,76263563264.0,large_cap,2025-03-31,144.20262145996094,90,0.05245330308155283,2025-07-01,0.06673387325044278,2025-09-30,0.007263242023168637,2026-04-01
MRK,2024-12-31,,64168000000.0,48975000000.0,20221000000.0,17117000000.0,25706000000.0,17938000000.0,10816000000.0,21468000000.0,-3372000000.0,18096000000.0,117106000000.0,37111000000.0,46313000000.0,13242000000.0,38782000000.0,28420000000.0,60115000000.0,0.014034377477523119,0.06742077684438152,0.053386399366858406,0.7632308939035033,0.3151259194614138,0.2667528986410672,0.40060466276025436,0.33455928188505174,0.2820097244732577,0.05254955741179404,0.2795474379753148,0.1685575364667747,0.3169009273649514,0.8013084878975666,0.11307704131299848,1.3646023926812103,0.5479480129113794,2025-03-31,275089031168.0,large_cap,2025-03-31,86.6136245727539,90,-0.07944403323250204,2025-07-01,-0.04625997820239047,2025-09-30,0.39516152261226734,2026-04-01
MRNA,2024-12-31,,3199000000.0,1735000000.0,-3945000000.0,-3561000000.0,-3394000000.0,4543000000.0,1174000000.0,-3004000000.0,-1051000000.0,-4055000000.0,14142000000.0,747000000.0,10901000000.0,1927000000.0,8099000000.0,2206000000.0,6754000000.0,-0.6421721854304636,-0.5263547527391176,0.11581743269134603,0.5423569865582994,-1.23319787433573,-1.1131603626133166,-1.060956548921538,-0.939043451078462,-1.267583619881213,0.3285401688027509,1.4201312910284465,0.3669896842763364,0.05282138311412813,0.06852582331896157,0.13626078348182719,3.671350861287398,0.22620562862395702,2025-03-31,19458398208.0,mid_cap,2025-03-31,28.350000381469727,90,0.011992950547193848,2025-07-01,-0.08888890383969117,2025-09-30,0.7647265645893162,2026-04-01
MS,2024-12-31,,57621000000.0,,,13390000000.0,,,27143000000.0,1362000000.0,-3462000000.0,-2100000000.0,1215071000000.0,310421000000.0,104511000000.0,75743000000.0,,,50667000000.0,0.009101772555267784,0.1372490970454141,0.12814732449014632,,,0.23238055570017876,,0.02363721559847972,-0.036445046076951114,0.060082261675430834,0.0,0.4710608979365162,0.2554756059522448,2.9702232300906126,0.062336274999567926,,0.04742192020054795,2025-03-31,303643099136.0,large_cap,2025-03-31,113.0135726928711,90,0.21883869582725612,2025-07-01,0.3829488659051916,2025-09-30,0.462494856684184,2026-04-01
NEE,2024-12-31,,24753000000.0,14867000000.0,7127000000.0,6946000000.0,14033000000.0,,,13260000000.0,-8514000000.0,4746000000.0,190144000000.0,82333000000.0,50101000000.0,1487000000.0,11951000000.0,25355000000.0,28114000000.0,0.34157281924031313,-0.11954897915629226,-0.4611217983966054,0.60061406698178,0.2879246959964449,0.28061245101603843,0.566921181270957,0.5356926433159617,0.19173433523209307,0.3439583080838686,0.0,0.0,0.4330034079434534,1.6433404522863815,0.007820388757993941,0.4713468743837507,0.13018028441602153,2025-03-31,194687483904.0,large_cap,2025-03-31,68.84262084960938,90,0.03894998969339514,2025-07-01,0.08180718004641307,2025-09-30,0.3487284087710316,2026-04-01
NEM,2024-12-31,,18682000000.0,7143000000.0,5910000000.0,3348000000.0,7528000000.0,197000000.0,442000000.0,6363000000.0,-3402000000.0,2961000000.0,56349000000.0,8972000000.0,29928000000.0,3619000000.0,12275000000.0,7543000000.0,11812000000.0,-0.008644565673520788,0.5816119200812733,0.5902564857547941,0.3823466438282839,0.31634728615779895,0.17920993469649932,0.4029547157691896,0.3405952253506049,0.1584948078364201,0.18210041751418476,0.010544909538593298,0.02365913713735146,0.15922199151715202,0.29978615343491044,0.06422474223145043,1.6273366034734191,0.3315409324034144,2025-03-31,116427300864.0,large_cap,2025-03-31,47.660484313964844,90,0.2242215607443947,2025-07-01,0.7602820894339721,2025-09-30,1.3875124760783453,2026-04-01
NET,2024-12-31,,1669626000.0,1290924000.0,-154761000.0,-78800000.0,62047000.0,421374000.0,1024311000.0,380429000.0,-213514000.0,166915000.0,3301162000.0,1463213000.0,1046201000.0,147691000.0,2268997000.0,793654000.0,1296745000.0,0.32966620558405557,0.28755152323702804,-0.04211468234702753,0.773181538859601,-0.09269201605629045,-0.047196198430067574,0.03716221477145181,0.22785282452477382,0.0999714906212529,0.1278813339035209,0.25237628067603163,0.6134972742398597,0.44324180394661034,1.398596445616091,0.044739094900522906,2.8589246699443334,0.5057691806703215,2025-03-31,69830787072.0,large_cap,2025-03-31,112.69000244140625,90,0.6412280853788064,2025-07-01,0.9042505252359703,2025-09-30,0.822965553511241,2026-04-01
NFLX,2024-12-31,,39000966000.0,17962502000.0,10417614000.0,8711631000.0,26314821000.0,2925295000.0,4619593000.0,7361364000.0,-439538000.0,6921826000.0,53630374000.0,15582804000.0,24743567000.0,7804733000.0,13100379000.0,10755400000.0,33723297000.0,0.0666680478435453,0.15649919994477401,0.08983115210122872,0.46056556650417324,0.26711169154117875,0.22336962115246067,0.6747222876479521,0.18874824792801287,0.17747832194720511,0.011269925980807758,0.07500570626891652,0.11844816869407798,0.29055930133920005,0.6297719322359626,0.14552822249570738,1.2180280603231866,0.7272178635189082,2025-03-31,366423670784.0,large_cap,2025-03-31,93.25299835205078,90,0.3871940087329828,2025-07-01,0.2856637363915817,2025-09-30,0.024631966159793794,2026-04-01
NOC,2024-12-31,,41033000000.0,8362000000.0,4370000000.0,4174000000.0,7007000000.0,,3992000000.0,4388000000.0,-1767000000.0,2621000000.0,49359000000.0,16490000000.0,15290000000.0,4353000000.0,14274000000.0,14128000000.0,39290000000.0,0.07343860991202678,0.0443624331891066,-0.029076176722920177,0.2037871956717764,0.10649964662588648,0.10172300343625862,0.170764994029196,0.10693831793921965,0.06387541734701338,0.04306290059220627,0.0,0.09728754904588989,0.33408294333353594,1.078482668410726,0.08819060353734881,1.0103340883352208,0.8313174902246804,2025-03-31,76796076032.0,large_cap,2025-03-31,503.9123840332031,90,-0.011853537877839493,2025-07-01,0.20045256232043207,2025-09-30,0.38317696108471555,2026-04-01
NOW,2024-12-31,,10984000000.0,8697000000.0,1364000000.0,1425000000.0,2325000000.0,2543000000.0,4790000000.0,4267000000.0,-892000000.0,3375000000.0,20383000000.0,2278000000.0,9609000000.0,2304000000.0,9187000000.0,8358000000.0,8971000000.0,0.23823326432022074,0.22438970014491133,-0.013843564175309409,0.791788055353241,0.12418062636562273,0.12973415877640204,0.21167152221412963,0.3884741442097597,0.3072651128914785,0.08120903131828114,0.2315185724690459,0.4360888565185725,0.11175979983319433,0.2370694140909564,0.1130353726144336,1.0991864082316343,0.5388804395820046,2025-03-31,98046451712.0,large_cap,2025-03-31,159.22799682617188,90,0.2709951140211857,2025-07-01,0.1559273709685116,2025-09-30,-0.3465973133537119,2026-04-01
NSC,2024-12-31,,12123000000.0,4543000000.0,4877000000.0,2622000000.0,5489000000.0,,-61000000.0,4052000000.0,-2381000000.0,1671000000.0,43682000000.0,17478000000.0,14306000000.0,1641000000.0,3188000000.0,3545000000.0,12156000000.0,-0.046214201647704956,-0.002714708785784836,0.04349949286192012,0.37474222552173553,0.4022931617586406,0.21628309824300915,0.4527757155819517,0.3342406994968242,0.1378371690175699,0.19640353047925432,0.0,-0.005031757815722181,0.4001190421683989,1.2217251502865931,0.037566961219724374,0.8992947813822285,0.27752850144224167,2025-03-31,70960480256.0,large_cap,2025-03-31,231.1185302734375,90,0.11457434890929852,2025-07-01,0.2823509248025826,2025-09-30,0.23643773407918256,2026-04-01
NXPI,2024-12-31,,12614000000.0,7119000000.0,3472000000.0,2510000000.0,4422000000.0,2347000000.0,1164000000.0,2782000000.0,-876000000.0,1906000000.0,24385000000.0,10854000000.0,9183000000.0,3031000000.0,7305000000.0,3098000000.0,13276000000.0,0.005376751230594445,-0.049864416993070204,-0.05524116822366465,0.5643729189789123,0.27524972253052166,0.19898525447915016,0.35056286665609643,0.22054859679720945,0.15110195021404788,0.06944664658316156,0.18606310448707786,0.09227842080228318,0.44510969858519583,1.1819666775563542,0.12429772401066229,2.357972885732731,0.5172852163215091,2025-03-31,73595314176.0,large_cap,2025-03-31,186.50479125976562,90,0.1693219004713986,2025-07-01,0.20933555366873224,2025-09-30,0.0486593964154467,2026-04-01
O,2024-12-31,,5271142000.0,4893467000.0,2320928000.0,860772000.0,4327660000.0,,176895000.0,3573276000.0,,3573276000.0,68835039000.0,26757140000.0,38840738000.0,444962000.0,4019349000.0,2398472000.0,4078993000.0,0.21991093049845367,0.2922655174941462,0.07235458699569253,0.9283504409480906,0.44030838099220243,0.16329895874556216,0.8210099443346432,0.6778940882260429,0.6778940882260429,,0.0,0.03355914145359772,0.3887139513351623,0.6888937074264655,0.0064641788028913585,1.6757956732452994,0.07657643660229495,2025-03-31,56993943552.0,large_cap,2025-03-31,54.41383743286133,90,0.015238854645186262,2025-07-01,0.07783361507476627,2025-09-30,0.13234138102212234,2026-04-01
OPEN,2024-12-31,,5153000000.0,433000000.0,-303000000.0,-392000000.0,-205000000.0,141000000.0,595000000.0,-595000000.0,-25000000.0,-620000000.0,3126000000.0,2317000000.0,713000000.0,671000000.0,2997000000.0,529000000.0,6946000000.0,-0.5537997045031156,-0.2581341779441405,0.29566552655897504,0.0840287211333204,-0.05880069862216185,-0.07607219095672424,-0.03978265088298079,-0.11546671841645643,-0.12031826120706385,0.004851542790607413,0.02736270133902581,0.11546671841645643,0.7412028150991683,3.249649368863955,0.2146513115802943,5.665406427221172,1.648432501599488,2025-03-31,4225546496.0,low_cap,2025-03-31,1.0199999809265137,90,-0.4460784233519315,2025-07-01,6.813725430614348,2025-09-30,3.480392408939294,2026-04-01
ORLY,2024-12-31,,16708479000.0,8554489000.0,3251157000.0,2386680000.0,3729504000.0,,5303332000.0,3049576000.0,-1023387000.0,2026189000.0,14893741000.0,7920850000.0,-1370961000.0,130245000.0,5839895000.0,8283505000.0,15812250000.0,0.09732155621220473,0.0566794099511454,-0.04064214626105933,0.5119849029944616,0.19458126619424784,0.1428424454434183,0.2232102634835882,0.18251667312147324,0.12126711234457667,0.06124956077689657,0.0,0.31740363680021383,0.5318240729444671,5.777589588617036,0.008744948633120449,0.7050028943062145,1.1218456800074608,2025-03-31,73332998144.0,large_cap,2025-03-31,95.50533294677734,90,-0.05240893667756419,2025-07-01,0.12883746103134874,2025-09-30,-0.035655961479700404,2026-04-01
PEP,2024-12-31,,91854000000.0,50110000000.0,12920000000.0,9578000000.0,16680000000.0,,37190000000.0,12507000000.0,-5318000000.0,7189000000.0,99467000000.0,44948000000.0,18041000000.0,8505000000.0,25826000000.0,31536000000.0,91471000000.0,0.05879016575608853,0.0041871194148965785,-0.05460304634119195,0.5455396607659982,0.14065800074030527,0.10427417423302197,0.18159252727153963,0.13616173492716702,0.07826550830666057,0.057896226620506454,0.0,0.4048816600256929,0.4518885660570843,2.491436173161133,0.08550574562417686,0.8189370877727042,0.9234620527411102,2025-03-31,203838226432.0,large_cap,2025-03-31,144.16519165039062,90,-0.08800763335347872,2025-07-01,-0.043818222038291665,2025-09-30,0.07272769609684993,2026-04-01
PFE,2024-12-31,,63627000000.0,45776000000.0,14830000000.0,8031000000.0,18127000000.0,10930000000.0,14730000000.0,12744000000.0,-2909000000.0,9835000000.0,213396000000.0,63649000000.0,88203000000.0,1043000000.0,50358000000.0,42995000000.0,59554000000.0,-0.41137632814430447,0.06839171172381375,0.4797680398681182,0.719443003756267,0.23307715278105207,0.1262200009429959,0.28489477737438507,0.20029232872837002,0.15457274427522907,0.04571958445314096,0.1717824194131422,0.23150549295110567,0.29826707154773285,0.7216194460505878,0.004887626759639356,1.1712524712175834,0.2981639768318057,2025-03-31,144366927872.0,large_cap,2025-03-31,23.241491317749023,90,0.007012339113689592,2025-07-01,0.04238892397233207,2025-09-30,0.20845876177193134,2026-04-01
PGR,2024-12-31,,75343000000.0,,,8480000000.0,,,,15119000000.0,-285000000.0,14834000000.0,105745000000.0,6893000000.0,25591000000.0,143000000.0,,,62083000000.0,0.25200153265976977,0.21358503938276185,-0.03841649327700791,,,0.11255192917722948,,0.2006689407111477,0.1968862402612054,0.003782700449942264,0.0,0.0,0.0651851151354674,0.26935250674065103,0.0013523098018818857,,0.7124970447775308,2025-03-31,116709515264.0,large_cap,2025-03-31,265.6647644042969,90,-0.0657785834680309,2025-07-01,-0.12676681098865827,2025-09-30,-0.2725418632757527,2026-04-01
PLD,2024-12-31,,8201610000.0,6144369000.0,3098041000.0,3731635000.0,7532693000.0,,418765000.0,4912209000.0,,4912209000.0,95328909000.0,31494568000.0,53951138000.0,1318591000.0,2422879000.0,2642298000.0,8023469000.0,0.34313402833624496,0.02220249121670448,-0.3209315371195405,0.7491662002948202,0.3777357128661324,0.45498810599382317,0.9184407695562212,0.5989322828078877,0.5989322828078877,,0.0,0.05105887746430274,0.3303779339381719,0.5837609579245576,0.013832016057164779,0.9169590258176784,0.08603486692583463,2025-03-31,131021455360.0,large_cap,2025-03-31,108.03670501708984,90,-0.037504659941003826,2025-07-01,0.04342178752900572,2025-09-30,0.2341176252086159,2026-04-01
PNC,2024-12-31,,20809000000.0,,,5889000000.0,,,7664000000.0,7880000000.0,,7880000000.0,560038000000.0,61673000000.0,54425000000.0,46251000000.0,,,21509000000.0,0.018707966278298738,-0.032544516249012,-0.05125248252731074,,,0.28300254697486665,,0.3786823009274833,0.3786823009274833,,0.0,0.36830217694266904,0.11012288451855053,1.1331740927882408,0.08258546741471115,,0.03715640724379417,2025-03-31,85469020160.0,large_cap,2025-03-31,168.29885864257812,90,0.10669021293000291,2025-07-01,0.16506866864303937,2025-09-30,0.23378672402003553,2026-04-01
PYPL,2024-12-31,,31797000000.0,14658000000.0,5763000000.0,4147000000.0,6743000000.0,2979000000.0,4148000000.0,7450000000.0,-683000000.0,6767000000.0,78725000000.0,9879000000.0,20417000000.0,6662000000.0,58206000000.0,45490000000.0,29771000000.0,0.08187368268042738,0.0680528030633838,-0.013820879617043591,0.4609868855552411,0.1812435135390131,0.13042110890964556,0.21206403119791176,0.23429883322326006,0.21281881938547662,0.02148001383778344,0.09368808378148882,0.13045255841746076,0.12548745633534455,0.4838614879757065,0.08462369006033661,1.2795339635084635,0.4038996506827564,2025-03-31,39174303744.0,mid_cap,2025-03-31,64.90299987792969,90,0.1538696639906636,2025-07-01,0.02773938440567414,2025-09-30,-0.31235842484853005,2026-04-01
REGN,2024-12-31,,14202000000.0,12231500000.0,3990700000.0,4412600000.0,5318000000.0,5233000000.0,2954400000.0,4420500000.0,-881600000.0,3538900000.0,37759400000.0,2704400000.0,29353600000.0,2488200000.0,18660900000.0,3944300000.0,13117200000.0,0.07757395526127708,0.08270057634251216,0.005126621081235072,0.8612519363469934,0.28099563441768766,0.3107027179270525,0.3744543022109562,0.3112589776087875,0.24918321363188284,0.06207576397690466,0.36846922968595974,0.2080270384452894,0.07162190077172836,0.09213179984737818,0.06589617419768323,4.731105646122252,0.37611826459106873,2025-03-31,73203851264.0,large_cap,2025-03-31,630.7836303710938,90,-0.15535340495119432,2025-07-01,-0.11080248702461282,2025-09-30,0.23219748036698284,2026-04-01
RTX,2024-12-31,,80738000000.0,15410000000.0,6538000000.0,4774000000.0,12528000000.0,2934000000.0,5806000000.0,7159000000.0,-3236000000.0,3923000000.0,162861000000.0,42893000000.0,60156000000.0,5578000000.0,51133000000.0,51499000000.0,68920000000.0,0.027521841548140857,0.1714741729541498,0.14395233140600894,0.19086427704426664,0.08097797815155193,0.059129530084966186,0.15516856994228245,0.08866952364438059,0.04858926403923803,0.04008025960514256,0.03633976566177017,0.07191161534841091,0.2633718324215128,0.7130294567457943,0.034250066007208604,0.9928930658847744,0.4957479077249925,2025-03-31,230525255680.0,large_cap,2025-03-31,130.26112365722656,90,0.09410419111720292,2025-07-01,0.2752807758135871,2025-09-30,0.4948435554194648,2026-04-01
RUN,2024-12-31,,2037719000.0,328554000.0,-573039000.0,-2846167000.0,-2912792000.0,39304000.0,862289000.0,-766153000.0,-2701024000.0,-3467177000.0,19897884000.0,13022460000.0,2554207000.0,574956000.0,1722636000.0,1334482000.0,2259813000.0,-0.026539336665199142,-0.09827981341818992,-0.07174047675299078,0.16123616651756204,-0.28121590857228107,-1.3967416508360573,-1.429437523034334,-0.3759855995846336,-1.701499078135896,1.3255134785512626,0.01928823355919045,0.4231638415306527,0.6544645651768801,5.098435639711268,0.028895333795292,1.2908649198715307,0.10240882899910363,2025-03-31,3337304320.0,low_cap,2025-03-31,5.860000133514404,90,0.5426620743831774,2025-07-01,1.9505120344012776,2025-09-30,1.414675647804828,2026-04-01
SCHW,2024-12-31,,19606000000.0,,,5942000000.0,,,6440000000.0,2670000000.0,-620000000.0,2050000000.0,479843000000.0,45134000000.0,48375000000.0,42083000000.0,,,18837000000.0,-0.09271746459878627,0.04082391038912769,0.13354137498791396,,,0.30307048862593083,,0.13618280118331122,0.10455982862389064,0.031622972559420585,0.0,0.32847087626236865,0.09405993210279195,0.9330025839793281,0.08770160239911805,,0.040859197695913035,2025-03-31,158052630528.0,large_cap,2025-03-31,77.05207824707031,90,0.16840436581687768,2025-07-01,0.2269630679933501,2025-09-30,0.19438400613107554,2026-04-01
SEDG,2024-12-31,,901456000.0,-877204000.0,-1474846000.0,-1806357000.0,-1640364000.0,277237000.0,294320000.0,-313319000.0,-118163000.0,-431482000.0,2646453000.0,757699000.0,658342000.0,274611000.0,2050565000.0,1057337000.0,2976528000.0,-0.04300289459562956,-0.6971451301650782,-0.6541422355694486,-0.9730968566408122,-1.6360709785058838,-2.0038215952858485,-1.819682824231022,-0.34756993131112335,-0.478650094957491,0.13108016364636765,0.3075435739514741,0.3264940274400525,0.28630737065800904,1.1509200385210119,0.10376568183905023,1.9393674864305326,0.34062800284002775,2025-03-31,3756131840.0,low_cap,2025-03-31,16.18000030517578,90,0.35105069209169426,2025-07-01,1.2867737516768871,2025-09-30,2.2058095150524935,2026-04-01
SHAK,2024-12-31,,1252608000.0,573918000.0,50953000.0,10207000.0,120895000.0,,242116000.0,171155000.0,-135499000.0,35656000.0,1696971000.0,809623000.0,470018000.0,320714000.0,368216000.0,187313000.0,1087533000.0,0.20771783237052,0.151788497452491,-0.05592933491802898,0.45817845646842426,0.040677530400572245,0.00814859876353975,0.09651463187206213,0.13663891656447988,0.02846540976905784,0.10817350679542204,0.0,0.1932895207439199,0.4770989015133435,1.7225361581896863,0.18899203345254575,1.9657792037925825,0.7381434332112924,2025-03-31,2584431616.0,low_cap,2025-03-31,88.16999816894531,90,0.5694681610138883,2025-07-01,0.06169901955745183,2025-09-30,0.028581199101674892,2026-04-01
SHOP,2024-12-31,,8880000000.0,4472000000.0,1302000000.0,2019000000.0,1338000000.0,1367000000.0,1803000000.0,1616000000.0,-19000000.0,1597000000.0,13924000000.0,1126000000.0,11558000000.0,1489000000.0,7254000000.0,1956000000.0,7060000000.0,0.2607142857142857,0.2577903682719547,-0.0029239174423310033,0.5036036036036036,0.14662162162162162,0.22736486486486487,0.15067567567567566,0.18198198198198198,0.17984234234234234,0.0021396396396396395,0.15394144144144145,0.20304054054054055,0.08086756679115197,0.09742169925592663,0.1069376615914967,3.708588957055215,0.6377477736282677,2025-03-31,130128805888.0,large_cap,2025-03-31,95.4800033569336,90,0.1800376435655353,2025-07-01,0.5564515645731778,2025-09-30,0.24130700121576498,2026-04-01
SHW,2024-12-31,,23098500000.0,11195100000.0,3761900000.0,2681400000.0,4491500000.0,,7434500000.0,3153200000.0,-1070000000.0,2083200000.0,23632600000.0,11913300000.0,4051200000.0,210400000.0,5400800000.0,6808700000.0,23051900000.0,0.04076951902803305,0.00202152534064437,-0.03874799368738868,0.48466783557373855,0.16286338939757994,0.11608546009481135,0.19444985605125875,0.13651102885468752,0.09018767452431976,0.04632335433036777,0.0,0.32186072688702727,0.5041044997164933,2.940684241706161,0.008902956086084476,0.7932204385565527,0.9773998629012466,2025-03-31,74015350784.0,large_cap,2025-03-31,346.09796142578125,90,0.019726322461157908,2025-07-01,-0.0040665948442712985,2025-09-30,-0.05893692391229011,2026-04-01
SLB,2024-12-31,,36289000000.0,7460000000.0,6326000000.0,4461000000.0,8069000000.0,749000000.0,385000000.0,6602000000.0,-2129000000.0,4473000000.0,48935000000.0,12074000000.0,21130000000.0,3544000000.0,18570000000.0,12811000000.0,33135000000.0,0.17955928945213762,0.09518635883506876,-0.08437293061706885,0.2055719363994599,0.17432279754195487,0.12292981344208989,0.22235388134145334,0.1819284080575381,0.12326049216015872,0.05866791589737937,0.020639863319463197,0.010609275538041831,0.24673546541330335,0.5714150496923806,0.07242260141003372,1.4495355553820934,0.7415755594155512,2025-03-31,82796298240.0,large_cap,2025-03-31,40.56017303466797,90,-0.150799437127643,2025-07-01,-0.1641878764246507,2025-09-30,0.23347597004911114,2026-04-01
SO,2024-12-31,,26724000000.0,13363000000.0,7068000000.0,4401000000.0,13238000000.0,,,9788000000.0,-8955000000.0,833000000.0,145180000000.0,66277000000.0,33208000000.0,1070000000.0,10694000000.0,15993000000.0,25253000000.0,-0.1375046961986407,0.05825050489050798,0.19575520108914868,0.5000374195479719,0.26448136506511,0.16468343062415805,0.4953599760514893,0.3662625355485706,0.031170483460559797,0.3350920520880108,0.0,0.0,0.4565160490425679,1.9958142616237051,0.007370161179225789,0.6686675420496467,0.18407494145199063,2025-03-31,104331722752.0,large_cap,2025-03-31,89.02820587158203,90,0.012250468223569788,2025-07-01,0.0475795701555517,2025-09-30,0.08886842649886173,2026-04-01
SRE,2024-12-31,,13185000000.0,6092000000.0,2962000000.0,2862000000.0,5596000000.0,,,4907000000.0,-8215000000.0,-3308000000.0,96155000000.0,35848000000.0,31242000000.0,1565000000.0,5285000000.0,9676000000.0,16720000000.0,0.1579749290117045,-0.21142344497607657,-0.3693983739877811,0.4620401971937808,0.22464922260144102,0.21706484641638224,0.42442169131588925,0.3721653394008343,-0.2508911642017444,0.6230565036025787,0.0,0.0,0.3728147262232853,1.1474297420139556,0.016275804690343718,0.5461967755270773,0.13712235453174562,2025-03-31,59113189376.0,large_cap,2025-03-31,69.24793243408203,90,0.07680291831676755,2025-07-01,0.27186564372803734,2025-09-30,0.40668465090759454,2026-04-01
SYK,2024-12-31,,22595000000.0,14440000000.0,4666000000.0,2993000000.0,4951000000.0,1466000000.0,7685000000.0,4242000000.0,-755000000.0,3487000000.0,42971000000.0,13597000000.0,20634000000.0,3652000000.0,14847000000.0,7616000000.0,20498000000.0,0.11106293024012137,0.1023026636745048,-0.00876026656561657,0.6390794423545032,0.20650586412923214,0.13246293427749503,0.2191192741757026,0.18774065058641293,0.15432617835804383,0.03341447222836911,0.06488161097587962,0.34011949546359815,0.3164227036838798,0.6589609382572453,0.08498754974284983,1.9494485294117647,0.5258197388936725,2025-03-31,117599756288.0,large_cap,2025-03-31,368.6932678222656,90,0.06806885096613025,2025-07-01,-0.002541356956980212,2025-09-30,-0.10657442745801149,2026-04-01
TMO,2024-12-31,,42879000000.0,17702000000.0,7717000000.0,6335000000.0,11535000000.0,1390000000.0,8595000000.0,8667000000.0,-1400000000.0,7267000000.0,97321000000.0,31275000000.0,49585000000.0,4009000000.0,22137000000.0,13332000000.0,42857000000.0,-0.04581988199933207,0.0005133350444501694,0.04633321704378224,0.41283612024534155,0.17997154784393293,0.14774131859418363,0.26901280347023016,0.20212691527321067,0.16947690011427505,0.03265001515893561,0.032416800764943215,0.2004477716364654,0.32135921332497613,0.6307351013411314,0.04119357589831588,1.6604410441044104,0.44059349986128377,2025-03-31,162896560128.0,large_cap,2025-03-31,495.77569580078125,90,-0.15211653288051674,2025-07-01,-0.023395289475080516,2025-09-30,-0.0024924320944443856,2026-04-01
TRV,2024-12-31,,46428000000.0,,,4999000000.0,,,5819000000.0,9074000000.0,,9074000000.0,133189000000.0,8033000000.0,27864000000.0,568000000.0,,,41373000000.0,0.12134106678230694,0.1221811326227249,0.0008400658404179584,,,0.10767209442577755,,0.19544240544499009,0.19544240544499009,,0.0,0.12533385026277247,0.060312788593652626,0.28829313809933965,0.004264616447304206,,0.3485873458018305,2025-03-31,63742373888.0,large_cap,2025-03-31,260.3329772949219,90,0.013768917065652309,2025-07-01,0.06444723466404612,2025-09-30,0.11599383911384331,2026-04-01
TSLA,2024-12-31,,97690000000.0,17450000000.0,7760000000.0,7130000000.0,14708000000.0,4540000000.0,5150000000.0,14923000000.0,-11342000000.0,3581000000.0,122070000000.0,13623000000.0,72913000000.0,16139000000.0,58360000000.0,28821000000.0,96773000000.0,0.18795266504627928,0.009475783534663496,-0.17847688151161578,0.17862626676220697,0.07943494728221927,0.07298597604667827,0.1505578871941857,0.15275872658409254,0.03665677141979732,0.11610195516429522,0.04647353874500972,0.052717780734977994,0.11159990169574834,0.18683910962379824,0.13221102646022773,2.024912390270983,0.8002785287130335,2025-03-31,1585816797184.0,large_cap,2025-03-31,259.1600036621094,90,0.1603256181734789,2025-07-01,0.7160055368749156,2025-09-30,0.4711375381160612,2026-04-01
TXN,2024-12-31,,15641000000.0,9094000000.0,5341000000.0,4799000000.0,7541000000.0,1959000000.0,1794000000.0,6318000000.0,-4820000000.0,1498000000.0,35509000000.0,13596000000.0,16903000000.0,3200000000.0,15026000000.0,3643000000.0,17519000000.0,-0.12527461553824648,-0.10719789942348312,0.018076716114763358,0.5814206252797136,0.34147433028578733,0.3068218144619909,0.48213029857425993,0.40393836711207726,0.0957739274982418,0.30816443961383544,0.12524774630778082,0.11469854868614539,0.38288884508152865,0.804354256640833,0.09011799825396379,4.124622563821027,0.44047987834070235,2025-03-31,275512393728.0,large_cap,2025-03-31,173.31854248046875,90,0.18110984413225428,2025-07-01,0.03860210286404908,2025-09-30,0.12687096055113822,2026-04-01
UBER,2024-12-31,,43978000000.0,17327000000.0,2799000000.0,9856000000.0,5385000000.0,3109000000.0,7976000000.0,7137000000.0,-242000000.0,6895000000.0,51244000000.0,11126000000.0,21558000000.0,5893000000.0,12245000000.0,11476000000.0,37281000000.0,0.16952661793769797,0.17963573938467325,0.010109121446975289,0.39399245077083994,0.06364545909318295,0.224112056028014,0.12244758743007868,0.1622856882986948,0.15678293692300696,0.005502751375687844,0.07069443812815498,0.18136340897721587,0.21711810163141051,0.5160961128119491,0.11499882913121535,1.06700941094458,0.8582077901803138,2025-03-31,152853118976.0,large_cap,2025-03-31,72.86000061035156,90,0.26447977603130335,2025-07-01,0.34463354927263157,2025-09-30,-0.015783715567462164,2026-04-01
UNH,2024-12-31,,400278000000.0,89399000000.0,32287000000.0,14405000000.0,28076000000.0,,,24204000000.0,-3499000000.0,20705000000.0,298278000000.0,76904000000.0,92658000000.0,25312000000.0,85779000000.0,103769000000.0,371622000000.0,0.14640827734281014,0.07711061239646733,-0.06929766494634282,0.2233422771174034,0.0806614402989922,0.03598748869535673,0.07014125182997817,0.06046797475754351,0.051726550047716834,0.00874142470982667,0.0,0.0,0.2578265913007329,0.829976904314792,0.0848604322142431,0.8266341585637329,1.341962866855752,2025-03-31,357672681472.0,large_cap,2025-03-31,509.3861389160156,90,-0.3728777978577803,2025-07-01,-0.33184695383566487,2025-09-30,-0.4621368936945097,2026-04-01
UNP,2024-12-31,,24250000000.0,11039000000.0,9713000000.0,6747000000.0,12461000000.0,,,9346000000.0,-3452000000.0,5894000000.0,67715000000.0,32463000000.0,16890000000.0,1016000000.0,4021000000.0,5254000000.0,24119000000.0,-0.030391959798995005,0.005431402628633064,0.03582336242762807,0.4552164948453608,0.4005360824742268,0.2782268041237113,0.5138556701030927,0.3854020618556701,0.24305154639175258,0.14235051546391753,0.0,0.0,0.47940633537620914,1.9220248667850799,0.015004061138595584,0.7653216596878569,0.3581185852469911,2025-03-31,160635043840.0,large_cap,2025-03-31,230.79666137695312,90,0.00320551598658958,2025-07-01,0.012898821790236159,2025-09-30,0.053394766053860065,2026-04-01
UPS,2024-12-31,,91070000000.0,16356000000.0,8468000000.0,5782000000.0,11917000000.0,,,10122000000.0,-3909000000.0,6213000000.0,70070000000.0,25652000000.0,16718000000.0,6112000000.0,19310000000.0,16441000000.0,90958000000.0,-0.09348402399888378,0.0012313375404031657,0.09471536153928695,0.17959811134292303,0.09298341934775448,0.06348962336664105,0.13085538596683868,0.11114527286702537,0.06822224662347645,0.04292302624354892,0.0,0.0,0.3660910518053375,1.5343940662758704,0.08722705865563009,1.174502767471565,1.2997002997002998,2025-03-31,84091117568.0,large_cap,2025-03-31,102.95353698730469,90,-0.03455948818785026,2025-07-01,-0.21349461988690654,2025-09-30,-0.0489884415123808,2026-04-01
UPST,2024-12-31,,628834000.0,,,-128581000.0,,,555731000.0,186331000.0,-9990000.0,176341000.0,2366958000.0,1452446000.0,633218000.0,793607000.0,,,508119000.0,-0.39347903934301,0.23757230097673965,0.6310513403197496,,,-0.20447526692259008,,0.29631190425454096,0.28042535867971513,0.01588654557482579,0.0,0.8837483342185696,0.6136340399787407,2.2937534940573387,0.33528562821985014,,0.2656718032174631,2025-03-31,2824448512.0,low_cap,2025-03-31,46.029998779296875,90,0.4803389354052314,2025-07-01,0.10362808134396695,2025-09-30,-0.4490549362830345,2026-04-01
URI,2024-12-31,,15345000000.0,6150000000.0,4068000000.0,2575000000.0,6982000000.0,,1645000000.0,4546000000.0,-4127000000.0,419000000.0,28163000000.0,14789000000.0,8622000000.0,457000000.0,3249000000.0,3323000000.0,14332000000.0,0.23105995533413504,0.07068099358079816,-0.16037896175333688,0.40078201368523947,0.26510263929618766,0.16780710329097426,0.45500162919517756,0.29625285109156074,0.027305311176278917,0.26894753991528186,0.0,0.10720104268491365,0.5251216134644746,1.715263279981443,0.01622696445691155,0.9777309659945832,0.5448638284273692,2025-03-31,60212740096.0,large_cap,2025-03-31,619.9398803710938,90,0.23833438596370327,2025-07-01,0.53008571840669,2025-09-30,0.1775854218159818,2026-04-01
USB,2024-12-31,,27335000000.0,,,6299000000.0,,,11173000000.0,11350000000.0,,11350000000.0,678318000000.0,65626000000.0,58578000000.0,56502000000.0,,,28013000000.0,0.15832782004631163,-0.024203048584585773,-0.1825308686308974,,,0.2304371684653375,,0.4152185842326687,0.4152185842326687,,0.0,0.4087433693067496,0.09674813288162779,1.120318208201031,0.08329721458077186,,0.04029820821502599,2025-03-31,82458165248.0,large_cap,2025-03-31,40.501651763916016,90,0.11330158943946489,2025-07-01,0.1697807297830467,2025-09-30,0.30241601768440374,2026-04-01
VRTX,2024-12-31,,11020100000.0,9489600000.0,-233400000.0,-535600000.0,486300000.0,8258700000.0,1464300000.0,-492600000.0,-485400000.0,-978000000.0,22533200000.0,1744300000.0,16409600000.0,4569600000.0,9596400000.0,3564600000.0,9869200000.0,0.10508694727177037,0.11661532849673728,0.01152838122496691,0.8611174127276522,-0.0211794811299353,-0.04860209979945736,0.044128456184608124,-0.04470013883721563,-0.08874692607145125,0.04404678723423562,0.7494215116015281,0.13287538225605938,0.07741022136225659,0.10629753315132605,0.20279409937336906,2.692139370476351,0.4890605861573145,2025-03-31,110900281344.0,large_cap,2025-03-31,484.82000732421875,90,-0.06736521424180486,2025-07-01,-0.1921950234480897,2025-09-30,-0.07747204527695128,2026-04-01
WFC,2024-12-31,,82296000000.0,,,19722000000.0,,,37231000000.0,3035000000.0,,3035000000.0,1929845000000.0,175782000000.0,179120000000.0,203361000000.0,,,82597000000.0,0.11065243115318424,-0.0036442001525479606,-0.1142966313057322,,,0.23964712744240305,,0.03687907067172159,0.03687907067172159,,0.0,0.4524035190045689,0.09108607167933176,0.9813644484144708,0.10537685669056324,,0.042643839272065893,2025-03-31,224679100416.0,large_cap,2025-03-31,69.86528778076172,90,0.14134376600825793,2025-07-01,0.18087438299784986,2025-09-30,0.146663626496784,2026-04-01
WING,2024-12-31,,625807000.0,300869000.0,164578000.0,108717000.0,187972000.0,,116801000.0,157610000.0,-51929000.0,105681000.0,716246000.0,1265429000.0,-675586000.0,315910000.0,395618000.0,87443000.0,460055000.0,0.2867915451120353,0.360287356946452,0.07349581183441667,0.4807696302534168,0.262985233466548,0.1737228890057158,0.3003673656574631,0.2518508102338261,0.16887155305070092,0.08297925718312515,0.0,0.1866406096448266,1.7667519260142466,1.8730835156441963,0.4410635452065352,4.524295826995871,0.8737319300910581,2025-03-31,3518718208.0,low_cap,2025-03-31,224.0274200439453,90,0.4883581856550747,2025-07-01,0.11770885175932388,2025-09-30,-0.3549688966541775,2026-04-01
WM,2024-12-31,,22063000000.0,8680000000.0,4149000000.0,2746000000.0,6323000000.0,,2213000000.0,5390000000.0,-3231000000.0,2159000000.0,44567000000.0,23900000000.0,8252000000.0,414000000.0,4774000000.0,6258000000.0,20426000000.0,0.03695806680881297,0.08014295505727986,0.04318488824846689,0.393418846031818,0.18805239541313512,0.12446176857181707,0.28658840592847756,0.2443004124552418,0.09785613923763767,0.14644427321760414,0.0,0.10030367583737479,0.5362712320775461,2.8962675714978188,0.009289384522180089,0.7628635346756152,0.49505239302623016,2025-03-31,88274386944.0,large_cap,2025-03-31,228.0543670654297,90,-0.008277257827648987,2025-07-01,-0.039228153569327406,2025-09-30,0.012916362762416256,2026-04-01
XOM,2024-12-31,,339247000000.0,76742000000.0,39652000000.0,33680000000.0,73311000000.0,,9976000000.0,55022000000.0,-24306000000.0,30716000000.0,453475000000.0,41710000000.0,263705000000.0,23029000000.0,91990000000.0,70307000000.0,334697000000.0,-0.16047657866683385,0.013594385369453565,0.1740709640362874,0.22621275943486605,0.11688238952739449,0.09927869664285904,0.21609918437009024,0.1621886118373928,0.0905416997055243,0.07164691213186852,0.0,0.029406302782338533,0.09197860962566845,0.15816916630325553,0.05078339489497767,1.3084045685351386,0.7481051877170737,2025-03-31,654570029056.0,large_cap,2025-03-31,114.20423889160156,90,-0.07301687530037115,2025-07-01,-0.03432866291873771,2025-09-30,0.3983375484952947,2026-04-01
YUM,2024-12-31,,7549000000.0,3584000000.0,2403000000.0,1486000000.0,2564000000.0,,1181000000.0,1689000000.0,-257000000.0,1432000000.0,6727000000.0,12286000000.0,-7648000000.0,616000000.0,1871000000.0,1269000000.0,7076000000.0,0.034200526161940914,0.06684567552289433,0.03264514936095342,0.4747648695191416,0.31832030732547356,0.19684726453834944,0.33964763544840376,0.22373824347595708,0.18969399920519275,0.03404424427076434,0.0,0.15644456219366804,1.8263713393786234,1.6064330543933054,0.09157127991675339,1.4743892828999212,1.1221941430057976,2025-03-31,41334915072.0,mid_cap,2025-03-31,154.38934326171875,90,-0.03973311089279963,2025-07-01,-0.02461173386993154,2025-09-30,-0.0044649863709050885,2026-04-01
ZTS,2024-12-31,,9256000000.0,6537000000.0,3392000000.0,2486000000.0,3855000000.0,686000000.0,2318000000.0,2953000000.0,-655000000.0,2298000000.0,14237000000.0,6744000000.0,4770000000.0,1985000000.0,5986000000.0,3412000000.0,8544000000.0,0.05742574257425748,0.08333333333333326,0.025907590759075783,0.7062445980985307,0.36646499567847884,0.2685825410544512,0.4164866032843561,0.3190363007778738,0.2482713915298185,0.07076490924805531,0.07411408815903198,0.2504321521175454,0.4736953009763293,1.4138364779874213,0.13942544075296762,1.7543962485345839,0.6501369670576667,2025-03-31,31115112448.0,mid_cap,2025-03-31,161.58607482910156,90,-0.02989856657952228,2025-07-01,-0.10534665507679397,2025-09-30,-0.2772765624727035,2026-04-01
ADSK,2025-01-31,,6131000000.0,5553000000.0,1369000000.0,1112000000.0,1549000000.0,1485000000.0,2650000000.0,1607000000.0,-102000000.0,1505000000.0,10833000000.0,2559000000.0,2621000000.0,1599000000.0,3482000000.0,5151000000.0,5497000000.0,0.09830169830169821,0.11533563762052035,0.017033939318822133,0.9057250040776382,0.2232914695808188,0.18137334855651607,0.2526504648507584,0.2621105855488501,0.24547382156255096,0.016636763986299135,0.24221171097700211,0.4322296525852226,0.23622265300470785,0.9763449065242273,0.14760454167820547,0.6759852455833819,0.5659558755654021,2025-05-01,49961189376.0,mid_cap,2025-05-01,273.489990234375,90,0.08603605111518764,2025-08-01,0.09974770468169059,2025-10-30,-0.09488463152162752,2026-05-04
ASAN,2025-01-31,,723876000.0,646683000.0,-266735000.0,-255536000.0,-229545000.0,341467000.0,571951000.0,14925000.0,-12282000.0,2643000.0,891415000.0,263090000.0,227523000.0,184728000.0,600741000.0,415817000.0,652504000.0,0.1924153710079457,0.10938170493973987,-0.08303366606820584,0.893361570213683,-0.3684816183987313,-0.3530107366455028,-0.3171054158447027,0.020618172173134625,0.0036511778260365033,0.01696699434709812,0.4717202946360979,0.7901228939763164,0.2951375060998525,1.1563226574895724,0.20723007802202117,1.4447244821640288,0.8120527475979201,2025-05-01,1476145920.0,low_cap,2025-05-01,16.049999237060547,90,-0.12710274798444932,2025-08-01,-0.14766349187184236,2025-10-30,-0.5501557549286247,2026-05-04
CHWY,2025-01-31,,11861300000.0,3467700000.0,112600000.0,392700000.0,271800000.0,,3355100000.0,596300000.0,-143800000.0,452500000.0,3014500000.0,502400000.0,261500000.0,595800000.0,1662400000.0,2206700000.0,11147700000.0,0.10166024310702637,0.0640132045175239,-0.03764703858950247,0.2923541264448248,0.009493057253420789,0.033107669479736625,0.022914857561987304,0.05027273570350636,0.03814927537453736,0.012123460328969,0.0,0.28286106919140397,0.1666611378338033,1.9212237093690248,0.19764471720019905,0.7533420945302941,3.9347487145463593,2025-05-01,8866885632.0,low_cap,2025-05-01,36.369998931884766,90,-0.012647761836181548,2025-08-01,-0.05224079645259361,2025-10-30,-0.32471816917181207,2026-05-04
CRM,2025-01-31,,37895000000.0,29252000000.0,7666000000.0,6197000000.0,11143000000.0,5493000000.0,15192000000.0,13092000000.0,-658000000.0,12434000000.0,102928000000.0,11392000000.0,61173000000.0,8848000000.0,29727000000.0,27980000000.0,34857000000.0,0.11179510079101806,0.08715609490202825,-0.024639005888989818,0.7719224172054361,0.202295817390157,0.16353080881382767,0.29404934687953554,0.34548093416017944,0.3281171658530149,0.017363768307164535,0.14495316004749967,0.4008972159915556,0.11067930980879838,0.18622594935674236,0.08596300326441784,1.0624374553252323,0.36816998290066844,2025-05-01,141940506624.0,large_cap,2025-05-01,267.3349304199219,90,-0.06754673585059234,2025-08-01,-0.043906693937498575,2025-10-30,-0.30618869956053807,2026-05-04
CRWD,2025-01-31,,3953624000.0,2963452000.0,-116400000.0,-15241000.0,298831000.0,1075587000.0,2004265000.0,1381727000.0,-313821000.0,1067906000.0,8701578000.0,788901000.0,3279494000.0,4323295000.0,6113345000.0,3461050000.0,3055555000.0,0.3633347849133246,0.29391354434791706,-0.06942124056540755,0.7495533212060631,-0.029441342929929604,-0.0038549442233252328,0.0755840717276099,0.34948366359572886,0.27010813370214265,0.07937552989358623,0.2720509082300188,0.5069437559059738,0.09066183168156397,0.24055570767929443,0.49684034321131176,1.766326692766646,0.45435712924713195,2025-05-01,151215063040.0,large_cap,2025-05-01,431.8800048828125,90,0.034222465991004425,2025-08-01,0.24729088308209168,2025-10-30,0.08650547589416613,2026-05-04
FIVE,2025-01-31,,3876527000.0,1352662000.0,323817000.0,253611000.0,491264000.0,,861398000.0,430648000.0,-323994000.0,106654000.0,4339574000.0,1981567000.0,1808327000.0,331718000.0,1351367000.0,756442000.0,3559369000.0,0.15702621454028654,0.08910511947482824,-0.06792109506545829,0.34893656099905923,0.08353276012265619,0.0654222194247583,0.1267278674958281,0.11109119064564751,0.027512771096396337,0.08357841954925117,0.0,0.2222086935032311,0.45662707906352096,1.0958012571841265,0.07644022201257543,1.7864780115329397,0.8932966692122314,2025-05-01,11813208064.0,mid_cap,2025-05-01,75.36000061035156,90,0.766985172288047,2025-08-01,1.0808120526614498,2025-10-30,2.0666136442649043,2026-05-04
GTLB,2025-01-31,,759249000.0,674109000.0,-142715000.0,-6326000.0,-131729000.0,239652000.0,577172000.0,-63971000.0,-3765000.0,-67736000.0,1399263000.0,275000.0,775909000.0,227649000.0,1336317000.0,545031000.0,579906000.0,0.3666198484220051,0.30926219076884864,-0.05735765765315648,0.8878628750251893,-0.18796863742988137,-0.008331917460543247,-0.1734990760606863,-0.08425562628334052,-0.08921447377606029,0.00495884749271978,0.3156434845485473,0.7601880279065234,0.00019653203150515663,0.0003544230057906275,0.16269207432769967,2.451818336938633,0.542606357775486,2025-05-01,3995034624.0,low_cap,2025-05-01,46.959999084472656,90,-0.10945484433256691,2025-08-01,0.011073263796881339,2025-10-30,-0.47636284855212907,2026-05-04
HD,2025-01-31,,159514000000.0,53308000000.0,21526000000.0,14806000000.0,25488000000.0,,28748000000.0,19810000000.0,-3485000000.0,16325000000.0,96119000000.0,62290000000.0,6640000000.0,1659000000.0,31683000000.0,28661000000.0,152669000000.0,-0.030075665648049865,0.04483555928184502,0.07491122492989488,0.3341901024361498,0.13494740273581002,0.09281943904610254,0.1597853479945334,0.12418972629361687,0.10234211417179684,0.02184761212182003,0.0,0.1802224256178141,0.6480508536293553,9.381024096385541,0.01725985497144165,1.1054394473326123,1.65954701983999,2025-05-01,296328200192.0,large_cap,2025-05-01,349.46649169921875,90,0.04935012720806453,2025-08-01,0.07193809481144431,2025-10-30,-0.10600867079230536,2026-05-04
LOW,2025-01-31,,83674000000.0,27877000000.0,10466000000.0,6957000000.0,12597000000.0,,15682000000.0,9625000000.0,-1927000000.0,7698000000.0,43102000000.0,39678000000.0,-14231000000.0,1761000000.0,20358000000.0,18757000000.0,86377000000.0,-0.11005676959375221,-0.03129305254871084,0.07876371704504137,0.33316203360661617,0.12508067022014008,0.08314410689102947,0.15054855749695245,0.11502975834787389,0.0919999043908502,0.02302985395702369,0.0,0.18741783588689437,0.920560530833836,2.7881385707258803,0.04085657278084544,1.0853548008743403,1.9413020277481323,2025-05-01,122328940544.0,large_cap,2025-05-01,218.0314178466797,90,0.023767948101278913,2025-08-01,0.08978440408353139,2025-10-30,0.02609065899862051,2026-05-04
LULU,2025-01-31,,10588126000.0,6270811000.0,2505697000.0,1814616000.0,2952221000.0,,3762379000.0,2272713000.0,-689232000.0,1583481000.0,7603292000.0,1575791000.0,4324047000.0,1984336000.0,3980302000.0,1839630000.0,9619278000.0,0.18602510961691965,0.1007194095024595,-0.08530570011446015,0.5922493744407651,0.23665160388155562,0.1713821690448338,0.27882375030293366,0.2146473323041301,0.1495525270477514,0.0650948052563787,0.0,0.35533946233733904,0.20725114858143026,0.3644250397833326,0.26098379491409773,2.1636426890189875,1.3925712704444337,2025-05-01,13976446976.0,mid_cap,2025-05-01,268.6000061035156,90,-0.2802308360464172,2025-08-01,-0.3744601621203695,2025-10-30,-0.519806430392144,2026-05-04
MDB,2025-01-31,,2006443000.0,1471147000.0,-216064000.0,-129072000.0,-96534000.0,596837000.0,1090374000.0,150191000.0,-29550000.0,120641000.0,3430293000.0,36500000.0,2782224000.0,490133000.0,2923522000.0,561987000.0,1683011000.0,0.31071539827419703,0.19217462036790023,-0.1185407779062968,0.7332114592839168,-0.1076850924745931,-0.06432876488392643,-0.048112007168905374,0.07485435668992341,0.060126801508938954,0.014727555180984458,0.29746023186305315,0.5434363198954568,0.010640490477052544,0.013119001201916164,0.14288371284901902,5.2021167749431925,0.584918839294486,2025-05-01,25088151552.0,mid_cap,2025-05-01,172.19000244140625,90,0.2832917015370622,2025-08-01,1.0183518416708583,2025-10-30,0.5371972744554459,2026-05-04
MRVL,2025-01-31,,5767300000.0,2382200000.0,-366400000.0,-885000000.0,651600000.0,1950400000.0,798200000.0,1681200000.0,-291600000.0,1389600000.0,20204500000.0,4343100000.0,13427000000.0,948300000.0,3120300000.0,2026800000.0,5507700000.0,-0.06958240421650108,0.04713401238266424,0.11671641659916532,0.4130529017044371,-0.0635305949057618,-0.15345135505349122,0.11298181124616372,0.29150555719314064,0.24094463613822759,0.05056092105491304,0.33818251174726477,0.13840098486293412,0.2149570640203915,0.3234601921501452,0.04693508871785988,1.5395204262877442,0.28544631146526767,2025-05-01,154876592128.0,large_cap,2025-05-01,60.78567123413086,90,0.22249276558512698,2025-08-01,0.4553106733341705,2025-10-30,1.6924108978205226,2026-05-04
NCNO,2025-01-31,,540657000.0,324788000.0,-18131000.0,-37878000.0,9548000.0,129422000.0,213497000.0,55199000.0,-1816000.0,53383000.0,1610381000.0,236824000.0,1089312000.0,120928000.0,302249000.0,251512000.0,476543000.0,0.16709648188285997,0.13453980018592238,-0.032556681696937595,0.6007283730720216,-0.03353512485734948,-0.07005920574412243,0.01765999515404406,0.10209615338375347,0.09873727705365878,0.003358876330094681,0.23937912576735343,0.3948843721620177,0.14706085081729106,0.21740695044211392,0.0750927886009584,1.201727949362257,0.335732351536686,2025-05-01,1628655232.0,low_cap,2025-05-01,22.8700008392334,90,0.1871446708455975,2025-08-01,0.17184076316627195,2025-10-30,-0.21338001263837347,2026-05-04
NVDA,2025-01-31,,130497000000.0,97858000000.0,81453000000.0,72880000000.0,86137000000.0,12914000000.0,3491000000.0,64089000000.0,-3236000000.0,60853000000.0,111601000000.0,9982000000.0,79327000000.0,8589000000.0,80126000000.0,18047000000.0,60922000000.0,1.2585452658115224,1.1420340763599355,-0.1165111894515869,0.7498869705816992,0.6241752683969747,0.5584802715771244,0.6600688138424639,0.4911147382698453,0.46631723334636044,0.024797504923484832,0.0989601293516326,0.026751572833091947,0.08944364297810951,0.12583357494926065,0.07696167597064542,4.439851498864077,1.169317479234057,2025-05-01,5457368842240.0,large_cap,2025-05-01,111.58370208740234,90,0.5565994705548167,2025-08-01,0.8180766345134618,2025-10-30,0.7787543522446654,2026-05-04
PATH,2025-01-31,,1429664000.0,1182722000.0,-162569000.0,-73694000.0,-145337000.0,380682000.0,964609000.0,320565000.0,-14923000.0,305642000.0,2865270000.0,77817000.0,1845762000.0,879196000.0,2338559000.0,798920000.0,1308072000.0,0.2356843737040435,0.09295512785228954,-0.14272924585175395,0.8272727018376346,-0.11371133357208407,-0.051546377330617545,-0.10165815184546859,0.2242240134744947,0.21378589654632138,0.010438116928173332,0.26627375383306845,0.6747102815766501,0.02715869708613848,0.042159823422521434,0.3068457771867922,2.9271504030441093,0.49896309946357587,2025-05-01,5344953856.0,low_cap,2025-05-01,11.880000114440918,90,-0.06481485272274412,2025-08-01,0.33585856335708764,2025-10-30,-0.08838385358755341,2026-05-04
ROST,2025-01-31,,21129219000.0,5868713000.0,2585586000.0,2090730000.0,3267329000.0,,3283127000.0,2356988000.0,-720104000.0,1636884000.0,14905332000.0,5682429000.0,5509195000.0,4730744000.0,7538696000.0,4661825000.0,20376941000.0,0.08991909371871132,0.03691810267301654,-0.05300099104569478,0.2777534276113092,0.12237016427346416,0.098949705618556,0.15463557834295721,0.11155111790928003,0.0774701611072326,0.03408095680204744,0.0,0.1553832633378451,0.38123464811115915,1.0314445213865184,0.3173860199826478,1.6171126114772647,1.4175611116880857,2025-05-01,68812906496.0,large_cap,2025-05-01,137.5576629638672,90,-0.011002355080361292,2025-08-01,0.14407498897113347,2025-10-30,0.6430927903437158,2026-05-04
S,2025-01-31,,821461000.0,610355000.0,-329359000.0,-288441000.0,-286593000.0,267002000.0,672712000.0,33728000.0,-27136000.0,6592000.0,2406625000.0,19065000.0,1669247000.0,186574000.0,1069722000.0,613553000.0,621154000.0,0.47130482567820753,0.3224755857645607,-0.14882923991364683,0.74301153676194,-0.4009429540781607,-0.35113170314841485,-0.3488820528302622,0.041058552992777504,0.008024726676007747,0.03303382631676976,0.32503308130270336,0.8189214095373973,0.00792188230405651,0.011421317516221385,0.07752516490936477,1.7434875226753026,0.34133319482678026,2025-05-01,5757388800.0,low_cap,2025-05-01,18.56999969482422,90,-0.03392564195583658,2025-08-01,-0.08400643465692581,2025-10-30,-0.1599353452968706,2026-05-04
SNOW,2025-01-31,,3626396000.0,2411723000.0,-1456010000.0,-1285640000.0,-1099832000.0,1783379000.0,2084354000.0,959764000.0,-75712000.0,884052000.0,9033938000.0,2685270000.0,2999929000.0,2628798000.0,5869372000.0,3301183000.0,2806489000.0,0.3586409954401961,0.2921468781812435,-0.0664941172589526,0.6650467847416554,-0.4015033107250284,-0.35452278239883345,-0.3032851348832284,0.2646605610639323,0.24378253229928556,0.020878028764646773,0.49177723558044956,0.5747728598862342,0.2972424650246659,0.8951111842980284,0.2909913705407321,1.7779602039632458,0.401419181756616,2025-05-01,54437380096.0,large_cap,2025-05-01,165.36000061035156,90,0.23984036959193533,2025-08-01,0.6399370565725877,2025-10-30,-0.12790272023717197,2026-05-04
TGT,2025-01-31,,106566000000.0,30064000000.0,5566000000.0,4091000000.0,8653000000.0,,21969000000.0,7367000000.0,-2891000000.0,4476000000.0,57769000000.0,19875000000.0,14666000000.0,4762000000.0,19454000000.0,20799000000.0,107412000000.0,-0.015652492668621676,-0.007876214948050464,0.007776277720571212,0.28211624720830286,0.052230542574554735,0.03838935495373759,0.08119850609012255,0.06913086725597282,0.04200213951917122,0.027128727736801608,0.0,0.20615393277405553,0.3440426526337655,1.3551752352379653,0.08243175405494296,0.9353334294918025,1.8446917897142066,2025-05-01,55200583680.0,large_cap,2025-05-01,90.90664672851562,90,0.0514802964520622,2025-08-01,-0.010091885099816067,2025-10-30,0.39224381459962965,2026-05-04
TJX,2025-01-31,,56360000000.0,17248000000.0,6302000000.0,4864000000.0,7663000000.0,,10946000000.0,6116000000.0,-1918000000.0,4198000000.0,31749000000.0,12778000000.0,8393000000.0,5335000000.0,12991000000.0,11008000000.0,54217000000.0,0.08572973405959639,0.039526347824483166,-0.04620338623511322,0.3060326472675656,0.11181689141234918,0.08630234208658623,0.13596522356281052,0.10851667849538679,0.07448545067423705,0.03403122782114975,0.0,0.19421575585521647,0.40246936911398784,1.5224591921839628,0.1680367885602696,1.180141715116279,1.775174021229015,2025-05-01,163030188032.0,large_cap,2025-05-01,125.6803207397461,90,-0.009564157380506755,2025-08-01,0.12204116620898309,2025-10-30,0.2264063791968165,2026-05-04
ULTA,2025-01-31,,11295654000.0,,1578661000.0,1201118000.0,1845703000.0,,2808592000.0,1338605000.0,-374458000.0,964147000.0,6001693000.0,1923234000.0,2488353000.0,703201000.0,3028808000.0,1779478000.0,11207303000.0,0.09783172586197098,0.007883341781693698,-0.08994838408027728,,0.13975826455024207,0.10633452476501139,0.1633993923680736,0.11850619716220061,0.0853555712666128,0.03315062589558781,0.0,0.24864359336785635,0.3204485800923173,0.7728943602455118,0.11716710601491946,1.7020766764185902,1.8820779403411672,2025-05-01,21618143232.0,mid_cap,2025-05-01,392.92999267578125,90,0.29216405072257223,2025-08-01,0.29707584852817703,2025-10-30,0.3183009942115005,2026-05-04
WDAY,2025-01-31,,8446000000.0,6377000000.0,499000000.0,526000000.0,1078000000.0,2626000000.0,3252000000.0,2461000000.0,-272000000.0,2189000000.0,17977000000.0,3362000000.0,9034000000.0,1543000000.0,10545000000.0,5548000000.0,7259000000.0,0.1677927927927927,0.16352114616338342,-0.004271646629409265,0.7550319677954062,0.05908122188017997,0.06227800142079091,0.1276343831399479,0.29138053516457496,0.25917594127397586,0.0322045938905991,0.3109164101349751,0.385034335780251,0.18701674361684376,0.37214965685189283,0.08583189631195416,1.9006849315068493,0.4698225510374367,2025-05-01,31213191168.0,mid_cap,2025-05-01,246.61000061035156,90,-0.09890109618135512,2025-08-01,-0.05571552434677429,2025-10-30,-0.481407894760452,2026-05-04
WMT,2025-01-31,,680985000000.0,169232000000.0,29348000000.0,19436000000.0,42010000000.0,,139884000000.0,36443000000.0,-23783000000.0,12660000000.0,260823000000.0,60114000000.0,91013000000.0,9037000000.0,79458000000.0,96584000000.0,648125000000.0,0.0602595499019285,0.05070009643201545,-0.009559453469913048,0.24851061330278934,0.04309639713062696,0.028541010448100913,0.06169005191010081,0.053515128820752295,0.018590717857221526,0.034924410963530765,0.0,0.20541421617216238,0.23047814034805214,0.6604990495863229,0.03464801800454714,0.8226828460200447,2.610908547175671,2025-05-01,1047786684416.0,large_cap,2025-05-01,96.36933135986328,90,0.013531680494858866,2025-08-01,0.05447609161385425,2025-10-30,0.34982524788974967,2026-05-04
BOOT,2025-03-31,,1911104000.0,717038000.0,239352000.0,180942000.0,304096000.0,,477686000.0,147540000.0,-148293000.0,-753000.0,2018021000.0,563043000.0,1131057000.0,69770000.0,863960000.0,353349000.0,1667009000.0,0.0056671784461410635,0.14642692390982903,0.14075974546368797,0.3751956984025987,0.12524279160108504,0.09467930578346338,0.1591205920766217,0.07720145005190716,-0.00039401309400221023,0.07759546314590939,0.0,0.2499529068015137,0.27900750289516313,0.4978024980173413,0.034573475697230106,2.4450613982210223,0.9470188863247706,2025-06-29,4365484032.0,low_cap,2025-06-30,152.0,90,0.09131582159745055,2025-09-29,0.17355266370271383,2025-12-29,,
AI,2025-04-30,,389056000.0,235863000.0,-324424000.0,-288702000.0,-311817000.0,226391000.0,333896000.0,-41407000.0,-3039000.0,-44446000.0,1025882000.0,4795000.0,838303000.0,164358000.0,904252000.0,131884000.0,310582000.0,0.16412226615941083,0.2526675724929326,0.08854530633352176,0.6062443452870538,-0.8338748149366673,-0.7420576986346439,-0.8014707394308275,-0.1064294086198388,-0.11424062345780556,0.007811214837966771,0.5818982357295608,0.8582209244941602,0.004674026837394554,0.005719888870730511,0.16021140832961295,6.8564192775469355,0.3792404974451253,2025-07-29,1256769024.0,low_cap,2025-07-29,24.479999542236328,90,-0.24999996104271516,2025-10-27,-0.4636437761452078,2026-01-28,,
MDT,2025-04-30,,33537000000.0,21905000000.0,6540000000.0,4662000000.0,9218000000.0,2732000000.0,10849000000.0,7044000000.0,-1859000000.0,5185000000.0,91680000000.0,28516000000.0,48024000000.0,2218000000.0,23814000000.0,12879000000.0,32364000000.0,0.03641079834758387,0.03624397478680019,-0.00016682356078367988,0.6531591973044697,0.19500849807675105,0.13901064495929868,0.2748606017234696,0.21003667591018874,0.15460536124280647,0.0554313146673823,0.08146226555744401,0.32349345499001103,0.31103839441535774,0.5937864401132767,0.02419284467713787,1.849056603773585,0.3658049738219895,2025-07-29,97767841792.0,large_cap,2025-07-29,90.33677673339844,90,0.026006995240621666,2025-10-27,0.10667826403038627,2026-01-28,,
NKE,2025-05-31,,46309000000.0,19790000000.0,3702000000.0,3219000000.0,4510000000.0,,16088000000.0,3698000000.0,-430000000.0,3268000000.0,36579000000.0,11018000000.0,13213000000.0,7464000000.0,23362000000.0,10566000000.0,51362000000.0,0.0028310912392370824,-0.09838012538452556,-0.10121121662376265,0.42734673605562634,0.07994126411712627,0.06951132609212032,0.09738927638256062,0.07985488781878253,0.07056943574683107,0.009285452071951457,0.0,0.3474054719385001,0.3012110773941332,0.8338757284492545,0.20405150496186336,2.2110543251940187,1.2659996172667378,2025-08-29,62019551232.0,large_cap,2025-08-29,75.9774169921875,90,-0.16032224492976466,2025-11-28,-0.2183203675408535,2026-03-03,,
ORCL,2025-05-31,,57399000000.0,40472000000.0,18052000000.0,12443000000.0,23912000000.0,9860000000.0,10253000000.0,20821000000.0,-21215000000.0,-394000000.0,168361000000.0,104104000000.0,20451000000.0,10786000000.0,24579000000.0,32643000000.0,52961000000.0,0.060195379749369504,0.08379751137629587,0.02360213162692637,0.70509939197547,0.3145002526176414,0.21678078015296434,0.4165926235648705,0.3627415111761529,-0.00686423108416523,0.3696057422603181,0.17177999616718062,0.17862680534504086,0.6183379761346155,5.090411226834874,0.06406471807603899,0.7529638819961401,0.3409281246844578,2025-08-29,554933092352.0,large_cap,2025-08-29,224.35952758789062,90,-0.10537985664216432,2025-11-28,-0.33815434369726216,2026-03-03,,
BILL,2025-06-30,,1462570000.0,1190467000.0,-80602000.0,23799000.0,133677000.0,340059000.0,825624000.0,350644000.0,-40970000.0,309674000.0,10063982000.0,1772842000.0,3914040000.0,1038346000.0,7238793000.0,4588660000.0,1290172000.0,0.21890505900981427,0.1336240439259262,-0.08528101508388808,0.8139555713572684,-0.0551098408965041,0.01627204168005634,0.09139870228433511,0.23974510621713832,0.21173277176477023,0.02801233445236809,0.23250784577832173,0.5645022118599452,0.17615711156876077,0.4529442724141807,0.10317446911172934,1.5775396303060152,0.14532716771552254,2025-09-28,3990840832.0,low_cap,2025-09-29,54.529998779296875,90,0.0126536302375313,2025-12-29,-0.2976343279948557,2026-03-31,,
EL,2025-06-30,,14326000000.0,10597000000.0,1141000000.0,-1133000000.0,146000000.0,,9456000000.0,1272000000.0,-602000000.0,670000000.0,19892000000.0,9467000000.0,3865000000.0,2921000000.0,7069000000.0,5435000000.0,15608000000.0,-0.018981772470144542,-0.0821373654536135,-0.06315559298346896,0.7397040346223649,0.07964539997207874,-0.07908697473125785,0.010191260644981152,0.08878961329052074,0.046768113918749125,0.0420214993717716,0.0,0.6600586346502862,0.47591996782626184,2.449417852522639,0.14684295194047858,1.3006439742410303,0.720189020711844,2025-09-28,29044895744.0,mid_cap,2025-09-29,88.51932525634766,90,0.20161621663784368,2025-12-29,-0.18921663224133267,2026-03-31,,
KLAC,2025-06-30,,12156162000.0,7404295000.0,5014227000.0,4061643000.0,5340702000.0,1360334000.0,1029734000.0,4081903000.0,-340209000.0,3741694000.0,16067926000.0,6088282000.0,4692453000.0,2078908000.0,10698789000.0,4085795000.0,9812247000.0,-0.06514913792380683,0.2388764775285417,0.3040256154523485,0.6090980853989936,0.41248438446279345,0.33412215138297763,0.4393411341507295,0.3357887958386866,0.3078022487689782,0.02798654706970835,0.11190489235006905,0.08470880858613106,0.37890901414407807,1.297462542512413,0.12938247288417934,2.618532990519593,0.7565482937872628,2025-09-28,235693834240.0,large_cap,2025-09-29,1060.9688720703125,90,0.18641972226290715,2025-12-29,0.38779758100396755,2026-03-31,,
LRCX,2025-06-30,,18435591000.0,8979059000.0,5900968000.0,5358217000.0,6522609000.0,2096387000.0,981704000.0,6173264000.0,-759186000.0,5414078000.0,21345260000.0,4484505000.0,9861619000.0,6390659000.0,14516995000.0,6568425000.0,14905386000.0,-0.1447702145151084,0.23684089764599192,0.38161111216110033,0.48705023885591736,0.32008564303688447,0.29064525243589967,0.35380525636525567,0.33485576893086855,0.29367531531807145,0.04118045361279712,0.1137141196070145,0.05325047621201837,0.21009371635669932,0.45474328302482586,0.2993947602418523,2.210118102893768,0.8636854739647116,2025-09-28,356062593024.0,large_cap,2025-09-29,130.71792602539062,90,0.34380597964450854,2025-12-29,0.63451188493159,2026-03-31,,
MSFT,2025-06-30,,281724000000.0,193893000000.0,128528000000.0,101832000000.0,160165000000.0,32488000000.0,32877000000.0,136162000000.0,-64551000000.0,71611000000.0,619003000000.0,60588000000.0,343479000000.0,30242000000.0,191131000000.0,141218000000.0,245122000000.0,0.1566996201307127,0.14932156232406713,-0.007378057806645577,0.6882374238616519,0.4562195624085985,0.3614601524896707,0.5685174142068123,0.48331700529596344,0.2541884965427156,0.22912850875324786,0.11531853871164686,0.11669932274140649,0.0978799779645656,0.17639506345366093,0.04885598292738484,1.3534464445042416,0.4551254194244616,2025-09-28,3134205460480.0,large_cap,2025-09-29,512.4689331054688,90,-0.05166787335026857,2025-12-29,-0.27767326072905285,2026-03-31,,
PG,2025-06-30,,84284000000.0,43120000000.0,20451000000.0,15974000000.0,23921000000.0,,22669000000.0,17817000000.0,-3773000000.0,14044000000.0,125231000000.0,35463000000.0,52012000000.0,9556000000.0,25392000000.0,36058000000.0,84039000000.0,0.024790868960807844,0.0029153131284285205,-0.021875555832379323,0.5116036258364577,0.24264391818138675,0.1895258886621423,0.2838142470694319,0.21139243510037492,0.16662711783968487,0.044765317260690045,0.0,0.26895970765507093,0.28318068209948016,0.6818234253633777,0.07630698469228865,0.7041987908369849,0.6730282438054476,2025-09-28,329659777024.0,large_cap,2025-09-29,150.2575225830078,90,-0.05177512524528349,2025-12-29,-0.0459014202606467,2026-03-31,,
PH,2025-06-30,,19850000000.0,7315000000.0,4060000000.0,3531000000.0,5423000000.0,,3255000000.0,3776000000.0,-435000000.0,3341000000.0,29494000000.0,9285000000.0,13682000000.0,467000000.0,6950000000.0,5819000000.0,19930000000.0,0.04537109887227908,-0.004014049172102352,-0.04938514804438143,0.3685138539042821,0.20453400503778338,0.17788413098236777,0.27319899244332496,0.19022670025188917,0.16831234256926952,0.021914357682619647,0.0,0.16397984886649875,0.31480979182206553,0.6786288554304927,0.01583372889401234,1.1943632926619694,0.6730182409981691,2025-09-28,108777250816.0,large_cap,2025-09-29,748.8524780273438,90,0.18433028920632877,2025-12-29,0.1927864239548156,2026-03-31,,
TEAM,2025-06-30,,5215304000.0,4320453000.0,-130392000.0,-256687000.0,24030000.0,2669312000.0,1766898000.0,1460393000.0,-44850000.0,1415543000.0,6041970000.0,1239331000.0,1345654000.0,2512874000.0,3891237000.0,3180859000.0,4358603000.0,0.23310842638600127,0.1965540334827467,-0.03655439290325457,0.828418247526894,-0.025001802387741922,-0.0492180321607331,0.0046075933445106935,0.28002068527548923,0.27142099482599674,0.008599690449492494,0.5118228966135052,0.3387909889816586,0.20512034981967803,0.9209878616642911,0.41590309121031716,1.2233289812594648,0.863179393475969,2025-09-28,22194536448.0,mid_cap,2025-09-29,165.30999755859375,90,-0.00798495000256605,2025-12-29,-0.5871393079186942,2026-03-31,,
CSCO,2025-07-31,,56654000000.0,36790000000.0,12504000000.0,10180000000.0,15504000000.0,9300000000.0,13958000000.0,14193000000.0,-905000000.0,13288000000.0,122291000000.0,28093000000.0,46843000000.0,8346000000.0,34986000000.0,35064000000.0,53803000000.0,-0.0560545984069617,0.05298961024478199,0.10904420865174369,0.6493804497475907,0.22070815829420695,0.17968722420305716,0.27366117132064816,0.25052070462809334,0.23454654569845024,0.015974158929643097,0.16415434038196774,0.24637271860768878,0.22972254703943873,0.599726746792477,0.06824705006909748,0.9977754962354551,0.4632720314659296,2025-10-29,466916868096.0,large_cap,2025-10-29,70.56795501708984,90,0.10387067039314513,2026-01-30,0.3015822614085566,2026-05-01,,
INTU,2025-07-31,,18831000000.0,14983000000.0,4938000000.0,3869000000.0,5890000000.0,2928000000.0,6636000000.0,6207000000.0,-124000000.0,6083000000.0,36958000000.0,6639000000.0,19710000000.0,2884000000.0,14107000000.0,10370000000.0,16285000000.0,0.13342149220489974,0.1563401903592263,0.022918698154326567,0.7956560989857151,0.2622271785884977,0.2054590834262652,0.3127821145982688,0.3296160586267325,0.3230311720036111,0.006584886623121448,0.1554882905846742,0.35239764218575753,0.17963634395800637,0.33683409436834094,0.07803452567779642,1.3603664416586307,0.5095243249093566,2025-10-29,109361717248.0,large_cap,2025-10-29,652.8165283203125,90,-0.23809690319871102,2026-01-30,-0.388740953646431,2026-05-01,,
PANW,2025-07-31,,9221500000.0,6769900000.0,1242900000.0,1133900000.0,1941000000.0,1984100000.0,3542900000.0,3716000000.0,-246200000.0,3469800000.0,23576200000.0,338200000.0,7824400000.0,2268600000.0,7522800000.0,7988000000.0,8027500000.0,0.16463795029523998,0.1487387106820306,-0.01589923961320938,0.734143035297945,0.1347828444396248,0.12296264165265955,0.21048636338990404,0.4029713170308518,0.37627284064414684,0.026698476386704983,0.21516022339098845,0.38419996746733176,0.014344975017178341,0.043223761566382086,0.0962241582612974,0.9417626439659489,0.3911359761115023,2025-10-29,196935139328.0,large_cap,2025-10-29,217.16000366210938,90,-0.18507092357550325,2026-01-30,-0.16614478367385488,2026-05-01,,
ZS,2025-07-31,,2673115000.0,2054937000.0,-127144000.0,-41478000.0,108119000.0,672485000.0,1507896000.0,972453000.0,-245760000.0,726693000.0,6419888000.0,1796576000.0,1799273000.0,2389023000.0,4894290000.0,2429611000.0,2167771000.0,0.34065266006659445,0.23311687443000206,-0.10753578563659238,0.7687424596397835,-0.047563984340366953,-0.015516728610628423,0.0404468195345131,0.36379018485923725,0.27185250166940067,0.09193768318983658,0.25157353873664245,0.5640969430795159,0.2798453804801579,0.9985010612619653,0.37212845457740074,2.0144335862819194,0.41638031691518607,2025-10-29,25895344128.0,mid_cap,2025-10-29,320.9599914550781,90,-0.376838235818468,2026-01-30,-0.5644005443645406,2026-05-01,,
ACN,2025-08-31,,69672977000.0,22235401000.0,10840988000.0,7678433000.0,11867333000.0,,11394413000.0,11474399000.0,-600039000.0,10874360000.0,65394897000.0,8182866000.0,31195446000.0,11478729000.0,28900689000.0,20352097000.0,64896464000.0,0.012239863382286664,0.07360205326441216,0.061362189882125495,0.31913952808418106,0.15559817402376822,0.11020675921455172,0.1703290645955892,0.16468937447584592,0.15607715456166024,0.008612219914185667,0.0,0.16354135406041284,0.1251300388163315,0.2623096332714717,0.17552943007158495,1.4200349477501015,1.0654191717742134,2025-11-29,103897767936.0,large_cap,2025-12-01,255.2652587890625,90,-0.18424425897348473,2026-03-04,,,,
AZO,2025-08-31,,18938717000.0,9966474000.0,3610156000.0,2498247000.0,4234327000.0,,6356318000.0,3117337000.0,-1327257000.0,1790080000.0,19355324000.0,12288796000.0,-3414313000.0,271803000.0,8341379000.0,9519397000.0,18490268000.0,0.059176641581137,0.024253245004344892,-0.03492339657679211,0.5262486365892685,0.1906230501253068,0.13191215645706095,0.22358045690212278,0.16460127684467749,0.0945196023574353,0.07008167448724219,0.0,0.3356255864639616,0.6349052074767645,3.5992001904922013,0.014042802900121951,0.8762507751278784,0.978475844682321,2025-11-29,55024222208.0,large_cap,2025-12-01,3946.989990234375,90,-0.0582697171270804,2026-03-04,,,,
COST,2025-08-31,,275235000000.0,35349000000.0,10383000000.0,8099000000.0,13398000000.0,,24966000000.0,13335000000.0,-5498000000.0,7837000000.0,77099000000.0,8173000000.0,29164000000.0,14161000000.0,38380000000.0,37108000000.0,254453000000.0,0.05020017334599025,0.08167323631476142,0.03147306296877117,0.12843206714262356,0.03772412665540356,0.029425763438516175,0.048678402092757096,0.0484495067851109,0.028473849619416135,0.01997565716569477,0.0,0.09070794048722002,0.10600656299044087,0.2802427650528048,0.18367293998625145,1.0342783227336423,3.569890660060442,2025-11-29,465369300992.0,large_cap,2025-12-01,909.396240234375,90,0.1054381649698366,2026-03-04,,,,
MU,2025-08-31,,37378000000.0,14873000000.0,9809000000.0,8539000000.0,18483000000.0,3798000000.0,1205000000.0,17525000000.0,-15857000000.0,1668000000.0,82798000000.0,15278000000.0,54165000000.0,9642000000.0,28841000000.0,11454000000.0,25111000000.0,0.6158944658944658,0.4885110111106685,-0.1273834547837973,0.39790786023864305,0.2624270961528172,0.22844989030980792,0.49448873669003157,0.46885868692813953,0.04462518058751137,0.4242335063406282,0.10161057306436941,0.0322382149927765,0.18452136525036836,0.28206406350964647,0.11645208821469118,2.5179849834119086,0.45143602502475905,2025-11-29,817223696384.0,large_cap,2025-12-01,240.26197814941406,90,0.6673536431186229,2026-03-04,,,,
AAPL,2025-09-30,,416161000000.0,195201000000.0,133050000000.0,112010000000.0,144748000000.0,34550000000.0,27601000000.0,111482000000.0,-12715000000.0,98767000000.0,359241000000.0,98657000000.0,73733000000.0,35934000000.0,147957000000.0,165631000000.0,391035000000.0,0.02021994077514111,0.06425511782832749,0.04403517705318638,0.4690516410716045,0.31970799762591884,0.2691506412181824,0.3478173110887373,0.26788190147563085,0.23732882225869315,0.030553079216937677,0.08302075398703868,0.06632288945864702,0.2746262258483859,1.3380304612588665,0.10002755810166435,0.8932929222186667,1.1584451663368045,2025-12-29,4409585041408.0,large_cap,2025-12-29,273.2523498535156,90,-0.07207977767981955,2026-03-31,,,,
APD,2025-09-30,,12037300000.0,3781300000.0,2889000000.0,-394500000.0,1337500000.0,96300000.0,906100000.0,3256800000.0,-7022600000.0,-3765800000.0,41059500000.0,18406200000.0,15024900000.0,1856000000.0,5825800000.0,4218600000.0,12100600000.0,-0.03963492063492069,-0.005231145563029949,0.03440377507189074,0.3141319066568084,0.24000398760519387,-0.03277313018700207,0.11111295722462679,0.27055901240311364,-0.31284424247962583,0.5834032548827395,0.008000132920173129,0.0752743555448481,0.4482811529609469,1.225046422937923,0.04520269365189542,1.3809794718627033,0.2931672329180823,2025-12-29,65775423488.0,large_cap,2025-12-29,244.5208740234375,90,0.18059447410657903,2026-03-31,,,,
EMR,2025-09-30,,18016000000.0,9519000000.0,3532000000.0,2293000000.0,4839000000.0,,5103000000.0,3098000000.0,-431000000.0,2667000000.0,41964000000.0,13759000000.0,20282000000.0,1544000000.0,8583000000.0,9797000000.0,17492000000.0,0.153445433564128,0.0299565515664304,-0.12348888199769759,0.528363676731794,0.19604795737122557,0.12727575488454707,0.2685945825932504,0.1719582593250444,0.14803507992895204,0.023923179396092363,0.0,0.28324822380106573,0.3278762749022972,0.6783847746770535,0.036793441997902965,0.8760845156680617,0.42932036984081595,2025-12-29,74521305088.0,large_cap,2025-12-29,134.16015625,90,-0.02733703959819478,2026-03-31,,,,
QCOM,2025-09-30,,44284000000.0,24546000000.0,12394000000.0,5541000000.0,14929000000.0,9042000000.0,3110000000.0,14012000000.0,-1192000000.0,12820000000.0,50143000000.0,14811000000.0,21206000000.0,5520000000.0,25754000000.0,9144000000.0,38962000000.0,0.08771635957565604,0.13659463066577682,0.04887827109012077,0.5542859723602204,0.2798753500135489,0.1251241983560654,0.3371195014000542,0.31641224821605995,0.28949507722879597,0.026917170987264025,0.20418209737151116,0.07022852497516033,0.29537522685120554,0.6984344053569744,0.11008515645254571,2.8164916885389326,0.8831541790479229,2025-12-29,212370472960.0,large_cap,2025-12-29,172.32359313964844,90,-0.25268504194352825,2026-03-31,,,,
SBUX,2025-09-30,,37184400000.0,8467300000.0,3580800000.0,1856400000.0,4821400000.0,,2617200000.0,4747500000.0,-2305500000.0,2442000000.0,32019700000.0,26611500000.0,-8096600000.0,3219800000.0,7382300000.0,10210400000.0,36176200000.0,0.005576001512135997,0.027869151541621395,0.022293150029485398,0.22771108314239305,0.09629844773614742,0.049924161745248004,0.12966190122739643,0.127674508664924,0.06567270145544905,0.06200180720947494,0.0,0.07038435472940266,0.8310977304596857,3.2867499938245683,0.10055684469248619,0.7230177074355559,1.1612975761796644,2025-12-29,121737052160.0,large_cap,2025-12-29,84.5262680053711,90,0.05373098197161186,2026-03-31,,,,
V,2025-09-30,,40000000000.0,32145000000.0,26556000000.0,20058000000.0,26003000000.0,,4369000000.0,23059000000.0,-1482000000.0,21577000000.0,99627000000.0,25171000000.0,37909000000.0,17164000000.0,37766000000.0,35048000000.0,35926000000.0,0.10023581294214923,0.11339976618604908,0.01316395324389985,0.803625,0.6639,0.50145,0.650075,0.576475,0.539425,0.03705,0.0,0.109225,0.2526523934274845,0.6639848057189586,0.17228261415078241,1.0775507874914403,0.4014975859957642,2025-12-29,619492999168.0,large_cap,2025-12-29,353.1481628417969,90,-0.1459258540407895,2026-03-31,,,,
AMAT,2025-10-31,,28368000000.0,13808000000.0,8470000000.0,6998000000.0,9975000000.0,3570000000.0,1768000000.0,7958000000.0,-2260000000.0,5698000000.0,36299000000.0,7050000000.0,20415000000.0,7241000000.0,20881000000.0,7999000000.0,27176000000.0,0.024851981747558094,0.04386223138063006,0.019010249633071963,0.4867456288776086,0.2985758601240835,0.24668640721940213,0.35162859560067683,0.28052735476593343,0.20086012408347434,0.07966723068245911,0.1258460236886633,0.06232374506486182,0.19422022645251935,0.3453343130051433,0.1994820793961266,2.6104513064133017,0.7815091324829885,2026-01-29,346505936896.0,large_cap,2026-01-29,340.9148254394531,90,0.15715117324645922,2026-04-30,,,,
AVGO,2025-10-31,,63887000000.0,43294000000.0,26075000000.0,23126000000.0,34714000000.0,10977000000.0,4211000000.0,27537000000.0,-623000000.0,26914000000.0,171092000000.0,65136000000.0,81292000000.0,16178000000.0,31573000000.0,18514000000.0,51574000000.0,0.43985035874815037,0.23874432853763516,-0.2011060302105152,0.6776652527118193,0.40814250160439525,0.3619828760154648,0.5433656299403634,0.4310266564402774,0.4212750637844945,0.009751592655782867,0.1718189929093556,0.06591325308748258,0.3807074556379024,0.8012596565467697,0.0945573141935333,1.7053581073782003,0.37340728964533704,2026-01-29,2013133668352.0,large_cap,2026-01-29,330.0376892089844,90,0.26479491986583037,2026-04-30,,,,
DE,2025-10-31,,44665000000.0,16295000000.0,8416000000.0,5027000000.0,11656000000.0,2311000000.0,4241000000.0,7459000000.0,-4228000000.0,3231000000.0,105996000000.0,64250000000.0,25950000000.0,8276000000.0,74902000000.0,32455000000.0,50518000000.0,-0.16149913690080997,-0.11585969357456749,0.04563944332624248,0.3648270457852905,0.18842494122915035,0.11254897570804881,0.2609649613791559,0.16699876861076907,0.07233852009403335,0.0946602485167357,0.051740736594649055,0.09495130415314004,0.6061549492433677,2.4759152215799616,0.07807841805351146,2.307872438761362,0.42138382580474737,2026-01-29,151754391552.0,large_cap,2026-01-29,528.524169921875,90,0.11607004690888689,2026-04-30,,,,
SNPS,2025-10-31,,7054178000.0,5430629000.0,914927000.0,1332220000.0,2500301000.0,2479338000.0,1843839000.0,1518608000.0,-169454000.0,1349154000.0,48224461000.0,14293418000.0,28327602000.0,2888030000.0,6012102000.0,3722494000.0,6127436000.0,0.15220381142283568,0.151244664162955,-0.0009591472598806661,0.7698457566565516,0.1297000160755796,0.18885545558958108,0.3544425728979337,0.21527781124887974,0.1912560187735552,0.02402179247532455,0.3514708588300437,0.26138254520937804,0.29639352526926116,0.5045756432189353,0.05988724270033832,1.61507365760697,0.1462780060932148,2026-01-29,96244596736.0,large_cap,2026-01-29,480.0,90,0.005416679382324263,2026-04-30,,,,
ADBE,2025-11-30,,23769000000.0,21218000000.0,8706000000.0,7130000000.0,9815000000.0,4294000000.0,8061000000.0,10031000000.0,-179000000.0,9852000000.0,29496000000.0,6648000000.0,11623000000.0,5431000000.0,10163000000.0,10200000000.0,21505000000.0,0.10799113813179462,0.10527784236224136,-0.002713295769553259,0.8926753334174765,0.36627540073204595,0.2999705498758888,0.4129328116454205,0.4220202785140309,0.41448946106272877,0.007530817451302116,0.1806554756195044,0.3391392149438344,0.22538649308380798,0.5719693710745934,0.18412666124220234,0.9963725490196078,0.8058380797396257,2026-02-28,100079919104.0,large_cap,2026-03-02,260.8800048828125,90,,,,,,
ABBV,2025-12-31,,61160000000.0,42956000000.0,20091000000.0,4226000000.0,17629000000.0,9096000000.0,14010000000.0,19030000000.0,-1214000000.0,17816000000.0,133960000000.0,67496000000.0,-3270000000.0,5229000000.0,29062000000.0,43289000000.0,56334000000.0,0.037114768584999513,0.08566762523520421,0.0485528566502047,0.7023544800523218,0.32849901896664485,0.06909744931327665,0.28824395029431,0.31115107913669066,0.29130150425114454,0.019849574885546107,0.1487246566383257,0.22907128842380642,0.5038518960883845,20.64097859327217,0.03903404001194386,0.6713483794959458,0.4565541952821738,2026-03-31,371715538944.0,large_cap,2026-03-31,215.7005157470703,90,,,,,,
ABT,2025-12-31,,44328000000.0,25009000000.0,8053000000.0,6524000000.0,12075000000.0,2942000000.0,12332000000.0,9566000000.0,-2171000000.0,7395000000.0,86713000000.0,13860000000.0,52130000000.0,8522000000.0,25996000000.0,16496000000.0,41950000000.0,0.045899922710613605,0.05668653158522052,0.010786608874606918,0.5641806533116765,0.18166847139505504,0.14717560007218913,0.27240119112073635,0.21580039704024545,0.1668245804006497,0.04897581663959574,0.06636888648258438,0.2781988810683992,0.15983762526956743,0.26587377709572224,0.09827822817801253,1.5758971871968963,0.5112036257539239,2026-03-31,147130957824.0,large_cap,2026-03-31,102.02989959716797,90,,,,,,
AEP,2025-12-31,,21876000000.0,13346000000.0,5385000000.0,3580000000.0,9239000000.0,,,6944000000.0,-8583000000.0,-1639000000.0,114460000000.0,49508000000.0,31138000000.0,197000000.0,6052000000.0,13314000000.0,19721000000.0,0.03893161942893264,0.1092743775670606,0.07034275813812796,0.6100749680014628,0.2461601755348327,0.16364966172974948,0.4223349789723898,0.31742548912049734,-0.07492228926677638,0.39234777838727375,0.0,0.0,0.43253538354010135,1.5899543965572611,0.0017211252839419884,0.4545591107105303,0.19112353660667483,2026-03-31,68094746624.0,large_cap,2026-03-31,130.13490295410156,90,,,,,,
AMD,2025-12-31,,34639000000.0,17152000000.0,3694000000.0,4335000000.0,7275000000.0,8091000000.0,4144000000.0,7709000000.0,-974000000.0,6735000000.0,76926000000.0,3847000000.0,62999000000.0,5539000000.0,26947000000.0,9455000000.0,25785000000.0,0.13690476190476186,0.3433779329067288,0.20647317100196694,0.4951644100580271,0.10664280146655504,0.12514795461762754,0.21002338404688356,0.22255261410548804,0.19443401945783653,0.02811859464765149,0.23358064609255463,0.11963393862409423,0.05000909965421314,0.0610644613406562,0.07200426383797416,2.850026441036489,0.4502898889842186,2026-03-31,691537707008.0,large_cap,2026-03-31,203.42999267578125,90,,,,,,
AMGN,2025-12-31,,36751000000.0,24714000000.0,9080000000.0,7711000000.0,16898000000.0,7272000000.0,7050000000.0,9958000000.0,-1858000000.0,8100000000.0,90586000000.0,54604000000.0,8658000000.0,9129000000.0,29057000000.0,25489000000.0,33424000000.0,0.18566867683575738,0.09953925323121116,-0.08612942360454623,0.6724714973742211,0.24706810699028597,0.20981741993415146,0.4597970123261952,0.27095861337106475,0.22040216592745776,0.050556447443606975,0.19787216674376207,0.19183151478871324,0.6027863025191531,6.306768306768307,0.10077716203386837,1.1399819529993331,0.40570286799284655,2026-03-31,176207396864.0,large_cap,2026-03-31,349.21295166015625,90,,,,,,
AMT,2025-12-31,,10644600000.0,7896500000.0,4929200000.0,2529500000.0,6445200000.0,,940700000.0,5464000000.0,-1680400000.0,3783600000.0,63190400000.0,44963900000.0,3652500000.0,1474800000.0,2741800000.0,6913800000.0,10127200000.0,0.011485987095743111,0.051090133501856316,0.039604146406113205,0.7418315389962986,0.4630704770493959,0.23763222666892134,0.605490107660222,0.5133119140221333,0.35544783270390623,0.15786408131822707,0.0,0.08837344756965973,0.711562199321416,12.310444900752909,0.023338988200739354,0.3965691804796205,0.16845280295741125,2026-03-31,79495331840.0,large_cap,2026-03-31,170.87271118164062,90,,,,,,
AMZN,2025-12-31,,716924000000.0,360510000000.0,79975000000.0,77670000000.0,165341000000.0,,58301000000.0,139514000000.0,-131819000000.0,7695000000.0,818042000000.0,152987000000.0,411065000000.0,86810000000.0,229083000000.0,218005000000.0,637959000000.0,0.1099089224666614,0.12377754683294695,0.013868624366285554,0.5028566486824266,0.11155296795755199,0.10833784334183261,0.23062556142631577,0.19460082240237458,0.010733355278941701,0.18386746712343288,0.0,0.08132103263386356,0.18701607007953136,0.37217228418863196,0.1061192457111004,1.0508153482718285,0.8763902097936291,2026-03-31,2841383010304.0,large_cap,2026-03-31,208.27000427246094,90,,,,,,
ANET,2025-12-31,,9005700000.0,5768700000.0,3856100000.0,3511400000.0,3928700000.0,1237300000.0,675300000.0,4371900000.0,-119500000.0,4252400000.0,19448600000.0,,12370500000.0,1963900000.0,16387000000.0,5376500000.0,7003100000.0,0.19502747346506943,0.28595907526666764,0.0909316018015982,0.6405609780472368,0.42818437211987964,0.3899086134337142,0.4362459331312391,0.4854592091675272,0.47218983532651543,0.013269373841011803,0.13739076362748037,0.07498584229987675,,,0.10097899077568566,3.0478936110852786,0.46305132503110763,2026-03-31,178764283904.0,large_cap,2026-03-31,122.77999877929688,90,,,,,,
AON,2025-12-31,,17181000000.0,8196000000.0,4709000000.0,3695000000.0,6540000000.0,,1953000000.0,3481000000.0,-263000000.0,3218000000.0,50784000000.0,16071000000.0,9352000000.0,1195000000.0,25774000000.0,23226000000.0,15698000000.0,0.17359449760765555,0.09447063320168181,-0.07912386440597374,0.47703858913916536,0.2740818345847157,0.21506315115534602,0.3806530469704907,0.20260753157557768,0.18729992433502124,0.015307607240556428,0.0,0.11367207962283918,0.3164579395085066,1.7184559452523525,0.023531033396345307,1.109704641350211,0.3383152173913043,2026-03-31,67750879232.0,large_cap,2026-03-31,321.93072509765625,90,,,,,,
APH,2025-12-31,,23094700000.0,8517700000.0,5972000000.0,4270300000.0,6890900000.0,,2545700000.0,5374700000.0,-996600000.0,4378100000.0,36236900000.0,15502000000.0,13413100000.0,11130600000.0,20267200000.0,6802800000.0,15222700000.0,0.21251005599496597,0.5171224552806006,0.30461239928563466,0.3688162219037268,0.25858746812039124,0.1849038956990132,0.2983758178283329,0.23272439131056044,0.18957163331846702,0.04315275799209342,0.0,0.11022875378333558,0.42779597592509294,1.1557358105136024,0.30716203648766865,2.979243840771447,0.63732548865935,2026-03-31,153779306496.0,large_cap,2026-03-31,126.3499984741211,90,,,,,,
AXP,2025-12-31,,72230000000.0,,,10833000000.0,,,15268000000.0,18428000000.0,-2425000000.0,16003000000.0,300052000000.0,57759000000.0,33474000000.0,47708000000.0,,,65949000000.0,0.0897959183673469,0.095240261414123,0.005444343046776101,,,0.1499792330056763,,0.255129447597951,0.22155614010798838,0.03357330748996262,0.0,0.21138031288938114,0.19249663391678776,1.7254884387883134,0.15899910682148427,,0.2407249410102249,2026-03-31,213895708672.0,large_cap,2026-03-31,301.5267639160156,90,,,,,,
BA,2025-12-31,,89463000000.0,4289000000.0,-5416000000.0,2235000000.0,7359000000.0,3615000000.0,6090000000.0,1065000000.0,-2951000000.0,-1886000000.0,168235000000.0,54433000000.0,5454000000.0,10921000000.0,128459000000.0,108115000000.0,66517000000.0,-0.1449597655346171,0.3449644451794278,0.4899242107140449,0.04794160714485318,-0.06053899377396242,0.024982394956574228,0.08225746956842493,0.011904362697427987,-0.02108134088952975,0.03298570358695774,0.04040776633915697,0.06807283457965863,0.3235533628555295,9.98038137147048,0.06491514845305674,1.1881700041622347,0.5317740065979136,2026-03-31,173812793344.0,large_cap,2026-03-31,199.02999877929688,90,,,,,,
BAC,2025-12-31,,113097000000.0,,,30509000000.0,,,52246000000.0,12613000000.0,,12613000000.0,3411738000000.0,365904000000.0,303243000000.0,239319000000.0,,,105856000000.0,0.030038241103834906,0.06840424727932293,0.03836600617548802,,,0.2697595869032777,,0.11152373626179297,0.11152373626179297,,0.0,0.46195743476838463,0.10724856363530845,1.2066362620076967,0.07014577321001789,,0.033149380169286154,2026-03-31,353197326336.0,large_cap,2026-03-31,48.75,90,,,,,,
BL,2025-12-31,,700427000.0,527042000.0,40178000.0,24518000.0,104912000.0,109202000.0,377662000.0,169567000.0,-34671000.0,134896000.0,1759519000.0,920407000.0,332326000.0,390034000.0,1025209000.0,695377000.0,653336000.0,0.10735666004515276,0.07207776702952229,-0.035278893015630475,0.7524581433896752,0.057362151944456735,0.03500436162512296,0.14978291813422384,0.2420908959820224,0.1925910908631449,0.049499805118877485,0.15590775341327504,0.5391882380319434,0.5231014839851118,2.769590703104783,0.22167080889720428,1.4743211236494735,0.3980786794572835,2026-03-31,1598509952.0,low_cap,2026-03-31,37.0,90,,,,,,
BLK,2025-12-31,,24216000000.0,11310000000.0,7909000000.0,5553000000.0,9359000000.0,,2626000000.0,3927000000.0,-375000000.0,3552000000.0,169998000000.0,14996000000.0,55888000000.0,11468000000.0,27424000000.0,1740000000.0,20407000000.0,0.14267316199115299,0.1866516391434312,0.043978477152278206,0.4670465807730426,0.326602246448629,0.22931119920713577,0.3864800132144037,0.16216551040634292,0.1466798810703667,0.015485629335976215,0.0,0.1084407003633961,0.08821280250355887,0.26832235900372176,0.06745961717196673,15.760919540229885,0.14244873469099636,2026-03-31,167947649024.0,large_cap,2026-03-31,961.7100219726562,90,,,,,,
BMY,2025-12-31,,48195000000.0,34259000000.0,13724000000.0,7054000000.0,15230000000.0,9951000000.0,7267000000.0,14156000000.0,-1311000000.0,12845000000.0,90038000000.0,47139000000.0,18473000000.0,10209000000.0,29390000000.0,23417000000.0,48300000000.0,0.07319024130115981,-0.0021739130434782483,-0.07536415434463806,0.7108413735864716,0.2847598298578691,0.14636373067745617,0.31600788463533563,0.29372341529204277,0.2665214233841685,0.02720199190787426,0.20647370059134765,0.15078327627347235,0.5235456140740576,2.5517782709900936,0.1133854594726671,1.2550711021907162,0.5352739954241542,2026-03-31,116398063616.0,large_cap,2026-03-31,60.03102493286133,90,,,,,,
BROS,2025-12-31,,1638159000.0,423946000.0,161180000.0,79842000.0,279061000.0,,259387000.0,295545000.0,-241134000.0,54411000.0,3009314000.0,1089022000.0,680818000.0,269404000.0,357378000.0,240499000.0,1281015000.0,0.3264100578187903,0.27879767215840556,-0.047612385660384726,0.2587941707734109,0.09839093763181718,0.04873885868221583,0.17035037502464656,0.18041289032383304,0.03321472457801715,0.14719816574581587,0.0,0.15834055180235862,0.3618838047475272,1.5995787420426604,0.08952339303907801,1.485985388712635,0.5443629345425569,2026-03-31,8910600192.0,low_cap,2026-03-31,50.65999984741211,90,,,,,,
BSX,2025-12-31,,20074000000.0,13853000000.0,3971000000.0,2898000000.0,5102000000.0,2052000000.0,6887000000.0,4534000000.0,-1130000000.0,3404000000.0,43673000000.0,11436000000.0,24232000000.0,1965000000.0,8794000000.0,5439000000.0,16747000000.0,0.17605337078651684,0.1986624470054339,0.022609076218917057,0.6900966424230348,0.19781807312942115,0.14436584636843677,0.2541596094450533,0.2258643020822955,0.16957258144864004,0.05629172063365547,0.1022217794161602,0.3430806017734383,0.26185515077965793,0.4719379333113239,0.04499347422892863,1.6168413311270453,0.45964325784809834,2026-03-31,78301192192.0,large_cap,2026-03-31,62.75,90,,,,,,
BX,2025-12-31,,12410012000.0,,,3019214000.0,,,1573764000.0,4663161000.0,-115703000.0,4547458000.0,47708975000.0,13306165000.0,8665526000.0,2631241000.0,,,10930540000.0,0.5600239144275674,0.135352141797203,-0.4246717726303644,,,0.2432885641045311,,0.3757579767046156,0.3664346174685407,0.009323359236074873,0.0,0.1268140594868079,0.27890276410256143,1.5355288299867775,0.05515190800053868,,0.2601190237266678,2026-03-31,144092463104.0,large_cap,2026-03-31,113.93429565429688,90,,,,,,
C,2025-12-31,,85213000000.0,,,14306000000.0,,,30823000000.0,-67632000000.0,-6520000000.0,-74152000000.0,2657202000000.0,367705000000.0,212291000000.0,349579000000.0,,,80672000000.0,0.033064412856959935,0.05628966679888925,0.023225253941929314,,,0.16788518183845189,,-0.7936817152312441,-0.870195862133712,0.07651414690246794,0.0,0.3617171088918357,0.13838052206794968,1.732080022233632,0.13155906099724446,,0.03206869481507239,2026-03-31,210502303744.0,large_cap,2026-03-31,112.87606048583984,90,,,,,,
CAT,2025-12-31,,67589000000.0,21478000000.0,11151000000.0,8884000000.0,14305000000.0,2148000000.0,6985000000.0,11739000000.0,-4286000000.0,7453000000.0,98585000000.0,43330000000.0,21318000000.0,9980000000.0,52485000000.0,36558000000.0,64809000000.0,-0.03356695496570239,0.04289527689055528,0.07646223185625767,0.3177736022133779,0.16498246756128956,0.1314415067540576,0.21164686561422716,0.17368210803533118,0.11026942253917058,0.06341268549616062,0.03178031928272352,0.103345218896566,0.43951919663234773,2.03255464865372,0.10123243901202009,1.4356638765796816,0.6855911142668762,2026-03-31,409148456960.0,large_cap,2026-03-31,707.1138305664062,90,,,,,,
CB,2025-12-31,,59783000000.0,,,10310000000.0,,,4504000000.0,12816000000.0,,12816000000.0,272327000000.0,17227000000.0,73757000000.0,2272000000.0,,,56010000000.0,0.12411190944486816,0.06736297089805388,-0.05674893854681429,,,0.1724570530083803,,0.2143753240887878,0.2143753240887878,,0.0,0.07533914323469883,0.0632585090718144,0.2335642718657212,0.00834291127945448,,0.21952652509666687,2026-03-31,125724844032.0,large_cap,2026-03-31,325.92999267578125,90,,,,,,
CDNS,2025-12-31,,5296759000.0,4574510000.0,1649781000.0,1108888000.0,1872428000.0,1768772000.0,1116020000.0,1728781000.0,-141871000.0,1586910000.0,10153148000.0,2616439000.0,5474181000.0,3001317000.0,4669673000.0,1635291000.0,4641264000.0,0.13478725844049344,0.14123200059294194,0.006444742152448502,0.8636432203164237,0.311469900744965,0.20935217177145496,0.3535044732071065,0.3263846816515533,0.2996001894743559,0.026784492177197413,0.3339347703001024,0.21069865553633835,0.2576973171276534,0.477959899389516,0.29560457505396354,2.855560875709583,0.5216863774663779,2026-03-31,95774343168.0,large_cap,2026-03-31,277.8699951171875,90,,,,,,
CELH,2025-12-31,,2515269000.0,1267333000.0,468523000.0,107999000.0,203461000.0,,798810000.0,359442000.0,-36067000.0,323375000.0,5119621000.0,669926000.0,2941442000.0,398866000.0,1811154000.0,1078726000.0,1355630000.0,0.028539909287761844,0.8554244152165413,0.8268845059287795,0.5038558500104761,0.18627152801549257,0.04293735580568122,0.08089035407346093,0.14290399953245558,0.12856477776333267,0.014339221769122905,0.0,0.31758432199498343,0.13085460818291042,0.22775427834375112,0.07790928273792141,1.6789750131173253,0.49129984426581574,2026-03-31,7710112768.0,low_cap,2026-03-31,35.47999954223633,90,,,,,,
CI,2025-12-31,,274876000000.0,,,5957000000.0,,,14617000000.0,9601000000.0,-1212000000.0,8389000000.0,157919000000.0,31463000000.0,41713000000.0,7676000000.0,47814000000.0,56342000000.0,244384000000.0,0.25205059763201443,0.12477085242896435,-0.12727974520305008,,,0.02167159009880819,,0.034928476840466245,0.030519215937368123,0.004409260903098124,0.0,0.05317670513249611,0.19923505088051469,0.7542732481480594,0.04860719736067225,0.8486386709736964,1.7406138590036664,2026-03-31,75463155712.0,large_cap,2026-03-31,266.75,90,,,,,,
CL,2025-12-31,,20382000000.0,12251000000.0,4233000000.0,2132000000.0,3956000000.0,,7903000000.0,4198000000.0,-564000000.0,3634000000.0,16330000000.0,8554000000.0,54000000.0,1288000000.0,5709000000.0,6853000000.0,20101000000.0,0.03309862774322858,0.013979404009750729,-0.019119223733477853,0.6010695711902659,0.20768324992640566,0.10460209989206162,0.1940928270042194,0.20596604847414385,0.17829457364341086,0.027671474830733,0.0,0.38774408792071435,0.5238211879975505,158.40740740740742,0.07887323943661972,0.8330658105939005,1.248132271892223,2026-03-31,70520684544.0,large_cap,2026-03-31,84.7035903930664,90,,,,,,
CME,2025-12-31,,6520600000.0,5613600000.0,4229500000.0,4072200000.0,5834800000.0,,150500000.0,4277100000.0,-83500000.0,4193600000.0,198424200000.0,3422300000.0,28728200000.0,4416900000.0,165359300000.0,160296700000.0,6130100000.0,0.09880083887504698,0.06370206032528025,-0.03509877854976673,0.8609023709474588,0.6486366285311168,0.624513081618256,0.8948256295432936,0.6559365702542711,0.6431310002147042,0.012805570039566911,0.0,0.023080698095267308,0.017247392203168767,0.11912685096873456,0.022259885638949282,1.031582683860616,0.03286191906027591,2026-03-31,108294709248.0,large_cap,2026-03-31,295.3500061035156,90,,,,,,
CMG,2025-12-31,,11925601000.0,3026207000.0,2012808000.0,1535761000.0,2374190000.0,,652017000.0,2113926000.0,-666336000.0,1447590000.0,8994531000.0,5075814000.0,2830607000.0,350545000.0,1466953000.0,1188142000.0,11313853000.0,0.14609555100672633,0.05407070429499128,-0.09202484671173505,0.253757190098847,0.16878042456728176,0.12877849929743582,0.19908346757534484,0.1772594940917443,0.12138507736423515,0.05587441672750916,0.0,0.05467372252350217,0.5643222531558344,1.79318923467652,0.038973127114687804,1.2346613451927464,1.3258724662797872,2026-03-31,41881264128.0,mid_cap,2026-03-31,32.0099983215332,90,,,,,,
COIN,2025-12-31,,7181325000.0,5360105000.0,1456145000.0,1260327000.0,1795906000.0,1670605000.0,1877229000.0,2426383000.0,,2426383000.0,29671832000.0,7831459000.0,14793058000.0,11285452000.0,20388445000.0,8701282000.0,6564028000.0,1.1117178931939855,0.09404240810672948,-1.017675485087256,0.7463949897825262,0.20276829136684385,0.1755006214034318,0.2500800339770168,0.3378739995752873,0.3378739995752873,,0.23263186111198142,0.261404267318357,0.2639358095583717,0.5294009527982653,0.38034227209159177,2.3431541467107952,0.24202499528846078,2026-03-31,51488137216.0,large_cap,2026-03-31,174.61000061035156,90,,,,,,
COP,2025-12-31,,58944000000.0,14788000000.0,11342000000.0,7988000000.0,25570000000.0,,893000000.0,19796000000.0,-12553000000.0,7243000000.0,121939000000.0,23444000000.0,64487000000.0,6497000000.0,15532000000.0,11972000000.0,54745000000.0,-0.024865962487308768,0.07670106859073877,0.10156703107804754,0.2508821932681867,0.19241992399565688,0.1355184581976113,0.4338015743756786,0.3358441910966341,0.12287934310532031,0.2129648479913138,0.0,0.015149972855591748,0.19226006445845872,0.36354614108269884,0.053280738730020746,1.297360507851654,0.4833892356014073,2026-03-31,149131378688.0,large_cap,2026-03-31,131.02626037597656,90,,,,,,
CROX,2025-12-31,,4040647000.0,2357055000.0,887630000.0,-81198000.0,240547000.0,,1435580000.0,710431000.0,-51231000.0,659200000.0,4174750000.0,1613849000.0,1293283000.0,130354000.0,885883000.0,700129000.0,4102108000.0,0.035272276759203525,-0.014982784461062493,-0.05025506122026602,0.5833360350458726,0.21967521538011114,-0.020095296619576025,0.05953180270387391,0.175821099937708,0.16314218985226872,0.012678910085439287,0.0,0.3552846858436285,0.3865738068147793,1.2478699557637423,0.031224384693694235,1.2653139635695707,0.9678775974609258,2026-03-31,4717535232.0,low_cap,2026-03-31,83.0199966430664,90,,,,,,
CSX,2025-12-31,,14092000000.0,4685000000.0,4718000000.0,2889000000.0,6293000000.0,,-33000000.0,4613000000.0,-2902000000.0,1711000000.0,43682000000.0,19352000000.0,13155000000.0,670000000.0,2550000000.0,3133000000.0,14540000000.0,-0.007982533942825998,-0.030811554332874858,-0.02282902039004886,0.3324581322736304,0.33479988646040304,0.20500993471473175,0.44656542719273346,0.327348850411581,0.12141640647175703,0.20593244393982402,0.0,-0.002341754186772637,0.4430200082413809,1.4710756366400608,0.015338125543702211,0.8139163740823492,0.3226042763609725,2026-03-31,84842618880.0,large_cap,2026-03-31,41.04999923706055,90,,,,,,
CVX,2025-12-31,,184432000000.0,56086000000.0,16674000000.0,12299000000.0,41417000000.0,,5126000000.0,33939000000.0,-17347000000.0,16592000000.0,324012000000.0,40758000000.0,186450000000.0,6293000000.0,38552000000.0,33387000000.0,193414000000.0,-0.017769268661794846,-0.046439244315302886,-0.02866997565350804,0.30410124056562854,0.0904073045892253,0.06668582458575519,0.2245651513837078,0.18401904224863364,0.08996269627830311,0.09405634597033052,0.0,0.02779344148520864,0.12579163734676493,0.21860016090104586,0.019422120168388825,1.1547009315002845,0.5692134859202745,2026-03-31,380594323456.0,large_cap,2026-03-31,206.89999389648438,90,,,,,,
DDOG,2025-12-31,,3427158000.0,2740201000.0,-44373000.0,107741000.0,193836000.0,1548451000.0,1236123000.0,1050135000.0,-135418000.0,914717000.0,6643844000.0,1279005000.0,3732206000.0,401305000.0,5382280000.0,1591401000.0,2684275000.0,0.2611946574802466,0.2767536858183308,0.015559028338084202,0.7995549081775629,-0.012947462591453327,0.03143741840907247,0.056558816372049375,0.30641569487021025,0.2669024888843759,0.039513205985834327,0.45181780355618273,0.3606845672128335,0.1925097880082675,0.34269410638105186,0.060402532028145155,3.382101682731128,0.5158396253735037,2026-03-31,74032603136.0,large_cap,2026-03-31,118.05000305175781,90,,,,,,
DHR,2025-12-31,,24568000000.0,14523000000.0,4690000000.0,3614000000.0,6945000000.0,1598000000.0,8235000000.0,6416000000.0,-1156000000.0,5260000000.0,83464000000.0,19696000000.0,52534000000.0,4615000000.0,12756000000.0,6807000000.0,23875000000.0,-0.0006278777731267837,0.02902617801047125,0.029654055783598032,0.5911348095083034,0.19089873005535657,0.14710192119830673,0.2826847932269619,0.2611527189840443,0.2140996418104852,0.0470530771735591,0.06504395962227287,0.33519211983067404,0.23598198025496023,0.3749191000114212,0.05529330010543468,1.873953283384751,0.29435445221892076,2026-03-31,114595143680.0,large_cap,2026-03-31,189.60000610351562,90,,,,,,
DPZ,2025-12-31,,4939994000.0,1973560000.0,949946000.0,601704000.0,1055137000.0,,1023614000.0,792062000.0,-120558000.0,671504000.0,1716459000.0,5048284000.0,-3901142000.0,125675000.0,894201000.0,541621000.0,4706416000.0,0.05068985332273068,0.04962969699236108,-0.0010601563303695993,0.3995065581051313,0.1922969946927061,0.12180257708815032,0.21359074525191732,0.16033663198781212,0.13593214890544403,0.024404483082368117,0.0,0.2072095634124252,2.9411037490554683,1.294052869646888,0.07321759506052868,1.6509718050075606,2.8780145637035317,2026-03-31,10054730752.0,mid_cap,2026-03-31,358.7900085449219,90,,,,,,
DUK,2025-12-31,,32237000000.0,16498000000.0,8577000000.0,4968000000.0,17050000000.0,,,12330000000.0,-14024000000.0,-1694000000.0,195736000000.0,90869000000.0,51842000000.0,245000000.0,11613000000.0,21047000000.0,30357000000.0,0.044631796283551184,0.06192970319860325,0.017297906915052064,0.5117721872382666,0.2660607376616931,0.15410863293730806,0.5288953686757453,0.3824797592828117,-0.05254831404907404,0.4350280733318857,0.0,0.0,0.4642426533698451,1.7528066046834614,0.0012516859443331835,0.5517650971634912,0.1646963256631381,2026-03-31,94292164608.0,large_cap,2026-03-31,129.81820678710938,90,,,,,,
DUOL,2025-12-31,,1037589000.0,749457000.0,135570000.0,414065000.0,149961000.0,306323000.0,307564000.0,387823000.0,-27399000.0,360424000.0,1992182000.0,93779000.0,1347006000.0,1036389000.0,1436606000.0,551148000.0,748024000.0,0.4084189874394899,0.38710656342577243,-0.021312424013717468,0.7223062310799363,0.13065867120796384,0.39906456217249797,0.14452832479912567,0.3737732377656278,0.34736682829135623,0.026406409474271603,0.29522575894694336,0.29642180092502907,0.04707351035196584,0.06962032834300663,0.5202280715316171,2.6065702860211775,0.5208304261357647,2026-03-31,5221224448.0,low_cap,2026-03-31,98.56999969482422,90,,,,,,
DXCM,2025-12-31,,4662000000.0,2801900000.0,911800000.0,836300000.0,1358500000.0,599100000.0,1291000000.0,1440700000.0,-363500000.0,1077200000.0,6339900000.0,1389700000.0,2746000000.0,917700000.0,4033300000.0,2142500000.0,4033000000.0,0.11338100102145043,0.15596330275229353,0.0425823017308431,0.601008151008151,0.19558129558129558,0.17938652938652938,0.2913985413985414,0.309030459030459,0.23105963105963107,0.07797082797082797,0.12850707850707851,0.2769197769197769,0.21919904099433746,0.506081573197378,0.1447499171911229,1.8825204200700116,0.7353428287512421,2026-03-31,23781353472.0,mid_cap,2026-03-31,62.79999923706055,90,,,,,,
ECL,2025-12-31,,16081200000.0,7150400000.0,2892500000.0,2075600000.0,3830500000.0,,4257900000.0,2952600000.0,-1048300000.0,1904300000.0,24696300000.0,8997500000.0,9770800000.0,646200000.0,5955600000.0,5534700000.0,15741400000.0,0.02749311366692342,0.021586390028841107,-0.005906723638082312,0.44464343456955946,0.17986841777976767,0.12906996990274358,0.23819739820411412,0.18360570106708454,0.11841777976767903,0.06518792129940551,0.0,0.2647750167897918,0.36432583018508846,0.9208560199778933,0.026165862902540058,1.0760474822483603,0.651158270672125,2026-03-31,69689556992.0,large_cap,2026-03-31,266.0199890136719,90,,,,,,
ELV,2025-12-31,,199125000000.0,,,5662000000.0,,,,4290000000.0,-1116000000.0,3174000000.0,121494000000.0,32046000000.0,43882000000.0,9491000000.0,,,176810000000.0,0.03192482782771089,0.12620892483456814,0.09428409700685725,,,0.028434400502197112,,0.021544256120527308,0.015939736346516006,0.005604519774011299,0.0,0.0,0.2637661119067608,0.7302766510186409,0.07811908406999522,,1.6389698256704035,2026-03-31,85275320320.0,large_cap,2026-03-31,292.75,90,,,,,,
ENPH,2025-12-31,,1472985000.0,687004000.0,164657000.0,172133000.0,289980000.0,189075000.0,333272000.0,136540000.0,-40639000.0,95901000.0,3509792000.0,1212588000.0,1087023000.0,474318000.0,2606860000.0,1262150000.0,1330383000.0,-0.41924605790326985,0.10718868175555452,0.5264347396588244,0.4664025770798752,0.11178457350210627,0.11685998160198509,0.19686554852900742,0.09269612385733732,0.06510656931333313,0.02758955454400418,0.12836179594496888,0.22625620763280005,0.3454871399786654,1.1155127352411127,0.13514134170913833,2.0654121934793803,0.4196787160036834,2026-03-31,6970807808.0,low_cap,2026-03-31,37.810001373291016,90,,,,,,
EOG,2025-12-31,,22582000000.0,14312000000.0,7250000000.0,4980000000.0,11058000000.0,,5615000000.0,10044000000.0,-6594000000.0,3450000000.0,51799000000.0,8408000000.0,29833000000.0,3396000000.0,7656000000.0,4691000000.0,23378000000.0,0.008454835648347814,-0.03404910599709132,-0.042503941645439136,0.6337791161101762,0.32105216544150206,0.2205296253653352,0.48968204764856965,0.4447790275440616,0.1527765476928527,0.2920024798512089,0.0,0.24864936675228058,0.1623197359022375,0.2818355512352093,0.06556111121836329,1.6320613941590278,0.4359543620533215,2026-03-31,74706477056.0,large_cap,2026-03-31,143.45616149902344,90,,,,,,
EQIX,2025-12-31,,9217000000.0,4709000000.0,1966000000.0,1350000000.0,4101000000.0,,2743000000.0,3911000000.0,-4311000000.0,-400000000.0,40141000000.0,22726000000.0,14156000000.0,1727000000.0,5125000000.0,3893000000.0,8748000000.0,0.06839276990718135,0.05361225422953808,-0.014780515677643269,0.5109037647824671,0.2133015080828903,0.1464684821525442,0.4449387002278399,0.42432461755451883,-0.04339806878593903,0.4677226863404578,0.0,0.29760225669957685,0.5661543060710994,1.6053970048036168,0.04302334271692285,1.3164654508091447,0.22961560499240177,2026-03-31,104486469632.0,large_cap,2026-03-31,980.239990234375,90,,,,,,
ETN,2025-12-31,,27448000000.0,10317000000.0,5209000000.0,4087000000.0,6179000000.0,797000000.0,4311000000.0,4472000000.0,-919000000.0,3553000000.0,41251000000.0,10532000000.0,19425000000.0,622000000.0,12355000000.0,9370000000.0,24878000000.0,0.07251250215554417,0.10330412412573353,0.030791621970189365,0.3758743806470417,0.18977703293500436,0.1488997376858059,0.22511658408627222,0.16292626056543283,0.12944476828912854,0.03348149227630429,0.02903672398717575,0.15706062372486157,0.25531502266611716,0.5421879021879021,0.015078422341276576,1.3185699039487726,0.6653899299410924,2026-03-31,155102560256.0,large_cap,2026-03-31,356.684326171875,90,,,,,,
EXC,2025-12-31,,24258000000.0,10414000000.0,5145000000.0,2768000000.0,9058000000.0,,,6254000000.0,-8529000000.0,-2275000000.0,116570000000.0,50080000000.0,28798000000.0,626000000.0,9546000000.0,10331000000.0,23028000000.0,0.05987941271229347,0.05341323606044823,-0.006466176651845235,0.42930167367466404,0.2120949789760079,0.11410668645395333,0.37340258883667243,0.2578118558825954,-0.09378349410503752,0.3515953499876329,0.0,0.0,0.42961310800377456,1.739009653448156,0.005370163850047182,0.9240151001839125,0.20809813845757913,2026-03-31,44386770944.0,mid_cap,2026-03-31,49.02000045776367,90,,,,,,
FCX,2025-12-31,,25915000000.0,7297000000.0,6502000000.0,2204000000.0,8985000000.0,,545000000.0,5610000000.0,-4494000000.0,1116000000.0,58167000000.0,10492000000.0,18899000000.0,3824000000.0,13790000000.0,6019000000.0,25455000000.0,0.1137606650623495,0.01807110587310934,-0.09568955918924016,0.28157437777349026,0.2508971638047463,0.08504726992089523,0.34671039938259696,0.2164769438549103,0.043063862627821727,0.17341308122708857,0.0,0.021030291337063477,0.18037718981553114,0.5551616487644849,0.06574174360032321,2.291078252201362,0.4455275327935084,2026-03-31,90580639744.0,large_cap,2026-03-31,58.65085220336914,90,,,,,,
GD,2025-12-31,,52550000000.0,7951000000.0,5356000000.0,4210000000.0,6429000000.0,,2595000000.0,5120000000.0,-1161000000.0,3959000000.0,57249000000.0,9789000000.0,25622000000.0,2333000000.0,24248000000.0,16796000000.0,47716000000.0,0.12878501135503417,0.10130773744655874,-0.02747727390847543,0.1513035204567079,0.10192197906755471,0.08011417697431018,0.1223406279733587,0.09743101807802093,0.07533777354900095,0.022093244529019982,0.0,0.04938154138915319,0.17098988628622333,0.38205448442744516,0.040751803524952404,1.4436770659680875,0.9179199636674876,2026-03-31,90458890240.0,large_cap,2026-03-31,341.6331481933594,90,,,,,,
GE,2025-12-31,,45855000000.0,14438000000.0,8680000000.0,8704000000.0,12063000000.0,1580000000.0,4178000000.0,8537000000.0,-1273000000.0,7264000000.0,130169000000.0,20495000000.0,18677000000.0,12392000000.0,40595000000.0,38981000000.0,38702000000.0,0.09488514201652154,0.1848224897938091,0.08993734777728757,0.3148620652055392,0.18929233453276634,0.1898157234761749,0.2630683676807327,0.18617380874495693,0.15841238687166068,0.02776142187329626,0.03445643877439756,0.09111329189837532,0.15744916224293035,1.09733897306848,0.09519931780992402,1.0414047869474872,0.35227281457182585,2026-03-31,294150897664.0,large_cap,2026-03-31,283.7699890136719,90,,,,,,
GILD,2025-12-31,,29442000000.0,23208000000.0,11701000000.0,8510000000.0,13580000000.0,5799000000.0,5708000000.0,10019000000.0,-563000000.0,9456000000.0,59023000000.0,24936000000.0,22702000000.0,7564000000.0,18342000000.0,11813000000.0,28754000000.0,0.06040713969612033,0.0239271057939765,-0.03648003390214383,0.7882616670063175,0.3974254466408532,0.2890428639358739,0.461245839277223,0.34029617553155356,0.32117383329936827,0.019122342232185313,0.1969635214998981,0.19387269886556618,0.42247937244802874,1.0984054268346402,0.128153431713061,1.5526961821721832,0.4988224929264863,2026-03-31,160882638848.0,large_cap,2026-03-31,139.3699951171875,90,,,,,,
GOOGL,2025-12-31,,402836000000.0,240301000000.0,129039000000.0,132170000000.0,180698000000.0,61087000000.0,50175000000.0,164713000000.0,-91447000000.0,73266000000.0,595281000000.0,59291000000.0,415265000000.0,30708000000.0,206038000000.0,102745000000.0,350018000000.0,0.1386624332290156,0.1509008108154437,0.012238377586428095,0.5965231508603998,0.32032638592380025,0.3280987796522654,0.44856467644401193,0.40888351587246424,0.18187550268595656,0.22700801318650765,0.15164235569810047,0.12455440923849904,0.09960170070941286,0.14277870757227312,0.05158572170117978,2.005333592875566,0.6767157023321759,2026-03-31,4807165739008.0,large_cap,2026-03-31,287.55999755859375,90,,,,,,
GS,2025-12-31,,58283000000.0,,,17176000000.0,,,19616000000.0,-45154000000.0,-2064000000.0,-47218000000.0,1809320000000.0,386150000000.0,124972000000.0,164259000000.0,,,53512000000.0,0.1569161586024992,0.08915757213335329,-0.0677585864691459,,,0.2946999982842338,,-0.7747370588336222,-0.8101504726935813,0.035413413859959164,0.0,0.33656469296364294,0.2134227223487277,3.089892135838428,0.09078493577697698,,0.03221265447792541,2026-03-31,279805689856.0,large_cap,2026-03-31,845.989990234375,90,,,,,,
HCA,2025-12-31,,75600000000.0,31374000000.0,11965000000.0,6784000000.0,15603000000.0,,,12636000000.0,-4944000000.0,7692000000.0,60720000000.0,48697000000.0,-6027000000.0,1040000000.0,15783000000.0,16350000000.0,70603000000.0,0.0867350080039404,0.07077602934719485,-0.01595897865674556,0.415,0.15826719576719578,0.08973544973544974,0.2063888888888889,0.16714285714285715,0.10174603174603175,0.0653968253968254,0.0,0.0,0.8019927536231884,8.079807532769205,0.017127799736495388,0.9653211009174312,1.2450592885375493,2026-03-31,93838237696.0,large_cap,2026-03-31,473.239990234375,90,,,,,,
HON,2025-12-31,,37442000000.0,13829000000.0,6567000000.0,4729000000.0,8208000000.0,1812000000.0,5450000000.0,6408000000.0,-986000000.0,5422000000.0,73681000000.0,35563000000.0,13904000000.0,12487000000.0,30387000000.0,23414000000.0,34717000000.0,0.051743463903783926,0.07849180516749721,0.026748341263713282,0.3693445862934672,0.17539127183376957,0.12630201378131511,0.21921905881096096,0.17114470380855723,0.14481064045724054,0.026334063351316703,0.048394850702419744,0.14555846375727793,0.482661744547441,2.5577531645569622,0.16947381278755716,1.2978132741095072,0.5081635699841207,2026-03-31,135120191488.0,large_cap,2026-03-31,224.79457092285156,90,,,,,,
IBM,2025-12-31,,67536000000.0,39297000000.0,12492000000.0,10593000000.0,17284000000.0,8316000000.0,18141000000.0,13193000000.0,-1738000000.0,11455000000.0,151880000000.0,64607000000.0,32648000000.0,13587000000.0,36944000000.0,38658000000.0,62753000000.0,0.014435822825735523,0.07621946361130139,0.06178364078556586,0.5818674484719261,0.1849680170575693,0.15684968017057568,0.25592276711679696,0.19534766642975598,0.16961324330727315,0.025734423122482825,0.12313432835820895,0.2686122956645345,0.42538188043191993,1.978896103896104,0.08945878324993416,0.9556624760722231,0.44466684224387676,2026-03-31,206116847616.0,large_cap,2026-03-31,240.61904907226562,90,,,,,,
ICE,2025-12-31,,12640000000.0,7098000000.0,4999000000.0,3315000000.0,6709000000.0,,539000000.0,4662000000.0,-791000000.0,3871000000.0,136887000000.0,20279000000.0,28915000000.0,837000000.0,85778000000.0,84116000000.0,11761000000.0,0.18761991315762905,0.07473854264093194,-0.11288137051669711,0.5615506329113924,0.3954905063291139,0.2622626582278481,0.5307753164556962,0.36882911392405066,0.30625,0.06257911392405063,0.0,0.04264240506329114,0.1481440896505877,0.7013314888466194,0.00611453242455456,1.0197584288363688,0.09233893649506528,2026-03-31,87292510208.0,large_cap,2026-03-31,157.27999877929688,90,,,,,,
INTC,2025-12-31,,52853000000.0,18375000000.0,-23000000.0,-267000000.0,14354000000.0,13774000000.0,4624000000.0,9697000000.0,-14646000000.0,-4949000000.0,211429000000.0,46585000000.0,114281000000.0,14265000000.0,63688000000.0,31575000000.0,53101000000.0,-0.02078262152393595,-0.004670345191239322,0.01611227633269663,0.34766238434904356,-0.0004351692429947212,-0.005051747299112633,0.2715834484324447,0.18347113692694833,-0.0936370688513424,0.2771082057782907,0.26060961534823,0.0874879382438083,0.22033401283646048,0.4076355649670549,0.06746945783218007,2.017038796516231,0.24997989868939455,2026-03-31,546677981184.0,large_cap,2026-03-31,44.130001068115234,90,,,,,,
ISRG,2025-12-31,,10064700000.0,6642300000.0,2945500000.0,2856000000.0,3622600000.0,1311800000.0,2385000000.0,3030500000.0,-539800000.0,2490700000.0,20458700000.0,,17824000000.0,3368000000.0,9779500000.0,2006200000.0,8352100000.0,0.17237265058042417,0.20505022688904595,0.03267757630862178,0.6599600584220096,0.29265651236499846,0.28376404661837906,0.3599312448458474,0.3011018708953074,0.24746887636988682,0.05363299452542053,0.1303367214124614,0.23696682464454977,,,0.16462434074501311,4.874638620277141,0.4919520790666074,2026-03-31,149145059328.0,large_cap,2026-03-31,460.989990234375,90,,,,,,
ITW,2025-12-31,,16044000000.0,7075000000.0,4216000000.0,3066000000.0,4655000000.0,,2779000000.0,3126000000.0,-419000000.0,2707000000.0,16148000000.0,9211000000.0,3225000000.0,851000000.0,6200000000.0,5126000000.0,15898000000.0,-0.012975724840131653,0.009183545100012624,0.022159269940144277,0.44097481924707055,0.26277736225380205,0.19109947643979058,0.2901396160558464,0.19483919222139118,0.168723510346547,0.026115681874844178,0.0,0.17321116928446773,0.5704111964329948,2.856124031007752,0.05270002477086946,1.2095200936402652,0.9935595739410453,2026-03-31,71257530368.0,large_cap,2026-03-31,260.2900085449219,90,,,,,,
JNJ,2025-12-31,,94193000000.0,63937000000.0,25596000000.0,26804000000.0,41055000000.0,14665000000.0,23676000000.0,24530000000.0,-5217000000.0,19313000000.0,199210000000.0,47933000000.0,81544000000.0,19709000000.0,55624000000.0,54126000000.0,88821000000.0,0.04300191406662823,0.06048119251078021,0.01747927844415198,0.6787871710212011,0.27173993821196907,0.2845646704107524,0.43586041425583644,0.2604227490365526,0.20503646767806524,0.05538628135848736,0.1556909749132101,0.251356257896022,0.24061543095226143,0.5878176199352497,0.09893579639576326,1.027676163027011,0.472832689122032,2026-03-31,545740161024.0,large_cap,2026-03-31,244.44000244140625,90,,,,,,
JPM,2025-12-31,,181847000000.0,,,57048000000.0,,,60018000000.0,-147782000000.0,,-147782000000.0,4424900000000.0,499982000000.0,362438000000.0,343338000000.0,,,169439000000.0,0.09349346894522181,0.07322989394413337,-0.02026357500108844,,,0.3137142762872085,,-0.812672191457654,-0.812672191457654,,0.0,0.3300466876000154,0.1129928359962937,1.379496631147948,0.07759226197202197,,0.041096295961490656,2026-03-31,797985275904.0,large_cap,2026-03-31,292.6622314453125,90,,,,,,
KKR,2025-12-31,,19207544000.0,3456678000.0,490198000.0,2370463000.0,10171075000.0,,2966480000.0,477760000.0,-160765000.0,316995000.0,410144072000.0,54537875000.0,30902561000.0,16892147000.0,243379872000.0,58248712000.0,21640288000.0,0.5108904849377254,-0.11241735784662388,-0.6233078427843493,0.1799646014086965,0.025521118160656043,0.12341312351022078,0.529535426288754,0.024873560097011884,0.016503671682334815,0.008369888414677066,0.0,0.15444348324804047,0.1329724814357429,1.7648335036050895,0.0411858860171457,4.178287616042051,0.04683121203321939,2026-03-31,90418855936.0,large_cap,2026-03-31,92.31884765625,90,,,,,,
KMB,2025-12-31,,16447000000.0,5923000000.0,2351000000.0,2021000000.0,3113000000.0,,3528000000.0,2777000000.0,-1138000000.0,1639000000.0,17098000000.0,7296000000.0,1502000000.0,688000000.0,5310000000.0,7125000000.0,16805000000.0,-0.019888020529569617,-0.021303183576316553,-0.0014151630467469367,0.36012646683285704,0.14294400194564358,0.12287955250197605,0.18927463975193046,0.16884538213655986,0.09965343223688211,0.06919194989967775,0.0,0.21450720496139114,0.42671657503801613,4.857523302263648,0.04023862440051468,0.7452631578947368,0.9619253713884665,2026-03-31,31836399616.0,mid_cap,2026-03-31,96.47000122070312,90,,,,,,
KO,2025-12-31,,47941000000.0,29544000000.0,14911000000.0,13107000000.0,18702000000.0,,14521000000.0,7408000000.0,-2112000000.0,5296000000.0,104816000000.0,45492000000.0,32169000000.0,10270000000.0,31044000000.0,21281000000.0,47061000000.0,0.028565808453905772,0.018699135164998548,-0.009866673288907224,0.6162574831563797,0.31102813875388496,0.2733985523873094,0.39010450345215997,0.15452326818380926,0.11046911829123297,0.04405414989257629,0.0,0.302893139483949,0.4340177072202717,1.4141564860580063,0.09798122424057396,1.4587660354306657,0.45738246069302396,2026-03-31,347726643200.0,large_cap,2026-03-31,76.05000305175781,90,,,,,,
LIN,2025-12-31,,33986000000.0,16597000000.0,9254000000.0,6898000000.0,13124000000.0,147000000.0,3433000000.0,10350000000.0,-5261000000.0,5089000000.0,86817000000.0,28069000000.0,38245000000.0,5056000000.0,13325000000.0,15198000000.0,33005000000.0,0.004596091800085134,0.029722769277382266,0.025126677477297132,0.4883481433531454,0.2722885894191726,0.20296592714647207,0.38615900664979697,0.30453716236097217,0.14973812746425,0.15479903489672217,0.004325310421938445,0.10101218148649443,0.3233122545123651,0.7339260033991372,0.05823744197564993,0.8767601000131596,0.39146710897635256,2026-03-31,233998581760.0,large_cap,2026-03-31,495.760009765625,90,,,,,,
LLY,2025-12-31,,65179000000.0,54127000000.0,29696000000.0,20640000000.0,31693000000.0,13337000000.0,11094000000.0,16813000000.0,-10849000000.0,5964000000.0,112476000000.0,42503000000.0,26535000000.0,7268000000.0,55629000000.0,35228000000.0,45043000000.0,0.3199800726761224,0.44703949559309986,0.12705942291697747,0.8304361834333144,0.45560686724251676,0.31666641096058545,0.4862455698921432,0.2579511805949769,0.09150186409733196,0.16644931649764494,0.20462112029948296,0.1702081958913147,0.3778850599238949,1.6017712455247786,0.06461822966677336,1.5791132054047916,0.5794925139585334,2026-03-31,896128712704.0,large_cap,2026-03-31,918.189453125,90,,,,,,
LMT,2025-12-31,,75048000000.0,7619000000.0,7731000000.0,5017000000.0,8727000000.0,,,8557000000.0,-1649000000.0,6908000000.0,59840000000.0,21700000000.0,6721000000.0,4121000000.0,25362000000.0,23335000000.0,71043000000.0,0.05138298974412092,0.0563743085173769,0.004991318773255982,0.10152169278328536,0.10301407099456347,0.06685054898198486,0.11628557723057244,0.11402036030273958,0.0920477561027609,0.02197260419997868,0.0,0.0,0.36263368983957217,3.228686207409612,0.06886697860962566,1.0868652239125778,1.254144385026738,2026-03-31,118973136896.0,large_cap,2026-03-31,604.3900146484375,90,,,,,,
MA,2025-12-31,,32791000000.0,25540000000.0,19514000000.0,14968000000.0,20443000000.0,,4883000000.0,17648000000.0,-1215000000.0,16433000000.0,54157000000.0,19000000000.0,7737000000.0,10566000000.0,23558000000.0,22762000000.0,28167000000.0,0.12228065981353087,0.16416373770724602,0.04188307789371515,0.7788722515324327,0.5951023146595102,0.45646671342746487,0.6234332591259797,0.5381964563447288,0.5011436064773871,0.03705284986734165,0.0,0.148912811442164,0.350831840759274,2.455732195941579,0.19509943312960468,1.0349705649767156,0.6054803626493344,2026-03-31,436667154432.0,large_cap,2026-03-31,498.8028259277344,90,,,,,,
MCD,2025-12-31,,26885000000.0,15434000000.0,12394000000.0,8563000000.0,14678000000.0,,2583000000.0,10551000000.0,-3365000000.0,7186000000.0,59515000000.0,54814000000.0,-1790000000.0,774000000.0,4163000000.0,4361000000.0,25920000000.0,0.016669935281427684,0.037229938271605034,0.02056000299017735,0.5740747628789288,0.4610005579319323,0.31850474242142457,0.5459549934907941,0.39244932118281567,0.26728659103589364,0.12516273014692209,0.0,0.09607587874279339,0.9210115097034361,30.622346368715085,0.013005124758464253,0.9545975693648245,0.4517348567588003,2026-03-31,196376723456.0,large_cap,2026-03-31,310.7900085449219,90,,,,,,
MDLZ,2025-12-31,,38537000000.0,10935000000.0,3620000000.0,2451000000.0,4971000000.0,,7173000000.0,4514000000.0,-1279000000.0,3235000000.0,71487000000.0,21804000000.0,25838000000.0,2125000000.0,12951000000.0,21864000000.0,36441000000.0,0.011800310972901018,0.05751763123953779,0.045717320266636774,0.2837532760723461,0.09393569816020966,0.06360121441731323,0.12899291589900616,0.11713418273347692,0.0839452993227288,0.03318888341074811,0.0,0.18613280743181876,0.30500650467917245,0.8438733648115179,0.02972568439016884,0.5923435784851812,0.539077034985382,2026-03-31,77583794176.0,large_cap,2026-03-31,57.63999938964844,90,,,,,,
META,2025-12-31,,200966000000.0,164791000000.0,83276000000.0,60458000000.0,105713000000.0,57372000000.0,24143000000.0,115800000000.0,-69691000000.0,46109000000.0,366021000000.0,83897000000.0,217243000000.0,35873000000.0,108722000000.0,41836000000.0,164501000000.0,0.21941112807816054,0.22167038498246217,0.002259256904301621,0.8199944269179861,0.41437855159579234,0.3008369574952977,0.5260243026183533,0.576216872505797,0.2294368201586338,0.3467800523471632,0.2854811261606441,0.12013474916154972,0.22921362435488674,0.38618965858508675,0.09800803779018144,2.5987666124868536,0.5490559284849776,2026-03-31,1559175626752.0,large_cap,2026-03-31,572.1300048828125,90,,,,,,
MMM,2025-12-31,,24948000000.0,9957000000.0,4791000000.0,3250000000.0,6467000000.0,1169000000.0,3997000000.0,2306000000.0,-910000000.0,1396000000.0,37733000000.0,12602000000.0,4702000000.0,5235000000.0,16387000000.0,9595000000.0,24575000000.0,-0.001422186103210099,0.015178026449643944,0.016600212552854043,0.39911014911014914,0.19203944203944204,0.13027096360429694,0.25921917588584253,0.09243225909892576,0.05595638928972262,0.03647586980920314,0.04685746352413019,0.16021324354657687,0.33397821535525934,2.6801361122926415,0.13873797471709115,1.7078686816050026,0.6611719184798452,2026-03-31,76263563264.0,large_cap,2026-03-31,145.22999572753906,90,,,,,,
MRK,2025-12-31,,65011000000.0,48629000000.0,22107000000.0,18254000000.0,28262000000.0,15789000000.0,10733000000.0,16472000000.0,-4112000000.0,12360000000.0,136866000000.0,49339000000.0,52606000000.0,14565000000.0,43516000000.0,28327000000.0,64168000000.0,0.06742077684438152,0.013137389352948503,-0.05428338749143302,0.7480118749134762,0.340050145360016,0.2807832520650351,0.4347264309116919,0.25337250619125995,0.19012167171709404,0.0632508344741659,0.24286659180754025,0.1650951377459199,0.3604912834451215,0.9378968178534768,0.10641795624917803,1.5362022099057437,0.4749974427542268,2026-03-31,275089031168.0,large_cap,2026-03-31,120.29000091552734,90,,,,,,
MRNA,2025-12-31,,1922000000.0,1054000000.0,-3074000000.0,-2822000000.0,-2543000000.0,3132000000.0,1018000000.0,-1873000000.0,-202000000.0,-2075000000.0,12338000000.0,1305000000.0,8650000000.0,2595000000.0,6544000000.0,1987000000.0,3199000000.0,-0.5263547527391176,-0.3991872460143795,0.1271675067247381,0.5483870967741935,-1.599375650364204,-1.4682622268470344,-1.3231009365244537,-0.9745057232049948,-1.0796045785639958,0.10509885535900104,1.6295525494276795,0.5296566077003122,0.1057707894310261,0.1508670520231214,0.21032582266169558,3.2934071464519374,0.15577889447236182,2026-03-31,19458398208.0,mid_cap,2026-03-31,50.79999923706055,90,,,,,,
MS,2025-12-31,,65966000000.0,,,16861000000.0,,,30245000000.0,-17889000000.0,-2898000000.0,-20787000000.0,1420270000000.0,370538000000.0,111632000000.0,81310000000.0,,,57621000000.0,0.1372490970454141,0.14482567119626522,0.007576574150851112,,,0.25560137040293485,,-0.2711851559894491,-0.31511687839189884,0.04393172240244975,0.0,0.45849376951763027,0.2608926471727207,3.319281209688978,0.05724967787814993,,0.046446098277088156,2026-03-31,303643099136.0,large_cap,2026-03-31,163.69033813476562,90,,,,,,
NEE,2025-12-31,,27412000000.0,17069000000.0,8020000000.0,6835000000.0,16043000000.0,,,12485000000.0,-9274000000.0,3211000000.0,212721000000.0,95619000000.0,54608000000.0,2812000000.0,13584000000.0,22817000000.0,24753000000.0,-0.11954897915629226,0.10742132266795945,0.2269703018242517,0.6226834962790019,0.2925725959433825,0.24934335327593754,0.585254633007442,0.4554574638844302,0.11713847949803007,0.3383189843864001,0.0,0.0,0.44950428025441774,1.751007178435394,0.013219193215526441,0.5953455756672656,0.12886362888478337,2026-03-31,194687483904.0,large_cap,2026-03-31,92.87999725341797,90,,,,,,
NEM,2025-12-31,,22669000000.0,12063000000.0,11023000000.0,7085000000.0,14092000000.0,166000000.0,382000000.0,10334000000.0,-3035000000.0,7299000000.0,57121000000.0,5589000000.0,33867000000.0,7647000000.0,13066000000.0,5712000000.0,18682000000.0,0.5816119200812733,0.21341398137244405,-0.3681979387088292,0.5321363977237638,0.4862587674798183,0.31254135603687855,0.6216418898054612,0.4558648374432044,0.32198156072169043,0.13388327672151396,0.007322775596629759,0.016851206493449202,0.09784492568407416,0.16502790326866862,0.13387370669281,2.2874649859943976,0.39685929868174574,2026-03-31,116427300864.0,large_cap,2026-03-31,108.25,90,,,,,,
NET,2025-12-31,,2167937000.0,1615412000.0,-207205000.0,-102267000.0,105802000.0,512489000.0,1310128000.0,603114000.0,-342552000.0,260562000.0,6036256000.0,3518327000.0,1459123000.0,943536000.0,4644837000.0,2350563000.0,1669626000.0,0.28755152323702804,0.29845666035387564,0.010905137116847596,0.745137889154528,-0.09557703936968648,-0.04717249624873786,0.048803078687249674,0.27819719853482827,0.1201889169288591,0.15800828160596916,0.23639478453479046,0.604320143989424,0.5828657697751719,2.41126142210081,0.15631146193932133,1.9760529711392547,0.3591525939257712,2026-03-31,69830787072.0,large_cap,2026-03-31,206.33999633789062,90,,,,,,
NFLX,2025-12-31,,45183036000.0,21907707000.0,13326603000.0,10981201000.0,30254617000.0,3391390000.0,5189714000.0,10149273000.0,-688220000.0,9461053000.0,55596993000.0,14462836000.0,26615488000.0,9033681000.0,13020191000.0,10980930000.0,39000966000.0,0.15649919994477401,0.15851068919677536,0.0020114892520013417,0.48486575802475956,0.29494704605507255,0.24303813935832022,0.6696012414924929,0.2246257422807976,0.20939391943471883,0.01523182284607878,0.07505892255668699,0.11485978941300004,0.2601370185614175,0.5433992418249104,0.1624850646149154,1.185709316059751,0.8126884847890964,2026-03-31,366423670784.0,large_cap,2026-03-31,96.1500015258789,90,,,,,,
NOC,2025-12-31,,41954000000.0,8313000000.0,4280000000.0,4182000000.0,7205000000.0,,4033000000.0,4757000000.0,-1450000000.0,3307000000.0,51377000000.0,17019000000.0,16674000000.0,4403000000.0,15287000000.0,13882000000.0,41033000000.0,0.0443624331891066,0.022445348865547166,-0.021917084323559433,0.19814558802497975,0.1020164942556133,0.09968060256471373,0.17173571054011535,0.11338608952662439,0.07882442675311055,0.03456166277351385,0.0,0.09612909376936644,0.3312571773361621,1.0206908960057575,0.08569982677073398,1.1012102002593287,0.8165910816123947,2026-03-31,76796076032.0,large_cap,2026-03-31,682.239990234375,90,,,,,,
NOW,2025-12-31,,13278000000.0,10295000000.0,1824000000.0,1748000000.0,3022000000.0,2960000000.0,5511000000.0,5444000000.0,-911000000.0,4533000000.0,26038000000.0,2403000000.0,12964000000.0,3726000000.0,10471000000.0,10443000000.0,10984000000.0,0.22438970014491133,0.20884923525127452,-0.015540464893636807,0.7753426720891701,0.13737008585630367,0.13164633227895767,0.22759451724657329,0.4100015062509414,0.3413917758698599,0.0686097303810815,0.2229251393282121,0.41504744690465434,0.09228819417774023,0.1853594569577291,0.1430985482755972,1.0026812218711099,0.5099470005376757,2026-03-31,98046451712.0,large_cap,2026-03-31,104.55000305175781,90,,,,,,
NSC,2025-12-31,,12180000000.0,4427000000.0,4571000000.0,2873000000.0,5850000000.0,,-86000000.0,4361000000.0,-2204000000.0,2157000000.0,45236000000.0,17305000000.0,15547000000.0,1530000000.0,3198000000.0,3775000000.0,12123000000.0,-0.002714708785784836,0.004701806483543569,0.007416515269328405,0.3634646962233169,0.37528735632183907,0.2358784893267652,0.4802955665024631,0.35804597701149427,0.1770935960591133,0.18095238095238095,0.0,-0.007060755336617406,0.3825492970200725,1.1130764777770632,0.03382261915288708,0.8471523178807947,0.2692545760014148,2026-03-31,70960480256.0,large_cap,2026-03-31,285.763671875,90,,,,,,
NXPI,2025-12-31,,12269000000.0,6716000000.0,3035000000.0,2021000000.0,3961000000.0,2360000000.0,1204000000.0,2820000000.0,-537000000.0,2283000000.0,26560000000.0,12222000000.0,10056000000.0,2906000000.0,7940000000.0,3881000000.0,12614000000.0,-0.049864416993070204,-0.027350562866656047,0.022513854126414157,0.5473958757844976,0.2473714239139294,0.16472410139375662,0.32284619773412665,0.22984758334012553,0.18607873502322927,0.043768848316896244,0.19235471513570787,0.09813350721330182,0.46016566265060244,1.2153937947494033,0.10941265060240964,2.045864467920639,0.4619352409638554,2026-03-31,73595314176.0,large_cap,2026-03-31,196.86000061035156,90,,,,,,
O,2025-12-31,,5749377000.0,5320577000.0,2593823000.0,1058590000.0,4785826000.0,,202554000.0,3994754000.0,,3994754000.0,72795612000.0,29345846000.0,39438695000.0,434842000.0,5108171000.0,3594827000.0,5271142000.0,0.2922655174941462,0.09072701892682833,-0.20153849856731787,0.9254180061596239,0.4511485331367207,0.18412255797454227,0.8324077547880405,0.6948151077934183,0.6948151077934183,,0.0,0.03523059976759221,0.4031265785635541,0.744087653001703,0.005973464444532728,1.420978255699092,0.07897971927209019,2026-03-31,56993943552.0,large_cap,2026-03-31,60.918033599853516,90,,,,,,
OPEN,2025-12-31,,4371000000.0,350000000.0,-277000000.0,-1300000000.0,-1123000000.0,79000000.0,548000000.0,1049000000.0,-12000000.0,1037000000.0,2407000000.0,1320000000.0,1005000000.0,962000000.0,2299000000.0,327000000.0,5153000000.0,-0.2581341779441405,-0.1517562584901999,0.1063779194539406,0.08007320979180965,-0.06337222603523221,-0.29741477922672155,-0.2569206131320064,0.23999084877602378,0.23724548158316175,0.002745367192862045,0.018073667353008464,0.1253717684740334,0.5484004985459078,1.3134328358208955,0.3996676360614873,7.030581039755352,1.8159534690486083,2026-03-31,4225546496.0,low_cap,2026-03-31,4.679999828338623,90,,,,,,
ORLY,2025-12-31,,17781992000.0,9174141000.0,3460612000.0,2538209000.0,3986465000.0,,5713529000.0,2761993000.0,-1168815000.0,1593178000.0,16538253000.0,8491499000.0,-763352000.0,193793000.0,6744277000.0,8775821000.0,16708479000.0,0.0566794099511454,0.06424959447236334,0.0075701845212179375,0.5159231316716373,0.19461329191915056,0.14274041963352588,0.2241855130741258,0.15532528639086104,0.0895950239995609,0.06573026239130014,0.0,0.32130983975248667,0.5134459486137986,11.12396247078674,0.011717864033159971,0.7685066730508747,1.075203771522905,2026-03-31,73332998144.0,large_cap,2026-03-31,92.30999755859375,90,,,,,,
PEP,2025-12-31,,93925000000.0,50859000000.0,13491000000.0,8240000000.0,15543000000.0,,37368000000.0,12087000000.0,-4415000000.0,7672000000.0,107399000000.0,49901000000.0,20406000000.0,9159000000.0,27949000000.0,32764000000.0,91854000000.0,0.0041871194148965785,0.022546650118666633,0.018359530703770055,0.541485227575193,0.143635879691243,0.08772957146659568,0.16548309821666224,0.12868778280542986,0.08168219323928666,0.0470055895661432,0.0,0.39784934788394993,0.4646318867028557,2.4454082132706065,0.0852801236510582,0.8530399218654621,0.8745425935064572,2026-03-31,203838226432.0,large_cap,2026-03-31,155.2899932861328,90,,,,,,
PFE,2025-12-31,,62579000000.0,46512000000.0,15794000000.0,7771000000.0,16783000000.0,12050000000.0,13794000000.0,11704000000.0,-2629000000.0,9075000000.0,208160000000.0,63961000000.0,86476000000.0,1142000000.0,42898000000.0,36984000000.0,63627000000.0,0.06839171172381375,-0.01647099501783833,-0.08486270674165208,0.7432525288035923,0.2523849853784816,0.12417903769635182,0.2681890090925071,0.18702759711724382,0.14501669889259974,0.04201089822464405,0.1925566084469231,0.22042538231675163,0.3072684473481937,0.7396387436976734,0.0054861644888547275,1.1599069868051048,0.3006293235972329,2026-03-31,144366927872.0,large_cap,2026-03-31,27.6240177154541,90,,,,,,
PGR,2025-12-31,,87637000000.0,,,11308000000.0,,,,17548000000.0,-348000000.0,17200000000.0,123039000000.0,6897000000.0,30323000000.0,125000000.0,,,75343000000.0,0.21358503938276185,0.1631737520406673,-0.050411287342094546,,,0.12903225806451613,,0.2002350605337928,0.19626413501146775,0.003970925522325045,0.0,0.0,0.056055397069221954,0.2274511097186954,0.0010159380359073139,,0.7122700932224741,2026-03-31,116709515264.0,large_cap,2026-03-31,198.13748168945312,90,,,,,,
PLD,2025-12-31,,8790127000.0,6555473000.0,3414302000.0,3328231000.0,7367603000.0,,469114000.0,5008434000.0,,5008434000.0,98724256000.0,35680534000.0,53193178000.0,1145647000.0,2435901000.0,2681055000.0,8201610000.0,0.02220249121670448,0.07175627712119947,0.049553785904494996,0.7457768243849037,0.3884246496097269,0.37863286844433536,0.8381679809631875,0.5697794810018103,0.5697794810018103,,0.0,0.05336828466755941,0.36141608400675107,0.6707727445801415,0.011604513889676718,0.9085606225907339,0.08903715617770773,2026-03-31,131021455360.0,large_cap,2026-03-31,132.17999267578125,90,,,,,,
PNC,2025-12-31,,23077000000.0,,,6936000000.0,,,8160000000.0,4384000000.0,,4384000000.0,573572000000.0,57101000000.0,60585000000.0,39713000000.0,,,20809000000.0,-0.032544516249012,0.10899130184054973,0.14153581808956173,,,0.30055899813667286,,0.1899727000909997,0.1899727000909997,,0.0,0.3535988213372622,0.099553325476139,0.9424940166707931,0.06923803811901558,,0.04023383289281904,2026-03-31,85469020160.0,large_cap,2026-03-31,206.503662109375,90,,,,,,
PYPL,2025-12-31,,33172000000.0,15465000000.0,6396000000.0,5233000000.0,7696000000.0,3103000000.0,4262000000.0,6416000000.0,-852000000.0,5564000000.0,80173000000.0,9987000000.0,20256000000.0,8049000000.0,59759000000.0,46443000000.0,31797000000.0,0.0680528030633838,0.04324307324590371,-0.024809729817480086,0.4662064391655613,0.19281321596527193,0.15775352707102375,0.23200289400699384,0.19341613408899072,0.16773182201856987,0.025684312070420837,0.09354274689497166,0.12848185216447605,0.12456812143739164,0.49303909952606634,0.10039539495840245,1.2867170510087633,0.413755254262657,2026-03-31,39174303744.0,mid_cap,2026-03-31,45.22999954223633,90,,,,,,
REGN,2025-12-31,,14342900000.0,12242200000.0,3702000000.0,4504900000.0,5818200000.0,5850200000.0,2700000000.0,4978900000.0,-1213700000.0,3765200000.0,40558700000.0,2705900000.0,31256900000.0,3118100000.0,18021900000.0,4368400000.0,14202000000.0,0.08270057634251216,0.009921137867905827,-0.07277943847460633,0.8535372902272205,0.25810679848566187,0.31408571488332204,0.40565018232017236,0.3471334249001248,0.2625131598212356,0.0846202650788892,0.4078812513508426,0.18824644946280042,0.06671564917021502,0.0865696854134607,0.0768786968024123,4.125515062723194,0.35363312926696366,2026-03-31,73203851264.0,large_cap,2026-03-31,772.6400146484375,90,,,,,,
RTX,2025-12-31,,88603000000.0,17789000000.0,9300000000.0,6732000000.0,14946000000.0,2807000000.0,6095000000.0,10567000000.0,-3119000000.0,7448000000.0,171079000000.0,39506000000.0,65245000000.0,7435000000.0,60332000000.0,58784000000.0,80738000000.0,0.1714741729541498,0.09741385716762863,-0.07406031578652117,0.20077198288996986,0.10496258591695541,0.07597936864440256,0.1686850332381522,0.11926232746069546,0.08406035913005203,0.03520196833064343,0.03168064286762299,0.06878999582406917,0.23092255624594485,0.6055023373438577,0.04345945440410571,1.0263336962438758,0.5179069318852694,2026-03-31,230525255680.0,large_cap,2026-03-31,192.89999389648438,90,,,,,,
RUN,2025-12-31,,2956997000.0,897298000.0,-126129000.0,449947000.0,546036000.0,36125000.0,987302000.0,-421440000.0,-2500338000.0,-2921778000.0,22610596000.0,14776833000.0,3132484000.0,823380000.0,2155969000.0,1302515000.0,2037719000.0,-0.09827981341818992,0.4511308968508416,0.5494107102690315,0.3034490735026109,-0.04265442271331354,0.15216349560043518,0.18465896313050031,-0.1425229717852267,-0.9880896057723427,0.845566633987116,0.012216786151626127,0.3338867100642983,0.6535357581905404,4.717289218396647,0.036415669892116066,1.655235448344165,0.13077925942332524,2026-03-31,3337304320.0,low_cap,2026-03-31,13.5600004196167,90,,,,,,
SCHW,2025-12-31,,23921000000.0,,,8852000000.0,,,6911000000.0,9311000000.0,-548000000.0,8763000000.0,490995000000.0,30951000000.0,49425000000.0,46030000000.0,,,19606000000.0,0.04082391038912769,0.2200856880546771,0.1792617776655494,,,0.37005141925504786,,0.38923958028510514,0.366330839011747,0.022908741273358138,0.0,0.2889093265331717,0.06303730180551737,0.6262215477996965,0.09374840884326724,,0.0487194370614772,2026-03-31,158052630528.0,large_cap,2026-03-31,93.64398193359375,90,,,,,,
SEDG,2025-12-31,,1184444000.0,196281000.0,-229702000.0,-405448000.0,-348898000.0,221255000.0,218367000.0,104261000.0,-23467000.0,80794000.0,2182194000.0,415925000.0,427464000.0,455075000.0,1739847000.0,803495000.0,901456000.0,-0.6971451301650782,0.31392325304840174,1.01106838321348,0.1657157282235378,-0.19393234293896547,-0.34231082263070267,-0.29456690227651117,0.08802526755169514,0.0682125959521936,0.01981267159950154,0.18680072675449408,0.18436245191836845,0.190599460909525,0.973005913948309,0.208540120630888,2.1653488820714504,0.5427766733846762,2026-03-31,3756131840.0,low_cap,2026-03-31,51.04999923706055,90,,,,,,
SHAK,2025-12-31,,1445306000.0,687899000.0,85757000.0,45725000.0,183556000.0,,282865000.0,222355000.0,-165849000.0,56506000.0,1896209000.0,902126000.0,525327000.0,360123000.0,430347000.0,244918000.0,1252608000.0,0.151788497452491,0.1538374335785817,0.0020489361260906946,0.47595388104664343,0.05933483981938773,0.03163689903729729,0.1270014792715176,0.1538463135142316,0.039096219070563605,0.11475009444366799,0.0,0.19571288017900706,0.4757524091489915,1.7172656269333195,0.18991735615641525,1.7571064601213466,0.7622081743098994,2026-03-31,2584431616.0,low_cap,2026-03-31,88.47000122070312,90,,,,,,
SHOP,2025-12-31,,11556000000.0,5555000000.0,1885000000.0,1231000000.0,1916000000.0,1536000000.0,2134000000.0,2033000000.0,-26000000.0,2007000000.0,15189000000.0,188000000.0,13473000000.0,1534000000.0,8296000000.0,1392000000.0,8880000000.0,0.2577903682719547,0.30135135135135127,0.0435609830793966,0.48070266528210454,0.16311872620283835,0.10652474904811353,0.16580131533402562,0.17592592592592593,0.17367601246105918,0.002249913464866736,0.13291796469366562,0.18466597438560056,0.012377378365922707,0.01395383359311215,0.10099414049641188,5.959770114942529,0.7608137467904404,2026-03-31,130128805888.0,large_cap,2026-03-31,118.62000274658203,90,,,,,,
SHW,2025-12-31,,23574300000.0,11515500000.0,3796700000.0,2568500000.0,4480100000.0,,7703500000.0,3451600000.0,-797600000.0,2654000000.0,25901700000.0,12942600000.0,4598300000.0,207200000.0,6007400000.0,6920300000.0,23098500000.0,0.00202152534064437,0.020598740177933728,0.018577214837289358,0.48847685827362847,0.16105250208913943,0.1089533941622869,0.19004169795073447,0.14641367930330912,0.112580225075612,0.03383345422769711,0.0,0.3267753443368414,0.4996814880876545,2.8146488919818196,0.007999474937938436,0.8680837535944973,0.9101448939644888,2026-03-31,74015350784.0,large_cap,2026-03-31,320.54998779296875,90,,,,,,
SLB,2025-12-31,,35708000000.0,6507000000.0,5458000000.0,3374000000.0,6958000000.0,709000000.0,340000000.0,6489000000.0,-1946000000.0,4543000000.0,54868000000.0,11636000000.0,26109000000.0,3036000000.0,19513000000.0,14721000000.0,36289000000.0,0.09518635883506876,-0.016010361266499462,-0.11119672010156822,0.18222807214069675,0.15285090175870952,0.0944886299988798,0.19485829505993055,0.18172398342108212,0.1272263918449647,0.054497591576117395,0.0198554945670438,0.00952167581494343,0.2120726106291463,0.44567007545290893,0.05533279871692061,1.3255213640377692,0.6507982795071808,2026-03-31,82796298240.0,large_cap,2026-03-31,51.38999938964844,90,,,,,,
SO,2025-12-31,,29553000000.0,14324000000.0,7285000000.0,4341000000.0,14267000000.0,,,9802000000.0,-12737000000.0,-2935000000.0,155720000000.0,74075000000.0,36016000000.0,1639000000.0,10917000000.0,16888000000.0,26724000000.0,0.05825050489050798,0.1058599012123933,0.04760939632188532,0.4846885256995906,0.24650627685852536,0.14688864074713226,0.482759787500423,0.3316752952322945,-0.0993130985009982,0.43098839373329273,0.0,0.0,0.47569355253018236,2.0567247889826743,0.010525301823786283,0.646435338702037,0.18978294374518367,2026-03-31,104331722752.0,large_cap,2026-03-31,96.5199966430664,90,,,,,,
SRE,2025-12-31,,13702000000.0,6387000000.0,3080000000.0,1837000000.0,5264000000.0,,,4565000000.0,-10612000000.0,-6047000000.0,110878000000.0,35021000000.0,31614000000.0,29000000.0,34837000000.0,21894000000.0,13185000000.0,-0.21142344497607657,0.03921122487675399,0.25063466985283056,0.4661363304627062,0.2247847029630711,0.13406801926726025,0.38417749233688514,0.33316304189169466,-0.44132243468106847,0.7744854765727631,0.0,0.0,0.31585165677591587,1.107768710065161,0.0002615487292339328,1.5911665296428246,0.12357726510218438,2026-03-31,59113189376.0,large_cap,2026-03-31,97.16999816894531,90,,,,,,
SYK,2025-12-31,,25116000000.0,16065000000.0,5059000000.0,3246000000.0,6314000000.0,1623000000.0,8651000000.0,5044000000.0,-761000000.0,4283000000.0,47844000000.0,15859000000.0,22420000000.0,4011000000.0,14755000000.0,7794000000.0,22595000000.0,0.1023026636745048,0.11157335693737558,0.009270693262870777,0.6396321070234113,0.2014253862079949,0.12924032489249881,0.25139353400222963,0.20082815734989648,0.17052874661570314,0.030299410734193344,0.06462016244624941,0.34444179009396403,0.331473120976507,0.7073595004460304,0.08383496363180336,1.8931229150628688,0.5249561073488839,2026-03-31,117599756288.0,large_cap,2026-03-31,328.5899963378906,90,,,,,,
TMO,2025-12-31,,44557000000.0,18239000000.0,8110000000.0,6704000000.0,11507000000.0,1397000000.0,8732000000.0,7818000000.0,-1525000000.0,6293000000.0,110343000000.0,39385000000.0,53407000000.0,9852000000.0,28707000000.0,15189000000.0,42879000000.0,0.0005133350444501694,0.03913337531192429,0.03862004026747412,0.4093408443117804,0.18201404941984425,0.15045896267702044,0.25825347307942637,0.17546064591422222,0.14123482281123056,0.03422582310299167,0.03135309827860942,0.19597369661332675,0.35693247419410384,0.7374501469844776,0.08928522878660178,1.8899861742050168,0.40380450051203975,2026-03-31,162896560128.0,large_cap,2026-03-31,491.5299987792969,90,,,,,,
TRV,2025-12-31,,48828000000.0,,,6288000000.0,,,6120000000.0,10606000000.0,,10606000000.0,143708000000.0,9267000000.0,32894000000.0,710000000.0,,,46428000000.0,0.1221811326227249,0.05169294391315593,-0.07048818870956897,,,0.12877856967313836,,0.21721143606127633,0.21721143606127633,,0.0,0.12533792086507742,0.06448492777020068,0.2817231105976774,0.004940573941603808,,0.3397723160853954,2026-03-31,63742373888.0,large_cap,2026-03-31,291.67999267578125,90,,,,,,
TSLA,2025-12-31,,94827000000.0,17094000000.0,4849000000.0,3794000000.0,11764000000.0,6411000000.0,5834000000.0,14747000000.0,-8527000000.0,6220000000.0,137806000000.0,14719000000.0,82137000000.0,16513000000.0,68642000000.0,31714000000.0,97690000000.0,0.009475783534663496,-0.02930699150373628,-0.038782775038399775,0.18026511436616155,0.05113522519957396,0.04000970187815706,0.12405749417360035,0.15551477954590992,0.06559313275754795,0.08992164678836197,0.06760732702711253,0.061522562139475045,0.10680957287781374,0.17920060386914546,0.11982787396775177,2.1644068865485275,0.6881195303542661,2026-03-31,1585816797184.0,large_cap,2026-03-31,371.75,90,,,,,,
TXN,2025-12-31,,17682000000.0,10083000000.0,6140000000.0,5001000000.0,8252000000.0,2083000000.0,1860000000.0,7153000000.0,-4550000000.0,2603000000.0,34585000000.0,14048000000.0,16273000000.0,3225000000.0,13750000000.0,3159000000.0,15641000000.0,-0.10719789942348312,0.13049037785307838,0.2376882772765615,0.5702409229725144,0.34724578667571543,0.2828299966067187,0.46668928854202013,0.4045356860083701,0.1472118538626852,0.2573238321456849,0.11780341590317837,0.10519172039362062,0.40618765360705505,0.8632704479813188,0.09324851814370391,4.352643241532131,0.5112621078502241,2026-03-31,275512393728.0,large_cap,2026-03-31,193.15855407714844,90,,,,,,
UBER,2025-12-31,,52017000000.0,20679000000.0,5565000000.0,10053000000.0,6987000000.0,3402000000.0,8139000000.0,10099000000.0,-336000000.0,9763000000.0,61802000000.0,12080000000.0,27041000000.0,7105000000.0,13993000000.0,12320000000.0,43978000000.0,0.17963573938467325,0.1827959434262585,0.003160204041585235,0.39754311090604993,0.10698425514735567,0.19326374070015573,0.13432147182651824,0.1941480669781033,0.18768864025222523,0.006459426725878078,0.06540169559951554,0.15646807774381452,0.1954629300022653,0.44672904108575867,0.11496391702533898,1.1357954545454545,0.8416717905569399,2026-03-31,152853118976.0,large_cap,2026-03-31,71.93000030517578,90,,,,,,
UNH,2025-12-31,,447567000000.0,82917000000.0,18964000000.0,12056000000.0,23060000000.0,,,19697000000.0,-3622000000.0,16075000000.0,309581000000.0,78389000000.0,94110000000.0,24365000000.0,90582000000.0,114897000000.0,400278000000.0,0.07711061239646733,0.11814039242726304,0.041029780030795715,0.1852616479767275,0.04237130977038075,0.026936749134766416,0.05152301219705653,0.04400905339312326,0.035916410280471975,0.00809264311265129,0.0,0.0,0.2532099838168363,0.832950802252683,0.07870315038713616,0.7883756756051071,1.4457185679999742,2026-03-31,357672681472.0,large_cap,2026-03-31,270.5899963378906,90,,,,,,
UNP,2025-12-31,,24510000000.0,11220000000.0,9846000000.0,7138000000.0,12940000000.0,,,9290000000.0,-3791000000.0,5499000000.0,69698000000.0,32822000000.0,18467000000.0,1266000000.0,4555000000.0,5014000000.0,24250000000.0,0.005431402628633064,0.010721649484536133,0.005290246855903069,0.45777233782129745,0.40171358629130965,0.2912280701754386,0.5279477764177887,0.37902896776825784,0.2243574051407589,0.15467156262749898,0.0,0.0,0.47091738643863523,1.7773325391238426,0.018164079313610148,0.9084563222975668,0.35166001893885046,2026-03-31,160635043840.0,large_cap,2026-03-31,242.6199951171875,90,,,,,,
UPS,2025-12-31,,88661000000.0,16030000000.0,7867000000.0,5572000000.0,11927000000.0,,,8450000000.0,-3685000000.0,4765000000.0,73090000000.0,28590000000.0,16227000000.0,5887000000.0,19045000000.0,15620000000.0,91070000000.0,0.0012313375404031657,-0.026452179642033613,-0.02768351718243678,0.18080102863716854,0.08873123470296974,0.06284612174462277,0.13452363496915215,0.09530684291853239,0.05374403627299489,0.0415628066455375,0.0,0.0,0.3911615816117116,1.7618783508966538,0.08054453413599671,1.219270166453265,1.213038719387057,2026-03-31,84091117568.0,large_cap,2026-03-31,98.37999725341797,90,,,,,,
UPST,2025-12-31,,1023985000.0,,,53601000.0,,,743624000.0,-147725000.0,-18407000.0,-166132000.0,2974805000.0,1850294000.0,798815000.0,657445000.0,,,628834000.0,0.23757230097673965,0.6283868238676662,0.39081452289092655,,,0.05234549334218763,,-0.14426480856653173,-0.16224065782213606,0.01797584925560433,0.0,0.7262059502824748,0.6219883320083165,2.316298517178571,0.2210044019692047,,0.3442192009224134,2026-03-31,2824448512.0,low_cap,2026-03-31,25.649999618530273,90,,,,,,
URI,2025-12-31,,16099000000.0,6144000000.0,3974000000.0,2494000000.0,7162000000.0,,1732000000.0,5190000000.0,-4528000000.0,662000000.0,29866000000.0,15670000000.0,8968000000.0,459000000.0,3608000000.0,3819000000.0,15345000000.0,0.07068099358079816,0.04913652655588141,-0.021544467024916747,0.38163861109385677,0.24684763028759552,0.15491645443816385,0.44487235232001987,0.322380272066588,0.04112056649481334,0.28125970557177465,0.0,0.10758432200757811,0.5246768901091542,1.7473238180196253,0.015368646621576375,0.9447499345378372,0.539041050023438,2026-03-31,60212740096.0,large_cap,2026-03-31,727.0582885742188,90,,,,,,
USB,2025-12-31,,28540000000.0,,,7570000000.0,,,11032000000.0,7970000000.0,,7970000000.0,692345000000.0,68413000000.0,65193000000.0,46890000000.0,,,27335000000.0,-0.024203048584585773,0.0440826778854948,0.06828572647008058,,,0.2652417659425368,,0.27925718290119134,0.27925718290119134,,0.0,0.38654519971969165,0.09881345283059746,1.0493918058687282,0.06772635030223371,,0.04122222302464812,2026-03-31,82458165248.0,large_cap,2026-03-31,52.0099983215332,90,,,,,,
VRTX,2025-12-31,,12001300000.0,10350000000.0,4554400000.0,3953200000.0,4866300000.0,4042500000.0,1753100000.0,3631400000.0,-437600000.0,3193800000.0,25643000000.0,2030500000.0,18665800000.0,5084800000.0,11201000000.0,3861200000.0,11020100000.0,0.11661532849673728,0.08903730456166459,-0.027578023935072693,0.8624065726212994,0.3794922216759851,0.32939764858806964,0.40548107288377094,0.30258388674560255,0.26612117020656095,0.0364627165390416,0.3368385091615075,0.14607584178380675,0.0791834028779784,0.10878183629954248,0.19829193152127286,2.9009116336890086,0.46801466287095894,2026-03-31,110900281344.0,large_cap,2026-03-31,446.5400085449219,90,,,,,,
WFC,2025-12-31,,83699000000.0,,,21338000000.0,,,37981000000.0,-19001000000.0,,-19001000000.0,2148631000000.0,193035000000.0,181117000000.0,174210000000.0,,,82296000000.0,-0.0036442001525479606,0.01704821619519792,0.02069241634774588,,,0.2549373349741335,,-0.22701585443075784,-0.22701585443075784,,0.0,0.45378080980656876,0.08984092661792556,1.065802768376243,0.08107953389856146,,0.038954571538807735,2026-03-31,224679100416.0,large_cap,2026-03-31,79.15744018554688,90,,,,,,
WING,2025-12-31,,696853000.0,339250000.0,185826000.0,174267000.0,298041000.0,,128356000.0,153065000.0,-47441000.0,105624000.0,693409000.0,1270406000.0,-736762000.0,196572000.0,267488000.0,81965000.0,625807000.0,0.360287356946452,0.11352701391962694,-0.24676034302682504,0.4868315125284673,0.26666456196644056,0.2500771324798774,0.4276956546072127,0.2196517773475898,0.15157285682920213,0.06807892051838767,0.0,0.1841937969700927,1.8321163988353195,1.7243098856890013,0.2834863695164037,3.263441712926249,1.004966765646249,2026-03-31,3518718208.0,low_cap,2026-03-31,154.57919311523438,90,,,,,,
WM,2025-12-31,,25204000000.0,10192000000.0,4607000000.0,2708000000.0,7201000000.0,,2629000000.0,6043000000.0,-3227000000.0,2816000000.0,45835000000.0,22907000000.0,9990000000.0,201000000.0,4910000000.0,5524000000.0,22063000000.0,0.08014295505727986,0.14236504555137564,0.06222209049409577,0.4043802571020473,0.18278844627836852,0.10744326297413109,0.2857086176797334,0.23976352959847644,0.11172829709569909,0.12803523250277735,0.0,0.10430883986668783,0.4997709174211847,2.292992992992993,0.004385295080178903,0.888848660391021,0.5498854587105924,2026-03-31,88274386944.0,large_cap,2026-03-31,229.7899932861328,90,,,,,,
XOM,2025-12-31,,323905000000.0,71240000000.0,33938000000.0,28844000000.0,67864000000.0,,11128000000.0,51970000000.0,-28358000000.0,23612000000.0,448980000000.0,43537000000.0,259386000000.0,10681000000.0,83382000000.0,72330000000.0,339247000000.0,0.013594385369453565,-0.045223686576447264,-0.05881807194590083,0.21994103209274324,0.10477763541779225,0.08905080193266544,0.20951822293573732,0.16044827958815086,0.07289791759929609,0.08755036198885476,0.0,0.03435575245828252,0.09696868457392312,0.16784637567177874,0.02378947837320148,1.1527996681874741,0.7214241168871665,2026-03-31,654570029056.0,large_cap,2026-03-31,168.51620483398438,90,,,,,,
YUM,2025-12-31,,8214000000.0,3792000000.0,2530000000.0,1559000000.0,2784000000.0,,1262000000.0,2010000000.0,-371000000.0,1639000000.0,8197000000.0,13189000000.0,-7325000000.0,709000000.0,2040000000.0,1516000000.0,7549000000.0,0.06684567552289433,0.08809113789905942,0.021245462376165092,0.4616508400292184,0.3080107134161188,0.18979790601412222,0.3389335281227173,0.24470416362308253,0.1995373752130509,0.045166788410031654,0.0,0.1536401266130996,1.609003293888008,1.8005460750853242,0.08649505916798829,1.345646437994723,1.0020739294863974,2026-03-31,41334915072.0,mid_cap,2026-03-31,155.47999572753906,90,,,,,,
ZTS,2025-12-31,,9467000000.0,6801000000.0,3597000000.0,2673000000.0,4069000000.0,698000000.0,2378000000.0,2904000000.0,-621000000.0,2283000000.0,15467000000.0,9238000000.0,3331000000.0,2310000000.0,6768000000.0,2235000000.0,9256000000.0,0.08333333333333326,0.022796024200518517,-0.06053730913281474,0.7183901975282561,0.37995141016161404,0.2823492130558783,0.42980880954895956,0.30674976233231227,0.2411534805112496,0.06559628182106264,0.07372979824654062,0.25118833843878735,0.5972716105256353,2.773341338937256,0.1493502295209155,3.0281879194630874,0.6120773259197,2026-03-31,31115112448.0,mid_cap,2026-03-31,117.69805908203125,90,,,,,,
ADSK,2026-01-31,,7206000000.0,6556000000.0,1794000000.0,1124000000.0,1989000000.0,1643000000.0,3066000000.0,2452000000.0,-76000000.0,2376000000.0,12467000000.0,2734000000.0,3045000000.0,2249000000.0,4942000000.0,5808000000.0,6131000000.0,0.11533563762052035,0.1753384439732506,0.060002806352730254,0.9097973910630031,0.24895920066611157,0.1559811268387455,0.2760199833472107,0.3402719955592562,0.32972522897585343,0.01054676658340272,0.2280044407438246,0.42547876769358867,0.21929894922595652,0.8978653530377668,0.18039624608967675,0.8508953168044077,0.5780059356701692,2026-05-01,49961189376.0,mid_cap,2026-05-01,244.35000610351562,90,,,,,,
ASAN,2026-01-31,,790806000.0,704047000.0,-197331000.0,-189024000.0,-158982000.0,301496000.0,599882000.0,90361000.0,-13379000.0,76982000.0,844088000.0,249418000.0,154117000.0,199835000.0,593348000.0,501020000.0,723876000.0,0.10938170493973987,0.0924605871723887,-0.016921117767351168,0.8902904125664196,-0.24953149065636832,-0.23902701800441575,-0.2010379283920456,0.11426443400783505,0.09734625179879768,0.01691818220903736,0.38125153324582767,0.7585703699769603,0.29548814815516866,1.6183678633765257,0.23674664253016273,1.1842800686599337,0.9368762498696819,2026-05-01,1476145920.0,low_cap,2026-05-01,6.989999771118164,90,,,,,,
CHWY,2026-01-31,,12601500000.0,3753900000.0,254300000.0,222800000.0,397200000.0,,3499600000.0,691600000.0,-129200000.0,562400000.0,3366400000.0,518700000.0,497900000.0,860100000.0,2035800000.0,2301600000.0,11861300000.0,0.0640132045175239,0.06240462681156367,-0.0016085777059602346,0.2978931079633377,0.02018013728524382,0.01768043486886482,0.031520057136055234,0.054882355275165655,0.044629607586398445,0.01025274768876721,0.0,0.27771297067809386,0.15408151140684412,1.04177545691906,0.2554954847908745,0.8845151199165797,3.743316302281369,2026-05-01,8866885632.0,low_cap,2026-05-01,25.540000915527344,90,,,,,,
CRM,2026-01-31,,41525000000.0,32255000000.0,8917000000.0,7457000000.0,12548000000.0,5993000000.0,16350000000.0,14996000000.0,-594000000.0,14402000000.0,112305000000.0,17176000000.0,59142000000.0,7327000000.0,28222000000.0,37118000000.0,37895000000.0,0.08715609490202825,0.09579100145137875,0.008634906549350507,0.7767609873570138,0.21473810957254666,0.179578567128236,0.3021794099939795,0.36113184828416617,0.34682721252257676,0.014304635761589404,0.1443226971703793,0.3937387116195063,0.15294065268687948,0.29041966791789253,0.06524197497885223,0.760331914435045,0.3697520146030898,2026-05-01,141940506624.0,large_cap,2026-05-01,183.82000732421875,90,,,,,,
CRWD,2026-01-31,,4812005000.0,3593076000.0,-293292000.0,-162502000.0,182483000.0,1384770000.0,2501598000.0,1612349000.0,-370859000.0,1241490000.0,11086684000.0,820077000.0,4428390000.0,5230125000.0,7419119000.0,4184192000.0,3953624000.0,0.29391354434791706,0.21711245176577232,-0.07680109258214474,0.7466899972049074,-0.06095006135696035,-0.03377012284899953,0.03792244604899621,0.3350680225810239,0.25799848503898065,0.07706953754204328,0.2877740151974073,0.5198660433644603,0.07396954761225268,0.18518626408243177,0.47174836046558194,1.773130630716755,0.4340346491340422,2026-05-01,151215063040.0,large_cap,2026-05-01,455.6400146484375,90,,,,,,
FIVE,2026-01-31,,4764147000.0,1714686000.0,457399000.0,358641000.0,649522000.0,,1065164000.0,586428000.0,-174741000.0,411687000.0,4937019000.0,2032189000.0,2193290000.0,723699000.0,1916723000.0,954006000.0,3876527000.0,0.08910511947482824,0.22897299567370477,0.13986787619887653,0.3599145870184106,0.09600858243878704,0.07527916330037675,0.136335423739024,0.1230919197077672,0.08641358043737946,0.03667833927038775,0.0,0.22357916327938662,0.4116226816222502,0.9265482448741389,0.146586229463569,2.0091309698261854,0.964984538240586,2026-05-01,11813208064.0,mid_cap,2026-05-01,230.52000427246094,90,,,,,,
GTLB,2026-01-31,,955224000.0,834481000.0,-70481000.0,-55956000.0,-59136000.0,274574000.0,630388000.0,232856000.0,-10827000.0,222029000.0,1722747000.0,187000.0,990668000.0,229576000.0,1655779000.0,652143000.0,759249000.0,0.30926219076884864,0.2581169023600953,-0.05114528840875332,0.8735971876753515,-0.07378478765190154,-0.05857893017763373,-0.06190799226150097,0.24377109452861317,0.23243658032042747,0.011334514208185724,0.2874446203194225,0.6599373550078306,0.00010854756966635264,0.00018876152252823348,0.13326158745306188,2.5389814810555356,0.5544772389677649,2026-05-01,3995034624.0,low_cap,2026-05-01,24.049999237060547,90,,,,,,
HD,2026-01-31,,164683000000.0,54865000000.0,20890000000.0,14156000000.0,25135000000.0,,30702000000.0,16325000000.0,-3679000000.0,12646000000.0,105095000000.0,65350000000.0,12813000000.0,1389000000.0,34391000000.0,32424000000.0,159514000000.0,0.04483555928184502,0.032404679213109855,-0.012430880068735162,0.33315521334928316,0.12684976591390731,0.08595908503002739,0.1526265613329852,0.09912984339610038,0.07678995403289957,0.022339889363200815,0.0,0.18643090057868755,0.6218183548218279,5.100288769218762,0.013216613540130357,1.06066493955095,1.5669917693515392,2026-05-01,296328200192.0,large_cap,2026-05-01,323.8800048828125,90,,,,,,
LOW,2026-01-31,,86286000000.0,28885000000.0,10153000000.0,6654000000.0,12468000000.0,,16791000000.0,9864000000.0,-2213000000.0,7651000000.0,54144000000.0,44677000000.0,-9917000000.0,982000000.0,20955000000.0,19463000000.0,83674000000.0,-0.03129305254871084,0.031216387408274926,0.06250943995698577,0.334758825301903,0.11766682891778504,0.0771156386899381,0.1444962102774494,0.11431750225992629,0.08867023619127089,0.025647266068655403,0.0,0.19459703775815312,0.8251514479905437,4.505092265806192,0.018136820330969267,1.0766582746750244,1.5936391843971631,2026-05-01,122328940544.0,large_cap,2026-05-01,233.3300018310547,90,,,,,,
LULU,2026-01-31,,11102600000.0,6284132000.0,2210615000.0,1579183000.0,2706843000.0,,4066556000.0,1602477000.0,-680802000.0,921675000.0,8456743000.0,1798441000.0,4961840000.0,1807202000.0,4262701000.0,1887548000.0,10588126000.0,0.1007194095024595,0.048589712664922846,-0.052129696837536654,0.566005440167168,0.19910786662583538,0.14223542233350747,0.24380262280907175,0.14433348945292093,0.08301433898366148,0.061319150469259454,0.0,0.3662706032821141,0.2126635514405487,0.3624544523805685,0.21369952947606424,2.258327205453848,1.3128695054348938,2026-05-01,13976446976.0,mid_cap,2026-05-01,133.5800018310547,90,,,,,,
MDB,2026-01-31,,2463797000.0,1767739000.0,-136968000.0,-71151000.0,-15151000.0,716303000.0,1188404000.0,505148000.0,-4960000.0,500188000.0,3758848000.0,32859000.0,2952358000.0,1083540000.0,3114855000.0,669496000.0,2006443000.0,0.19217462036790023,0.2279426826478499,0.035768062279949664,0.7174856532417241,-0.055592242380358446,-0.028878596735039452,-0.006149451436136987,0.2050282551687497,0.20301510229941833,0.0020131528693313615,0.2907313386614238,0.4823465569606587,0.008741774075461417,0.01112974781513624,0.2882638510522373,4.6525371324100515,0.6554659831948512,2026-05-01,25088151552.0,mid_cap,2026-05-01,263.4599914550781,90,,,,,,
MRVL,2026-01-31,,8194600000.0,4180700000.0,1338400000.0,2670100000.0,4539800000.0,2075200000.0,767100000.0,1750500000.0,-358600000.0,1391900000.0,22285300000.0,4790300000.0,14308400000.0,2638800000.0,6460600000.0,3220500000.0,5767300000.0,0.04713401238266424,0.42087285211450776,0.3737388397318435,0.5101774339198984,0.16332706904546898,0.3258365264930564,0.5539989749347131,0.21361628389427184,0.1698557586703439,0.043760525223927954,0.2532399384960828,0.09361042637834671,0.21495335490211037,0.334789354505046,0.11840989351725129,2.0060860114888994,0.36771324595136706,2026-05-01,154876592128.0,large_cap,2026-05-01,164.9499969482422,90,,,,,,
NCNO,2026-01-31,,594781000.0,360169000.0,3727000.0,5180000.0,66419000.0,127528000.0,228914000.0,90065000.0,-7501000.0,82564000.0,1648106000.0,278695000.0,1055915000.0,88374000.0,293503000.0,294492000.0,540657000.0,0.13453980018592238,0.1001078317676456,-0.03443196841827678,0.6055489331367344,0.006266171918739839,0.008709087882766935,0.11166967337557858,0.15142548265664169,0.13881411813760022,0.012611364519041462,0.2144116910257725,0.384871070192222,0.1691001671009025,0.2639369646230994,0.05362155104101314,0.996641674476726,0.3608875885410283,2026-05-01,1628655232.0,low_cap,2026-05-01,18.1299991607666,90,,,,,,
NVDA,2026-01-31,,215938000000.0,153463000000.0,130387000000.0,120067000000.0,144552000000.0,18497000000.0,4579000000.0,102718000000.0,-6042000000.0,96676000000.0,206803000000.0,11040000000.0,157293000000.0,10605000000.0,125605000000.0,32163000000.0,130497000000.0,1.1420340763599355,0.6547353579009478,-0.48729871845898765,0.7106808435754708,0.6038168363141272,0.5560253406070261,0.6694143689392326,0.47568283488779184,0.44770258129648327,0.027980253591308617,0.08565884652076058,0.021205160740582946,0.05338413852797107,0.07018748450344262,0.05128068741749394,3.905263812455306,1.0441724733200195,2026-05-01,5457368842240.0,large_cap,2026-05-01,198.4499969482422,90,,,,,,
PATH,2026-01-31,,1610572000.0,1339588000.0,56760000.0,282330000.0,73729000.0,385208000.0,897620000.0,371208000.0,-19048000.0,352160000.0,3179200000.0,81246000.0,2082587000.0,871157000.0,2243945000.0,905423000.0,1429664000.0,0.09295512785228954,0.12653882310808684,0.0335836952557973,0.8317467334586718,0.0352421375759668,0.17529796867199976,0.04577814590095941,0.23048208959301417,0.21865523553122743,0.011826854061786744,0.23917465347714972,0.5573299424055553,0.025555485656769,0.03901205567882638,0.2740176774031203,2.478338853773319,0.5065966280825365,2026-05-01,5344953856.0,low_cap,2026-05-01,10.670000076293945,90,,,,,,
ROST,2026-01-31,,22750559000.0,6303303000.0,2707357000.0,2145044000.0,3389490000.0,,3595946000.0,3026883000.0,-819275000.0,2207608000.0,15548737000.0,5212338000.0,6187443000.0,4594392000.0,7640097000.0,4827180000.0,21129219000.0,0.03691810267301654,0.07673449738014448,0.039816394707127944,0.2770614559404892,0.11900177925298451,0.09428533162635697,0.148984910656481,0.13304653305441858,0.09703532998903455,0.03601120306538402,0.0,0.1580596766875047,0.3352258128747049,0.842405820950593,0.295483292308565,1.5827246964065977,1.4631772985805858,2026-05-01,68812906496.0,large_cap,2026-05-01,228.83999633789062,90,,,,,,
S,2026-01-31,,1001278000.0,742101000.0,-309044000.0,-450735000.0,-254111000.0,323853000.0,727292000.0,76616000.0,-24930000.0,51686000.0,2438102000.0,15001000.0,1437145000.0,169627000.0,1050585000.0,756355000.0,821461000.0,0.3224755857645607,0.21889901042167548,-0.10357657534288522,0.741153805436652,-0.3086495458803649,-0.45015969590862875,-0.25378666064769223,0.07651820972796766,0.05162002960216843,0.024898180125799228,0.32343964413479576,0.7263637071822211,0.0061527368420189145,0.010438056006874741,0.06957338126132541,1.3890104514414527,0.4106792906941547,2026-05-01,5757388800.0,low_cap,2026-05-01,14.899999618530273,90,,,,,,
SNOW,2026-01-31,,4683946000.0,3146141000.0,-1435165000.0,-1331616000.0,-1083169000.0,1969472000.0,2611834000.0,1221942000.0,-104729000.0,1117213000.0,9132495000.0,2741114000.0,1924102000.0,2828163000.0,5742612000.0,4421691000.0,3626396000.0,0.2921468781812435,0.29162562500068945,-0.000521253180554071,0.6716860100436683,-0.3064008423666712,-0.28429362763789334,-0.23125138505012655,0.26087875479350103,0.23851961572571503,0.022359139067786006,0.4204728235551819,0.5576140288551577,0.3001495210235538,1.42461990060818,0.3096813083390684,1.2987366145666894,0.512887880037164,2026-05-01,54437380096.0,large_cap,2026-05-01,141.0,90,,,,,,
TGT,2026-01-31,,104780000000.0,29269000000.0,5117000000.0,3705000000.0,8346000000.0,,21535000000.0,6562000000.0,-3727000000.0,2835000000.0,59490000000.0,20290000000.0,16165000000.0,5488000000.0,20005000000.0,21230000000.0,106566000000.0,-0.007876214948050464,-0.016759566841206386,-0.008883351893155922,0.2793376598587517,0.048835655659477,0.03535980148883375,0.07965260545905707,0.06262645543042565,0.027056690208054974,0.03556976522237068,0.0,0.20552586371444934,0.3410657253319886,1.2551809464893289,0.0922507984535216,0.9422986340084786,1.7613044209110775,2026-05-01,55200583680.0,large_cap,2026-05-01,127.68363952636719,90,,,,,,
TJX,2026-01-31,,60372000000.0,18693000000.0,7178000000.0,5494000000.0,8620000000.0,,11515000000.0,6874000000.0,-1957000000.0,4917000000.0,35767000000.0,13489000000.0,10190000000.0,6230000000.0,15202000000.0,13361000000.0,56360000000.0,0.039526347824483166,0.07118523775727459,0.03165888993279142,0.30963029218843174,0.11889617703571193,0.09100245146756775,0.1427814218511893,0.1138607301397999,0.08144504074736633,0.032415689392433576,0.0,0.1907341151527198,0.3771353482260184,1.3237487733071638,0.1741829060306987,1.1377890876431405,1.687924623256074,2026-05-01,163030188032.0,large_cap,2026-05-01,156.31800842285156,90,,,,,,
ULTA,2026-01-31,,12392820000.0,,1548813000.0,1153479000.0,1849585000.0,,3296411000.0,1502780000.0,-434829000.0,1067951000.0,6999294000.0,2182061000.0,2803451000.0,424243000.0,3144146000.0,2224342000.0,11295654000.0,0.007883341781693698,0.09713169330434512,0.08924835152265143,,0.12497663969943887,0.09307639423472623,0.1492464991825912,0.12126215018050775,0.08617497873768844,0.03508717144281931,0.0,0.2659936156580988,0.31175444266235997,0.7783481858609264,0.060612256036108786,1.4135173458038377,1.7705814329273781,2026-05-01,21618143232.0,mid_cap,2026-05-01,531.9500122070312,90,,,,,,
WDAY,2026-01-31,,9552000000.0,7231000000.0,1024000000.0,693000000.0,1470000000.0,2679000000.0,3528000000.0,2939000000.0,-162000000.0,2777000000.0,18074000000.0,3821000000.0,7805000000.0,1501000000.0,8429000000.0,6378000000.0,8446000000.0,0.16352114616338342,0.1309495619228036,-0.03257158424057982,0.7570142378559463,0.10720268006700168,0.07255025125628141,0.15389447236180903,0.30768425460636517,0.29072445561139026,0.016959798994974875,0.28046482412060303,0.3693467336683417,0.21140865331415293,0.48955797565663034,0.08304747150603076,1.321574161179053,0.5284939692375789,2026-05-01,31213191168.0,mid_cap,2026-05-01,126.95999908447266,90,,,,,,
WMT,2026-01-31,,713163000000.0,177768000000.0,29825000000.0,21893000000.0,46471000000.0,,,41565000000.0,-26642000000.0,14923000000.0,284668000000.0,67095000000.0,99617000000.0,10727000000.0,84874000000.0,107469000000.0,680985000000.0,0.05070009643201545,0.047252142117667706,-0.0034479543143477454,0.24926699786724774,0.041820733829433104,0.03069845182658102,0.06516182135079919,0.05828260860420409,0.020925090056550886,0.0373575185476532,0.0,0.0,0.2356956173507384,0.6735296184386199,0.03768249329042955,0.7897533242144247,2.5052447061137886,2026-05-01,1047786684416.0,large_cap,2026-05-01,131.34933471679688,90,,,,,,
