cur_0,cur_1,cur_2,prev_0,prev_1,prev_2,emb_00,emb_01,emb_02,emb_03,emb_04,emb_05,emb_06,emb_07,emb_08,emb_09,emb_10,emb_11,emb_12,emb_13,emb_14,emb_15,distance_to_centroid,embedding_velocity,vol_t,vol_accel,vol_of_vol,tail_intensity,entropy_delta,ret_dispersion,time_in_state,is_change,transition_type,next_state,current_state,time_in_state,pred_hazard_prob,pred_hazard_change
False,True,0,False,True,0,0.5027104128085432,2.826852190435208,0.19620759428787357,-4.826364731517497,-0.5387232273014061,0.23308499424242676,-0.134581333058188,1.4222710981263187,-0.6274298551427441,-0.3973317775435375,-1.1640296080823136,-1.2537984938957452,-0.5581941253268962,0.834317502887454,0.5556938459346418,-1.1960565164305164,6.961814344084029,1.2392845569838582,0.009118006116802543,0.0005175093970459961,0.0005707828423574647,0.1,2.351709822185667e-06,0.007474029780802186,169,0,1->1,1,1,169,0.5999659293669596,1
False,True,0,False,True,0,0.501873139840735,2.5709930819356486,0.07190587215528825,-4.8937799950232295,-0.2489439881834976,-0.17437320759913505,-0.026466548438917395,1.413414695046938,-0.39476271218948733,-0.23449163433472825,-1.1665543320609644,-1.5253567259920344,-0.6877692630316595,0.8014498366002323,0.4031161604477197,-1.2484256844351789,6.935721172400954,0.7385901403840461,0.008706771278031282,-0.0004649796435601018,0.0005680153323258006,0.1,9.371833268996543e-05,0.007545998853442905,170,0,1->1,1,1,170,0.6613088274624832,1
False,True,0,False,True,0,0.5729717363946167,2.2625051113024033,-0.017777052817343788,-4.9330325713301555,0.24015515358012404,-0.39304196222219495,0.07335894224540963,1.3252063610981706,-0.09353079029689973,0.08393929286198393,-1.3413399633221095,-1.6377537732639431,-1.1678385199130967,-0.134517573448108,0.33148055583386826,-1.4232292678078695,6.982888305280062,1.3386915028128408,0.009330636791197323,0.001035100351937301,0.000538759761965369,0.1,-0.0001084134431300161,0.008529161319896558,171,0,1->1,1,1,171,0.48832244135506786,0
False,True,0,False,True,0,0.6027646699607107,1.8969791967058087,-0.1107071835303631,-5.007853642386599,0.520519264501167,-0.5809387341220915,0.19518596893615173,1.3405664834304396,0.07249420323886507,0.3784845790226172,-1.139547100394165,-1.7239577291314387,-0.7766088384559998,0.690046739615532,0.04653822200059657,-1.4801821617038537,6.969158755253464,1.1651581204936585,0.008884805800569908,-0.001069696503793455,0.0005541945201786106,0.1,0.00017055360486584441,0.008577487153319746,172,0,1->1,1,1,172,0.46918530229051214,0
False,True,0,False,True,0,0.6688103730867766,1.508730612786018,-0.33159801759435154,-4.918381631153511,0.9000667074207952,-0.8134493209130512,0.16520090447373292,1.0646831891824455,0.14357245851243763,0.9934930742945495,-1.0915159172516478,-1.4263786616731091,-0.16078589814443572,2.0099009668875762,-0.19788778192915535,-1.5147627505764822,7.085020592451721,1.7729540199553664,0.009886704952891021,0.0014477301429485275,0.000581676144156497,0.2,0.0004437878882601618,0.009363960025337934,173,0,1->1,1,1,173,0.23687066406586238,0
False,True,0,False,True,0,0.7651855190213068,1.0606254499477623,-0.45086769234251894,-4.835965382583739,1.0169133842992608,-1.538325403746705,0.10798999850731911,0.5637389708930525,0.15186540492587883,1.5351554240784728,-0.9977154400305969,-0.6852620944069436,-0.1851697461971728,0.6534145503899199,-0.48734530073189697,-1.6336043186301328,6.854229684801773,1.9530742155981329,0.009706642662494831,-0.0011819614427173025,0.0005460320540087642,0.2,-7.147232001849038e-06,0.009404334746085638,174,1,1->0,0,1,174,0.21182034125481625,0
True,False,0,False,True,0,0.8633851985022436,0.5815169365389445,-0.44929587052900033,-4.633319125353336,1.204004445935858,-1.8704587805554904,0.18014155501118614,0.31342953249823247,0.18091526291558355,1.902083237519982,-0.9988380098929085,-0.015059486135375298,0.09669069814097517,0.3876489426009063,-0.6444743364767391,-1.870092612204849,6.779974000714943,1.144018380235078,0.009535623069377833,9.042697279191755e-06,0.00042249981425965163,0.1,-0.0004041734723707665,0.008358854345014816,1,0,0->0,0,0,1,0.6214705539910891,1
True,False,0,True,False,0,0.9939610733231482,0.2061484459491838,-0.45216985171744123,-4.290493548749617,1.5946971649381345,-2.06795906954714,0.1511104611234419,0.04749583073415462,0.31551936052947727,2.1987759858756175,-1.2593715846054772,0.6342276880552009,0.22640793140014762,0.16353512769548983,-0.7127001691692655,-2.1212768609414185,6.7990916802040955,1.1265425794757367,0.010250687130365284,0.0008860836541044487,0.0004752067238301902,0.2,0.0006406422580421314,0.009467859399674167,2,0,0->0,0,0,2,0.8499936709235104,1
True,False,0,True,False,0,1.0440561833278914,-0.23056239251338184,-0.7814474825878669,-4.1266777643725465,1.7224419468728964,-2.4436962301006138,0.2530825675567528,0.07737495533728732,-0.11471631557443443,2.1604485900605184,-1.0299280810991327,0.9594376183551319,0.5928259652754031,0.37245589230626747,-0.9822530634073201,-2.1632111529780693,6.854915813123699,1.046220969487048,0.010180000311843435,-0.0007857508795093004,0.0005354447174262081,0.2,3.0045032309839945e-05,0.010059858740540604,3,0,0->0,0,0,3,0.9085666562960241,1
True,False,0,True,False,0,1.1026270630420234,-0.7068825082343144,-0.76355308109253,-3.5030933288295167,1.883961584450472,-2.48118997759477,-0.12263826954273281,-0.3412478209046794,-0.5868276423286779,1.3565333925567313,-0.7929514190600594,1.151171754940752,0.9071099948671532,0.9500550347459307,-1.0630074444922628,-2.480296147190777,6.531903256041367,1.5700136179104527,0.009959083914930235,-0.00015022957839135043,0.0005355408090197675,0.2,-8.42112520782895e-05,0.010110436582308382,4,0,0->0,0,0,4,0.8636538006959378,1
True,False,0,True,False,0,1.1569649056560336,-1.2586191553677797,-1.020447530095009,-3.152752546517608,1.9426449368644512,-2.66011110342222,-0.27546295800802845,-0.6341900698596418,-1.002181206703766,0.7482341281487556,-0.642612988966426,1.2537288001039126,0.397328993054591,-0.41101248793599077,-1.167351717433579,-2.7606609221710117,6.457913909430685,1.8488553695198349,0.009509842274556014,-0.00022832524346102015,0.0005138369069537303,0.2,-7.275889826361716e-05,0.008633717980927564,5,0,0->0,0,0,5,0.8723492287515392,1
True,False,0,True,False,0,1.1603162565545355,-1.8917696778895539,-1.3295339928122867,-2.639237567105254,2.096522089139996,-2.9966382506603306,-0.5577333306732027,-0.8371073530952757,-1.4527812445617416,-0.05445852341439501,-0.4129849492533711,1.4160430203039085,0.056274131671277296,-1.4289450234346852,-1.2090457599171536,-2.96710959274768,6.868684628486342,1.7723427769293052,0.00904569247578756,-1.490815839423447e-05,0.00045674001039722146,0.2,-0.00012117720336801696,0.007880605967151406,6,0,0->0,0,0,6,0.9289639130218126,1
True,False,0,True,False,0,1.1310705485603574,-2.7640826467648583,-2.799685985652037,-1.7288365298237467,2.4012485115826787,-3.3852019855717668,-0.7608551744074411,-0.5494879304699803,-2.08207470024036,-0.23434460930601736,-0.2585342805777991,0.6277187692812746,0.17019708345058274,-0.4079394829161078,-0.9796530273840155,-3.0524990401860523,7.465524391758221,2.5117340761675138,0.01237874475287059,0.0037972020758514843,0.000967278736709568,0.3,0.0009532621051153616,0.01290355949114589,7,0,0->0,0,0,7,0.8263909014866682,1
True,False,0,True,False,0,1.2605437370604593,-4.058101121980182,-3.8594101321635312,-0.7461043307929255,2.4668259872637077,-3.186892536849495,-0.7336926087639232,-0.5641663646806876,-2.1546403035660875,-1.2671646972054316,-0.3741325946658288,0.06997940138737149,-0.2259141867389181,-0.15612443975766854,-0.43966948045736626,-2.93967651225525,8.141484022299577,2.3970086875496217,0.013233239568946719,-0.0024785574610069003,0.0013464285499250996,0.3,0.00015073033801556428,0.01475881852577956,8,0,0->0,0,0,8,0.7650094198724529,1
True,False,0,True,False,0,1.2310527462921932,-5.029513461819705,-4.584331606067274,-0.16047910381879663,2.448799216673272,-2.76019517780087,-0.8956838282249859,-0.627703989089222,-2.532759855639533,-1.5841687474082302,-0.11626720202477786,-0.564766528368172,-0.7100232585733223,-0.3596676485908227,-0.34253947637375753,-2.895231056767277,8.989358870100695,1.739458960415236,0.012764035459732584,-0.0013236989252902644,0.0015272947550396434,0.2,-1.9593360853642147e-05,0.01408434222084118,9,0,0->0,0,0,9,0.8371385311245787,1
True,False,0,True,False,0,1.2687051213276324,-5.96020003116989,-5.1849250083567275,0.5349068240424637,2.4031958219803586,-2.5815116562748393,-1.2860209348013592,-0.5755095702644696,-2.496313135743317,-1.9259497594833443,0.16086621139097523,-1.0559085979487348,-0.9278601847071175,0.23760421380222696,-0.2055195630785072,-2.664183872738522,9.827902110008306,1.6773413327899627,0.012459334982375227,0.00016450363185677858,0.0015841118190427592,0.2,-0.0002941990577141106,0.013986920604846227,10,0,0->0,0,0,10,0.7405864600879957,1
True,False,0,True,False,0,1.3394716005538538,-6.519681760446543,-6.283018929425537,1.6404902145128426,1.9828261146109762,-2.850241406692643,-1.3033151478327643,-0.22536653828587502,-2.551257765239741,-1.8913681531717839,0.5521450614145424,-1.7648972344985872,-0.4805276156303306,1.2999973553318185,-0.04478644451654008,-1.7222530638424671,10.837482927103688,2.453530398985113,0.014048125649640315,0.0018934911446224448,0.0017736387149561675,0.3,0.0003659533317321908,0.01569769763809958,11,0,0->0,0,0,11,0.40746949321866843,0
True,False,0,True,False,0,1.42266532962822,-6.671545978814479,-6.494459628368535,1.777083518699339,1.2454084239806285,-3.6386162061029768,-1.4382957244912875,0.07626272734795338,-2.1920275604089685,-1.2187881245380083,0.9202087850805746,-1.881293264083193,-1.2830916275569615,-0.5339934353291962,0.003323833102245699,-0.2823711339997472,10.935114869461637,2.860332750151407,0.013476749691548313,-0.0021601666253570906,0.0018370821956986574,0.2,-0.0001877675975378284,0.014095839876001838,12,0,0->0,0,0,12,0.15513472032906414,0
True,False,0,True,False,0,2.3281337019467956,-5.246219409443216,-3.4862928779276756,1.8397319517299215,-0.4278757528467514,-3.2079840361681957,0.2718928655252743,0.6687593048819241,-1.3318360257420332,0.03911807526267832,0.2907268251717024,-0.7877819953392493,-1.4112681746720246,-1.0204348703176696,1.183425188837552,0.6067455566795044,7.513846905748608,4.951367099109802,0.012843641924177172,-6.173180927913913e-05,0.0017836491439697198,0.2,3.410663334758781e-05,0.014185650400159944,13,0,0->0,0,0,13,0.008636203046549079,0
True,False,0,True,False,0,2.60592934603095,-4.82083496181022,-2.510102431906638,1.87032995727485,-1.126922975676067,-3.080499519485099,0.3799913682998065,1.0076534815182294,-1.0697644450704868,0.5143332773950748,0.5875654853810461,-0.35414931454757187,-0.42934695026543457,0.4585639001024168,0.8360689869550472,1.000666627275265,6.560070802030724,2.4169316358710526,0.012514915414816917,0.00030438125801088636,0.0016405659064841012,0.2,-0.00027385240629905494,0.013403516530012611,14,0,0->0,0,0,14,0.0587665717153424,0
True,False,0,True,False,0,2.837659300491166,-4.1609714504384625,-1.684295239450679,2.1128152154042725,-2.043684069565274,-2.605879837462802,0.4077335924585105,1.1330471087987046,-0.4742745973632967,0.8399512537024697,0.5459166882349153,-0.06047798406867923,1.2368970621558413,2.694760654289111,0.8124455065334373,0.8941207788415143,6.536542684765688,3.2633649811855503,0.012679142463041413,0.0004929535575847518,0.001334891136168702,0.2,5.0184275055751605e-05,0.013604886318405049,15,0,0->0,0,0,15,0.037267895094006166,0
True,False,0,True,False,0,2.9674447542390645,-3.489680872957388,-1.9975718117256842,2.0168850909527407,-3.358602413311565,-3.0480629818857583,0.24988348053756695,1.0375568795604022,0.017793891696583252,0.6078733838268793,0.6352348449785915,0.2333591380541464,2.0954024773402726,2.5987442825807494,0.6294591846436437,0.9727523122617826,7.09258212831533,1.926036981793385,0.013420161786766242,0.0005767922755003322,0.0005426422676288578,0.2,-7.219570620754442e-05,0.015259287524280239,16,0,0->0,0,0,16,0.22100721800709897,0
True,False,0,True,False,0,3.1597673570269373,-3.0917203435319287,-1.7180555618187967,1.9540590451361393,-3.490586848436255,-2.654879724816624,0.4286280320951848,0.5206785430467751,-0.021736067383560997,0.7319263441063579,0.25923893869394,0.7054963648239553,1.2909009704776575,-0.42978148219238144,0.6981145489106181,0.8950550774963059,5.976450371396136,3.3105501726416064,0.014047580827866236,-0.00011360028262483515,0.0005910279960063841,0.2,0.00023064599244402954,0.015121612920753058,17,0,0->0,0,0,17,0.061644599369776995,0
True,False,0,True,False,0,3.3407496423644942,-2.665322455407235,-1.0633244598501213,1.9019960635436004,-3.622063196732471,-2.892282884246948,0.647091567628241,0.8009938681352653,-0.14360301396936642,0.44448016471956375,0.5366788246452381,0.5012819233997221,1.0414356138273282,-0.8143932712344514,0.5332517553276249,1.3624462105874302,5.857834490469932,1.2320101851050609,0.013365141937939345,-0.0013098579310268851,0.0005945856712728529,0.2,-0.0002055249606146524,0.013707839510324326,18,0,0->0,0,0,18,0.37519802584980505,0
True,False,0,True,False,0,3.4916010427345276,-2.274394196545364,-0.8808499302446453,1.8382387669793152,-3.870648743390235,-2.8072619401652834,0.8668970112445616,0.7366000841366187,-0.5249054910786138,0.5742708970307071,0.25037444858137337,0.5495743805353948,-0.08151918881056283,-3.5764867152021274,0.38332447482948956,1.4144027074741976,6.705442892515409,3.0816119551603305,0.01386691368893809,0.001184210640925637,0.0006145405349736057,0.2,-6.97630399935957e-05,0.014676328260233735,19,0,0->0,0,0,19,0.3171823872149668,0
True,False,0,True,False,0,3.5692620789412826,-1.8534700350658517,-0.891832347951184,1.3101407750608662,-5.000120304993177,-2.274521284430832,0.5737259632101873,0.46085956736061734,0.0162624522159757,0.11716056272846419,0.6043140698152236,-0.03969130200891661,1.2711807201760568,0.44298475502468115,0.24694355332512624,1.3372149043285158,6.051702704001119,4.600928466808872,0.01320072241302399,-0.0011679630269128462,0.0005465424494088168,0.2,0.00038629580439715136,0.014193101289661468,20,0,0->0,0,0,20,0.033879592443282605,0
True,False,0,True,False,0,3.633934185494032,-1.5914821577889129,-1.2020169369061848,0.9575882535492752,-5.357731313410321,-2.1704705480089777,0.746813032047738,0.15267104654181227,-0.6991316329291025,0.02948141052212853,0.4012904281180892,-0.7588841953217242,0.23902618927863054,-0.9454460424289614,0.5331647621600223,0.7991409217377856,6.140494692786249,2.2359431946002846,0.014075486202163761,0.0015409550650538721,0.0005505003513759806,0.2,0.0003409628220195429,0.013838064235547872,21,0,0->0,0,0,21,0.33153258602199775,0
True,False,0,True,False,0,3.6755849655812214,-1.645864350192716,-0.9183303729789227,0.5804451513354261,-5.124656911694096,-2.4158628351827103,0.6469611592008468,0.37697598446982455,-0.8080572838952155,0.26935724663006133,0.42513900923551495,-1.3147736525477687,-0.36678152537306563,-1.102800653786098,0.893098639950375,0.3655476445921966,6.004241339229969,1.2208756670274339,0.013442867201892831,-0.0015073827894107016,0.0005497307512503448,0.2,-0.00014769744206995662,0.013673953245448383,22,0,0->0,0,0,22,0.5064892279918166,1
True,False,0,True,False,0,3.7514149978407842,-1.5059347377311254,-0.6829690485589568,0.4199452591512128,-5.179890954345443,-2.3154217741336023,0.6172041095967963,0.577566329394375,-0.6863890483486386,0.12202745399479703,0.4921727814124366,-1.6488277140716288,0.10873788051781282,0.42896599547640263,0.992417465935518,0.39849918461821515,5.930644331530525,1.701975178925659,0.013007472404434037,0.0001972242028121362,0.0005353607926782093,0.2,-0.00017309744395375623,0.01387835020269217,23,0,0->0,0,0,23,0.3471780874308042,0
True,False,0,True,False,0,3.8479947896571822,-1.2820794373302498,-0.6397587833316228,-0.11843605103774342,-5.391315639597479,-1.9176331379103464,0.7904093711549559,0.5208730201224031,-0.6477097633895207,0.010091995331592378,0.6679416151143366,-1.9643533421625783,0.4630131108005196,1.61216452797983,0.8998504835664599,0.5404440780620581,6.25526667633274,1.5119438641896095,0.013098392888768124,0.0005263152817928801,0.00045914718514634864,0.2,0.00013326291394810674,0.013775962459008691,24,0,0->0,0,0,24,0.3743154700198295,0
True,False,0,True,False,0,3.965987842839946,-0.97443216104007,-1.0035638405379539,-1.006924092811785,-5.701500691179594,-1.3009473387805164,1.1752741998943537,0.001812740754660075,-1.0245001274330596,0.5141541544195136,0.3830403159741715,-1.8395744147805337,-0.578189574323551,-1.1116399767422476,0.9828867628431244,0.6504494012064291,6.463872233872721,3.3074753746936234,0.013827952556192279,0.000638639183090069,0.0003918662300186179,0.2,-0.0002930823300216715,0.01384593949695478,25,0,0->0,0,0,25,0.12622995927697025,0
True,False,0,True,False,0,4.050398936315548,-1.0874534269889058,-1.460119917309823,-0.8674751866708289,-5.2738081642879076,-1.008623759404539,1.1492969595205345,0.2552120409669961,-1.0118320434682275,1.1766559013279332,-0.2029994854323792,-1.7355375146907868,-0.8210322139548949,-1.6636269695400765,1.5822127732627682,0.20908085436515833,6.454085280657778,1.5139497686752181,0.015141811809730576,0.0005842995861141415,0.0006371249547673615,0.3,6.579078032825647e-05,0.01578009257552873,26,0,0->0,0,0,26,0.32836604858187063,0
True,False,0,True,False,0,4.112677451861603,-1.122686631284983,-1.1511891930665663,-0.8579753513386496,-5.048823694051868,-1.1874447365263143,1.077769218351393,0.2968843214479541,-1.089026650531543,1.5712956558078877,0.03649817327121047,-1.5994529174758758,-0.2686852453382067,-0.5123821588964502,1.4895091558637832,0.2925091549290083,5.98985344173492,1.4400277431170792,0.0144135095517393,-0.002042161511529573,0.000668564479374262,0.2,-0.00013093720777247395,0.014573399761813904,27,0,0->0,0,0,27,0.27525457436719813,0
True,False,0,True,False,0,4.16226530582638,-1.1372725309726148,-1.2455802518963663,-1.1144628419515399,-5.0719726478516245,-1.1983728325556988,0.8699213968684361,0.6758698278012254,-0.9449138412379378,1.9849905693987124,-0.050306619407553585,-1.5843822020268088,0.31370649545866297,1.0657702968213472,1.8286300724169777,-0.15590397722076757,6.2941301819476765,1.9000921201401484,0.014384988103252607,0.0006997808095045837,0.0006819966324212109,0.2,-8.136604475716177e-05,0.015277493790858278,28,0,0->0,0,0,28,0.20534599378713853,0
True,False,0,True,False,0,4.315032490528487,-0.9355589829909173,-1.384441631152971,-1.8426059840955455,-4.8135772581236,-0.7291706894202247,1.4984070153617466,0.8724324058537627,-1.3957852465799683,2.289847103874902,-0.06458733982580198,-1.2799892681779572,0.31637881828751174,0.5193626466597256,1.7929244384104785,0.10553334247829199,6.4027971288223124,1.4461415174100871,0.015010528482822411,0.0006540618280564958,0.0007753817458014063,0.2,1.3272774083341633e-05,0.015584025476767556,29,0,0->0,0,0,29,0.3822311310302263,0
True,False,0,True,False,0,4.443957803621541,-0.7304090773213128,-1.227931366217187,-2.3978743763560324,-4.858566852188777,-0.7231952380065585,1.6392232593323646,1.2122444414470976,-1.092737528234597,2.2619515800471346,-0.043478350552926925,-0.8023286417779599,0.7065699097564219,0.7707834268852766,1.5590324608979866,0.17237485649375728,6.510391869903428,1.060539466185233,0.014347192784734956,-0.0012888760776572587,0.0007342473391667748,0.2,0.00017296192535316054,0.015574101709002898,30,0,0->0,0,0,30,0.5853612387424768,1
True,False,0,True,False,0,4.558324667283981,-0.6456243914591306,-0.759124119681621,-2.3785145189110057,-4.701007330451682,-0.9545142348284409,1.542661907293456,1.1516415393587316,-1.3860151062576547,1.9639934917997917,-0.06265736453000066,-0.47660836859038397,0.2954381754072893,-0.7461334173090489,1.501217499614769,0.2862199303243529,6.169381084114268,1.7605042247645348,0.013827645694071888,0.00014378860742438743,0.000738400962458304,0.1,-0.00045496073776155055,0.014265611053912552,31,0,0->0,0,0,31,0.564013459514431,1
True,False,0,True,False,0,4.671810402665485,-0.5898949068979993,-1.1829631623530528,-2.109300414885615,-4.51875495479041,-1.170914572437258,1.8095201401036052,1.1977000853145776,-1.5684063431173334,2.011161188670657,0.09242149717171771,-0.9346283243540691,0.9170967214155802,0.22238675054536125,1.4571240528731708,0.4400389669897941,6.304000256858983,1.4286002154895399,0.015698905690488398,0.002390807087079578,0.0008658564861024103,0.2,0.0009077691833353808,0.0169217834078942,32,0,0->0,0,0,32,0.5955790432661382,1
True,False,0,True,False,0,4.820660471531086,-0.5922905665724103,-0.9978939074445737,-2.516306720831459,-4.117800129985346,-1.201878929442438,1.970414235731669,1.5039262384358025,-1.4224910758764944,1.7381695523838618,0.4119115294867503,-0.8617303041779225,1.5329244402582507,1.7713957975689043,1.2060077022836815,0.5199571270583543,6.461040999408075,1.8854109938869779,0.01496847461507461,-0.0026016910718302984,0.000762583364439394,0.2,-0.00022480890178519248,0.016798356380137085,33,0,0->0,0,0,33,0.5316665870542657,1
True,False,0,True,False,0,4.91969702635321,-0.8168823006475354,-1.8613365706256975,-2.782202959918944,-3.4793444600297763,-1.5638177144801038,2.251704257923916,1.8240364231048636,-1.630045781719567,1.971013428241689,0.06119201276235562,-1.1537424927719342,-0.03922151460923221,-0.5489986068032601,1.226785225016178,-0.10312462137557749,6.374456666805115,3.1854057594545164,0.017019137041868033,0.0027810935022072117,0.0009602173604857679,0.3,0.00046194240081840875,0.018263607432430207,34,0,0->0,0,0,34,0.3126845964080845,0
True,False,0,True,False,0,5.0151988342918,-0.9121138522047466,-1.859707008498094,-2.859500850359539,-3.438886833757563,-1.848110213307514,2.087259502539339,1.820657672853809,-1.651547510070677,1.8087315468834622,0.33178094755040227,-1.358978294752443,-0.16597614527499135,-0.6487817770811113,1.130788911508331,-0.4131531676387763,6.3943446318185195,0.6381019115825766,0.016213171156495905,-0.002856628312165552,0.000970453979399169,0.3,0.0002684910038858665,0.017674724280825033,35,0,0->0,0,0,35,0.8261469060083123,1
True,False,0,True,False,0,5.118405923083117,-0.9251546150015751,-1.7891542075542468,-2.6794751018093415,-3.4484786680734696,-1.9182159590493204,1.9461852303968303,2.003376475932637,-1.6045967685203133,1.5842373411185109,0.25163524383088426,-1.4359413191955717,0.1049803860403055,-0.2327427906148763,1.1706616650057784,-0.5366786056923846,6.278097014531719,0.6593986462028937,0.015771148335941745,0.00036394306481796895,0.0009934184043462906,0.2,-7.075836327535834e-05,0.016101841450681685,36,0,0->0,0,0,36,0.8574483533106817,1
True,False,0,True,False,0,5.251336474391297,-0.9352734455869439,-1.6456347722598699,-2.8691439940661083,-3.4331792915230466,-1.9868862246082692,1.8580560963286992,1.9762118641119566,-1.5038450289813476,1.241238350763779,0.40110119792027166,-1.359310967622955,0.5071777924395916,0.8392154000469687,0.8926325933911538,-0.4486323936094008,6.216307016572613,1.280515636330631,0.015061243874254239,-0.00026788164113334713,0.0009594780722666545,0.2,-5.728657591511435e-05,0.016121165081414496,37,0,0->0,0,0,37,0.7744845354387844,1
True,False,0,True,False,0,5.498291393011291,-0.8569406967686801,-1.6603708103153514,-2.723966086590607,-3.1385977011063266,-2.8409021974702355,2.1890285146996655,2.0406112087055366,-1.086873917519999,1.440611446734143,0.42528315187377097,-1.6113311575737552,0.42399222986618773,0.428699569136996,0.7178493608518705,-0.1470512675238638,6.42872373624663,1.2620955039508786,0.01619201679764004,0.001840677385073309,0.0009527386944427825,0.2,-6.400745745458944e-05,0.01757623635276629,38,0,0->0,0,0,38,0.7880907675933546,1
True,False,0,True,False,0,5.701116283363034,-0.8042893730909242,-1.7716699623154313,-2.5945273571903984,-3.0310443785458645,-2.9709326743729663,2.3700780810107807,1.5960738300989687,-1.0555823138103286,1.5391020263298183,0.3990320895243272,-1.7022150844128736,0.26714234941285253,-0.08110306179561054,0.6610763863737638,0.08023233031723395,6.430316297541818,0.8312221301431937,0.016869123023983735,-0.0004536666970421082,0.0010429608597386079,0.3,0.0001993783624343673,0.018056212593497267,39,0,0->0,0,0,39,0.77927549236944,1
True,False,0,True,False,0,5.9170332881182555,-0.757460321599484,-1.3773607905050262,-2.450000738747271,-3.1905655985188175,-2.805131976737516,2.4251518950295856,1.4549307614138678,-0.7186162228905486,1.5732314419940499,0.10142375701545187,-1.4525053963078163,0.1650174566190596,-0.49106775034925415,0.4188914436334488,-0.06457374013934447,6.186200154159195,0.9082024315540925,0.016394890741620503,-0.0011513385087069256,0.0009687337653337111,0.3,-0.0005359523508231424,0.018413982754350557,40,0,0->0,0,0,40,0.7984015291707693,1
True,False,0,True,False,0,6.042311553946309,-0.8028139567054111,-1.4146565683062322,-2.622202337160191,-3.3612451486303465,-2.8729502875371966,2.3116305144271716,1.3383696091997905,-0.5353948622724417,1.2306965441117141,0.27348007300368427,-1.3074581390731816,0.48740519349420297,-0.4893961230515181,0.25619786640372255,-0.049322656185045353,6.23677432488584,0.6642146856438402,0.015806823446855203,-0.00011383501240206859,0.0006796992306255367,0.3,-0.00015408709296944705,0.018320917708975176,41,0,0->0,0,0,41,0.8390496832977983,1
True,False,0,True,False,0,6.179028418723629,-1.057782093886188,-1.206173081051893,-2.6337392832558044,-3.022313690337288,-3.1511321875083453,2.1216228166196203,0.9424064280583359,-0.30540354253405433,1.0802094938561486,0.5032657252498878,-1.143834156574467,0.6919734433068793,-0.039471393031888735,0.007923678109669827,-0.0007082549621326631,5.980958912417288,0.9878505270452066,0.015070760532688271,-0.00014799561940163214,0.0007371608162996988,0.2,0.0004243133104490874,0.014346874238391365,42,0,0->0,0,0,42,0.7218632518210002,1
True,False,0,True,False,0,6.32466785189813,-1.3969610598324862,-1.3326854020108472,-2.8582142083994646,-2.9804629942823873,-3.5483176483451473,1.9872276829620221,0.5503748549635674,-0.2400586640124351,0.9889405177359345,0.7256914253723509,-0.5259224340351956,0.8357300852524796,-0.6624398504296168,-0.1382893988879273,-0.15585770460622891,6.2272490133006615,1.1966618180698734,0.014579244588440564,0.0002445469699192248,0.0008014371145615068,0.2,-1.2801085220479763e-05,0.013574671600310357,43,0,0->0,0,0,43,0.7268121584223729,1
True,False,0,True,False,0,6.481918841368025,-1.8321993369983072,-1.352209582753764,-2.7829376688791054,-2.9224070940568287,-3.265826850340493,1.9772488739237222,0.4134447646035328,-0.23631486441140082,0.9448849251468188,0.7971867480882627,-0.2522307051953476,1.352351378700814,0.39967201446448797,-0.20230975661294615,-0.4018932741698558,6.168264853179198,1.3652156915248743,0.014742736875260832,0.0006550082310679758,0.0007702154672156596,0.1,-6.347508512829537e-05,0.01334569293193879,44,0,0->0,0,0,44,0.6953262452151732,1
True,False,0,True,False,0,6.538852272398369,-2.1776212269271724,-1.6966776406062554,-2.8926605104825835,-3.1988018067302324,-3.397639565258672,1.9325817756350088,0.19969771290587035,-0.21746421053208398,0.8840306089224726,1.142698901654832,-0.47864407124700714,1.7450848183050016,1.096249810736063,-0.43667037321311464,-0.41184741676154935,6.786873342474319,1.1242290883986792,0.014550722435785637,-0.00035550672629546323,0.000817913745706579,0.1,2.6204813090985324e-07,0.013373336162438118,45,0,0->0,0,0,45,0.7539830612085782,1
True,False,0,True,False,0,6.7226015170819355,-2.6174881231202445,-1.5556853512546442,-2.9644199695406988,-3.073857251766659,-3.079978812029166,1.9429619709983361,-0.1766008885863231,0.039282908745089905,0.8063465422972634,1.0875954213051098,-0.1256460888425636,1.315128928564656,-0.2564941742725592,-0.3701460965454398,-0.6684079568066736,6.524433588997952,1.6718635744563652,0.013848612826084824,-0.0005100951702256187,0.0009614615309205258,0.1,-4.894890840785246e-05,0.011669430054713485,46,0,0->0,0,0,46,0.5681410453801566,1
True,False,0,True,False,0,6.7683032127026435,-3.191732686471885,-1.583800971793209,-2.8619852661082055,-2.999273095153599,-3.063060233372009,1.6147374841010353,-0.9900184096738426,-0.20096402040095748,0.2511514316907345,1.6496201380374453,-0.07741963606716906,1.2328902003472202,-0.623828088758616,-0.4965723436491088,-0.7357071171774764,6.711437291793694,1.4016865516599573,0.013218200263294655,7.169704691064455e-05,0.0011690310484806148,0.1,-0.00023457300992504523,0.010416553204765635,47,0,0->0,0,0,47,0.5244806601364437,1
True,False,0,True,False,0,6.9099372871811635,-3.5901631645585232,-1.5163905328992637,-2.9300322263333207,-2.8382353512111584,-2.712381024140151,1.6888785618629842,-1.0862702467334844,0.003101823256463229,-0.30711977646489347,1.6073725037080486,0.22464105281768984,0.832053878030912,-1.3129745399540271,-0.5031648526841592,-0.986868313437298,6.79522938579356,1.2233990028787083,0.012831014732865706,0.00024322703236121998,0.0013042435622645596,0.1,-2.458482402850539e-05,0.009546419734443038,48,0,0->0,0,0,48,0.5981000477697298,1
True,False,0,True,False,0,6.899151893490903,-4.0656397030043205,-1.975322967288388,-2.8453546942776495,-2.8495114407494055,-2.5120198443991586,1.6434767903368284,-1.2100412494888484,-0.22147282634882967,-0.5943064541616837,1.6791544797944908,0.17413690460588674,0.6105398534793876,-1.540985007741577,-0.574002244425928,-1.0522256758403934,7.111956389537659,0.8675228534016776,0.012630548855014117,0.00018671965257736033,0.0012411316232693547,0.0,3.6534033586894943e-06,0.009216700809607084,49,0,0->0,0,0,49,0.714151389991373,1
True,False,0,True,False,0,6.906367174396071,-4.610870422186705,-2.5420875261496296,-2.9250377685440307,-2.593722465058191,-2.213112466662383,1.7503366464630479,-1.488208092731994,-0.4892152967057904,-0.581503537949893,1.855271346787337,-0.12558620592513467,0.6005342447699911,-0.6125829781304976,-0.5809050028206514,-1.004424808225956,7.403650768810922,1.38763595648791,0.013318425369216694,0.0008883423920541655,0.0010491563215961873,0.0,-0.00014177485853937317,0.010945895405986344,50,0,0->0,0,0,50,0.47580479507774937,0
True,False,0,True,False,0,7.04126504481712,-5.44705551814552,-2.365406848232245,-2.5109472260800536,-2.470638438447764,-1.5537468592138022,1.7419689051255247,-1.7432373755830106,-0.8154767560688481,-0.9983368008523512,2.1573774154120886,-0.321637114699855,0.3147902495641624,-0.10406704317098595,-0.5742335772067098,-0.9991362252035959,7.6666558021061135,1.478284050494854,0.012672464251318478,-0.0013338376321007928,0.0009307212963478651,0.0,0.0002484304954860333,0.010563829207133774,51,0,0->0,0,0,51,0.36957083743830643,0
True,False,0,True,False,0,7.01282825583836,-6.08726017203938,-2.483305817724508,-2.616797487882073,-2.0191967913169835,-0.8969566732856715,1.6735208015206129,-2.2226646407132304,-0.8588297855422812,-0.9715343972577604,2.3932084172698915,-0.7349546630924189,-0.4829003413097789,-1.2642475346892834,-0.3793241236740806,-0.943906388917895,8.214336223241135,1.886239179454488,0.012220170892267644,0.0001936677588473823,0.0009164129278283926,0.0,-0.0011675473225094754,0.010730089250635802,52,0,0->0,0,0,52,0.1521594669228419,0
True,False,0,True,False,0,6.999794103229551,-6.622766457871297,-2.9054572828884204,-2.4509159549267046,-1.873220586809145,-0.8136178879390135,1.6204992413700048,-1.9855691436283043,-0.6800743103803812,-1.0749236342395303,2.6340978281108347,-1.1273711742694204,-0.28039726987829144,-0.19742096416182608,-0.2467165386666515,-0.6364999518627368,8.545145624509454,1.4580180297960572,0.012493431710731341,0.0007255541775145306,0.0008698571383208579,0.0,-4.473021580391184e-05,0.011241342946767336,53,0,0->0,0,0,53,0.11329550299039699,0
True,False,0,True,False,0,6.960650482088784,-7.079283987903068,-3.3939267930532426,-2.74958273487466,-1.8849559127079019,-0.7162743023012406,1.7817606066644516,-1.5974774821855304,-1.1196606337636847,-0.6650742234925282,3.050118246256866,-1.0949579968852974,-0.39372919477461354,-0.5579427952156855,-0.19183897003174516,0.10840924919464508,9.2004338364106,1.4000129649644248,0.012344592878468086,-0.0004220996507269519,0.0007332484763363146,0.0,-0.0010220284328295833,0.010891280520612017,54,0,0->0,0,0,54,0.10449108131567113,0
True,False,0,True,False,0,6.944060841892713,-7.50633386356454,-3.1401101539847063,-2.7491579161563373,-1.641988630602366,-0.5779222082781128,1.644708365671899,-1.1873255380915924,-1.1918576110617114,-0.13870526321051058,3.5861282434907364,-1.0921687801473459,-0.600929467568809,-1.189900743828803,-0.01771425932208608,1.0718306561530482,9.584646225101377,1.5756415906460095,0.011839610253493598,-0.0003561437927112332,0.000588324898362117,0.0,-2.731173187934654e-05,0.009839011961286365,55,0,0->0,0,0,55,0.041628781916996226,0
True,False,0,True,False,0,7.496760654835704,-6.788806171733385,-0.6419718177340966,-3.0471533689471246,-1.8497260655431869,0.6632954792349258,3.1637409121722664,-0.5287557727848817,-1.0570071251454078,1.0964577872389063,3.4541806757601674,-0.4516403587227496,-0.2692982740078621,0.4755718442329784,-0.017190950489503004,0.9878681166421497,8.946288798594237,4.041917505037236,0.011301534874321943,-3.3092754197166716e-05,0.0006069258919007956,0.0,0.0002434299636647659,0.009679395215290234,56,0,0->0,0,0,56,0.011200076805097969,0
True,False,0,True,False,0,7.577075213206215,-6.644816991366216,-0.13998760558860915,-2.9125668977174244,-1.4105682055155593,0.6512138825859294,3.1520442616389426,-0.7481463191737208,-0.9994256700240182,1.4549372145735318,2.9462835246589094,0.04432451624686449,-0.7063346978976733,-0.3653839911229795,0.10512490031039112,0.7891415635150196,8.579383022490477,1.4584184428713713,0.011960479150514437,0.001197019655364149,0.0005676084326747625,0.0,0.00017067979570392633,0.010411888755290184,57,0,0->0,0,0,57,0.105330170272592,0
True,False,0,True,False,0,7.519021360296142,-6.459420689571028,-0.21320217695090796,-3.104620323479009,-1.487999600832645,0.21713995953615328,3.2851237927537644,-0.3611419498962623,-1.0667391335990177,1.3783285912166106,2.917556664188696,0.0032365795425281564,-0.8785904923493767,-1.0466889924364409,-0.12353339330568062,0.6386221231938507,8.538373669398512,1.0117252496378921,0.011396388671593828,-0.0012230347551131036,0.0006149988382725114,0.0,-0.0004237117916791582,0.008808831536485309,58,0,0->0,0,0,58,0.2814299432700411,0
True,False,0,True,False,0,7.518643916873192,-6.311971240480344,0.06806464157291629,-2.952314261341959,-1.2359696752813452,-0.21822316824167448,3.2861020135608148,0.2083651944297168,-0.9045365823121443,0.9617811402780807,2.8552117089803946,-0.046187705662061984,-0.8263442849273708,-1.0856977524562643,-0.1364412928982933,0.5673596430729266,8.219217501813114,0.9576515689181905,0.011534578800071464,0.0007022806073982459,0.0006307182236138974,0.0,-0.0007710829320382723,0.010223155012890957,59,0,0->0,0,0,59,0.38845262607881315,0
True,False,0,True,False,0,7.564358159634735,-6.1477490961494565,0.9500902245823547,-2.520217222197257,-0.6802043661274256,0.07058003293593296,3.3372546364654827,0.837871465858771,-0.4755490786937564,1.0813998227591075,2.467177440877679,0.20580810954064419,-0.3439392815567688,0.28786710197061993,-0.24705245442443988,0.42267059083536695,7.769920323324869,2.0856387339409483,0.011558708294412101,-0.00011406063413699902,0.00048393879783556975,0.0,3.4956136922836833e-06,0.009868472131928234,60,0,0->0,0,0,60,0.21860916586604737,0
True,False,0,True,False,0,7.501838159390112,-6.0458692395973666,1.4763794051926544,-2.4108389736154576,-0.047609667697622614,-0.4555345446074842,3.5011938384975076,1.1748421630110866,-1.0676298182761668,0.7823515531460684,2.7454049621178926,0.09187419238108531,-0.5908416728910016,-0.8756424334299772,-0.2458419776570882,0.417519467780039,7.950958429322888,1.7509295423615865,0.011011254576739552,-0.000571583212013187,0.0004867060519798565,0.0,0.00035911441404001994,0.009735319754355955,61,0,0->0,0,0,61,0.5158457249730943,1
True,False,0,True,False,0,7.492938086636868,-5.7155409836060524,1.5043710326849047,-2.2735381171947355,-0.3507222375019338,-0.7821214103029458,3.3745652974947355,1.22074672656465,-1.154034544147845,0.767131467591313,2.7046268595754768,-0.028250246349475146,-0.06567814955505952,0.7740737700625058,-0.22612343171473379,0.5998389621264117,7.652536577614007,1.843987231794221,0.011715047537333375,0.0012512466782663729,0.00045981044426212004,0.0,-0.00014344284596212037,0.010961070768488734,62,0,0->0,0,0,62,0.4532659070446777,0
True,False,0,True,False,0,7.445182425859663,-5.557275073427028,1.650010510343946,-2.253498323357487,-0.3439136128158632,-1.355439214421003,3.3884231968813148,1.2111790059009853,-0.6609552648761411,0.9714016160853778,2.867099083202695,-0.5933193532407894,0.2385303709920763,1.8296693553781758,-0.356734977165995,0.6203876487911579,7.851013541622954,1.494263923495547,0.011147220552738974,-0.0012716199451882244,0.00039993539537228604,0.0,0.00032752389527038184,0.010372907751649538,63,0,0->0,0,0,63,0.46762508604659087,0
True,False,0,True,False,0,7.4589428350323175,-5.315613590389547,1.9741447580530813,-1.803486034894803,-0.47483479610481305,-1.7479192718829835,3.275150525710367,1.2734232218552186,-0.5496257078699182,1.168028462615503,2.584131163437464,-0.7565813286054135,-0.05553425909279502,1.2402403460539255,-0.2925231707885603,0.6101641458411576,7.515106005530432,1.0723617052046877,0.011551498740581746,0.0009721051724371731,0.0002970855834175253,0.0,0.00010374103392550918,0.01094277105796676,64,0,0->0,0,0,64,0.5720483714132312,1
True,False,0,True,False,0,7.5191028861954115,-5.413068939609618,2.18268962352242,-1.1955754563920329,0.2567147638047011,-2.438742583607099,3.287145148650865,1.515211290291956,-0.23861086811737087,1.4612709474695829,2.0689334970957374,-1.1096999186729215,-1.052223720192426,0.1543550968719909,-0.10709764119424289,0.8255022203246448,7.690624793806515,2.07925527196407,0.013585049816268714,0.0016292728878441968,0.0007238847866159252,0.1,0.001332549195879166,0.013303961739926488,65,0,0->0,0,0,65,0.2996804037951328,0
True,False,0,True,False,0,7.501844865568461,-5.354579841619822,2.3643510241040895,-0.7732130618393167,0.0743057026517633,-2.379547212718353,3.184685990603402,1.6969166538355342,-0.17563870488709826,1.1088532294485018,2.1547521143771573,-1.5893265114174733,-0.3955487623625585,2.205722695340584,-0.07986572695684234,0.9098603446769592,7.932331272114436,2.303944592612577,0.013241659361023509,-0.0023769415309321737,0.0008595900924385926,0.1,-3.054301976255797e-05,0.013743607583972159,66,0,0->0,0,0,66,0.25862190955834374,0
True,False,0,True,False,0,7.5035255635997125,-5.3183686772166645,1.7685841030815845,-0.6396932865395815,0.048551619814715855,-2.79698732353048,3.077914259705358,1.4013178955746046,-0.5986361822128082,1.4983226750882057,1.4529748456213323,-1.497829617809613,-1.895093806948044,0.6222113093315225,-0.153846255900187,1.161309709580437,7.681016339284578,2.510796299699247,0.014907921106165007,0.0020096522003867027,0.0012910366818295336,0.2,0.0012679704341388136,0.015441464954352876,67,0,0->0,0,0,67,0.1859704027379064,0
True,False,0,True,False,0,7.4998294115337565,-5.312839093103476,1.850301000132121,-0.27196258609988705,-0.18527459833546805,-2.879172673560205,2.7901697220504404,0.9666624537474015,-0.7429204195641658,1.836202432966525,1.2821522359887223,-1.290415431105476,-2.022153166452465,0.1470944839352024,-0.08491822981919257,1.1773129521901677,7.5633033285799876,0.9639336580749592,0.014395643521022588,-0.0021785393302839167,0.0014332108098261255,0.2,0.00018468446194206366,0.015664512356562108,68,0,0->0,0,0,68,0.4214929834311254,0
True,False,0,True,False,0,7.456051895062402,-5.455625855571802,1.0300992881427533,0.5263649352324367,-0.2317785800757375,-3.778459213706292,2.234491827016334,0.9790013054039152,-1.2125576675061256,2.338202993592757,0.4649607976312795,-1.043828869108046,-3.4856034224570007,-1.9298448754030493,0.15335175402296336,1.04073795623465,8.507460901800828,3.1912585037789296,0.016337639781735646,0.0024542738458554775,0.0018352389088457722,0.3,0.000554847668638267,0.01768821205542175,69,0,0->0,0,0,69,0.17511790545515685,0
True,False,0,True,False,0,7.421912011944634,-5.778573937656519,-0.5050644693206569,2.0040098987881336,0.13451525556991123,-3.322030517190102,2.1901893079949724,0.6912955534667307,-0.7699680280722592,2.291950122996342,-0.3646633935635268,-1.1186464775088918,-2.0762826775735195,1.4475616917966985,0.6282617935437156,1.4189896902523738,8.265064496487089,4.44144480208637,0.01891914102529744,0.0006395049828487372,0.002553025588705305,0.4,0.0017805145655518557,0.020642034022239016,70,0,0->0,0,0,70,0.011293286963396423,0
True,False,0,True,False,0,7.362921687822255,-5.721583549932096,-1.1422645071663233,1.844258218821063,-0.414150206419346,-3.475274123780866,2.009117320702169,0.9987484057950484,-1.206985435557919,2.5125153030390655,-0.5837332561662746,-0.8126994436911555,-2.5744514830355305,-0.06745053752300438,1.0853807986605755,0.518720828051365,8.30852554491163,2.1986833313031986,0.018311352508006622,-0.003189289760852615,0.0027414899968157174,0.4,-0.00012771529508042757,0.02091105670870902,71,0,0->0,0,0,71,0.16865033550480057,0
True,False,0,True,False,0,7.457693293635092,-5.5242011383436305,-0.9259169206638166,1.9543318704070323,-0.7565027243203775,-3.4081309077974837,1.734296981739917,1.1447476725334813,-1.7327283874078192,2.245323896080814,-0.5064667887052223,-0.31523639856165814,-2.1245394309377925,0.3502964019276569,1.2951555546879276,0.25861056914934993,8.030928064382401,1.1896436718295966,0.01761544225542355,-8.81217352922542e-05,0.0027316695321400568,0.4,0.0001166231241938008,0.019890539928144414,72,0,0->0,0,0,72,0.4583692110265461,0
True,False,0,True,False,0,7.622899645036244,-5.0664383001905735,-1.5964969044944046,2.493539166287588,-1.419229169600058,-3.4888915662377107,2.0663951357167125,1.3201855063101722,-1.85298831722257,2.38731713204747,-0.4195633104957002,-0.341994572969656,-1.048136864094944,0.9806418252782079,1.0402411712369293,0.17527381856283925,8.236198137628923,1.79857030986763,0.019533050324367036,0.002613518321526561,0.0027041019834283865,0.5,0.0007170668636113878,0.023033360942639095,73,0,0->0,0,0,73,0.48963757915513756,0
True,False,0,True,False,0,7.8266832594351055,-4.561971931113233,-2.379290818367192,3.473996200163972,-1.9213881477378623,-3.645118594317681,2.4770075651686585,1.0413281385248938,-1.9752681239328753,2.0268838104763667,-0.7564301436955457,-0.04786305104878753,-0.5104739741752056,0.13878712726616446,0.8460525800409735,0.1134702158821969,8.74358767015936,1.94350139291419,0.021516056387917083,6.53979946065586e-05,0.0027830804626590797,0.6,0.0010808760386407153,0.02508113016513468,74,0,0->0,0,0,74,0.7312969467082134,1
True,False,0,True,False,0,8.019580891765775,-4.061011492749086,-2.003148753002266,3.2497101341843186,-2.306996855092937,-3.4208140564920484,2.530640001703155,1.1315213822345884,-1.709404535897379,1.7980338283701658,-0.4223916713030221,0.30490507718548554,0.14196407079503354,1.0843891513911856,0.680980174480647,-0.0192313336410749,8.356951701516708,1.5536266657076145,0.020478549116018006,-0.0030205133354491223,0.002741719045165372,0.5,-3.696861306660623e-05,0.023861490681358292,75,0,0->0,0,0,75,0.8237805732418017,1
True,False,0,True,False,0,8.250936383854384,-3.476319189081594,-1.9750622824330273,3.172139462191423,-2.6677966428357087,-3.482357097947976,2.780921215962153,1.2326118074206533,-1.6183143687357,1.3650714942808455,-0.2753747150444607,0.33890599705191055,-0.07800718057747608,0.4246915054321608,0.3428486614756508,-0.06998508384140394,8.255330641033131,1.1950069262417609,0.02131307201091486,0.0018720301667959315,0.0025194907201229,0.6,0.0002922631724681466,0.02524073243815095,76,0,0->0,0,0,76,0.9141402374699459,1
True,False,0,True,False,0,8.456426559699413,-2.982223560171292,-1.610603145030784,2.8537043309649666,-3.1766467618589824,-3.462157915666927,2.759026095010764,1.6001494742012456,-1.4877389406034855,0.9493169306018299,0.08902087675737448,0.31328196781312273,0.31633361460114545,1.8877350339737176,-0.05697251243496688,0.09308355955788332,8.331362747465286,1.9290618970107647,0.020447777968052125,-0.001699816937759592,0.0022804722360202077,0.5,0.00036229998113719575,0.02413055662085247,77,0,0->0,0,0,77,0.9054913055890674,1
True,False,0,True,False,0,8.674483077371272,-2.3344449621935897,-1.2792753653024078,2.59159937943653,-4.109766151970738,-3.3261256765059493,2.391576931139484,1.4410194302908435,-1.1319888700184548,0.2983923209355768,-0.07736971244208889,0.6383134185742806,-0.23901135504850718,0.05043662042394993,-0.013050043102324233,0.004426850509940508,8.050607753059898,2.464275879198295,0.019695628456696798,0.00011314453150741005,0.0016492424894709256,0.5,-0.0002898037620377679,0.02425917201432606,78,0,0->0,0,0,78,0.8908560628970323,1
True,False,0,True,False,0,8.835126059673623,-1.9304714087979575,-0.9037439464521314,2.2327861423721416,-4.79243415742081,-3.4137828979325877,2.0367515145108435,1.5044007584637693,-0.9437951297283371,-0.2444184372870317,0.07722371263338967,0.7373456186406604,-0.296705292916799,0.05367826417567387,-0.15598813518068597,0.05779428313120701,8.196910514678066,1.2053193083279543,0.018811353468304405,-0.0001321254770370664,0.0012803455510865362,0.4,0.00039894065075117384,0.021840412224186423,79,0,0->0,0,0,79,0.976764929568727,1
True,False,0,True,False,0,9.042312571462702,-1.569612566501686,-0.8526430931702794,1.984430940899096,-5.019642676064829,-3.4005418617250505,2.146288617102707,1.4346171621161294,-0.7850663162583497,-0.2167027685452053,0.372665388086685,0.1949180088888778,0.30395328088889734,1.4434827620764232,-0.06531652770364521,0.2909980301878571,8.441086504459822,1.7517229243900219,0.020015331310291134,0.002088252830379122,0.0012561716958463995,0.3,0.00010721926681262275,0.021391933517731585,80,0,0->0,0,0,80,0.9524782133747528,1
True,False,0,True,False,0,9.22690912291148,-1.2012806573119594,-0.23434668034534903,1.8835188006671348,-5.358668092023466,-3.3205448965588147,2.1359709832677884,1.4334965301539384,-0.36940908831934904,-0.06806570842797462,0.3849510445257712,-0.06092958579429277,0.2859493298517868,0.704458951793966,0.05342180149238547,0.5227222327589901,8.508652051487703,1.2483635367594463,0.019039707076093097,-0.002179602076184766,0.0011808119588115737,0.3,-0.0002029442898914425,0.02118184573241304,81,0,0->0,0,0,81,0.9646626837745037,1
True,False,0,True,False,0,9.386261321417754,-0.7933756889247721,-0.2837939300885225,1.4082321545902634,-5.8658676185861145,-3.1777225151418795,2.1620470750878202,1.0257058382476143,-0.1717910081265524,-0.14521686839119727,0.2808599124044268,-0.28575336596109596,-0.30135176181016005,-0.7758835740005168,0.12123574827386294,0.742002165015058,8.756165813756631,1.886835897800253,0.019471852693909563,0.0014077698520145038,0.0009047165529979674,0.3,3.43445372576346e-05,0.022406236315084357,82,0,0->0,0,0,82,0.9333430360590349,1
True,False,0,True,False,0,9.54598475866548,-0.6650624772815217,-0.9837482529947043,1.3409980002527515,-6.134331856329267,-2.348311476633559,1.9909090748429707,0.7021579215761324,0.10734907888014245,0.2472833702992487,0.012317781158366235,-0.9816029644019141,-0.15673826246864256,-0.14839640804758192,0.8123661562651489,0.42875890881117235,8.836358955466645,1.7914051694396598,0.02209759042216757,0.002193592110441539,0.0010916559633769966,0.3,0.000573788422627515,0.022428093917459903,83,0,0->0,0,0,83,0.8093969813326249,1
True,False,0,True,False,0,9.664577226894226,-0.5477107350280911,-0.849323615152041,1.0379252705943864,-6.042594681167663,-2.3467916300490925,2.177377926215031,0.5908272955115704,-0.02384086506267242,0.3400202576268241,0.4502730878506429,-1.469401023792406,0.06429419109956587,0.9173784458889527,0.5452850322786109,0.5180177056361194,8.919691650997157,1.3830890792739183,0.021022131158945166,-0.0037011969914804085,0.0010398999962450966,0.2,0.000258136765175011,0.020303037870741496,84,0,0->0,0,0,84,0.8516403130443205,1
True,False,0,True,False,0,9.679015681691157,-0.6709143550269081,-0.9771573556796782,0.5550171234065195,-6.131782103778216,-2.2679585127868536,1.6638450021240734,0.6402106906374603,-0.3102039998708921,0.9920701905711036,0.18283840302041124,-1.540833989042282,-0.1548831878410889,0.7285865105516244,1.5353327806632924,-0.30468560358251257,8.938668486148488,1.6940385243368128,0.02006428330004895,0.00011761140432618722,0.001037558918558185,0.2,0.00031970187861543077,0.02040711146936348,85,0,0->0,0,0,85,0.7554842859519474,1
True,False,0,True,False,0,9.825531150043748,-0.4407303971313136,-0.8499812209888217,0.26938103648110023,-6.13990432016501,-2.181897927234832,1.7508551359414248,0.40706329573909095,-0.35040725441468296,1.2202471323059554,0.10336905298566017,-1.593614943506241,-0.18645857299740465,0.9448973924704592,1.5301628224978432,0.015686246407672102,9.054364839667533,0.6744245878745285,0.02031013805040442,0.0012037026092516848,0.0009636218202311967,0.1,-0.00022510009406693544,0.019223234867111565,86,0,0->0,0,0,86,0.8757846515019676,1
True,False,0,True,False,0,9.915286790639488,-0.30048225888958124,-0.9282831952139113,-0.6143115936372622,-6.453084226561906,-1.8300085968745363,1.816746584487644,0.38259225957500353,-0.6522211948459283,1.7977553509095483,0.1207752750328507,-1.4977811513272379,-0.24178313957563607,1.089725007945294,1.4748715114416788,-0.022789027312184875,9.369227988628479,1.2264931957849363,0.019385351997298524,-0.001170640803461364,0.0009791638742307183,0.1,-0.00015512329446803683,0.019330403127886694,87,0,0->0,0,0,87,0.840928771502313,1
True,False,0,True,False,0,10.022332068641031,-0.22881966224635963,-0.7254317107513639,-1.076735940762327,-6.344607802257226,-1.3641932556322192,1.7663130610162092,0.1976293248419792,-0.6797936062440544,2.039469343331428,-0.0670282175437571,-1.1128383227253926,-0.3338798739832431,0.6667097691908529,1.6091535911809636,-0.031108604299820198,9.279629443631404,0.9925959567066436,0.01876930453503237,0.0003087385908397411,0.0010513995356838904,0.1,-0.0002410819580813614,0.018819142330734718,88,0,0->0,0,0,88,0.8435047705498815,1
True,False,0,True,False,0,10.10365272381143,-0.16837428266414003,-0.6428424398147345,-1.4479257211339367,-6.25958171108935,-1.3199087994502803,1.8288462001226053,0.27353145841972754,-0.8604341987930222,2.054367893215446,0.061801890118270086,-0.9490562778072938,-0.11755223767390272,0.530358767982685,1.6165408544536068,0.02801218485956181,9.308752849441506,0.5647525446397897,0.018992915370441333,0.0008396582976751173,0.001031923452008797,0.1,-0.00012276907671150347,0.01967984123534676,89,0,0->0,0,0,89,0.9062012440574673,1
True,False,0,True,False,0,10.199393142926272,-0.1626510864180441,-0.5685607399884992,-1.5759746597212254,-6.091555034035445,-1.301525928750405,1.8043771223282834,0.38143194018211446,-1.1632655491003359,2.085710012233578,0.16259837074143824,-0.9338580396601099,0.31497822019705624,1.3100437337068729,1.6666165663989088,0.12513098264320419,9.402007162878972,0.9909270311047225,0.019451065721288224,0.00023453951543792734,0.0010413251659076492,0.1,-0.0008213562101320442,0.019752712163421022,90,0,0->0,0,0,90,0.8800343369348474,1
True,False,0,True,False,0,10.271350469502027,-0.1745186267124833,-0.5799119915230992,-2.358906081641696,-5.925228061798932,-1.2934520215000689,2.061253424254674,0.5522980122607483,-1.5554085579718582,2.186317995322509,0.35592289091922213,-0.727036219992142,0.1514822167758392,0.41165174162022683,1.5930625444668567,0.2363374680739716,9.510931287393396,1.3553610546412103,0.018666644544931457,-0.001242571527203657,0.001079961210664574,0.1,1.510113521034466e-05,0.01982356107115428,91,0,0->0,0,0,91,0.8946823177383748,1
True,False,0,True,False,0,10.366318736909356,-0.20921414189041643,-0.601282772312953,-3.1298001908118143,-5.705539127252573,-1.060431087035204,2.247539218661961,0.8315290994931296,-1.7038342303286118,1.9559676834697939,0.5408582233156362,-0.41096078529508834,0.4412119008853519,0.326700767954025,1.6204947989209983,0.3036555722874284,9.660476906559747,1.0610523017465074,0.018005832928819816,0.00012360956024512482,0.0012229786471331875,0.1,-0.00013689979852326596,0.01911065034890152,92,0,0->0,0,0,92,0.9405053153166988,1
True,False,0,True,False,0,10.502271159002756,-0.3621618128112358,-0.3998185203412521,-3.2633622243331,-5.372369614148052,-0.9132986779125009,2.124380721747511,0.9654959761671044,-1.6414034116348861,1.7529193300351966,0.3904159161840338,-0.357553718822401,0.5747111894835086,0.5191711063918749,1.6346349224137513,0.1876609265303305,9.509947730821741,0.6365538139619071,0.017964236002733117,0.0006192146900249433,0.0009901184853803172,0.0,-0.00043394210813819424,0.013133457695383726,93,0,0->0,0,0,93,0.9635313273542637,1
True,False,0,True,False,0,10.614590916850815,-0.5144675296808435,-0.3747642239864609,-3.508239405930046,-5.175177062786414,-0.9044510751571827,2.1433936936028837,1.1837975616411969,-1.7668044178448639,1.5793638340418383,0.22289928947123033,-0.5471245473750124,0.40254735065362096,0.03299946955275684,1.5970279184160034,0.1140486725360746,9.54586154704262,0.7523747133575273,0.01803238642084709,0.00010974734420067175,0.0008399841125689297,0.0,-0.0010582153411929866,0.014563970947872153,94,0,0->0,0,0,94,0.9715842228993768,1
True,False,0,True,False,0,10.671402702004192,-0.6934724685366476,-0.3778875056544394,-3.8625162890475897,-4.958459718324016,-1.133596100765785,2.267260614378221,1.4201082350496979,-1.8715210738469643,1.4011249546384854,0.3776904480767257,-0.7295744892039442,0.36640998636626243,-0.4152683504053306,1.4590734077709084,0.1307220411041432,9.664719731459398,0.8080805445086968,0.017165974451672998,-0.0009345623872880661,0.0009149173802286959,0.0,0.00013341947697394566,0.014491025327627926,95,0,0->0,0,0,95,0.9793774480839765,1
True,False,0,True,False,0,10.73686954534227,-0.9584988486785153,-0.3470399337520616,-4.423230466460189,-4.3000435769153915,-1.1169496084635255,2.5203683383409023,1.634838505142845,-1.525489646932406,1.0970504052963002,0.6368405079305318,-1.1035193901494063,0.6609084586229874,0.6213226248635123,1.4663134742034871,0.07421279674976723,9.691448108820477,1.5866716474602038,0.016530852814832943,0.00023129033233403734,0.0009442461325369695,0.0,-0.0008692449668522648,0.013859601514188231,96,0,0->0,0,0,96,0.9415118340179262,1
True,False,0,True,False,0,10.807911874267326,-1.195975809620028,-0.2957876414867611,-4.603666196866949,-3.9003132947489636,-1.1986582404931831,2.578418388691336,1.741953814628013,-1.3519886818282032,0.8417029981173769,0.5934488713860938,-1.3232022473601834,0.32225487179483414,0.12586774055078487,1.3858500074341888,-0.04676189754170768,9.621227428713155,0.8970226207691354,0.01618419738989906,0.0002884662119061708,0.001068519887800402,0.0,-0.00028714493766284453,0.014215740445009402,97,0,0->0,0,0,97,0.9671973914432429,1
True,False,0,True,False,0,10.921612257723307,-1.3994306916846613,-0.44600341596941256,-4.674937706149681,-3.6108447256450575,-1.318687385016663,2.6623610496451198,1.7871653484957373,-1.1779371522871562,0.9565404680236149,0.5498220771098301,-1.5452768129032204,0.6271854579538834,0.9643165437798178,1.3365280083163864,-0.12375341445252787,9.761519888487449,1.0432147309563398,0.017090943689843322,0.0012534017248781483,0.0010619196732798181,0.0,0.00027766279995365337,0.016652658627166726,98,0,0->0,0,0,98,0.9571915815670763,1
True,False,0,True,False,0,11.058782133356653,-1.5652409527296445,-0.5819346333983099,-4.562570876881683,-3.393239342255945,-1.2453201314710094,2.5778783047725855,1.7362301041010848,-0.8702086266459507,0.8969210693046973,0.048689534780033523,-1.6331774614336525,0.34174010393767845,0.4976500906409501,1.4450187057462693,-0.3371138482067677,9.6562864365763,0.9238722907643635,0.018266430956024534,0.00026874096623694804,0.0009946049316780076,0.0,0.00012969814117914577,0.017727313935363385,99,0,0->0,0,0,99,0.9549536454284355,1
True,False,0,True,False,0,11.231405303009712,-1.9719904184497632,-0.9190627735753216,-4.553306242523248,-2.581548408848351,-1.5796999455459693,2.601816715583528,1.5487021296912773,-0.7590046903187706,1.1297445594912627,-0.33820245207923016,-1.8301010553482326,-0.42574010785525024,-0.20619943350690745,1.5355409686554993,-0.3355890122788364,9.698156026968572,1.5694078376145977,0.020214770998476517,0.0007728527762707708,0.001157002861135004,0.1,0.0011421716848437902,0.017797291208257897,100,0,0->0,0,0,100,0.8631655755892426,1
True,False,0,True,False,0,11.340913294949246,-2.4441220943055004,-0.9306308625959842,-4.7505830318101365,-1.9447452862581127,-2.009051455236175,2.7548834117465173,1.2807248603650956,-0.6400116925209147,1.6322111810672781,-0.2076891376042942,-2.0041384357862353,-0.6801459725946494,-0.6402012938084058,1.4199813102486538,-0.48014579475969443,9.964160189472366,1.2491356488479521,0.019279030741870606,-0.0028840802990578937,0.0012216511027871536,0.1,5.8488443425406406e-05,0.017890628553614805,101,0,0->0,0,0,101,0.8684208780347401,1
True,False,0,True,False,0,11.495650501818577,-2.8012784581986514,-1.0001749059622271,-4.504407747783024,-1.7377806063668977,-1.98590784570043,2.6269703401942124,1.1815234391063105,-0.49279087632598007,1.662169173103064,-0.4456139253268685,-1.7133843746651334,-0.3759549188058622,0.07198684041454427,1.303202058915719,-0.793585532406666,9.866103274008132,1.0778957158378197,0.019435721559242936,0.0010924310739782415,0.001318692410534538,0.1,-4.7037802459815384e-05,0.019459915821171906,102,0,0->0,0,0,102,0.8827043071168634,1
True,False,0,True,False,0,11.65884595306932,-3.134430541012304,-1.443735076083581,-4.315705791190688,-1.6681511710654626,-2.2875172037537963,2.607506273015758,1.1079267861974433,-0.4741196493671564,1.8138712782861008,-0.5627291851341523,-1.5548846531513167,0.03644319269517676,0.6372683975339252,1.2332345232274164,-1.0076239836493857,10.104666620244675,1.0363940100032198,0.020378236445747887,0.0007858240691326207,0.0015144890749778305,0.2,-0.0007845622290743991,0.018557465700147827,103,0,0->0,0,0,103,0.8908763585463241,1
True,False,0,True,False,0,11.757457446624011,-3.6317161732658354,-1.6817375263758108,-4.22429740451207,-1.5492643748646757,-2.854547911004872,2.557034592750048,0.9997610932327914,-0.7224609861984082,2.2003133501123693,-0.5423211434979809,-1.186889034155519,-0.06805268936318415,-0.15913264055119264,1.0908515187341732,-1.3174714359754567,10.413803775599426,1.334250168393772,0.019618628748498904,-0.0017021225837539344,0.001570291851991735,0.2,0.00020955566032063166,0.01909052231792156,104,0,0->0,0,0,104,0.9166632818126699,1
True,False,0,True,False,0,11.970725388562087,-4.23394386447143,-1.8551230619523005,-3.8531309625808237,-0.9261677316859914,-3.438597170606457,2.5027209429459396,0.7801719106884241,-1.1184013773544867,2.4891590656846407,-0.48172895573873314,-0.5390828736717648,-0.2426900210537782,-1.1253777270037826,0.9417675184043173,-1.473788521595408,10.804329234484593,1.7409292160682222,0.020975807036866637,0.002116785985616716,0.0016907350842281599,0.2,-0.0003373318188841356,0.021922462840274867,105,0,0->0,0,0,105,0.9277817954780913,1
True,False,0,True,False,0,12.162380507692687,-4.839839337032243,-1.8693276950297828,-3.629107091021365,-0.8761443678883666,-3.5792000729770015,2.3050133766718965,0.745109572181063,-1.1636784474546047,2.5074277619986396,-0.3146027189728734,0.01839388834076576,0.4672561221377707,0.134569920186957,0.8167781241707429,-1.8748416672523247,11.038035283990386,1.7680134301412553,0.019961985240689293,-0.0023710000845450774,0.001519085838813193,0.2,0.00044638526874645965,0.021140169860061606,106,0,0->0,0,0,106,0.9433901020965281,1
True,False,0,True,False,0,12.257791287632156,-5.383140403599114,-2.19432003475567,-3.423491765798623,-0.9044793383675558,-3.806424096687279,2.107497753625116,0.7614293182466978,-1.146022091447667,1.9750872452577366,0.1192059074083015,0.17673777839835667,1.449887320406497,1.8696345190224335,0.6877484931070178,-2.0801584344050417,11.496680120297762,2.2529241156090913,0.019416099769281197,0.00046793632476924835,0.0011085436032444388,0.2,-6.587424744032046e-05,0.02203691315838853,107,0,0->0,0,0,107,0.9300008177505574,1
True,False,0,True,False,0,12.479504140287053,-5.839487429809008,-2.90020155981777,-3.206441633683023,-1.0836674344511363,-4.075655111209939,2.0912319188088175,0.6971617135725052,-1.4266696344241938,1.8786776915363141,0.1539642749441698,0.568352605567042,1.1238204518110446,0.2739884736853801,0.6980122355001325,-2.3117843396399054,11.925194847291346,1.964832631948334,0.021077865284196806,0.0022076509863237052,0.0008462532143079369,0.2,0.0004362872042911383,0.024375772542934604,108,0,0->0,0,0,108,0.9693889056418769,1
True,False,0,True,False,0,12.681199889687985,-6.720933242602817,-3.0320224433466167,-2.6367648605968745,-1.1388679623816398,-4.496198816792289,1.8020856781558499,0.6858920540932487,-1.5658462120396313,1.14191298470933,0.5901598684103478,0.9311342229328542,1.2934664461100867,0.2998949117764222,0.5822679658658155,-2.549128015140067,12.460823627354465,1.5512646587392573,0.020097032742319654,-0.002642598056792761,0.0006340271986588712,0.2,0.0003101571430657868,0.022498950155203375,109,0,0->0,0,0,109,0.9875142408744134,1
True,False,0,True,False,0,12.806029069668591,-7.649129982937121,-3.255005714520749,-2.007134440856803,-0.834125446620226,-4.781124796437846,1.530140501971774,0.7064647333633411,-2.01782859945741,0.4045896823340422,0.997550278253689,0.876344145222975,0.9185586502187371,-0.49158135442737183,0.6341650605683634,-2.6822926427636102,13.034195739142966,1.8099820545190755,0.02013392155694839,0.0010177213565058865,0.0006321418021960356,0.1,-0.000111449604469906,0.019569720542132456,110,0,0->0,0,0,110,0.9905559475955298,1
True,False,0,True,False,0,12.984440631754099,-8.5580058645928,-3.562990915224032,-1.6963982983913306,-1.0198832350446936,-4.687881351515043,1.3938584280775392,0.624782762892185,-1.712281465814848,-0.2254100784556009,1.46505984356063,0.796233902449855,1.3896230792813704,1.3130460881267776,0.6052072805059783,-2.746363671508301,13.733789564690944,2.305755858367306,0.019152857202121464,-0.0010179531694556598,0.0006499690318719138,0.1,0.00026202799367114685,0.019520216158519326,111,0,0->0,0,0,111,0.9796551643673542,1
True,False,0,True,False,0,13.012734522676748,-9.464111955143938,-4.429126762675088,-1.6635884294846035,-1.4042238035974397,-4.76184310243215,1.1119858643596694,0.3747254787253978,-1.674503451093947,-0.8046354307128537,1.9238918640277929,0.7804717581312054,0.616580832581276,-0.5716672998880277,0.6703245014446587,-2.7134686809457045,14.512684112120729,2.5634022400739855,0.018325514459951803,0.00015372161265726422,0.0008312957880435277,0.1,-1.1406839034635435e-06,0.019268674898312684,112,0,0->0,0,0,112,0.9695664612756889,1
True,False,0,True,False,0,13.12523834806456,-10.547174469696188,-4.890746667388131,-1.1601856351664173,-1.816128693450356,-4.698805091469555,0.7031989161577646,0.320310459356529,-1.3283486027876021,-1.636232388734191,2.731074909486504,0.21843937532951058,0.7499920036611857,1.4532596087084242,0.7855154659046358,-2.357189884272678,15.491053244016914,2.8342598039246067,0.01784731452945192,0.00034914281166977673,0.0010345988231038829,0.0,1.3406137164913637e-05,0.015390554777586255,113,0,0->0,0,0,113,0.9099214989118453,1
True,False,0,True,False,0,13.316954938232008,-11.399322809279541,-4.475431545677227,-0.17949649427297779,-2.1841340620108367,-4.410958039000804,0.16433955814117662,0.02597951073935973,-0.3284513330455772,-2.372903734184547,2.8205890205448676,0.21646055708289733,-0.3319197563891764,0.29250231281257266,1.4207288747985902,-2.126228753059076,15.924930858069793,2.6490865341575103,0.01699829692516494,-0.00037081767378709454,0.0013347314629532682,0.0,0.00033656996928978396,0.015394977277622807,114,0,0->0,0,0,114,0.7645110296186044,1
True,False,0,True,False,0,13.221630269401478,-12.276723937946446,-4.880122934243786,0.17141805251752681,-2.16732640044723,-4.013965863032175,-0.3637028244653559,-0.18319315798838065,-0.13215224139704798,-2.439557469882917,3.234334438352057,-0.15113409508208037,-1.2306421886478685,-1.1807733702290628,1.5831834885541587,-1.7089231969788254,16.64192567113308,2.2526359561002645,0.016215422678389834,6.614335751187195e-05,0.0015424779507139331,0.0,-1.556388076920899e-05,0.013602337226905388,115,0,0->0,0,0,115,0.593468541425594,1
True,False,0,True,False,0,13.375849621705568,-12.616884409033444,-4.525626633889389,0.32482261257189465,-2.4857662497930235,-2.9813194620794765,-0.40678436718581784,-0.7633646310909838,0.419615391687144,-2.4764307534591428,3.4566494187224923,-0.3246420918173342,-0.8382500735919826,0.8624489562880859,2.2409412972807456,-1.3367335558371642,16.772385858162377,2.660854462788628,0.01608841547652622,0.0006558670449114921,0.001727722022427004,0.0,-4.723153101481026e-05,0.014075664970736056,116,0,0->0,0,0,116,0.13629425874735332,0
True,False,0,True,False,0,13.346733064204797,-12.725322177541395,-4.651762928261426,-0.07988498203220293,-2.9122308009051383,-2.546649926211977,-0.49797681900214696,-1.2020669774209898,0.8447003738445363,-2.0296707316558202,3.817546558094842,-0.63805233608465,-1.015766020491407,0.19549928092922955,2.1631963907690195,-1.1704045979554603,16.903789207529346,1.3721145780501671,0.015314308338786655,-0.0006470999358759496,0.0019658616277224428,0.0,0.0003561251545675607,0.013977671581765645,117,0,0->0,0,0,117,0.1531837186875907,0
True,False,0,True,False,0,13.559060785378561,-12.228989256199943,-3.2357995957855765,0.18821012758677136,-3.7013946581713886,-1.5309077559995974,-0.19006814840723502,-1.802447622166006,1.0309963004331524,-0.6773819799411358,3.7975879238020167,-0.7948742004441689,-0.35765796082361184,2.217535813990352,1.7504376020372505,-1.5044270576672403,16.38501546050178,3.342169095016192,0.015039675137389671,0.0004994739363425801,0.001883746144524274,0.0,-0.00022413818611773627,0.010352281554608673,118,0,0->0,0,0,118,0.021045432191806754,0
True,False,0,True,False,0,13.644119230573505,-11.401729419280814,-1.8894633972140613,0.5421117445042042,-3.8092628184911335,-0.9193134037050823,-0.008904702268084267,-2.2250238667539985,1.2594050975946816,0.21393304462128837,2.6135397247214236,-0.13321953892216298,-0.8467789260799268,-0.3161898752786699,1.5564786819085112,-2.2775974107847303,15.353507404753843,3.6341880915328675,0.014540289489572443,-0.00022475244642024446,0.0018589277971777889,0.0,-0.0005763324094293799,0.01059888342344164,119,0,0->0,0,0,119,0.04027990703176598,0
True,False,0,True,False,0,13.57622860746755,-10.810601091074671,-1.2698512904854993,0.20309109166317232,-3.346957853385758,-0.5798326850381835,0.3419932959839937,-2.1809174393465938,0.41165701888295503,0.528047842822054,2.2342836345851973,0.009365130101693396,-1.0602200123093064,-1.3087705667593894,1.4647942581806932,-2.529215401196466,14.687562404349592,1.841452002739404,0.013888130645381917,-0.00015277319637329798,0.001720209885610047,0.0,-0.0017141114233636002,0.008504586043531291,120,0,0->0,0,0,120,0.34154137927782185,0
True,False,0,True,False,0,13.501304379616238,-10.156199452411002,-0.9439549230097671,-0.5810430545929375,-3.0304797831284582,-0.10375852688199909,0.7473552998268269,-2.226011374753564,0.05241538748037699,0.9438471319680171,1.925238376515706,0.14296831664660478,-0.7761697857998111,-1.2198839636366665,1.364641451567775,-2.740082497629154,14.093490421311435,1.4854191309034,0.013213411037080661,-2.2560764110729145e-05,0.0016659977094771335,0.0,2.409085558311916e-05,0.008527001411258985,121,0,0->0,0,0,121,0.5101266698674959,1
True,False,0,True,False,0,13.475230330875382,-9.422732230093947,-0.2696691515585774,-0.809903335613868,-3.1303618052601023,0.3309059548103027,0.998774842165926,-1.7090407973323127,-0.5202330636793373,1.6515426276266816,1.7525717854653546,0.4204647652934938,-0.3855800940855527,-0.26597571732881875,0.8293071700418674,-2.8696905292711943,13.50610597937773,1.968891013890625,0.014001305772112966,0.0014626143433335605,0.0014723164748454665,0.0,0.00014613622702153856,0.010040767205752468,122,0,0->0,0,0,122,0.6363520194896629,1
True,False,0,True,False,0,13.329394164053618,-9.007602903583166,0.24145337953044854,-0.6758572778791428,-3.118651798856278,0.8727403373688389,1.0429603327055388,-1.6896717702742545,-1.2806259563876448,1.7836648579511785,1.6163018273972598,0.36286500360229584,-0.5754478286024552,-1.316755657121906,0.9682084898712168,-2.7649925842279273,13.27200996229537,1.5990148891409226,0.013572030422696732,-0.0012171700844485385,0.0012606889673476617,0.0,-0.001536116315096165,0.010043201014052202,123,0,0->0,0,0,123,0.7975414262342239,1
True,False,0,True,False,0,13.29975077609551,-8.547822772932179,0.6095324467008635,-0.6828830808058369,-3.0121058498572846,0.7501890689810702,1.195866416753917,-1.1198993602494638,-1.6219783857967944,1.466852718241221,1.4042238731409407,0.08208563280857857,-0.008711072500912668,1.7710729794242919,1.0473672739578082,-2.24159990750199,12.81298333633456,3.346488839993128,0.015272969156943058,0.0021302140836625596,0.0010380642065571898,0.0,0.0006177605725146678,0.013099739400768702,124,0,0->0,0,0,124,0.4506662477729249,0
True,False,0,True,False,0,13.178230570965884,-8.265564065065128,1.0956201253413904,-0.9627133987351568,-2.5205757567121836,0.7973505072428809,1.498175057495925,-0.5942296396216865,-1.9447050143387734,1.6945617776728363,1.3009669128139392,0.06436916117996937,-1.1383145082694475,-1.0336919199518533,1.1073921416643593,-1.9667173529169508,12.485357756677502,3.2263635585484765,0.014582721426463724,-0.0023911864647256607,0.0008942118762529024,0.0,-0.0005795788908685342,0.013151472759345152,125,0,0->0,0,0,125,0.5895812869672786,1
True,False,0,True,False,0,13.08351371700265,-7.904312973200079,1.4733661535123252,-1.2747473846158386,-2.2165966812065645,0.8159451389636608,1.9415083938206479,-0.214994546009281,-2.4300501447163994,1.4418633393790572,1.4472121913802092,-0.333619211942199,-0.8698707434703299,-0.3808567177817756,1.3926041129390472,-1.8148314427257854,12.266194181147197,1.3764132821233945,0.014057930155770683,0.0001654564597862937,0.0007199568656415121,0.0,-0.00020597724097128588,0.012754538052427175,126,0,0->0,0,0,126,0.9127454579926476,1
True,False,0,True,False,0,12.928191307445786,-7.538906399457121,1.7535459122587342,-1.3878525038144243,-1.998384633605813,0.881028517876293,2.2288837545207456,0.7211621343780312,-2.5939942857993508,1.111936413861935,1.3256274629495577,-0.44977685538227047,-0.9799831484719166,-0.32394366352928716,1.307866594950864,-1.6943870872746671,11.995712236359951,1.2086450187848656,0.013898791797320623,0.00036565291224298184,0.0006440749728079638,0.0,1.8051864627468411e-06,0.013272309139472827,127,0,0->0,0,0,127,0.9637354194720991,1
True,False,0,True,False,0,12.751637842807684,-7.229291597936411,1.8261937672686868,-1.1703949675471037,-2.0687702810585713,0.891779042532254,2.251693390737704,1.2496996176476387,-2.491398658875532,0.8992001669178767,1.2542817243163427,-0.5233173952281917,-0.1699800160881146,1.343062660039966,1.4339422844533043,-1.5453976793236208,11.738836959513494,2.000981980251876,0.013222885710123236,-0.0005167677287473277,0.0006392318655658516,0.0,-0.0013842375757549333,0.012459246157052777,128,0,0->0,0,0,128,0.9324803485773453,1
True,False,0,True,False,0,12.61120620892385,-6.976637057332543,2.036540075369359,-0.9336634412654888,-1.7354586481615688,0.7113110754564599,2.110079283652638,1.5996765346983899,-1.969809022136202,1.013827833883742,0.7877371762109053,-0.24622061954314056,-0.8461329719954328,-0.6809474481991196,1.7319452256617691,-1.5326887541795424,11.35009715794418,2.3858866638091385,0.013254698948500482,0.0007077193255746322,0.0006532178696605529,0.0,-6.203692540417399e-05,0.012807806452287004,129,0,0->0,0,0,129,0.8967425893926211,1
True,False,0,True,False,0,12.568514055274818,-6.7054800290998395,2.288449220105612,-1.001638826235675,-1.2057299134083113,0.3979109943316252,2.339525946590179,1.9957398111990574,-1.7720991840800266,0.8727699308940974,0.5345299893772127,-0.003799254002961853,-1.409381656259333,-0.8357064447752995,1.6692439087530488,-1.0696636167479636,11.196117559499863,1.2137393986689526,0.014680396529394079,0.0013938843425163518,0.0006985633878796658,0.0,0.0005016387605999957,0.014333960663736666,130,0,0->0,0,0,130,0.9640583892194017,1
True,False,0,True,False,0,12.429501682759168,-6.566776430164276,2.3444955843047817,-0.9710046693675081,-1.1799196095120523,-0.07190985713573417,2.477254453730241,2.491972194838803,-1.1526458153376915,1.261858551735534,0.7997823406300743,-0.3197560363637118,-0.9302589743301425,0.32488694075683194,1.5208005045858275,-0.8654715934667594,11.001728251714068,1.695529889344759,0.014249277257918387,-0.0018568168523692887,0.0006479322864047763,0.0,-0.00024804344430898444,0.014168408482605435,131,0,0->0,0,0,131,0.9160821645305092,1
True,False,0,True,False,0,12.232107486392993,-6.595545569374139,2.404538207155611,-0.7022323763655048,-1.0811117938622492,0.25900062951829517,2.2095867047416653,3.1038979642165008,-0.3636925039749253,1.405502730378271,0.7698902004541135,-0.4248799877169837,-0.1331302749953084,2.5466015933529724,1.6840243947557152,-0.7017147155279511,11.213796341015051,2.6383543690871423,0.013920124825228803,0.00010196683878610675,0.0006495246936105261,0.0,5.577397104086692e-05,0.013824423480242137,132,0,0->0,0,0,132,0.6969876350164802,1
True,False,0,True,False,0,12.08713197998042,-6.212200208780905,2.7604687400561327,-0.7458646583297373,-1.315246591307953,-0.3682042900320107,2.1703888552570128,2.898764795404441,-0.13601617273787853,1.3226742193955954,0.6239987484505448,-0.2593304261868801,-0.8104692263792633,0.6230750393621124,1.5717891765961298,-0.5634007452165521,10.63612188793834,2.2552696270598176,0.013453190726629967,-0.00013778166590925137,0.0006606637845608593,0.0,0.00017723166579530162,0.01327253341471858,133,0,0->0,0,0,133,0.7820601069814841,1
True,False,0,True,False,0,11.990896962582752,-5.835747619755089,3.2597760472527093,-0.3993402123630624,-1.0025194929862316,-0.9110334640611676,2.3910069342291007,2.5388751669647984,0.3319145222619104,1.0623539740764785,0.7453340795829575,-0.1911429656795523,-0.418938882718933,1.2204953501654137,1.23691395102684,0.1072562881588332,10.415953580845674,1.571383533495347,0.013204073417322913,0.00021781678929178212,0.0005536415688978061,0.0,-0.000192277268414324,0.011980954580254485,134,0,0->0,0,0,134,0.8257936902385878,1
True,False,0,True,False,0,11.83326487547973,-5.658591292231509,3.420022045464001,-0.253808257401855,-0.7710978921413068,-1.1832351543814053,2.244213411852877,2.260998793272029,0.7403995602312841,1.2545890082347355,0.4797958292574608,0.1495019989959224,-1.2526540981566618,-0.9553510931971257,1.401813315919627,0.0778114614993617,10.265326741988531,2.4854205673879295,0.013101161368493191,0.00014620526047733236,0.0005343933070767345,0.0,-8.381700461831607e-05,0.012525660811186749,135,0,0->0,0,0,135,0.6249190386525715,1
True,False,0,True,False,0,11.655633650282851,-5.335806461989286,3.665202073266882,-0.10959639741284492,-0.5766777669771114,-1.6553855991634767,2.251432566261284,1.7041223034680002,1.204815977554569,1.242556288760759,0.6870982914365984,0.1208314761477095,-0.5026986343414546,0.7389812633437127,0.9898628866087549,0.33385248407747714,9.941990739758001,2.1715481050073433,0.012552874017810252,-0.00044537530185321736,0.0006275395263216878,0.0,0.00026190800715807875,0.01248691939289251,136,0,0->0,0,0,136,0.5407469704838598,1
True,False,0,True,False,0,11.45007108763963,-5.026052603459009,3.6229427087809345,-0.10269340362800196,-0.6898061564566454,-1.6922087992600816,2.213287457502292,1.1908766867054936,1.4050761481574088,1.1256302786447419,0.6371913465302181,0.1124071625074854,-0.5503099055660984,0.490206602687545,0.7889725851405477,0.3436599440271858,9.550999849416558,0.7615860310386074,0.012056712786608722,5.21261194814087e-05,0.0007693420294026991,0.0,-5.359518088690271e-05,0.011812013662985187,137,0,0->0,0,0,137,0.7466016874807698,1
True,False,0,True,False,0,11.213923108548306,-4.815729434324501,3.6367304300483476,0.2556203342146876,-0.8360838552465893,-1.7618791273472652,1.9056134667834213,0.6695058904990392,1.304019561479585,1.1126491379945431,0.654644086526821,0.24799416885851652,-0.568192884157213,-0.10177086706060494,0.6004614287507444,0.24098237490962648,9.167362247504048,1.023341631134653,0.011547802794514131,-1.274876089306029e-05,0.0009628436837169006,0.0,0.0002483902804204753,0.011909974553490812,138,0,0->0,0,0,138,0.6647796357371699,1
True,False,0,True,False,0,11.010216483167357,-4.629414709493814,3.7629359311093196,0.6329263346341378,-0.7328085676101619,-1.9448190144758177,1.5428075164439565,0.13979311661188645,1.4605966845998235,0.9572194573599089,0.5098585031859952,0.5010080735568022,-0.7755812328842303,-1.0445487516639855,0.5413556555666157,0.05732739398355978,9.0302827141858,1.339242387946164,0.011178070835048681,0.00013917803262914093,0.0011549899060520643,0.0,9.911782542845402e-05,0.010935418908691015,139,0,0->0,0,0,139,0.5860618713238974,1
True,False,0,True,False,0,10.879596828348507,-4.313611387199756,3.9497792546590773,0.7970706946490318,-0.8327068848803258,-2.1192792227457398,1.5511196052684493,-0.4081471924562749,0.862696282839109,0.8554539552378093,0.4467530174829934,0.5460721477392046,-1.330147423623101,-1.894514219223915,0.5179773810844466,0.025364859716557175,9.04911040875742,1.3873636965436107,0.012009089220305585,0.0012007503447223535,0.0010230950526736336,0.0,0.000343483739964014,0.009990518742456466,140,0,0->0,0,0,140,0.6851631006419046,1
True,False,0,True,False,0,10.673169989707652,-3.973833796904616,4.0398790805076175,0.8590062580079191,-0.8737463724044711,-2.3353545626495893,1.6912672706084455,-0.754811454722695,0.5966543781609097,0.8464494419219355,0.7227443038467163,0.37480565403095517,-0.9342156487161437,-0.8420306906125851,0.22890307437583826,0.25586497652750156,8.679310374786374,1.391310784633348,0.011486723722618317,-0.0013533838829441723,0.0009356882094646362,0.0,0.00013683904548237626,0.0096752342202322,141,0,0->0,0,0,141,0.6428268749673608,1
True,False,0,True,False,0,10.503711879376509,-3.6357294940190354,4.045130592597231,0.989614718101553,-1.132701053193165,-1.9220164464639067,1.6703392663614642,-0.8718702420420426,0.2739796856439961,0.7303236378387867,0.9460799709222729,-0.0040128854200547695,-0.07948955548313669,1.7994188694668962,0.16029285274494978,0.3869609833001785,8.489010708070985,2.9073795502212803,0.011622221269005854,0.0006578630440748062,0.0008082932064319478,0.0,-0.00010895955550358286,0.009992731850173495,142,0,0->0,0,0,142,0.24372294227896205,0
True,False,0,True,False,0,10.347967609856296,-3.3928356942169966,4.233516976219977,1.26912594149646,-1.3442401398456751,-1.7968366837192389,1.523560914089204,-1.2147973960571556,-0.10877803605188598,0.5650462956661295,0.905364221764988,-0.12261167195726176,-0.7203111118627827,0.22956834848527832,0.12204007807674391,0.33098607038380606,8.26468896725848,1.8616267653834382,0.01105738667390738,-0.0007003321414860118,0.0007559155973368896,0.0,9.434774944622366e-05,0.009722869972509082,143,0,0->0,0,0,143,0.5019669035045502,1
True,False,0,True,False,0,10.100225634792583,-3.053785736699556,4.280035320703083,1.4128880752508373,-1.3937390439805473,-1.6841389412361965,1.4702160743673576,-1.3250346646809945,-0.46315463562680387,0.4275162054728378,0.9303327309605369,-0.14675963423058824,-0.6616630700804791,-0.10108158364360928,0.005973706666055955,0.2215378625028624,8.027083978682175,0.7164038324414652,0.01055274759733683,6.019551852792446e-05,0.0007443835743315123,0.0,-0.0008807911222068901,0.009003392680345064,144,0,0->0,0,0,144,0.7961191659375471,1
True,False,0,True,False,0,9.936853953755463,-2.830073999526368,4.337379426298874,1.6724021965892502,-1.52028372065008,-1.4688187730067006,1.429728279446238,-1.2227247361023994,-0.8763487970929088,0.21292850322747772,0.9131425641475874,-0.134428235031075,-0.6872882261580359,0.1985543058718347,-0.10086131804732652,0.21941042534301175,7.923439302548626,0.7354845422357026,0.010634459638810035,0.0005863511180437542,0.0006352533341191164,0.0,-9.166894640233111e-06,0.008954803183770075,145,0,0->0,0,0,145,0.8509005738530661,1
True,False,0,True,False,0,9.712139673044467,-2.5957211231904527,4.172070485443613,1.5572975334266954,-1.548957232463833,-1.347818581981441,1.5577814764826738,-0.9592962046098723,-1.196570289463119,0.2684311185904395,0.9754862000923835,-0.08154409057452584,-0.45113000511585105,0.397777089300158,-0.2893714689639461,0.29465358701597966,7.622750959708307,0.7044240032393955,0.010116631771880552,-0.0005995399084026878,0.0006408719435957005,0.0,8.864555219950145e-05,0.008867049568585266,146,0,0->0,0,0,146,0.884729409170801,1
True,False,0,True,False,0,9.545415815813037,-2.308344188288042,4.124210341605639,1.6627692487952157,-1.739278311316696,-1.0566472059655239,1.6898298763812605,-0.7093347264921896,-1.4163005787926994,0.6741229886705589,0.9474356298025329,-0.17196723912587653,-0.8683421205521853,-1.3633574789173897,-0.16515393607751142,0.19699972430144355,7.651554690840795,1.9614217521794992,0.010887080847163588,0.0012882769422125195,0.0005758917823088698,0.0,9.591500298415743e-05,0.010279118823684498,147,0,0->0,0,0,147,0.7873851736782087,1
True,False,0,True,False,0,9.429738751194991,-2.1793766577646214,4.043904107291669,2.02075270277084,-1.9599673071069035,-0.6650301299481036,1.6992932789900967,-0.4890650008430029,-1.6652251942352532,0.7856399086461752,1.0573192729402279,-0.4046473100628078,-0.7036305632427069,-0.05270100783797865,-0.36807769972821663,0.3036366902476332,7.563076481972027,1.534081035546792,0.012427230244272622,0.000769700321825998,0.0007033504302206692,0.0,0.00031851908265822203,0.012628766498164691,148,0,0->0,0,0,148,0.8309508054645792,1
True,False,0,True,False,0,9.202314728418731,-2.192598906491487,3.9209618909099326,2.2582583239500766,-2.060122901196405,-0.35180315221857855,1.828570873589836,-0.10720604459506033,-1.4652736485780267,0.7982420975929244,1.179948381895153,-0.5890619619827081,-0.5405061150503054,-0.13815942293689393,-0.37132439304769527,0.39303186504892934,7.445755121776856,0.7247015432454358,0.01183626660642943,-0.0021311130349522256,0.0007315950333078029,0.0,0.00011740749481860442,0.012582579824835086,149,0,0->0,0,0,149,0.8964312184574056,1
True,False,0,True,False,0,8.969855639241196,-2.1743915292829064,3.9126169738070673,2.415890464251224,-1.991471985793969,-0.20307492224592755,2.056496259641919,0.03142826773520974,-1.5141640892681427,0.4997298966044438,1.0916407604825877,-0.6344236092351846,-0.6973622838391722,-0.4101685882128253,-0.41759016798855947,0.3191787943820455,7.366914208537469,0.6203483866280366,0.011316318943204128,7.101597461788879e-05,0.000684369933416951,0.0,-0.000972002224240591,0.010438367179359608,150,0,0->0,0,0,150,0.9316908658981828,1
True,False,0,True,False,0,8.713534812324426,-2.2289083314003895,3.5949930418597438,2.4554216545416696,-1.9008543249932468,-0.1448832625506415,2.393984488247655,0.3767954734634263,-1.38072262183446,0.4620835687606108,1.0369826934473023,-0.5607251719425355,-1.0041261744895116,-1.2310278375839145,-0.5646681375830288,0.20989980221049728,7.251136036654235,1.115807071343593,0.011588432191733769,0.0007920609117549431,0.0006899415935423162,0.0,6.41123318486361e-05,0.011547118279264464,151,0,0->0,0,0,151,0.9244679139107155,1
True,False,0,True,False,0,8.567451559447361,-2.400980136468554,2.7276669351059657,3.025639343810299,-1.8552564597101266,0.3326733342564891,2.5052940037748894,0.8944042232720386,-1.2867395665775454,0.45645596932118615,0.918594332253917,-0.8169094545129283,0.1466836079595545,1.1052820430039911,-0.13195239648801058,0.44938802219403284,7.112670409276232,2.958819885519949,0.015368216745726112,0.0035076713054627024,0.0014924862057276065,0.1,0.002092501775867418,0.014259134031484136,152,0,0->0,0,0,152,0.4843925758861256,0
True,False,0,True,False,0,8.354966643474274,-2.5982547853777267,2.463040200591664,3.090716031962357,-1.832798719416878,0.29370337898661153,2.7842612444475074,0.9619081200212763,-1.269716382332143,0.4915838241821093,0.7779849441642513,-0.9238607755496177,-0.1785932796741331,0.33096336134395543,-0.22485607553845613,0.4284657131330528,6.9883620726752405,0.9949414890383673,0.014677222229998165,-0.00447077906972029,0.0017659747287491264,0.1,-8.531161266233517e-05,0.013876081382218589,153,0,0->0,0,0,153,0.8612798794654246,1
True,False,0,True,False,0,8.09223436336982,-3.078142694579819,2.053510324333608,3.345317246911556,-1.7048211561210347,0.7293840059496292,2.6388059375731996,1.154417007817673,-0.7950066658286448,0.6665191429859842,0.656459951626455,-0.7958285217832085,-0.17015044961168704,0.006005117041478879,-0.17537107664183468,0.15475645296503224,6.876703434230762,1.1253518857966693,0.014185934442626006,0.00019970672835578802,0.0018216110337575197,0.1,-5.430374871171276e-06,0.013621904364601813,154,0,0->0,0,0,154,0.7684780281358499,1
True,False,0,True,False,0,7.91447593605485,-3.3414372321912644,1.9407429078289509,3.3327764448166,-1.4688042356289595,0.5652342643947023,2.6780229414866046,1.1537965892915634,-0.44902792252019685,0.7619510507585496,0.30434514432134996,-0.42300004109298966,-1.0165515510808545,-1.7006074746276,-0.4086761451448939,0.0035556554491820323,6.984675431387817,2.072677512020635,0.013551607386976312,-0.00014303926827753492,0.0017570136325143998,0.1,-0.00012126367486268302,0.013620829304848215,155,0,0->0,0,0,155,0.6662902824468508,1
True,False,0,True,False,0,7.601634364519556,-3.782512914793604,1.1666042012348716,3.211015166577113,-1.437320719110465,0.5111022186419903,2.5976615215581575,1.5185761241217692,0.01973354512933608,0.5819558719009212,0.14590779777346127,0.02024132010956056,-0.45459133992423023,-0.9788870627072049,-0.3653345733682486,-0.3644350015559793,6.569765409355052,1.5803967324829307,0.013061676987076493,0.0001443966557498743,0.0015271291443806612,0.1,-0.00010021632599673674,0.013640888989786385,156,0,0->0,0,0,156,0.7074646281370351,1
True,False,0,True,False,0,7.272106459321978,-4.331211233098499,0.45472144552658633,3.471229106661151,-1.4979592549392757,0.7456496821425489,2.3614153631086006,2.015617922610669,0.7568906236226002,0.6183273056892721,0.42801717389386984,0.30649918250247143,0.5553259200054306,-0.25219093020148314,-0.3805974593426488,-0.24253077093080475,6.884009117177118,1.9013325906514114,0.012622171921016933,5.042533384025903e-05,0.0013641484155767266,0.1,-0.00015764601466786848,0.013531378091564128,157,0,0->0,0,0,157,0.5104615601259077,1
True,False,0,True,False,0,6.953613290148356,-4.90417981863089,0.297085876768957,3.136929749895384,-1.2946559601370542,0.7750279189464224,1.9651682833236213,1.8966791204767326,0.9312196422883154,0.7177726877838373,0.41954184084435175,0.7709263529375534,0.4492186148969358,-0.9046275388678651,-0.16988779518183272,-0.48048799482099863,6.807203349432849,1.254467352636332,0.012006143591312315,-0.00017652326364505679,0.0013921824041211652,0.1,-0.00011015759236807608,0.012663226531574576,158,0,0->0,0,0,158,0.5415061541056094,1
True,False,0,True,False,0,6.733520960394824,-5.427116813973188,-0.05004537352095277,3.4029286243888572,-1.2724572685434516,0.7109967605909084,1.4015426800827768,2.0470632240574793,1.1520813678110424,1.0230176822048602,0.4077625756858775,0.9468868764925895,0.478424904332841,-1.2748688526177703,0.0017851779857675186,-0.4431191828087832,7.250385068606158,1.095397714163895,0.013158337785801614,0.0017682225241939156,0.0013284482409911143,0.1,9.178117415490489e-05,0.01468496336455048,159,0,0->0,0,0,159,0.4820437555930735,0
True,False,0,True,False,0,6.5040167909091435,-5.749268734506796,-0.0774174907342237,3.1854655262761393,-1.521140781743357,0.11895024580755147,0.8807976794162525,1.9016319844169065,1.3133943712450147,1.2520721781684814,0.6804008627172723,1.0319967055318542,0.37169728000908214,-1.6657149914931229,0.09272521296290942,-0.4407154286739719,7.307078774411131,1.114303435316949,0.012765950045707597,-0.001544581934583315,0.0011760329876421632,0.1,-0.00034013279484484786,0.014891622913265016,160,0,0->0,0,0,160,0.368253086195579,0
True,False,0,True,False,0,6.308023882688995,-5.87559599843479,-0.5289367789385364,2.7436661710794943,-2.2115377543757444,-0.5291560945730107,0.37002424773706327,1.729062849237413,2.321149771951705,0.9139125398387574,0.8485941532177322,0.8239067453342018,0.6336479783976349,-1.1410829030369674,0.10544105192175235,-0.451823540664479,7.375893616157714,1.7850610441197725,0.01311476907352068,0.0007412067679070985,0.0010178258614756115,0.1,-0.00020758710153365688,0.015077162557302605,161,0,0->0,0,0,161,0.12641279190237256,0
True,False,0,True,False,0,6.114254148676128,-6.332493724123844,-0.5864449571089432,2.53574496200882,-2.186673283973504,-0.8229599490780534,-0.06524622857844008,1.5848493677160511,2.089565313117449,1.0281699631640417,1.1138330999104105,0.58864138322194,-0.13809541943578638,-2.6050393059057395,0.30130245676064193,-0.4271536985607997,7.826518859864737,1.886836412182507,0.012844362705792771,-0.0006192253955409899,0.0007731648512129953,0.0,-0.00014653709636482798,0.010815887150020458,162,0,0->0,0,0,162,0.10932708819091161,0
True,False,0,True,False,0,5.8021317062759294,-7.3896160771253925,-3.7013421282800256,3.5938936500370295,-1.76769448098628,-1.0803776110409367,-0.34998811824069054,1.6189187026657028,1.3033831693910878,1.623442580616914,0.7889619438667536,-0.7183613690322669,-0.43249301766504994,-0.2553048065015899,0.33500856269966234,0.5864417038499304,9.35847795107123,4.66732258303385,0.01846117083704899,0.005887214498984128,0.0018090792468127069,0.1,0.0029908969246433704,0.018095506271055238,163,0,0->0,0,0,163,0.002367638779180172,0
True,False,0,True,False,0,5.711193057957265,-7.517499494699712,-4.136138446129461,3.9344435794074126,-1.6572242035633558,-1.0524764358040544,-0.346927546615877,1.0178733863692988,0.6223166216940209,1.1913635107358258,0.3698685107433454,-1.072669532159399,-0.7785555709235772,0.5025110993586519,0.6976703291681398,0.26821269310832513,9.559647445095257,1.60699973211489,0.017675158791372166,-0.006402820176933046,0.002227606148983137,0.1,-8.079754628430302e-05,0.017915759233040535,164,0,0->0,0,0,164,0.04008774431787097,0
True,False,0,True,False,0,5.7264282936903435,-7.345370838861319,-4.442967414790914,3.498207580871417,-2.0434038094860205,-0.7079084002705175,-0.3190137463276653,0.04986280782690979,0.5558992664512018,1.2918567156247336,0.3547500282253358,-1.5448870096649354,-0.5480801823722702,2.895615757342087,0.7117089721036541,-0.20586999054852398,9.853294890688952,2.7861694269491086,0.01703808669654497,0.0001489399508496289,0.002426439587262043,0.1,-5.9123867788425655e-05,0.018112263904334982,165,0,0->0,0,0,165,0.008600634552950646,0
True,False,0,True,False,0,5.828017240909108,-6.968635141622055,-4.142944637135956,2.9058409133490666,-2.1807298283318906,-0.7793882509734795,-0.11256108647141666,-0.9224584688743332,0.14074219606861638,1.5464402937182355,-0.08828210874035972,-1.2194904270427052,-2.399206992029628,-1.201143694118426,0.8624709488405141,-0.5132991858793449,9.229298622929322,4.74044725317092,0.016264103754433396,-0.0001369108472843751,0.002459645407671745,0.1,-0.00016415354136139343,0.018140995070171206,166,0,0->0,0,0,166,0.0018998428651819804,0
True,False,0,True,False,0,5.902332694953158,-6.464740901100604,-4.002939524847281,2.854740800281131,-2.565928915096924,-1.1550639870861306,0.1283174943660815,-0.4747725900480416,-0.17896448932188175,1.3625128924523393,-0.332095322007089,-0.7405885935072596,-2.3895335215773255,-1.8151951845060152,0.7406393754813719,-0.44582861417441433,8.928461237339638,1.2849054826158102,0.015838396405855548,0.0003482755935337242,0.0023820651550182786,0.1,4.818434614690427e-05,0.018142545700014827,167,0,0->0,0,0,167,0.119678190355361,0
True,False,0,True,False,0,5.964938689336934,-5.917195915245829,-3.900871694581675,2.806953042891071,-3.4124925254808356,-1.4260730902950787,0.15292540552844863,0.023008955733720103,-0.16292969901305038,1.0071660578376496,-0.1302619878207453,-0.31358682109270364,-0.7853678739959855,0.7451369157959231,0.47097223239897157,-0.23154359784657308,8.27637157941897,3.309352875059159,0.015310995357612083,-0.00010169369966561703,0.0021514950677026592,0.1,-0.0002049470056300802,0.018460226492860818,168,0,0->0,0,0,168,0.03374080653343761,0
True,False,0,True,False,0,6.071659587017233,-5.644676228284328,-3.4306610656226493,2.4516428994597925,-3.577452927220493,-1.0275649317940585,0.31945265297474684,0.21159457089188238,-0.5646674342446635,0.9192714808923779,0.28405614815544994,0.17283332211760727,0.07194804700350123,1.9354066929068061,0.2154277142277211,0.060524563895038574,7.956015378366479,1.887336347600321,0.015183679646641319,0.00040008533727270076,0.0020246025279096534,0.1,-0.00015788796719622827,0.01776842351109744,169,0,0->0,0,0,169,0.1407822690174983,0
True,False,0,True,False,0,6.205250596983472,-5.387715036596931,-3.050681258569515,1.4648267105119324,-3.74475048689761,-0.44147194194671424,0.5087183928626962,-0.2923660908182154,-1.4006272179053998,0.9894078135526331,0.5739852898232793,1.3357700695002583,-0.6737879471260609,-1.4169586883153447,0.1381381490679021,0.3571454875665996,7.598769278479814,3.986479639185616,0.014486393796520027,-0.0005699701391505274,0.0018354746079385993,0.1,-0.00018158184521859487,0.017329253421149975,170,0,0->0,0,0,170,0.03935770683903149,0
True,False,0,True,False,0,6.26091236560667,-5.332884199572826,-2.6387216126264135,1.5200323997271388,-3.812927976874098,-0.2328469777263319,0.27617246241107846,0.23280372167259938,-0.8779663259688566,0.8511612454977785,0.91334273274243,1.8017907591525684,0.7934894987748204,0.6949481363479164,0.12686497804528227,0.3876681430995043,7.396848876604558,2.7920698583167396,0.014233564630434818,0.0004444566840360823,0.0016943607092460694,0.1,3.958355621006167e-05,0.015762095790532307,171,0,0->0,0,0,171,0.08586371799325901,0
True,False,0,True,False,0,6.254395373124238,-5.00475471022528,-3.080877360109563,0.9600207685546805,-4.975387577087013,-0.522891206407374,0.01766455616464739,0.33338751381819387,-0.04413562802345951,-0.06529407175659259,1.27463420268858,2.234438679095394,1.4872112820448555,0.305803136726356,-0.07551877204102674,0.2818827818847479,8.08765051299652,2.1603057138078277,0.013586138436554311,-0.0003945970277952973,0.0015651273565870163,0.1,-0.0013402012724057135,0.014074173058671743,172,0,0->0,0,0,172,0.2636393024306588,0
True,False,0,True,False,0,6.243977619059243,-5.068349529492022,-2.805596454656219,0.9080584977866288,-4.973447439811627,0.01126919061478767,-0.11485856814422012,0.6004820291434753,0.4133331121331865,-0.24110314862197796,1.1840876823044268,2.485006700561823,1.0288579615396893,-1.3939887717477544,-0.0819977028106272,0.1430958954521068,8.138258763662119,1.9714763498420838,0.012978535509139421,3.982326646561653e-05,0.0014908872376370355,0.0,0.00016598613138268416,0.008252550550940471,173,0,0->0,0,0,173,0.35594311925802685,0
True,False,0,True,False,0,6.2768120616469725,-5.115515719378649,-3.0077954172040298,0.47183863497495954,-4.510625815555019,0.43297393684463686,0.46773670594777855,1.4085042238030583,0.018998518943209964,-0.8075949035720186,1.6076978133183748,1.803812581702306,1.8703293257543523,1.2479998710954903,-0.11927411704719852,0.32763038149964335,8.11666204653676,3.2345532940993116,0.0145619710185171,0.0021910384367925684,0.001233183832665769,0.0,0.00017589151375225,0.011485156555976305,174,0,0->0,0,0,174,0.16918451277996682,0
True,False,0,True,False,0,6.307574666676576,-5.156445266762739,-2.898984165453354,0.3070620861892208,-4.076506195390002,0.5504809531878089,0.7428830840165037,1.5328174983094702,-0.15938192175870072,-1.1644775853538056,1.3752653460472002,1.2073388731077273,0.579644711824257,-0.9042223345151792,0.09253407182217598,0.24742444576380931,7.541016739918936,2.693186456850978,0.014808622013156886,-0.0013367845147378918,0.0009911511565309416,0.1,0.0001660979577522391,0.012378280040871275,175,0,0->0,0,0,175,0.20312745009056446,0
True,False,0,True,False,0,6.313767298266922,-5.031611816706168,-3.1446915154006487,-0.2211871787343917,-4.514353616714555,0.562272216232231,0.8263308252979817,0.6195417105266138,0.2069350803597465,-1.1953351572006492,1.3633560909878146,0.041123976129932696,-0.4323220034400418,-1.8103161416930247,0.11258103678124952,0.060900762390208266,7.727087622486239,2.1825539288897606,0.014417611166997753,-0.0006376618407989195,0.0008317989943192487,0.1,-0.00024596056612949044,0.0126855368416442,176,0,0->0,0,0,176,0.15450215233475953,0
True,False,0,True,False,0,6.352228148785878,-4.994600356386431,-4.089775745243335,-0.3553115839233455,-4.501021729395948,0.7329448140536264,0.9895098039766612,0.1503733337551414,0.08316575848195121,-0.6993843938022479,0.927880538149122,-1.250840974155938,-1.312674025904467,-1.1641390159020097,0.41906072187125726,-0.05768175003219469,8.157444190425398,2.1472611457651705,0.016831977551868854,0.0028053772310302344,0.0010378631687228868,0.2,0.0004164883751102272,0.016036197422514553,177,0,0->0,0,0,177,0.06426482327495317,0
True,False,0,True,False,0,6.434013875036763,-5.024514069578773,-4.933705396217295,0.24534422114006535,-3.533213554490196,0.5552287218653476,1.5713331013107696,0.24800370767668878,0.3520061383295929,-0.36696763532176985,0.06225469142392025,-2.0017971064033717,-1.5834488027755451,-0.34016029995444574,0.9197380160656807,0.03496931938474357,8.44015272252198,2.214591440247791,0.018968630459686733,-0.0002777134770532222,0.001720587456610264,0.3,0.0003687120466556431,0.019506212146717397,178,0,0->0,0,0,178,0.032569898312321585,0
True,False,0,True,False,0,6.584087257939733,-4.900462353352967,-4.453083535431605,0.06139090246896956,-2.68579871465478,0.49899497248474933,1.9108702418718422,0.662275736821674,0.8245334383345405,0.05064135931953604,-0.41387357767680427,-2.1397716490653287,-2.4717001674497534,-1.0743052177400751,1.1422243846478082,-0.26229946289459627,8.275473014709995,1.8493703142849396,0.018055922431471024,-0.0030493609360335884,0.00197458636074788,0.3,0.0003863382990051522,0.01869614770773493,179,0,0->0,0,0,179,0.04287709489192949,0
True,False,0,True,False,0,6.7021745381111355,-4.628422558133906,-4.0816732420195505,0.044216366833283866,-2.6956873794236684,0.5433885264185605,1.8983862947909251,0.4306562299397221,0.6028360765170973,0.30109621541839987,-0.4873467185984638,-2.1010061207727944,-2.040179199161094,0.5276927407594006,1.1726450243288207,-0.3151588606851267,7.753857384072039,1.7768423129350115,0.017442326864734365,0.0002991124614790501,0.0020598418021971396,0.3,-0.00012137682989895107,0.01880188302082858,180,0,0->0,0,0,180,0.03330596532484072,0
True,False,0,True,False,0,6.880367426216018,-4.190481878296812,-4.315081292081835,-0.6608792646078059,-2.7385836812700926,0.9607984345752576,2.3910695131947026,0.13480015217344446,-0.1362319058546104,1.2540968356703832,-0.5221809216642461,-1.7258420392765823,-1.5086944038357248,1.5096915477429305,1.3327595281713842,-0.27861963571832477,7.950087007229101,2.037568476572697,0.018485389670664838,0.0016566583726671316,0.0021841499074018674,0.4,0.0004452920529958229,0.020213405821696423,181,0,0->0,0,0,181,0.02838739815827125,0
True,False,0,True,False,0,6.9982601890077225,-3.853297259401787,-4.073879017331992,-0.9285691259784311,-2.9860882297999582,0.2511276541842348,2.2215335058479573,0.4287750464188009,-0.44537133689364206,1.7549462582640136,-0.6558574276673138,-0.8932811300921053,-1.5168119545370464,0.5251782088279747,1.4450067332841237,-0.3253644847392802,7.56626846358206,1.7259909377142875,0.017621564149262185,-0.0019068883273331248,0.0020547560624931635,0.4,9.040495989844077e-05,0.02011923199926551,182,0,0->0,0,0,182,0.06981200096659898,0
True,False,0,True,False,0,7.169097249747078,-3.6593092799230473,-3.5025591293097627,-1.2253852666162135,-2.704265141780853,-0.6180172567054689,2.043456212475425,0.44634378456316376,0.12856852474089606,2.073484023161806,-0.4433186013659309,0.15968750742524104,-0.8817434180654998,0.31189744884752946,1.4023803527717174,-0.08182904033545345,6.992699437342549,1.8555043550604995,0.016774350507730428,1.6611879870894602e-05,0.0016619969904824834,0.4,-0.002344700295701496,0.020183721655462415,183,0,0->0,0,0,183,0.046313560055193985,0
True,False,0,True,False,0,7.35515892646057,-3.34054483193209,-2.778417076983353,-1.0162737487341476,-2.9749113994926377,-1.0640344615547608,1.8078835745745003,0.5480811114065237,0.16352463571968948,2.225228661994861,-0.24408622533384808,1.0704726269338973,-0.3646798837501076,-0.4486922543560542,1.183400906709452,0.5291985039898167,6.74251454674171,1.7896911036504968,0.015958863608467985,3.172674226931474e-05,0.0015045320309784531,0.4,3.060947852642423e-05,0.018780745485457075,184,0,0->0,0,0,184,0.06624696735359285,0
True,False,0,True,False,0,7.542438148507772,-3.212783001923198,-2.8926630048464252,-1.4651509727802474,-2.789674541406515,-0.9545423798526,2.0704155932572776,1.3064419919451051,-0.4933881378827787,2.206399538394648,0.22293625428725616,1.6626389434137294,0.8135062124801188,0.616165618705755,1.1062351016895993,0.9275784895866193,7.209101723523756,2.1549108553383918,0.01771536542732901,0.0025719887181234677,0.0013168248999898282,0.3,0.0004561508210225544,0.019853449331244766,185,0,0->0,0,0,185,0.13343109655630675,0
True,False,0,True,False,0,7.650524598984255,-3.183558204851509,-3.1543364270868177,-1.8678139229260624,-2.959760713606481,-1.2425411804795705,1.8400620318581995,1.8947596327437073,-0.6093536894322222,1.950228100019716,0.2951935653349896,2.0703921450752585,1.17084877845337,0.20381347251474827,1.4415433574401335,0.6485875931783539,7.697138003332456,1.221782051658991,0.018069850000185562,-0.0014020172460044722,0.0008874829435104323,0.3,9.047378376597116e-05,0.02066510718625766,186,0,0->0,0,0,186,0.4623865450758729,0
True,False,0,True,False,0,7.8463364035330985,-3.1674447620097554,-3.395921545709834,-1.6651760538487228,-3.0726908463661267,-1.6256156571979241,1.5021158118105402,1.5677880782444453,-0.6666600787391035,1.5674408938486684,0.3554030120448046,2.0222279284029843,1.0234511490042866,-0.2020106864253223,1.3519193900850923,0.5518636351923126,7.682957823978916,0.9371270039239393,0.01925547704951965,0.0008311424764775345,0.000982557044614791,0.2,0.00014013274469854703,0.020570277256220133,187,0,0->0,0,0,187,0.5531836380900702,1
True,False,0,True,False,0,8.000252240568683,-3.409484381587287,-3.119755549558958,-1.48958099808439,-2.8632069894092074,-2.1371719699427874,1.1470301903672437,1.239866606295344,-0.9945928241530617,1.2615903233750214,0.5581742867958618,1.7235032803326076,0.5058454608814786,-0.9530439924374734,1.444967407847308,0.2989639119815814,7.487371039734112,1.401636943740814,0.018691664712082275,-0.0017494393867714605,0.0009504224406610299,0.1,-3.166502252764311e-06,0.018196814551489988,188,0,0->0,0,0,188,0.4567270589673222,0
True,False,0,True,False,0,8.160983825684582,-3.5253481492667698,-2.9555123853269905,-1.5581832064328027,-2.8292093059319208,-1.9421896800531921,0.9950556237826689,1.650322202994095,-0.6807035223970753,0.5733734542241031,0.3935492819633496,1.2903187307388073,0.6471371611043881,0.33248835244105784,1.704385004450701,-0.1718080801832261,7.319355638436995,1.7464492113952212,0.017925513914056387,-0.00020233846058851507,0.0009475188694945033,0.1,0.00018092487380808736,0.018274188198086225,189,0,0->0,0,0,189,0.3725480195528198,0
True,False,0,True,False,0,8.32713641015062,-3.602519790609859,-3.0119399959759314,-2.1371851082964546,-2.5073745192144408,-2.3562860157431276,1.1904443536229412,1.8807960752206991,-0.07446891456841305,-0.40392394102358065,0.47545339425565875,0.49416114752632556,-0.09629097464684529,-0.35872583960622717,1.6758737719593824,-0.3308522711723335,7.5005103790499925,1.938585557730827,0.017227295552773973,6.793243674347443e-05,0.0009587607683604438,0.1,5.498628099093184e-07,0.01818883391589281,190,0,0->0,0,0,190,0.35009955781879265,0
True,False,0,True,False,0,8.481939434609687,-3.678603036638368,-3.32943651105858,-2.174651638684302,-2.763447910055291,-2.1967753554620733,0.9708500435293489,1.5099497497467906,-0.03628175925082507,-0.6899618080542093,0.07907083385632918,-0.28644975128854455,-1.080931047844247,-1.4603903442010742,1.9869657928020414,-0.857684937364974,7.997247957251885,1.9534549886940902,0.018038154863892236,0.0015090776724006778,0.0009318672266952479,0.0,0.0002060456026583002,0.017323089684177305,191,0,0->0,0,0,191,0.3928363792310182,0
True,False,0,True,False,0,8.558487723241095,-4.020391122821541,-3.2373363383863207,-1.8804244772189953,-2.8237188282343686,-2.146327585412177,0.6793241852506563,1.0599653583277755,-0.5162999884862925,-1.1113241949682762,0.39434576920265724,-1.207994795417313,-1.1432352059764543,-0.286420362714726,1.8735433178093817,-0.9051659219124888,7.966117444931985,1.806985163842042,0.01746352148352681,-0.0013854926914836883,0.0009352035570240072,0.0,-5.512278694170224e-05,0.017084500257028082,192,0,0->0,0,0,192,0.31256333525758495,0
True,False,0,True,False,0,8.679166708075574,-4.422842936781081,-3.326459510806334,-1.778712255659457,-2.836778399604663,-1.9945359746594544,0.5283200792237666,0.8971237104316053,-0.44716711646017315,-1.1482939325173471,0.4387519503142808,-1.6799010654423585,-1.1397859037650384,0.3313464803190855,1.8638901510823367,-0.9423073281409202,8.246113823090273,0.9387673159328036,0.017098283874480414,0.00020939577131902712,0.0009042132962972484,0.0,-0.0005106233495524599,0.016871190547191627,193,0,0->0,0,0,193,0.3986018109071878,0
True,False,0,True,False,0,8.836469000438303,-4.866529414466542,-3.340194988967763,-1.972630414276149,-2.4642978935782898,-2.3494042830904123,0.34845223371946643,0.3201200693473725,0.6830125972173748,-0.853871159314692,0.3799290266777692,-1.7241663071184075,-1.5243608900567112,-0.20840836924350212,2.037296514765911,-1.0861882149952318,8.599613914347053,1.657941103134895,0.016611716327108984,-0.00012132993832503214,0.0007753584718724001,0.0,0.00016822671487392964,0.01721938446356051,194,0,0->0,0,0,194,0.10134179286462308,0
True,False,0,True,False,0,8.924025591520023,-5.28119814560438,-3.6632289337695707,-2.377292552442462,-2.6058805131602223,-2.2494061654287942,0.20802540677129747,-0.32738478685988875,0.9093734644420366,-0.2429529248583273,0.5199708800661292,-1.383122918773181,-1.7060074041482642,-0.8595881330954136,2.0389667222761383,-0.9561864636314704,9.074652820067724,1.3968044293121966,0.01598141151640348,-0.00014373726333407472,0.000968598794088763,0.0,0.00018195243083749153,0.01617013298081346,195,0,0->0,0,0,195,0.0657666637693475,0
True,False,0,True,False,0,9.141635171892622,-5.6412080077556075,-3.812307051692715,-2.5655369033329976,-3.132341554163225,-1.690499925971549,0.2960246794234221,-0.3147900129984978,0.9323293451876132,0.5087649040200303,0.5822365756700915,-0.7443812377440413,-1.4706956254440224,-0.6482046014399582,2.0081280981186644,-0.6999667650996199,9.383872719713743,1.4057702400004974,0.01654318485556082,0.0011920781498628436,0.0010120102811820135,0.0,0.00019996690450584977,0.014173457787575167,196,0,0->0,0,0,196,0.05230778633110491,0
True,False,0,True,False,0,9.28054983259794,-5.984200529654449,-3.454215856130709,-2.2465264804241536,-3.360186242352078,-1.1345140897910355,0.17662231570954953,-0.18249161451121396,1.0356062289445824,1.0870088495725003,0.45266246037816243,0.0999147395647944,-0.9372400566830754,-0.14327126056060904,1.9101179519918492,-0.5541373828620517,9.319955011065291,1.5507396280337753,0.016090328304965516,-0.0010146298897526426,0.0008830166889236464,0.0,-0.0001977074822453271,0.013578077292085813,197,0,0->0,0,0,197,0.04246737125221987,0
True,False,0,True,False,0,9.323174207135903,-6.42480059973054,-3.5708761624528296,-2.3074330795373252,-3.258209078662145,-1.2031588181592991,-0.07943399610279295,-0.786125587780498,0.99324968245166,1.611597170680105,0.8258312826827306,0.8225283717345256,-0.34241064071445393,0.06680635662363799,1.824093391700139,-0.4428685521897493,9.721386814294389,1.4193177167569881,0.015459002142789488,-0.0001784696115807241,0.000854127560583637,0.0,-0.000580218643532325,0.01366976489917517,198,0,0->0,0,0,198,0.031688866085150875,0
True,False,0,True,False,0,9.45156120984982,-6.935851284093681,-3.76216508410781,-2.3375830015422636,-2.9648023120459595,-1.2395285059480625,-0.26419701569578763,-1.4926069926663421,0.24930904100463652,2.3226017473743163,1.3891969112056468,1.4995165421938172,0.41686188283885195,1.0885329334264726,1.8512556073094217,-0.0443058959225894,10.453021868674659,2.1331898808260568,0.016886926070380677,0.0020592500897672165,0.0007666506633196139,0.0,4.076704640928325e-05,0.01623925720587684,199,0,0->0,0,0,199,0.011572160411774902,0
True,False,0,True,False,0,9.58013017594568,-7.133977347629713,-3.9568709203103554,-3.027069294825588,-3.3462243569436545,-1.1417887363247432,0.043764352289393925,-1.18379423768384,-0.06823326352807406,2.581150031979542,1.8923423455664332,1.9802467234063414,0.5819908702155641,0.7720405611151671,1.5716391679200994,0.21261951542352558,11.053543310264613,1.3556899270650753,0.016335899998760412,-0.001978949999211454,0.0007554343274421015,0.0,4.275777977253564e-07,0.016383888892968563,200,0,0->0,0,0,200,0.04463466782902969,0
True,False,0,True,False,0,9.811312411265035,-6.970225465657072,-3.1887134604098843,-2.8409675521299986,-3.4998103399611478,-0.3688823317531759,0.46452140753635385,-0.7228203885331879,0.14765305179600435,2.250712271514543,1.1461068521081657,2.5088401587924167,0.5708161326802708,1.147468692537364,1.621604564698936,-0.2659823620240234,10.685004719255753,1.7550407120831109,0.01624226113016413,0.0004573872030239831,0.0005827054251195331,0.0,-0.0006551826521741608,0.01514262095156266,201,0,0->0,0,0,201,0.08282976514541716,0
True,False,0,True,False,0,9.800990708204976,-7.124611390807534,-3.2530041755588996,-2.7730629735537518,-3.297232099424979,-0.411133639207693,0.4875162379599156,-0.5020786923200115,-0.3658284785558441,1.3617578309101104,1.310431246502746,2.072855458843501,0.4980858951589186,1.626780099185736,1.635325204085187,-0.3453534252544231,10.531992799347236,1.2795586085679664,0.015708716251171023,-0.0004399060103968261,0.0005104294405115721,0.0,-5.9524420421581264e-05,0.01493917518226471,202,0,0->0,0,0,202,0.16345743057253542,0
True,False,0,True,False,0,9.794505305306187,-7.527323267721736,-3.004724792115783,-2.3634648950532853,-2.885219632064832,-0.031749501393870234,0.2775112841917741,-0.6354300719715064,-1.91286889863135,-0.024592041086249197,1.7057167084113156,1.6659675251252763,-0.11825691828632745,1.1497754444597195,1.688319634763078,-0.4425722302253562,10.467363912488105,2.4543805020273353,0.015000589951189466,-0.000174581420988449,0.0005713811306617208,0.0,4.8658235871530675e-05,0.014069643497554572,203,0,0->0,0,0,203,0.12349958880552023,0
True,False,0,True,False,0,9.790988380120206,-7.8473504205072455,-3.484240380534457,-2.543081070973294,-2.433526076019028,0.06640021083358486,0.582185554016259,-0.14548531264255254,-2.3307461994404566,-0.9896220420334897,1.7214826609189866,0.8288938764098377,-1.039457484271361,0.3737979071882656,1.764508073805894,-0.651505545008973,10.795303283292037,2.0538291699226785,0.015759553561813147,0.0014670899106052383,0.0005473030117362185,0.0,-0.0002173035679624638,0.015347851179343739,204,0,0->0,0,0,204,0.2738652063904854,0
True,False,0,True,False,0,9.701877846612096,-9.022875876448182,-6.790997318750502,-1.0623708442997617,-1.2259011227097194,0.031098331446039743,1.0628125899553071,0.10104059152720554,-2.244746468593457,-1.0125823817973596,1.3938494916823072,-1.0585392806266722,-1.2635218889844269,1.1544441961777714,2.059259594903519,0.23403408428261935,12.831285501448283,4.634292778320025,0.022164938409594555,0.005646421237157726,0.002023985268621137,0.1,0.003680136483696035,0.023220201910133357,205,0,0->0,0,0,205,0.00985671076671286,0
True,False,0,True,False,0,9.714370653405387,-9.474077134600952,-7.3175215611728825,-0.39204944720611423,-0.985816195781932,0.0759011779053114,1.1749286605705964,0.300810096710576,-1.9900818551629134,-1.3292054743055088,1.2446880308561632,-1.6579456358053566,-1.084212854371946,2.938756156026415,1.8518024105423445,-0.11363238812936606,13.6402679278235,2.2291020303976703,0.021140786423687146,-0.007429536833688816,0.002476430447805355,0.1,-5.694330509669124e-05,0.022307771734224553,206,0,0->0,0,0,206,0.10466249535018535,0
True,False,0,True,False,0,9.824996907591531,-9.828502750104027,-7.299157635422921,-0.055704444539036606,-0.7675521054917633,0.46859821470308494,1.1560423295027722,0.7491695532514436,-2.031014934870807,-1.342643768702852,0.9184643409249367,-1.5022492075938731,-2.3940569664697815,1.003979271392908,1.537861519092896,-0.2640443495062591,13.732208174862897,2.5233527621754543,0.02051490370666047,0.00039826926888073336,0.0026680314967028043,0.1,-0.00017878789869931778,0.02237365850352711,207,0,0->0,0,0,207,0.13363779372556384,0
True,False,0,True,False,0,10.103148825518387,-10.116571625894373,-6.816419124212586,0.10618624047809296,-0.6993492731942873,0.817256942015408,1.197949354543585,1.477445545866156,-1.125422610869146,-1.0892651554588544,0.5465683143132605,-1.0471989100909194,-2.9972123508499453,-0.3660840395911718,1.8550652415018525,-0.46382413865911043,13.804272114286373,2.165416715475409,0.01956782711255984,-0.000321193877073956,0.0026312652306134166,0.1,6.0265951581149266e-05,0.022317877768608396,208,0,0->0,0,0,208,0.17509649891806148,0
True,False,0,True,False,0,10.281223823315175,-10.136637176038107,-6.920186938878185,-0.1884622637339547,-0.8310553601447458,0.2302423665735912,1.3391939043893868,1.8543008101133074,-0.5507236978483637,-0.5009976192673324,0.7231121490082284,-0.41880710393815374,-1.8792793657986633,1.5554183742957166,1.748952345457355,-0.0566808894292428,13.751039818800802,2.622013373311186,0.018947584078220468,0.00032683355976126025,0.0026209756578118647,0.1,-1.6970434474973192e-05,0.020377433637513303,209,0,0->0,0,0,209,0.08951377872055961,0
True,False,0,True,False,0,10.46831068115339,-9.993533008701263,-6.695634859239825,-0.13959419820662433,-1.3787771670875424,-0.18308377868193063,1.2748984351216373,1.9993305584438594,0.11805559717283487,0.22198725535152058,0.6541366713186165,0.757391216441528,-1.3866391506923443,-0.17345984983080476,1.9225506669874006,0.36032631830301765,13.560064056595726,2.529469489538402,0.018114953334476568,-0.00021238770940452956,0.002544296349881201,0.1,0.00020260321264545418,0.019878052916818958,210,0,0->0,0,0,210,0.09057965984621288,0
True,False,0,True,False,0,10.596335547160212,-10.16413225098512,-6.31460925239957,-0.2605051388796652,-1.6600372127484095,-0.4222984779615462,1.1141202905579626,2.2875442961042527,0.6853637928480231,0.963379138318983,1.1188289832891518,1.7018438865461698,-0.848744230116476,-0.8111820814132318,1.6056328988073765,0.708809750657598,13.726620241760763,1.8297187108789783,0.017242479243862584,-3.984334687008248e-05,0.0024723489201373254,0.1,-8.199390880323301e-05,0.019668256713026452,211,0,0->0,0,0,211,0.14844326029760194,0
True,False,0,True,False,0,10.870973928467203,-9.632485254163386,-4.589768922836779,-0.1560096751174072,-1.7431065331387687,0.10620579551433433,1.5755803981879504,2.5066753816365694,2.4821790634224863,1.6097796163396185,0.25052778613997806,3.109649962972746,-0.3423967096824267,-1.3368966837348246,1.659409692612477,0.14297569802243484,13.343793390837744,3.336063063308158,0.016508971617817815,0.00013896646456921374,0.0023864324951205023,0.1,0.00018415471120137097,0.019779487778072157,212,0,0->0,0,0,212,0.07442879737522214,0
True,False,0,True,False,0,10.867432728034517,-9.699128417742648,-4.428252059111097,-0.4506824070647669,-1.5633829319051316,-0.5042409730234527,1.4200600501105334,2.115894594601192,2.8708900149273333,1.2125169318520554,0.963293837483528,3.794466640215578,0.7890540052288553,-0.22035510383939177,1.5328343175269448,0.17259014904989503,13.403734630273693,2.128117226727508,0.016070483692572135,0.00029501970079908943,0.002231236764996396,0.1,-2.4954626326690807e-05,0.020011149203788544,213,0,0->0,0,0,213,0.15659701713974827,0
True,False,0,True,False,0,10.839773494473997,-9.508889440219335,-4.602108167585566,-0.8601972598683912,-2.272889164865655,-1.1884567091506915,0.9797531817177333,1.459221119626529,3.1807162802469393,0.11795101505507874,1.4904714167751822,4.388758106608333,0.7145935015267951,-2.3120959500801406,1.4278658513953146,-0.012565257798155217,13.762159080625723,2.8605795161462058,0.01531600821678571,-0.00031598755054074515,0.002297472807366474,0.1,3.1026675059178666e-05,0.017914866039244633,214,0,0->0,0,0,214,0.1472506429168028,0
True,False,0,True,False,0,10.792020411130256,-9.518079460238516,-4.433380372849329,-0.7172671662161028,-2.307614408607063,-1.129997625427502,0.7234527372288146,1.1374628114375247,2.945690649322409,-0.5666523317285593,1.7817116644586846,3.995420949427869,0.9541988709426252,-1.3954476466483625,1.4862901934124992,-0.09487140359601057,13.39838703041135,1.3770987142914617,0.014609402962995406,4.787022199612134e-05,0.0022209041450207754,0.0,0.0002141811637417345,0.007609528068323848,215,0,0->0,0,0,215,0.33009990927743826,0
True,False,0,True,False,0,10.787908773913825,-9.583997947606285,-4.307269429975982,-0.5384747819124082,-1.9114547788952454,-1.5179514955290414,0.6026278936133284,0.6050282990073774,2.950638538722421,-0.7985437340133388,1.6690482716816002,3.476885637361035,0.10731649619382405,-2.2839020498680633,1.6426172068906733,-0.22570405751944655,13.280101446716015,1.5941314140522318,0.015045210908784825,0.0011424131995797226,0.002031552795124013,0.0,-0.00026608213561412665,0.008941711063927724,216,0,0->0,0,0,216,0.20910509617336892,0
True,False,0,True,False,0,10.745173465439489,-9.782565366851026,-4.062718708576981,-0.34580682174680805,-1.574046225287467,-1.6430363095461364,0.43109483737597337,-0.373224294338783,2.3692372704860425,-1.2272071840502803,2.088632706446423,2.3699568444203423,-0.1312850374631787,-0.9776247470519341,1.63752242261982,-0.3432569702847748,12.81034894056062,2.225832823863461,0.014338527372129954,-0.00114249148244429,0.0018394665287333697,0.0,0.00017421141289487505,0.008523406604655592,217,0,0->0,0,0,217,0.04999113139847495,0
True,False,0,True,False,0,10.785949811311301,-9.960014170082797,-4.544257380075031,-0.3395636073177903,-1.6005235438988856,-1.3954428603459201,0.3274477715787053,-1.4258708893621976,2.226235963539863,-1.8868199576010334,2.077047612618414,0.6570553851740866,-1.2335096122077212,-0.16270471819247503,1.665203282924822,-0.5722083013412029,13.052497481645592,2.6014924577460254,0.01636966439721236,0.0027378205617372767,0.0015100544861609976,0.1,0.0006584593883776774,0.012873936726100483,218,0,0->0,0,0,218,0.010961448046154626,0
True,False,0,True,False,0,10.716984005510405,-10.225765501650493,-4.86472225102079,-0.31223073227321,-1.8079150310990837,-0.9454927657830581,0.3761220144315215,-1.9789296629355264,1.996862789529078,-2.0992377808743603,2.457812065330927,-0.9115055268578058,-1.0180579650104498,2.639467923742724,1.4569124561364009,-0.6675231914861405,13.670954584661814,3.3744175185909673,0.015630970663453973,-0.0027698307588407915,0.001181834961680231,0.1,-0.00010664644240023988,0.012459673170047078,219,0,0->0,0,0,219,0.0028001127681476705,0
True,False,0,True,False,0,10.665752036950368,-10.501879447116318,-5.006440046251251,0.041943965991294484,-1.6258335567679325,-0.7921967459602827,0.3297367488422608,-2.448223139170049,1.6211804492567887,-1.9070456996254277,2.110904974169293,-1.291670062684092,-2.1739818192087053,0.5063495466291159,1.6793949110909534,-0.6836447002561139,13.75414868252361,2.623449161490389,0.01493073301166108,3.845608196549263e-05,0.0009277949404940522,0.1,0.0002124611842006241,0.012371163312198417,220,0,0->0,0,0,220,0.004461943128376495,0
True,False,0,True,False,0,10.636818629466337,-10.954077004817846,-5.0434148539418455,0.7092776927704052,-1.2603159914335196,-0.5492560764938432,0.14338116663184938,-2.735799523733761,0.8456360725254161,-1.6606465496709009,2.244411904148675,-1.4563208977341142,-1.9008375211368171,1.979905344372966,1.735507812482073,-0.2878556757697433,14.137365545988397,2.0186532088108375,0.015559529083762973,0.0013290337238947864,0.0007294533355661253,0.1,8.306145431631606e-05,0.014057317680709702,221,0,0->0,0,0,221,0.005101362331554751,0
True,False,0,True,False,0,10.595130451487579,-11.34848328269257,-5.178817796998902,0.7972396345062425,-1.1988874233402806,-0.2880355908597491,0.1893851902808032,-3.0060401089585427,0.2785060215709615,-0.6497401348414127,2.35065534991962,-1.3290750367256505,-2.498778475195897,0.8424406100690526,1.7242810097125865,0.309585912766207,14.391503082213843,1.9261336360364714,0.015515393187113594,-0.0006729319687512718,0.0006279694112754081,0.1,1.4979251986074402e-05,0.01484612484950487,222,0,0->0,0,0,222,0.0032587877813260047,0
True,False,0,True,False,0,10.78428653703939,-11.435572423937026,-4.797079655080861,0.2203988554952445,-1.4485259913766466,1.1451252990610419,0.7987157520412397,-3.423181529686528,-0.12880538993043275,0.8121177700293144,2.3936971771646327,-0.5907789760301819,-2.1612379547633043,1.9305262649571358,1.949861973968617,0.8553751538526817,14.62555471170984,2.771262445260639,0.014762306537118429,-0.0007089507533457867,0.000593896538534249,0.1,0.00011876157784142596,0.0140608257514662,223,0,0->0,0,0,223,0.0007311808330555031,0
True,False,0,True,False,0,10.813386956422102,-11.261068086509878,-4.410505769651335,0.33033444456935696,-1.438357251772731,1.4339400706493235,0.8385874181262133,-3.1171395828801867,-0.23664849069171096,1.4361224427802142,2.0501478229546524,0.4313444783339457,-2.188637571605833,-0.31246224310434717,2.1013941950548927,0.903318741182543,14.25055125561596,2.6443100930059105,0.014270242969310811,0.00026102308218754755,0.0006610014712649031,0.1,-0.00018347721037518389,0.014164643302048112,224,0,0->0,0,0,224,0.0013941109006930781,0
True,False,0,True,False,0,10.77889605402136,-10.985374589430647,-3.9144511494261,0.7000624222838243,-1.675191214202162,1.3810486478535289,0.626782534032832,-2.533336868999099,-0.6783934261896822,1.4133362736363952,2.177051812731277,1.226478494007377,-1.2994220621715393,-0.3119248418975054,1.7829366238681827,0.8564545280206746,13.704064638694843,1.625686547167828,0.013768390771258635,-9.788630244558089e-06,0.0007745574605849914,0.1,-0.005077811555606777,0.014275458139975647,225,0,0->0,0,0,225,0.009692203332446,0
True,False,0,True,False,0,10.879750015372876,-10.463192983168721,-2.8274596530793548,0.9217262504166164,-1.8260013288428392,1.5884798528763977,1.0133913862032005,-1.432012468404648,-0.9312364906047538,1.7724599481480656,1.9175283082390127,2.190810797818577,-1.0195906526146463,-1.351927263256337,1.3415303035286517,0.43966775353076054,13.084006824388693,2.379145609729497,0.013842011941668396,0.0005754733684619363,0.0008589096186011612,0.1,0.0001162350132902874,0.014244548276642656,226,0,0->0,0,0,226,0.03613824992965449,0
True,False,0,True,False,0,10.821736638725508,-10.139039362847278,-2.2923382536918395,0.3381281332068496,-1.4543928541764235,1.97608447075531,1.2781594381663,-0.4267307314396033,-1.4441493806845134,1.4479879946190888,2.3154395692171303,3.2493187379086894,0.011679321706313145,-1.3310422232568695,1.1463151848124726,0.43538981334393156,12.860158038936385,2.203093685401225,0.013319695521275066,-0.00059593759080309,0.000984058965030629,0.1,3.1701510019499154e-06,0.014365609548556717,227,0,0->0,0,0,227,0.15462524742609587,0
True,False,0,True,False,0,10.716620127606394,-9.73810672761939,-1.9403261342278488,0.08769204978122111,-1.0906997497298503,1.8045456919913259,1.6304718135278933,0.22356135446698483,-1.8187827717838745,0.6795547672539668,2.4085335148111198,3.3516519227126103,0.49444007721264466,-0.8506867128753776,0.9131054522402662,0.20498004045737636,12.373867046291657,1.5454392349691146,0.012891109726804614,9.373062592287797e-05,0.0009811399153211496,0.0,1.3910574631393474e-05,0.010127272352637525,228,0,0->0,0,0,228,0.5611521674404459,1
True,False,0,True,False,0,10.694170662962174,-9.33537818981923,-1.8609672225585363,0.353367006104422,-1.3589512374779922,1.64110857508223,1.7377367395450039,0.8040663110487091,-1.8457552304375044,0.0022458758345098684,2.2743447307388167,2.8089686653261086,0.7561226465774761,0.6041331351456412,0.9541084716710502,0.3635014321468526,11.936917845601569,1.9158583000324392,0.014468455820241559,0.002005931887907396,0.0008901927849438146,0.0,0.0008292932749279433,0.012380521746402928,229,0,0->0,0,0,229,0.5362498427765005,1
True,False,0,True,False,0,10.630476847280422,-9.08563863159639,-1.4639560065510002,0.6575885108647481,-1.4796051406081465,1.4236887829240092,1.7550745674366037,1.3470985598426322,-1.289632535861487,-0.3436230703677814,2.149676673624429,2.0345403582451684,0.11052885620701315,-0.4619182473162582,0.895977061253909,0.2914459131666498,11.419843486120167,1.8109710075287315,0.014099816011472942,-0.001945985902205561,0.0008666462981068943,0.0,-0.00010900473387683365,0.0125263678126646,230,0,0->0,0,0,230,0.5545662184533473,1
True,False,0,True,False,0,10.557740120061556,-8.880133316917636,-1.0847625337413132,0.7059361633238361,-1.1902102076375594,1.2714128717711963,2.093349359949693,1.7664334662761951,-0.8413947824503459,-1.419178103011442,2.581242252147405,0.5373532535702176,0.9080235311065759,2.607910727369134,0.9392189903993104,0.11574236331813703,11.517956624352877,3.803813916254725,0.013526916488999436,-0.00020425971370488863,0.0007566941951960604,0.0,-8.186107384888612e-05,0.011796510759024556,231,0,0->0,0,0,231,0.15898813789469193,0
True,False,0,True,False,0,10.50334226473858,-8.740845851936601,-0.6296710459788554,0.3532363170633544,-0.2577830192305179,0.8065504813936826,2.5957842396357185,2.1917364067982814,-0.2639763128807854,-1.904614814456161,2.281442415103227,-0.2848757286570185,-0.977406096074989,-0.5267767270988457,1.0457317755281277,-0.2245135271960554,11.079640132052102,4.08851283030438,0.012940657912902973,-1.335905362295775e-05,0.0006285121678190559,0.0,0.00010506467570797068,0.011368686214205535,232,0,0->0,0,0,232,0.15489140068207174,0
True,False,0,True,False,0,10.44455919362536,-8.310892742708234,-0.6555548467349397,0.4966814784577026,-0.4931952405132019,0.4041605637456694,2.6243124398785898,2.1533277129005506,0.02107833473489498,-1.7487778023533966,1.5775242689937155,-0.611394686357932,-2.0051321381298943,-2.128364938553244,1.2517856399041491,-0.2625357016656491,10.954548868792045,2.1913588174408387,0.013404851991035433,0.001050452654228923,0.0005344900069156139,0.0,3.987785328484622e-05,0.012700209894785632,233,0,0->0,0,0,233,0.5368867929900405,1
True,False,0,True,False,0,10.32961264012473,-7.925138486685081,-0.5609701572682393,0.6219993717195766,-0.950601279172982,0.30032235182244976,2.6923162018628615,2.038424162997889,0.42552101595384345,-0.9155705002067456,1.3120616931797038,-1.133748548346455,-2.0240750652920303,-2.135989350452961,1.2914462708893715,-0.2769378519689805,10.570344237911483,1.2758642054313014,0.013361640083307605,-0.0005074059858602882,0.0004936094329372339,0.0,1.4987891441045273e-05,0.012864783804112448,234,0,0->0,0,0,234,0.5995031995962766,1
True,False,0,True,False,0,10.204927948268386,-7.799493524399712,-0.41913923173518935,0.9417699242486316,-0.9205128059683306,0.23557879525523961,2.632744969728502,1.6544057800990473,1.2080684463567812,-0.508160060432533,1.5527126414451151,-1.569188828789636,-0.5870673911222272,1.4632472998136947,1.0753934260044886,-0.09157098025401601,10.155570302232327,4.0541630621166345,0.012941692411736762,-0.00037673576384301445,0.0005235859396021527,0.0,-0.00025816279014630183,0.013090770965605103,235,0,0->0,0,0,235,0.027724961901647242,0
True,False,0,True,False,0,10.052798796122872,-7.872935065795019,0.08023880027113904,1.0373588866162078,0.08735061785788319,-0.04466722008036518,2.496481080115808,0.8173965035658353,2.0858279163946443,0.571459198047267,1.1741972295475924,-1.3764164182968748,-1.913502272336288,-1.8973305860262315,1.166341539793934,-0.30025359094302057,10.26197636787172,4.161939362417667,0.012330413782970971,-0.00019133095719494828,0.0006171916784580381,0.0,1.4416749012835864e-05,0.011732101620789066,236,0,0->0,0,0,236,0.010795025871091749,0
True,False,0,True,False,0,9.884982562082177,-7.673286468772772,0.19003408537735622,1.363415766326037,0.04464338277136593,-0.3599931327897164,2.419091381524072,0.6577174021215596,2.4464852995800563,0.8658563131086082,1.3217795253786393,-1.398860702700612,-0.0900585399743649,2.060695454826343,0.9799366835224739,-0.21651759977893434,10.000567696503085,4.426153434455449,0.012162008073886052,0.0004428729196808718,0.0007191808465609351,0.0,-0.00021475455920043872,0.011235416910365462,237,0,0->0,0,0,237,0.0046611014617600885,0
True,False,0,True,False,0,9.76873743581801,-7.25794386059532,0.00040989317430735944,1.293604353643818,-0.4580881540911186,-0.663008035741488,2.4850812107102875,0.48655389921365644,2.453508062477986,1.2300546738291336,1.034818345822795,-0.7927048824098722,0.245360509064348,2.1694861819253712,0.8249311560636376,-0.061173912244546984,9.62247592062843,1.1662002867273207,0.01313820468440576,0.0011446023196046273,0.000711101311620881,0.0,-0.0013612752799716235,0.01353047281685528,238,0,0->0,0,0,238,0.09468018579407539,0
True,False,0,True,False,0,9.62721003962431,-6.995170029525265,0.15054824996483585,1.3262705111635467,-0.7113044263044582,-0.8424115411052913,2.493384735612414,-0.09216897649489109,1.8511969323827167,1.6850156138491266,1.1422013771868353,-0.29205808335334055,0.3319639198510672,1.300779545038344,0.70617504413412,0.08181842359042386,9.12199747437192,1.4739842567038144,0.012508269629755977,-0.001606131665169491,0.0005947121641223964,0.0,-0.00012436270623232635,0.011316259902694279,239,0,0->0,0,0,239,0.0790340692478623,0
True,False,0,True,False,0,9.528327836894372,-6.924145139992193,0.608646034660968,1.518064900115192,-0.34698665551090196,-0.7236668112953568,2.2329055234808286,-0.6139610530891074,1.5197812940029927,2.249919240126643,1.2276867509423304,0.7408677886510237,0.6811570739314646,0.3676871135175579,0.7726852494131041,0.1556522528120189,9.033777178229444,1.80390505790564,0.011936253601711012,5.7919026604817334e-05,0.0005593995530612021,0.0,-0.00018320477204613727,0.010775215136465729,240,0,0->0,0,0,240,0.058447942755244106,0
True,False,0,True,False,0,9.427504377401528,-6.721481987240098,1.1212614703267163,1.9316380662143695,-0.045422880130685274,-1.2237093668172556,2.0378779343914926,-1.354000277648491,0.993061949598138,2.380918520171916,1.3489222213059793,1.597044950789808,0.8393633260981043,-0.6772729965180216,0.5723709458582666,0.3247917996368639,9.149269399030578,1.9078177224510824,0.01167488021134334,0.0003106426376772945,0.0006058760642941542,0.0,-0.0002818285172494295,0.01067757087829271,241,0,0->0,0,0,241,0.09225731761885496,0
True,False,0,True,False,0,9.248820976670908,-6.36010010902033,0.8567018670459041,1.670302789110404,-0.46730323017014996,-1.1612000157539915,1.9593628976877138,-1.3950751730589526,0.8386941624132972,1.9293220260935109,1.4733527544727147,1.6561302722278706,1.5703621474045444,0.7386414205768964,0.4633257762578107,0.08215205598312388,8.718103461758126,1.8295451305094395,0.011588535211746203,0.00017502839077053294,0.0006778910722655164,0.0,-9.561558247480565e-05,0.011375676546675099,242,0,0->0,0,0,242,0.11192966700988345,0
True,False,0,True,False,0,9.226281946074769,-6.001149530956979,0.6988553074800764,1.6166206246423431,-0.7662639671718585,-1.1778717466906439,2.15339848464073,-1.2089990082358055,0.33359166854424444,1.5581933110371478,1.293790187314298,1.6158053382751316,1.052914719621548,0.11371772395233735,0.48489640207441953,0.23057286029427604,8.237688791803933,1.1943993536456152,0.013214668900029387,0.001712478687880322,0.0006520039623852859,0.0,0.00041557826307256525,0.012723953339422884,243,0,0->0,0,0,243,0.25134683805685154,0
True,False,0,True,False,0,9.138916196901475,-5.856394414589039,0.9239966695081868,1.6906703759289294,-0.8567708658565614,-1.172187218012872,2.382959630985014,-1.0491455633641953,-0.41323482301296804,1.077658414216221,1.544328423884625,1.165063312411709,0.6905910094090059,-0.377558387736096,0.43588145131234984,0.322988140066473,8.013695008693553,1.2686249202888433,0.012576170898849121,-0.0022646316894634495,0.0005778439030679999,0.0,0.0003526319070286596,0.01163667558995747,244,0,0->0,0,0,244,0.35822598979876447,0
True,False,0,True,False,0,9.071434810389725,-5.865763422340309,1.6102935962270544,2.5560154747472716,-0.5740285486444633,-0.890525346289313,2.03800976715589,-0.9411429311127215,-1.1856806643788769,-0.12081139928034425,1.8059517822325164,0.544306458067775,0.6922611227645955,0.5569456554983313,0.617397717263182,0.26640151776604815,8.159657300537608,2.2159959058719276,0.01211371711130986,0.0001760442136410044,0.0005514504591144763,0.0,1.1151777977538337e-05,0.011689667333660432,245,0,0->0,0,0,245,0.2801604033468293,0
True,False,0,True,False,0,8.962727153704506,-5.561351329800118,1.5370139668809282,2.5763902198034083,-0.9223326654709831,-0.7840284300395982,2.1244694249825544,-0.9000990958355485,-1.4745569536567933,-0.6652739789524258,1.6795860401115468,0.060107224905956956,0.1271248296293965,0.030728700098561816,0.6304543409707954,0.2104323508344273,7.9164491830004025,1.2173655479023349,0.012015858326045193,0.00036459500227459425,0.0005599692983530406,0.0,-4.771926646694562e-05,0.01192277466980964,246,0,0->0,0,0,246,0.567011168675187,1
True,False,0,True,False,0,8.847135520959869,-5.182378928072391,1.313361221642741,2.263141662662565,-1.2251317748812998,-0.7137799773050232,2.3503066766664964,-0.9636323840268023,-1.3994971104563196,-1.1597131638521703,1.6049090283983267,-0.30797604418415847,-0.16617081842024412,-0.27953891815508886,0.6057295960323689,0.2417865516636864,7.635503843512159,1.0157935677462877,0.011436105694304307,-0.0004818938464762196,0.0006223876945791525,0.0,0.00012972136437593932,0.010502866810521466,247,0,0->0,0,0,247,0.6159353134098211,1
True,False,0,True,False,0,8.66018463272618,-4.970889513002108,1.3683065347457788,2.358757867638767,-1.1599551160506645,-0.22525232295063663,2.271622695144325,-0.5113930928766233,-1.0902430512730494,-1.3758547139006154,1.369287835559868,-0.5676905963961854,-0.15600071904140628,-0.24330183809168449,0.665298531718801,0.015851682092741504,7.319775526662784,0.9310179820612685,0.010886278814401509,2.9925751838088405e-05,0.0006596373814288331,0.0,8.860965982781816e-05,0.009525676230779613,248,0,0->0,0,0,248,0.6221227011656043,1
True,False,0,True,False,0,8.492360886140439,-4.813960537108032,1.757767976999138,2.7338795980953035,-0.8857841913696666,-0.10252494294450452,2.3262375628389806,-0.3727188611033164,-0.8149509606459739,-1.5438422068917739,1.2035741095441461,-0.8275306682273396,-0.7001901516411693,-1.75510867961447,0.4142096481647519,-0.10453455944662016,7.540816917318671,1.8209494905784989,0.010440242500028184,0.00010379056552947338,0.0007918017590563409,0.0,-0.0007949458393131303,0.009468019937052468,249,0,0->0,0,0,249,0.5691231232619792,1
True,False,0,True,False,0,8.352906545993438,-4.59941432054908,1.810106190254185,3.2532024481373263,-1.1638482525316056,0.3240313800577405,2.2234157987642096,0.10474679046178098,-0.5129092003087153,-1.5109862915174361,1.227707127534504,-1.212416594769615,0.3534302109865655,1.083880885285183,0.23395145951212468,-0.05970765821610653,7.478931084914354,3.2064368361994307,0.01132588781266269,0.0013316816270078306,0.0008025788370888529,0.0,0.00018365528899366018,0.011158292882164973,250,0,0->0,0,0,250,0.23125446705619193,0
True,False,0,True,False,0,8.190925111581091,-4.377132397441868,1.5382519217693045,2.7719820451379498,-1.336341312949437,0.44480227774312087,2.5327272996651344,0.04131896431284884,-0.48872699829530075,-0.9771464223506513,1.1711626529570704,-0.9390949646078514,-0.04485328384727587,-0.2745338291900443,0.06815808202290326,-0.11598971121952863,6.908689878801768,1.7097392741367448,0.011023182525414945,-0.001188350599882251,0.000833178145172301,0.0,7.297269322378494e-06,0.0114270570942098,251,0,0->0,0,0,251,0.501274051285227,1
True,False,0,True,False,0,8.108073490306264,-4.232471049494607,1.2386705690529287,2.597341194359475,-1.4150001715840796,0.42638128343108095,2.55667834082074,0.07803023422799629,0.059974303502055765,-0.5301558788462272,0.918811343850229,-0.4392036499907487,0.0303339485456422,0.5196739826246032,-0.18365999976195868,-0.09160468479180717,6.554712985746418,1.2928108707317594,0.011909042161716869,0.0011885649235496686,0.0008361944984965355,0.0,0.00012572612792663765,0.01163728005351512,252,0,0->0,0,0,252,0.47737806210210926,0
True,False,0,True,False,0,7.969133667611454,-4.208330948071457,1.2475732749668127,2.762400911758687,-1.4043480967139963,0.22358212237944677,2.6981826506971043,0.22070613053354057,0.23803768857025662,0.5848536356410855,0.9337043615675955,-0.2011815475414407,-0.29173315633991237,-0.916939604341795,-0.399939182762075,-0.1354832361642383,6.629461949580264,1.9175371639517198,0.011755508827766971,-0.0010393929702518217,0.0006473675554000032,0.0,-9.669467676317375e-05,0.010148762027807557,253,0,0->0,0,0,253,0.37135941198524847,0
True,False,0,True,False,0,7.630866692255148,-4.537832480158782,1.204806772056882,3.5255611673869356,-1.5555362546383664,0.839598590521666,2.379253777854408,0.6262865085331377,0.8169699176235566,1.916780444775935,1.2816730067996025,-0.22589560438028722,0.8027140568990369,-0.5682731486768582,-0.28016873342592147,-0.4848995972857067,7.3541164553790646,2.2721108775984296,0.011233034805058202,-0.000368940688758871,0.0005409831389370101,0.0,0.0001378045689477891,0.010170818082695468,254,0,0->0,0,0,254,0.22679082040312637,0
True,False,0,True,False,0,7.331539791437207,-4.6870372598434145,1.2474603294040045,3.184130837889919,-1.5972244502216457,0.832721747214327,2.233081521535073,0.7230589598734064,0.7852349713534812,1.9125745593328465,1.2638961194749112,-0.17136143063863282,1.029892291307221,-0.1414237302160465,-0.16414892790685787,-0.3179935296703691,7.08966052459056,0.7363507894977684,0.01069809037506363,-1.2470407285802843e-05,0.0005224051528807316,0.0,0.00023470685417251776,0.010107034941750019,255,0,0->0,0,0,255,0.4592739300632265,0
True,False,0,True,False,0,7.053970665956972,-4.89770045802671,1.2564896499306977,2.6732571583266043,-1.5391196158248435,0.827267264780473,1.9990523549363262,0.6425840656506709,0.512735593701678,1.9989436253994355,1.2409630800155993,-0.1951956530020869,0.3927897382235379,-1.3229596127719565,0.11042093871995888,-0.33276098732068965,6.810410336088034,1.5516094049059403,0.010526955858970972,0.0003638099139019139,0.0004985767722738608,0.0,-6.132710771779466e-05,0.009937041133206696,256,0,0->0,0,0,256,0.22613637142479,0
True,False,0,True,False,0,6.7641419869220165,-4.952713627914166,1.4304053497838813,2.4792850282469105,-1.4752918477759223,0.4772674086866382,1.524420489686489,0.5947856149971464,0.3853764123869474,2.0271811596634963,1.2228450087207205,-0.18313178530934854,0.34226122941140386,-1.391780055527496,0.31435960270463637,-0.47776454140688907,6.498352799781563,0.7722893669587042,0.010014435576826956,-0.00034138576605135737,0.0005932214764982622,0.0,8.628862722220767e-05,0.009926180657087124,257,0,0->0,0,0,257,0.3154464887011767,0
True,False,0,True,False,0,6.554514948166213,-5.057013617033796,1.7680460450978561,2.7582481882311223,-1.5482800597101944,0.23784494535916043,0.9757049539490052,0.6910592679390932,-0.09785230420604103,1.7975503064553804,1.4655006475890118,-0.49598078151669706,0.8166196528404664,0.35524932536283316,0.5511266519469069,-0.44469290275742374,6.46326144498165,2.09688529313258,0.010595634818188407,0.0010937195235054663,0.0006053875607296976,0.0,-0.00029952834447070226,0.010932458769270046,258,0,0->0,0,0,258,0.1068438827493887,0
True,False,0,True,False,0,6.423883896573464,-4.809358396493586,2.0712649127896303,2.4580696401956206,-1.8851653597485631,0.0018012673541243326,0.9032968354681413,0.7413184308528412,-0.2095040269391033,1.4878502603190975,1.593244313283942,-0.7562732907331859,0.9254099322640403,0.8188338380674302,0.6436062745869984,-0.17029060851873587,6.296362861921088,0.9697780931543283,0.010843380605744546,-0.00033345345380531195,0.0005804150625220761,0.0,3.5750945237867336e-05,0.011743447508638002,259,0,0->0,0,0,259,0.24363022557603417,0
True,False,0,True,False,0,6.2725854123380005,-4.839423052369102,2.3955173527127225,1.6603587616936486,-1.4501730740997358,-0.334978446447578,1.0673344802791394,1.034477989360503,-0.40502224203466186,1.606552311754781,1.8754607177681806,-1.097185539890448,0.7423131916205997,0.9710697981397617,0.9332125825732112,-0.32420820121001365,6.188988117982017,1.2622260487632826,0.010591323781840167,-0.0004998026114605182,0.0005800185655751754,0.0,-6.867730661438282e-05,0.010081801127390948,260,0,0->0,0,0,260,0.19382361109055302,0
True,False,0,True,False,0,6.275385051689596,-4.33672474787007,2.982209579910472,1.4288907277278504,-1.5247973804224144,-0.3557720058621999,1.5685123153009592,0.4516770079310976,-0.5380727354246497,1.0391216500184421,2.0672112462587315,-1.0584589861033196,0.2235079747216866,-0.6759892428968773,0.35620612330227686,0.5684889290882384,5.948312457062872,2.395222529964204,0.010615712253483879,0.00027644529554809137,0.0005861710132972626,0.0,0.00011264213251704468,0.009506725146414458,261,0,0->0,0,0,261,0.10236759080509632,0
True,False,0,True,False,0,6.1797918757683465,-4.140931806274728,3.2490115156022243,1.8111929054558789,-1.7822260599449906,-0.552049307552174,1.4979644181730782,0.5775703579793737,-0.7936628243537179,0.9785061086583601,1.9375806372209805,-1.262016872264104,0.0013658219347293097,-1.1470280873977323,0.4352776752459881,0.6827653439525188,6.207904445102794,0.899003998014547,0.011072376362050388,0.0004322756369227968,0.00047112434066086053,0.0,-1.2222162158385778e-05,0.010052219858077988,262,0,0->0,0,0,262,0.4371754720084132,0
True,False,0,True,False,0,6.023094741741716,-3.998685101526198,3.2232793411621348,1.842786148647507,-2.2507560534853677,-0.6178838887904267,1.5657419721859018,0.8025714340291562,-0.9823224007234788,1.051205070142317,1.976952807688113,-1.624337435188429,0.33411369053926016,0.21220372454435021,0.3334507561624496,0.5762518003597903,6.268561638508337,1.5745387497876753,0.010882041989983481,-0.0006469984806334161,0.00033428337551601894,0.0,-0.0008111430874304668,0.010106925902198867,263,0,0->0,0,0,263,0.37856095629823694,0
True,False,0,True,False,0,5.885645799581404,-4.02642710574157,3.1219963785620983,1.8830712560586287,-2.0292875364015464,-0.7350507784451098,1.6997265783753563,0.904901203262099,-0.7030073998422319,1.1193322060393611,2.130997019878413,-1.7930623851015528,1.6346548207661893,3.7153809096273176,0.5264719597833464,0.5622230630121551,7.457309793543969,3.7760707244119045,0.010858821837533773,0.00016711421961719888,0.0002864079468148713,0.0,-0.00022058487452090037,0.010558661121420926,264,0,0->0,0,0,264,0.09206650848006116,0
True,False,0,True,False,0,5.816932080437747,-4.120104295316073,3.0908014643365926,1.8950892444873186,-1.5562581387295262,-0.5262586858067106,1.935174561409228,0.8578886049531841,-0.41958683210895814,1.3551150996197177,2.023125350722418,-1.313090717859875,1.12499815657089,1.749507241985016,0.5659580142229049,0.7104581804402494,6.449224607990411,2.205784058422792,0.011170897642858998,0.00033529595777493336,0.00032764077544804543,0.0,-2.7272473225046015e-06,0.011521959211064943,265,0,0->0,0,0,265,0.15654517096345102,0
True,False,0,True,False,0,5.6287447736701255,-4.179979333536973,2.761447281733964,2.1138290251807432,-1.7549098381028758,-0.49516579297065394,1.9520787560242623,0.886276879254104,-0.5020650936436873,1.3102454523866085,1.8291806901007608,-1.2462777923901263,1.4573002450340278,2.3717199620879668,0.7903287613914634,0.7515302804537441,6.651760394230847,0.9150620784131107,0.011085806529266187,-0.0003971669189180363,0.0003390558287074058,0.0,-5.913530494079146e-05,0.011606260857277416,266,0,0->0,0,0,266,0.39564402460208703,0
True,False,0,True,False,0,5.373392323221703,-4.50431177599056,2.2483944172499193,2.447757729812504,-2.0784277330540673,0.07567095378710051,1.5467908155409755,1.1132132169262048,-0.04323733393655881,1.7204343243774243,1.695323616284096,-0.9063725845474936,1.194891279680725,0.3980724162808261,0.8908699186192442,0.5856711634760867,6.288719908202949,2.388597250695898,0.010554936060640858,-0.0004457793550325176,0.00023033812849022824,0.0,7.545892505859703e-05,0.011606855720149653,267,0,0->0,0,0,267,0.08533569602591497,0
True,False,0,True,False,0,5.224943183596356,-4.520303920343015,2.196700260103068,2.0560945629312313,-2.181679343460555,-0.05540989809582306,1.4465783966267671,1.0807553618474937,-0.28157720095209515,1.8729011792722352,1.4855884433400437,-0.5541606272335433,0.4533269834157063,-1.031856033685759,1.0136163390083865,0.42825733449716624,6.009429617216804,1.7606411498202128,0.010547507418232176,0.0005234418262166467,0.000236141314089893,0.0,-0.00010090493351349629,0.01106564554747108,268,0,0->0,0,0,268,0.16382522971261732,0
True,False,0,True,False,0,5.099620068981505,-4.752945602333077,2.4353193631096444,2.343173748018858,-1.663824729331852,-0.48969747617169,1.2349364809506822,0.8293290293269238,-0.29601414281288535,1.4834195852481695,1.5009782447881184,-0.33512479425324154,0.23711651599086317,-1.26381856872711,1.095742568342493,0.43505101096058524,6.013192737300697,1.0399185102932635,0.010059075516844037,-0.0004810032589794566,0.0003370439445917557,0.0,0.00010850294981678762,0.010312660575204928,269,0,0->0,0,0,269,0.2601680913941488,0
True,False,0,True,False,0,4.8139885827818425,-5.2903241857563685,1.9263246795988698,2.088976106586406,-1.179941103628906,0.06332942618473392,0.8857854591220915,1.0788225082827316,0.08940002701202095,1.2996364570479801,1.797216115479325,-0.31670548755541555,0.8858860926715515,0.03729304591593693,1.0872870671287431,-0.02985740190847526,5.912369941925764,2.004647066011356,0.009578958777487533,8.315162031634696e-06,0.0005004005601266348,0.0,-8.250482888789643e-05,0.009846531684163775,270,0,0->0,0,0,270,0.06466660636774145,0
True,False,0,True,False,0,4.6558688994522015,-5.265665143060865,1.6747664913244493,2.087713123889767,-1.7799246024999555,0.027709210608261668,0.5309431158496304,1.2413673014536393,0.10075659570991435,1.2604778010039726,1.9060372039276896,-0.6291644857352098,1.1105029941998537,0.7149570278499564,1.2034050879581357,0.022384627952610432,6.099810786710519,1.1133304958708392,0.010270266127250807,0.0011714240891197783,0.0005141975441009851,0.0,0.00011627163363802338,0.009541951453662276,271,0,0->0,0,0,271,0.11492369149406802,0
True,False,0,True,False,0,4.535215128685088,-5.083304712200858,1.806002881228325,1.4488434960215186,-2.036687882068246,-0.33032067969300827,0.6347703130791221,1.2312899706441665,-0.30442695673784514,1.3701387247887615,1.9139924918234679,-0.6915910282271233,-0.09086861880807255,-2.4212603391816025,1.3593764462448596,-0.2515369084873862,6.234398454121882,3.4981219621236006,0.00980725249589166,-0.0011543209811224215,0.0005421422011737358,0.0,-0.00030828570047810016,0.009058687408364501,272,0,0->0,0,0,272,0.03650937375467123,0
True,False,0,True,False,0,4.532417003094069,-4.9701308406688,2.0603070859209214,1.8279988967579681,-2.106476780586793,-0.6407459810564886,0.5596770895795374,1.1543405818515564,-0.5418035895238716,1.168494915758586,1.7708840320765173,-0.8100782914198392,-0.8250259870048282,-2.7670498737003277,0.8298214238264296,0.24299438074262103,6.4138973626873454,1.2841785216354844,0.01116405732467592,0.0018198184601434068,0.0005718128106494483,0.1,0.0006204163283665565,0.010834777576940477,273,0,0->0,0,0,273,0.26921302683611964,0
True,False,0,True,False,0,4.511841207515282,-4.967541632400395,2.6171249177511764,2.061256702705471,-1.730269252350602,-0.9292945366583202,0.9090269182187244,0.7597104351730767,-0.21688084147813136,0.9997597947367332,2.4030078181173886,-1.1165141392964248,-0.1839664813154051,-1.3142702165255675,0.1754772616110363,0.994473738815294,6.2956730313155065,2.2381687316416845,0.010620044448441765,-0.0019008177050184143,0.000560490368122804,0.1,-2.03032156895315e-05,0.009384378406519235,274,0,0->0,0,0,274,0.07765106311995337,0
True,False,0,True,False,0,4.3659646406727415,-5.021490879187765,2.2427012194048648,1.9700950072442576,-1.9259893300322979,-0.5827084966819819,0.839960887933144,0.6287432383640363,-0.046300264799545604,1.171130611578732,2.0847600822873558,-1.0239343582992237,-0.8524257881694594,-3.1887147228358192,0.4272110971076877,0.7483790181988192,6.759350515322252,2.1460838111546776,0.010325616109121494,0.00024958453691388376,0.0005068783250062378,0.1,-0.0002681599475948338,0.009467601688969408,275,0,0->0,0,0,275,0.09738682595898654,0
True,False,0,True,False,0,4.2501743524921896,-5.00872194033421,1.8581173087586234,1.6862164655888527,-2.1064783490071117,-0.3757425647721721,0.9312701635531453,0.4866870577999653,-0.0954087453929923,1.4129521288494924,1.7654332183918264,-0.9645385194006701,-1.2728872593125227,-2.952838992085476,0.3142464166367283,0.5861720255178403,6.471164087568798,0.8853671046044582,0.010240020776796742,0.00020883300699551903,0.00044700798786591984,0.1,-3.712053680552524e-06,0.009636858468063298,276,0,0->0,0,0,276,0.21584049675234818,0
True,False,0,True,False,0,4.099123271455021,-5.105106460524812,1.4564450934271749,1.7972372890239976,-2.0375012402450996,-0.274121778365451,1.0155390792852397,0.5606934549284138,0.2779369550555081,1.1871248799851382,1.7454367462717968,-1.0047965904712624,-0.26385399339235055,-0.4411297655575285,0.3482150161539227,0.6254207172631215,5.6258155960257366,2.784845892474243,0.009876838802776473,-0.0002775866416955177,0.0004581587330308993,0.1,-6.335841867394047e-05,0.009704140511882323,277,0,0->0,0,0,277,0.018268366236677918,0
True,False,0,True,False,0,3.8936172473338564,-5.494503682986592,1.448478407129754,2.7081635536659014,-1.9084022419421967,0.3542523907532328,0.5509147493167855,0.3554455075192226,0.480519412625168,1.2334494693043285,2.049817427577668,-0.8154256777796705,0.25554359841975166,-0.09631293029335439,-0.20051663740492584,0.8473052360229837,6.359068568490325,1.6136735801176594,0.009417754009296998,-9.59028194592055e-05,0.0005124377386348568,0.1,3.936896536506796e-05,0.008318103864947017,278,0,0->0,0,0,278,0.04329770374602072,0
True,False,0,True,False,0,3.71636933672931,-5.7030282671974595,1.4945395840686595,2.3741266834820456,-1.4766521458089945,0.15761686691916127,0.267269050709019,-0.10440561665601517,0.20701513673701652,1.427905566941425,1.8513311152117233,-0.34387325713570605,-1.4027192990507404,-4.685093083840019,-0.017800213156335162,0.3795643559045449,7.809394900561268,5.013868309196998,0.008980727775019766,2.2058559202243685e-05,0.0006303226812430737,0.1,-0.00011348647461199325,0.008222024792364236,279,0,0->0,0,0,279,0.008242779275418288,0
True,False,0,True,False,0,3.5706755883023136,-5.593073281072853,1.1705972128920705,1.7777369515882926,-1.7736524691399194,0.2990857989073292,0.25757321801623395,0.07793911629846696,0.022005776645467212,1.2783527028680293,1.8461312521825788,-0.014553427403779958,-0.933693131702905,-3.489242328598669,-0.14559525973486814,0.005895568086637618,6.765824054341497,1.6144906390971814,0.009025696663893376,0.0004819951231508409,0.0006950854653696283,0.1,-3.7976542360456354e-05,0.008793021504999627,280,0,0->0,0,0,280,0.13098413868928185,0
True,False,0,True,False,0,3.5297640693045933,-5.487019170870428,1.0616527856121347,1.609659522789144,-1.523753399316024,0.08477236685964974,0.4054743864405927,-0.033713767751561666,-0.10507789415593463,1.3664100869835238,1.3637305176810601,0.35166235185889555,-1.7608902047824218,-5.015161800362248,0.06735301350197785,0.1931824529889309,7.572673540588033,1.9182279467355312,0.009983128599026808,0.0009124630462598229,0.0006873205454963591,0.1,0.00010575570786738788,0.01002986997388621,281,0,0->0,0,0,281,0.19299028046903113,0
True,False,0,True,False,0,3.3294343933480492,-5.751783436463563,0.7696890598824869,1.6383180775510784,-1.8420666711516471,0.45141817763648984,0.09322324221902056,0.18768725972437278,0.11593655145099771,1.4120671029050094,1.8846693925217983,0.13645278847658032,-0.6818523373839582,-3.2508180134997433,-0.13596530047239477,-0.03319943088187074,6.756722508590297,2.305864509105565,0.009495886289483007,-0.0014446742446772333,0.0007011235207040413,0.1,0.00017642294875748043,0.010027840442697576,282,0,0->0,0,0,282,0.059382804492927176,0
True,False,0,True,False,0,3.240090393997164,-6.102635804208557,1.04071617707208,2.1379942090155675,-1.442785824626986,0.5248774833706688,-0.2147648919982095,0.2496558337890489,-0.531140228377919,1.4460318931142637,1.9029448796430106,-0.18467118283980194,-1.3532993984571768,-3.411232421748427,-0.13115653291212365,0.11996938547424063,7.320046130611397,1.3195090908624223,0.010245958387906713,0.0012373144079675068,0.0005662304132808338,0.0,0.0002778545757851315,0.009050967037308927,283,0,0->0,0,0,283,0.1795697005828149,0
True,False,0,True,False,0,3.1458864762034033,-6.100611893386594,0.9818333356328774,1.633369895206147,-1.513474471257395,0.4631513892995232,0.043433976200680444,0.4053006550187364,-0.7184354643935026,1.4834020352976292,2.306162255642694,-0.6171251825735183,-1.0580041325753615,-2.1802451869073978,-0.27688562384789134,0.30333011145889666,6.8076210308944125,1.5524670882630256,0.009776002555071234,-0.0012200279312591846,0.000491951467827576,0.0,1.6564680470391134e-05,0.00905765389798993,284,0,0->0,0,0,284,0.1008265319081164,0
True,False,0,True,False,0,3.1424146421797268,-5.893473519129936,0.6550313528829727,1.6129995529043593,-1.4425048320770757,0.08063413548164731,0.5317269830278222,0.6445303372787277,-0.7022585372149253,1.0045235500738463,1.9882156091604062,-0.5531632704447972,-1.3989980790842813,-1.3416727113020255,-1.079823363896317,1.104514504567826,6.449679967614428,1.7429869461329623,0.010755794512375811,0.0014497477901400553,0.0005628615496065066,0.1,0.00048438633626851635,0.010563656691242717,285,0,0->0,0,0,285,0.10207566461471079,0
True,False,0,True,False,0,3.0368477207332356,-6.063866446461862,0.208939900046546,1.792951249333563,-1.4355922060213675,0.27816215324641846,0.6047111301741206,0.43725771037366756,-0.6970581516930393,0.8970150092483059,1.9624376891631032,-0.8633516517237807,-0.8081532435022195,0.5993554031389108,-1.0185964422385447,1.2842699960902322,6.482377600397652,2.1494480799921436,0.010865622984449505,-0.0008699634852308829,0.0006480237196271349,0.1,0.00018443397865494735,0.010961301805933535,286,0,0->0,0,0,286,0.040773463996918446,0
True,False,0,True,False,0,2.818072655705094,-6.614780654596586,-0.027794783193748736,2.4846441743726597,-1.4714460236465372,0.9252903773590555,0.3021263084031715,1.1516221452818316,-0.3551332497206066,1.1619452339038085,2.571965147356857,-1.418220709303729,1.0634267164256541,4.7319948873269695,-1.1771478214807167,1.5162189464418345,9.061331694692614,4.840945106638716,0.010354864863703123,-0.0006205865928200754,0.0006681693345242043,0.1,4.300395169741251e-05,0.010768559585520062,287,0,0->0,0,0,287,0.006228082513481056,0
True,False,0,True,False,0,2.696268935749483,-6.960330558160643,-0.40014416364185496,2.9376958002179254,-1.2174234102697752,0.673094832822624,0.0786729987063217,1.8305556815554929,-0.8756807399388833,1.407412280463125,2.502905703898664,-1.8042046009039252,1.558400503925211,7.1574533561431615,-1.0353705351840472,1.667339821644051,11.084394596726735,2.787994908864015,0.01150366386130388,0.0016595571183471384,0.0008139919318777965,0.2,0.00022497371869750326,0.012406735142056452,288,0,0->0,0,0,288,0.0954537464537169,0
True,False,0,True,False,0,2.5943785791063334,-7.120324458047439,-0.9500123432757404,2.1868998847484953,-0.9999825665910894,0.051623905108655416,0.3456870024198778,1.6433696246255343,-0.9722907236296303,1.8743061063148934,1.842456619875904,-1.1821829181150967,-1.3919573834446293,0.01823948551183112,-0.8407576033988525,1.2175813368708837,7.973127173684718,7.899711481380549,0.01103780249591892,-0.0016146603629857165,0.0007580676601035683,0.2,-0.0002194627051309815,0.01248890395597293,289,0,0->0,0,0,289,0.0003869945072535017,0
True,False,0,True,False,0,2.4583400784232876,-7.330249595071433,-2.041764891155524,2.6796994559963974,-1.2609619755284265,-0.4302050988164389,0.018934351223748452,2.198835723483405,-0.9361690097401212,1.7367728500127744,1.5379440960620943,-1.1361851378461418,-0.7168223606217192,3.011875954954596,-1.1363541998209956,1.1820664626305866,9.076191964453695,3.440101526857102,0.012002315100080202,0.0014303739695462423,0.0007841170668935922,0.3,0.00017930522092573543,0.01359663555440468,290,0,0->0,0,0,290,0.036820557705801484,0
True,False,0,True,False,0,2.369636023330885,-7.4979076803917755,-2.58869325902929,2.3643049202345066,-1.1496374445594835,-0.15671119058849148,0.16369048306918704,2.199967779011181,-1.1795925231780005,2.249980988762535,1.188713015548778,-0.8282472959871244,-1.2997922744712938,1.4946264807447884,-0.7789743556813935,1.0772410446179812,8.956347673571589,1.9653915526804493,0.011946343729154795,-0.0010204839750866893,0.0008545294251970532,0.3,-6.22489943786688e-05,0.012687395330884805,291,0,0->0,0,0,291,0.10919804458709773,0
True,False,0,True,False,0,2.2450032840064393,-7.780481720201665,-2.756464551549194,3.0526453972388277,-1.4373566139407592,-0.2734410502516181,-0.587801163690366,2.859941086244737,-0.6720858305708055,2.3877997003117235,0.9418925190159969,-0.28075801754325597,-1.844540679449703,-0.6304569363993117,-0.8467046795167589,0.8911882633354561,9.618231936386268,2.680150959384557,0.011816388911520167,-7.398344670922138e-05,0.0007726687388150552,0.3,-0.00017258002672477894,0.01328607951265724,292,0,0->0,0,0,292,0.11003033970559872,0
True,False,0,True,False,0,2.2155714027815514,-7.861273005858751,-2.676760917462778,2.774747135318597,-1.325919983127443,-0.940344268866756,-0.9399501366414873,3.6102136805625884,-0.8160084441434947,2.2326381183266237,1.3869521239804137,-0.37994873165227244,-0.2045100910741469,4.319038365535313,-0.5591508926130232,0.9465923095159919,10.580638185165466,5.362903692934561,0.011923172583597671,0.00023673848971213218,0.000765454712499664,0.3,-0.0004509072832180388,0.013210086415511933,293,0,0->0,0,0,293,0.015282706341539876,0
True,False,0,True,False,0,2.2653181876546458,-7.295509195731269,-3.184394702732919,2.592440700705814,-2.131175814461628,-1.7914799885658268,-0.7477784874714156,3.0170383107438683,-0.6883226057603641,2.152050190690196,1.0156536631167647,-0.20779677107576375,-0.8504219823474233,1.3221285227784905,-0.49286996318484233,0.9533046871827109,9.433753364001463,3.4595596516535037,0.01260743412472017,0.0005774778690449955,0.0007019733382619555,0.4,-6.823012840696807e-06,0.014331224240809085,294,0,0->0,0,0,294,0.06487149450682708,0
True,False,0,True,False,0,2.345248765740285,-6.938631310274963,-2.8378668194493515,2.031748769228225,-2.428617730030307,-2.135800230291756,-0.4813651044174236,3.382077563387733,-0.7171891751801723,2.0367288249747926,1.3387955379050727,0.2991459488335376,-0.9659097301581232,-0.4142976992977751,-0.7419720669006058,1.0948341766622058,9.1096861223247,2.1131979071554143,0.012034419611542413,-0.0012572760543002569,0.0006708941700372431,0.3,0.0001257081330886282,0.01299862603536078,295,0,0->0,0,0,295,0.36887735401887334,0
True,False,0,True,False,0,2.443932178410036,-6.572773886939316,-2.233826393705098,2.0351062105000173,-2.7681986646446988,-2.427091673095053,-0.45810835369170577,3.324720715461049,-0.2932647636951837,1.5723591012985885,1.8679567361883738,0.15026208830533394,0.5819241412640247,2.6718744606164266,-0.9551794527980195,1.081480011466735,9.130727301375934,3.6573044610270555,0.011632586042682079,0.0001711809443174228,0.0006182145839596346,0.3,3.0243049437031835e-05,0.011899751385768372,296,0,0->0,0,0,296,0.13354512367734558,0
True,False,0,True,False,0,2.453209292014992,-6.50286913980812,-2.2417309773779737,1.471270484752643,-3.219036894656126,-2.844684385855384,-0.8977170307376248,3.1005558577974197,0.5974393251643514,1.0532598811335432,1.9683204105687013,0.9537872163615987,0.23556390713124567,1.28013788062356,-1.4020452124363996,0.5595598763881265,8.862279364738594,2.2785125476004375,0.011074570932496931,-0.00015618154132481313,0.00047022166254706067,0.3,8.578399555510263e-05,0.011811984371305413,297,0,0->0,0,0,297,0.39345223351995334,0
True,False,0,True,False,0,2.476747611569503,-6.466550130233433,-2.196841589058268,1.033001225295266,-3.401262479289244,-2.9335634732895985,-1.114279859710021,2.4805622230168196,0.6628801280769476,0.7053195791850589,2.049468615999804,1.5123680353125173,-0.7043503543853837,-1.3931415107988676,-1.3007151045586418,0.517630024417573,8.759308707875325,3.025590072639947,0.010565774193683132,4.921837137134878e-05,0.0006017089704397337,0.2,7.549643384181879e-05,0.010942152423861155,298,0,0->0,0,0,298,0.2597129351239329,0
True,False,0,True,False,0,2.506273398167961,-6.175595549392003,-2.349263015794365,0.8252143344645375,-4.283084412851791,-2.416258774381862,-1.2562342449484798,2.161217279795643,1.5028403470034497,0.6324174274530088,2.446646861322474,1.0434424392160322,1.380272564839856,2.8246422866368763,-1.2517028215171822,0.32477779562206066,9.286820298866635,4.958096113170745,0.010924319782270523,0.0008673423274011896,0.0006157395892832214,0.2,-3.212644481073723e-05,0.011289622503034873,299,0,0->0,0,0,299,0.028577174916213737,0
True,False,0,True,False,0,2.461484944207523,-6.449397146526971,-2.3971831213068397,0.21028241722306412,-3.7672374608015193,-2.7226410336835687,-1.1513481640270167,1.7935427484486663,1.6921431390360715,0.34695857053797896,2.4465774148540147,1.1740998956606299,-0.63440386006426,-1.9769521008392013,-1.2310980182299327,0.009607395222034631,8.89126102162821,5.320897021856941,0.010470458910179293,-0.0008124064606786201,0.0007034140307694809,0.1,4.584413768157422e-05,0.01024523558928259,300,0,0->0,0,0,300,0.022635362365444216,0
True,False,0,True,False,0,2.426908760220806,-6.489674690476251,-2.4695979951788143,0.39850097606802454,-4.393310044975347,-1.7622424134156844,-1.5504937741795652,0.9451053744417793,2.044936707247415,0.3894844950973819,2.7677082159932787,0.39702464207697025,0.5563372320587481,2.1235358702235145,-1.4582040629880775,-0.015348982708393785,9.119759274101114,4.6210704541208125,0.010597273290610333,0.0005806752525222697,0.0007367792368685223,0.1,-8.375606861614222e-05,0.00953647246744922,301,0,0->0,0,0,301,0.0096127879860078,0
True,False,0,True,False,0,2.3872113448688177,-6.656172276792504,-2.2587620110442512,0.4344246520474205,-4.389139263310659,-1.932821511466045,-1.5935954819926084,0.27430775659302503,2.0520005053419283,-0.028401150311393668,3.3985999683933508,-0.5483658453131496,0.4685192309666612,2.6127167163952585,-1.6819139815129236,0.010164645015145983,9.515242639795787,1.523205285040554,0.01008213050683908,-0.0006419571642022944,0.000818235264574417,0.1,-0.00019359988256129664,0.009392965179279778,302,0,0->0,0,0,302,0.08941868905172116,0
True,False,0,True,False,0,2.442376190392012,-6.240059411600248,-2.4433045977036754,-0.72294443927113,-4.874446741411971,-1.321524349993472,-0.9801625791723351,-0.8475561407307413,1.3325999753710278,-0.23685496567528044,3.127851927784765,-0.5551933651329389,-2.101366569263682,-3.560949068420082,-1.764984343554989,-0.19117250790189785,9.700805985686054,7.013849098041617,0.009945229053541407,0.0003782413304735822,0.0008596555888630639,0.1,-8.633047878819043e-05,0.009306020661336303,303,0,0->0,0,0,303,0.0020358448278437946,0
True,False,0,True,False,0,2.4330482152923723,-6.273935229817261,-2.2106114016722125,-0.8245530804902665,-4.36086414007067,-1.3231861171202735,-0.8328180013759207,-1.5720607524685812,1.4273117086519234,-0.11485216403113217,3.2697717700213347,-1.1793815861775236,-2.012629298489563,-2.016088351532375,-1.696045188182938,-0.3191286236108307,9.112961653799802,1.930101995743818,0.0095775680429667,-0.0002307595572770358,0.000755178695056134,0.0,-6.151169195599965e-05,0.006658364868515108,304,0,0->0,0,0,304,0.057044073793950774,0
True,False,0,True,False,0,2.4173143672743356,-6.25138191514882,-2.094538605750528,-0.9693808093536592,-4.186514092354123,-0.7391315803579309,-0.7535591951654939,-1.8423914479707761,0.7411104489903115,0.08045776735433771,2.988353609655404,-0.9224096835332355,-2.895561455840993,-4.052412713830017,-1.6565728608664563,-0.4566600735203492,9.679048005315533,2.4671826848497305,0.009130307409350846,-7.95996230411461e-05,0.0007391405703438581,0.0,-0.0003084523324351227,0.0066456531919706465,305,0,0->0,0,0,305,0.08095716039083592,0
True,False,0,True,False,0,2.3684248352383976,-6.186806769999957,-2.0171709597801524,-1.2041427892759446,-3.9731501119453205,0.15343867661384925,-0.7253380959354232,-2.2886601850267985,0.1887345535179801,0.35928581186213865,3.0350651851197643,-0.8682778596482686,-1.854598732298598,-1.1441331024824015,-1.7359700863435068,-0.5931447999360602,8.560639952246909,3.326322183274081,0.008690332075265773,7.285299530781358e-06,0.0007785383486644803,0.0,5.4098476154141976e-05,0.006639637516360102,306,0,0->0,0,0,306,0.014303116285516665,0
True,False,0,True,False,0,2.370925716971147,-6.009269913895942,-1.5684766940330834,-1.6327726709487091,-3.381709899682311,0.7226397788535014,-0.4078021180155448,-2.2279758078759113,0.03613705890868334,1.0291327111960045,2.6306736156229573,-0.28273972475759784,-2.427773889768803,-3.348386554122197,-1.950510066852629,-1.1383989320668924,8.849063569994245,2.7755791547868407,0.008282014959352237,3.165821817153677e-05,0.0008858715429409802,0.0,7.353601935980968e-05,0.006700772513960337,307,0,0->0,0,0,307,0.06985019413537724,0
True,False,0,True,False,0,2.379610769631934,-5.749703877753831,-1.277302558206276,-2.059656040142534,-2.8997597642553785,1.4612991108471232,-0.19991935019444615,-1.9421043925223112,-0.1042120726954489,1.0393195339662924,2.7184280077808016,0.03521968046230394,-0.7731892753292424,0.2603351666108608,-1.9926308203187337,-1.4085869021930602,7.6500844509733295,4.147431984553169,0.008075116645376697,0.00020141880193799526,0.0009979756556657254,0.0,-0.0003106226729141931,0.006891646117088421,308,0,0->0,0,0,308,0.012452647559001398,0
True,False,0,True,False,0,2.4193905342240187,-5.356032114266924,-0.7274769765749195,-2.050222835272547,-2.613088863209983,1.2583344332050563,-0.12157023830177341,-2.0271390348286036,-0.67991230479979,1.5114259968340438,2.017481495876742,0.7554969503300994,-2.264138899363482,-3.523735584526726,-1.8731831226382847,-1.4034130714583841,8.16625055611922,4.326263834049531,0.008482206023055027,0.0006139876916538712,0.000928130158305151,0.0,0.0001530474853205597,0.00667364174177664,309,0,0->0,0,0,309,0.047137900970651646,0
True,False,0,True,False,0,2.4067141453098686,-5.079235885754381,-0.4482596703888414,-2.414374260552835,-2.3685306113799545,1.6067056359646608,0.4332576608498701,-0.9665055641429651,-0.96768760294124,1.4630429775353468,2.4301611050290144,0.5019727696023681,-0.4884660973766693,0.4414369449310881,-2.064544571994967,-1.2153873810479974,6.862187195699483,4.600935606946215,0.00819827455033929,-0.0006910208503940682,0.0008963838169838105,0.0,-0.0003930046449419867,0.006791862057531885,310,0,0->0,0,0,310,0.028142642737770927,0
True,False,0,True,False,0,2.3811736363205167,-4.831757798109078,0.17003165494833655,-2.244921269175213,-1.8110080720043062,1.9434466139534956,0.4893652797377334,-0.742085052994982,-1.3037935778826175,1.4863758756206493,2.237404073204799,0.5335825910790799,-0.491646362803348,-0.1790445421225295,-1.881129903981065,-1.3959947016664975,6.506706961751157,1.246422135093844,0.007814078467308219,-0.00010026461031533394,0.0008098240764885744,0.0,-8.79360675003259e-05,0.005436132285255227,311,0,0->0,0,0,311,0.45286863069678773,0
True,False,0,True,False,0,2.3814991199172817,-4.492384488681282,0.5227905308096646,-2.805887434951966,-0.9479879662527407,1.9140504689430264,1.147097203557651,-0.40273587881540157,-1.0853314693816671,1.1267083104598319,2.4749292592767405,0.24290095995738575,0.27161098667603123,1.8625520119336798,-2.160777655525631,-1.181546521669689,6.638756135553913,2.653413429438338,0.007445141937357378,1.5259553080231025e-05,0.0007849254225211887,0.0,9.493106695514578e-05,0.005353062205555859,312,0,0->0,0,0,312,0.2360974605077375,0
True,False,0,True,False,0,2.3142908215499065,-4.169098541463571,0.8898282195498747,-2.523958723559708,-0.6837988392669999,1.687260795565324,1.1237122687443404,-0.10681055887679408,-1.5504466344308723,0.6655415533599305,2.214801753888901,0.14915416402276988,-0.14254898487336087,0.6465461429255849,-2.1634198190357514,-1.3563279135214932,5.999316442654972,1.6488769723990557,0.007110331166701884,3.412575929534652e-05,0.000741381492470299,0.0,-0.0001267933677320957,0.004893745063147492,313,0,0->0,0,0,313,0.6147248320543032,1
True,False,0,True,False,0,2.2888945426450777,-3.825880699368729,1.17014923465073,-2.504247059590041,-0.36491425935696054,1.5207220946372182,1.192748274077765,0.2851078337082124,-1.1763014532745844,0.5289237973238945,1.8087028943769008,0.019034451620747548,-0.3706141732790461,0.5991294209053313,-2.0770511831134484,-1.4873963829934433,5.5648587286863975,0.9511032550453739,0.007103901469798189,0.0003283810737517989,0.0006697510566705179,0.0,-0.0008188060105809858,0.005221486010355979,314,0,0->0,0,0,314,0.7629367928185566,1
True,False,0,True,False,0,2.2027973927489026,-3.5245724012206967,1.5031589397018394,-2.5923925877085465,0.12622056375067559,1.3366540735028578,1.3959019558675698,0.7617284846424471,-1.1170577133642507,0.25214154876246114,1.6797065700590907,-0.3057109449039997,-0.515917461017081,0.26249235440393426,-2.1372836234466868,-1.6834584163033635,5.576364149113097,1.0672962604482006,0.006757686689858272,-0.00033978508303622243,0.0006580539326862716,0.0,6.77006104076389e-05,0.005124673471108522,315,0,0->0,0,0,315,0.8559810588942327,1
True,False,0,True,False,0,2.1305320818404225,-3.193308407128479,1.9732853453196717,-2.5839046680768756,0.7619158394989721,0.8763295671924095,1.546416597887324,0.7491087258060324,-1.1052573554432816,0.2642209437965019,1.536728755385243,-0.3932606873618409,-0.834788014462105,-0.9099453491573111,-2.0635428116063825,-1.8368154692800858,5.652059250413263,1.5838268548724632,0.006427843238723563,1.6371328805209022e-05,0.0007037232567593918,0.0,4.5241019614489404e-05,0.0051247834380461635,316,0,0->0,0,0,316,0.867328942757899,1
True,False,0,True,False,0,2.164564043006763,-2.878666061963585,2.2824496198059743,-2.5505114580426946,1.0398210906930776,0.5525679628291273,1.6141326170278647,1.1130961113788562,-0.9054775525624603,0.4356409200177264,1.3837241663164412,-0.7373385345574279,-0.8270948937677901,0.424468458259439,-1.8733729482231847,-1.3952785690604648,5.414315623100747,1.6549671803002968,0.007981024264034912,0.0018830244764460567,0.0006757505240341425,0.0,0.0006568135732432099,0.007376913276224074,317,0,0->0,0,0,317,0.7832214074858578,1
True,False,0,True,False,0,2.124681060949706,-2.4665954583665033,2.5535693060308478,-2.502300908990429,0.8238557185177217,0.09595351106706086,1.6860422909403663,1.2595637188961588,-0.8617320828946989,0.610245652392972,1.1686413594196747,-0.9080115240299316,-1.3029365714223728,-0.3028580800088905,-1.9547020768571233,-1.130079947115358,5.387244436400453,1.21208449798143,0.007670822665023745,-0.001863382624322515,0.0006518190700891473,0.0,-3.830474406110902e-05,0.007384800303497914,318,0,0->0,0,0,318,0.8837898896818029,1
True,False,0,True,False,0,2.1552217379898475,-2.4194934850126972,2.3596433830987444,-2.3075127039005907,1.1883444824146239,-0.5628094201603985,1.6257703538455126,1.3562019252305277,-0.6015928558668029,1.1351010232744982,0.6073020041304139,-0.9200682602732576,-1.9618731597312493,0.9446829343326812,-2.261569157977706,-0.6611637441723854,5.585307066544721,1.9030218023890264,0.009587431753104473,0.0022268106870918947,0.000887957953198422,0.1,0.0006080752820291765,0.008899894233242986,319,0,0->0,0,0,319,0.7241052314285574,1
True,False,0,True,False,0,2.1410590524435453,-2.381165656340715,2.651339495832618,-1.9116460225554228,1.4012708561651002,-0.6816844498463558,1.6607336375624322,1.410734408054535,-0.35041485005433487,1.5288125542886561,0.27288711066540755,-0.9872678391724896,-2.1593632504550566,0.23258666715834656,-1.9537727857074565,-0.4991481226908695,5.591832808988006,1.1439629166130518,0.009392925087494317,-0.0021111157536908842,0.0010428107038112967,0.1,4.125359051397517e-05,0.009266215599996686,320,0,0->0,0,0,320,0.8059563140339745,1
True,False,0,True,False,0,2.115036918181459,-2.3814711244357962,2.9163728786291507,-1.6257651185854327,1.924458269658574,-1.294352129216884,1.7845080584517876,1.179802063542364,-0.4239139656228609,1.770814633804977,0.2890680569295241,-0.8669855100315685,-2.2376820695060973,-1.2955855873207902,-1.2808214425308775,-0.35553678805529026,5.89874933857538,1.940106499841373,0.008972755978013894,-0.00022566244387026667,0.001115160660874726,0.1,-0.00027803313887381307,0.009228822948896855,321,0,0->0,0,0,321,0.671881396641512,1
True,False,0,True,False,0,2.092976528584645,-2.2764785683083675,2.9156330706470603,-1.1784538163583944,1.7043700828264559,-1.2199551603930188,1.5544932853165976,1.3595765696072104,0.04641580348659278,2.1081890473386804,0.025362067472693844,-0.6896475535589073,-1.351039604466522,1.2260796186154732,-1.3576553916900957,-0.24465426761398348,5.48369267207118,2.8195650871924682,0.00936264307790126,0.0008100562093677887,0.0012003691439358252,0.1,0.0001753760016645527,0.009936652207634731,322,0,0->0,0,0,322,0.3236419102071973,0
True,False,0,True,False,0,2.0383312211748716,-2.100679582658103,2.8901550788669628,-0.9641877332267685,1.459771263078749,-1.9954828834625906,1.6081104088943652,1.244235600348919,-0.3546470751377367,2.072280859230311,0.10534231964967349,-0.4093324587027913,-1.305847050989645,0.9426482018948976,-1.4818469738677515,-0.12962862727696295,5.433578289384282,1.05643033279237,0.00916214713947934,-0.0005903830383092862,0.0011997824785437072,0.1,1.1302811395563078e-05,0.010113524566495617,323,0,0->0,0,0,323,0.814578609709324,1
True,False,0,True,False,0,1.9924498720424526,-1.9920445514953355,2.927841966235533,-0.5782285517826568,1.361230724317342,-2.586584993202022,1.479200287005515,1.1773969372206101,-0.39217112342538585,2.1195571023583892,0.15329800480685898,0.04250627819843024,-0.8638456574894903,1.2394450237917265,-1.4335456306852814,-0.024371352696770796,5.5174865691928145,1.0254050009452178,0.008944686312763782,-1.696488829363782e-05,0.0011457774776703832,0.1,-2.4815436372517194e-05,0.010198016291652932,324,0,0->0,0,0,324,0.8558770709973329,1
True,False,0,True,False,0,1.996298236983227,-2.0473626837876995,2.9429895373126844,0.12508876292163504,1.4611028115012865,-3.0757628937100985,1.24709081429881,1.2050078527288899,-0.7185109224968499,2.115367506171195,0.17917438179554085,0.040374110361766184,-0.8138642193678695,1.1922946782096882,-1.3733742816091907,0.15063780918092268,5.750096766454606,0.9736660974382968,0.010321144119562102,0.0015939186335138782,0.0011231779015724644,0.2,0.0006633619855417831,0.012014177399388986,325,0,0->0,0,0,325,0.8751131578065346,1
True,False,0,True,False,0,1.9695214685154974,-1.9704655822176198,2.958225752932061,0.32900850011299776,1.048090693351612,-3.6922151903323224,1.0834900619228927,1.1831974190052712,-0.8813287634541622,1.7785814079122568,0.6210136070343443,0.2257368164323985,-0.3357268493430298,1.302737967841787,-1.5575431853345603,0.19115578405770353,5.920690796997788,1.1279040833736729,0.00981863519040094,-0.0018789667359594819,0.0007982095989732094,0.2,3.5705017753514395e-05,0.012009947251812026,326,0,0->0,0,0,326,0.9147691342288968,1
True,False,0,True,False,0,1.9510207850854928,-1.8428486948048877,2.919270116125924,0.37124802711361676,0.6887688439026558,-3.8198480058962536,1.024645650339715,1.0059517314968867,-1.0705224079457825,1.6239905386177216,0.7153370332175444,0.43365742345570263,-0.5438110239383378,-0.29704667008249347,-1.3796941521538595,0.12011452031675189,5.698594250331176,1.717940220405086,0.00946659293438722,0.0001504666731474407,0.0006937973556439156,0.2,-0.00013995767374567428,0.010787537798669911,327,0,0->0,0,0,327,0.8858702755676957,1
True,False,0,True,False,0,1.938603380677283,-1.7495791660494067,2.9412225540803623,0.6946665830924199,0.05771139600035453,-4.075203216112358,0.5691414297979224,0.951203287019055,-1.0531886385823739,0.8525487545186801,1.0033679790875067,0.6060659455681772,-0.14990157904553464,0.15841721136737325,-1.5676171363342588,0.12333576239446117,5.691820756616454,1.3761914744709773,0.009101949912933277,-1.2600765440221387e-05,0.00042141492487811263,0.2,-1.0347376036549082e-05,0.010656096527366059,328,0,0->0,0,0,328,0.9340132495489125,1
True,False,0,True,False,0,1.9118431850001447,-1.6698201746910055,2.999668362684173,1.0694729951531976,-0.36545049187391626,-4.217269265344748,0.26109503631064696,1.003360691265604,-1.0240402700789288,0.6410550420396495,1.0050158255228248,0.8265356403016572,-0.08755921614887897,-0.15901769781733985,-1.6473056862678046,0.11381775282885902,5.8980509854240655,0.8081560824915308,0.008688228006457802,-4.9078885021532764e-05,0.0004728741956792085,0.1,-0.00012523434389323865,0.008689514485285458,329,0,0->0,0,0,329,0.9763941785373758,1
True,False,0,True,False,0,1.902536606548324,-1.6431549706023718,3.362992139488496,1.5794440386147461,-0.6316219351551375,-3.88051539249096,-0.17836804576592435,0.6999613552908474,-0.7370258987560818,0.25833389560753633,0.9711265307143084,0.7362792279647199,-0.2199066244959136,-0.6737466813211112,-1.4991125315600184,-0.09748820371080874,5.884124359374688,1.203961068315703,0.008280986902286657,6.480802304330291e-06,0.0005744689290700887,0.1,3.951362616868258e-05,0.008152017949352657,330,0,0->0,0,0,330,0.9572170352099765,1
True,False,0,True,False,0,1.8386037988236867,-1.5178017271012758,3.2160461852908084,1.4684376998224902,-0.9970747308814121,-3.644010189236969,-0.29505758111105473,0.4774431807976541,-0.6856902574675079,-0.28142658902020584,1.0898787355378423,0.5290761038768729,-0.33165647640594087,-0.7857454759403653,-1.419432524591607,-0.08993029053029807,5.6665388814865,0.8299321282795633,0.007934424942468194,6.067914435268183e-05,0.0007021578086458656,0.1,2.793722712604238e-06,0.008275132392052085,331,0,0->0,0,0,331,0.9569820554184928,1
True,False,0,True,False,0,1.791035586585227,-1.3982405475198905,3.2570661585625986,1.5808980682486813,-1.4067500266676307,-2.921061855460711,-0.4941831129425086,0.19329697528610348,-0.2583071354184462,-0.5082870354727486,1.1295373642282358,-0.025924725501506807,0.010087209531758451,0.38149473937659645,-1.2232193530247535,-0.23911960085516532,5.289934938063727,1.7104040507241967,0.007859297917716395,0.00027143493506666394,0.0007962461891981523,0.1,-0.00012302639173049964,0.007723970550605419,332,0,0->0,0,0,332,0.7783401071376317,1
True,False,0,True,False,0,1.7513990814775964,-1.2221068282453629,3.135159394242392,1.7676681995603412,-1.847455863534708,-2.6552827689147778,-0.5572145672475776,-0.12593104328991606,-0.2635340687740703,-0.8299912462762529,0.9460041844510348,-0.5490503303862853,-0.4127356026885035,0.2422864968164325,-1.1345810059131614,-0.25252958597839015,5.324172771219779,1.034475000454788,0.008327580399475464,0.0005434095065108679,0.0008159422880969367,0.1,-3.528825617106664e-05,0.00819628541829801,333,0,0->0,0,0,333,0.8420585657211218,1
True,False,0,True,False,0,1.6834307156403598,-1.1276255768754853,3.2026938008165,2.1260031496546947,-2.331276901321918,-2.364179302854516,-0.7628108088071781,-0.2885774438050095,-0.1516667891745598,-0.7883968242378488,0.841268568584334,-0.8478398370762096,-0.7787040316547087,-0.04348262626735338,-1.3370625993061358,-0.2864604183739615,5.708093629426911,0.9519952790502453,0.008328585243367019,-0.00046727763786751433,0.0008331208769078811,0.1,2.4696499752230316e-05,0.007885541594630945,334,0,0->0,0,0,334,0.8681981023118681,1
True,False,0,True,False,0,1.5923445224802302,-1.1966559310239924,3.123092307746643,2.06923424371897,-2.367059512663927,-1.6281492141286447,-0.6392470812604071,-0.6724753882568949,-0.16825836206692008,-0.5648421239008496,1.0137340095933776,-1.3445863645840022,-0.4304426374201011,1.4955831197369447,-1.3279581238262024,-0.30731693611689265,5.7439598953795254,1.8829678659960432,0.007984655405888682,-0.00034493468136989093,0.0006758820298444515,0.0,-3.531917589758536e-05,0.005977305463133228,335,0,0->0,0,0,335,0.5943481694472078,1
True,False,0,True,False,0,1.526618821874397,-1.0630277544334714,3.0412281579378697,1.9996717314870225,-2.286997506300157,-1.1872645411368385,-0.3104520022189625,-1.0161407866213055,-0.07666563747926466,-0.6750583392460877,0.8982464422545031,-1.3798452879753764,-0.5897714451767188,1.2777796679014675,-1.429405127438092,0.03961684002197208,5.6073207431607,0.8362501614943199,0.007602612209291506,-3.811335911883991e-05,0.0005809308440669335,0.0,3.5296295985667164e-05,0.005974415811590949,336,0,0->0,0,0,336,0.7186845596067621,1
True,False,0,True,False,0,1.4278067426721535,-1.046363221456042,2.7400133960189583,2.03093599846553,-2.4820741542090516,-0.2780933258133749,-0.1909218367220557,-1.2724224218697269,-0.1519375629180534,0.09582850236887303,0.5841321373881974,-1.2863681494898747,-0.8139882155423926,0.2687837619602603,-1.1536534338576026,0.04003114775809088,5.314280826509503,1.7023770084686896,0.008183474970055728,0.0009629059573613985,0.00043113056945942493,0.0,-0.00029093854031013444,0.007028615034214721,337,0,0->0,0,0,337,0.3738558770374349,0
True,False,0,True,False,0,1.3097204005173197,-0.9576247015603864,2.389641513778903,2.0876704975420703,-2.8369790802456913,-0.022830576947563307,0.07915312779950194,-1.599931332399391,-0.232264317169423,0.21889333258028446,0.39412875893521754,-1.283551408098793,-0.9945840814889931,-0.11781899218206714,-1.4019380766315623,0.24960904606843884,5.594505931130727,0.9297680313562524,0.00810456773615901,-0.0006597699946609397,0.0003031657174540014,0.0,-2.934621428171951e-05,0.007301440508871143,338,0,0->0,0,0,338,0.5990761687949316,1
True,False,0,True,False,0,1.0911082642803345,-1.5769393282059752,1.90603265895205,1.8583476169662032,-2.3512181921605846,1.0938808135638023,-0.05739878073518658,-1.4626755282868755,-0.28861769810790644,0.5965675400259408,0.47852652206902646,-0.7885142734396476,-0.7114558570948346,0.34695761120204976,-1.4291875808521244,-0.3207530565033136,5.312588238070488,1.8051411396748311,0.008183106764399014,0.00015744626213672064,0.0002338821631267222,0.0,-0.0008492142289184467,0.007811745964483602,339,0,0->0,0,0,339,0.27584503999834087,0
True,False,0,True,False,0,0.949726042061337,-1.8368317102474017,1.5065166978393423,1.7891406668739673,-2.0926705690951586,1.4494143322271404,0.14330832533227308,-1.4259597558586135,-0.48045816686639553,0.9863448919716892,0.3288575035520692,-0.4331755520126757,-0.8302451853602679,0.00897765074147333,-1.5006710205070948,-0.23226092495234846,5.345487310824475,0.9825963586595711,0.008645155549436815,0.00038350975679779867,0.00029036965782654677,0.0,0.0002005134464708163,0.008664608144034766,340,0,0->0,0,0,340,0.4321808367752395,0
True,False,0,True,False,0,0.7639743283502284,-2.1801420953394794,1.0963284672458604,1.4744034572717086,-1.9111060528922161,1.7340594540785765,0.4412147451037413,-1.0359714674814895,-1.0099599981485718,1.1640188156463351,0.48503716912462275,0.09338036113862876,-0.7717795933334178,-0.7091122855933103,-1.7030672980642503,-0.05481188174105179,5.4996984321547115,1.4069912801984719,0.008230924513181144,-0.0008762798212934731,0.0002849299212643908,0.0,3.859991845518371e-05,0.00866310743130323,341,0,0->0,0,0,341,0.48739565627601067,0
True,False,0,True,False,0,0.5464404811940303,-2.5100188300876036,0.40157424700125716,1.3556518351617677,-2.065952776040651,2.1147979884144585,0.4450226844923992,-0.561532628092761,-1.1965603679385861,1.319046234784963,0.5623178425616087,0.5475890343403282,-0.2076037478655275,-0.4186287517846685,-1.6895553975533408,-0.029012190918083255,5.796899600245974,1.3121072153309208,0.008109107658805044,0.0002924141818795717,0.00026751730847490815,0.0,-0.000126229590724042,0.008546167853830982,342,1,0->1,1,0,342,0.5790574041493266,1
False,True,0,True,False,0,0.30332085631246797,-3.1315904834238357,-0.19345014526470847,1.237543458945678,-1.9839199136076078,2.9801064127800276,0.16306803439032375,-0.10753564914184911,-1.2722602072107763,1.4539085674394827,0.7725163342830396,0.7586150758100118,0.2525397237602131,0.28243384696401724,-1.6421735187157471,-0.04359805543692659,6.456582035469151,1.634892691227919,0.008143378015940617,0.00015608721151167196,0.0002617388928345113,0.0,5.192255176667774e-05,0.008233160122681648,1,0,1->1,1,1,1,0.18732100599505577,0
False,True,0,False,True,0,0.19394345755853573,-3.3604906718901315,-0.2694015871455314,1.0187225153563966,-1.6955847891298135,2.8858394023562712,0.20589590195286564,0.7694258694320806,-1.6720968000496659,1.1659593069687089,0.6643557468018878,0.9987268050785978,-0.32034108249091836,-1.0761529369999574,-1.4976697472956035,0.10171696822666135,6.525670944784574,1.8732361782918028,0.008645007359321858,0.0004673589862456695,0.00030160815586852417,0.1,0.0003144704326414104,0.008863103463846028,2,0,1->1,1,1,2,0.0942183606036144,0
False,True,0,False,True,0,0.012244316935038248,-3.77530736656972,-0.44507603526921896,0.9003055548012469,-1.5191445499375202,2.750942559779391,0.13007076224258327,1.6283698467045216,-1.761770224970741,0.9418726851645877,1.186786729202726,0.7725302824818676,0.6124444799597297,1.311652778334676,-1.5171198650899345,0.13955663624215414,6.840789911704772,2.8281980840955416,0.008346186172481587,-0.0008004505302215137,0.0002967943759003832,0.1,-0.0006729847054215699,0.00888459037827634,3,0,1->1,1,1,3,0.04747550857436233,0
False,True,0,False,True,0,-0.12276829791426402,-4.050818615500037,-0.7028843177449404,0.308345305142592,-1.3443427398852186,2.6864044386478207,0.1724247268133232,2.4665034748826313,-1.3611844261036656,0.2554815368316192,1.2905057136259837,0.6589770279395968,-0.012494623690393903,0.041516940155138626,-1.4189757018229097,-0.15430048177499858,6.805838065642986,2.001257493283103,0.007939030352511667,-0.00010833463312964753,0.000230862294244975,0.1,-0.00010449070885274261,0.008866802860765929,4,0,1->1,1,1,4,0.12667610311725863,0
False,True,0,False,True,0,-0.28002447030562855,-4.296202020477672,-1.2170901508750809,-0.20757861445903064,-1.2798140086897374,2.961637118406601,0.27566660402286447,3.058697611621951,-1.2524894459305382,-0.1775324738480776,1.1975114348646276,0.8119364430325219,-0.2187911566906441,-0.6252967056415341,-1.2114700817973516,-0.28206321504185233,7.276533488496012,1.3545251055632337,0.007752144283573468,0.0002202697510317207,0.0002802953677506209,0.1,2.2161039978568775e-05,0.007831118785811287,5,0,1->1,1,1,5,0.3033699631588441,0
False,True,0,False,True,0,-0.4775853693323176,-4.860269422155957,-1.6464956077511512,-0.027300451248869942,-0.7752023938427862,2.791721023677237,-0.043213453790930126,3.633653769083556,-0.12069406710528863,-0.2112823908385493,1.2354301252391158,0.6211937302116112,-0.21705453320537432,-0.6194664618442732,-1.0725622838216473,-0.4056996797480535,7.640880072768676,1.626159231346978,0.0074829987094703525,-8.225950516491717e-05,0.0003629656477397442,0.1,-1.0016614488935274e-05,0.0069830518406121655,6,0,1->1,1,1,6,0.13715197485385722,0
False,True,0,False,True,0,-0.6291398178848587,-5.1418043626805305,-1.8613416942003822,0.03938744130234634,-0.5975300381116792,2.408266022968427,-0.33310860159533845,3.9805103346641864,0.5929607260409199,-0.8760064769534659,1.4115688586925774,0.30920459642109904,0.29593421659966673,0.9314960645224236,-0.971112930983993,-0.41725469358021133,7.97111564898685,2.072289004815264,0.007118823559800993,-9.502957556624392e-05,0.000486457506575425,0.1,-2.3533366536000397e-06,0.00684537597191652,7,0,1->1,1,1,7,0.06834422246654526,0
False,True,0,False,True,0,-0.7687251798643093,-5.605030637562549,-1.938323492370545,-0.07933422696968032,0.208247379830991,2.0805507269475774,-0.6688179787538162,3.672389967407048,1.8637828007463597,-0.4406406823728703,1.3542123962481778,-0.13408692245712114,-0.32771300022415556,0.36752747750462644,-0.6941714303117943,-0.6269857874476906,8.126612696136025,2.0125621967525134,0.007080125017441431,0.00032547660730979783,0.0005211073250910911,0.1,-9.417649136451121e-05,0.006359203301794471,8,0,1->1,1,1,8,0.014895947649927363,0
False,True,0,False,True,0,-0.8207051740770164,-5.573755140355149,-1.9530072342105669,-0.714957087276589,0.3841774593125968,1.8508769401589207,-0.5803192749000108,3.323072726358531,2.6404546608911788,-0.34492886379909354,1.4018882794320293,-0.6137804185466796,-0.4267405414205393,1.072488544231227,-0.5935868439352905,-0.7620243577651307,8.237528212128263,1.414692938631559,0.006828752930726176,-0.0002126735443556925,0.0006002521116955625,0.1,-5.5164087102648786e-05,0.006352542470342644,9,0,1->1,1,1,9,0.010904474308923245,0
False,True,0,False,True,0,-0.7837900437879604,-5.334399493129216,-1.6026414981848183,-0.9341931295268182,0.7591891533627902,1.4659168259394966,-0.11937636317822446,2.6586917804670898,3.5192474048811557,-0.5096819814648629,1.6908209706224409,-0.7723843762933844,-0.2493871286443847,0.9972299826726357,-1.2165311622880137,-0.1503662064257724,8.130632544722355,1.6969189454274232,0.006522904371036001,-5.4476472974920864e-05,0.0006952739026670306,0.1,0.00016177939239242923,0.005549688807890047,10,0,1->1,1,1,10,0.004474604336512536,0
False,True,0,False,True,0,-0.7610712397089081,-4.98070240910039,-1.191560042759495,-0.9502400846322542,0.6413482703029788,0.4892884345802022,-0.28112704387481047,1.446931963589652,3.9612342980452016,0.21128604958232294,1.3033837124480423,-0.5606069752621602,-1.4492539339364894,-2.234753247475162,-1.1158962971258102,-0.2294507204713856,7.86692669226073,3.9457521669616633,0.006811800063816018,0.0005947442524701927,0.0007041057845386013,0.1,1.763861728974834e-05,0.005895934000840564,11,0,1->1,1,1,11,0.0004050953066358804,0
False,True,0,False,True,0,-0.7199084960455473,-4.623453246073767,-0.5768114450968209,-0.7504431314490848,0.7575394786271447,0.020037249321700222,-0.22612145680513682,0.5755410133398688,3.914392015011568,0.7436185930977595,1.286758850838112,-0.5001386880172449,-1.10460883261841,-1.4198828440774656,-1.2315066675239783,-0.03216226662138101,7.185319883470137,1.633336560368548,0.006840935846594501,-0.00025975991000153423,0.0005858853305474352,0.0,-2.6434203861363213e-05,0.0053508514490223005,12,0,1->1,1,1,12,0.0018218528346954689,0
False,True,0,False,True,0,-0.7081471768440512,-4.575543724920882,-0.33042253268368255,-1.2038976313879741,1.3414202352637843,-0.1058110473625338,-0.11055146573381434,-0.4417591461719906,3.5413817510100203,1.5648172103176123,1.497205356167536,0.00018443395725533052,-0.02784656457183968,1.3977455641455776,-1.161934421096716,-0.05807536505634756,7.146678140869444,3.4475855462147886,0.006979667239032966,0.00010959560965998188,0.00045156656661192923,0.0,-0.00012197056010052835,0.005772507935994978,13,0,1->1,1,1,13,0.0001701621462303161,0
False,True,0,False,True,0,-0.6663378514951472,-4.382530659505839,-0.09708953505189326,-1.6701436868106454,1.8076557877596062,-0.5820586532410318,0.14006972109798832,-1.1846555626259316,3.4809309346812514,2.32150639241618,1.186768513588548,0.3989906040142015,-0.9779735646349919,-0.5156466411722022,-1.0187421504052645,-0.05754382268420165,7.388160107371274,2.6049358424003226,0.00701465036805079,-0.00010374826342064106,0.0003526267330686898,0.0,-0.00020480742591064225,0.006287045034157362,14,0,1->1,1,1,14,0.00038164051934881204,0
False,True,0,False,True,0,-0.6675156091264429,-4.14663574486794,0.23073488864551758,-1.3962922031903309,1.4928225171733385,-0.791272409315108,-0.05204287391298683,-2.06144893903607,2.378065520838115,2.3963899694829647,1.4271870809035412,0.3927774781163291,-0.8712869349235077,-0.38782648768728095,-0.9494864042983147,0.14134506640968345,6.922676517132586,1.5932696201756684,0.0066977021320358855,-0.00035193136503272864,0.0002634939773728373,0.0,-0.00012153956888251872,0.005998691011271162,15,0,1->1,1,1,15,0.0008244365624405063,0
False,True,0,False,True,0,-0.6408097842548252,-3.838164354301442,0.41979724424031445,-1.2098475304396348,1.2215018411168639,-0.5885291922212486,-0.2314826691937249,-2.5078579414764985,1.737648901366895,2.6537192225316284,0.99845944074349,0.8486738176129647,-1.337564790890434,-1.322425379665388,-0.7650316826993375,0.24392656338014923,6.8274393267255435,1.5861937578901497,0.006976371148653299,0.0005956172526323184,0.00018362919716663487,0.0,5.792016124419631e-06,0.006662548480944724,16,0,1->1,1,1,16,0.0011081066028104482,0
False,True,0,False,True,0,-0.6436861158354323,-3.7235695305055527,0.873963251275891,-0.6648132976800901,1.2181375101823821,-0.8586750472031286,-0.25279620006008446,-2.3408913970154037,0.26442697299915596,1.8065404684128967,1.6066425479529596,0.6845254973694882,-0.288817012159949,1.2755258848945155,-0.8611396219592462,0.5094808800045364,6.175471908724773,3.4397232564668627,0.006807664509327898,-0.0004473756559428147,0.00016548075679954542,0.0,-2.581303387869105e-05,0.006872607364820228,17,0,1->1,1,1,17,0.00038095472449030116,0
False,True,0,False,True,0,-0.6104037536323089,-3.5374700578121003,0.9847333972046155,-0.6625049437970032,1.4128842207420302,-1.2046372333187485,-0.0506143750055082,-2.2248171856167476,-0.781623596636924,1.3978568694225608,1.567850540649143,0.8768999025399821,-0.7290683280387122,0.46906003232309046,-0.703686857523346,0.6768018161336673,6.01415176736362,1.5673977742215404,0.00719733451743527,0.0005583766474327725,0.0001859942960891315,0.0,-0.00016050348431150777,0.007144150188103873,18,0,1->1,1,1,18,0.005042085166429533,0
False,True,0,False,True,0,-0.625871077710872,-3.510444728426442,1.2425783728523423,-0.506440915451154,1.4039581632384797,-1.3098243883964367,-0.024072230398978378,-2.095737348790213,-1.707267809684804,1.1121482824875348,1.9933588355350964,0.8146918270193768,-0.5212459525973893,0.7969100671159067,-0.7800635470631192,0.8736715185324273,6.2979162024742035,1.1995667316634628,0.006852142940960503,-0.0007348615845821378,0.00018559564133828913,0.0,-8.870821628350657e-06,0.006862549017050852,19,0,1->1,1,1,19,0.015185829871509205,0
False,True,0,False,True,0,-0.6462024617967246,-3.3991934967607036,1.3003157733216228,-0.4067950090730849,1.019227021477253,-0.8022903689481935,-0.0686428392792061,-1.6740651843806116,-2.515279062520582,0.35138678135692053,2.283953143119256,0.7244467399183026,-0.11223996981436726,1.1290466564224766,-0.7229116567874309,0.928455816745208,6.244821613313405,1.4898166467750558,0.00656313108676218,5.61797222764426e-05,0.0001774929031021638,0.0,2.054572434913955e-05,0.006955896773609816,20,0,1->1,1,1,20,0.02469427342330759,0
False,True,0,False,True,0,-0.6511856735031588,-3.2501197738960013,1.3873610993974537,-0.030997730670809562,0.6757668060474358,-0.6986212311222748,-0.1318377457899901,-1.0117551594565843,-2.750962510367151,-0.17360266950171624,2.1522644322809468,0.5094768261179986,-0.29427238106772147,0.6935450796122796,-0.7340579859602101,0.9900560447968862,5.929356818368259,1.1678353941983803,0.006946287375051983,0.0006721681424881271,0.00017733955885771539,0.0,0.00014858353650497877,0.006846907385788122,21,0,1->1,1,1,21,0.057331664722478186,0
False,True,0,False,True,0,-0.6765593449464914,-3.221291773571921,1.6027329449353074,0.16190224251921628,0.5866246853563323,-0.9120565627071003,-0.07463285883640666,-0.052652299496154874,-2.5899289733056183,-0.6556254901032912,2.5121296836370677,-0.08170245513950274,0.07729225797662173,1.846669549253807,-1.0225175338690535,1.090670842111767,6.273307117905557,1.8330532656995142,0.006621273671167354,-0.0007081699921744327,0.00019634604886479025,0.0,-0.0004258330045110721,0.006706028270997577,22,0,1->1,1,1,22,0.0616549279256924,0
False,True,0,False,True,0,-0.649854581667619,-3.0907192795520095,1.9987895814505703,0.38349546417140434,0.5666955816792544,-1.0431999902424844,-0.09816560794676514,0.2615006168387942,-2.7818229766786353,-1.0791084046454702,2.542978431005665,-0.19305186464769905,-0.3662628918246361,0.2584491335023416,-0.9613424511695093,1.0765490549191992,6.249633876717145,1.8147194956415065,0.006408485184936092,0.0001122252176533672,0.00023811980300719187,0.0,2.113959949575717e-05,0.006422466364691155,23,0,1->1,1,1,23,0.11804006268674111,0
False,True,0,False,True,0,-0.5211315405147228,-2.4129022017113164,2.9115342064031915,0.46131870356212606,0.3096975641139324,-0.31909295074735455,0.730201723509918,0.8969627639233514,-2.3456019091305236,-0.6773085052393735,2.08833960207422,-0.5866492203552595,-0.16907609889818057,-2.439838647558869,-0.07699828670906349,0.524934135458652,6.272795874388814,3.480643461291241,0.006789985296242297,0.0005942885975374675,0.00022684029501624764,0.0,-1.5729737356105344e-05,0.006776387228125914,24,0,1->1,1,1,24,0.08025769973106064,0
False,True,0,False,True,0,-0.577380806600863,-2.1618046652944263,2.7504731085433782,0.2882428491193215,-0.038165552255487435,-0.41718104240784737,0.8927371845894382,1.3072113599191961,-1.9579336543194643,-0.8746015147310545,2.0081377082879817,-0.9580581306668629,-0.18510325132880742,-2.5150902289756876,-0.01718096244869757,0.5976902447089656,6.105529948246718,0.8920991834372906,0.006551542815896247,-0.0006199425916522559,0.00023761713456174052,0.0,3.170690595308539e-05,0.00679998458304898,25,0,1->1,1,1,25,0.4667511319905268,0
False,True,0,False,True,0,-0.6356355883831905,-2.0156159714566217,3.1342485310012473,0.7492441186738087,-0.20488756910938305,0.03410058435401523,0.7349329376199777,1.5017139914090911,-0.8337381108578373,-0.2122790013114705,1.7996785838372997,-1.2639803353985106,0.4963683469881164,-1.2602739436824135,-0.12588544872331978,0.21113153299016965,5.512539245757525,2.1722102514541786,0.006254051000317519,-5.904933523267781e-05,0.00027520716880550145,0.0,4.718534515138007e-05,0.006194000387260852,26,0,1->1,1,1,26,0.0977934378371265,0
False,True,0,False,True,0,-0.7584732836925555,-2.069030280309484,3.1390176027626233,0.973141973254001,-0.2617487521466584,-0.05445964407781299,0.551693359115224,1.5662750526688436,-0.2604260156856633,-0.2748557098249272,1.9046685995663055,-1.7291824524934645,1.2793593868036919,1.0787733656520386,-0.2137990796663633,-0.026559033411449436,5.722467476519933,2.612546186144414,0.006167518690339407,0.0002109595056006162,0.0003182556034511802,0.0,-7.70648566534196e-05,0.006028273425001939,27,0,1->1,1,1,27,0.04783046740900331,0
False,True,0,False,True,0,-0.8590272339482642,-2.066399419128725,3.1078060581113394,1.1706268673427829,-0.10613820012352027,-0.10728864101292464,0.5836464786993016,1.6907789081132838,0.1263293948040962,-0.16450649485245877,1.5487051908718488,-1.898718487929711,1.1555914145059658,1.1727158479286806,-0.0018014162554367084,-0.24095450301791918,5.6733237491515816,0.7251768480836762,0.006189809032971582,0.0001088226526102876,0.0002773679752434848,0.0,-4.7679862842923536e-05,0.005638467166294686,28,0,1->1,1,1,28,0.18792593010706177,0
False,True,0,False,True,0,-0.9884802451438167,-2.164492986143878,2.7635632096234732,0.9685495693651734,0.08422398967914783,-0.13108431849418442,0.6609771619486382,1.519188856410565,0.6493978388169889,0.5691812041696693,1.133350768178422,-1.8139192422098194,-0.13269337308875015,-1.7772175522022617,0.1330056743514102,-0.49190249263198643,5.404843809496835,3.4194278806180614,0.0061433500988391865,-6.874927676457122e-05,0.00027771885367745564,0.0,3.7279117889108936e-05,0.005867433246513766,29,0,1->1,1,1,29,0.012269455318356283,0
False,True,0,False,True,0,-1.11996503559311,-2.132574769396984,2.5088875714364502,0.9414009003537734,-0.07067062140533958,-0.08340964019928822,0.5157074721212181,1.1014265570258515,0.9285141520625443,0.8466327264253065,1.0214437400390899,-1.5893092743419164,0.00564056441097404,-1.2972838513717704,-0.13590477120730185,-0.5540752241504153,4.932137590386767,0.9215783127464451,0.0059253793131574025,-0.00017151185154938835,0.00032200414627070055,0.0,3.675671286255174e-05,0.005960746417685621,30,0,1->1,1,1,30,0.05703651361137511,0
False,True,0,False,True,0,-1.2958039034090456,-2.2728718951231213,2.297189272912472,1.1637011410018365,0.07907719114760674,0.01687239148530427,0.20890252140062354,0.3822075125804566,0.9520355877245541,1.1349227590109934,0.926716935489072,-1.3540239855580838,0.5532062930299634,-0.41998368868667774,0.11153454881186875,-0.6777282903639474,4.611263141601485,1.4431629146973792,0.005646604791422077,-6.08037360535418e-05,0.00033876156576081334,0.0,-0.00037479851467641474,0.005043652505375343,31,0,1->1,1,1,31,0.014254097779869808,0
False,True,0,False,True,0,-1.5004270137644982,-2.5805741288899844,2.0123364067816047,1.530582055417079,0.13173612417571554,0.40471067722261334,-0.3270522797907154,0.13965881268119087,1.2765999659656873,1.806458156237096,0.7169782631352254,-0.9634321973611225,0.15056074031778405,-2.2579724191366664,0.34162789382979436,-0.6546737022096105,5.311861851000129,2.2799599819713645,0.00557551283029186,0.00020768256060510904,0.0003774142909171779,0.0,2.6105679329881636e-05,0.005347579129083189,32,0,1->1,1,1,32,0.004449168679043169,0
False,True,0,False,True,0,-1.5828534691354956,-2.438926595868951,2.372921137531447,1.2151135847337609,0.22865624929679604,-0.1984530869823446,-0.6547379532126526,0.01866571322312395,1.2420672512819955,2.0428656097122224,0.9267274225902552,-0.8044220454947766,0.8429541988738921,-0.9203929220380874,0.5823340944213866,-0.8706714751808703,5.12948125995747,1.8030804674665095,0.005307403130603826,-0.00019701773855781719,0.00045183775179210856,0.0,6.21889167466156e-05,0.005180381448178315,33,0,1->1,1,1,33,0.005496586117572524,0
False,True,0,False,True,0,-1.6084478953024344,-2.1879735633949937,2.675756948004062,0.7549032341434861,0.037991275311748875,-0.4609997993331877,-0.7346928989926853,-0.27403153673236147,0.7172302499961625,2.555831006707774,0.8456721261203147,-0.6904671643167538,0.3895931172859538,-1.892747138907039,0.8641421378084045,-0.937352701103423,5.462212254602611,1.5354146609447472,0.005802620749520079,0.0007633273186042873,0.0003747069502722837,0.0,2.1605160505884253e-05,0.004914929606259486,34,0,1->1,1,1,34,0.010933577958959637,0
False,True,0,False,True,0,-1.5947588919431603,-1.7993193545321953,3.3727912929090897,0.7266775720761957,-0.12958613835836807,-0.5317394787385559,-0.43921657503451234,-0.471417408438699,-0.03072283747664015,2.3111337615007628,1.4270593200748025,-0.9686994416964836,0.8589121152543069,-1.2510711499014577,0.36910521174209115,-0.4818206041880448,5.450397990922821,1.7077942087944025,0.005550167495352819,-0.0007476708730835141,0.0003289986058876454,0.0,0.00017213302798428122,0.004668848886449421,35,0,1->1,1,1,35,0.01801213034278884,0
False,True,0,False,True,0,-1.5839544056020232,-1.416915591868881,3.8658235626115838,0.6567054235135444,-0.2437242450980596,-0.4414963649234005,-0.15733320289398509,-0.7310331609987895,-0.6015916150217471,2.100646529353386,1.711221744598149,-0.9922649755936761,1.289255438385374,-1.1151093139891508,0.2363084629882376,-0.2843414181480984,5.717302473388846,1.1287913237587095,0.00534169874377667,4.398450259111234e-05,0.0003329037763374382,0.0,-5.8849341175830783e-05,0.00468422728438091,36,0,1->1,1,1,36,0.06222473518927663,0
False,True,0,False,True,0,-1.6529117604336132,-1.158543170227614,4.02853366691309,0.7378397224607377,-0.34652669542161413,-0.6590257956906267,-0.16983149695766947,-0.9345698691893025,-0.9350577284401306,1.7753723465375146,1.865682996569318,-1.0730928610973154,1.6831833618515342,-0.5567126835548711,0.11088340494880577,-0.49377184932984486,5.851564389224193,0.9889451441975159,0.0050855364825027624,-4.769350969775939e-05,0.0003620956263233205,0.0,2.5671593371008692e-05,0.004556629577623526,37,0,1->1,1,1,37,0.12548620620489132,0
False,True,0,False,True,0,-1.7189348628093286,-0.9655133214538812,4.041021651647708,0.7281723684533664,-0.17332971220288598,-0.7228258946940155,-0.04847880076795078,-0.9407531196893836,-1.2841730704507852,1.1473712114970993,1.9701510869061114,-0.910782888415407,2.066703954432295,0.5842982848296732,-0.25633144619992126,-0.5009001942353933,5.853030317615064,1.4926881888163461,0.0048719425045321155,4.256828330326083e-05,0.00038561155078663115,0.0,-0.00019492173923663265,0.004241949754917644,38,0,1->1,1,1,38,0.15338807037997876,0
False,True,0,False,True,0,-1.755262634891787,-0.7025903029811696,3.9558660855990526,0.5840110529230538,-0.22317912767844686,-0.5817124110849559,0.1757802056294858,-0.6322124477125354,-1.5535582854421834,1.07117467797808,1.6766892926036099,-0.8997562616223456,1.49798244399465,-0.4714095371565798,-0.13832502428497573,-0.4079111784842742,5.415651952200567,1.3753257632926543,0.0053011722255809236,0.000642823699019455,0.00032233841592200563,0.0,-6.514890748192306e-05,0.004519169648959864,39,0,1->1,1,1,39,0.2066710579599707,0
False,True,0,False,True,0,-1.8042960349354562,-0.6051777023488435,4.053457375891414,0.7367514489249901,-0.1753256909490802,-0.21169185703426863,0.2741103044358692,-0.12201335176288637,-1.6889286974667332,0.8696321980382773,1.4067441508580947,-1.0685932193398295,1.0710937870069606,-0.8120888023037488,-0.10329299158651628,-0.10498187556670224,5.2922017666451415,1.0027635692533996,0.005677149785962938,-5.32521606667934e-05,0.00028867565612763314,0.0,0.000209795662567703,0.005313778376021283,40,0,1->1,1,1,40,0.30189262835031516,0
False,True,0,False,True,0,-1.8542860249091344,-0.4427919735357455,4.219671558228672,0.7729898265012994,-0.2372239619899166,-0.06298713321727234,0.481104124346943,-0.0880838630922705,-1.8762060628292359,0.6051041974804752,1.4486656973292886,-1.3852028041525282,0.5652371612175637,-1.9869132373595197,-0.27258162517976414,-0.02966046132996119,5.738673928247744,1.416062462196131,0.0054000467273221196,-0.0006530806190228333,0.00027708605317764486,0.0,-0.000376586189935075,0.005278465876498779,41,0,1->1,1,1,41,0.37982456054226166,0
False,True,0,False,True,0,-1.8532771977672073,-0.2208344761289594,4.593894699017324,0.969621221912182,-0.2214857508226402,0.07237854631698958,0.6578374675433335,-0.16963752325087256,-1.9564098862016566,0.1805014699655543,1.5576763277972716,-1.8007828430127526,0.6239543934407631,-0.6332698463174797,-0.7413267698136871,0.26186969862088133,5.934607230777345,1.6721992852889096,0.005333730598943381,0.00021078693026208017,0.00026967804959867985,0.0,-6.59682828761045e-05,0.005000452591461688,42,0,1->1,1,1,42,0.3864003746675704,0
False,True,0,False,True,0,-1.9444022568868937,-0.21219086053701522,3.845292846876798,1.0674354732006994,-0.13342356802989272,-0.13029692095732173,0.9020040070597233,0.23058712882284588,-1.9530780184154846,0.01025722854578454,1.0240603677397895,-2.057157977928603,0.1914860292645307,-1.4847497053279735,-0.29107486553807693,0.5920705158014337,5.475259491427819,1.5653289789972227,0.006886108538184381,0.0016186940676197383,0.0005486326936971948,0.1,0.0006253872152219048,0.006719186799324614,43,0,1->1,1,1,43,0.3048744003686129,0
False,True,0,False,True,0,-2.1279629694891296,-0.6515033398044302,3.380449754818819,0.9962384328077113,0.23749081466231428,0.076142285112123,0.9310278369923605,0.7486070584129442,-1.5248777831620302,0.40748910622897466,1.0640751739542866,-2.2274616794524436,0.6254710922265853,-0.565347102854341,-0.17095161892811,0.0989918189111825,5.0020831626161515,1.6000541494878806,0.006605962522043543,-0.0018325239553818378,0.0006442759462311491,0.1,-4.2642371752613355e-05,0.006474758732859971,44,0,1->1,1,1,44,0.17320370325357068,0
False,True,0,False,True,0,-2.2060966554441657,-0.7931070318246795,3.238739242179852,1.1613030907822877,0.42227081622601337,0.13453026712488336,1.0336162601016954,1.0342531362863616,-1.2201853125030513,0.43823160692677743,0.8504812738585045,-2.2162213366166195,0.4376201027415895,-0.08210682374240634,-0.47308456850315345,0.15401585722810565,4.884523353810367,0.8401237938959885,0.0064120218391241135,8.620533322140859e-05,0.0006919550256017863,0.1,-3.458139619836806e-05,0.006574993301045654,45,0,1->1,1,1,45,0.2772503769227807,0
False,True,0,False,True,0,-2.3129261398508447,-0.9889313990203502,2.9243701031257903,1.4948397024459636,0.45361290396750886,0.4329886004905145,1.1355854324197445,1.2603923926491933,-1.2601918230416487,0.8370332837439697,0.7419585102121791,-2.1002404203330585,0.557488311040527,-0.2045293877362285,-0.6448535780706275,0.22782053846144446,4.928498979459863,0.813394236315492,0.0067223774013339494,0.0005042962451292654,0.0007497283654694466,0.1,6.328800937530944e-05,0.007095064680851669,46,0,1->1,1,1,46,0.2916832849508589,0
False,True,0,False,True,0,-2.4825814899778487,-1.3117456479048466,2.446507200953549,1.8280654893272785,0.3530027266222036,0.38886494949864203,0.9229419919683138,1.5801292343988749,-0.8141336648152445,1.3083900344820854,0.7817465149381811,-1.9002242979152892,1.1345563061662793,0.5471055187942891,-0.6991286395796437,0.20552086648449852,4.95690398628499,1.4128137539837442,0.006539824719174101,-0.0004929082443696844,0.0007301531544760161,0.1,-9.864796963574615e-06,0.007060617308742908,47,0,1->1,1,1,47,0.13241744506247283,0
False,True,0,False,True,0,-2.586771942217727,-1.3727943086722965,2.1029773606465927,1.8837051014839612,0.1366811505339342,-0.1694775917009967,0.7579266103515413,1.8695365219485163,-0.49055913207381124,1.276518327832134,0.6503283938496656,-1.4919930245370014,1.6360643961566983,1.3365722614535813,-0.6734950994523615,-0.0007391038032307074,4.96808901958528,1.346412757531971,0.006518824316974985,0.00016155227996073225,0.0006329638207569128,0.1,-4.649051698492508e-05,0.007215926206506878,48,0,1->1,1,1,48,0.17580481185349608,0
False,True,0,False,True,0,-2.7031704036210775,-1.6810915795317294,1.8784646776074023,1.9835142581303231,0.20593087319188352,-0.589793047316712,0.4420478373737593,1.7892735535520503,-0.06873063218345347,1.6607483252672348,0.47432081267381004,-0.6544600179196343,0.9502312771450665,-1.504026017426437,-0.672563873143467,-0.14977075606136214,4.74918920366642,3.1743085705368923,0.0062113590583335165,-0.0002864648564423521,0.0005602490679892752,0.1,6.354872303345176e-05,0.0070707555366092386,49,0,1->1,1,1,49,0.03675993908117157,0
False,True,0,False,True,0,-2.884970932638253,-2.1353286355611485,1.446993685147543,1.9707394083325516,0.32102330177068394,-0.5392842437181492,0.13861457440009858,2.0331278881981554,0.17423989686953428,1.915115032337994,0.5215725810046897,0.009912302441465166,1.0367501088769182,-2.5563083763172876,-0.5621299708114397,-0.2183344602012729,5.3531149983938136,1.5139643147108885,0.005908362150476613,4.468350784565117e-06,0.0005392412721186558,0.1,2.2394740001744143e-06,0.005911058983309142,50,0,1->1,1,1,50,0.16111898068392877,0
False,True,0,False,True,0,-3.1065456557736955,-2.877360376955515,0.945512002836587,2.0187799551736667,0.5281662294727697,-0.22693874436003428,-0.5300424346021076,2.470303054621816,0.5431122359490711,1.8384092251195818,0.9118942378159721,0.39483698676100376,1.7749781996270881,-1.5519435258408396,-0.5221471164047179,-0.3459340212386276,5.71197943093292,1.9095205669322364,0.005924646783698692,0.0003192815410789822,0.00046772406230783867,0.1,-2.458507426395494e-06,0.0063056236514625625,51,0,1->1,1,1,51,0.06894394607027586,0
False,True,0,False,True,0,-3.195751221923105,-2.9197304923544625,0.46211479666231176,1.691077705479355,-0.21272498588255617,-0.9693981806133696,-1.2269576339803172,2.3408312954728734,0.8599596327126915,1.6959999809300967,1.2470186927963567,0.2442059909067045,2.529794788262699,-0.11789681325057592,-0.16688289890274488,-0.2800049699696458,5.7954607849218815,2.2284304219405167,0.00662857590017753,0.0006876444832567587,0.00032645296241447534,0.2,0.0002903837839967863,0.00700205222056788,52,0,1->1,1,1,52,0.02150299683425,0
False,True,0,False,True,0,-3.2594548722073293,-3.002328910506336,0.6080841435115099,1.6275787540548208,-0.6135099838752961,-1.5729252852873385,-1.8004761736461916,2.0201695176117647,0.6158060938073251,1.5255091903035065,1.4171989305181079,-0.18732558468847138,2.13424914977973,-0.4637296634171273,0.1696733584945779,-0.3780478018412557,5.873819608042883,1.3021670363486901,0.006569971445483943,-0.0007625335711724246,0.0002914290001098997,0.1,-1.1805296001675576e-05,0.006101116798664313,53,0,1->1,1,1,53,0.042920529337916645,0
False,True,0,False,True,0,-3.2965288924034546,-3.174428309062999,0.8011771739650319,1.7337376922016403,-0.6556441077277391,-1.8940411768699408,-2.2558507788897004,1.8126387644599593,0.5467442986859247,1.2229941405276135,1.7098063928621934,-0.6578776990007235,2.2071917892484545,0.4922535998445739,0.30721505918512976,-0.2724883934145724,6.275402141726122,1.3369672815571316,0.0064914300585903065,-1.9936932200049703e-05,0.0002847933493100197,0.1,2.7079530523488153e-05,0.006328600551030831,54,0,1->1,1,1,54,0.02987585654854386,0
False,True,0,False,True,0,-3.327671420095146,-3.214909742716798,0.9015109622719508,1.5742048009495406,-0.8295282087269403,-2.4077104271790613,-2.5862897649591288,1.8686340491925908,0.9069187847339761,0.926819438158006,1.799067546218638,-1.2651993439644025,1.7576821318678342,0.17727139698905933,0.5660409054410347,-0.4912203310114781,6.600087209696263,1.2061935328802065,0.006234092021796647,-0.00017879664990002285,0.0002889822237593826,0.1,-3.170584846211126e-05,0.0063776343004808955,55,0,1->1,1,1,55,0.029885225337507284,0
False,True,0,False,True,0,-3.3296703540815886,-2.9946731688807198,0.6744295462239572,1.211156457469605,-1.3939182587926442,-2.473542605716878,-2.6209067146440455,1.1073747335998667,0.5207943964503833,0.5575096815543024,1.6478959257340795,-1.9659749891403444,0.7159359452846991,-1.2486668503999836,0.822507371013763,-0.7044968511412255,6.364512741194,2.272593303789226,0.0064690800437144725,0.0004923260587114849,0.00026527415809994337,0.1,6.9381231530231055e-06,0.005979728623754427,56,0,1->1,1,1,56,0.009770217799334962,0
False,True,0,False,True,0,-3.407110319674357,-3.0142396324783576,0.27523371787039663,0.7914811402191982,-1.9984641178942495,-2.19693443579971,-2.7013179155295077,0.29955076802208974,0.2295658887008476,0.6909953067061602,1.852589325532027,-2.3366322927798198,0.2691316589694916,-1.7056780977452146,0.6862321777958497,-0.8081185609161764,6.537943091131509,1.4705843022647813,0.00616835889091602,-0.0005357091747162776,0.00026166347980570204,0.1,4.906516438366731e-07,0.005947147961293642,57,0,1->1,1,1,57,0.013699893993842829,0
False,True,0,False,True,0,-3.4806874075088587,-3.1436318400604986,-0.2126542484905237,1.3246438880773548,-2.1392121616375084,-1.981444535252065,-2.7819511813103546,0.11336929469523661,-0.5370848782607242,0.899194204115123,1.6815952094196667,-3.1710709644391675,0.5082000974102394,1.0272884140903809,0.5140493216923843,-0.5764236111007128,6.8655644935142845,3.101303034359407,0.006970382798343528,0.00110274506022596,0.00033100630563532516,0.2,1.0960283374118404e-05,0.00706635034184242,58,0,1->1,1,1,58,0.0022726715831950218,0
False,True,0,False,True,0,-3.5961612394816935,-3.3197647915068362,-1.5750945327470718,1.7742585172948317,-1.586057160784666,-1.9099164946458913,-2.1877914055291723,-0.8041649718341836,-0.8183220226753164,1.292850406741623,0.1974259813756221,-3.0860455601373724,-1.807063215253212,-4.506462265489427,1.1391786725648039,-0.35530462381995986,8.26132340267359,6.517308785617612,0.007813481217361893,4.10745115908568e-05,0.0005605084691255828,0.3,0.000401365625386247,0.00820588432354518,59,0,1->1,1,1,59,0.00020498401112879901,0
False,True,0,False,True,0,-3.6289159731793728,-3.273076257656032,-2.030330804699839,2.1920761009257466,-1.6285133430744334,-1.323352485023053,-1.9102438608340866,-0.861092566711117,-0.5670015692404584,1.5511774913470564,0.007458944767918726,-3.0992850263359464,0.0012662063421457568,0.7321009069542646,0.8253777554178167,-0.28153151614064886,6.707906459577762,5.638605151171467,0.007866686528183576,-0.0007898931081966815,0.0006576013049419211,0.3,-7.581013903221624e-05,0.008694512303691998,60,0,1->1,1,1,60,9.165808998298272e-05,0
False,True,0,False,True,0,-3.5888057785367162,-3.0119827123048775,-2.3520853167787346,1.2911783148812424,-1.8427880994542296,-0.6208287624338441,-1.2955505541216454,-1.1758431818319137,-1.3572898796530524,1.804098145082283,-0.19561156193803408,-2.416762895859227,-1.0707087339242207,-2.0396969391018756,0.6238705296966991,-0.4552838250614575,6.536728820010467,3.478459095047425,0.007777475707867725,-0.00014241613113753424,0.0006714644546297068,0.3,-0.00011317672725734852,0.008768833815625958,61,0,1->1,1,1,61,0.0015720425827604634,0
False,True,0,False,True,0,-3.5922698597512612,-2.7560115234933025,-3.2033939610786395,1.8158376757091408,-1.739920204674962,-0.33274725783821146,-0.20784133113114303,-0.7395223140079034,-1.8344128277378402,2.105132269244955,-0.6259582621566606,-2.0932911977769524,-0.40656714936681115,-2.1352640456753464,0.18353216138948733,-0.3605652171825862,6.684587589854545,1.9477612265100854,0.008575559170597873,0.0008872942830459984,0.0008443675422772683,0.3,0.00029042062908949794,0.009161276925444637,62,0,1->1,1,1,62,0.025985084477286167,0
False,True,0,False,True,0,-3.4791059553892394,-2.226606575384185,-2.932469110478961,1.7965956371415694,-2.0486332728146395,-0.4824108532765504,0.0006136378234524654,-0.3242460955866902,-1.9815393044255314,2.0615538552578387,-0.8477118129060663,-1.0785186196882293,-0.4716291882790626,-3.0575523090340875,-0.19682505577107628,-0.4486621671031095,6.5679669160190945,1.6763715747555776,0.0082001196743887,-0.00117352295893932,0.0008882505073821968,0.3,-0.0003006585325853288,0.008644682610784965,63,0,1->1,1,1,63,0.12912259146920657,0
False,True,0,False,True,0,-3.3183572207475054,-1.6563735407703166,-2.4821884731253854,1.5837100122997079,-2.346220899970581,-0.5160899681483218,0.10069266791121624,-0.24677913232270748,-2.265874977426135,1.6833593449984765,-0.6262619014866548,-0.3358597157073318,0.4431453632498551,-1.7627935409136934,-0.1967128887466291,-0.29839513076401364,5.536127312412756,2.0161948190517602,0.00785382024680989,2.9140068630362226e-05,0.0008619290674233859,0.3,7.354278364526956e-05,0.008033307547883084,64,0,1->1,1,1,64,0.10605989076464327,0
False,True,0,False,True,0,-3.14939539842828,-1.327143490402922,-1.8774661536843515,0.7267846924783371,-2.356380475030523,-0.019763826292531164,0.19238994181666916,0.3010747667951499,-1.86289488961124,1.3516067079309668,-0.21072733328750476,0.47957080041930844,1.3271341818738511,-0.5407108409688409,-0.3672717062854835,-0.06347296039737448,4.515999656561933,2.2937296075224234,0.007472426221568091,-3.509459766298795e-05,0.0007598554571848692,0.3,9.939897918970382e-05,0.007993651003917301,65,0,1->1,1,1,65,0.056685686394510264,0
False,True,0,False,True,0,-3.050305945935438,-0.9826143349006243,-1.619260557134577,0.1549619809905077,-2.5428966794555286,0.025339380387496207,0.4637480563224813,1.0409610410792123,-1.617065904595537,0.7791241926116029,0.19594908674648498,0.7188505876345562,2.400510757058613,1.2686850384348858,-0.5137351267876064,0.19637841567997738,4.8736323317418435,2.511153830443708,0.007310767457216499,0.00021973526089020656,0.0006725088992176318,0.3,-2.5733557415307494e-05,0.008244148737395717,66,0,1->1,1,1,66,0.09175266820181742,0
False,True,0,False,True,0,-2.961038925389648,-0.5770982733834182,-1.458319351428629,-0.12241738468031926,-3.08151754693552,-0.1484575845877033,0.369986409239598,1.5022280767377205,-1.0338987231389236,0.2117216140788069,0.07348658358401029,1.1948249856287674,1.9538582438746752,-1.167028293716711,-0.5800825185878802,0.22709214095164307,4.809354386539091,2.803257241678289,0.007316653373199375,0.00016754468033446795,0.00046751829151357916,0.3,-1.2630476868808783e-05,0.008603509676490595,67,0,1->1,1,1,67,0.14426880989759647,0
False,True,0,False,True,0,-2.9071456354661236,-0.3012786657415271,-1.2629232096984142,-0.4124338586032034,-3.6067735322748304,-0.40375712733959407,0.45538774343324784,1.830756794389626,-0.851724519948123,-0.6187225538893875,0.6581695992273847,1.1508105563821327,2.7174803434523835,-0.042145848050344825,-1.0782407391594162,0.4261402561929085,5.545286975285487,1.9648012139900104,0.007024483372481678,-0.0002980559167005733,0.0004581540442781795,0.2,4.721350476050504e-05,0.008059403010192564,68,0,1->1,1,1,68,0.5393522020958901,1
False,True,0,False,True,0,-2.8585630454024455,-0.266765887546955,-1.0155551649795083,-0.8345311900320579,-3.543459199864226,-0.29791664282688507,0.5390923461188688,1.8446390903806091,-0.5429821018388645,-1.210815637222945,0.9010348191911484,0.9583256483086697,2.3342734739127415,-1.1505561102636601,-1.0046063093664976,0.3573161962127735,5.4869751719240565,1.480820126776838,0.006701583879083804,-3.072949268017721e-05,0.0005574244937149679,0.1,-6.991911359598667e-05,0.006284866204512801,69,0,1->1,1,1,69,0.6609731550109743,1
False,True,0,False,True,0,-2.7923812274970423,-0.4035770763507673,-0.7301836618918818,-1.3168507296696432,-2.834491069734208,-0.04996960728543361,0.7440375702700415,2.069716878403189,0.34864469867137377,-1.4720804606288276,1.1609531862508904,0.4287634321552523,2.6973145510380654,0.7020899193316209,-0.8851604252032186,0.28738061859875347,5.327106374320899,2.4059194212600348,0.006677509798411871,0.0002988254127259419,0.0006199133934789229,0.1,-0.0001892737163014845,0.006244377297363708,70,0,1->1,1,1,70,0.22197232997113334,0
False,True,0,False,True,0,-2.792585915263056,-0.27271928575590526,-1.0418110403687992,-1.8343948237864829,-3.1522892227677697,-0.33187687485239,0.8032213108150197,1.6436151546859323,1.190488882427623,-1.8352512647324253,1.1532535391945697,-0.18868974775145045,2.346573636382297,0.6893326407009649,-0.9880203911432033,-0.026631340107971184,5.626320120831733,1.4838760325920741,0.006610405296497593,-4.303042124234602e-05,0.0006679903537324555,0.1,3.608725916010025e-08,0.006432521615257486,71,0,1->1,1,1,71,0.32116816983085095,0
False,True,0,False,True,0,-2.789972693211024,-0.23414729012074734,-1.1106536333177688,-2.124119788769606,-3.3487153674809145,-0.12257094768609748,0.8167316518146216,0.9581607356773404,1.6786942686348734,-1.9502950591586112,1.0798603896381442,-0.9968933462142339,1.5026405208585127,-0.260601088990472,-0.891310212714553,-0.22247970230083722,5.582390577398479,1.7930596185396532,0.006297512501019419,-0.0002457882935638948,0.0005975456967630819,0.0,-6.78265916395299e-05,0.004340754312923753,72,0,1->1,1,1,72,0.14918451894565593,0
False,True,0,False,True,0,-2.779606970512335,-0.2953189435786108,-1.0792603965972531,-2.0821946598664143,-3.2191923622263943,0.4650722873852268,0.8359274875163257,0.8645973628185974,2.3792026627596123,-1.85185290129566,1.0210448621378843,-1.9370544974049526,2.2609142250231393,3.152297969236818,-0.8713838545465493,-0.2875833463648648,6.920999525865268,3.7407319735671076,0.006511026914482381,0.0005264072089411348,0.0004968848660220017,0.0,3.6241527142753284e-05,0.0050518132571441,73,0,1->1,1,1,73,0.019918469933941342,0
False,True,0,False,True,0,-2.750218887602149,-0.5186901973914141,-1.1577093386102253,-2.1643320113132605,-2.152510422674863,0.058353791430850316,1.0993860401992515,0.16873303631009454,2.2213953433204527,-1.0672284384157011,0.5666180223526315,-2.4477273463162534,0.7366572780254704,0.8484928639278044,-0.3309365667187256,-0.09990294944151452,5.148835601069112,3.3145950940706674,0.0073335410292409845,0.000608999701295642,0.00041552294395368685,0.1,0.00022922773012572662,0.0063248917356295035,74,0,1->1,1,1,74,0.0031510234708020048,0
False,True,0,False,True,0,-2.685657679197923,-0.2781451338190546,-0.9625018659826221,-2.084919045737431,-2.3444026720371465,-0.4869180194609726,1.262540409223654,-0.5429703326192775,1.9927027932713253,-0.2621897559379931,0.5670920863033992,-2.8602307155241378,0.1619365299131409,-0.0050391992285231365,-0.29336337747309416,0.35563559719328913,5.125743036390437,1.7640924920625376,0.006980956629545551,-0.001175098514454037,0.0003702575971993355,0.1,-7.097681165611075e-06,0.006268571284988326,75,0,1->1,1,1,75,0.007368746522974171,0
False,True,0,False,True,0,-2.6741637616890377,-0.30390410292401865,-1.0788326435136215,-2.5426539090860474,-2.3731932379652747,-0.03970671577178535,1.2888807665070332,-1.4128549252093643,1.7974884317409765,0.514789223632202,0.5112293197935184,-2.612545166728024,0.14926604757270823,-0.03463285981032192,-0.18831484778074523,0.37052751112135157,5.317300213181325,1.3786357768470339,0.0066632945079446405,3.4922278094522835e-05,0.0003413518786550343,0.1,8.59123132384591e-05,0.006188962969233975,76,0,1->1,1,1,76,0.005532102038058998,0
False,True,0,False,True,0,-2.6527319583874895,-0.3738735698544261,-1.1807196780339375,-2.6628884488700484,-2.114193084272127,0.3708239790003613,1.3092885757070503,-1.7208052112286687,1.6766538494416483,1.3252772931672891,0.3057393503638654,-2.2704384872281085,0.7511224541818455,1.6281235513188983,-0.07691039761513564,0.3863179673078581,5.614206621126634,2.0812169687321114,0.006872715805214758,0.0005270834188710284,0.0002939622056817157,0.1,4.324287007751761e-06,0.006483934408493121,77,0,1->1,1,1,77,0.00197144182474165,0
False,True,0,False,True,0,-2.71902259570538,-0.6632707613778102,-1.910927344770203,-2.2019826087501637,-1.5746882501810502,0.04224707327764865,1.2596706214579914,-1.5097859845034243,0.904030053907043,2.164913018642099,-0.10563825777085827,-1.8855344952991568,1.0871450754589742,1.9334530048910055,0.5063279841728798,0.7037969912407911,5.516800453816947,1.8831403122822021,0.00801797211446767,0.0009358350119827935,0.0004918280593911841,0.2,0.0004916877477834196,0.008104958975616226,78,0,1->1,1,1,78,0.0015364383558224073,0
False,True,0,False,True,0,-2.688814975042115,-0.8853280613016872,-1.598482179583768,-2.1431740838333124,-1.0646517308317873,-0.577542050501885,1.0509932935158488,-1.684093889705087,0.0762914155232177,2.5774825657599725,0.045844402174953815,-1.0505047358733637,0.32647031117954145,-0.6167676206771022,0.5451423168720476,0.7136856579067279,4.803757220576194,3.0868997238320612,0.0076279190219316,-0.0015353094017889809,0.0005419639345170306,0.2,-0.0002672334298763129,0.007973363745991386,79,0,1->1,1,1,79,0.0006280504712663205,0
False,True,0,False,True,0,-2.6596922491765316,-1.0536089571492102,-1.7225502523078358,-2.621942635803026,-0.9023151734475362,-0.1427240795987777,0.972173256243041,-1.6082799980619062,-0.9010455426442601,2.6650559032254146,0.2709082194771448,-0.36008413877501644,0.6008966528361547,-0.27529061626310286,0.6472871849966699,0.6395987381146968,5.051189420350059,1.4829661916299337,0.007544964058169772,0.0003070981287742417,0.0005609415234629898,0.2,3.1133019012053245e-06,0.007685810203632889,80,0,1->1,1,1,80,0.004513711215448389,0
False,True,0,False,True,0,-2.677857704877488,-1.3190086880107716,-2.2653671359592287,-2.643906024231767,-0.5973431218778168,-0.12146641538542152,1.0296225084918147,-0.9033612306743548,-1.8116065786116209,2.8483297023806347,0.2023764520322481,0.22533023203576308,0.8567631077324366,-0.7181908923621975,0.9886821250408526,0.423329914108594,5.563499612426272,1.6107881819998295,0.008143591001059686,0.0006815819066517412,0.0006334825742703616,0.3,0.0004401396895632702,0.008497163614120548,81,0,1->1,1,1,81,0.011427510587487477,0
False,True,0,False,True,0,-2.682377986480292,-1.4205419539183757,-2.5508807899273744,-2.7415205913856555,-0.7032662855855389,-0.7421795107583803,0.9357119353271597,-0.252578209708761,-2.292545358708829,2.4170616596982337,0.4601385016225346,0.9114011454076111,1.238753553011865,-0.8363664491867107,0.8732885781570041,0.4530457713546966,5.8730085833901065,1.4348268046824675,0.007823154355861648,-0.0009190635880879511,0.0005729811125472496,0.3,-0.0002508072387079636,0.008446075726999056,82,0,1->1,1,1,82,0.045654895081346646,0
False,True,0,False,True,0,-2.5993011742742227,-1.525510540361136,-2.2306331611040364,-2.1179931269900965,-0.6338142679072363,-0.9581541096416548,0.5194449134325619,0.212693398780957,-2.3248200916906456,1.3465750800710194,0.41400217198489664,1.2785606770599682,1.5655214262474015,-0.2384862502567705,0.8541345248898972,0.15923249043700874,5.18756896807387,1.668933393515994,0.007886352420399357,0.0003836347097357466,0.0005103537730261565,0.3,-8.485634767834566e-06,0.008004241764067544,83,0,1->1,1,1,83,0.05643173887745834,0
False,True,0,False,True,0,-2.5859281452765157,-1.8575102491674342,-2.187583059414465,-2.306931061095637,-0.3336537948503438,-0.9342160684819357,0.5068352316931735,0.8613067201357997,-2.7213911541100884,0.5823594364352122,0.9918893186415998,1.1915101025761439,1.7397853380017505,0.20066359813219672,0.6660080483480119,0.14657253485533897,5.53973547928815,1.4145949749348625,0.007502219691182259,-0.0004473307937548068,0.0005074073849938776,0.2,-3.790914734347166e-05,0.007569848033891143,84,0,1->1,1,1,84,0.14787686449170734,0
False,True,0,False,True,0,-2.6069709618419044,-2.2530444009012682,-2.4296325835411676,-2.4837384749224456,0.05517893997307288,-0.9845718951028818,0.5621621337962079,1.780066536154446,-2.56435495293463,-0.4676291329159177,1.403910048294673,0.9333033329004669,1.941456660392253,0.8264916881882368,0.616350366678694,0.009221969162529441,6.146205949104066,1.750679163994205,0.007154428510298797,3.634154833363594e-05,0.0004901217631732474,0.2,7.044953797096572e-05,0.0075148615982577605,85,0,1->1,1,1,85,0.20453256578735723,0
False,True,0,False,True,0,-2.6456470048158534,-2.671080807232917,-3.062414695818711,-2.3916067325523245,0.029860351849146698,-1.465939740464487,0.40211806294033936,2.4618104328350747,-2.436054633032673,-1.262849634930735,1.6347329194905031,0.19924108809983038,1.6807392927764229,0.5875989677459552,0.8084093689668167,-0.16733031394040987,6.8302299864271,1.655886606723282,0.007641130637487658,0.0008344933080723224,0.0003858505841159681,0.2,0.0003177322470760604,0.008076770148037291,86,0,1->1,1,1,86,0.3001052710825062,0
False,True,0,False,True,0,-2.6755308585504647,-3.005130090088805,-3.6383430068942695,-2.243978180252081,-0.44672446517234293,-1.826908966983922,-0.06506431847675768,2.479847049243627,-1.6069369687015138,-1.8998010328702686,1.8460513296467858,-0.6148750623065855,1.3644473757264195,0.1641893831761604,0.9652616774001871,-0.0338501092602028,7.198205953367409,1.778849563806997,0.007901609570421169,-0.000226223194255349,0.00028905230040265255,0.2,5.858523300450794e-06,0.008746327328421885,87,0,1->1,1,1,87,0.14051695197396966,0
False,True,0,False,True,0,-2.6142801284138435,-3.330506466802943,-3.2153300953794424,-2.028947927405385,-0.5421803655606554,-1.8008520021540435,-0.20238749565026448,2.6358871745819954,-1.177975199859859,-1.888931258326654,1.961528463258859,-1.1229270646915006,0.3219379169543891,-1.3451149334815171,0.9438528483930582,0.1290221411162268,7.154052771298712,2.057956680279482,0.007532935884536664,-0.0006291526188180168,0.0002746401903110822,0.1,0.00011325305024378115,0.007377483867074571,88,0,1->1,1,1,88,0.07925393915485425,0
False,True,0,False,True,0,-2.5485185466599076,-3.6609851821930204,-3.3836703743209036,-1.8828838989104815,0.18141393029642253,-1.968149213943649,0.002306151911318689,2.91887709139066,-0.16968131392581406,-1.5141404140036216,1.4888332053585713,-1.7902170684678504,-0.44042852420092854,-1.5725997866717834,1.1711108927291365,0.21342855349632708,7.410363345670985,1.831485152795564,0.008268276394886418,0.0011040141962342601,0.0003310817220282632,0.1,6.49765383482952e-05,0.00849571360992431,89,0,1->1,1,1,89,0.04087412916600909,0
False,True,0,False,True,0,-2.5726579946304016,-3.8632820564150783,-3.782368544869212,-1.8245212029740698,0.02342970934445062,-2.643559136563362,-0.23874942045291217,2.8256450746848727,0.9516892596560926,-1.1785879142299598,1.7952160669137807,-2.6487853452699786,0.4525537021124829,1.5139940928237006,1.1340265460336016,0.4678999842418345,8.153963451321347,3.6528753233261813,0.008140314077491688,-0.0008633028277444856,0.0003453602612842426,0.1,-3.288064770873289e-07,0.00864824224704583,90,0,1->1,1,1,90,0.0023689429690444005,0
False,True,0,False,True,0,-2.566754301770131,-3.9334346514514182,-3.9595188620148045,-2.2798590837755106,-0.6154771886905009,-2.7595020999110456,-0.7283231868464216,2.161581749301199,1.4465655741844579,0.006226712302461189,1.5524397193680712,-3.0478691697631835,-0.8133600509256952,-0.4147329084155566,1.592644455289895,0.13110667040004875,8.321723758055738,2.976434199996686,0.007894980737376371,-0.00011737102272058562,0.0003262499962008976,0.0,2.844345722707517e-06,0.0069961162722184025,91,0,1->1,1,1,91,0.0015215049155081315,0
False,True,0,False,True,0,-2.279848421472962,-3.31107516892649,-2.6338453143815315,-2.2325493225883104,-1.3117277311442601,-1.8271783803714317,-0.6072764279994232,1.2346217551004366,2.254048933951583,0.858635918269778,0.5531631554066867,-2.3598365788391122,-1.0507082952517093,-0.7183007540198185,1.8725367353219597,-0.28725468689626305,7.004951557219299,2.7766204692827494,0.007584433601909406,-6.521379535164885e-05,0.00033099680700139443,0.0,-0.00010914141547530704,0.006998811651538886,92,0,1->1,1,1,92,0.0007591141761111062,0
False,True,0,False,True,0,-2.2442640126634825,-3.447937008990379,-2.4237271645884424,-2.1416986843752075,-0.7992085091102262,-2.6131713020091216,-0.7880271179561462,0.6644077766844444,2.350510363068042,1.6055545809507268,0.295866127311074,-1.7909698835480707,-1.88574297773608,-2.958604569246374,1.963265112124562,-0.3325642234060169,7.81465371059065,2.827403151169782,0.0075168861572434366,0.00024299969080099609,0.00033476745578401814,0.0,-2.5400668821600608e-05,0.007358660955397748,93,0,1->1,1,1,93,0.0010444238256441152,0
False,True,0,False,True,0,-2.253687184345829,-3.6504798728249064,-2.4750666613850507,-1.8999528716591105,-0.8073450572745754,-3.0379897683910047,-1.2792743759106802,-0.1306835223846316,2.5192649332176282,2.0483021863741997,0.7941437486165098,-1.325278029748509,0.008572818487156108,1.1270305190612557,1.831361534417167,-0.22294964114571386,7.405655667185621,4.70703022335542,0.007320862662601524,-0.00012847604997594329,0.0003519689488213489,0.0,-0.00018227409168745067,0.0075412487955514975,94,0,1->1,1,1,94,4.645105503702175e-05,0
False,True,0,False,True,0,-2.2195465904990748,-3.620748075720275,-2.707341742662378,-2.048660452676322,-1.1352443467972366,-2.8076270118170426,-1.5727389507684595,-1.120307148934539,2.2169462776390243,2.8189425110371227,0.4305895959266115,-0.08602834846914523,-0.42452588870448515,-1.4324237576094583,1.9000531140387216,-0.35441666013706,7.687841214470289,3.227654536854694,0.007677572559818314,0.0005527333918587023,0.0002972175669382643,0.0,-6.816716669086256e-05,0.008090352401333312,95,0,1->1,1,1,95,0.00021652059662605015,0
False,True,0,False,True,0,-2.2338811110807972,-3.835156459292787,-2.8495799592462787,-2.582733112912713,-1.3881800440030416,-2.014338859599243,-1.645576426164237,-1.6334318491047803,1.0515082982096466,2.9576523609397523,1.2634444881298244,0.6166578657965186,0.5444998915422332,-0.10906569656171826,1.5889316087999303,-0.16733732711200336,7.629179960437341,2.5885344593311097,0.007306793635577798,-0.0007274888214573059,0.0003277942607554906,0.0,0.00011457956052759143,0.006101956279214858,96,0,1->1,1,1,96,0.0003490375311043063,0
False,True,0,False,True,0,-2.283573168892341,-4.20176131075083,-3.295778796090135,-1.880954362955843,-1.1946447046075659,-2.0538775308886135,-1.9226303863827534,-1.429300679262236,0.23683952426765667,3.133549784708645,1.2504055356273382,0.8004808874407652,0.8587750707564882,0.8344989776551591,1.391100860598525,0.07724683816855096,7.846407958997571,1.674076023704953,0.008143457342767974,0.001207442631430692,0.0003512206116923218,0.0,0.0002109608942919474,0.007879757183544889,97,0,1->1,1,1,97,0.0010452092542079393,0
False,True,0,False,True,0,-2.3269516876809657,-4.503305783925255,-3.5406296266581374,-1.4131140182615909,-1.2541213017542125,-2.6799189862812054,-2.3635299909380922,-1.970166884151282,-0.8443976611248021,2.707324016912657,1.3666378359696214,1.2382658791423162,-0.12182521455640588,-2.3698209457755324,1.4205607125130173,0.08501620023394627,8.658940746496828,3.7470135581336192,0.008126506781982944,-0.0008536142679752053,0.00036256549722126494,0.0,-0.0005348898166075726,0.00850726118998369,98,0,1->1,1,1,98,0.0005810763850668637,0
False,True,0,False,True,0,-2.3738381452107555,-4.874811409447104,-4.205944888997215,-1.0894454665187934,-1.5020140696532873,-2.1211684396500075,-2.550290340479796,-1.9395715793356907,-1.9840768594416118,1.8777283377455745,1.9056157295279015,0.6948607605856719,1.2606499349199476,2.4072715333270587,1.161665647135181,0.29767645327058206,9.108668690150646,5.339857122382706,0.008400633220876556,0.00029107699967864144,0.0003834545480874921,0.0,0.00010347793519737032,0.008356257884295957,99,0,1->1,1,1,99,0.00014602144188488697,0
False,True,0,False,True,0,-2.352823001172001,-5.158676197939581,-4.374864697417494,-1.795401199767274,-1.3932712374265732,-1.6192820632122393,-2.2617958714200475,-1.472025209797328,-2.9754098542817635,1.1843537826688024,2.2860557696299715,0.8282717093010199,-0.22888479011636514,-0.9337757189439184,0.9493847152871777,0.5257450004071252,9.065347377932428,4.034588360542053,0.00799376865633787,-0.0006809910034322984,0.0003721136497627368,0.0,9.683800990150076e-05,0.007833485835148292,100,0,1->1,1,1,100,0.0011635294567744054,0
False,True,0,False,True,0,-2.2585980092823674,-5.159154783007307,-4.238344077288642,-1.6295142781647038,-1.2823508977752103,-0.9326125733736306,-1.895081536188204,-0.5612212089971113,-3.0879962658988083,0.3622543520595364,1.8903138568743934,0.648538842013861,-0.2968409880934387,0.28891963056866127,0.9043588779572206,0.4325029426712103,8.459442091552246,1.9724752670403967,0.008169725759366586,0.0005828216675674031,0.00038990290033682194,0.0,-0.0003947417861096935,0.008124549710135223,101,0,1->1,1,1,101,0.011674904197001044,0
False,True,0,False,True,0,-2.2885397001463157,-5.21749012740908,-4.705922736501403,-0.5885124009424074,-1.559061430801886,-0.9726891593425541,-1.8726549346790102,-0.44509127157126427,-3.64150368238558,-0.7583747085166139,1.7834538041858043,-0.3870446182601435,-0.1421414847626741,1.1776771567746147,0.7888141995540484,0.4045084260825884,8.893022736439399,2.207434362058043,0.0087001957537911,0.000354512891395797,0.0004659410984609661,0.1,0.00014976715636403227,0.008548239617046555,102,0,1->1,1,1,102,0.019233896387177218,0
False,True,0,False,True,0,-2.265981488920267,-5.2184999305867255,-4.864146467456303,-0.3252629067247685,-1.6884334636742468,-0.3243529409661242,-1.5791727078650681,0.08630892517192496,-3.863995720779703,-1.512757495919269,1.6352579460529824,-0.9291207142534924,-0.4225806572633488,0.889208652693048,0.5531579527213494,0.3853983652251502,9.02387086495789,1.4326910940786604,0.00874088587621641,-0.000489779871999203,0.0005030084994662507,0.1,0.00013332002547609446,0.008880060978916512,103,0,1->1,1,1,103,0.07925084101993529,0
False,True,0,False,True,0,-2.2845623858828343,-5.474835821148928,-5.029338209255867,-1.0319391177808357,-1.7126374501002357,-0.2370467881866251,-1.547695054850107,0.8578344358452488,-3.852112460971408,-1.5493633851472763,1.6986636733853429,-1.3430905406263085,-1.9554301812845654,-2.457804272174446,0.8992423360553301,-0.013983624366598375,9.906254650447856,3.8994178583219696,0.008319161187478042,-0.00046241481116367916,0.0004349011840527739,0.1,-8.788588108778975e-05,0.008881185603462254,104,0,1->1,1,1,104,0.022870297836905917,0
False,True,0,False,True,0,-2.1682531395062234,-5.468548942505996,-5.103440909919801,-0.7142260093902055,-0.8288851343554653,-0.25920781266438725,-0.4670528889174058,1.7585040273200465,-2.948096173602529,-0.9966666408946742,1.4873745371142029,-2.273388692413098,-1.493830108475624,-1.4473269282330319,0.8773995537667663,0.3684623486372,9.262332248145345,2.5088245602302965,0.009197920004831247,0.001300483506091573,0.0005079505520278293,0.1,-0.00018708686316044193,0.009161551723586576,105,0,1->1,1,1,105,0.03415893908755926,0
False,True,0,False,True,0,-2.107140468754678,-5.02228763248726,-5.184521192043452,-0.5398604061000147,-1.72282113796562,-0.7140621810225926,-0.2975409962260004,2.1200059238014,-2.2528909050485706,-0.8990144259499505,1.5051950977008195,-2.325639829552557,-0.7082920266520285,-0.8018642406934722,0.4642636694058727,0.6748306766096664,8.865965842408444,1.7886929064396353,0.009112553933765912,-0.0009641248884185386,0.0004261012384750366,0.1,-0.0001898689770177351,0.009725173415570732,106,0,1->1,1,1,106,0.06889670054500976,0
False,True,0,False,True,0,-1.8432466833366261,-4.037970429992595,-4.307057034175031,-0.4142451046303794,-2.5044827766184032,-0.37638364772361,0.7071687161221755,2.4022238302284173,-1.8550434829502453,0.2900451616186396,0.8225175022137187,-2.236116200007446,-0.9244027982789722,-2.296180740776454,-0.14438410678702976,0.3278669399577344,8.118710734534705,2.907762571314735,0.009391409285609427,0.0003642214229088482,0.0004909818633080387,0.1,5.5378935046808235e-05,0.010146542374542374,107,0,1->1,1,1,107,0.08693677020362904,0
False,True,0,False,True,0,-1.7375699460631493,-3.6661494070254497,-5.017929031818408,0.4932804484268433,-1.8281556862757053,-0.17123555650902578,2.6472807319069505,2.136005740803483,-0.9978009044824292,1.1165972879699582,0.1857581156147398,-2.7502403695434663,0.8571878035952162,-0.510827956002416,-0.7105133323485705,0.2482934405492527,8.2176121343357,3.8195541839936307,0.010646929124221282,0.0009766644867683413,0.0007762470017276496,0.2,0.00033706613257249336,0.011691311614138169,108,0,1->1,1,1,108,0.05570200917572338,0
False,True,0,False,True,0,-1.511591304329989,-3.139043881768466,-4.104437122454537,0.7043029487147651,-1.3558247987949719,-0.9137716658610276,2.94850113456879,1.9087310283524679,-0.36706825738368326,1.6344610736140783,0.07136578946227887,-2.077190678683758,1.1440006736878818,0.09898843034024801,-0.8927902741544284,0.38558178263545195,7.3645115195512005,1.9398574935734019,0.010376221880416326,-0.001526227082416811,0.0008876770398695985,0.2,-5.903411567065309e-05,0.01090597681205014,109,0,1->1,1,1,109,0.17727186165975425,0
False,True,0,False,True,0,-1.3143109451866652,-2.5073266246356276,-3.4385947416590708,0.3755854150833201,-1.744715226164851,-1.3495203050575393,2.6525691116950876,1.6125078018463936,0.16483767814660152,1.5676087378111154,0.09784226013174431,-1.4304559905574608,1.6239266336249734,0.68382336186746,-0.5857176227050797,0.316597970332216,6.617283295789595,1.6981157947419805,0.009869755756470575,-0.00023575888014079616,0.0008326902961833919,0.2,0.00018210332537974775,0.01077890808485507,110,0,1->1,1,1,110,0.1366080848148551,0
False,True,0,False,True,0,-1.0987532164285405,-1.8495065956020103,-2.6733699992393327,-0.2115394450106706,-2.407021305558243,-1.0368166374752563,2.3268717480507553,1.4923957113780426,0.6459748186640587,1.5223129693174462,-0.33932733653209607,-0.3098917950597462,0.7629611122482508,-1.6260031498585572,-0.7614847272130342,0.42099502423623597,5.93875693594659,3.1408747884195463,0.00938945615785419,2.616652532936789e-05,0.000740720352879555,0.2,0.00010578873562200157,0.010689406254599371,111,0,1->1,1,1,111,0.049999359134564936,0
False,True,0,False,True,0,-0.955981977877001,-1.365804793277032,-2.24924974065406,-0.725960948867087,-2.6989086445636,-1.6100118699979087,2.3814789297076056,1.5330334254886717,1.0546483908601807,1.2341907995124277,-0.032832909596441764,0.06195971176780805,1.7020265003563764,0.3014021317101695,-0.9625818714546702,0.6369569768225976,5.992273646950233,2.5066508129420915,0.008944386446381642,3.522988714383529e-05,0.0007197509810001818,0.1,0.00019798981049341455,0.008837740294510371,112,0,1->1,1,1,112,0.11821882268782741,0
False,True,0,False,True,0,-0.7828281588921144,-0.8890999353715315,-1.6039501640421903,-0.6464994268771643,-2.8525816518776055,-2.3875717717596157,2.4517173455177415,1.3963882897202775,0.785108316529189,1.2049102395173472,0.2644064228113242,0.17356988464241482,2.0653837010056293,0.6144161111047821,-0.9487654149398118,1.1400068027936487,6.221213660957123,1.4104428554695132,0.009027393589605295,0.0005280768546962016,0.000695957963856877,0.1,-1.8178691690622084e-05,0.008017036963500186,113,0,1->1,1,1,113,0.3625334402698981,0
False,True,0,False,True,0,-0.7127723231215544,-0.8333331934652899,-1.49900938073423,-0.546304431915403,-2.898755599551123,-3.1360342315366254,1.9952794094597208,0.9661235975930746,0.42527578508869746,1.1630478040139884,0.4071732657038637,0.11408699904034691,1.6501620312111354,-0.9336019945513573,-0.38978443954262604,0.8416935017958694,6.089628189599192,2.027370928755018,0.009598938247338595,0.0004885375145096474,0.0005770001585414429,0.2,0.00020460211618227985,0.007859321656847924,114,0,1->1,1,1,114,0.20462262084865165,0
False,True,0,False,True,0,-0.6048642655809816,-0.6099626608878959,-1.3157508811619227,-1.1832068460993947,-3.335311835095937,-2.988714651100962,2.007152721556926,0.4651974813174974,0.18111998540103072,1.0992934830591399,0.7508250343902965,-0.08292594982324121,1.0855748853259486,-2.2205678518336747,-0.5074995787155722,1.0219842453921388,6.476126538788748,1.7905607889914936,0.009192759263531521,-0.0009777236415403744,0.0005773577107553815,0.2,0.000241713396373364,0.008025812782656367,115,0,1->1,1,1,115,0.26257181161920445,0
False,True,0,False,True,0,-0.5190330011010357,-0.6208873919617963,-1.6676181750455672,-1.1394347010162187,-3.212700983362418,-2.8774556732519363,2.0289804739331556,0.27113574080095093,0.21293992632352332,0.8829900607361685,0.7157338748167563,-0.5095538492570982,0.9532892221529089,-1.5054127460665627,-0.6790359813116755,1.0225323242997608,6.22094139742843,0.9940699839140534,0.010126274762374926,0.0013396944826504793,0.0005800335697147703,0.3,0.00018868895103377366,0.009091934831335783,116,0,1->1,1,1,116,0.27255284327948026,0
False,True,0,False,True,0,-0.43145911290202543,-0.5721414760916407,-1.579187310385007,-1.388747624060946,-3.3404484140184025,-3.3338429667596507,1.8791569969027604,-0.08171097406766639,0.059959343832197295,0.5694048727441048,1.0906811739652331,-0.5443274373877072,0.48796101363175487,-2.469123667364522,-0.8766707019825745,1.123277357914901,6.810137804954183,1.381879329830378,0.009646540641782645,-0.0014132496194356869,0.0005726490749716608,0.3,0.00010328658500473147,0.009118875264131493,117,0,1->1,1,1,117,0.2866682733856369,0
False,True,0,False,True,0,-0.4916663056298113,-1.0261794616617184,-1.6277711564178945,-1.1065115420359748,-3.484423145824427,-3.3855311402705746,0.9679371362358244,-0.029018485885272553,-0.3861708628467064,0.41352094567942865,1.2177942411301095,-1.1919084865283947,0.7843134489089929,-0.7578814770912294,0.04396143813304694,0.17459820451280567,6.305612609476515,2.563371353942194,0.009206103247283017,3.929672609265418e-05,0.0004759489841755892,0.2,0.0002200207335268968,0.008014567352327652,118,0,1->1,1,1,118,0.06314703752017312,0
False,True,0,False,True,0,-0.43239458552825805,-1.1912957285921049,-1.6356975772858904,-1.4878229099446967,-3.565455978754171,-2.869274335769006,0.9211913870106246,-0.2982701952096068,-0.6515211023708729,0.32303431529705623,1.1941921325399811,-1.0974118466224962,0.10028398537835283,-1.8185000181550435,-0.03898263554242317,0.14466240711873585,6.391243046802494,1.4875065997941843,0.008782365286464458,1.6699433681068715e-05,0.0004284837866947065,0.2,9.828021731763444e-05,0.007890396495916463,119,0,1->1,1,1,119,0.1505219722796857,0
False,True,0,False,True,0,-0.4076167651906381,-1.4460316806450386,-1.8572950492213434,-1.8877263437847924,-3.4385918301947247,-2.5985111961399037,0.9779963066794631,-0.4152636249445191,-0.5474025991106205,0.2533331016418321,1.4527942405928171,-1.274183691641559,0.600589905967908,0.15420454353194699,-0.10132440770775356,0.21474395566002438,6.302819373017346,2.155305888349212,0.00845868558627667,0.00010005826063077053,0.00047815733264547973,0.2,-0.00015387704629921898,0.007971469380556031,120,0,1->1,1,1,120,0.04326035000439887,0
False,True,0,False,True,0,-0.3939890658771229,-1.7403903639798048,-2.0792777146620818,-2.215757688084061,-3.517876116127411,-2.4417407531501722,0.8467581389793413,-1.0174479302935102,-0.7745829746013551,0.15238259139651314,1.557841611497133,-1.2003166897260276,-0.6032012891708592,-2.3759722578074927,-0.1448697600324856,0.229214242298636,7.035353390357072,2.930142089791942,0.00823699795890474,0.00010199207281585791,0.0005678736454672616,0.2,0.0001324570247281916,0.0082191783771804,121,0,1->1,1,1,121,0.026478718413753592,0
False,True,0,False,True,0,-0.36524959181716027,-2.0888637304015782,-1.9231255747061766,-2.0343340576147515,-3.746560915056154,-1.9546146691696762,0.6000634582903601,-1.0296188504957722,-0.29338122292260954,0.033521653567398356,2.1953687638345283,-1.39669501887185,0.823900005306849,1.4322546371402793,-0.41423999005562995,0.46163044513277424,6.947416132323874,4.229258657432293,0.007838071755096838,-0.00017723857643597157,0.0006989638925339089,0.2,-0.00016927266047599317,0.008154157407844876,122,0,1->1,1,1,122,0.0025148635713578274,0
False,True,0,False,True,0,-0.2962811818618723,-2.147142292985896,-1.5801432897504892,-2.1298529785633704,-3.9237001498996205,-0.9091377396321628,0.4884826996875859,-1.3004308787270698,-0.15895933958349484,0.08787835547752824,1.814425269447634,-0.6329461220689637,0.16556045570268152,-0.4261347701375188,-0.3677749700608441,0.3977365884254812,6.403935249315132,2.447002508219434,0.0074956792906445855,5.6533739355649724e-05,0.0008471870605722387,0.2,4.371575119518391e-05,0.007173127964355562,123,0,1->1,1,1,123,0.008952201125820148,0
False,True,0,False,True,0,-0.3169164926929134,-2.5162810449546926,-1.6509675585890065,-2.58124301619361,-3.1437091934900874,-0.7113676129361626,0.679668293017916,-1.047110638935223,-0.3812111037944023,0.12816027823895654,1.97241120974067,-0.23177413872182834,-0.40143379687892106,-2.0095596252889476,-0.3271232765750032,0.4712771771874617,6.584755197534075,2.0411699580793314,0.00727168568734347,0.00011839886115113697,0.0009360941875505447,0.1,7.716240126013577e-05,0.006356199196116393,124,0,1->1,1,1,124,0.01709165572131168,0
False,True,0,False,True,0,-0.3525569191761912,-2.7769327060496947,-1.8268976370414671,-2.8386602341330422,-3.0316948216145465,-0.41980908150950835,0.5595117087142168,-1.0075873141784826,-0.2976036886037056,0.113027159756486,2.4159631286979275,0.11810316713190294,0.44712084642116606,-0.5470547093814103,-0.5035227278408047,0.6169277368926013,6.621965922148954,1.8755388421769115,0.006931527934792755,-0.00011616414924959986,0.0010500246800386123,0.1,-3.453555774146199e-05,0.006247291088024992,125,0,1->1,1,1,125,0.012465658083255308,0
False,True,0,False,True,0,-0.3163476683435085,-2.911578584605045,-1.3996782016284801,-2.9861187228769714,-2.729126234280796,0.1998748217014807,0.6693296689306263,-1.2169022407743428,-0.46562244062709784,0.49582277948804643,2.5443323261618174,0.11329309207102659,0.23538796065818546,-0.6415884234847996,-0.6986348392872876,0.4496314743747649,6.641530530040216,1.032578556757275,0.0066569743508603195,6.560416861827942e-05,0.0009873232918571704,0.0,0.00010421926772560385,0.002868859196251031,126,0,1->1,1,1,126,0.026486584388108397,0
False,True,0,False,True,0,-0.2674842991369503,-2.709536056627941,-0.7672666810184836,-2.9276811949184776,-2.533139464437021,1.2030867951524316,0.7916812015458473,-1.2127524308685242,-0.36754583606292124,0.4044360583790179,1.9974624942039965,0.4034114291191713,0.2729345702541514,-0.6632772562375049,-0.7954202586506874,-0.14014989004102238,6.275055811569429,1.5055549569668043,0.006357092102130635,-2.5328664797249177e-05,0.00094424681754345,0.0,-0.0001101847588750246,0.0029812134600941593,127,0,1->1,1,1,127,0.028873578359552853,0
False,True,0,False,True,0,-0.28926997544419164,-2.738052760447551,-0.5455346248409455,-3.0773879923249576,-1.6511068828739797,0.9346677672289023,0.9907211346052159,-0.9469290282951457,-0.27216787662113623,0.21386393747433102,1.8559813063355728,0.2166721319276737,-0.09260230371876949,-1.0028198007605298,-0.862775729028608,-0.49332434748193366,5.972260834819689,1.229492885874769,0.006146565980622621,8.93561272216712e-05,0.0009053582628684299,0.0,-0.0009345372439183422,0.0032867815590544563,128,0,1->1,1,1,128,0.046326024962642896,0
False,True,0,False,True,0,-0.2778081856482472,-2.665084532968955,-0.22704374144025188,-3.0631125725485253,-1.158684274897841,0.8895755748056046,1.075959045512783,-0.7430098846461484,-0.3018492183044846,-0.17161255503843342,1.9971140353297547,-0.3350024357662221,0.554175765058916,1.5785372696945044,-0.9165198194001578,-0.6564965883592466,6.007932591235115,2.8258510225367983,0.006306245034211396,0.0003702051750967888,0.0008257182285982052,0.0,-0.00010854513167201946,0.004007421936406451,129,0,1->1,1,1,129,0.011833405886603077,0
False,True,0,False,True,0,-0.26885710273504254,-2.5148079313690275,0.2393568418473691,-3.2643461010319945,-0.5760783336773264,1.0979466617566087,1.3467866594525053,-0.6176652501224209,-0.49020914914508495,0.018882574162386753,1.618176461592466,-0.23431287430282152,-0.4764464482247199,-1.1455207788698845,-0.8944828662580704,-0.9761443431803267,5.8664531503525446,3.0924794786304686,0.0060296503620425965,-0.00043627372575757474,0.0007590732986303216,0.0,6.66885942019026e-05,0.0033340627651020777,130,0,1->1,1,1,130,0.01955632189830815,0
False,True,0,False,True,0,-0.2884348689643159,-2.326931315118289,0.5804832300914229,-3.202624810004189,-0.20868380954961874,1.2211592063182273,1.4490776498157985,-0.41388933238093956,-0.8058844585459342,-0.009828156770777372,1.5808304487107157,-0.5717834020330874,-0.059500567383361104,0.26574644232101,-0.8091963407130148,-0.9977468412961713,5.683499613864428,1.6574141204200512,0.005985176031891743,0.0002321203420179458,0.0006540318437643747,0.0,-1.0263351284361781e-05,0.0035457871832970515,131,0,1->1,1,1,131,0.07121898431053544,0
False,True,0,False,True,0,-0.270087292010502,-2.1402323787015294,0.986688846948827,-3.24669698107793,0.3672232751530903,1.2915650645655203,1.5250706079362637,-0.26628279348474493,-0.6426073393732892,0.09219362937658726,1.224988882596426,-0.7233134820657594,-0.3988892689364971,0.20657890621095482,-0.6262013608277749,-1.1298780552171177,5.647864143711006,0.9605263230198754,0.006020106505263114,7.940480352222525e-05,0.0005470277974884597,0.0,-2.1571750464452477e-05,0.004112628131157915,132,0,1->1,1,1,132,0.1260070972973093,0
False,True,0,False,True,0,-0.3194356428875189,-2.0249722014885374,1.3295516629222863,-2.9938804640842127,0.7513750460579232,0.6199716847421122,1.4591819211377504,-0.15753742391481257,-0.6070424634103173,0.3254450749726867,1.359359116310681,-1.0772049632655687,0.19791262377956148,2.046210278558504,-0.7105006506014533,-1.031776363261023,5.86083570228655,2.1835934672771304,0.005778267866593045,-0.00027676911204144086,0.00047101103369582436,0.0,-5.59847841314267e-05,0.004265244326186555,133,0,1->1,1,1,133,0.046748475578630905,0
False,True,0,False,True,0,-0.36090166609128005,-1.8775993276398975,1.5749346647620857,-3.0975571705022276,1.1589969289505568,0.5740651292050326,1.4754765608446372,-0.12649328818635963,-0.5594181113006133,0.5358615037409554,1.238761525375425,-1.145981216381906,0.18934681571790796,2.096427212974772,-0.6291718589135474,-1.0878485492368222,5.985102029065878,0.5848613658653358,0.005526436202957639,-9.99302496533603e-06,0.0004102836165402628,0.0,-0.0007273921010343314,0.004218353623373413,134,0,1->1,1,1,134,0.1768341031133489,0
False,True,0,False,True,0,-0.3877513982903092,-1.7106452053484136,2.006630032623768,-2.970486739968097,1.526094971996018,0.42165440168433105,1.4731978358891757,0.2679756672064692,-0.5372699811907713,0.688926845488057,1.0299632788120157,-0.9443482161389185,-0.011474692711538097,1.354966197375878,-0.7898001542227625,-1.2979057645333736,5.844177938439771,1.1458161442244303,0.005306486336329157,3.188179700692323e-05,0.0003984710965971274,0.0,-5.454735448380196e-05,0.004307236328620879,135,0,1->1,1,1,135,0.20097770397309525,0
False,True,0,False,True,0,-0.35284595487962156,-1.4697985205772965,2.271686552761599,-2.900638319772878,1.8077364203175572,0.3312971949969832,1.4401924129419477,0.6540812184845258,-0.27718297456583624,0.9245701117947386,0.762817556213293,-0.7439705983807055,0.5269089739985299,2.7650052411657984,-0.4795569820518795,-1.1325338068831499,6.315039276588971,1.7344651266949336,0.006090628684237406,0.001004092214536731,0.0003310481590224772,0.1,-0.0009789959403720431,0.005536205665153817,136,0,1->1,1,1,136,0.13014636863699403,0
False,True,0,False,True,0,-0.3770066571997601,-1.2234758945902808,2.654747505634922,-2.6822529998928273,1.8294232256693816,-0.35544373297257703,1.3295857207201105,0.38810413804823274,-0.7432073387204384,1.2199717582241347,0.5797347408756558,-0.46322012593750306,-0.621430051103006,-0.5197540138826754,-0.3708447881769129,-0.946519419626596,5.661384497922291,3.658179061203925,0.005793838990947643,-0.0010809320411980117,0.0003015752261944004,0.1,-2.0579022021100825e-05,0.005533763643006344,137,0,1->1,1,1,137,0.032464518414931275,0
False,True,0,False,True,0,-0.37256506517980487,-1.008273225558095,3.095483841462707,-2.4288410464487407,1.94970898545914,-0.2909580228573468,1.1527762468525298,0.46039523184308384,-0.6261096558214452,1.4082225378578417,0.4374354048529426,-0.09362930779748209,-0.3300072389461725,-0.3195785826982919,-0.25306908189982547,-0.8777246782032726,5.661888845509146,0.8423245840321273,0.005719452133701032,0.0002224028360431514,0.0002926261990519327,0.1,-1.69238471652961e-05,0.005662651663681984,138,0,1->1,1,1,138,0.3004353546879189,0
False,True,0,False,True,0,-0.4158054180356411,-0.8625657960569162,3.4414967476947336,-2.0863186574449024,2.231202817718602,-0.6188979570959381,1.0257289739676845,0.5836296701377995,-0.463159709270859,1.3419147988210962,0.7074396310954777,-0.3239394284698097,0.6377667569375046,2.1809762205266416,-0.23305668825316037,-0.7082882541360761,6.190728796338008,2.802431529890216,0.005499003497818527,-0.00014606177863589302,0.00026449817917462224,0.1,-3.9576222201295926e-05,0.004986797607334871,139,0,1->1,1,1,139,0.06768609172618188,0
False,True,0,False,True,0,-0.46760020426072213,-0.6076097172142655,3.5403913964988174,-1.9188653346384978,2.1854658931942983,-1.0583859536670157,0.9534434581272454,0.7179285264874312,-0.41758501550075244,1.244336333309632,0.6082975363244372,-0.24795030970982473,0.41639924751174767,1.4153892667266077,-0.12856883921516535,-0.6733738065631542,5.890003114001789,0.999237114495582,0.005301085200199789,2.253033826376573e-05,0.0002859996835794897,0.1,-7.665775965983324e-05,0.004834407564050601,140,0,1->1,1,1,140,0.2944784954797726,0
False,True,0,False,True,0,-0.4616438773423464,-0.466987903914909,3.3509110431041593,-1.4763220519707176,2.1087499362115207,-1.6158759338159447,0.8121556253344865,0.9035840915023697,-0.7123311868030318,1.2231644149967542,0.3989300036302249,-0.39460914405712255,0.13699069386717336,1.429601390266731,0.010643425571820388,-0.33196467999896384,5.706245182438034,0.9947595155795756,0.007278438101002397,0.0021752711984213474,0.0005748191586338961,0.2,0.000684137197547785,0.007185109316718924,141,0,1->1,1,1,141,0.2650018279793984,0
False,True,0,False,True,0,-0.4563469306302252,-0.37196492331204023,3.5738023009889055,-1.1082773786263578,2.0051602264682447,-1.7244879233654866,0.700157375267825,0.7213084803721633,-1.0237320647564343,1.1377475219958317,0.08977325830160794,-0.44871396425087995,-0.9079655814624449,-0.8186846441848451,0.14769465763693498,-0.28418160570659173,5.671869729304172,2.575471212649409,0.007293911707223745,-0.001961879294581261,0.0007389851379448697,0.2,0.0001469320472896104,0.007328383311700369,142,0,1->1,1,1,142,0.11319034375023589,0
False,True,0,False,True,0,-0.4926159719504833,-0.3643189160302899,3.7641653966617534,-0.8186910035890045,2.0865537158253047,-2.1079556669256316,0.8071875926021634,0.7522652120707258,-1.2331675405926712,1.1202361169067467,0.4333746756413459,-0.8705660787503958,-0.5188999049892363,-0.6755270692437653,0.4416944735634376,-0.12532348547910788,5.9529702965858045,0.9546137821444414,0.006939747058042543,-0.00036963825540255006,0.0007965033323104288,0.2,-6.80134488084236e-05,0.0073370524152503525,143,0,1->1,1,1,143,0.3666652036882661,0
False,True,0,False,True,0,-0.48767697949146765,-0.30756559798695715,4.0444056898301115,-0.3833868263802694,2.0653168113821305,-2.1089544131771962,0.5598826857207152,0.5371632766797344,-0.971718054385027,1.1726770316698918,0.32994938374061566,-0.7912353457127718,-0.3068460837680541,-0.5516516644597633,0.6762122368971096,-0.12824575085081938,5.963811927685927,0.763259683262653,0.006621408481200961,3.582607233962049e-05,0.0007879448984617349,0.2,-6.640424517387463e-05,0.0073407966000986835,144,0,1->1,1,1,144,0.3286008502374418,0
False,True,0,False,True,0,-0.5385858492757634,-0.1466953696245602,3.9334724449256577,-0.06736381511852346,1.6490191315026972,-2.4892199178754177,0.2869289408859536,0.5320798925500427,-0.8077508507283772,0.7519539589720615,0.3735002356170199,-0.8258468990116243,0.2466328519299804,0.7939865435127792,0.7764588484025123,-0.013223107003853846,5.7915824948560095,1.69718336270629,0.006303381813372273,3.119090128938379e-07,0.000725086863832578,0.2,-4.220387750216402e-05,0.007340769851426568,145,0,1->1,1,1,145,0.14627681143805474,0
False,True,0,False,True,0,-0.5798666647762465,0.018185488094262577,4.004684105560144,0.315344413554789,1.2337702376837252,-2.1954173781939086,0.045721183040194006,0.6687744958193655,-0.6757871323431985,0.7175413732640853,0.056313007689937175,-0.5931060665194068,0.024443565687108947,-0.29094374554148267,0.930543269099955,-0.1525810435560952,5.50576721286878,1.3996513140524753,0.006032059238711622,4.6704093168037364e-05,0.0007270570645584859,0.1,2.089166939919524e-05,0.006332248025662331,146,0,1->1,1,1,146,0.22251426420185824,0
False,True,0,False,True,0,-0.6410923107826902,0.09410314219015642,4.111489894959155,0.5635928782572308,1.1781550055110042,-2.23280062069997,-0.07307748034951493,0.5973648489891744,-0.5954421717993192,0.640917750006035,0.09425190732853611,-0.567487010800458,-0.27287515622404757,-0.9319124750060354,0.9870947712743947,-0.12306689390676287,5.6382599458712255,0.7899243939693122,0.005952556049579069,0.00019181938552809748,0.0007169702229675172,0.1,2.3696744059883285e-05,0.006465145609795979,147,0,1->1,1,1,147,0.33093211818946433,0
False,True,0,False,True,0,-0.6781346413626386,0.13821541034100188,4.328826193695402,1.1804602338013714,1.0571855497409308,-1.9385982928786138,-0.37958663902153694,0.5852301464575494,-0.5673989659958725,0.24816590305445146,0.31195603036587677,-0.6509039749988655,0.6947847681406109,1.598534533485307,1.0532786350506362,-0.0941463693741839,5.927271724332877,2.8601574369547764,0.006093115194859857,0.00022006233441334167,0.0006930308462299242,0.1,-2.9168892642047507e-06,0.0067669319409876276,148,0,1->1,1,1,148,0.061165513120215516,0
False,True,0,False,True,0,-0.7046597331409045,0.33220038877692926,4.301317468072331,1.2935477822818267,0.7144395770353986,-1.9548896958051678,-0.4550110186108897,0.1944948286955571,-0.6685583871449119,0.19907583053241987,0.14972399067050202,-0.5128945741081553,0.06646487607985607,0.26350529036236137,1.0541840125342812,-0.07851382236290942,5.582959492374926,1.6010388718860047,0.006443718226509143,0.00021004388636849773,0.0006283112446512592,0.1,6.666240377841163e-05,0.007057703225854123,149,0,1->1,1,1,149,0.15530218459404968,0
False,True,0,False,True,0,-0.7832502850314725,0.5265915130120955,4.098025434204216,1.3171141277783918,-0.04293809745878354,-2.0725376567010585,-0.523934100247958,0.10605840430762954,-0.4887305777560013,0.23103825911806394,0.39619953522847484,-0.557797271328148,0.34781244503329034,0.1318737490908138,0.8594341523649925,-0.021105508128583535,5.385391650658835,0.9590168968868189,0.006218491755304218,-0.0005758295028542113,0.0004996158846972006,0.1,-0.00014952389008769922,0.0066730694063271275,150,0,1->1,1,1,150,0.22729106044367722,0
False,True,0,False,True,0,-0.8577414079647689,0.5741797833440798,4.089706507492189,1.508831876896962,-0.2539246423923458,-1.8279976457057048,-0.569720686435366,0.1448698178773871,-0.3657515967780399,0.37003565492078894,0.47512594338095504,-0.4898041973543722,0.5178273876288986,0.2505937074405604,0.8011009257994733,0.03184908517474768,5.331388553310209,0.49705065381786334,0.005930854651311437,-6.241063278785569e-05,0.0004509945456711679,0.0,9.575154932414372e-05,0.005094952899451231,151,0,1->1,1,1,151,0.2980728746262528,0
False,True,0,False,True,0,-0.8811884992513604,0.6233704009692079,4.0065687994863985,2.0153358043335357,-0.3293116643706403,-1.6822201909231553,-0.6608967306883652,0.06591939851489009,-0.4225589950994766,0.5660408803247472,0.15063157714027728,-0.43755680282954484,0.03525894375446107,-0.7342534342678393,0.8558635355400942,0.003598894144463211,5.411367653686382,1.2900282261414968,0.007062758052238101,0.0014195405049194443,0.0004024228635181767,0.1,0.0004766719525023857,0.006181894120162546,152,0,1->1,1,1,152,0.1695454025982922,0
False,True,0,False,True,0,-0.9812822930653177,0.6415620709514346,3.8597146801593705,2.28557712072614,-0.605155276398289,-1.551893371340286,-0.5302947992529327,0.12620545784259557,-0.6574828749601482,0.5130296773029923,0.2158619085426593,-0.6608724344499044,0.28172716722153934,0.14219978737389055,0.6754520629622208,0.08489013853946448,5.329675618708581,1.09494746116075,0.006775628474394463,-0.0014190329787703015,0.0003787965827627444,0.1,8.603248704416432e-05,0.006180634542433304,153,0,1->1,1,1,153,0.21338419409870749,0
False,True,0,False,True,0,-1.063090949166517,0.6152862002187521,3.6380760579970617,2.3585799803659175,-0.9449258343149498,-0.7225195074784638,-0.5625132761852039,-0.2418699126341775,-0.5587307138139895,0.583132888597034,0.2938199527026006,-0.9057197860147468,0.5769355779760584,0.7735641569676529,0.7878268429992743,-0.056748649691868665,5.17218217787866,1.2652317822881554,0.006586433425297271,9.793452874644684e-05,0.00037609627438484945,0.1,-1.3980664407151934e-05,0.006302646450392004,154,0,1->1,1,1,154,0.09813088574130314,0
False,True,0,False,True,0,-1.0718543674522065,0.8249193537161246,3.565632562610408,2.433324322886369,-1.0352467154433895,-0.3825392657407783,-0.0022224018085134863,-0.8378808943441057,-0.16139833144455998,0.0356301953620679,0.4500330770179019,-0.8403640165418348,0.3992748668857793,0.2540473312818152,-0.1193497131879817,0.7345344459506494,5.020869049703064,1.7563093274956538,0.006293854690807659,-0.00010338368539242106,0.00037621110776488864,0.1,0.00014067226865859504,0.006278668463949947,155,0,1->1,1,1,155,0.053743040558271685,0
False,True,0,False,True,0,-1.2277893677206402,0.6330344251318326,3.2548746451232606,2.733115224698997,-1.0978265492171135,-0.26108155581609316,-0.00315339328163913,-0.8947534869750262,-0.3486518352461457,-0.007927088389384397,0.43036051252804425,-0.684903518263347,-0.17079912173912262,-1.395826991569668,-0.2703010628915261,0.6144249301805085,5.059177490900711,1.8480482989060802,0.005990118115381915,-1.1157840936131848e-05,0.0003802248988518942,0.1,-0.0003610475675612417,0.006281749362728539,156,0,1->1,1,1,156,0.06749773761047781,0
False,True,0,False,True,0,-1.4281135425384432,0.32537638167815625,2.821933701582005,3.1326903811645965,-1.2449122804586608,0.21826360066665876,-0.1833351384129385,-0.6865666439607333,-0.08306965823068314,0.05619567005141428,0.41055487296918985,-0.5157499777860537,-0.21923319809700126,-1.9501795836282891,-0.4837064077784813,0.6021935746390711,5.116623950746562,1.1260948162168025,0.005892046241704231,0.0002056647017480602,0.0003873969207839931,0.1,-7.132752164635235e-06,0.006326326621953478,157,0,1->1,1,1,157,0.10309237983232405,0
False,True,0,False,True,0,-1.5694079810329673,0.22312293386971258,2.74414277259447,3.022448878226717,-1.3802552114210833,0.5509650459268086,-0.042102940139906404,-0.4701049065800308,-0.26764538738739524,-0.16657948385896112,0.5892779221722189,-0.571282820479586,0.13739025948206943,-1.2888856971622027,-0.6271422775416269,0.6692461787970597,4.845115312019014,0.9760723697140836,0.005927084320396909,0.00013310995237036157,0.0004019019120048543,0.1,-5.6543805530513865e-05,0.006322664999821613,158,0,1->1,1,1,158,0.11905693869690223,0
False,True,0,False,True,0,-1.6750975777148083,0.19542663848343564,2.642713884338393,2.660497249789457,-1.4780416984901827,1.0675103239935058,0.3009409550882503,-0.6494430792762209,-0.671171540622624,-0.07690033462621013,0.5689291396781478,-0.5477468329439763,-0.040339162626805126,-1.5485744976144264,-0.7132351948738422,0.6244245293028646,4.813291884459264,0.9272256494314607,0.006208457763572976,0.00024633536448338995,0.0004002234600983985,0.1,9.693152945418164e-05,0.006186381025123869,159,0,1->1,1,1,159,0.15004107871878403,0
False,True,0,False,True,0,-1.769818234216499,0.10267438877015571,2.44341397486505,2.838791776193496,-1.4827055733431458,1.2337223844651561,0.4622611692123921,-0.5952259125109021,-0.7268391508799013,-0.09671504704062857,0.32520449080643027,-0.538577869071555,-0.09814936260987123,-1.3384197099752837,-0.9070960561954793,0.6208572803084637,4.78927333224957,0.5420104989039886,0.0068228691305920975,0.0003330379238430537,0.00043277443940204044,0.1,0.00031577321061269665,0.0067680455402414135,160,0,1->1,1,1,160,0.23851932083412203,0
False,True,0,False,True,0,-2.0125820505990957,-0.41322347075890664,1.66051415040524,2.3392240132263047,-1.4685747547402646,1.558897829660236,0.40667850734600375,-0.506934486703021,-0.42997347352325616,-0.30391925701243755,0.40387314811230174,-0.2759276841848535,0.20657316622089048,-0.7905459778886513,-1.2352910807553268,-0.1515371751865673,4.09430979937763,1.6149216149735401,0.006489843904756645,-0.0009474365928545739,0.0004081634053454407,0.1,-0.0004449708861724404,0.0067498668969827045,161,0,1->1,1,1,161,0.08112581128630121,0
False,True,0,False,True,0,-2.1918350270681306,-0.7739327997064577,1.0485271313364608,2.4979166572206997,-1.4194025528872518,1.8438013643645628,0.4688778771126136,-0.34384802537855746,-0.08112218891117018,-0.1079919983972456,0.40091615336486225,-0.19284637056534587,0.4594588241464544,-0.8221711218725556,-1.2669397468945292,-0.3371518217781248,4.123382265605223,0.9712929012748982,0.00617765815961112,2.0839480689927893e-05,0.0003399206451958478,0.0,-0.00014160306143963736,0.005562345318842216,162,0,1->1,1,1,162,0.1165322112664952,0
False,True,0,False,True,0,-2.3988592084169396,-1.3664325715419587,0.4201830591008411,2.3709493797795917,-0.8430937521376072,2.576159267886231,0.7362916559996968,0.19238171625166808,0.22298685483613281,0.00734078988451275,0.5797362540744397,0.18349350245789292,0.8228045012529354,-1.55606992437077,-1.194239804408542,-0.2748182226094646,4.583259144448815,1.7296169908832677,0.005885538559799601,2.0066145334005255e-05,0.0003223935071099261,0.0,3.480279043294827e-05,0.005431350725249281,163,0,1->1,1,1,163,0.056668009018276864,0
False,True,0,False,True,0,-2.6614583360438218,-1.9792841492334543,-0.3764949142190576,2.2995077550333094,-0.4990641822074031,2.9948932965149204,0.6778604421672455,0.5323290324791079,0.3459698278191554,-0.18698885630420173,0.5178523765577661,0.5687509271515265,1.8565992423376354,0.4994718864850671,-1.099244219738147,-0.40573044611874715,5.060702057295334,2.649963314492962,0.005687489388671275,9.40704286831939e-05,0.00033618932940304236,0.0,7.31837322571257e-06,0.00541747968548758,164,0,1->1,1,1,164,0.024380467240668252,0
False,True,0,False,True,0,-2.9918512602692475,-2.825701225720698,-1.3606345281211938,2.5661794993409495,-0.4948156917240925,3.6646579628774627,0.21066452730885196,0.5278700112936154,0.7846823457880435,0.1954513545493377,0.6467126298647782,0.5162951015805723,1.5614174870043869,-1.2235632358941029,-1.0765293704361143,-0.4544581651280326,6.147896633572291,2.4390733973687313,0.005522278668386041,3.283845084309147e-05,0.0003817679339325103,0.0,2.043156706702052e-05,0.005471582346328125,165,0,1->1,1,1,165,0.017470488904050202,0
False,True,0,False,True,0,-3.2344307523435556,-3.3240189360844283,-1.8377665602753286,2.320051229416207,-0.6836618676248547,4.023373428357959,-0.23610431067789578,0.4994970652536789,0.903667829264263,0.06774707012361837,0.7724421297130508,0.34919977203254843,1.574106452311223,-0.8353342229181363,-1.0482030019260968,-0.39283740920166954,6.6241986233539345,1.090790308303788,0.005538355037579057,0.00018128708947824992,0.0004161793918339458,0.0,-4.318319678687111e-05,0.005705536990984227,166,0,1->1,1,1,166,0.0344045736480315,0
False,True,0,False,True,0,-3.48209765520404,-4.060607955533605,-2.2405615624984865,1.957994299114364,-0.2617881226737454,3.810766341860573,-0.5765037848796486,0.7654855060089042,1.2689626354600292,0.1441048502831915,1.1415998462124262,-0.024895130493359983,1.6793423135248815,0.18769007155551495,-0.9294105057149442,-0.3784953292143137,7.042176314155294,1.6716752266082946,0.005365922586766872,-0.00018850882000520132,0.0004639829277340554,0.0,8.12838331539405e-05,0.005392323040304995,167,0,1->1,1,1,167,0.00886416331482842,0
False,True,0,False,True,0,-3.8290765166092076,-5.303771478483577,-4.169514789703239,1.92051862288135,0.560207229563987,3.294332568124274,-1.2762593130989943,1.7868942212721217,1.2892248294744943,0.33555732938121785,0.9033403587682602,-0.8909973214510989,0.0032232941343194096,-0.9498041458166409,-0.42687392737123314,0.3736030950412885,8.530456137415921,3.6917281765604515,0.007610272125692782,0.002416781989738096,0.0006966539488594021,0.1,0.0007980940490723114,0.0078977083708858,168,0,1->1,1,1,168,0.00048284820310801995,0
False,True,0,False,True,0,-4.141059173947147,-6.180813400333999,-5.875368915556989,2.3098601210667025,0.9676418213168774,3.4557629919527075,-1.8800036526276687,1.764078114309474,1.3602907792667192,-0.01031199552015017,0.19779871149532952,-1.3133294744231194,-0.23085225579257793,0.2075919521699772,0.5118623530870763,0.631531437079567,10.28384802284935,2.7618998334099745,0.008158774939381642,-0.00169584672523705,0.000948329005125041,0.2,0.00027276467774624887,0.0083794491587456,169,0,1->1,1,1,169,0.00048408904268459196,0
False,True,0,False,True,0,-4.268749441176669,-6.534803898495536,-6.73812197920949,1.8862929549687262,1.1866932150153437,3.962760545793609,-1.982287716676602,1.4256671956915858,0.9724913413096339,0.40332186878942783,-0.4744408562256234,-1.2765127159496708,-1.3000864440240911,0.827420555605994,0.6045964621795643,0.6890475814190368,11.18772157813967,1.9517889074177481,0.00819827307240867,-0.0005090046806618329,0.0011137314375464663,0.2,9.315949301706792e-05,0.008150274158543382,170,0,1->1,1,1,170,0.0008201376865503522,0
False,True,0,False,True,0,-4.2862162242119535,-6.484899918808787,-6.817829492404211,1.587504959817059,1.3674857899989168,3.50660245024285,-1.8648263832942515,1.09684953261011,0.3807917348513721,0.8466294746946906,-1.1059274915237995,-0.8374378265873024,-3.0517163386863455,-2.4634993208036295,0.7929456623182308,0.48598417977865227,11.548544317008592,3.9464377236909245,0.008017171536323071,-0.00022059966911262656,0.0012176338173343878,0.2,-7.845208169251962e-05,0.00837648570803118,171,0,1->1,1,1,171,0.00037680002702753646,0
False,True,0,False,True,0,-4.2039970670121996,-6.290496252533665,-6.450289611184924,1.6558247210703914,1.8691867635775896,2.2257338563392555,-1.785111190411651,0.9083035806178431,1.1195174692669614,1.0841156179007954,-0.99505250424053,-0.5835840831506907,-1.6298238973423627,1.3293349832124857,0.7688931496427478,0.58275531953539,10.476967300913072,4.383457762218838,0.007631277987384957,-0.0002047920128525147,0.0012459057233488076,0.2,-0.00035468509881776775,0.0083763047112293,172,0,1->1,1,1,172,7.884660809314134e-05,0
False,True,0,False,True,0,-4.116286338483695,-5.647317944106725,-6.420122888411324,1.4680784569935663,1.2480942652414615,1.313588635558968,-1.5600455299412725,0.9134437556648569,1.3681469949093876,1.3130195334942492,-1.2714054300338675,-0.07667102788951172,-1.509719651586447,0.3533689558656939,0.6704818259718317,0.46843133005936444,9.693282048824091,1.7785417835226323,0.007500477661267753,0.0002550932228209098,0.0012242182106728206,0.2,-4.533790971844934e-05,0.008609870964781953,173,0,1->1,1,1,173,0.0013867975397002308,0
False,True,0,False,True,0,-3.9927789549533657,-5.201446663584339,-6.032196132558313,0.8201711496237207,1.0857341508198626,1.13976606072826,-1.1905203560494115,1.229745486445949,1.1341315521730286,1.267750530798455,-1.0249121902759724,0.9996861398840691,-0.9993567310164465,-0.46068894900000407,0.48425247936895444,0.6469826849411572,8.929001998768937,1.8284790870237384,0.0071648110638192685,-0.00020486627133128096,0.0011451367536280755,0.2,0.000144828311155718,0.008571389389763229,174,0,1->1,1,1,174,0.0027391338364960026,0
False,True,0,False,True,0,-3.8697715919307485,-4.78626855394534,-5.493623287081742,0.2544982996157992,0.8517680930203201,0.8445368521848509,-1.008366958678316,1.5856041020452383,1.154905918515491,1.0953033835229307,-0.6032558087784051,1.9615268276416713,-0.45690783415691166,-1.1022226492043852,0.27938424838839676,1.0681298714547853,8.395528671327972,1.7769409720109,0.0068889006601070245,5.975619373624081e-05,0.0010138240295907582,0.2,-0.00014484314650998684,0.008553819685887535,175,0,1->1,1,1,175,0.0046712690319266545,0
False,True,0,False,True,0,-3.793504333535089,-4.8013249024472415,-4.75671398867955,0.44700785244410896,0.90369239259854,0.45232212980823516,-1.4400444341973357,1.4679952537575245,0.9721779761064321,0.6246295505412452,0.26691768896461154,2.6965532592258477,1.0297546490034413,1.0259852641959666,0.11140325968159305,1.2928007672220143,8.157645720453301,3.0517802100573057,0.006622293111574894,9.30285518011345e-06,0.0008621451262836237,0.2,1.4601990025472564e-05,0.008406417181511507,176,0,1->1,1,1,176,0.0013638803238034982,0
False,True,0,False,True,0,-3.730519863209939,-4.388407214040182,-5.378827264933327,0.4883934404107229,0.06195722371585147,-0.7965402935780691,-1.753140940023807,0.789702618589316,0.8281987970643871,0.8566292954092208,0.35216975486703783,3.110834725092799,0.7455943987804984,-2.173775030313204,0.3314847058574066,1.5846706789390401,8.629784307554594,3.7544346226838505,0.00798736898141234,0.001631683418369577,0.0005427646515083642,0.3,0.00031614240784181256,0.009785831898380845,177,0,1->1,1,1,177,0.0010149640474308177,0
False,True,0,False,True,0,-3.6405177203071153,-4.09990789995925,-5.259179384875415,0.2777044736432337,-0.2800933619254383,-0.7325254278093962,-1.8454065760302516,0.8539122476338753,0.9527143331918805,0.4576806811330389,0.5051542594693356,2.749185405172096,1.7569534501629434,0.5834611647594649,0.5911942790269865,1.3047794894514102,8.127328532112815,3.063268734129781,0.007985194004579933,-0.0013672508466698536,0.0005579803298716321,0.2,3.809681187172658e-05,0.007992959645046403,178,0,1->1,1,1,178,0.0013473433501070727,0
False,True,0,False,True,0,-3.5101771399008017,-3.9061321387442733,-4.881352030542437,-0.10112527351949169,-0.03000290197321023,-1.016315970942394,-1.746192389839048,1.2274804249474622,1.2104210739188206,-0.31696487844265053,0.6995262078897289,2.125466643313666,1.667577741264667,1.659154795020279,0.7286680688295469,1.0963858764608574,7.792003468555295,1.7187227663828244,0.007756011971998554,-0.00022700705574897184,0.0005281430550495687,0.1,-3.24179043179754e-05,0.007368191260652055,179,0,1->1,1,1,179,0.004591729290395918,0
False,True,0,False,True,0,-3.3814773709453005,-3.5694791692087406,-4.315642982768905,0.2318646824181453,-0.2847814761079779,-1.2789052981168478,-1.7836226210768915,1.2443987137545387,1.1011941218272294,-0.5614800238069969,0.4810223284909151,1.4237579899696122,0.6748735554722772,0.10241700559517625,0.892300452784722,1.1913313406037087,6.798322481030119,2.1801151171039796,0.007685424189156155,0.0001585942497389801,0.00048396753103332037,0.1,-0.00020860662313694402,0.007148409400457771,180,0,1->1,1,1,180,0.002262653522543007,0
False,True,0,False,True,0,-3.2870730744980805,-3.4117188164788597,-3.9859721676634825,0.45769954329406315,-0.8116226906542684,-0.9743023037074658,-2.3206291883314436,0.5411544601341393,0.49320507232379146,-1.4495001189776036,0.2988998954270967,0.5649827288044597,-0.5513667567845812,-1.219451497103253,1.2594757827227807,0.6019507537895857,6.579437186303268,2.6474215112611756,0.007608088247336067,-6.748158977688649e-06,0.0004540009112724099,0.1,-8.134820746013172e-05,0.007307558941431891,181,0,1->1,1,1,181,0.0015740353526450604,0
False,True,0,False,True,0,-3.2383884152412303,-3.2180799827634012,-4.212762715488719,-0.0915404529400244,-1.4289678378780601,-0.7843307332700644,-2.4014322560145147,0.07937207577600848,0.3220998392223536,-2.028111386819209,0.44265717363541657,-0.1264138971562626,-0.8117432451914972,-0.7681150860022212,1.328509160664807,0.4022865465623334,6.77039613266304,1.4862154550251374,0.007236790627454117,-0.00029396167806186244,0.00045681385837202497,0.1,9.102018889279358e-05,0.007272587193503236,182,0,1->1,1,1,182,0.004014050880004505,0
False,True,0,False,True,0,-3.2221785699427676,-3.406359795506347,-5.235910322435251,0.5060939010558807,-0.8000774577582889,-1.2037984913121915,-1.7702553268365824,-0.30150436465110336,0.14940835710754657,-1.1189854419475298,0.10618706018939365,-1.5293962430318018,-1.5142435873722777,-1.6441904385045738,1.3920589425216034,0.5916783152231981,7.553129613586234,2.6064235813163683,0.00908044092602134,0.0022149479184491727,0.0006915921196089783,0.2,0.000849890402498203,0.009404022911988566,183,0,1->1,1,1,183,0.0009267294124046078,0
False,True,0,False,True,0,-3.1104543181898863,-3.1857988014708294,-4.881117712861688,0.7763447998399773,-0.9574970170263898,-1.4307161159114477,-1.6463907478168438,-0.4630090623422133,0.11607010381515977,-0.8151465891669872,0.1509478570859602,-2.057438601569275,-1.1477314272262409,0.19117253719015073,1.2711061289072492,0.8190669550285568,7.101623855905764,2.078756088045723,0.008658276149648935,-0.0022658150749396274,0.0007459248572904162,0.2,0.00016303102551391661,0.009400165227760795,184,0,1->1,1,1,184,0.0008542606875950587,0
False,True,0,False,True,0,-2.968424072343755,-3.017471501309259,-4.184845532958763,1.0047454932748554,-1.0867149272265046,-0.7018697934644363,-1.8067889206079226,-0.38391059981044134,0.36422630038278625,-0.40024738151430206,-0.46534400280501,-1.810504390431426,-1.2651035978930198,0.6851992099029821,1.3865903238176185,0.410302002660594,6.468044363678384,1.5093527896468826,0.008442802456284058,0.0002066910830075281,0.0007072580636680526,0.2,-9.364526771220381e-05,0.009441994167298923,185,0,1->1,1,1,185,0.0011352967422694554,0
False,True,0,False,True,0,-2.8646206964861056,-2.7607834476594877,-4.056123874082481,0.11217881535832751,-1.6879906691291369,0.09950918088869569,-1.8133463711325388,-0.6260019497130275,0.26453862073769174,-0.20437096497851284,-0.2046933538903123,-1.6005972721803827,-0.992444700811631,1.015850952169584,1.3310822912334712,0.3671185680379576,6.186478371684509,1.516978839844651,0.008030726473090662,-0.0001966022898285194,0.0005447173229530548,0.2,9.822621580142434e-05,0.009432333302994908,186,0,1->1,1,1,186,0.0007866812104223977,0
False,True,0,False,True,0,-2.782316292779296,-2.593667885636343,-3.932009670944055,-0.3003386260203323,-1.9230867064796977,-0.03580966808627498,-1.843203941666588,-0.5746946817650846,0.09320424207096316,0.26150966518748425,-0.32716378611115565,-0.7432656446631216,-1.2790068286932361,-0.7868417412015835,1.3333452390333953,0.43038479507576644,5.9673337272980955,2.151656371775791,0.007700492555690152,8.18420657928854e-05,0.0005556576574870273,0.1,-2.723323702868291e-05,0.007921586151184094,187,0,1->1,1,1,187,0.0007943985584199702,0
False,True,0,False,True,0,-2.7345821702970197,-2.6149569826633985,-3.743670588720798,-0.33898391973278946,-2.075821097733213,-0.32771441800481094,-2.113392287512543,-0.6327427382876858,-0.062342351302178585,0.7378033802217067,-0.06261699176477808,0.24204093627450718,-0.44975658298595994,-0.5177392652942597,1.2333043554239083,0.6340641371381859,5.8521352142298335,1.5257897669614324,0.0073490373873448525,-2.1221250944788474e-05,0.0005949140496720929,0.1,-0.00046412710975589876,0.007596815258018226,188,0,1->1,1,1,188,0.0014878681409118584,0
False,True,0,False,True,0,-2.661571046857846,-2.6421785698757847,-3.478082222298131,-0.4098919221985569,-2.3233327111654347,-0.4189895601672312,-2.2654774130678534,-0.48409040524482716,-0.14832058368282386,1.098996581272921,0.217536352752464,0.9396124649936983,0.01914464351301083,-0.9159711659240497,1.0523884663753007,0.8237289490785406,6.000759230061689,1.1604147283564743,0.007351213346661917,0.0003536311276623634,0.0006230503706960728,0.1,-0.0001981167518601062,0.007813853024614015,189,0,1->1,1,1,189,0.003007225946460623,0
False,True,0,False,True,0,-2.4945337967200305,-2.1785853831365083,-2.6054429227262257,-1.1738263373140683,-2.7034788745627645,0.47985502791737517,-1.6483849349129702,-0.0007535022236025478,0.15908375410384445,1.563434140789794,0.1974006292500495,1.850110342373005,1.0980504852332749,0.4547360972483482,0.6165120534517767,0.6081937489163016,5.6749402851929505,2.752035065744812,0.0070751631566981655,-0.0002782261492808155,0.000675630258439161,0.1,-2.9134400436214673e-05,0.007508877839011771,190,0,1->1,1,1,190,0.0017280601906179867,0
False,True,0,False,True,0,-2.412109569930553,-2.1454006967301558,-2.6765458836759706,-1.841191475018839,-2.3386859098098807,0.7260043631528278,-1.3907401437335973,0.09725903642460587,-0.040387997135755326,1.4735408875889646,0.17053726874062658,2.0572017921293484,0.42899673740186095,-1.3256376564925283,0.7846977922864558,0.5683851667437104,5.77521556610307,2.113454661176744,0.007669419915645109,0.0008703069489106943,0.0006734317382905428,0.1,9.486903199989408e-05,0.008156083421412027,191,0,1->1,1,1,191,0.004138630796424347,0
False,True,0,False,True,0,-2.397967836245396,-2.012187897881121,-2.669752951412122,-1.9802359421245617,-2.8426900041787277,0.2868782880391495,-1.5252089122172487,0.12785847961185176,-0.4734602051545133,0.3964330458261996,0.6051433367906179,1.9709384251375104,0.19445916847793504,-2.63078342255837,0.6232167360298917,0.4703890275401911,6.232463332280347,1.9599297228566774,0.007396290187325878,-0.000867386487266174,0.000658775415498964,0.1,-3.5815266595813806e-05,0.00819536603881613,192,0,1->1,1,1,192,0.016543196017506492,0
False,True,0,False,True,0,-2.38073343242894,-2.0542889192558733,-2.5960906382144744,-1.91871533466584,-2.721376364350993,0.28739280175278586,-1.5160902126066622,0.3244667606784515,-0.8356700711579719,-0.09964484543478194,0.5419375409713652,1.512796179885486,-0.39761693024231953,-3.3347644245562087,0.6941393812113603,0.36368198582407557,6.389688429503232,1.2322637688179856,0.007485142841767818,0.0003619823827611711,0.0005111534883268554,0.0,5.407349609286554e-05,0.006000284342047222,193,0,1->1,1,1,193,0.05840836422406602,0
False,True,0,False,True,0,-2.3739667903416475,-2.220295207176515,-2.651681631783605,-1.9056689727501277,-2.437749040112826,0.3399262732817673,-1.4614402545314553,0.6157940601434654,-0.8281149800486585,-0.6977097454357633,0.7780681959146397,0.5721416427687225,0.18711687742405794,-0.5859663890549696,0.74597395307605,0.30428125314727594,5.341153963693889,3.0666388380961545,0.0075378897905865085,-3.610570562324975e-05,0.0003900842748248326,0.0,-0.00015162332689834263,0.006450584791205517,194,0,1->1,1,1,194,0.0041193421105242675,0
False,True,0,False,True,0,-2.3498029094151853,-2.520629456012892,-2.754183302010821,-2.8082518006641384,-1.5118547408207488,0.2592416263965926,-0.8713439089637127,0.8096016946736917,-0.9849750479984228,-0.8539396071838145,0.9447080097434626,-0.018335817094391506,-1.0791773479644478,-2.2270138405620696,0.8521664454573041,0.2523766347298422,6.052388479857247,2.6270642011091137,0.007202675374785415,-0.00038796136461978405,0.0002733984017561453,0.0,0.00013032057246556428,0.006295617359951827,195,0,1->1,1,1,195,0.008744938125816436,0
False,True,0,False,True,0,-2.3625706718386583,-2.69637601432792,-3.0535478097406537,-2.871486760377549,-1.5389353295742276,0.49462701537306714,-0.8451852205121397,0.7618462283866062,-0.5081958025258908,-1.120071341925527,1.1842291135280685,-1.2320508615864327,-0.2503440759308872,1.41040886804521,0.7847566804963841,0.15534592236032818,6.120556507956133,3.9930137547119853,0.007424553069740501,0.0005570921107561798,0.0001930785638485196,0.0,-4.848125123367141e-05,0.007004277542899075,196,0,1->1,1,1,196,0.0008745850101721176,0
False,True,0,False,True,0,-2.3849376840834666,-2.858168655668893,-3.101580085617055,-2.841115536465255,-1.6612323645997575,0.6702530106258477,-0.7778428527898098,0.7591109889259243,-0.22726166758626276,-1.0603991101399879,1.1492444173099097,-1.9739057159712405,-0.8043725444938071,0.9618020754843115,0.5390144845203368,0.003315111247260415,6.338497635052476,1.142806061364601,0.007148283398761383,-0.0004981473659342039,0.0001823541361743997,0.0,-0.0002235563408792482,0.007017386493873083,197,0,1->1,1,1,197,0.009983455750747244,0
False,True,0,False,True,0,-2.3818972747368012,-2.9427462480827073,-3.1111814897608507,-2.6687005899036063,-1.686995611202898,1.0189141898970568,-0.8751304643875611,0.743150841380168,0.21879174854129943,-0.9942744301830815,0.7907933803831642,-1.9523367069087922,-0.877958709637181,0.991101882727719,0.51320357057276,-0.22697881365025308,6.30994742055239,0.7491282075626903,0.006891711987271298,1.969825948903211e-05,0.0002359765502411299,0.0,-1.1100461575694331e-06,0.007089002282355114,198,0,1->1,1,1,198,0.011874473481708772,0
False,True,0,False,True,0,-2.3559932954624303,-3.3121651069397244,-2.9778121309772247,-2.902503155385306,-0.5138358659159397,0.6281983928438146,-0.6066609110882663,0.7494757973908115,0.5643894506556648,-0.4150545113273213,0.8417132754169915,-1.7955661694845717,-1.120379541176482,0.6693270332434017,0.5635034786789327,-0.17101636262945355,6.178979847153881,1.5686755484423038,0.007014631123457485,0.00037949054767627294,0.00025406099596244535,0.0,2.422334963109521e-07,0.006909720909236523,199,0,1->1,1,1,199,0.002983846194420298,0
False,True,0,False,True,0,-2.377773501431552,-3.585908712646631,-3.079627832243322,-3.0461013671818797,-0.1412947509475001,0.16487540661296826,-0.548816765323103,0.7361882918072072,0.763910178385856,-0.07137013337711773,1.2403533908114077,-1.5286038305526466,-0.38470901040018807,1.8979059896238524,0.3826378092686256,-0.008668440559672032,6.551368037887975,1.7208054282644905,0.006861635049097054,-0.0002759152105466182,0.00028114623061335493,0.0,1.1355908716053145e-06,0.0071700466792595395,200,0,1->1,1,1,200,0.0021563931592074076,0
False,True,0,False,True,0,-2.3163400025254446,-3.5260870339048096,-2.8166444541477804,-3.384091623414224,-0.08990327580463643,1.1554051844463187,-0.3616772912898085,0.2211135469893138,1.06727009893719,0.9516860367988207,0.6153909418239011,-0.4660674251009252,-0.6504811068879781,0.6757521438191226,0.33809206586959856,-0.34203220702425885,6.246905512430867,2.4104993833022315,0.006661442885491475,-4.719608924514795e-05,0.0002994311238844039,0.0,3.714592597056643e-08,0.006281696212593977,201,0,1->1,1,1,201,0.0009602564877966686,0
False,True,0,False,True,0,-2.3284746932507723,-3.5039143056304485,-2.8829695425301076,-3.383944129204288,-0.11597477300605895,0.8904006975216296,-0.4606937732617947,0.10252689306233977,1.0297742251295243,1.2618894858088145,0.48771573108211563,0.15580131690704496,-0.8041828967249663,-0.6980256782591971,0.3661167798575665,-0.3308589873665783,6.266500317180428,1.5850128898749187,0.006744145799812854,0.00028289507792695744,0.0003135224711654231,0.0,-4.65346524995457e-05,0.0066349304765195745,202,0,1->1,1,1,202,0.002620261154045317,0
False,True,0,False,True,0,-2.3637393205740462,-3.6705823774743593,-2.8066274390590635,-3.287246956913378,0.08067426432748144,0.46375731252833674,-0.6225348078334886,0.08898805260552252,0.8838897144974062,1.5230974124302314,0.8688851287681963,0.7588451321257453,-0.14205880148741537,-0.24364757300043435,0.23972063123737117,-0.16552543511513915,6.277406425440912,1.2561505947201024,0.006422481406537036,-0.00040436730759719694,0.00034585021129616386,0.0,-0.0014211916366476886,0.006116290475583504,203,0,1->1,1,1,203,0.003530110390556799,0
False,True,0,False,True,0,-2.3585042299991326,-4.01164792320745,-2.403233959174119,-3.014769394546671,0.9237480020949079,-0.19695655906060333,-0.9066137660693361,-0.201428616614032,0.9440992712806323,1.6151651770001023,1.1892927986068889,1.334007912514731,-0.1720100072463967,-1.0995430267758373,0.36137570787870305,-0.13755779887013783,6.564256737673392,1.6912402223425838,0.006242505920475433,0.00014168890721421527,0.0003605122594531703,0.0,-6.818611396124021e-05,0.005657130165496393,204,0,1->1,1,1,204,0.0021192901257200466,0
False,True,0,False,True,0,-2.368145382374378,-4.198605608342193,-2.4476571312146325,-3.2636332677921893,1.2008290040321656,-0.007308306736973072,-0.9017954450396231,0.04717475109453648,0.5763001279779342,1.4188663563032602,1.7341172562174023,1.8646329885969342,0.8717137279540547,0.4375067246954525,0.29842276226008063,0.05197356754093617,6.983985192974984,2.125439354416391,0.0061060551675307636,4.352473311693399e-05,0.0004087318637936855,0.0,2.443723914070852e-05,0.005800073952309069,205,0,1->1,1,1,205,0.0019304118887025995,0
False,True,0,False,True,0,-2.37980248631381,-4.287295917472008,-2.4621954381558475,-3.1678635848992793,1.244055809804068,-0.0071973476622748484,-0.9737553691833479,0.12776495135486068,0.3209814243992324,1.2033802943523528,1.9370001028525252,2.0097695153673865,1.2522622670757932,0.966922273639931,0.27918924869199313,0.10711856403161049,7.165118653793694,0.7957911098861521,0.005895436293446034,-7.416812114006011e-05,0.0004150406187648217,0.0,3.4430433770455543e-07,0.00500076218980379,206,0,1->1,1,1,206,0.008023072281959599,0
False,True,0,False,True,0,-2.375133544512226,-4.228230347192908,-2.526809719748743,-3.1390649319455943,1.0959806227877822,-0.002646339422445537,-0.9302167785835125,0.10577759186660116,0.1661222230727812,0.9634182528462375,1.8421500405073643,1.7847703025129422,0.8850158707617687,0.35155467750933506,0.3185778848296436,0.04659569887013026,6.865336092033121,0.8323382386330823,0.006010015573514561,0.00032519815415325577,0.0004035361850030193,0.0,-2.9644622855044562e-05,0.00546513561397546,207,0,1->1,1,1,207,0.008185628471498651,0
False,True,0,False,True,0,-2.3516659519554053,-4.4030736882773915,-1.8183563309623438,-2.3059788506506838,1.4825933012499597,-0.6064091499081802,-1.1652204773374435,-0.18994853934637598,-0.19988359639318995,0.31652791654691476,2.176549808954413,1.0613904317001892,0.5566810472218688,0.6787194957770877,0.11181462984908752,-0.12626684347958628,6.440122381020633,1.8326868823859768,0.0057503853878371316,-0.00037420946574595604,0.0004358348810639815,0.0,0.00017137852961569703,0.005359803330121811,208,0,1->1,1,1,208,0.003285325616728421,0
False,True,0,False,True,0,-2.3005114346411144,-4.299485018266159,-1.3262405567893572,-2.0241003609041957,1.7558119875469704,-0.2670070750255879,-1.2070835093548347,-0.5007274476181488,-0.2745949714067692,-0.31231302357325935,1.8290183051159852,0.5346703726567811,-0.24093343771134235,0.047958976839148695,0.28053358059829275,-0.5530356920661187,6.012081453624309,1.6331072822075108,0.005565748100782961,7.499289862325856e-05,0.00043886787527171406,0.0,-6.948699792090791e-05,0.004620528720002246,209,0,1->1,1,1,209,0.0037572676245697313,0
False,True,0,False,True,0,-2.2613452803645884,-4.1463170144932615,-1.121712254220613,-2.1267176054090196,2.2045663502102575,-0.5892791313935225,-0.9123948751541646,-0.16558943137975954,-0.534099457987443,-1.0908828613236832,1.5908057925227121,-0.341947560714021,-1.60454022436371,-1.5815037261792302,0.5586474019505497,-0.6848694555746797,6.464071636332288,2.5864594659217204,0.0057833202867649015,0.00040220947303611174,0.0003956808815184713,0.0,-9.356837268360016e-05,0.005178807911091709,210,0,1->1,1,1,210,0.003955119067708475,0
False,True,0,False,True,0,-2.29650795106113,-3.9738326825606185,-1.1680087954587572,-2.0770482403963513,1.9617453044249178,-0.7587698449356801,-0.8138568559278244,-0.14612901750883334,-0.8593674054262003,-1.2992482621583865,1.7233639894437482,-1.0569317120986366,-1.4756748611177886,-0.6173359331799413,0.5040092454017849,-0.6581861754924069,6.251194100454325,1.327135191156243,0.005502953922973738,-0.0004979385497731045,0.000388468239478158,0.0,-0.00011128961784955763,0.004946405046107207,211,0,1->1,1,1,211,0.01207700116559606,0
False,True,0,False,True,0,-2.321127158797139,-4.087223979362384,-1.3033737599325583,-1.5223830431103595,1.940931385365842,-0.7884072861306024,-1.0047086018070968,-0.15495943718394653,-1.0472558796807727,-1.1976570537666447,1.5073149865255524,-1.6416614741407964,-1.6961709836542866,0.4902628154247757,0.44323239526143754,-0.35867072101730585,6.306323200247951,1.476570549698872,0.0065262528776996115,0.0013036653185170373,0.0003460272850842959,0.1,0.00042824040872017303,0.005485527301805037,212,0,1->1,1,1,212,0.006055056560912355,0
False,True,0,False,True,0,-2.3609007190306843,-4.435199891341449,-1.2334948394001806,-0.678641682352908,2.0983288569411815,-0.5433716659088319,-1.2685782792621962,-0.2946483602251825,-1.3500745679206163,-0.9214109920159808,1.4535857593518402,-1.8673290549667698,-1.5406588599579083,1.2332478977700112,0.41350125860639414,0.006542086409303962,6.560955475732441,1.3948861099757572,0.007031289479195087,-0.0005182623532303983,0.0004653960454025265,0.1,3.789712487432123e-05,0.006525602608017333,213,0,1->1,1,1,213,0.004338931424541913,0
False,True,0,False,True,0,-2.3734580734821393,-4.731495690940272,-1.0819712896309814,-0.5673877192765512,2.547200363558886,-1.0240205602045827,-1.0829128231055047,-0.36892788312977487,-0.930415770933009,0.052426990843498764,1.7070745282847801,-2.10764210936995,-1.574078488672205,0.7597244571833918,0.4103237685603754,0.3215993595281418,6.864794530377566,1.4720316442306707,0.006688141028435248,-0.0008481850522553142,0.0005063283859909992,0.1,0.00011516825805830966,0.006522777244954741,214,0,1->1,1,1,214,0.0020605553753237278,0
False,True,0,False,True,0,-2.324250837408341,-4.669578454261746,-0.7698129100233335,-0.491991677208149,2.4757948878061793,-0.8695849812627163,-1.052565488786048,-0.3967186784277506,-0.6187765452517063,0.8815726419513612,1.5407023129465363,-1.674630472243026,-1.81690228790836,-1.6188746128202722,0.6995738098869246,0.532972906920517,6.823942728688024,2.642886016897738,0.006364938056083275,1.9945478407865785e-05,0.0005140297129971966,0.1,-1.4871527289987349e-05,0.006487768408915583,215,0,1->1,1,1,215,0.0005734318881355317,0
False,True,0,False,True,0,-2.2709927790115843,-4.458068151349532,-0.7877197413813484,-0.4681620036351853,2.0398438630107507,-1.1800674769954655,-0.8730238577572633,0.1642672702339267,-0.4993968660392786,1.7568478717002167,1.6717143164445305,-1.2940600973750613,-0.5409065059991629,0.3685851188318975,0.46685516223344004,0.9984454196147264,6.260519595134352,2.7337144849738806,0.006845644416450631,0.0008039093327193289,0.0005557149876644892,0.1,-5.0108425158160944e-05,0.007215018906255846,216,0,1->1,1,1,216,0.0004112685921456695,0
False,True,0,False,True,0,-2.002292433789481,-3.375821599970584,1.047355200749802,0.3021979540386135,1.1430580099214307,-0.9639976404544823,-0.157800851423402,0.5854036925265869,-0.8057081047989625,2.962321589516444,0.7478836929033977,-0.43470197468787636,-0.5090610404044464,-1.50097300813829,0.10898088485087187,0.13501803052351755,5.537653201990181,3.7753169798647117,0.006941238204988201,-0.00038511257182978573,0.0005956510712839282,0.1,-2.178058681189454e-05,0.007097612379904046,217,0,1->1,1,1,217,0.0023948825590375273,0
False,True,0,False,True,0,-2.07085167936321,-3.578875807845461,0.6730982716703593,0.9720106001184824,1.262556731891938,-1.1406183863285708,-0.3765537839615144,1.1288603819190441,-1.1370649200186738,3.115121769979875,0.7944493128924818,-0.32000968629688936,0.5431574234460129,1.49677489509493,-0.023824063199460822,0.7703743810015754,5.999638966840215,3.4185904124239475,0.007865567845444715,0.000828735851918944,0.0007374705938102304,0.2,0.0004234072131082192,0.00816847238579286,218,0,1->1,1,1,218,0.0028108915418783285,0
False,True,0,False,True,0,-2.0914534058581156,-3.72551224084647,0.4292867198925975,1.3778932277217537,1.5482261123462824,-1.5122859656593486,-0.7097982164579126,0.594662731640169,-1.5031732988566062,3.055675917350166,0.2607003680693911,0.4563993416142462,-0.7159956067024003,-2.0147503391337933,0.3354922811106149,0.8829628110633821,6.431346608493681,3.993194523636105,0.00825084837795307,-0.0005390491079481589,0.0008369670820811953,0.3,0.00028161814983690935,0.008776522885318737,219,0,1->1,1,1,219,0.002373710151476453,0
False,True,0,False,True,0,-2.116324539654584,-3.671492490271209,0.3326890523453146,1.2553108173932443,1.3653430552686179,-1.8688232548338495,-0.5915977784663515,0.8547894016632395,-1.829444118357747,2.5340974466924746,0.5555080652917669,0.24360479945913174,-0.5438860729584496,-1.5937352702577532,0.2621965771844895,0.8388184219720463,6.1615452612884,0.9974882224544694,0.0078487560994278,-0.0007873728110336254,0.000818318829760014,0.3,8.881074462834416e-05,0.008725711244942952,220,0,1->1,1,1,220,0.048397893549141494,0
False,True,0,False,True,0,-2.1293276045643865,-3.466780583714602,0.1744006907682219,1.1743611148930269,0.7599436905875316,-2.1083984896457024,-0.6884066583727928,1.2969097423224405,-1.8217632360935525,1.391563173610686,0.7628544634048848,0.31595119500111035,-0.053045379459046416,-1.3434533686461905,0.17735469105935392,0.5357424454709162,5.591634163001575,1.5680306258467773,0.007553362299590745,0.00010669847868821549,0.0006434766109172163,0.3,4.4097426703856163e-07,0.008642206328936416,221,0,1->1,1,1,221,0.05656664156986972,0
False,True,0,False,True,0,-2.149886476770859,-3.375238421911545,0.1457889253453748,1.3825272349134992,0.3222888016537192,-2.3328083945930262,-0.8501227690113164,1.919211014608908,-1.4048100633197407,0.5920139457431179,0.9631872658140482,0.2571968419821909,0.5008488119442385,-0.4574621055776709,-0.01890045310191411,0.4183351623302171,5.458899108756623,1.6459225526957075,0.007185838426226286,-7.21300735274039e-05,0.0006000366034135989,0.2,-1.3218410468937222e-05,0.008101892770697823,222,0,1->1,1,1,222,0.08966052450478339,0
False,True,0,False,True,0,-2.1536285834732456,-3.351661299260699,0.3592166929225136,1.8955494609745611,0.1204260707378545,-2.6911658197908603,-1.1181705029164244,1.8891559042721613,-2.011148501322933,-0.4430294150909306,1.0465051989805707,0.19068820738105297,-0.2656899123481736,-2.2505396928562273,-0.016865195083445046,0.1891146572652636,6.344002524218234,2.4200859432766695,0.007095131284909232,0.0002768167320474045,0.0005976967068844212,0.2,3.792221056981432e-05,0.006834117103929621,223,0,1->1,1,1,223,0.19937948519413773,0
False,True,0,False,True,0,-2.1398259078250343,-3.1951394140475973,0.1604046288488082,2.09952733588811,-0.18712427927133318,-2.922886206048648,-1.1265143795483061,2.1951060845215498,-1.9401672160317363,-0.5452808122190393,1.001852551762082,-0.25517071061987057,0.032379851672944174,-1.0913364000980201,-0.013597487216287053,0.3888071459596263,6.193466268344878,1.4270749327953534,0.007686522874102307,0.0006820987305101297,0.0005737318569495165,0.2,-1.8142558342956576e-05,0.007998066898997331,224,0,1->1,1,1,224,0.3403553532105061,0
False,True,0,False,True,0,-2.1421871856682255,-3.0522399971302936,-0.4971260989333299,1.9484098053468042,-0.6408210037671846,-2.892439267600892,-1.1867736939133922,1.82243731112621,-1.3747652208458445,-0.6129660152816008,0.7395133843331094,-0.8697057731746484,-0.0064986745292029205,-0.7074000344773226,0.28228041402835796,0.47316199247018714,5.793883844570669,1.3561725363996235,0.008392616001365273,0.0001147015380698899,0.0005387398132849848,0.2,0.00011553431286767148,0.009319277235610091,225,0,1->1,1,1,225,0.13817072592512217,0
False,True,0,False,True,0,-2.0806072939272595,-2.754219775765346,-0.0834092489532251,1.8449966601179335,-1.3191586414398428,-2.379759953472829,-1.2425490152203633,1.6910755656136103,-0.41984980993633264,-0.25031101598950317,0.5107457588964193,-1.1605620446520584,-0.1739525897906206,-1.1801491105152997,0.06986881839674819,-0.08534751502729818,5.326683984615102,1.675324152696036,0.007983036136054618,-0.0011156729925736204,0.00048723132204618163,0.2,7.939409211695555e-05,0.008960105455464818,226,0,1->1,1,1,226,0.07581186715909448,0
False,True,0,False,True,0,-2.0961329383429796,-2.7321299333774594,-0.028813194986801537,2.0130173375273204,-1.7278383041628964,-2.441286613838795,-1.5289735261441866,1.4244945803142655,0.24917761154327778,-0.40104358503813176,0.6572700519997072,-1.3529284648311064,0.03683174739347233,-1.1495765649973784,-0.027998916716303376,-0.21707132899372508,5.561405210429359,0.978230996741862,0.007655589016860647,8.213274611668445e-05,0.0004136463355037549,0.2,5.671312823939123e-06,0.008359865915817194,227,0,1->1,1,1,227,0.10043094114483231,0
False,True,0,False,True,0,-2.126261120981835,-2.583953511734306,-0.24970432020744607,2.209907855584463,-2.2106210219305464,-2.389244095968738,-1.5557166730663359,1.3958313176562533,0.32100370695534014,-0.21759704933555848,0.29969402600790074,-1.4572634711566244,-0.4337086019339159,-2.5155949644129585,-0.03797047033719447,-0.3616564726094736,6.1388070702979745,1.622875192450892,0.007916249193203771,0.000588107295537094,0.0004155024519982441,0.1,-0.00015616417402087007,0.008184333112546441,228,0,1->1,1,1,228,0.12374473440987739,0
False,True,0,False,True,0,-2.1644479425675387,-2.5252780439457743,-0.48968065093154856,2.014911028249915,-2.50579577660705,-2.5433153596026106,-1.5064335319559115,1.14548599225702,0.26896904329835963,0.1602088992293981,0.25832259681978703,-1.3244692305769696,-0.6269842707393866,-2.9979501260287265,-0.15024872992881538,-0.3920260529652521,6.368228620531537,0.8513651962695189,0.007600532519364967,-0.0005763768501819274,0.0003788606753272984,0.0,-8.165993270941446e-05,0.007045543300411377,229,0,1->1,1,1,229,0.2760497395062204,0
False,True,0,False,True,0,-2.197818200546865,-2.5206498415259744,-1.4908176317293729,1.8563012396491938,-2.6502505357363373,-2.177267648373178,-1.2425640452536566,0.6537537636139498,0.06320694398770246,1.1850708513604207,0.09848984749884566,-1.7340873397860035,-0.15245866165278496,-0.3552668336682313,-0.33465382909532365,-0.16722759895510209,5.686872186400959,3.174012570434573,0.00875512385166117,0.0014703080061350075,0.0005072537411318417,0.1,0.00045558951960626964,0.008879989494324305,230,0,1->1,1,1,230,0.00889607508711516,0
False,True,0,False,True,0,-2.1649651748975693,-2.4186625919912403,-1.4673517166856649,1.4035290920092869,-2.803425414890306,-1.9334088595972478,-1.275200852945407,-0.3416712382701265,-0.24927816978618544,1.515917670130012,-0.05156155308918259,-1.5610540861057323,-1.16168811827272,-2.4425219681496673,-0.08936246599695527,-0.16834995068010936,6.108420565371563,2.6432573529263035,0.008352209428009275,-0.001557505755948099,0.0005295874502800272,0.1,-0.00011492045244369548,0.008730310951391464,231,0,1->1,1,1,231,0.012362911078894048,0
False,True,0,False,True,0,-2.147283198404548,-2.250802453386713,-1.3380913611643093,1.574342392028509,-3.2574193655075376,-1.1285556899745939,-1.5501455719343686,-0.1923914374811727,0.21918468648993747,2.248287380358673,-0.4727732178438874,-1.375634145059134,-0.5336099042504783,-0.6408026123528542,-0.10970185680878726,-0.32741842869919674,5.773743870300602,2.3791106118472687,0.008567010174318181,0.000617715169960802,0.0005134264225285134,0.1,-0.0001184342196795746,0.009167466729802308,232,0,1->1,1,1,232,0.008194635489489843,0
False,True,0,False,True,0,-2.1258733707386552,-1.9283420516504401,-1.5942622594142586,1.5033226213664728,-3.5658404538286907,-1.4887935390960025,-1.3172348340741082,-0.3610021468115281,-0.13769974540954658,2.08597670693854,-0.6613660277032405,-1.526714797532742,-0.35429564965308646,-0.8105552648064082,0.18765994459975385,-0.34362723199487233,5.909646700828224,0.9189333393640983,0.008994194251536799,0.0002123833309097111,0.0004921521892433168,0.2,8.940793732421185e-05,0.009071078756560325,233,0,1->1,1,1,233,0.04423477323896345,0
False,True,0,False,True,0,-2.057004413167987,-1.5403524326874645,-1.7439687840969549,1.0366028888634258,-3.7787921435418848,-1.3424060263295055,-0.7791975598669748,-0.19819355609939784,-0.7493905428371679,1.7567915358862647,-0.5232941325249533,-1.1666925310524008,0.4537907761373309,0.4988089502576917,0.0006293380865834945,-0.173724034289786,5.515329841598405,1.9597910486503776,0.00901055744969767,-0.000410820879057746,0.0005189333113500211,0.2,-0.00021583358893584922,0.009158210619077298,234,0,1->1,1,1,234,0.03486955746728535,0
False,True,0,False,True,0,-1.9487868242526958,-1.1344266400115226,-1.3228479574229648,0.4277510218070194,-3.830238773866219,-1.353770584312224,-0.23091725832249133,-0.09612170842339147,-1.6338318434556547,1.7820705928260634,-0.38357415593000604,-0.6004347445585074,0.1177010628311133,-1.3177926589368332,-0.12448197733032382,-0.009729438555295327,5.425340457022742,2.370005436842807,0.008573154638903067,-0.0004537660089554748,0.0005247434962898225,0.2,3.940609560354469e-06,0.008669228813398567,235,0,1->1,1,1,235,0.08630015085211516,0
False,True,0,False,True,0,-1.838820227459974,-0.8664961701567365,-0.8319745837164816,0.026313665119253354,-3.9785242635467797,-0.929915629623639,-0.07261524827687124,-0.1702150289099251,-2.095294807481352,1.4822046800756126,-0.07479417933839144,-0.28578614969485316,0.5122567953048995,-0.5329476304155742,-0.3438012346998548,0.1624600408520883,5.210799253746965,1.43694172057154,0.00816921230602542,3.346047791695679e-05,0.0005138304534677469,0.2,0.00025639902706056563,0.008651160052000862,236,0,1->1,1,1,236,0.23241653454934824,0
False,True,0,False,True,0,-1.7658451075279742,-0.5259479625861754,-0.8067074711811494,-0.5227711904561494,-4.466163348265486,-0.9092821200300873,0.017735822131932543,-0.12779537807187488,-1.9457743017286504,0.9934075422416843,0.17303298337606857,-0.022067602762333268,1.0669009596678318,0.19297678816113292,-0.5132522536356828,0.26571533684724863,5.468838050585259,1.392058881462683,0.007872096498197144,0.0001068265250493694,0.0004846109673245789,0.2,9.174209321539083e-06,0.008425940002869305,237,0,1->1,1,1,237,0.3388181020113424,0
False,True,0,False,True,0,-1.7029844271969061,-0.4494239722895645,-0.6367881703615307,-0.9843250801060119,-4.552178491541717,-0.6087960523358539,-0.07840201714026077,0.09692547471020344,-1.5532486012047653,0.6029949505260183,0.25478934819204757,0.3942376922559662,0.9501147116355868,-0.6035195526324852,-0.5326605473124769,0.11264802658286976,5.377741800147953,1.2519939004575646,0.0074905788211480796,-8.440186922078693e-05,0.0005449154996349903,0.2,-0.00011521024295536864,0.008152411377282346,238,0,1->1,1,1,238,0.39934745936240046,0
False,True,0,False,True,0,-1.6870811646430568,-0.4333620700336982,-0.7013739627448071,-1.584548058031685,-4.557263040668074,-0.5920252943328798,0.010541315906401762,0.7272978931926998,-1.0414422114976771,-0.34535031650799675,0.7039611650660934,0.5582878227343502,1.470547464564178,-0.2176653866885297,-0.5430941353777832,0.1163094308715833,5.575519275808,1.606351613279469,0.0071446466838488735,3.558553974985796e-05,0.000626478036340224,0.2,-3.3683235335185864e-05,0.008172795115606172,239,0,1->1,1,1,239,0.4030068209323391,0
False,True,0,False,True,0,-1.6611469980414875,-0.6071694060200105,-0.3125542953296152,-1.82033066052815,-4.023965774594392,0.14066229770241,0.09189498855088632,1.3401518581750502,-0.7580274925232771,-0.6217102456159531,0.7165835359796288,0.929685943745914,1.2705580866657833,-1.2983416673903472,-0.44857325546127397,0.055658148541688345,5.421551717556881,1.7194084959772522,0.006849955969922669,5.12414233730012e-05,0.0007481577689681515,0.1,-8.253124951178043e-05,0.0051469353016599115,240,0,1->1,1,1,240,0.430042952656147,0
False,True,0,False,True,0,-1.658206886705687,-0.5824416572654534,-0.49953702105179054,-2.215709557610239,-3.9914349063072487,0.3099973769806434,0.33680836050241225,1.4338654922361878,-0.633610207267223,-0.8754354601498572,0.8845380396134753,0.62994748265548,1.4844864502904822,-0.6641573209754971,-0.4842863716695593,0.04102780590136729,5.537618540179966,0.9683786235399551,0.007217543306941867,0.0006622780509454029,0.0007908780794953471,0.2,0.00021155907234336833,0.005007286040489315,241,0,1->1,1,1,241,0.5496898323043147,1
False,True,0,False,True,0,-1.685215802201181,-0.6034329257480138,-0.6549917320912872,-2.560285280542907,-4.183698407741984,0.508286989008422,0.4682064831916191,1.319902245347342,-0.46291726666867655,-0.985246818163582,1.2583135960967415,-0.0018067733769862658,1.9905862401206322,1.240054139777764,-0.6895456752964062,0.07772300374950358,6.128512248178178,2.1808847397688513,0.007030993027800992,-0.0005541376161600732,0.0008149176800040598,0.2,1.3346131167227271e-08,0.005377476424326601,242,0,1->1,1,1,242,0.25475957028164375,0
False,True,0,False,True,0,-1.6594863035485217,-0.7425788467345801,-0.5684892103933632,-3.0462848231581465,-3.665227963697909,0.8167337790752865,0.6100430851786008,0.8345221826888143,0.5187565150489563,-1.0250245307831851,1.4013687304671625,-0.7965599259172887,1.8618007367707785,2.1232364654842026,-0.46495408815109995,-0.1411352774311211,6.268032410900125,1.84273285266652,0.006695472002654156,-0.000148970746005961,0.0007749226615297013,0.1,7.736275495666151e-05,0.004694768198255138,243,0,1->1,1,1,243,0.11302766725313726,0
False,True,0,False,True,0,-1.665691888836879,-0.882477877349721,-0.3868085519207106,-3.1925576938100226,-2.967972746204352,0.5891907427162196,0.7813441026948876,0.5658143304823704,1.103429783897912,-1.0010320966070985,1.1560038484559154,-1.3440579964793862,0.555921439663802,-0.01637676572310648,-0.2067200681582973,-0.26347220803342797,5.376107993678146,2.789407762375965,0.006379725232869756,1.9774255362436238e-05,0.00068640289506428,0.1,4.612693281449542e-05,0.004075667454506272,244,0,1->1,1,1,244,0.01681946403906058,0
False,True,0,False,True,0,-1.6719255828536592,-0.9982792976300062,-0.24282937886632683,-3.32688905552871,-2.325275685414867,0.8115399326921751,0.8239766478726666,0.5610325288593172,1.5567940531926117,-0.8971966048802625,0.7671631233181331,-1.4628999466693136,-0.4172250012546928,-1.47306857643423,0.05429235053465502,-0.3931385027731447,5.433739816620042,2.0129853861602425,0.006068544326113381,4.56586302802469e-06,0.0006429682120253391,0.1,-0.00018581343164385342,0.004043638805293781,245,0,1->1,1,1,245,0.022369925407902152,0
False,True,0,False,True,0,-1.6974732710772134,-0.9888947394836725,-0.36643964991852507,-3.72810131303841,-2.0672407481318786,1.1360313824235215,1.0265574722494297,0.3726070763531408,1.5673205795375031,-0.7118270325325061,0.8873577657626014,-1.7257598134407037,0.2137813054156216,0.9306411943025795,0.09885572671072558,-0.33567113540788623,5.598920906423876,2.5932034555540833,0.005979392334504635,0.00022202891514762953,0.0006071895104684679,0.1,-9.082968387939816e-05,0.004355646321390767,246,0,1->1,1,1,246,0.007497305553279127,0
False,True,0,False,True,0,-1.690159029718653,-1.0418785100347678,-0.27125524482565694,-3.8839831016377993,-1.5461897147219639,1.210867537727078,1.1664296918496602,0.007990203145196674,1.4341138981345904,-0.18205820617378815,0.9061295014638605,-1.7477426515461367,0.6055611114676067,2.47403906938145,0.2429212554829033,-0.14836489902029665,5.98657024004268,1.8320660155253015,0.006317807576097976,0.00042756723320208634,0.0005149162138041011,0.1,1.2714275604681045e-05,0.005137300939364877,247,0,1->1,1,1,247,0.009134198261961166,0
False,True,0,False,True,0,-1.672875781265563,-1.1354124846076652,-0.01872936117438618,-4.00606440916788,-1.0220127081515082,1.2738245816615725,1.206751191842534,-0.766395203010192,1.255163526563382,0.8449370756777124,0.8362847918210722,-1.3639694767757937,0.5579169003455287,2.5608457145760406,0.3137570146702215,-0.03516733193629353,5.982937831790166,1.4947520272308497,0.006246673243144006,-0.0004095495745473103,0.0004540509593869201,0.1,-8.744084866355983e-05,0.005424141689892147,248,0,1->1,1,1,248,0.005948375079496489,0
False,True,0,False,True,0,-1.6756300380990359,-1.238291258277204,0.3181139605363959,-3.7982646060415055,-0.3764310068816616,0.7616556095867947,1.1403183036420965,-1.1172703875069683,1.34393803499911,1.5122018508108472,0.6752087877533355,-0.9653254050972379,0.06385911820143776,0.8674253632303818,0.509170446304411,-0.004146936820906401,5.2767664242741805,2.1823737863485237,0.005946333308209681,-0.00022920560198035587,0.0004504207107459789,0.1,9.544853988227402e-05,0.0054096698985192995,249,0,1->1,1,1,249,0.001641816485023917,0
False,True,0,False,True,0,-1.662972231812227,-1.209587475979649,0.3303843168962978,-4.048759187008292,-0.020981095285491243,0.5644252389314895,1.2839423960751124,-1.1672440531279167,1.096559990501013,1.8318609424647607,0.5415125682230318,-0.5274582445766252,-0.31874536295535066,-0.3002978514453274,0.6301698338930611,0.08426743506317803,5.391945338727419,1.468895414610775,0.0061992196517439415,0.0005532262784685863,0.0004367482178703994,0.1,-0.0007157646931867752,0.005941013433946498,250,0,1->1,1,1,250,0.004139337265061428,0
False,True,0,False,True,0,-1.646448404245692,-1.2391798241511056,0.3862934778506255,-4.1041178406209395,0.3629062647947504,0.8215992763853478,1.3679047642395048,-0.841748290789157,0.9727690420159963,1.8699452262750031,0.5093377549070381,-0.18250649425936344,0.5119939407058481,1.8108357119584884,0.7256868859562086,0.13384937923729137,5.726574757568225,2.3726020420529137,0.00628809169832196,-0.00016401429695624224,0.00033161011528251696,0.0,1.185824476874174e-05,0.004652108351614363,251,0,1->1,1,1,251,0.0026307633032057382,0
False,True,0,False,True,0,-1.6215141746933766,-1.3859233015923595,0.5771315138048988,-4.0901611691470015,1.0418345376855906,0.6269942147535856,1.4754304990977951,-0.7469933189696749,-0.16840536000114456,1.7693768022064364,0.4363029231345867,0.5165695773137318,-0.3914337352470713,-0.6118097708923836,0.8557233595816661,0.261709347855955,5.511991144681895,3.017152490055061,0.006586919655662303,0.00020995591076232445,0.00024300471660104348,0.0,-1.4038226759322328e-05,0.005683191411353602,252,0,1->1,1,1,252,0.0036249925705121393,0
False,True,0,False,True,0,-1.6544722946681396,-1.5566064958405104,0.7841419387730694,-3.5562525363388584,1.181779531296894,0.2303881298669127,1.300961216774058,-0.6855097567835915,-0.9457067691449286,1.6204570722076315,0.8776293738503772,0.6910376012253745,0.2772257673032473,0.4162228472467092,0.725203167239339,0.48582552931898215,5.236914583654747,1.7297497949771528,0.006265420396744953,-0.0006203272162576936,0.00019225712554373357,0.0,-0.00032837330844624323,0.005666077638674754,253,0,1->1,1,1,253,0.013960542607762954,0
False,True,0,False,True,0,-1.6689398339111141,-1.6924730134437302,0.8801752672972026,-3.301774889284909,1.4264244711491296,-0.09259519935394407,1.1362591988684843,-0.7662910211601051,-1.2360841978125416,1.4515730707409003,0.9748249007603768,1.0542399394561015,0.09322060615105708,-0.8239026256010041,0.8568563302225628,0.5282467483608001,5.316388209452047,1.4613613540547523,0.005960462690689094,1.6541552861491955e-05,0.00020096593362871066,0.0,-0.00023410860372526793,0.005665104391017934,254,0,1->1,1,1,254,0.023867445235508808,0
False,True,0,False,True,0,-1.67177805772173,-1.815198613615194,0.6578598167038257,-3.264304970130665,1.7793655303818845,-0.548287436077791,1.260462781848814,-0.3102993587241004,-1.3678566711640485,1.1921256092725334,1.053579980359021,1.0239039102094438,0.1192759519486089,-0.6930262194196577,0.9358379123808364,0.6497007814545699,5.409893229602891,0.8672207385942572,0.006566709239297957,0.0009112042546647213,0.00022850376001469307,0.0,0.00038018829140054784,0.006827813604597608,255,0,1->1,1,1,255,0.05328162855816908,0
False,True,0,False,True,0,-1.6722464580272842,-1.9893963238548766,0.8308981298773066,-2.932872644955308,2.02382331924029,-0.8889315175398704,1.1921876110466327,0.20398325599732645,-1.3291340610969553,0.6249444077385341,1.1309387107205513,0.9725899682420707,-0.34313486554664097,-1.6218430033525764,0.7957110528738169,0.5733965345983305,5.5075251158063665,1.4313890176933637,0.0062717845014377245,-0.0009011712864690951,0.00021002199002876954,0.0,4.49585074035596e-06,0.00672373482375356,256,0,1->1,1,1,256,0.06159560797121618,0
False,True,0,False,True,0,-1.7100226144435782,-2.2183442224178394,0.9724733358081498,-2.443395699651132,2.2414083851308546,-0.9268050825401359,1.0988050077129095,0.944861530875078,-1.2923273551620984,-0.23242819002570264,1.4559576253002458,0.3726052384390334,0.012284806757801229,-0.6558952065779218,0.8507988917971313,0.6085131810075836,5.292165884571597,1.78481976905836,0.006029196076493278,5.2336312915786214e-05,0.000221468570987669,0.0,4.0924838397174076e-05,0.006144362176790601,257,0,1->1,1,1,257,0.04567554264932444,0
False,True,0,False,True,0,-1.7348750800781947,-2.386141189804567,1.2237683149272993,-1.757603485500045,2.1682336384611567,-0.907505628235053,0.7541804935652003,1.0588105502121474,-1.487916456267502,-0.8595347431604488,1.699196560912388,-0.06840080515147832,0.19812651527280084,0.029754950736485996,0.8046149194699188,0.6652185585633072,5.212439658553515,1.3765471353385141,0.0057571592285763935,-2.944842297243882e-05,0.00026806435112713663,0.0,-4.627079440787125e-05,0.0059183072039789624,258,0,1->1,1,1,258,0.06127613012684335,0
False,True,0,False,True,0,-1.706040804791638,-2.3705103484733843,1.465906642430593,-1.4867381261768735,2.2711824704159054,-0.9625758497558403,0.6376890046976982,1.037346451354194,-0.9973274991542727,-1.2628595845746702,1.759888025660547,-0.2818612886622511,0.7137642474471118,0.9335397933271594,1.04538992810097,0.5042611660043734,5.363413880250034,1.3341376994048562,0.005481984346597764,-3.1380340617444963e-06,0.00034390106572755363,0.0,-9.157394380149677e-05,0.005927872677748936,259,0,1->1,1,1,259,0.05131479016542539,0
False,True,0,False,True,0,-1.6999431309347721,-2.2941167759595484,1.5382456508192162,-1.349196743998879,2.193235041596639,-1.420096486260658,0.5008277320517805,0.9462578344683222,-0.5333105614606396,-1.3781842008916139,1.7309161326076676,-0.455260773780997,0.5687109608595814,0.7617914272127712,1.0274097020680568,0.49494181989947245,5.267987805472808,0.7634914116296843,0.005573331629578511,0.0003665221649593762,0.00038639554430535924,0.0,0.00010233506625239013,0.005476645620587262,260,0,1->1,1,1,260,0.06499134782033704,0
False,True,0,False,True,0,-1.6474936672760254,-1.9975899053304116,2.352073911149988,-1.0251548368990355,2.0957949301214587,-1.905975798616989,0.607836164640705,0.8611302283450262,0.3019543130504586,-0.7524540416845473,1.4969204900917632,-0.6638224464441592,0.04013858543704197,-0.43240511939954296,0.5256883076332145,0.037652492286445884,5.14056144902306,2.115669901265209,0.005301859692070391,-0.0003628192204888662,0.0004478234429062927,0.0,-0.0004479331074400514,0.004379397910666833,261,0,1->1,1,1,261,0.030316821421321274,0
False,True,0,False,True,0,-1.6822303225743063,-1.7983606665593264,2.6567767874721153,-0.4745283755927771,1.8628338845463883,-1.3943162767851736,0.31026510660313616,0.8474258863167723,0.8180216424137926,-0.7446874917514695,1.148756742735789,-0.8734568964597313,0.6360199546445914,0.9400537885294927,0.46474721980845746,-0.25558355335557087,4.923250576174123,1.8978157408591263,0.005067066628683654,3.6678874121382106e-05,0.00047579649861377956,0.0,5.627680750056388e-05,0.004036682206481283,262,0,1->1,1,1,262,0.02762183369666686,0
False,True,0,False,True,0,-1.6878739935565004,-1.514849252554632,2.9419794917038793,-0.4057800079062179,1.7565825304046387,-1.4395079452216437,0.21645102469297955,0.45505940061751926,0.6843796868163045,-0.43642000919075474,0.7452797893707972,-0.753804107037882,-0.8056797003504368,-2.4427760301811476,0.4583028199526175,-0.4111588574619568,5.27231089221935,3.765480289391081,0.005130550374120181,0.00029827680882326454,0.0004947060271239645,0.0,6.752892097524428e-05,0.004253129969147725,263,0,1->1,1,1,263,0.010613840046223127,0
False,True,0,False,True,0,-1.747506008536717,-1.2756631259382845,3.004864899118464,-0.2903924068753125,1.48273678625072,-1.7322412509980907,0.04045598994291759,0.05746734276185215,0.7872191104010567,-0.3073144246997874,1.0493684276316866,-1.0278108820381715,0.2806786106819483,-0.02035575512355848,0.2746717583541111,-0.3735051088078396,4.630387994362467,2.775968152217968,0.004880232150411204,-0.00031380196914550414,0.0005497842206407571,0.0,-4.875184875269365e-05,0.004184494055532639,264,0,1->1,1,1,264,0.011071420454088873,0
False,True,0,False,True,0,-1.7476694997003859,-0.9736099327501251,3.373522838788629,-0.06288547596390014,1.284728431518417,-1.6946699923230801,-0.0371600834350139,-0.6253084117954922,0.6396788002620423,0.3242847686778042,0.9003960308045482,-1.0045160526421888,0.13176519446754867,-1.2476251269022924,0.47291836438403456,-0.5436867356778031,4.886813674918603,1.6827893688351898,0.004914131769241192,0.0002842178425389646,0.00047175095729450663,0.0,-6.740707880530106e-06,0.0035403121287696723,265,0,1->1,1,1,265,0.031893259674508526,0
False,True,0,False,True,0,-1.8049134446895148,-0.6926449472781651,3.5054339323028048,0.01762182373537413,1.0842669666472968,-1.9603632479787692,-0.09316785020668619,-1.045374424024735,0.36551873706791643,1.0159263370768234,0.8179579169089872,-0.8534732087242033,-0.14108534524311767,-2.396070790301717,0.3852542665894487,-0.4954510496669598,5.444174315216916,1.5436963758207922,0.00478936783160925,-0.00015866355646192935,0.0004105287640429606,0.0,4.8363514938417045e-05,0.0036584819958732423,266,0,1->1,1,1,266,0.05894745949772573,0
False,True,0,False,True,0,-1.8651832163654836,-0.4218427080986185,3.6690385127903946,0.2517130712140174,0.7713972851925646,-1.7541915594068833,-0.16893203726535566,-0.8381011420060464,0.2645401475144317,1.536048603145957,0.7476401910388382,-0.8418771466259958,0.09112848067347125,-1.558188569776055,0.08291632024116148,-0.5146113474098964,5.131979332886044,1.2170358346881796,0.004802782006388272,0.00013817811241096344,0.00034374873755969106,0.0,-7.611346790874565e-05,0.003914744014990061,267,0,1->1,1,1,267,0.0810055365361107,0
False,True,0,False,True,0,-1.9441876541232663,-0.27201768297975626,3.8252465494614656,0.3931575904735646,0.7345019623305693,-1.4717179716232849,-0.241588187532587,-1.087277389854284,-0.03665575075422659,1.5090464203203915,0.8789082069437274,-0.9474865659106678,0.3427118086176273,-0.7641472038799355,0.03717025918313845,-0.4153356691528648,5.024183324728735,1.023324975702297,0.004631493382274257,-0.00018470279889303692,0.00031298639970520867,0.0,-5.645624396360266e-05,0.003946536727223614,268,0,1->1,1,1,268,0.07848563923953025,0
False,True,0,False,True,0,-2.0195190744961424,0.04161400595714353,3.969872662742966,0.38696042051894336,0.6043230818550088,-1.3266993099038904,-0.12984246354229098,-1.3178704333391213,-0.5731988294699719,1.4022589767554976,0.9565548566634133,-0.9194513334517922,0.3742832477823705,-1.3089866966771098,0.011839770285277426,-0.5261843901840941,5.232837140482322,0.9195134037406562,0.0044063967037516845,-5.380805440855733e-05,0.00033486825643543283,0.0,-2.443038966229742e-05,0.003950942601456423,269,0,1->1,1,1,269,0.16186675250241733,0
False,True,0,False,True,0,-2.1041632158951336,0.23151203605362025,4.139987443470835,0.6767667405192466,0.5493641602438608,-1.1091045301118447,-0.18689814531551524,-1.4498183023191162,-1.3257877622207879,1.0899895771867523,1.061583953918655,-0.8905036942021723,0.48276293493979355,-1.156323399313346,-0.09519111877600495,-0.6042355240505708,5.419586538897387,0.9775372467295234,0.0041913466278546965,1.0046602625584516e-05,0.0003340799236180497,0.0,-5.0910480530409665e-05,0.0032804072460298093,270,0,1->1,1,1,270,0.28202128642586183,0
False,True,0,False,True,0,-2.1751585696299864,0.5400104631300681,4.0421838540086235,0.7428712759928006,0.35789340256580543,-1.0764349540925429,-0.14197005129615875,-1.2135305749122438,-1.540436214680778,0.8594176671389904,0.9497752762996265,-0.8363133877247739,0.7168323142816209,-0.06370345600124552,-0.25002904098376294,-0.565749401265395,5.157090107549083,1.2643036263903864,0.004313992819229703,0.00033769626727199464,0.0003186781922218425,0.0,-7.82386778215593e-05,0.003645533105474887,271,0,1->1,1,1,271,0.2945506272410106,0
False,True,0,False,True,0,-2.2636150025998893,0.7359049113421593,4.009717944804927,0.6953077962786093,0.32172788366131866,-1.2020184979498187,-0.0022125112943360186,-1.0616146535878295,-1.8754695620873678,0.874833558951079,0.8597298205104105,-0.7422188702818093,0.010002973554311774,-2.0704204182254786,-0.3146254525057783,-0.5261741744697052,5.558693957166809,2.1842417031744588,0.004115537003366065,-0.00032110200723864477,0.0003423055412312518,0.0,-0.00027379927032824495,0.003672434553699715,272,0,1->1,1,1,272,0.32247237788225047,0
False,True,0,False,True,0,-2.3349975410276604,0.856780598364572,4.095242259268357,0.7709911971250634,0.2255209037084137,-0.8085374759060486,0.03905653468507397,-0.6425990999750759,-2.126974875444872,0.9913172131520096,1.1950547455177511,-1.044587762105162,0.5332547297668969,-0.07348427627045727,-0.7429498602848527,-0.5532620017390202,5.406091634929516,2.2584384141674807,0.004262378175442852,0.0003452969879404249,0.000305908576006791,0.0,5.473375417991552e-05,0.0034207133776973566,273,0,1->1,1,1,273,0.32094482565481053,0
False,True,0,False,True,0,-2.362422616116078,1.1804373607962144,4.359809660682728,0.982822742708782,0.27808720733197745,-0.3459777457472646,0.38307648918146536,-0.4522889138464016,-1.9131706923299645,0.3370107064322655,1.3499416929705925,-1.0446524293387103,0.65922867638896,0.158829963751195,-1.5379113035776342,0.32097096233617434,5.6492991160363975,1.5986157392421345,0.0041418007270433875,-0.0002674186204762513,0.0003012676149627688,0.0,-3.9754354189736486e-05,0.003586458796727775,274,0,1->1,1,1,274,0.5556142142716379,1
False,True,0,False,True,0,-2.448974621319933,1.393566562266165,4.410363902326815,1.0340589300675556,0.18060746271106698,-0.2845481709652109,0.5390290242486828,-0.18209724278933562,-2.042697856711419,0.11949836345211452,1.1882523303731358,-1.0984307834027185,0.25145538754798336,-0.47426924927581976,-1.7553528163076535,0.18279951956119517,5.7786669569275375,0.9461961237650119,0.0041059491807685835,8.472590212466047e-05,0.0002719652670778051,0.0,-0.000647861376242597,0.0036461073182538725,275,0,1->1,1,1,275,0.8387021265679695,1
False,True,0,False,True,0,-2.6054435896703065,1.4765801250589443,4.185522890261004,1.0419342502169955,0.16952486322854365,-0.19640324341282384,0.526882439260162,0.03932603351811615,-1.8638549088690457,-0.04235345655875538,1.1636456999606934,-1.2473973067990114,0.8221018203755214,0.8839125815948409,-1.6414185789860973,-0.07785552531812413,5.647348444984448,1.572021651558401,0.003920125285471107,-0.0001499723490226727,0.00026399875139124826,0.0,-6.990173746963986e-05,0.003496476558981125,276,0,1->1,1,1,276,0.7288822247538183,1
False,True,0,False,True,0,-2.728713375822844,1.5158279832490855,4.164709968668204,1.1858502239122026,0.4558481400453484,0.15769066235871038,0.5830469852192245,0.2538787827972429,-1.6094139121013222,-0.015672467712172004,1.0787045316614507,-1.1619832318752996,0.8050360495859845,-0.14539225150236487,-1.360741472569946,-0.2025620484488815,5.425878334903851,1.2363192825296612,0.0037461396849251998,1.1838294751569632e-05,0.00024646724683877923,0.0,1.2493723770857189e-05,0.003018825536890861,277,0,1->1,1,1,277,0.7447086668330422,1
False,True,0,False,True,0,-2.832864660263061,1.5591919172492419,3.9376380355964113,1.176569907576377,0.653335297451665,0.24817002549821637,0.7112979600135649,0.41707270560637977,-1.3613551785488396,0.026294130083293118,0.6556951782518615,-1.0973880924748582,0.41244529634233446,-0.8693017234330831,-0.9670604564145516,-0.2655064079591362,5.091434830972938,1.11272948331656,0.00426664616933651,0.0006944920849572172,0.00019425940421,0.0,0.0004302679952922924,0.0038297570935555934,278,0,1->1,1,1,278,0.7036671151163567,1
False,True,0,False,True,0,-2.939081682256047,1.5835152205735128,3.585421290803741,1.639968965873437,0.9144311738196678,0.8175888606979622,0.9087428019431163,0.32079932966653635,-0.585664704615666,-0.23526551892149014,-0.0026041500565923224,-1.0823843204833101,0.5241809103732836,-2.5175041461219263,0.08096086057519447,0.4651214132560113,5.326094092231245,2.5012486770025357,0.005326735116969107,0.0005395824632212871,0.0004189084974840713,0.0,0.00020525509126982948,0.00531977240675093,279,0,1->1,1,1,279,0.20268997392013333,0
False,True,0,False,True,0,-3.0782169174288296,1.516030944904537,3.3372006505821723,1.7068889721378941,0.7154859497062741,0.6712394724863789,1.082912616137806,0.5066900577658535,-0.48307702584423123,-0.1290991666021304,0.1154847038259709,-1.4623953129564458,1.2273793473777241,0.015520441705555965,-0.31603477432849014,0.5336292948227738,4.766393533763903,2.7329547514590464,0.00525132192222253,-0.0011355021423791745,0.000525926808056977,0.0,-0.00011675273970576617,0.00548499743756397,280,0,1->1,1,1,280,0.11694018266284921,0
False,True,0,False,True,0,-3.2776087214336593,1.0083973907470143,3.0150073477707777,1.6599889585592948,1.0612893087030724,0.8252026371423697,0.9856413983417559,0.5214449961674601,-0.3151235591956304,0.2267005536543182,0.1780244191456782,-1.569453704944032,1.0594594470297136,-0.3471107291373298,-0.2871860865812936,0.14649189390637668,4.482584353149844,1.0183327873529844,0.0049983206516912276,-0.00017758807578472507,0.0005645392760559854,0.0,-2.0641937490890536e-05,0.005003873689260325,281,0,1->1,1,1,281,0.24685659848767003,0
False,True,0,False,True,0,-3.489581848050497,0.5327684321323191,2.706726311858595,1.7472371512055773,1.2927502810626808,0.7575701056061657,0.8355644488166093,0.91204975884058,-0.019809703833633025,0.5705113237194591,0.4127737134042316,-1.7285231555466056,1.610159088246205,0.9127356146870517,-0.2829706642572529,0.16064928605028111,4.712215423761586,1.6684052312989979,0.004884124493583635,0.00013880511242370976,0.0005717401532166022,0.0,-7.69963824633884e-05,0.005060112903144098,282,0,1->1,1,1,282,0.09958647932147385,0
False,True,0,False,True,0,-3.6521573620926464,0.14475595474924563,1.8784950418071082,2.0403575417513533,1.382889061125229,0.29503609011409,0.4716975141437186,1.14782428722072,-0.17933004861263957,1.337913184415384,-0.0376330966487983,-1.9415844002364282,1.0792282180685586,-0.5032311649922151,0.37454933717031924,0.366301689560604,4.43334778421685,2.2322659537102636,0.006840972076349933,0.0020710437408738907,0.0009279905538941941,0.1,0.00071780979388111,0.007363319312311824,283,0,1->1,1,1,283,0.023896851885770377,0
False,True,0,False,True,0,-3.763543435361067,0.03266600242997753,1.5857419035916545,1.9536079121042005,1.2188423554076817,-0.030469388423151566,0.10536714799514654,1.268315545500711,-0.3221338964011124,1.5863073132025798,-0.5281781638602683,-1.9395678927361801,0.7690013171486354,-0.6982594507488226,0.9676118136815199,0.4031196758732511,4.439037148727086,1.0999403031507637,0.007012475097951124,-0.001785344561165107,0.0011394718578935897,0.1,4.287330340311526e-05,0.007801321497721848,284,0,1->1,1,1,284,0.050069041291531724,0
False,True,0,False,True,0,-3.84190607929505,-0.10688716961922619,1.5177461547845574,1.7467361814569602,1.047386943448474,-0.3138378519412624,-0.28982170332064605,1.4427443951563899,-0.6799803388280827,1.940552841889026,-0.9394039329920552,-1.6115031584845165,-0.043170021837641195,-0.7423642725723508,0.7525141714086463,0.47589955860570227,4.425636435076796,1.2699361885637108,0.006977604832111832,-0.0002063732874404839,0.0012369266949964414,0.1,-7.352667992335891e-06,0.007810699324526661,285,0,1->1,1,1,285,0.05659504916315385,0
False,True,0,False,True,0,-3.902094015008637,-0.2801878164197728,1.3859929290115316,1.9220004342735588,1.206762401072455,-0.7650323833779833,-0.5870341869775768,1.4260642105577401,-0.7600861170460436,2.331512132613566,-1.1888403146598645,-1.4250533535933845,-0.36758238340280763,-1.2657588394879604,1.0315319180577378,0.35103132212935567,4.959448008502514,1.0621671604248826,0.007386757426457669,0.00044402286018513024,0.0012850857983554452,0.2,8.922999735122561e-05,0.008584857716330547,286,0,1->1,1,1,286,0.07277424400855421,0
False,True,0,False,True,0,-3.9712065223362396,-0.193013046156999,1.18826230213471,1.90013959814893,0.6937766629163925,-1.5374251864093786,-0.8848495096400847,1.7804800670764678,-0.9133697110360511,2.202640729057228,-0.9519928098320896,-1.1015364095257063,0.7811943585133877,0.9930382240573667,1.0681873688006656,0.2355922429212803,4.990737571528009,2.786285427643873,0.007054226291928107,-0.0007416837288754001,0.0011541904264514762,0.2,7.213893965971746e-05,0.008586768855356768,287,0,1->1,1,1,287,0.026241448332432426,0
False,True,0,False,True,0,-4.107612800471146,-0.38265545210446417,-1.548515909821645,2.8767027611211495,0.5363071993346379,-2.110371168150098,0.06965315877641347,1.4350257562186173,-1.4212696507539297,2.5794219562372525,-1.5636589992673051,-1.1910303083255933,-0.04883648582938299,-1.470621328472204,-0.016835667302361246,0.391843204289768,5.91187293315179,4.315554348481112,0.009696125482622029,0.0029744303252234846,0.0014794589622919292,0.3,0.0017160352024307136,0.010331418405510143,288,0,1->1,1,1,288,0.025688314653140625,0
False,True,0,False,True,0,-4.081669548906957,-0.12498363292257651,-1.8410469663789932,2.795774148693308,0.34978403148682513,-2.076103723095922,0.5497667293807769,1.3383029772342445,-1.4767721378981817,2.2029904784260017,-1.310880879679277,-0.9007478243060187,0.39146663015673105,-0.6449376895755687,-0.5854971807188555,0.20841566838890077,5.528910963019345,1.4002160296695656,0.009277156826798706,-0.0030608678465172453,0.001637612609949171,0.3,-0.00012294177566397804,0.010202443788704689,289,0,1->1,1,1,289,0.3633326975291908,0
False,True,0,False,True,0,-3.960385784249971,0.23089670755159528,-1.8691994014748887,3.1078600738229794,0.3544802550755065,-1.8772844759431042,0.8566686315964543,1.1741304767645655,-1.430514763392818,1.8511947099808717,-1.5040836946383005,-0.48916145836799585,0.15171854937512796,-1.012514471278233,-1.066479938968415,-0.039425803472382795,5.553813688887634,1.1037371068053257,0.009697163666949551,0.0008389754959741685,0.0017297507643851855,0.4,-3.0034972445417557e-05,0.010806283716884173,290,0,1->1,1,1,290,0.5989106713079754,1
False,True,0,False,True,0,-3.8127868427515432,0.7239445905662333,-1.4524383718127885,2.8862202536406403,0.027749928296467816,-2.173578555868588,1.0321517232833657,0.8762249695871184,-1.4660948571839034,1.4523638773399312,-1.209493304922587,-0.2566168935397835,-0.09536839386482351,-1.5403707977748284,-1.5414065752713617,-0.114483397764346,5.417979109282566,1.2937720753205102,0.009235331760319026,-0.0008818387467813705,0.0015944992040758743,0.4,0.00015328605648960627,0.010703900887085328,291,0,1->1,1,1,291,0.7116225398397237,1
False,True,0,False,True,0,-3.6521409603814,1.5485032705122135,-1.4059322205297708,2.5092334996623946,-0.9980018245523493,-2.49161520267854,1.0441936519024129,0.8192196555522995,-1.0715569551604291,0.5290233460823633,-0.8853466397017417,-0.1106021106678353,0.5422006802526935,-0.5362186755093898,-1.7561322608799925,-0.23923401147578086,5.1194651897947985,2.1489042432896643,0.008878761654121624,0.00010526180043312315,0.0012426695997748408,0.4,-9.786366891838434e-05,0.010237516741372733,292,0,1->1,1,1,292,0.6433596989663818,1
False,True,0,False,True,0,-3.4331524694799085,2.3176362827548282,-1.716309764183132,2.4263323978415112,-1.3322033256108299,-2.7258014131478894,1.5883830318970975,0.8097787787200389,-1.1548115366135854,0.4765405802172851,-0.5291238347877661,-0.3745132322026374,0.6001922211966445,-1.2077594520764965,-1.7452074069698884,-0.3677123059907231,5.782848920489593,1.3721074989804467,0.009927640697788396,0.0014054491498641745,0.0012493623727751217,0.4,0.0003922365605044482,0.011364013079453276,293,0,1->1,1,1,293,0.897313418107964,1
False,True,0,False,True,0,-3.2488687090281796,2.790330746030292,-1.6348994602569942,2.482810718958042,-1.4190238041450045,-2.758841425049865,1.8661266769064513,0.8071404181486375,-1.0266527431830441,0.26960678739348426,-0.40259187671366825,-0.594621126893413,0.8142557811098121,-0.730643957169024,-1.761600652462161,-0.19150597985757714,5.973173746832642,0.8840134802048368,0.010430487887099585,-0.0005460318543555834,0.0012603353727772316,0.5,0.0001588490756042997,0.011960062108012284,294,0,1->1,1,1,294,0.9313529539645801,1
False,True,0,False,True,0,-3.040299338695551,3.2584241411003863,-1.566745872842178,2.8425082771539585,-1.5996187972593512,-2.7195201653654513,2.065650887555606,0.6561980007129082,-1.1340340647471048,0.17192315150535178,-0.42414643637607324,-0.8186632493310378,0.6197211233767173,-0.8970254063117017,-1.9096326470892802,0.14710858443423924,6.447049861753509,0.8759145035265687,0.011282698262951902,0.00034936318654112813,0.0012824472474387302,0.6,0.00046776067289526404,0.013075622747489513,295,0,1->1,1,1,295,0.9459309973347148,1
False,True,0,False,True,0,-2.8189768371819244,3.4520505822731584,-2.5212445218170347,3.2285241535804086,-1.1976198790669896,-1.9169629450225165,2.5558059024796895,0.016719466007080686,-0.9325882504675562,0.3246443484356861,-0.6489974794024176,-1.308558718699123,0.5918505885958019,-0.4218827174920142,-1.7696297247657515,0.06912819282901612,6.721538835044982,1.7911213183434955,0.013447041609005336,0.0013121329702011162,0.0016609496097355085,0.6,0.0013288839680732625,0.014574475618725201,296,0,1->1,1,1,296,0.7631165902178564,1
False,True,0,False,True,0,-2.6817484595219074,3.8413370048198696,-2.824193959022399,2.7455808521649785,-1.565830820942165,-1.7476510444152586,2.4947756082578323,-0.17732744587647659,-0.7834618524706307,0.3771264569591405,-0.5264182629124124,-1.2826013139192254,0.16147623515481457,-1.0569272137044154,-1.6187899224299938,-0.38970532602730695,6.821089761463115,1.2503958590241286,0.01350522134042857,-0.0021061636146301986,0.0016885594853315816,0.6,-0.0002937348567805063,0.01538922717687148,297,0,1->1,1,1,297,0.8283948029392508,1
False,True,0,False,True,0,-2.4703447250778146,4.377765964763827,-2.479370881222271,2.4776024113429793,-1.6238222547969017,-1.831132772807726,2.5363286541577454,-0.16873707994435594,-0.6684785797222426,0.20290643116243157,-0.2638249930857457,-1.2555389157969867,0.5837951281852244,-0.29685438142576726,-1.2003617376664926,-0.08848737429463008,6.750314129034103,1.2924532294434046,0.012874904096249194,-0.0006884969756026111,0.001807530856702416,0.5,4.474127792015656e-05,0.014202507576677435,298,0,1->1,1,1,298,0.7812478394596426,1
False,True,0,False,True,0,-2.202872031296178,4.821488951040064,-2.8284650009545675,2.6476731289355278,-1.5894470320982406,-1.874503748337737,2.737854542601134,-0.013947291200377937,-0.822192269560538,0.7739476280638798,0.011556438673776401,-1.5842178576239676,0.7409764747499566,-0.24588979506488648,-0.9931224955308071,-0.4992746545393411,7.417882282085893,1.1222460195396358,0.01469556724825372,0.002450980396183902,0.002074233907335836,0.6,0.0005149522904894996,0.0165690235500244,299,0,1->1,1,1,299,0.8405769138105373,1
False,True,0,False,True,0,-1.8764252689065455,5.433691805645066,-2.495091731301042,2.3776297852168327,-1.7041598208135222,-1.988430245779914,2.670399468202135,0.20329065088955,-0.9929080815566325,0.9232896563390565,0.3682090878212709,-1.2724240942921663,0.3318495754023424,-0.12023932198864606,-1.4762866926187892,-0.3021222935958854,7.693649249067921,1.2143536133787614,0.014092610210739499,-0.0024236201895187458,0.002138604344731886,0.5,6.930797100492513e-05,0.0161314413301543,300,0,1->1,1,1,300,0.9015242265096404,1
False,True,0,False,True,0,-1.5855762614853306,5.89999496212262,-2.4229994693452235,1.6724192224285528,-1.7780892123130916,-1.4728570918844506,2.191995686508063,0.16739644288273212,-0.9910757364079308,1.1360834807792848,0.357507496284595,-0.8563795414954664,0.1617788491084048,-0.49367644648023234,-0.34339470655662113,-0.8975196455341727,7.487353682240182,1.8250491980396883,0.013412431583855725,-7.722158936955374e-05,0.0019757115863129012,0.5,0.0001333390530392116,0.016130289331393096,301,0,1->1,1,1,301,0.7132174949917713,1
False,True,0,False,True,0,-1.339954195110234,6.322133598201264,-2.2014376599310475,1.2347466666578812,-1.8907361583201574,-1.5168122323898448,2.1103395177175313,0.10334719175713793,-0.8961839474591643,1.1075298629783226,0.5514179322233531,-0.6105184892972004,-0.0173398142472315,-0.7846642454690089,-0.4745303940044315,-0.7434469366053181,7.697224802623825,0.877570847313444,0.013763683370427927,0.001031430413455976,0.0016201644405919333,0.6,1.1752368478655864e-05,0.01708602643199145,302,0,1->1,1,1,302,0.849571498763577,1
False,True,0,False,True,0,-1.1448485640936708,6.607435302543518,-1.9036336680984984,0.8136086647952536,-2.155640330472704,-1.7450711253904676,1.921421108692911,0.21198074300392988,-0.8752728464833909,0.9833453877675796,0.8007872089975051,-0.42203029764153605,0.30184443048079257,0.10561766160004189,-0.774888937641489,-0.3957652812301407,7.855148047704551,1.332075672504745,0.013111071027523099,-0.00100386412947703,0.0012831707726336037,0.5,0.0001625073446173131,0.016195643697942203,303,0,1->1,1,1,303,0.8380775864848259,1
False,True,0,False,True,0,-0.905929382453728,6.912346785047209,-1.5735687477138915,0.6073078424017936,-2.3107565776287617,-1.6455761064136505,1.7130022975738626,0.2862963305613255,-0.6580267692815933,0.873279769276139,0.7115344371058251,-0.18361355546813868,0.3828973994794524,-0.0698245462321615,-0.7493991509671801,-0.2253944763282324,7.977571335735089,0.758697684163216,0.013367091625198193,0.0009086329405799225,0.0008898889782105646,0.5,8.703359683119756e-05,0.016428477139386485,304,0,1->1,1,1,304,0.9047491405154259,1
False,True,0,False,True,0,-0.7359821437788157,7.1344700321636045,-1.2738775808671887,0.08330660636902495,-2.457313879856504,-1.8154901992341148,1.7050196427830022,0.5015610825260488,-0.7310549151855917,0.6713125064962485,1.0647683419065488,-0.11081708079065544,0.5569868873092001,0.11938740226249223,-0.9975755874582124,0.19483422184621801,8.277717492226465,1.0098786000622781,0.012714964034161747,-0.0009081481887115404,0.0005808547234214455,0.4,0.00018172266809621425,0.014755045851313976,305,0,1->1,1,1,305,0.9259616847209017,1
False,True,0,False,True,0,-0.5249843813518223,7.263598850113885,-1.0653080018793974,-0.5873669964987013,-2.4450799659842826,-1.610171862779797,1.5884899431905857,0.45955394899684127,-0.814998917364926,0.6261824712881091,1.1775953230989409,-0.13991599934824805,0.5497421655063014,0.12786571988381576,-0.8061737343508042,0.35584426297470034,8.3593786047445,0.8351592526167769,0.012276928112741206,0.00021409166961590571,0.0006983398079688296,0.3,4.541302462440777e-06,0.008918845459815724,306,0,1->1,1,1,306,0.9286503286908767,1
False,True,0,False,True,0,-0.34042433348488343,7.27276061644317,-0.792965792635862,-0.9566453777995836,-2.5132375985040514,-1.61470265450566,1.2795461440171791,0.4320918722550167,-0.8396680980698366,0.524833645565232,1.0562653795626127,-0.25453909731837826,0.3771379702250387,-0.23823930114011388,-0.8100577358828366,0.4797705058203901,8.366266926282544,0.7506577350790665,0.011767064527278062,-7.182766404260389e-05,0.0008613877096997091,0.3,-3.324446891177571e-06,0.00938211853060659,307,0,1->1,1,1,307,0.9310450022381144,1
False,True,0,False,True,0,-0.20132540342426414,7.227516719272376,-0.6995977524176089,-1.4521701848396582,-2.74256637902655,-1.5582592634835501,1.007783953567378,0.3922986949216199,-0.7143565485787933,0.28914086487138263,1.0208466173679738,-0.4581032993967692,0.7850958231739872,0.5422417407672295,-0.8535886799510501,0.5539922257528584,8.483142372060158,1.141842676001748,0.011194749278736323,-6.245166307859533e-05,0.0010716858292352483,0.3,-0.00034608810602962566,0.008243289756366092,308,0,1->1,1,1,308,0.8960339734568552,1
False,True,0,False,True,0,-0.02663631975456758,7.176990448206736,-0.5140703793523721,-1.7744523160540209,-2.6330470885874653,-1.3894455250984687,0.8012886861458594,0.2201376877601426,-0.4683525977874273,0.17302820725187817,0.8112981370816612,-0.6574692170350908,0.45118550553090625,0.009645502833354209,-0.7120921034467981,0.4175516161133991,8.35328837039242,0.9357228335139695,0.011122497544759514,0.0005000635145649308,0.0010537278428729945,0.2,-5.8567930613890457e-05,0.007710468057435507,309,0,1->1,1,1,309,0.8900978421620903,1
False,True,0,False,True,0,0.08782341803115062,7.01331457314104,-0.375261458651615,-2.2921288481645536,-2.226626482278302,-1.2720554620680595,0.8695863368471932,0.3266262957013434,-0.39143865033949937,0.10015796134251123,0.9414387430201012,-0.9833104792527564,0.5628604285642733,0.7469314424840486,-0.6771486574155623,0.4471015874275717,8.328226080671271,1.1020895085495654,0.010906258011893287,-0.0001439877988894181,0.0010616133274786983,0.2,-3.1442952149757925e-06,0.007927019023909335,310,0,1->1,1,1,310,0.8272843515311252,1
False,True,0,False,True,0,0.2231361490289757,6.856141505858534,-0.2833341310003923,-2.6834819657299724,-2.0952312709048733,-1.1569347347746117,0.8084028578090218,0.19390714756981792,-0.4619263176596861,0.12755971136481722,0.8144725679583154,-1.1384056049724536,0.31115358880320954,0.162641629586024,-0.6554111636030544,0.4379192976858931,8.260907113313094,0.8412479448772375,0.010482515586617178,-0.00020750289240988214,0.0011413261744085336,0.2,-0.00010078465846527843,0.008172514072298886,311,0,1->1,1,1,311,0.8406795209878225,1
False,True,0,False,True,0,0.36704825616894465,6.600948112975567,-0.13433206209001938,-3.062093655498927,-1.9885259868969525,-0.7578088825273777,0.6402983725551559,-0.03216781857884885,-0.36140042698125574,0.08140059442526378,0.4905304827298389,-1.334686874504707,0.3531193530831001,0.3439610937492941,-0.6613755451153844,0.32116712323544383,8.144530748527997,0.8399075604119908,0.00997350512183034,-8.526803951072921e-05,0.0011459582789828011,0.1,0.00016363945443992334,0.007187568189020924,312,0,1->1,1,1,312,0.81747324953794,1
False,True,0,False,True,0,0.46122129205245904,6.3541795557707665,-0.13565629987797487,-3.415725258418609,-1.9394202920215249,-0.6319670881984781,0.5645129305841831,-0.23059027111576805,-0.4088567104866375,0.14309715890227842,0.34401499506253,-1.564989984103309,0.5410512321777017,0.7643327939239223,-0.7416296504660502,0.31165404587274964,8.18665434175436,0.7465317327081288,0.009779349455336157,0.00031485479829265577,0.0011714748721450674,0.1,-8.950388441301103e-05,0.007777194166301351,313,0,1->1,1,1,313,0.807173627223991,1
False,True,0,False,True,0,0.6234287714439188,6.05119972050425,0.05715217710397497,-3.662469727538098,-1.4543019070450072,-0.46370656900416385,0.5045225186261092,-0.5127220369865517,-0.25512204070462735,0.3307585803590355,0.10655973781486466,-1.4480021640801681,0.424734016605836,0.6421458365743825,-0.719498037865215,0.17585216293209252,7.974156608660979,0.8598419827407784,0.00930929105631224,-0.00027590273252973453,0.0010989571101305557,0.0,0.00016944476648272574,0.005927730669568187,314,0,1->1,1,1,314,0.7342837958705213,1
False,True,0,False,True,0,0.702056558533012,5.765666791455257,0.12960286343243924,-3.9456442452648655,-0.9613533208725314,-0.47837834857893163,0.6157038798399364,-0.4984724303710296,-0.2526056436925976,0.42409084324426494,0.08898383751244014,-1.3944284516814822,0.34684318343759,0.3926682792471916,-0.7352887392287133,0.14879035798341728,7.848122789619769,0.714220013390483,0.009201463298042835,0.0003622306407545118,0.0010325929352430143,0.0,-0.0003469376775619686,0.006518532193030933,315,0,1->1,1,1,315,0.731080226830964,1
False,True,0,False,True,0,0.8830130008764252,5.522638209995809,-0.09135437180500762,-3.9467210691938157,-0.6685337162056461,-0.30296436934273147,0.6008558718918754,-0.4827601206215404,-0.4170047969843839,0.6688951896555334,-0.18214791455704005,-1.3619045764806095,0.30933279738735986,0.01007215669907959,-0.5792666278296582,0.03912376458542714,7.703768227105616,0.7767207167691904,0.011120690969838448,0.002027055430065018,0.0008771624920991775,0.1,-0.0010806796193546,0.009030736469132702,316,0,1->1,1,1,316,0.6569968065005655,1
False,True,0,False,True,0,0.9802614221849648,5.16027150941514,-0.20469548644198596,-4.339418368886983,-0.4800133896740443,-0.28497068430449213,0.7899394715030338,-0.48837800359887046,-0.7610545293641885,0.9731900703756158,-0.03658376093355229,-1.3945743481721211,0.43069884118808094,0.15544205687258797,-0.8258609879695813,0.002654174856125121,7.820912479153751,0.843027209843061,0.01059279240537791,-0.002447126236256151,0.0007569308607559935,0.1,0.00010824544472222506,0.009033133527470297,317,0,1->1,1,1,317,0.6889083111965664,1
False,True,0,False,True,0,1.0590725516441173,4.78776500953257,-0.20724926470388796,-4.450937602640298,-0.19803782763302602,-0.22838097455396758,0.8423244111890875,-0.4948227447006282,-1.0543216942999682,0.9871765604273134,0.010680311155443238,-1.0970595613256042,0.6685945282085091,-0.31105837074182957,-0.8186523760242842,-0.06342233453372069,7.694554916528766,0.8357624938799201,0.01009509678974924,3.020294883186725e-05,0.0007013654752050268,0.1,8.844241719793006e-05,0.00887387625826227,318,0,1->1,1,1,318,0.7271058449577348,1
False,True,0,False,True,0,1.2338864709394173,4.2722517022453514,-0.19648854035469604,-4.295560466851464,0.35663092856301243,-0.5775982264588995,0.8830197193965296,-0.4864041359694365,-1.144964928265365,1.0728293674560265,0.12125493647002256,-0.9552846274921667,1.083244001218332,0.32009808573325754,-0.9213298095199973,-0.18404976738439535,7.5006340371556135,1.1811750898409064,0.010800171902108155,0.0012027707279875857,0.0006636305713971481,0.1,-0.0005947736850799553,0.00994637864113231,319,0,1->1,1,1,319,0.6388836471569802,1
False,True,0,False,True,0,1.3836676770489198,3.8212907070826314,-0.3009842659699953,-4.251630645082911,0.6002034449844067,-0.5827409964226926,0.973455495095365,-0.35621044866158025,-1.1276120735339101,0.9153186155489503,-0.12791127399954977,-0.6244586701620516,1.05125753980597,0.02723436874056397,-0.9361157012490683,-0.4955549098776503,7.292345340166586,0.8389393298739279,0.011021486390343865,-0.00048376062412320425,0.0006776055511576099,0.1,3.8404690220025794e-05,0.01003251782381838,320,1,1->0,0,1,320,0.7614930071713976,1
True,False,0,False,True,0,1.4717758973009927,3.3736184457495164,-0.48074185331587777,-4.429650929770382,0.8842251513248938,-0.8660483576742724,1.2042982405595655,-0.014260326016754348,-1.368097862364356,0.834351641288192,0.04117054986645128,-0.491397017156852,1.254678442239107,-0.038236581531566845,-1.1087248821577957,-0.5300325036965097,7.330506999846228,0.8891903334114192,0.010600123410921551,-0.0006426774676580246,0.0006833245062639447,0.1,-0.00015498764393032712,0.010288719369990446,1,0,0->0,0,0,1,0.902257946787725,1
True,False,0,True,False,0,1.6311698562799748,2.898045617050488,-0.515851659837459,-4.465091348736537,1.2128819367932846,-0.6990777586696169,1.266806972755282,0.1711643640926919,-1.2824314855718504,0.49933129540789756,-0.005909057847543553,-0.29492719103897935,1.3286042542349172,0.0023434205746303365,-1.1453640199822148,-0.7863244722385709,7.056628059073178,0.8141147316866442,0.010573358265571533,0.0003945978340722956,0.0006827431211690622,0.1,-0.0003138327225838018,0.010981929868243106,2,0,0->0,0,0,2,0.9722244480804083,1
True,False,0,True,False,0,1.7163749696363753,2.2176563807720795,-0.44267953807670474,-4.172042316445766,1.470211408511254,-0.921047194852199,1.2676168050375245,0.33458991205481414,-1.3866274223377364,-0.0020321288722096064,0.11641968578030758,-0.29870779199597547,1.3174607151998547,-0.0597332937298124,-1.2601623972221476,-0.9234726905383956,6.590599873681742,1.00835780411042,0.010324233823250659,-0.000222359296970856,0.0006569998542687898,0.1,-6.915179663809397e-05,0.011245053462094255,3,0,0->0,0,0,3,0.9675829673313869,1
True,False,0,True,False,0,1.8537143764586614,1.5614681042611327,-0.4687621068099698,-3.9256050989133713,1.7214697634279386,-1.2787565240335645,1.2886814053586348,0.32248090449842776,-1.269788959353953,-0.2989564009754937,0.2807639192287202,-0.10186493749263492,1.427893926529505,-0.12745013455968632,-1.3777611749581535,-1.1152399351583338,6.264842830007358,0.9682408995632128,0.00988776328144413,-0.00018734609948565552,0.000574061181645121,0.1,-0.00043795766678540824,0.011358394092577433,4,0,0->0,0,0,4,0.9655880096451942,1
True,False,0,True,False,0,1.944466245666567,0.9511077526170637,-0.7113810955842576,-3.879311945270428,1.6701857472564403,-1.6354282855073294,1.3604471332493886,0.4184719301379079,-0.8954124214975518,-0.739505584443981,0.46208407508429017,0.006819153269148703,1.4574596107432436,-0.3226666127280879,-1.4821766132672842,-1.2823823413848163,6.128953823689804,1.0211490876784937,0.00940548871112656,-4.5804028511039e-05,0.000527620858566009,0.1,3.6109871990500086e-05,0.010939617613210021,5,0,0->0,0,0,5,0.9620668582203759,1
True,False,0,True,False,0,2.0205384636012673,0.34697288209135774,-0.7290904407036288,-3.8366110152807544,2.0908300259780006,-1.8994582182537463,1.4303379273889834,0.6097854593716702,-0.58128553971963,-1.049662452610208,0.7023019162927565,-0.03541024240800731,1.3469120034431215,-0.20583546380379522,-1.4967568213679625,-1.2034492112094877,6.137457783038546,0.973507136491746,0.008955112915248144,3.1898774439152386e-05,0.0006486922903820293,0.0,0.00013530037395210418,0.008207289454340034,6,0,0->0,0,0,6,0.9549354737562822,1
True,False,0,True,False,0,2.216579721295393,-0.3719510973118768,-0.5337359633765735,-3.6056012686241536,2.0503493943496087,-2.124901344636214,1.6440268601359052,0.6532461552894383,-0.029148365887128446,-1.0508349640374401,0.7491694962152233,-0.026578657723372597,1.0032198367731697,-0.273344405225455,-1.3698603413131314,-1.0235459665945041,5.720914263070725,1.1068463631876577,0.00862823961080307,0.00012350249143334296,0.0008040074741652999,0.0,-5.092955775617362e-05,0.008262413231884841,7,0,0->0,0,0,7,0.8916687017514433,1
True,False,0,True,False,0,2.3950833938164124,-0.8078621640854845,-0.24051573831622017,-2.8614666827821775,1.9524859020718395,-2.1142933559419785,1.4831191426535468,0.46732281781257945,0.2585225107871889,-1.3455719905183394,0.6213846682890146,-0.02756376693326876,0.738938215697957,-0.08818260219836495,-1.2159117759280063,-1.0415261256188393,5.027171038605632,1.116177616319834,0.009480844793485856,0.0011794784871278583,0.000821675729258944,0.0,0.00042487782647851035,0.009336761419283524,8,0,0->0,0,0,8,0.7842047682039839,1
True,False,0,True,False,0,2.4373800787113504,-1.276395781567728,-0.48160391883442694,-2.6810853175989626,1.7656506922192763,-2.426495216500878,1.4373169552711882,0.1145481814515274,0.4938267884560882,-1.3640372473632887,1.0604904603823155,-0.46714830016774256,0.9603628478574827,0.8957465216099184,-1.3091612538727275,-0.8926201250055212,5.195599270494471,1.4355034892434193,0.009114525916309395,-0.0012189240598592457,0.0008046431721309558,0.0,0.00011150922050240115,0.0063241090879312765,9,0,0->0,0,0,9,0.5562198947406297,1
True,False,0,True,False,0,2.4787845166175186,-1.818020011901525,-0.4409663825204141,-2.3298737342968736,2.0306990805566514,-2.8228607628853983,1.2733694824277197,-0.45896150141533876,0.8575499545551721,-1.1263932585562348,1.217009251266311,-0.5981891672011477,0.25067527077710955,-0.459694281425646,-1.1522589514913235,-0.7133636026480175,5.188677684599097,1.9055936222823353,0.008669977668114563,-7.822937101837138e-05,0.0007494344857029087,0.0,3.3368032142933046e-07,0.006027617996664092,10,0,0->0,0,0,10,0.22323262973571548,0
True,False,0,True,False,0,2.5181856954648247,-2.2570446490573173,-0.30489318781535235,-2.049842410107475,2.189623359113215,-3.0863426611242875,1.1340224298567128,-0.824842996200147,1.1359546311159683,-0.8026774364650414,1.4388050532273826,-0.47249011871073704,0.17726253720409585,-0.4319031744624413,-1.0305693660276622,-0.259444212829488,5.34320734519425,1.006728720545819,0.008248710735073711,2.3281315153981033e-05,0.0007570580821959408,0.0,-1.5107838532526716e-05,0.006049504098198813,11,0,0->0,0,0,11,0.1980615359740617,0
True,False,0,True,False,0,2.8191618160763605,-2.4162476372865864,0.44587021239834373,-1.5077445982887554,1.627460620128241,-2.982835500394342,1.3743437071747642,-1.2742484717301574,1.4843515065222201,-0.2507431385604422,1.1176197063673872,0.11533202590811203,-0.4267707784422804,-1.0230799225311153,-0.7614621943307635,0.019033101152441986,4.899840525218691,1.8162955275448522,0.007963861029695998,0.00013641722766313813,0.0007296537575043258,0.0,-3.317412785283375e-05,0.005982090023483148,12,0,0->0,0,0,12,0.06118028631321981,0
True,False,0,True,False,0,2.8469027095704376,-2.60251564385622,0.697606121221061,-0.9683504985800511,1.4980280229590086,-2.570559628484035,1.0257384385683408,-1.7674134450499024,1.4272988133390891,-0.25812150131350087,1.1325084066434676,0.12184369736148921,-0.28861338491754945,-0.35800139559699345,-0.6539656094818187,0.03956278979785797,4.527288578352434,1.1908867400200158,0.007600633505362402,-7.837781895588328e-05,0.000716791951524602,0.0,2.3650942542734026e-05,0.005703202581746614,13,0,0->0,0,0,13,0.0466326140543388,0
True,False,0,True,False,0,2.8572114020224637,-2.680088635539474,0.8499594937873802,-0.8135963702601281,1.3506446782960555,-2.239976709317389,0.8699426426154179,-2.4096193186451154,0.9379955490566906,0.018635927213343596,1.2640189688057073,0.23371677564901489,-0.24854505266205107,-0.15801429638247794,-0.6339271776974806,0.1786205791250787,4.488342439268232,1.013979166600383,0.007307806170560206,7.04001895314001e-05,0.000743772210748699,0.0,-6.590229984416822e-05,0.005758675246752139,14,0,0->0,0,0,14,0.03651094405893953,0
True,False,0,True,False,0,2.908616078825214,-2.6635788018313513,1.4456612439700252,-0.2948564207192945,1.491476614538661,-2.194484876509963,0.6593671079006759,-2.9998586039368016,0.6138640792043206,0.19682195199451571,1.0385707521021201,0.649776945231323,-0.9935735789972556,-3.0164730717062156,-0.2982183885054467,0.047888190605773186,5.726332573600855,3.2027931860795373,0.0069840061323371335,-3.0972703420876005e-05,0.0008200577412080192,0.0,-2.4657622402947735e-05,0.00578955056716474,15,0,0->0,0,0,15,0.015449759208945297,0
True,False,0,True,False,0,2.936394082991963,-2.58039312354469,1.7675157244322657,0.21924423446346386,1.2366176208738888,-2.0462246118082743,0.4712906203110073,-2.9039208401999232,0.0946275584511831,-0.22555337229136033,1.5040998398905439,0.27976669724730463,0.6025861052909625,1.379832403830143,-0.4094960381898286,0.2791565244953748,4.903630935717708,4.821806717515098,0.007418529470578406,0.0007583233764643449,0.0008266355975409746,0.0,-0.0010284747953092938,0.006795014700106481,16,0,0->0,0,0,16,0.0019251797450440858,0
True,False,0,True,False,0,3.019384308546672,-2.015300049124032,2.573126671987912,0.38061046262669007,0.7098155591265146,-1.4809852332589506,0.7831280144223395,-3.0325220601452125,-0.18797514977225094,-0.12018542432333389,0.8950825506095931,0.6274360279486032,-0.014043622442489495,-1.312386734272077,-0.19331929173699336,-0.07650800516677488,4.634227089904868,3.1774692586291784,0.007058030080363914,-0.0007950227284557647,0.0008718463174206971,0.0,7.239057799593527e-05,0.006641820056652626,17,0,0->0,0,0,17,0.027058126510168076,0
True,False,0,True,False,0,2.9359452742024064,-1.7501725443943046,2.742540599830034,0.29775930548627355,0.7670017501220138,-1.0085017830268337,0.8159619728978444,-2.6796801447311336,-0.8655849426345177,-0.41827679094303594,1.0944238989897017,0.5041009947245169,0.6653414017463207,-0.007023517559674964,-0.156799371200169,0.008280839683306706,4.348758662589323,1.8005355886413972,0.006762708991418073,6.517830126865059e-05,0.0007715057477809823,0.0,2.0685806595716755e-05,0.003942665075612049,18,0,0->0,0,0,18,0.11140011623434724,0
True,False,0,True,False,0,2.912433904748337,-1.496318543368054,3.2384037328746076,0.8064285529684571,0.7072968259606355,-0.5020208701540212,0.5409438945298805,-2.4151042087172288,-1.4107295865673903,-0.9141200246720425,0.9595694879638356,0.4156021094802997,0.753153475944755,0.46521495245477634,-0.07927652149551347,-0.024696973161574712,4.654497232056393,1.3349983791027877,0.006915539335395735,0.0004481514329235034,0.0006275678097189219,0.0,-0.00069011898148689,0.004859016243177277,19,0,0->0,0,0,19,0.2960133320128467,0
True,False,0,True,False,0,2.876311255113139,-1.2229981182596381,3.480548587492651,1.1240866151853355,0.5077172659705803,-0.32268114293350114,0.44872348373647186,-1.9381303679096125,-1.637427667649066,-1.1686968146300047,0.9813242874105834,0.014680285963177412,1.2795760922016466,2.458091824360959,-0.08803716055381795,0.14893375078662616,5.412074053462194,2.2582890381034053,0.007298689545111639,0.00023031986573824204,0.0004724587243612558,0.0,-0.0001291898629787007,0.0057206034991477165,20,0,0->0,0,0,20,0.26642173327917024,0
True,False,0,True,False,0,2.8582278422322798,-0.8954590931898733,3.6368174149060475,1.0450286233234394,0.24388379731863552,-0.03887494248960442,0.5567937571211408,-1.5957540349525325,-1.8112629464976666,-1.1864827307337995,0.7036694037530755,-0.12428757770420847,0.5129166037346864,0.7996458648859353,0.000984785784431142,0.21469241994042582,4.711643829044556,1.9735075264621373,0.007452191507293409,-0.00022964824753413365,0.0003586385848205141,0.0,0.0001148151476211539,0.006454846512368634,21,0,0->0,0,0,21,0.3411813295048918,0
True,False,0,True,False,0,2.818475206196327,-0.6180886948023943,3.9469905019114906,1.0258694828577213,0.0964586595705252,0.07085192381994984,0.9130988799303043,-1.041336034856855,-1.9569005287055936,-0.930866707871801,0.7809232436698668,-0.513586159439458,0.4373446414034495,0.024992390468878,0.043482168678487025,0.20672149218079555,4.794596600452788,1.2226757258230585,0.007288220096326257,-0.00031747337314892276,0.00026650242081880656,0.0,-0.00014118560174511928,0.006695788853909675,22,0,0->0,0,0,22,0.6580405616052724,1
True,False,0,True,False,0,2.736718359465374,-0.42589068891223897,4.1027033868695275,1.1071187715335502,0.13370449172425178,0.27728176988291964,1.126611165945468,-0.29578399244767306,-1.7486502373469195,-0.8201959821135469,0.8120875680985301,-0.8843438259013854,0.5953907746118229,-0.182503625422344,0.23123995483110468,0.17189592453611588,4.924965978641274,1.009185672455732,0.007015036546985169,-0.0001092121383739356,0.00023303256377132995,0.0,-2.0540966802456984e-05,0.00668155339208091,23,0,0->0,0,0,23,0.7585184755632297,1
True,False,0,True,False,0,2.5834781309306507,-0.23292559573509544,4.203663272484495,1.4736103763044504,-0.07733785442410775,0.4198377229241585,1.1014969698931651,0.19386399934880558,-1.718874992837149,-0.3837316149676522,0.8832127450939038,-1.065841227451622,0.42070449832477735,-1.1387444926453076,0.06846636828948595,-0.006568342922995964,5.259934992144226,1.3202721208438986,0.00680876686698984,6.691386934575948e-05,0.0002484276029049734,0.0,8.713382360044271e-06,0.006830638616942363,24,0,0->0,0,0,24,0.8158175249606091,1
True,False,0,True,False,0,2.375148288703953,-0.19368064633935891,3.9897381543053134,1.658271910685602,-0.29193502121646936,0.6440032470899001,1.0706615519417297,0.7044559734281759,-1.3037711617240482,0.05533618142902479,1.0324147976993283,-1.1672666445256692,0.8546957698130293,-0.3305177295117002,-0.2035168890060318,-0.06342933775167763,5.185744498311761,1.3413387038405697,0.006743969583513197,0.0001414723965186852,0.0002714304278926741,0.0,-4.231748191781473e-06,0.007124792530115725,25,0,0->0,0,0,25,0.7781185067410802,1
True,False,0,True,False,0,2.237325819627102,-0.17745369522727214,3.8584584202454812,1.681765280377606,-0.07403343135714306,0.9535115319247379,1.1669888575297613,0.868923845014208,-0.9834197142223843,0.051435696504038814,0.8626990521692318,-1.1410151088460845,0.7118710193038362,-0.34863309859778224,-0.10826806346517365,-0.116192140458264,5.144540754267382,0.6175483259847713,0.007124830534563885,0.0004456582345273314,0.000244858501722907,0.0,-0.00010384978615686317,0.0069298572369502175,26,0,0->0,0,0,26,0.8396629153235611,1
True,False,0,True,False,0,1.9995642071187218,-0.38986063162494294,3.60584206834802,1.5159332399304555,0.427956168955155,0.739115176034561,1.2637043787995896,0.9772790835782594,-0.47128473536038956,0.11718080207972831,0.7476596231139667,-1.1791273787509908,0.7219692581848277,-0.13732968527858527,0.17151343759874274,-0.2978368321904036,4.927948756762253,0.9743364634629123,0.006830164397359836,-0.0006755270882547373,0.0002541244215682178,0.0,-3.131654492859789e-05,0.006944911905101632,27,0,0->0,0,0,27,0.6771407278887911,1
True,False,0,True,False,0,1.7116879557858298,-0.6730646600756789,3.2477023110290753,1.7587502613898018,0.5496850821355872,1.1614751548071458,0.915841316074367,1.18169784725022,0.167265375536784,0.4473600363701733,0.7077606259835089,-1.0593819669704905,0.8104908689520418,-0.5386446181129929,0.26629003695967085,-0.5362553647189923,5.0650485182377265,1.213966344938692,0.006516873382021513,-1.86248781342737e-05,0.0002913721690385523,0.0,-0.0008396312049106865,0.006842945469812146,28,0,0->0,0,0,28,0.4789462381110477,0
True,False,0,True,False,0,1.4757510856216898,-0.6067485219313621,3.308590453261464,1.7154917731445058,0.4028453405028706,1.0513623868494457,0.740813231047399,1.226144034931255,0.37760788476681123,0.368245474901655,0.7016137691861093,-1.08806154944232,1.0741798120163193,0.19047372300386467,0.11860606850585867,-0.5639161092628451,5.176709215260977,0.8983452553377171,0.006234652368391561,3.107000170837152e-05,0.0003794094336372198,0.0,-6.571152964473387e-05,0.006480228555872144,29,0,0->0,0,0,29,0.5707896673390386,1
True,False,0,True,False,0,1.2543104881869307,-0.6143271409144557,3.2467208881933196,1.5041385858076672,0.5204361110252067,0.8619180835749607,0.6622809035159102,1.2220060127071024,0.5591948802224967,0.4902019382492585,0.5123923446420063,-0.87273508413917,1.0925572914797341,-0.17688598620795268,0.41197458879183335,-0.6874268882633934,5.143007696811089,0.7211940852175642,0.006022061792145217,6.963043738360698e-05,0.0004502376747176086,0.0,3.7174162898395355e-05,0.005403638780689381,30,0,0->0,0,0,30,0.5908370783197847,1
True,False,0,True,False,0,0.9957144041508256,-0.8205694307606531,3.1869908115471794,1.6520627477895002,0.7962128604178575,0.8502090559157147,0.2702728742874354,1.0964106566901113,0.9157525275436798,0.8193545666553946,0.43397337848824036,-0.6031562705677266,1.383491284806513,-0.2742580210930353,0.6839099071228768,-0.8266283861791999,5.473561710838206,0.9392754215237179,0.005760756708289517,-4.871450760935564e-05,0.0004950242626028758,0.0,0.00011033387607168547,0.004935907239241475,31,0,0->0,0,0,31,0.4471375138224531,0
True,False,0,True,False,0,0.8248186808574157,-0.797520767747461,3.3374314009854293,1.6807163126137976,0.7815292017996043,0.47307931396109715,0.006263073207544445,0.8448376701887736,0.948015662400654,1.1486608020164097,0.2874149746527903,-0.4965156293818399,1.5721981199147597,0.10129159513410177,1.075242224049492,-0.7770263040078647,5.693748467252553,0.8962180609832311,0.006324732369695902,0.000825280745262085,0.0004448820535925977,0.0,0.00010350811842107935,0.005641914224294852,32,0,0->0,0,0,32,0.3985418142516776,0
True,False,0,True,False,0,0.6346091145097322,-0.83133221928962,3.3003137053009337,1.613315629637997,0.6458386778385511,0.4524033916871112,-0.2905890321978941,0.7176228199242167,1.0157371756139137,1.4990525596878648,0.31609947286163526,-0.5853765242080177,1.2982139099231202,-0.5155718472635191,1.2232220866918546,-0.8088637172984374,5.830113158776965,0.8837232780894333,0.006041792902040516,-0.000846915129061771,0.00043532576709181587,0.0,4.9907837263002495e-05,0.005631245649912107,33,1,0->1,1,0,33,0.3229578861799364,0
False,True,0,True,False,0,0.4956392151233845,-0.6146449094900099,3.5581862497929673,1.3082362419427176,0.556483575056258,0.27863313820458957,-0.3409357421323171,0.37636970639464357,0.9184340652679173,1.6396213300189637,0.2936578408289366,-0.6008091966892496,0.8066299113458627,-1.859218779564313,1.4683793226817012,-0.8237038005983188,6.039273791244451,1.587557902162659,0.005752338667403158,-6.514766981971856e-06,0.00046340275394053383,0.0,6.49672293266141e-05,0.005298682696004381,1,0,1->1,1,1,1,0.09689238866996629,0
False,True,0,False,True,0,0.31274269074739874,-0.5556271978325975,3.7112939299913816,1.2811598272945122,0.6173095673987089,0.029955423854960923,-0.553762047813177,0.3617382113069483,0.9229185510908252,1.5299342974870618,0.5851271803395748,-0.8361731616658965,1.7098899871639774,0.44177884583645505,1.6337384178167578,-0.9261009206917717,6.048345478408265,2.5441812851481673,0.005530781560557767,6.789712779196704e-05,0.0005017231254467427,0.0,1.640484959862477e-05,0.004623221550909987,2,0,1->1,1,1,2,0.009471185081626532,0
False,True,0,False,True,0,0.1732429156640281,-0.2747339156157465,4.1010191243535665,1.561601296016914,0.609271083469871,-0.19637466574756482,-0.6350299390180949,-0.14622067431452107,0.4206417195864653,1.1310216690874715,0.6589195889393515,-0.7501998585772855,1.3152532220736761,-0.5689868216461543,1.363324162716061,-0.7243626393153692,5.943310099197014,1.5363165811379083,0.005268683634617273,-4.0540819095102876e-05,0.00046959090615878905,0.0,-8.472570539643518e-05,0.0038952640722592644,3,0,1->1,1,1,3,0.03645122228982181,0
False,True,0,False,True,0,0.015229362475778968,-0.01771423961114209,4.115495174319875,1.5122318918534523,0.4662134337895092,-0.22897227467342662,-0.5784867747590251,-0.37194104911557385,0.12917533767070571,0.9913240162213987,0.6017089990198181,-0.7561518658788635,1.270253802183804,-0.5937734775598921,1.4323564684032375,-0.7632023162756215,5.8169187655116765,0.5348262082482178,0.005139366838962843,0.0001327811302860634,0.00045288234081890076,0.0,-0.00010872835321584697,0.0037497942442510693,4,0,1->1,1,1,4,0.10172849482654912,0
False,True,0,False,True,0,-0.030378992267043336,0.0649220002475111,3.684300469264884,1.6077281858600276,0.39666752198863997,-0.18928193468092658,-0.43287498377304856,-0.3829330651565562,-0.24257358293469689,1.0255655376805164,0.5239543374844753,-1.076520379943787,1.4018197309094358,0.7327148766309983,1.4168195799963257,-0.17115730317960892,5.539112240293565,1.6147396120802202,0.00780210098461048,0.0027920509413020675,0.0007470728323660046,0.1,0.0013751420021306418,0.007174731054925376,5,0,1->1,1,1,5,0.02104118862397405,0
False,True,0,False,True,0,-0.10439359533802837,0.09651486818484231,3.8078257262097375,1.644366851857981,0.4215489003288681,-0.506904387183268,-0.17759804193409917,-0.7230584488832117,-0.7377384006228143,1.1432241397282406,0.5283007105168682,-1.418317602438897,0.31443603570893763,-1.3325557587078403,1.3555359980299773,-0.11096261489049808,5.720074330530321,2.4771824724889955,0.00762010111720123,-0.002844734013056887,0.0009088935429242632,0.1,-7.386090442136357e-05,0.007211491530026584,6,0,1->1,1,1,6,0.015883266735156446,0
False,True,0,False,True,0,-0.18441178958142415,0.06973596635002693,3.9963913197033327,1.870285715931726,0.36942938180664103,-0.29157765357309223,-0.17109914401367496,-0.7344244766283217,-0.9839353928544944,0.8281769053982283,0.5554486147158308,-1.6314704165146974,0.33979526570118923,-0.08467937412507236,1.0217893825820676,-0.19287240422265167,5.693812696551426,1.4230050014728661,0.007256763589691628,-0.00018133766010035215,0.0009746504051893572,0.1,-5.0841987765694145e-05,0.007207771801377047,7,0,1->1,1,1,7,0.05127838457233959,0
False,True,0,False,True,0,-0.2252823177880985,0.23910524567073296,3.870854717106511,2.143263298057053,0.12031039667579374,-0.22181202630748736,0.10672632596722746,-0.6383497958561316,-1.2847611105956203,0.6445940266863966,0.3559521073026152,-1.6589091906590034,-0.04368062699978178,-1.2237491077552087,0.8135044750662102,-0.08018112065070697,5.7630442384311324,1.3926031288196368,0.00795270879534619,0.001059282733164163,0.0010918900697414321,0.2,0.0001711741338810387,0.008538494230439229,8,0,1->1,1,1,8,0.09727186761928323,0
False,True,0,False,True,0,-0.35925726281774545,0.0605983028492205,2.4018695575189573,2.5570109052155106,0.16061662649110534,-0.2064176666173367,0.14897352151006515,-0.18498002381661302,-1.6515921382395875,0.6002045089372726,-0.2428547722939357,-1.7355813449649906,0.2893154284427643,-0.02147585168370052,1.3907449620559427,0.4782793555276529,5.087678342376897,2.300114088291402,0.010547842651638122,0.0018991886506373717,0.001685336274561832,0.3,0.0017104463479500126,0.011246394655099223,9,0,1->1,1,1,9,0.016057857363967084,0
False,True,0,False,True,0,-0.44044363528463676,-0.03130907900394567,1.9798557933490497,2.572768944308769,0.11001588554828112,-0.35442541524054855,0.22668100324689242,0.28237992499830716,-1.9583700868126106,0.7117358325821986,-0.280822952812973,-1.518335424366576,0.3776810086400249,0.9110818622179069,1.119814323892323,0.4734883261341399,4.976431407207762,1.2443474911702201,0.010155611893515224,-0.002987364614414831,0.0019380795652458654,0.3,-5.9937308149458565e-05,0.01137821215757771,10,0,1->1,1,1,10,0.058515044022471326,0
False,True,0,False,True,0,-0.48545980697247276,-0.16963780049481014,1.8706849681081288,2.6649468020962024,0.09111185400206938,-0.09506906815304272,-0.019651130784444144,0.4144481974842324,-2.0233553550201435,0.9676662013979334,-0.5330385142989783,-0.9499293331222883,0.04614534809415774,-0.07419972591725263,1.2373901572013088,0.30316593605930525,4.823736085976402,1.3293878484273205,0.009668420757743502,-9.496037764882351e-05,0.001985093466016042,0.3,1.2456004209522586e-05,0.011331082851235755,11,0,1->1,1,1,11,0.05680126428557816,0
False,True,0,False,True,0,-0.5745401619320728,-0.3117194649025049,1.7483156783073264,2.9506938979721236,-0.1807607831150488,0.551904694505816,-0.35096937479637924,0.930326289665106,-1.423330873330805,1.0565895258385407,-0.5622678977221259,-0.5770117595649801,0.8345588097269069,0.9769773092214454,1.208776747940661,0.2684487597580949,4.926238479624618,1.7971064200718982,0.009219304228782864,3.807460681108307e-05,0.0018782416884858995,0.3,7.600292139170461e-05,0.011354652481272536,12,0,1->1,1,1,12,0.02902495094190042,0
False,True,0,False,True,0,-0.6525437567152934,-0.208762704290093,1.4027833627276913,2.8132429463793964,-0.5884098384508335,0.20695278858287236,-0.36618474296051745,1.4354590373764902,-1.3359531129752464,0.773298336278681,-0.8187154690397803,0.055111058607909755,0.595435152854499,-0.15012969392813783,1.0382782898068417,0.0930261805156571,4.563759213280809,1.623624550519248,0.008954199980951452,0.00018401228112922656,0.0016116654685103696,0.3,3.637304688824429e-06,0.011517793255160717,13,0,1->1,1,1,13,0.07388715579883681,0
False,True,0,False,True,0,-0.7679283908746223,-0.19585633531440358,0.8716947459496894,2.6068541379175834,-1.120575961234786,-0.23826122336615102,-0.5416911769613738,1.9929424773509374,-0.6807688603372698,0.19825783339835903,-0.8316393637931734,0.6792686494101375,1.2327085284189747,0.073134800259872,0.9972919255148429,-0.1675066449330241,4.556243515281796,1.684142979386715,0.008535168762757648,-0.00015392697036239154,0.0011252498318211096,0.3,9.040718065896937e-05,0.011380801914246579,14,0,1->1,1,1,14,0.11620165204450748,0
False,True,0,False,True,0,-0.9012308197187533,-0.5740992945087019,0.6861503493402163,2.785644447635364,-1.0892920187952124,-0.07480191574176295,-0.7765884693061648,2.390101798976683,-0.5743957976623072,0.1375294710623622,-0.5282419351479014,0.9368997005194564,1.356293108557545,-0.5699805257083425,0.8766955858341191,-0.3615190163877617,4.870431004697606,1.0593967791677152,0.008521917903541953,0.0004057803589781091,0.001078415896314943,0.2,-0.00010904354535357964,0.008941967883927657,15,0,1->1,1,1,15,0.25661014950476424,0
False,True,0,False,True,0,-0.9899519056496644,-0.8161704507021402,0.361425080823077,2.89952607661652,-1.1702328471081533,0.08462272897860437,-1.0813519019433653,2.7076081540517927,-0.3130457056490212,0.054169300311917974,-0.529606873314577,0.8907616443400804,1.5991782085226343,-0.3665967116732033,1.0795433135002725,-0.4652001489555142,5.210119932119626,0.8001140974974139,0.009168249497111744,0.000659582452785485,0.0009908932715373576,0.3,0.0001863984920353499,0.010458018547826598,16,0,1->1,1,1,16,0.24832991233173707,0
False,True,0,False,True,0,-1.08858852320344,-0.8583206953244022,0.13224915696338096,2.514605377906693,-1.6087737409656746,-0.25377486599296,-1.163226587677286,2.706854263027568,0.019215091194705356,-0.19620853238608293,-0.32246163807052763,0.7147179296342027,1.695753407541393,-0.41184464605468435,0.9740913973349439,-0.4351114613345843,5.085032651927258,0.8922515725816889,0.008808219914484914,-0.0010063611761966205,0.0007888231387461464,0.3,-6.204926201156848e-05,0.010331896684191134,17,0,1->1,1,1,17,0.20073225765976352,0
False,True,0,False,True,0,-1.1878986862085574,-0.865061218396891,-0.4146607460320146,2.0062188976146063,-2.4893835599730054,-0.5391039387444501,-1.5405388062115666,2.311621272458044,1.0818330356641281,-0.6444586932564813,-0.015839480152601997,0.211113586598052,2.0296737293405633,0.06955674590804889,0.9745172501811729,-0.7268093094993681,5.362060868109597,1.9567811938981194,0.00843630839660765,-1.1881935250434433e-05,0.0007187627853232782,0.2,-0.00010295360035436976,0.00986356007111955,18,0,1->1,1,1,18,0.05068064321747657,0
False,True,0,False,True,0,-1.2461896515059714,-0.986572065837457,-0.3445197983129587,1.8063758914833898,-2.6210584376851926,-0.68501850931165,-1.6981497324284278,1.8288479045706418,1.5695604313947555,-0.7677918552059632,-0.018596695217977334,-0.21054414981224626,1.1033065639240416,-1.8347058038546848,0.9718610268756056,-0.8741070171679574,5.443327708689543,2.301418682149278,0.008025193257068275,-3.9203621662110485e-05,0.0006310824557804756,0.1,9.289290780373737e-05,0.006024973184118494,19,0,1->1,1,1,19,0.02891482882621896,0
False,True,0,False,True,0,-1.3204813969149551,-1.082155666004162,-0.3634285634101227,1.80928573189999,-2.6947796930823182,-0.7305933372687957,-1.7311237843885336,1.8312375949497104,1.9630454322848252,-0.9792823134469689,0.01866539494092551,-0.7291317282642024,1.3245362664281384,-0.6915046398811184,0.9110372060092828,-0.9679670780332456,5.501283067855682,1.3645025886087663,0.007763889524135686,0.00014981140660678613,0.0005736983036185093,0.1,-5.543331804340121e-05,0.0057257551075064325,20,0,1->1,1,1,20,0.047177565619761504,0
False,True,0,False,True,0,-1.3752034768687802,-1.0839210558319674,-0.4918132820396893,1.5703809121566408,-2.8188393557930342,-0.6226443349263993,-1.578201490960401,1.2954238723349714,2.2405265068010602,-1.0506196037287152,0.06547158659114381,-0.98875113148942,1.3616898875776928,-0.16817164533532156,0.7081046046334443,-0.8989878515639431,5.358679522918633,0.9417836963101546,0.007409398552806984,-9.318723839611253e-05,0.0005986315329157039,0.1,-9.68741870734707e-05,0.005627323977669623,21,0,1->1,1,1,21,0.039087772447906864,0
False,True,0,False,True,0,-1.4234955549747335,-1.0706018749505668,-0.8315018157232489,0.930536280783878,-3.1682725710386954,-0.26850732762634033,-1.529829905157458,-0.070710212242438,2.5607980987474876,-0.7794464730498566,0.030704750534566897,-1.2566783896912082,0.6260128683233736,-0.9713484071005405,0.5922197492578261,-1.0670436041161337,5.349564015095807,2.0299176948266315,0.007076044233100129,2.1136651621845616e-05,0.0006838080640063772,0.1,-7.127859338141446e-06,0.005746061362017836,22,0,1->1,1,1,22,0.0052907743740446146,0
False,True,0,False,True,0,-1.4152040843535618,-1.0223351850479003,-0.9279391746800926,0.4054666768883367,-3.1634476463284096,0.5042142325769853,-1.1904142041099133,-1.7461617826438969,2.4854319957639905,-0.4581034229430282,0.22371724130382795,-1.2620970401754892,0.4589622620888116,-0.8815858913609448,0.2900057443679528,-0.6061757599190667,5.287766983636139,2.071902465101872,0.006823306462719899,8.061654932662622e-05,0.0007730503915957128,0.1,-8.367079957681111e-05,0.00587930636601979,23,0,1->1,1,1,23,0.0013332460396402422,0
False,True,0,False,True,0,-1.4837483048378757,-1.1911989869936357,-0.8899910933157016,0.6305612251405636,-2.9195156721735414,0.8658341108730732,-1.2875190980603655,-2.2200752535862494,2.84617442607656,0.05357930494344267,0.07067129128893432,-0.9296903772703253,0.18539429592701762,-1.872759031698855,0.1852616267872612,-0.37845367600917035,5.707724594547503,1.4681893135339579,0.006654333987812331,8.37652954726615e-05,0.0008668376948920202,0.1,-1.3524381909865713e-07,0.00599296216539589,24,0,1->1,1,1,24,0.0014404228407562884,0
False,True,0,False,True,0,-1.563865642978689,-1.1832859807537894,-1.0313276715553736,0.5052815639778896,-3.0030254574540267,0.9234931442378407,-1.1703323712327336,-2.4916203709104643,2.7983407561636775,0.1004477304766746,0.2248528466674364,-0.8728818902301994,1.0126272058471932,-0.13875556837348604,0.06382814064974592,-0.28454592341531754,5.584112184350498,1.9713069965334007,0.006493585981004324,8.224468099561101e-06,0.0009318705268177943,0.1,-0.0008420220680988213,0.0057451205320717446,25,0,1->1,1,1,25,0.000682355973567798,0
False,True,0,False,True,0,-1.5813847432819346,-1.1290725364358898,-0.9290958355571107,0.050397485777492375,-2.75768363125733,1.371951653300864,-0.7159456602758133,-3.0524477933250154,2.141052024811307,0.2546334193848542,0.28616677143052344,-0.5567075738285141,0.7120932816392953,-1.0646635759179892,-0.09167438927616532,-0.09671315008024038,5.413743026142421,1.6029769120317248,0.006176647146399792,-0.0001561908277965254,0.0008743895883914125,0.0,5.959097471352429e-05,0.0027353177561572624,26,0,1->1,1,1,26,0.0012577048276081516,0
False,True,0,False,True,0,-1.592684005203694,-1.1077581352840893,-0.8990337841780727,-0.9564678243007669,-2.2892780746293466,2.57165274724164,-0.10511543506718123,-3.367669967005948,0.7809175360729355,0.5309184619550338,0.7102873919088858,0.09405097510060698,1.2337049715354462,-0.2557457229067041,-0.09838017444277251,0.09622024667785965,5.501652413770158,2.5767785843371707,0.005889584293677823,2.987598188256349e-05,0.0008254978149287841,0.0,6.637213027062532e-05,0.0028150232663729665,27,0,1->1,1,1,27,0.0007304620511045134,0
False,True,0,False,True,0,-1.6124874505956364,-1.0303522515490657,-0.6462715115252591,-0.9726254919489483,-1.9476867937351792,2.827935422246524,0.11225726078886748,-3.288031158119593,0.10576000587091487,0.37121975427113785,0.8835140760296479,0.5703571012074784,1.5837406867034742,-0.03293736886121267,-0.2586652608973836,0.3316253655844771,5.475405483149316,1.1392910719466907,0.00576294385420091,0.0001604224132450557,0.0007663585941968318,0.0,-0.00020988374819620303,0.003022847849691875,28,0,1->1,1,1,28,0.004789100251449887,0
False,True,0,False,True,0,-1.6571818874179536,-0.9583495213975644,-0.6191537271623925,-1.0577649369896616,-1.8514171954071672,2.877677329821496,0.15980013283315606,-3.1979528677327456,-0.16451318084886804,0.09217142937246023,1.0859710370963214,0.6688761007057814,2.385471434928577,1.720493038767161,-0.2899539069669593,0.27346330823142295,5.981334371004048,1.990111848601509,0.005598352885661489,-3.795052906250835e-05,0.0007208034576757945,0.0,-0.00242766260712805,0.003265192640921723,29,0,1->1,1,1,29,0.003929597915189156,0
False,True,0,False,True,0,-1.67942394040506,-0.8917131597831092,-0.4448617735671914,-1.311342064467902,-1.4207279091259652,2.927035541241394,0.3718008620825822,-2.796440709500145,-0.4464800871396202,-0.08532733711414911,1.096573082259027,0.8725914903221615,2.170720525741719,0.9771541959931334,-0.2559968037286028,0.2286355292177511,5.487346838729818,1.117209331111138,0.005325228016572934,-0.00010853390054913273,0.0006815078899166488,0.0,-9.53353260140415e-05,0.0031333737463002296,30,0,1->1,1,1,30,0.011616434831239393,0
False,True,0,False,True,0,-1.6674332192752281,-0.8439292801812014,-0.2354597447039622,-1.9471144073930684,-0.6189705398971613,3.365941672057468,0.9292912091835418,-1.7589520498944142,-1.0421934333987966,-0.45817162091447156,1.2515050411563642,1.0710748457154382,2.2238609003473084,1.0055031902785279,-0.11348531917946138,0.3730194608345979,5.592415128127458,1.8097472331580076,0.005480026096744387,0.0004279229492600064,0.0006082975520850594,0.0,1.5022451110753305e-05,0.003908621447282834,31,0,1->1,1,1,31,0.016045294372749902,0
False,True,0,False,True,0,-1.666101411325546,-0.8441704934119039,0.14458923540879767,-2.2139675624296746,0.16594657327010398,3.556784172585094,1.335586649216028,-0.594212674083107,-1.0524292856554154,-0.9439447070880668,1.2762062353891552,0.8153544436238868,1.9467891777864874,0.752577285593659,-0.022339002514996563,0.35738686577127016,5.496410795613964,1.6855962793559958,0.005366223641362565,-0.0002686005355532735,0.0005496886011011875,0.0,-7.022311531784068e-05,0.004101032405471948,32,0,1->1,1,1,32,0.033540581863698335,0
False,True,0,False,True,0,-1.6839899174654778,-0.6755498764731158,0.3035298300399793,-2.1142885317364493,0.24362547335950044,3.485470846848569,1.4220252264061308,-0.3086657216547867,-1.258401489370575,-1.312428581534849,1.1362149801541033,0.4774053647766366,1.5656414328528692,0.5467052449641848,0.0442956941841901,0.335138709734585,5.286196154620411,0.8177306000166416,0.005520740643733528,0.00026831945775278396,0.00047018272161746704,0.0,0.0001168327647016426,0.00445407011559441,33,0,1->1,1,1,33,0.09448906361953137,0
False,True,0,False,True,0,-1.6843280764114559,-0.5174047912483114,0.39458526509353864,-2.2836784407516446,0.40617397236221,3.3856789139831664,1.597787789235254,-0.18331557242010688,-1.2848899672120022,-1.3426525193821655,0.8308245285349969,0.24692321191545577,0.5966340536900286,-1.1256619921714774,0.19354514491206368,0.30822494104416276,5.1651276940652435,2.012900221438998,0.005609310124554431,-6.594752155005944e-05,0.0003716118479145987,0.0,-0.00011781338787429305,0.004718482049609332,34,0,1->1,1,1,34,0.04305954092405351,0
False,True,0,False,True,0,-1.7165926779994238,-0.5099108615990577,0.6043532423533532,-2.3553288133863504,0.9352993305296539,2.958075102430488,1.8977280974261252,0.5069688747044417,-0.9298024010933035,-1.3824322764782138,0.9472964410006852,-0.3394515147827609,0.688993994041885,-0.3764233701274662,0.21916347857107363,0.3685233690771603,5.015844309169674,1.4624502454398012,0.00534329271237758,-0.00035458689299775435,0.0002706418472054015,0.0,9.714637605848578e-05,0.004341858466807372,35,0,1->1,1,1,35,0.06302341039953566,0
False,True,0,False,True,0,-1.7188366732397373,-0.611112366945269,1.0109578888333401,-2.508574534410374,2.140222060911728,2.2721804737631355,2.2353220325739787,1.1605015332217519,0.16710678109672122,-1.2689517244007906,0.8263647395471748,-0.8645924092219119,0.07666846806013305,-0.9157765482065073,0.41488509582361377,0.25819915117322845,5.385634410810832,2.210255869455827,0.00519646050446627,0.00011918520426554106,0.00021282540546806487,0.0,-0.0008538148214722813,0.004504869995872492,36,0,1->1,1,1,36,0.028165047894749703,0
False,True,0,False,True,0,-1.7356885941616236,-0.4972911986014869,1.1938753972921536,-2.223340476468433,2.2690131093881467,2.2323475683495815,2.1433673771530994,1.3524849029650141,0.7723348257757484,-1.2284531307239417,0.6305260819975079,-1.0538821886577845,0.45443212287164764,0.32308492700264235,0.4981655530092539,0.19027001649531786,5.322315519115403,1.5240410932229551,0.005179350017392003,0.000129721720837043,0.00018895635233366734,0.0,5.020706313084086e-07,0.004739437960893691,37,0,1->1,1,1,37,0.03516741562027972,0
False,True,0,False,True,0,-2.028917821044403,-1.5257940354003612,-1.8392331814304559,-1.1085569741172965,2.6790567540168424,1.9205416397173127,1.5007561797003661,1.5961270633071512,0.3817348437873628,-0.39809013376584107,0.11570961056746072,-1.75986532134658,-0.6923093262038374,-0.5934987339695766,0.8857584091763472,1.6874978715905302,5.537392743671502,4.298434717384001,0.01049687460905385,0.005334635078736115,0.0016181308976045707,0.1,0.004215250558896763,0.010279708674709755,38,0,1->1,1,1,38,0.00021680583594132217,0
False,True,0,False,True,0,-2.092303833223973,-1.794049500362694,-2.1636527576815703,-0.7206796013190048,2.9296394865108057,1.4105686554327745,1.2716266045820144,1.5253784103969297,0.27736445670964893,0.18841775135911498,0.02857822299028217,-1.9083605031924475,-1.153269648146817,-0.5025089541666931,0.8913519292657807,1.3033225559288297,5.580016439350445,1.2103546906683853,0.010004602626417662,-0.005809796574298036,0.0020623151908504053,0.1,1.2066893982660282e-06,0.01031638664308509,39,0,1->1,1,1,39,0.0027229359557570205,0
False,True,0,False,True,0,-2.0091662319859367,-1.913492058928813,-2.2804317076351666,-0.29822605394335583,3.613160703860295,0.5130011370292665,0.865032787790422,1.2072955704498027,0.8184203030798368,0.9289790658486876,-0.560731777206931,-1.3375299199948676,-2.01959239615903,-0.07760944643610729,0.661004258419908,1.0320953989401154,5.8562105164592,2.0795653088956723,0.010426956068685312,0.0009146254249038383,0.002385707138594941,0.1,0.00019190240246506462,0.011333335447678478,40,0,1->1,1,1,40,0.0009423278019794293,0
False,True,0,False,True,0,-1.9396336884131449,-1.8248162635943619,-2.1211865251039566,0.022430282405760366,3.6630434138372356,-0.23718645004230518,0.5132897091685419,0.9056203335530325,0.8190983958103888,1.6127729695233048,-0.600342754219891,-0.8065713033146,-1.709478306087043,0.4316170353563018,0.8203592167358223,0.894716226766684,5.659659014010829,1.43933615632562,0.010129290185680038,-0.0007200193252729237,0.002534749312712594,0.1,-1.8522143124601563e-05,0.011580625380987575,41,0,1->1,1,1,41,0.0012574470385192415,0
False,True,0,False,True,0,-1.899759198987469,-1.4986632236057649,-2.4355894488015837,0.11138690419403334,3.0287684759940237,-0.6482122468396557,0.08767857741088128,1.4155239897691587,0.7758946048488227,1.9826486166811899,-1.2082360048194525,-0.03939942627369175,-1.3689542696319315,0.6674725763066954,1.3008708944084528,0.1849604698770067,5.535211186143891,1.7972513328071988,0.010214845168091088,0.00038322086541632376,0.0025812501746086992,0.1,0.00010031246933573778,0.012188772134984675,42,0,1->1,1,1,42,0.0021134721854873363,0
False,True,0,False,True,0,-1.813163682488217,-1.0963155664207176,-2.3640068298991945,-0.012591307660563005,2.459961427942317,-1.410490677818825,-0.05712133615333671,1.7423328737093187,0.550775863177143,2.0409073069820405,-1.1870380692928946,0.6041385126209642,-1.012052677368404,0.3833030007563128,1.2861419568655401,0.21348178055637745,5.281096177008662,1.3784347899015588,0.009719197217860657,-0.0005812029326414808,0.002507523206980029,0.1,0.00012263677046206716,0.011894412606773536,43,0,1->1,1,1,43,0.006945027044455744,0
False,True,0,False,True,0,-1.6695992595827955,-0.8651884401116241,-1.9100334892455073,0.2837186831427517,2.2160300599736624,-1.9240207193837418,-0.40339389411100296,1.5475864189242123,0.4271963587864852,2.0330368855713106,-0.8390847591959663,1.074620537885243,0.08182719567111695,1.8666223286726447,1.1671673869927828,0.4677108424330277,5.291627233738584,2.1638677934573196,0.009858337709565372,0.0006347884419351454,0.0023699496011595727,0.1,6.429338238578882e-05,0.012239875997195969,44,0,1->1,1,1,44,0.0038581690617067147,0
False,True,0,False,True,0,-1.5122453782214569,-0.7334307168291059,-1.2740751668815982,0.7279120740507317,2.0594595873041786,-2.5354598541223545,-0.9408484869119406,0.9780801238385485,-0.20343977651618408,1.7035986190567323,-0.5894168700414444,1.6744652957320896,-0.05457116278326236,0.3217570253519796,1.1493292515662337,0.6388256805991389,4.958879064038924,2.240229717081539,0.009963299976248395,-3.4178225021691544e-05,0.0020854522514116573,0.1,0.00011376365965049071,0.012648310998764385,45,0,1->1,1,1,45,0.005092661510707106,0
False,True,0,False,True,0,-1.384894892999562,-0.44529993576666216,-1.03505380267374,0.6160373439083416,1.4149798638321842,-3.024377726202434,-1.1234304773093415,0.9106594679816624,-0.4106721873330645,1.3335518674339613,-0.33493699934646265,1.9158561368648506,-0.23520543774979888,-1.200721403400069,0.9566552530723464,0.9245254218593622,5.05776543311374,1.9061446747150794,0.00950188402675349,-0.0005663782161779273,0.0015652225077983474,0.1,-4.964247378505451e-05,0.012434729129677902,46,0,1->1,1,1,46,0.013824869164878236,0
False,True,0,False,True,0,-1.307335335402627,-0.17164073146007292,-1.3308816990762316,0.14297657777629239,0.34072450124641823,-3.5982096535426744,-1.5518980855733209,0.8749960747844051,0.2140572420768668,0.4229544936754849,0.010923738953809502,2.1586589656984825,0.2218538766888729,-1.6594547856578232,0.8426641835450472,0.7650611462544558,5.373921724241865,1.9789338454677252,0.009041982782557812,1.5147052992263432e-06,0.0004367739203024749,0.1,-7.479768746087266e-05,0.012431135101258792,47,0,1->1,1,1,47,0.021309445599574095,0
False,True,0,False,True,0,-1.1872035025059509,-0.13702174171882286,-1.1380244368869905,0.5239516796810785,0.05953924429876175,-3.4315910693358016,-1.9073419804298617,0.936405518592406,0.1734021188747237,-0.17542428741903965,0.08181881832992151,1.8097253316094903,0.8630534800751349,0.12251381778017961,0.8858611528431957,0.637288449679177,5.029305924089269,2.127471771901316,0.009590439762176755,0.0010083582238146205,0.000399877399078328,0.1,0.00013389469693302417,0.008825934126938132,48,0,1->1,1,1,48,0.014799086098532983,0
False,True,0,False,True,0,-1.1369243249259147,-0.2080097313612249,-0.888940733810121,0.930517355703611,-0.3930719358318098,-3.5544612956025103,-2.3377881228351804,0.6890594074517198,-0.5002602449420411,-1.0048000922795919,0.3466856609769738,1.276929116042954,0.2655661389625706,-1.0091629961904702,0.7882448748489858,0.5531540581993104,5.276894103883456,1.9624795817828464,0.009303451769015824,-0.0008354449727798734,0.0004291949582857209,0.1,-9.681297189176406e-05,0.008910652034600522,49,0,1->1,1,1,49,0.032150273560294367,0
False,True,0,False,True,0,-1.0954107979574625,-0.3340604554554929,-0.8969259941060834,1.1733800948297997,-0.7017955409033431,-3.313958320898801,-2.6390049527122477,0.7202362438359916,-0.7067412518455515,-1.4201383684465752,0.4095409755889896,0.47660724584430597,0.18286483831736125,-0.3396674823607012,0.873508405215628,0.30925589682956317,5.269175231397432,1.3049673783481892,0.00951667575264365,0.0005002119767887562,0.0003676715136442717,0.1,-3.549355401980068e-05,0.009041214885470838,50,0,1->1,1,1,50,0.04907635236407293,0
False,True,0,False,True,0,-1.0400200319732413,-0.32734763429446107,-1.2069922438513323,0.5947364650631544,-1.416103676931059,-3.13191456000851,-2.6944586149376786,-0.13743817589555019,-0.4603086246397793,-1.7127405514161185,0.7820728698907179,-0.6228374097446605,0.047392175043576776,0.3892920479710679,0.7338265979763647,0.14470797226195037,5.3569996058700164,1.9509907221024343,0.009078875718369022,-0.0006510240179024521,0.0003762491687995544,0.1,0.00011261428037907199,0.00879576269927383,51,0,1->1,1,1,51,0.011575722219361307,0
False,True,0,False,True,0,-0.9517677940081489,-0.3564588554001627,-1.4768760506051717,0.4730534065593958,-1.843910023591896,-2.9599137725019253,-2.726488543860211,-0.6669348947257299,-0.3998915249775379,-1.6111777971446581,0.6859357686594935,-1.472087837273186,-0.36432351991098133,0.3723387898947332,0.7029751490087348,0.027396893876630742,5.642133238502272,1.2325664146989184,0.00971187369776055,0.0010707980136661546,0.00030948481079191934,0.2,0.00016459341747599408,0.00878424494460499,52,0,1->1,1,1,52,0.012812689850876186,0
False,True,0,False,True,0,-0.8765044430542025,-0.4022065493338461,-1.3371683505845295,0.5140878317460196,-2.403760446587607,-2.767989115867077,-2.726768517911248,-0.7411562127418865,-0.4712991188619314,-1.3860173937247733,0.638796174469101,-2.0097305024600756,-0.886204392016953,-0.6253255090364773,0.437435857333638,-0.023549672535647406,5.917815050270119,1.4396577148633953,0.009300733686076713,-0.0010441379910753647,0.0003091410607274813,0.2,0.00013643491722459267,0.008863701436684511,53,0,1->1,1,1,53,0.014924375604763826,0
False,True,0,False,True,0,-0.6992787455399491,-0.10099201804611034,-0.4680817336232721,0.866573912319818,-3.0126811408293923,-1.7576709477570163,-2.6090314443397764,-0.6564342338923942,0.10435165625292481,-1.060804733256722,0.0200002650205187,-2.1087545615139063,-0.3425211408209232,0.9303789282321957,0.2163638560733706,-0.5066762537912204,5.580695924443837,2.4984409738167797,0.008894935763100145,5.342088707269155e-06,0.00032989504516608726,0.2,0.00011308824530284391,0.00858537310649854,54,0,1->1,1,1,54,0.007325785383660027,0
False,True,0,False,True,0,-0.6390427496080326,-0.043108075299531944,-0.868212169294846,0.643401672916804,-2.999328011856448,-1.4128043806665564,-2.336921734818908,-0.90427531574595,-0.3766293313686505,-0.32598586676783126,-0.295669815571408,-2.348035218081073,-0.8531087259090102,0.13188669630173497,0.34264964429891726,-0.4240797943575503,5.415519880807861,1.5233953532659696,0.010287059349083355,0.001797921508959778,0.00040066172445383125,0.3,0.00017574490522396288,0.009989381359890082,55,0,1->1,1,1,55,0.011257766737907737,0
False,True,0,False,True,0,-0.5661675263338153,0.03048992955458772,-0.9813085371459253,-0.28105898305043575,-3.1656229252104184,-0.6432294898684319,-1.9731034216255612,-1.5740667211745905,-1.2292304843757924,0.5829484971327553,-0.2832147482369718,-2.1153529848549835,-1.2460765108704008,-0.38534500618401385,0.2232796086822049,-0.2944132983385354,5.510255539481088,2.0345591743446896,0.009811011379774501,-0.0018681715552920641,0.000418949957057843,0.3,8.212051157716147e-05,0.009919453081036648,56,0,1->1,1,1,56,0.006637840529166707,0
False,True,0,False,True,0,-0.5103114537414344,0.17563519148880322,-0.9211486605389212,-0.33796052727728015,-3.5217404380438655,-0.4060948258704172,-1.8795132732879554,-1.2954700674918376,-1.1836917006506598,1.167188357127906,-0.3479667756253434,-1.8405983725079231,-0.5560026623860513,0.5565303769050098,-0.08028823666825688,-0.42885592985141785,5.504999401329898,1.4822699200680398,0.009784813305246963,0.00044984989478131544,0.00040340370483667436,0.3,-4.6853360728698126e-05,0.010221401146736189,57,0,1->1,1,1,57,0.01622078264861635,0
False,True,0,False,True,0,-0.47807015883444726,0.2162165717184385,-0.6054538071703859,-0.3361247022154503,-3.6570663531259737,0.5049965724386463,-1.9207135301164087,-0.9741940257207558,-0.9175353332200689,1.6941451675559382,-0.5325515914341239,-1.385981351972771,0.21975159521324034,1.9543113833291892,-0.271328989892754,-0.5214966389019692,5.777177055883999,2.0604867186656177,0.009610965137429286,-0.00014765009329013867,0.00040380878803052703,0.2,-0.002031701220124479,0.009901341872713316,58,0,1->1,1,1,58,0.013308050435490248,0
False,True,0,False,True,0,-0.4881637547160028,0.33817750889400744,-0.6203190203512414,-0.6240542473478662,-3.832820295155385,0.45172737546399977,-1.8306365980249424,-0.7016886063261489,-1.163946383166969,1.6713030450855673,-0.5232353454384814,-0.8674473605273374,0.47767174106294985,1.6645920664191678,-0.3256972960223974,-0.47135451995347843,5.702720674532149,0.8368605326014267,0.009209342950599286,-0.000227774019012323,0.00041071380629374997,0.2,-0.0002322551632308982,0.009895396161201818,59,0,1->1,1,1,59,0.07003268223105348,0
False,True,0,False,True,0,-0.4643867422769208,0.32796423574792277,-0.5110198490253447,-1.5881598503991885,-3.342197240264573,0.9832897153028048,-1.265792446819921,0.013753440770298338,-1.9967502507845996,1.6280635954401343,-0.2895053083513638,0.15182508455856944,0.49030725675428577,0.34590426186762485,-0.35708198405070973,-0.32950504363284383,5.340588528096533,2.4177412506641893,0.008812070292186785,4.349528417499707e-06,0.0004679227079449064,0.2,-8.50908342657844e-05,0.008764828258655767,60,0,1->1,1,1,60,0.04730313648727892,0
False,True,0,False,True,0,-0.46514913371357874,0.40546608127993816,-0.514146613947137,-2.0292218106727953,-3.3944391882838083,1.192011931080523,-1.0726577869738414,0.504789909555045,-2.1335432494428437,1.2877343647605395,0.010793503634415653,0.5825433833983286,1.0938753385140758,0.7606452762367292,-0.4564010081671862,-0.260197533057697,5.659234702088097,1.2192090956141806,0.008543407035406465,0.00012860940163218065,0.0005401902854039247,0.2,8.346951561519732e-05,0.008986403925238619,61,0,1->1,1,1,61,0.2377806384541357,0
False,True,0,False,True,0,-0.43927878998172487,0.45569123390776584,-0.7443570790009328,-2.3102026270734313,-3.280474533591799,1.184717271600376,-0.8369035751101681,0.8587113484490642,-2.3357921625251405,1.2892210840700222,-0.05906611517940867,0.6706083273042627,0.907490478140407,0.0028723050938956347,-0.41624456385657393,-0.2254993506549801,5.7380420568230655,0.9971654003519865,0.009492347687487107,0.0012176039088609616,0.0005303259147127595,0.2,0.00017292037509688586,0.008729895778113797,62,0,1->1,1,1,62,0.3802506092334057,0
False,True,0,False,True,0,-0.4439820931897493,0.4494350782687976,-0.8355186773077486,-2.6048815034695356,-3.223457727060247,1.05908987323103,-0.634964825602758,1.222645647134791,-2.362656289331687,1.0532846835560576,0.14235475453413868,0.43516535254169003,1.2174647908146317,0.921389446892052,-0.5365693910814281,-0.15677888388795705,5.940853112485902,1.182716254186532,0.009349991702974075,-0.0010912966365936739,0.0005297913760354221,0.2,-0.0002654198528709243,0.008862786899976365,63,0,1->1,1,1,63,0.415124290101102,0
False,True,0,False,True,0,-0.41190335608061407,0.4118162667273544,-0.8286930007984061,-3.014941194221466,-2.9176829345196142,0.8202568941390338,-0.43824466803490647,1.764314212116396,-1.9003979916125928,0.5494818682079587,0.16052536891377142,0.2529084176958789,0.7743011222409574,-0.2877384266507301,-0.49401485897437725,-0.2826386064292561,5.684355452389054,1.6823692853549135,0.009060772262728941,-0.0001468634557321019,0.0005153330622590555,0.2,-1.550582618761731e-06,0.009235075052375438,64,0,1->1,1,1,64,0.34711306013509335,0
False,True,0,False,True,0,-0.35868162787513624,0.19337030110994027,-0.5423400300087462,-3.4484294839914833,-1.9218248188720992,0.9394231443015344,-0.09520578593612891,2.578451375283348,-1.0914071757040211,-0.09130297918522358,0.22717468748672723,-0.3654383596611956,0.4829377929382338,0.12833249478659894,-0.3567724854707405,-0.48527363496860054,5.540961893958383,1.9689237021953876,0.008731133644553378,-4.041917793042894e-05,0.000446795723332284,0.1,-7.608459908388984e-05,0.007740401855769022,65,0,1->1,1,1,65,0.2508583044643182,0
False,True,0,False,True,0,-0.3681095423078653,0.25834932061542415,-0.6773553006861075,-3.7120324653727206,-1.9118517361018945,0.8858515895107167,0.0708758639262456,2.675549180086911,-0.8560540318175451,-0.3995303046357747,0.2976192308109851,-0.8549740535604313,0.7497428539720393,1.4329346360544484,-0.3447370254642983,-0.5455707900802418,5.988603476254455,1.5178808873624379,0.008531851626964007,0.00013035660058619176,0.00044844557684955457,0.1,-4.590026674113328e-05,0.008005533275251825,66,0,1->1,1,1,66,0.35354783328179107,0
False,True,0,False,True,0,-0.3616327746684021,0.2687318306178574,-0.7017157134316487,-3.94145448188245,-1.6334282263371933,0.5877504954262037,0.2607289857668567,2.735810222874288,-0.6808525205392324,-0.4837709980416611,0.04981873305796494,-1.061817356203008,-0.17935766851973442,-0.4073479209652207,-0.2533535739313457,-0.6588711631839557,5.871527466773621,2.1615906257835578,0.008406967209653917,7.43976002792815e-05,0.0004302871828878594,0.1,-0.00011994987086917566,0.007829349407456632,67,0,1->1,1,1,67,0.2631343443117534,0
False,True,0,False,True,0,-0.3606788368456705,0.2440512289069708,-0.7585963189895052,-4.1258778591145875,-1.5517304134716725,0.5256990594957371,0.3042557568628943,2.4122558831114382,-0.2975002623555894,-0.474915794454991,0.07364414039032968,-1.584892853795681,-0.14466464982735106,0.41291499824987493,-0.22895730758425925,-0.7559603398220257,5.934954013179284,1.1226012980059359,0.008258043459165323,-2.4039333178503888e-05,0.0004206539304375766,0.1,-0.00014645979468049485,0.007549319547829967,68,0,1->1,1,1,68,0.3287158279579045,0
False,True,0,False,True,0,-0.3269861529483471,-0.05194752477989585,-0.41068150772564643,-4.2040627011330525,-0.4357238320863512,-0.37297373204810946,0.3460658883340529,1.940582827379315,0.8431978290568132,0.07315621689171761,0.014741477927718983,-1.8854003067164204,-0.8438443812517468,-0.4626526594401501,-0.07559165631827928,-0.8674431628986855,5.8095245700010025,2.340936748449425,0.00792752564213827,-0.0001815940665384607,0.0004857289247674367,0.1,3.974858664183324e-05,0.007431015105197748,69,0,1->1,1,1,69,0.042757856957220085,0
False,True,0,False,True,0,-0.33083479034531543,-0.19172576444149722,-0.42734163084592475,-4.426466744081892,-0.11910848092006864,-0.4252399927438959,0.36263787853968327,1.6238655463070775,1.1807721675780058,0.4716052639192208,0.11471710985866959,-1.8400016185043755,-0.46359956619700426,0.5071601318611072,-0.06227751445456745,-0.843932831627624,5.8962215527617206,1.2819838581197593,0.007582323130966252,-1.4684694144962915e-05,0.000599710369778364,0.1,-5.5238030522109134e-05,0.007284303947644361,70,0,1->1,1,1,70,0.05403091634773875,0
False,True,0,False,True,0,-0.33366298808429967,-0.26133669331266907,-0.6122144793012979,-4.518468945791812,-0.017728028907074606,-0.7929191449406118,0.309698036692341,1.3671113352738786,1.491861768971631,0.7765100955605687,0.000577526104832648,-1.5687225748681275,-0.6277163727198593,-0.3487810166505844,-0.06847102977262116,-0.9067906451752373,5.991051233026664,1.140881353554666,0.007848507584019206,0.0006113869642249709,0.000644123103292965,0.1,-0.00012616597532106536,0.007764269334861268,71,0,1->1,1,1,71,0.05374279122308958,0
False,True,0,False,True,0,-0.35901906994583455,-0.4312148994441057,-0.7667038497236552,-4.599917933533782,0.10640059693294403,-1.0490355877458308,0.3337069952334991,1.1550662786266628,1.429775380759792,1.2674694273519114,0.10797820387104776,-1.2663515649308326,-0.35211324265631744,-0.19663756156213538,-0.20970431125455377,-0.8295738866673041,6.037860599599627,0.812045827080842,0.007730518490721088,-0.00038417354635107096,0.0005866813844899576,0.0,-0.00044498379460241894,0.006593864274851381,72,0,1->1,1,1,72,0.07052921099316203,0
False,True,0,False,True,0,-0.35853553840709673,-0.7104953980516303,-0.6238069425521332,-4.417984641959089,0.47246629481910124,-1.2416154411950113,0.06201308414798997,0.3025272018190062,1.2525851598146183,1.9174897048007147,0.31804115259470206,-0.598494821150344,0.14166726749838146,0.2719131544333974,-0.2285588957203634,-0.7459260325925952,5.884619391685647,1.5868339125264497,0.007353192721723418,-0.00025933667569955337,0.0005440359852349533,0.0,5.300637496552171e-05,0.006025885598935512,73,0,1->1,1,1,73,0.017172230101096152,0
False,True,0,False,True,0,-0.339003253308852,-1.072695350961756,-0.3295507618771587,-3.9617579156772464,1.0556188351896243,-1.7712872870226914,-0.2990007854987598,-0.4717434957684113,0.9154984502298594,2.387326670346475,0.5494697287060851,0.30945695556188263,0.4725490222279418,0.016852964861579642,-0.22378569187309993,-0.6032048565433854,5.944494948566764,1.784372581790129,0.007095611923397357,0.00011974497067160968,0.0005304751753923944,0.0,-9.90048649447588e-05,0.005930484435755671,74,0,1->1,1,1,74,0.010540685683602835,0
False,True,0,False,True,0,-0.33679479082883323,-1.2841907553405985,-0.6029816694203766,-3.96990466447383,1.1236697626904915,-1.901503359342215,-0.31365138701561324,-0.7219340091283876,0.7285679306316688,2.4042719584353063,0.6345003097376777,0.5428564642027139,0.5776644807040204,0.07906905375801716,-0.2544824093583831,-0.6431409998651,6.12060228043189,0.5642305194208729,0.007407957325622613,0.000569926200551317,0.0004751739620275936,0.0,-0.0008377290905344087,0.006607084537119166,75,0,1->1,1,1,75,0.032116003180916876,0
False,True,0,False,True,0,-0.3823059917768926,-1.5449095806457378,-0.8390824507576121,-3.812223133837261,1.113051823829227,-2.2552723432987194,-0.429987005901437,-1.0050098871611326,0.38184746692666816,2.342637953546963,0.8854177425668591,0.6454144005842767,0.5746969731315813,-0.2143546533284232,-0.39988026330976173,-0.59533832489842,6.261186347215467,0.8225613724732055,0.007058579239124886,-0.0006617234887229826,0.00045596606083371467,0.0,0.00015185863166066035,0.006266742611700712,76,0,1->1,1,1,76,0.028776144792684685,0
False,True,0,False,True,0,-0.3979867228420656,-1.8743312341116207,-1.0054066728405986,-3.720212572095384,1.346164339646545,-2.0994535327050396,-0.44840440385797276,-0.9360789697027881,-0.13677849156262922,1.906262868589431,1.139335258396336,0.8302947483091138,0.7315153105080772,-0.12461456277362522,-0.4227700042185589,-0.5746415364064924,6.225729358418035,0.9056789384824603,0.006734331791634786,2.513063900762627e-05,0.00046108981387614267,0.0,-5.554963220748537e-05,0.005596391353543473,77,0,1->1,1,1,77,0.03262999447153926,0
False,True,0,False,True,0,-0.4324295371248433,-2.374037762587832,-0.6236608409863691,-2.5948212430087523,1.6143495640304053,-2.0195230034703027,-1.0669941486420087,-1.2691942571938433,-1.423670318262912,0.7245077337723779,1.637569384284452,0.6154847136045118,0.8262963992798416,0.5964622402849213,-0.46008639796903156,-0.5620792304634024,5.989869126411562,2.472359524815819,0.0064125603484385145,2.4760042938287014e-06,0.0004921032559033893,0.0,-1.3472442529199099e-05,0.005379985359963922,78,0,1->1,1,1,78,0.009941142835901211,0
False,True,0,False,True,0,-0.4567375433562796,-2.7219688629735894,-0.8195033348727414,-2.408441765407628,1.9176085871851178,-2.0979864871941456,-1.127305592275682,-1.1616858868166597,-1.7805034982610828,0.12416550971253433,1.7584455868143947,0.3623015072892654,0.372073930634966,0.1637737575264327,-0.3722146965582592,-0.5859831360004157,6.181605419112006,1.1297523173596724,0.0063305063345077016,0.00023971742926545865,0.0005290282014234444,0.0,1.1432469702293575e-05,0.005626540222812189,79,0,1->1,1,1,79,0.03880487751099753,0
False,True,0,False,True,0,-0.43550309829027467,-3.118033684847117,-1.4775306283667586,-1.9950217834364792,1.9679409528899054,-1.899407808460213,-1.3075704157799424,-1.3326523124307221,-2.297124448687877,-0.38018322090470563,1.5413629810574883,0.08489374870663607,-0.10964293235249169,0.301462930301058,-0.22200840957603385,-0.6001474345323007,6.47107730735474,1.335680643099749,0.008137190439723878,0.0018887381191469892,0.0006027427138054447,0.1,0.0009187208816083228,0.00795553452750972,80,0,1->1,1,1,80,0.027817145961180668,0
False,True,0,False,True,0,-0.4932530746425339,-3.6539264526238178,-1.8331782982729796,-1.7097855074782446,2.130052265450041,-2.024947777408846,-1.3057757069817733,-1.1614155104613866,-2.5375268177599475,-0.8628659093418597,1.9366206124095804,-0.6767444921387746,-0.05105755336360569,1.6294394832267407,-0.3449714537056287,-0.47450545027749674,7.243187168890488,1.8424667740183396,0.007822015234267702,-0.002121859310672352,0.0005996792654992014,0.1,-4.5281795146752575e-05,0.007553584632867186,81,0,1->1,1,1,81,0.01945025069542298,0
False,True,0,False,True,0,-0.49973459781158475,-4.3084500469304166,-1.70965408881479,-1.0467379981651483,2.2800270646069896,-1.5432210577292031,-1.4036575569675485,-0.677072231697376,-2.701300924270681,-1.4734476401921293,2.0105218928062265,-1.324662847159326,-0.8955773435341706,0.45945797695493207,-0.20294865726561126,-0.3643647449191197,7.482218362607935,2.0787782876903314,0.007528573012451682,2.173298364015544e-05,0.0005833142655373117,0.1,-0.0004607807320157831,0.007186176960547833,82,0,1->1,1,1,82,0.01606591212779265,0
False,True,0,False,True,0,-0.5117021669317476,-4.7395568864354605,-1.3587051335960392,-0.2117101743181981,2.3410530021099905,-0.9968209790719501,-1.8194778155639317,-0.29189071038736164,-2.419403494412161,-1.7016970394930286,2.0522646812199588,-1.774732482926279,-0.9804562035732354,0.786160264581288,-0.11586272298153576,-0.13413570956833257,7.672762248243035,1.4630033251245649,0.007187286574123755,-4.784421651190737e-05,0.0005804477563133218,0.1,9.258898030085417e-05,0.007176618292154254,83,0,1->1,1,1,83,0.01594081825908715,0
False,True,0,False,True,0,-0.49234985986274626,-5.011179095761924,-1.8156928475611487,-0.08253789329237211,2.1532492271617536,-1.2113267457216041,-1.8062228114408365,0.10708990812627814,-2.5534456879854086,-1.524834042200256,2.140615991968752,-1.9013247729028446,-1.063132809315578,0.673788241265113,-0.0032266691678143585,0.4168147408132391,7.977649031173859,0.9742156639065241,0.008153592576928227,0.0013075924411323995,0.0006565205383514748,0.2,0.0006952635590256532,0.008493763106878731,84,0,1->1,1,1,84,0.01821247440983808,0
False,True,0,False,True,0,-0.4452077954738457,-5.274383735973569,-2.239317018471225,0.2618514181336363,1.847747379479125,-1.273055343308199,-1.8005210069903357,0.5885127937743391,-2.7063234009074644,-0.8539889804656752,2.156831171434099,-2.339647465967558,-0.8032112501920394,0.8567992424372732,0.44572558379100385,1.3092218909802418,8.376555054270725,1.5694897561884595,0.009501767937792019,0.00038186935805932,0.0009644875107090449,0.3,0.00048720475645670606,0.009469325409013126,85,0,1->1,1,1,85,0.004943835242136094,0
False,True,0,False,True,0,-0.30090853223885794,-5.3150882251440645,-1.9011252553389608,0.4856975508700878,1.886857042182423,-1.7616896898890773,-1.7122977603198342,1.0643013401789632,-2.3033921004611106,0.6596192140738573,2.141378657605973,-2.5416018851339386,-1.2325850909247011,0.41244444140356146,0.2778087573621341,2.050902678940166,8.569862063563496,2.028767696981012,0.010338647826602338,-0.0005112954720534729,0.0013015781348527306,0.4,0.0005969040053542844,0.010526607910878378,86,1,1->0,0,1,86,0.0015748151030190415,0
True,False,0,False,True,0,0.3838527848397115,-3.1940404724146934,1.55443711006476,1.115731434372673,0.7795027353379473,-0.8675709740075926,0.09209323332208859,1.6331573960266068,-1.2013091006881078,2.2903648085789357,-0.2623916297597182,-1.5637581170744417,-0.9130532334868801,-0.4050131220478821,0.8136347248001335,0.6431038319859339,6.091105172514762,6.046342216070645,0.010226249386199482,-0.0009492783292131754,0.001440537923868959,0.4,0.00011024200613222838,0.01043221973333243,1,0,0->0,0,0,1,0.000967384190027304,0
True,False,0,True,False,0,0.3250694992862345,-3.2553765457364467,1.095385572104128,1.4405789378635472,0.7887670724300243,-1.3188129174120269,-0.07406438113213244,1.589792594121167,-1.3565850236284953,2.2126880691681703,-0.6299562372077233,-1.2364189264385768,-0.9843806867419772,-0.2157133605180197,0.9820177153528835,0.44070231212033484,6.167726309226675,0.9691779859310617,0.010622234981873414,0.000508384036076788,0.0014862683959891967,0.4,5.2855265629954754e-05,0.011443124173626005,2,1,0->1,1,0,2,0.2966640601540188,0
False,True,0,True,False,0,0.26464552503641453,-3.1035638714254854,0.07287595520849466,1.48967980809884,0.2679872923964712,-1.4153445107839886,-0.0471137712683308,2.0345874320585384,-0.946830871085787,2.021787213736234,-1.1219421804493406,-0.7587502327090504,-0.9952687968125418,-1.340071305888595,1.1707652322245508,0.1006304756643603,6.24624718451358,1.9088914685408018,0.011165588894875117,0.00014736831732777185,0.0014576126056686403,0.5,0.0003989729744121153,0.012136825568005377,1,0,1->1,1,1,1,0.10140251231038172,0
False,True,0,False,True,0,0.22448044958928642,-2.964727315559092,-0.1412739196323004,1.7717364337072847,-0.03796567097743178,-1.9635136537018427,-0.06636904262068447,2.3156848193002446,-1.2652003508046192,1.910939704362632,-1.0670175906757196,-0.4395298721039214,-0.08111157270156875,0.25485266278125346,1.1766678583737464,-0.049217122678044775,6.244523506370768,2.059200754710852,0.010977816301618898,-0.0007311265062579231,0.0015309401287520404,0.4,-6.378960744733968e-05,0.01201000432736324,2,0,1->1,1,1,2,0.06268027189912165,0
False,True,0,False,True,0,0.250516883494262,-2.903567536198074,-1.2636931370605737,2.8358733860941854,0.0945829595140893,-2.065709568844304,0.5495741721795633,2.1073314549950655,-1.1903192680560872,1.9321260191772405,-1.1892893327015785,-0.5495829562978007,1.220856799140809,2.8861404645211683,0.5109621073435051,0.12692102727449897,7.321419250866268,3.460281073669672,0.012741097415030723,0.0019510537066680447,0.0017580190362047946,0.5,0.0013068058898928758,0.014033672368776317,3,0,1->1,1,1,3,0.034083864442056876,0
False,True,0,False,True,0,0.3429943587445928,-2.4806800742649244,-1.009875884728146,2.798340122652821,-0.2776806037485317,-2.437504279630582,0.7570889776100054,1.777044701352837,-1.5463883122164874,1.5977098836124763,-1.30545690717446,-0.004435274441169205,-0.3289408562773489,-1.227501977951767,0.04755413509906193,-0.0869872881504837,6.561839754108245,4.562445822546388,0.012159483151520191,-0.0023448953769223575,0.0016888115952943623,0.5,-1.6712750356919284e-05,0.014038167521876397,4,1,1->0,0,1,4,0.037057410162552346,0
True,False,0,False,True,0,0.4769056244275018,-1.9412632552909126,-0.9907582101352592,2.430838137921003,-0.886938159873713,-2.5028909349109165,0.8768108518291597,1.599501687881214,-0.842294487667573,1.1323542552149388,-0.8792521951258992,-0.046191422671506714,0.8185418423880382,1.18250180212153,-0.20076598879684954,-0.12356224440029469,6.027527485726703,2.9915187349092376,0.012004053103165721,0.0004261842151560627,0.0013536940309716253,0.5,-0.00020043574462149955,0.014387226163876818,1,0,0->0,0,0,1,0.186039969193641,0
True,False,0,True,False,0,0.6415872642629674,-1.3506319490137284,-0.7731345007920669,2.0535229259052965,-1.5045440095016316,-2.594756221236978,0.8236685751326985,1.449899309415775,-0.28099645352641744,0.6224962728242547,-0.9300633888935927,0.378497708588775,0.32556080718471114,-0.6907311683750116,-0.32964475497626583,-0.27013775512133653,5.520477891340451,2.3513512882134755,0.011739584975887053,-0.00010903807892419931,0.001009087149767795,0.4,-9.349236558608282e-05,0.014206617782896199,2,0,0->0,0,0,2,0.6664151997190859,1
True,False,0,True,False,0,0.7348112461232297,-0.969889471652267,-1.4513724394092047,2.7281280668110277,-1.8340707311873956,-2.9259802545104847,1.3534306512650802,1.3539367936959468,-0.6102330385197772,0.3255224717758754,-0.7454273038279502,-0.2406978478163773,0.9847801414987131,0.15128679784114674,-0.6569070766216086,-0.23409196899102266,6.247562383881881,1.8555204997654178,0.01358145577052768,0.002106338921919297,0.0010910947512266323,0.4,0.0003832098356623785,0.015095796140672984,3,0,0->0,0,0,3,0.895196717430115,1
True,False,0,True,False,0,0.8745683942001433,-0.463659723840654,-1.318047987546216,2.6334306150790936,-2.212345034009569,-3.1270922174889506,1.5664432081052908,1.2758362342854628,-0.6569451811527565,0.1512207439425503,-0.6566064981260565,-0.24048663259525196,0.5826749529591702,-0.8869914263403753,-0.8429967198664451,-0.15482540997637834,6.3540244533722126,1.3633159004100979,0.013297128660849412,-0.0021261979043188974,0.0011250162013343367,0.3,-0.0003628892906285281,0.014938087146345659,4,0,0->0,0,0,4,0.965160345470631,1
True,False,0,True,False,0,1.0804388027404976,-0.02921449636632025,-0.8212373227311214,2.416830971092605,-2.498765577240491,-2.647360999181347,1.4529270428073087,0.9453093314576683,-0.2868511096263027,-0.09012459734799347,-0.559278158766935,-0.18799081466855486,0.7860807172518843,-0.6284057956760695,-0.7342480772717221,-0.14475290618678233,5.838389218564735,1.13436687801328,0.012940634649450514,-7.216690172062896e-05,0.0010110009302376497,0.3,-0.0002370910156749154,0.014871777684100097,5,0,0->0,0,0,5,0.945338465732611,1
True,False,0,True,False,0,1.2232333711516288,0.32179659707351477,-0.7593578566237985,1.7255901844038426,-2.8336477805420293,-2.4909373076550128,1.4185923415283797,0.3989476745173001,-0.2246601574865567,0.01816591155319105,-0.36279820382844746,-0.39781509662482606,0.7963996163681163,-0.03625317876372955,-0.48638027369035725,-0.3422265671478991,5.461322286955638,1.2692348129076403,0.012961202482707374,0.00037706184465575825,0.0008883660496791405,0.3,-0.0003106740368097683,0.014886078453991376,6,0,0->0,0,0,6,0.872461863739329,1
True,False,0,True,False,0,1.3930120581816805,0.8682847003158582,-0.31430446301999787,1.606919779523321,-3.5485716231721027,-2.5306269222243407,1.2396068161051677,0.28415473459503465,0.04641009350741864,-0.10582776044148275,-0.38493535204938883,-0.4934777247134718,0.6386722157566912,-0.12035813478005049,-0.5787321014100327,-0.031230385328803387,5.772128239972885,1.1546548430040329,0.0123371915510291,-0.0006445787649351341,0.0007850599991535083,0.2,7.994471282654885e-05,0.013914815194075125,7,0,0->0,0,0,7,0.9119800131217493,1
True,False,0,True,False,0,1.5140599768539875,1.331641003632456,-0.11820545281145269,1.3307309565295349,-4.291043141207516,-2.6058811775897133,1.0267698058898347,0.1958485163785134,0.39870442817364116,-0.48117344063373624,-0.33856426216833096,-0.44448487415902543,0.9743389939996251,0.1883557309430867,-0.578787484105644,0.21493254465559042,6.325367913962592,1.2215688161776501,0.011748083866093845,3.4903246743019437e-05,0.0006477297447265673,0.2,0.00029278009527697324,0.013724911308748323,8,0,0->0,0,0,8,0.93160159581915,1
True,False,0,True,False,0,1.6685594841860183,1.5456269976210215,0.033918938926137454,1.2790083546249877,-4.393617162985988,-2.2289861280540926,0.9361387243584959,0.20738093363115878,0.4833667369535302,-0.2111211004118902,-0.3783203523473332,-0.7125329268288312,1.3175000869758975,1.0851140335539642,-0.38546943692937286,0.19993914224725245,6.412724240747337,1.170236470180959,0.012566195651576982,0.0014072194704183912,0.0006443787935634289,0.2,1.9785891212976275e-05,0.01174723685723994,9,0,0->0,0,0,9,0.9083336441037599,1
True,False,0,True,False,0,1.7625369193017035,1.6094345800544902,0.254874703981614,0.4323542181492199,-4.385556672197082,-2.107794365285313,0.9456953265611957,-0.0313198492662986,-0.0963537769230244,0.09584690787743391,-0.2487636276170123,-0.570768184306658,0.1631024086142061,-1.0454795941921184,-0.3950779920563447,0.11812800103514887,5.980557295180412,2.6826117242550693,0.011966787715197198,-0.001417519721862921,0.0006595097386434516,0.2,0.00014409546026210307,0.01109999291351163,10,0,0->0,0,0,10,0.7148065082758057,1
True,False,0,True,False,0,1.9018032207790987,1.8170092065952377,0.39015533935746105,0.030020653535255844,-4.496927997830827,-1.7410813501546856,0.9885085368799521,-0.2973146893648298,-0.18782885052359427,0.16103499382385836,-0.054381563463516254,-0.7008792534804471,0.8580855353719911,0.7716405056549815,-0.3553177977807442,0.489956015167466,6.04127837038199,2.1105018623835274,0.012005796285701335,0.0006384165068839213,0.000659360121108116,0.2,-0.00045173744573398424,0.01213408332772303,11,0,0->0,0,0,11,0.7020295898478017,1
True,False,0,True,False,0,1.9837900092847716,2.040072373569256,0.4808053292802057,-0.5351859907381631,-5.087302893152492,-1.305833782964715,0.8127181895584706,-0.6749760490634545,0.11875976687450142,0.24599924662601583,-0.19742899533225364,-0.5657347167284594,0.5992651185400811,-0.11930439454391269,-0.3785966434545992,0.39884032744564846,6.392363104907881,1.4509394221194365,0.011437583137888322,-0.0006072217183171504,0.0007041844271447262,0.2,0.00020908261251794714,0.01104004398951946,12,0,0->0,0,0,12,0.8156633340145761,1
True,False,0,True,False,0,1.9794710048355477,1.9898917912414924,0.07274915541823071,-0.7767020171019774,-5.23328812796092,-1.3679456979482376,0.5930661861285615,-0.47802375413197107,-0.3349785978729342,0.739900363614828,-0.392901056026826,-0.925699942373228,0.4251358114132066,0.06634632341837013,0.21347207019740058,-0.1688324866035398,6.50374188684335,1.3018331159879015,0.01237762623469429,0.0015082562446189808,0.0005892898686916221,0.2,0.00024400115618143647,0.011447355603927819,13,0,0->0,0,0,13,0.8382195173364273,1
True,False,0,True,False,0,1.9751213626800992,1.8026407527083839,-0.0022724554104024664,-1.261850749576477,-5.053681365442201,-1.360678244968493,0.46298563479587096,-0.0826915975519687,-0.8716220535690448,1.2632716835208129,-0.4425040353593482,-1.0796638043432614,-0.01848060054885968,-0.490782031574547,0.7309452917828012,-0.6258824573116472,6.5075184723373205,1.4330139823052943,0.01210207261040658,-0.0012155967210936772,0.0004921608718255488,0.2,-9.363001740844874e-05,0.01136805021023711,14,0,0->0,0,0,14,0.838833946921865,1
True,False,0,True,False,0,2.0488153507704574,1.7307188290195386,0.20559053767519325,-1.7484374624208294,-4.656947639622108,-0.9844427576663737,0.6425270842792492,0.23324329506616207,-1.0695544863437088,1.1314084167167844,-0.14349388887870546,-1.1544040810802836,0.5346051508552128,0.7517662457858965,0.8537689832196672,-0.5463605978025162,6.267034745201529,1.656615767340372,0.011592456354767652,-0.000234062631351218,0.0004640770533007162,0.2,0.00021030563960280305,0.010871506917068433,15,0,0->0,0,0,15,0.7652447843228429,1
True,False,0,True,False,0,2.103329476681969,1.752215468489351,0.22966461035538105,-2.2898944677736472,-4.630310445490358,-0.6104769443281649,0.7404315235976671,0.13892698000579937,-1.31488405599879,1.1300616171719562,-0.03266372542967955,-1.1742151978711082,0.5636890789831166,0.9279258728850259,0.8861091959427538,-0.542066715567447,6.43678487578818,0.749690999151423,0.011261678340486152,0.0001788382413574277,0.00042724861639547706,0.2,5.3219313961215715e-05,0.010470923321901025,16,0,0->0,0,0,16,0.883625731507009,1
True,False,0,True,False,0,2.0258400595066304,0.649009953846067,-3.468283467524006,-0.5969532510122463,-3.382286799930639,-0.3608504678686157,1.8257264640497637,-0.03970356130347401,-2.120893503206876,2.302341793891389,0.25373178715299805,-2.838953217495884,0.8129653728685395,-0.31628921355731343,0.963132487641384,0.07559899956031713,7.401575977884851,5.241040719510028,0.018472222908784874,0.0075413225825802215,0.0021186143962894565,0.3,0.004232237474996732,0.019119607144754285,17,0,0->0,0,0,17,0.02912510196800767,0
True,False,0,True,False,0,2.1261370893016682,-0.021620091225276195,-7.0913898733661025,2.1247317228577414,-0.9104362476165111,0.8678428209655223,3.5402063947516536,-1.3039212834968494,-1.3004910534979157,0.7642180022872441,-2.191230509419754,-2.6284288208311466,1.6197632263347932,-0.3371393197115742,2.096954717457598,0.9691631234726815,10.314431283746046,6.704334928698334,0.02414749662889111,-0.001535270848192485,0.004200600663492653,0.4,0.00418777534380768,0.025741962325582353,18,0,0->0,0,0,18,0.008012312952145044,0
True,False,0,True,False,0,2.35142006811089,-0.014574197555608485,-6.734563654904321,2.327169944819756,-0.12786176060112728,0.9507636153341318,3.5635276374256564,-1.005347287721402,-1.144857680794608,0.7806465153428237,-1.636551773055166,-2.3278711703350643,1.419003290003661,-1.2967125372728077,2.2134975982888303,-0.03234859259877859,9.81223818228207,1.824358945825967,0.02312062495135267,-0.006702145397644677,0.005089919575208555,0.3,-4.823561735854687e-05,0.02400103610506217,19,0,0->0,0,0,19,0.4164856136356291,0
True,False,0,True,False,0,2.7211694612899557,0.4525929757712429,-6.147145743677716,2.0993697223892305,0.1628296805455637,0.9656938040874293,3.3989047545090383,-0.630062276073583,-0.9921495374387559,0.4707205870853099,-1.4898977813133314,-1.7296689101199594,1.2339458851379363,-0.4595755912433424,1.9972238121887165,-0.5442286539279472,8.876122176671917,1.5959773607781842,0.022067660360813302,-2.6092913000926726e-05,0.005444427346847042,0.3,-3.255486358470783e-05,0.02339036967195762,20,0,0->0,0,0,20,0.4705516946868694,0
True,False,0,True,False,0,3.5498812212778974,0.739898939227516,-10.954078079948951,5.907109451086263,1.9887080530485934,0.8188274783741042,7.252439895843327,-0.995893911413517,-2.13340316604562,2.573328788704337,0.4775862676761271,-4.947521606909989,4.520812166923047,-2.3460247704583703,1.6027025781950446,-2.0121582755948633,17.243851998118704,9.661024326561392,0.03926149307968564,0.018246797309411707,0.008977406042626253,0.4,0.009030319604375288,0.04320987904326638,21,0,0->0,0,0,21,0.1293598139350249,0
True,False,0,True,False,0,4.430973736918433,2.1706223002359826,-10.538511561131894,5.843098122518485,1.8872114229403274,0.5675073811342588,6.273457777758604,-0.30311648153695375,-1.86057903877825,2.4049952288254954,1.361252105069057,-3.318763373198268,2.663836400782696,-1.5100250285097179,0.32235308380508176,-2.846704509740131,15.787683926982892,3.8120074695384685,0.03972770859788493,-0.01672761720067305,0.010756348088789702,0.5,0.0006622470190000875,0.04512388577704782,22,0,0->0,0,0,22,0.9503179927719865,1
True,False,0,True,False,0,5.276703265714941,3.595805479594068,-9.64927593974598,5.4695587605033245,1.9979127628788278,0.494341806818062,5.517224439434202,-0.10029578856791023,-1.3632173812977508,1.7075549073280996,1.652484624435778,-2.0876694502686033,2.1862206951348155,-0.8481086002036973,1.0820567093469973,-2.5791357490418605,14.681626581996124,2.8207274359352805,0.03835385666732321,-0.0018400674487610083,0.011446319181543818,0.4,4.135615084988747e-06,0.045548843194422206,23,0,0->0,0,0,23,0.9323494648324268,1
True,False,0,True,False,0,6.09291699611978,4.608066144436505,-8.474632669643466,4.825379215535787,2.0040986576564093,0.3687439285082059,4.5526828029714235,0.16669169277451917,-0.9165877076105673,1.305111893437613,1.3550885301464886,-0.5204452551458864,0.3905328222430576,-0.232375679045022,0.11956814600921446,-2.2746317513456207,13.205414662758672,3.4686986071401833,0.03665095261016783,-0.0003290521265936555,0.011239110808917126,0.4,-4.5453841535272876e-05,0.04563562600182995,24,0,0->0,0,0,24,0.8201816668799368,1
True,False,0,True,False,0,6.7945551793331145,5.727206113648076,-7.6963225752925855,4.386341363365778,1.596990569505836,-0.08804623366965023,4.039475450377814,0.6789843986753343,-0.6820757537256037,1.0658992130336402,1.4523797010512411,0.44406781666330786,-0.08983875842064251,-0.2582175013359559,-0.06695417511725002,-1.9316705198214288,12.87847263454949,2.2089179113120516,0.03486667304651386,-8.137550649859465e-05,0.010176533548649586,0.4,0.00021311932182543208,0.045581082808636875,25,0,0->0,0,0,25,0.951272400379493,1
True,False,0,True,False,0,7.720382791921616,7.167131620155145,-7.454593709370441,3.9864875767496564,1.2135574327650145,-0.47037803331403516,3.5169453686832366,1.1367898966852295,-0.17351830885456082,0.7370891022297833,2.348408432570015,1.2323803193934788,0.012328685436021026,0.3198023101211906,-0.0040799282070084954,-1.7673927098959519,13.587518221427805,2.4680390142002073,0.03378451281387276,0.000702119331012864,0.008157443876136013,0.4,-7.327847027089468e-05,0.04574865655330689,26,0,0->0,0,0,26,0.9471106190604166,1
True,False,0,True,False,0,8.251049151999577,7.566385889500604,-6.796391186409335,3.375059891202621,0.795355072893602,-0.7401863515822539,3.0104070769526126,1.2339038994549734,0.12859316853983285,0.4997742451510263,2.583108277614781,1.6100531511001044,0.10456853286368435,-0.10800464485765227,-0.13783093999571436,-1.4870901759240722,13.347499716574625,1.5476056801560278,0.03216474189296666,-0.0005376106882649875,0.006858221652120171,0.3,5.3993857014655866e-05,0.04314798020018864,27,0,0->0,0,0,27,0.9771020460307157,1
True,False,0,True,False,0,8.782939467448353,7.760478690515773,-6.0322370458365215,3.0706951380685705,0.7580719327950535,-0.7694458394968678,2.487178195658744,1.241556505020922,0.399675377971986,0.25430492661593623,2.721724239292028,1.870962550342468,0.2127238304515308,-0.3019268739421833,-0.14931384155247096,-1.289135059368917,13.12912598382695,1.2581225242101928,0.03126598571997387,0.0007210147479132997,0.006246992731608456,0.2,-0.00041015837054556373,0.03902391242344686,28,0,0->0,0,0,28,0.9788463168659062,1
True,False,0,True,False,0,9.536563658943136,8.254956248126508,-5.3849096255495175,3.176228711633419,0.3458422461249392,-1.1385527906180608,2.010599436462627,1.3172391124519716,0.47910235917597926,0.18786507834044813,2.885968475048313,1.5879961399522258,0.4424496667499234,-0.3435689358693721,-0.24654314972061514,-0.45963052403983856,13.388555176632812,1.6283317901359962,0.031118852879181362,0.000751623332200288,0.00525718000355483,0.2,6.779364135678367e-06,0.039713109903426975,29,0,0->0,0,0,29,0.9660571248224765,1
True,False,0,True,False,0,10.200853516902589,8.480725317207252,-5.3427437478819275,2.5205752576844476,-0.255814335547552,-1.465151872711123,1.3912043745603169,1.1450019808465788,1.0483891343849892,-0.20954706014983634,3.0392401062530627,1.3505591013985938,0.5557568934675747,-0.7264772302296578,-0.24912570561821382,-0.3382489422785503,13.65755328751364,1.5943573638683741,0.0300504115096751,-0.000921308528713756,0.0036019303159022286,0.2,-0.00035425066338353253,0.03916900102107268,30,0,0->0,0,0,30,0.9535185049881253,1
True,False,0,True,False,0,10.710713370482738,8.404662889655246,-5.2460023980468655,1.9294267745858025,-0.5299300821126454,-1.4278684936138253,0.8014918528462387,0.9556777902273184,1.1376482063150155,-0.16998158531531662,3.041178645000684,0.8294342935753511,0.45597190824234946,-0.5416658629355334,0.12729461153858293,-0.5099901557147403,13.595719968745513,1.2574175907819725,0.0292767375466464,0.0002947674064775613,0.0035884037042479716,0.1,-0.00011187178758990599,0.02318557279209262,31,0,0->0,0,0,31,0.9336666433559808,1
True,False,0,True,False,0,11.227133560074288,8.241950430597468,-4.803264133702589,1.6882056724402967,-0.5645809421423583,-1.213990222967307,0.4244743123337271,0.6153744163083162,1.3660701336258574,-0.4459875056852147,2.8990523909926083,0.503755936796041,0.360818238129752,-0.38905470208120946,0.1588499849882596,-0.33246187713618697,13.460692269386627,1.0824701769775775,0.027895061494078575,-0.0006080020895391225,0.003331148945923684,0.0,-0.00017289110444580064,0.017154158189323507,32,0,0->0,0,0,32,0.9046233204278943,1
True,False,0,True,False,0,11.752886383490965,8.130780372164672,-4.422306333737608,1.5763082671526571,-0.5955962119504931,-1.220352849680446,0.12228430352299251,0.3485274874358726,1.3362378217969708,-0.5762566423998032,2.7711831053486278,0.009243976009238087,0.2749932533319331,-0.3834944439482096,0.08753283991749858,0.09325880373811332,13.480042537516328,1.0403974860183858,0.026539918659010724,2.6533217499971617e-05,0.003130100569307047,0.0,0.000507961003643042,0.016578470118528404,33,0,0->0,0,0,33,0.8634932495984159,1
True,False,0,True,False,0,12.140028986220418,7.821165133221488,-4.309389089690343,1.0432488587006683,-0.8578457880106004,-1.0816576575135437,-0.0477815496707863,-0.3828202552804613,1.4657183249257186,-0.5971587415822728,2.678963642025382,-0.611184220824136,0.036715807068025144,-0.22830325435358018,0.15159357853750421,0.10970084262008911,13.405263017721612,1.300122679031617,0.02527533419469747,9.055837075459816e-05,0.003060460776415638,0.0,1.3258789097660845e-05,0.016464557494998266,34,0,0->0,0,0,34,0.6765368823311159,1
True,False,0,True,False,0,12.561848703335956,7.442795805763956,-4.244665390229331,0.361180213687254,-1.0707146050218295,-0.7356698533154157,-0.06420213506341403,-1.1312204643586687,1.3665754236351502,-0.4221415348312667,2.5507791620154503,-1.0158268059011726,-0.20952791386777064,-0.2561870768391507,0.2103880530366808,0.19550076460471083,13.37451931907183,1.3448993763781691,0.02405021857146926,3.946884108504273e-05,0.00314740717441072,0.0,0.00010248239821875754,0.016374762378505936,35,0,0->0,0,0,35,0.48679842156540787,0
True,False,0,True,False,0,12.91001175228621,7.040141724539354,-4.091995314601549,-0.042796638834761515,-1.074085463135585,-0.44354056549116017,-0.06934570849849049,-1.520037573488699,1.1497117320769628,-0.2162036973004611,2.3535702108193908,-1.2005389416798227,-0.3330168799170736,-0.34820693297513966,0.21552835747679702,0.3270911379845586,13.281834493200575,0.9538968373309903,0.02292072848030815,9.562553206710067e-05,0.003240516379275091,0.0,-2.3724611261877193e-05,0.013692328984108163,36,0,0->0,0,0,36,0.4760993259299441,0
True,False,0,True,False,0,13.35171870537045,6.322370173921281,-3.698948249308287,-0.060750829641572024,-1.260597372975935,-0.11126702608909562,0.044958542251416496,-1.7425658450777672,1.1704864394396688,-0.12090132805742394,2.0193067677037355,-1.058918281883741,-0.34237789010319275,-0.08699693231326414,0.4175147514378824,0.4591497857486812,13.01054472724316,1.1579054124426231,0.02209737572157153,0.0003061373324244922,0.003382844458149608,0.0,-0.0009030273363928379,0.0138384666206932,37,0,0->0,0,0,37,0.3297852710054214,0
True,False,0,True,False,0,13.677615812839141,5.808365190420006,-3.5621724159286847,-0.3067117885410401,-1.2691629063749934,0.10008569587822279,0.06230683812350745,-1.9742783005400613,0.8764960304431261,0.06468586562230791,1.83410369837965,-0.9418245718834534,-0.1928190911266451,-0.09539011939988325,0.3704718913454545,0.6060790958037413,12.905216115246526,0.8737694490423368,0.021219486875592296,-5.453608724261677e-05,0.0034817145491835427,0.0,-0.0017842296129717515,0.009841563507908385,38,0,0->0,0,0,38,0.3650122150524024,0
True,False,0,True,False,0,13.962256972614238,5.337920494556614,-3.515687335474027,-1.0557902294836972,-1.1489050724966745,0.8326523134861352,0.3274813577965492,-2.3701833397399037,0.1839703846036655,0.4417973942480144,1.9073734803162399,-0.6000327979242888,0.1395586003888945,0.39545335631106565,0.33399540931829896,0.8129486620709013,12.97228253325009,1.6683270208197016,0.020473149779539974,0.00013155174992691282,0.003383898992003953,0.0,-0.0001915465405588311,0.009396649393657856,39,0,0->0,0,0,39,0.1975184523080515,0
True,False,0,True,False,0,14.295151685842049,4.786870408725833,-3.3787328833041275,-1.507364723640306,-0.9453393610573733,1.1288545675750885,0.5678618565321606,-2.22805734182536,-0.21286036407728187,0.5738398984322458,1.8459751289111415,-0.16632622829304214,0.3845459456360727,0.15674354800665255,0.2630879821741791,1.008661256085574,12.960136855299766,1.1710772635853175,0.019486012060768887,-0.0002408006227187648,0.0032722366824684745,0.0,0.00019829884041436263,0.008776852206124142,40,0,0->0,0,0,40,0.3448799083378254,0
True,False,0,True,False,0,14.680351897626624,3.999972821779916,-3.0771124331584856,-1.7362713775081355,-1.0745863827087232,1.3061160308614082,0.7350132926871812,-2.0001691433774607,-0.49889410037319915,0.656665858109864,1.5481856294739234,0.0846544572568683,0.8411092916156861,0.35239357209891803,0.16487834504070592,1.2296317878404626,12.89604944498674,1.2587718928158924,0.018591534428598733,9.266008660093264e-05,0.00306813474176229,0.0,-0.011319647805138442,0.006820544353656325,41,0,0->0,0,0,41,0.43115614755669734,0
True,False,0,True,False,0,15.045240167632615,3.359368895984888,-2.8022965968005824,-1.8757773888732217,-1.2084340706388461,1.4058572464235748,0.920133428392337,-1.7946945082209687,-0.6832247842100172,0.6607229639012618,1.2709459271420624,0.37707565807335724,0.794899579426951,-0.38163642857761326,0.16405837042361654,1.391441415382152,12.91314462530279,1.2273304339495452,0.017722295394176087,2.5238597747508085e-05,0.0028927606308075237,0.0,-0.0027939986765971817,0.006809374507640624,42,0,0->0,0,0,42,0.5606897606877146,1
True,False,0,True,False,0,15.456212645483086,2.876015916411507,-2.671722872875774,-2.268080209051727,-0.7673354784182719,1.957320883844751,1.2813709747242699,-1.1789062240524006,-1.1087524531526811,0.37746168030331534,1.2376589435419065,0.7901593996846982,1.0783945127521986,-0.13369230141762214,0.22986326869564513,1.4543814954665475,13.200073851200045,1.4714080760219335,0.019167842175753555,0.0023147858160001145,0.002469676347866045,0.1,0.0012749990851592865,0.01160982082428077,43,0,0->0,0,0,43,0.6556699279701734,1
True,False,0,True,False,0,15.605152544846632,2.4266297220293813,-2.559845251507397,-2.7035954274381377,-0.22145508392378777,1.9246954676011963,1.7126068160252932,-0.47766157633037787,-1.3425534201810254,0.031701101413117314,1.4709372175772701,0.6558382621820347,1.3347788122988267,0.30195916560687214,0.08248848861502008,1.5953960164064602,13.305034784760245,1.3953075304397673,0.018237684811269646,-0.0023757041460613776,0.0021267056368850087,0.1,4.5145560754739425e-05,0.011611979170490316,44,0,0->0,0,0,44,0.782004131668454,1
True,False,0,True,False,0,15.835146800488603,1.9978116265129238,-2.387757753623644,-2.8512955668920354,0.1078954053316348,1.84833275987504,1.9682928680857985,-0.08323904672090052,-1.3037757324306645,-0.3196875355258983,1.3306277202279255,0.5714499236067384,0.9011403034984848,-0.8029146540388548,0.12173112548923548,1.5568039862033345,13.367107274438325,1.478872179989654,0.017388615972917947,8.108852613221071e-05,0.0018846654143516097,0.1,7.197670341221873e-05,0.011570569445571496,45,0,0->0,0,0,45,0.8442100363171796,1
True,False,0,True,False,0,16.016465501616295,1.6195695881854077,-2.2187909351312554,-2.7253731405591566,0.24807791918370092,2.049401009300328,2.008445358728854,0.20135256418649458,-1.0283161859054653,-0.7892719319691492,1.236378908573424,0.34145960976011236,1.365464809505151,0.5594890681927602,0.17193182773946847,1.4611542114511242,13.42811614845018,1.6746969663267988,0.016539873026048483,3.2589148223419184e-07,0.001760629135057015,0.1,-0.00033797118174196637,0.01156452001896423,46,0,0->0,0,0,46,0.8172052437948597,1
True,False,0,True,False,0,16.103854755951687,1.3157975136554254,-2.1308992880369333,-2.814984681390428,0.5841004021784507,1.9391244329963346,2.1726254736501587,0.5415787167517875,-0.7988744662555987,-1.1341140462359711,1.0816762296855629,0.024769813153078697,0.9747750528233483,-0.11987660772036306,0.1729082034390676,1.3756312918149827,13.417174017411792,1.140494088365414,0.01573858354805567,4.7453468876652166e-05,0.0017020559940183445,0.1,-0.0001670012250247037,0.011121095833097734,47,0,0->0,0,0,47,0.8983868290265551,1
True,False,0,True,False,0,16.286495768245842,0.8248460495747689,-1.7400238097570655,-2.9576062691586773,1.543265578991373,1.7822967760589186,2.536899770098355,1.1167995440988843,0.07253393754937218,-1.5371571742657246,0.9176645308831557,-0.3514488626052999,0.6647045196546418,-0.009096698612105977,0.37068331535624865,1.1758310961744025,13.596513817031012,1.7701330134798852,0.015016675812396366,7.938174233350706e-05,0.0017134713230226634,0.1,-0.0004262459861671588,0.010603094307766405,48,0,0->0,0,0,48,0.8182402630320397,1
True,False,0,True,False,0,16.319903889488433,0.5264406362145193,-1.5630317781968859,-2.8714660030767587,2.0812631679968834,1.4088874633873738,2.548651167026374,1.0943199098432994,0.5846614347165368,-1.5463354582740945,0.8189669499822884,-0.6829912930825258,0.49607918806577805,-0.02625881513631877,0.39553992252496956,1.107411606946404,13.584249371689769,0.9871555580927474,0.014485526226950067,0.00019075815021300617,0.001735656217135501,0.1,-0.0008792615820093289,0.009976594131446484,49,0,0->0,0,0,49,0.8571915486286222,1
True,False,0,True,False,0,16.392466010365418,0.32469156160261087,-1.553374895721458,-2.730839374167365,2.22631888179897,1.2367565906069704,2.5583221504977,1.0896393511838072,0.9532593945340591,-1.4414117033545324,0.6802623348077902,-0.9056245797560334,0.6111941675795136,0.47871858162981024,0.3713672062133367,1.0292657856479979,13.628994484735301,0.7792595254080499,0.015143829102786877,0.0011894524612831095,0.0016517468516036018,0.1,9.03084874439939e-05,0.01235031399553945,50,0,0->0,0,0,50,0.8502746665109124,1
True,False,0,True,False,0,16.42848493061666,0.12697871212671555,-1.5308101549676194,-2.7155208061603755,2.234167980478097,0.9199649688418272,2.63262111065186,0.9392470167002334,1.081752381856258,-1.101555309736159,0.5568682274334573,-0.9287080513114894,0.22670214914955436,-0.674068874269847,0.2795334999595233,1.0255580669465227,13.577824868617531,1.342631842763811,0.014411637035494035,-0.0013904949431296533,0.001677599908821913,0.1,-0.0004586857066269205,0.012338483397085303,51,0,0->0,0,0,51,0.7739361338806315,1
True,False,0,True,False,0,16.512065185559273,-0.18285877456558094,-1.096719248634592,-2.465138143246358,2.9080883619385034,0.38360225169182793,2.5631490903628373,0.5497370796655139,2.1031681936409843,-0.5933127321920627,0.3462053925982326,-0.7013748931344127,0.2501526439505307,-0.6003279323199052,0.4334894140208787,0.8753948037740106,13.660647589362364,1.6439003533853167,0.013950242388731257,0.00027079742053006534,0.001765340822859737,0.1,-5.692435369577045e-07,0.012681287086926653,52,0,0->0,0,0,52,0.539457245102674,1
True,False,0,True,False,0,16.5579599509096,-0.38999320934515547,-0.8330457808289086,-2.0073747304033427,3.2833664250467933,-0.1429676148546261,2.3556059315175384,0.12412766561834586,2.3931130145618282,-0.11322005423853314,0.43930650635667934,-0.49765953429857035,0.8977456408091986,0.814861698083851,0.4403100663057334,0.9836983205285903,13.705321159218729,1.9403732435972971,0.014529633935394515,0.0010407861934260357,0.0014180578759262503,0.0,0.0004388312035142261,0.009781413186807131,53,0,0->0,0,0,53,0.34272551172269855,0
True,False,0,True,False,0,16.554201947229487,-0.524733883357387,-0.7283726690752201,-1.7530342750951127,3.2402594508809694,-0.6492377091522228,2.2879782142257543,-0.2763074174977239,2.2673560382806985,0.40579228728029104,0.40677618062595344,-0.13986930648542234,0.7069666877860035,-0.24350309321594796,0.38277468753708765,1.086196660080741,13.58898175748258,1.4496598392855062,0.0140609140352417,-0.0010481114468160746,0.0011204652222522894,0.0,5.500461667145781e-06,0.00983482336514319,54,0,0->0,0,0,54,0.43747161450656497,0
True,False,0,True,False,0,16.56915598105559,-0.5884038601943453,-0.6103826951185688,-1.4717412641840235,3.1937389105482814,-0.5831725626045285,2.086661631322118,-0.5201994659928654,2.3454860781753584,0.5617928124504298,0.27706767181596875,0.24954414576718215,0.9821546718932218,-0.013657255836483513,0.4697221868982191,1.0399003629480348,13.559805955979686,0.7355499266015137,0.01338765511053683,-0.0002045390245520532,0.000919241830726491,0.0,-0.00013452189924193815,0.009904473725568073,55,0,0->0,0,0,55,0.5557357547726347,1
True,False,0,True,False,0,16.551704014514648,-0.6887946042975243,-0.438448264722895,-1.1660252270650384,3.2283211745898837,-0.8809678326693848,1.85882602787382,-1.0371836115431685,2.150205937193971,0.7944027644568069,0.3269711439213884,0.6736115434825892,0.9656465781054743,-0.5805586138224232,0.5263116863997027,1.0961745528688136,13.534769155290078,1.070070232028028,0.012772524473181703,5.8128287349742264e-05,0.0008637858004263008,0.0,0.00014692597406012683,0.0097855597103774,56,0,0->0,0,0,56,0.44864333405725654,0
True,False,0,True,False,0,16.545547014473904,-0.8917409061518141,-0.002678689532819548,-0.44938230326283374,3.4205270013805076,-1.3622766042932857,1.4168445732420087,-1.7752819204175727,1.6341489723187586,0.8183505679924317,0.5574554384237819,1.1272492355757957,1.0876900798512372,-0.6963875390620312,0.59538982031434,1.1744325848799912,13.570402716896512,1.5226426910701223,0.012201923985628796,4.45301498022202e-05,0.0009515156439629187,0.0,-0.00016769665422109586,0.009736527965029664,57,0,0->0,0,0,57,0.3314855451851257,0
True,False,0,True,False,0,16.540368804322483,-0.9600033486468549,0.3030058197320819,0.15261776020029183,3.332669374373524,-1.225666810783756,1.0925660917993614,-2.0100670131062155,1.2523156023706892,0.4094494388951147,0.5810002915643424,1.3252556492995344,1.2338619197118228,-0.35043499783671284,0.7124201873352706,1.0690402696958117,13.486986310723239,1.0797250633068571,0.011653480068293852,2.215657021796373e-05,0.00112858457253135,0.0,6.404563616356496e-07,0.009913717807801748,58,0,0->0,0,0,58,0.45964740151419453,0
True,False,0,True,False,0,16.46330885920127,-0.9061449088892618,0.310754645796816,0.407948061913153,3.149403266424877,-1.2429431854344455,0.9396584492652441,-2.0695888112619656,0.8862769281030378,0.04602547496509905,0.6581461211212952,1.2798999903757742,1.2428462723530591,-0.3325058231691124,0.7393791267055765,1.017379432121176,13.33697057282157,0.6424708622796153,0.011116911036000326,1.187488504141715e-05,0.0013380169817363442,0.0,0.00014431834931828702,0.009837652849443022,59,0,0->0,0,0,59,0.607178641123096,1
True,False,0,True,False,0,16.389988776180587,-0.793259242566121,0.3983412737247701,0.7017374042906912,3.109172754408138,-1.0171161430625513,0.7356079568072401,-2.0931671853500124,0.652038142053807,-0.4106680235537886,0.5975985648380985,1.1913670899989748,1.1578133931265495,-0.3009064242888195,0.840892514981441,0.8238860973697839,13.218582058828899,0.7333662702457703,0.010789393728364157,0.00020905172465735672,0.0013872093800571088,0.0,-9.791986530262309e-06,0.008016111127700194,60,0,0->0,0,0,60,0.6296701409876404,1
True,False,0,True,False,0,16.316383090033018,-0.8296535625576804,0.8282242737743458,1.5361233119075144,2.989034258355364,-0.8234474799221085,0.34129504334537675,-2.2615475721910223,-0.2500135430528675,-1.2431862980918316,0.9115743514202775,0.7690662662636552,1.1693582008494705,0.4141708466686666,0.8479006856563814,0.7486263389913753,13.233530730736915,1.8505138880532037,0.010586113613994275,0.00012423719326628765,0.0014463958248744355,0.0,3.6431322005703315e-05,0.008425171985421144,61,0,0->0,0,0,61,0.48363612806665107,0
True,False,0,True,False,0,16.229184755041178,-0.7044619249728264,1.1849290220652053,2.1289573115393985,2.8031167448079937,-0.3983266210704736,0.05355819169556726,-2.167618992355824,-0.4933904100250844,-1.7937442954155138,0.7951124893206737,0.516263034797882,0.79888787278094,-0.18385643075241756,0.9079203989926009,0.486145114625323,13.199483749330716,1.34761936737009,0.010079742565819522,-0.0003030909338048709,0.0015319807182456748,0.0,1.4526555014982706e-05,0.007779311359354599,62,0,0->0,0,0,62,0.6965414159446633,1
True,False,0,True,False,0,16.086170260469615,-0.43928534996999063,1.3015539586597638,2.412916773788295,2.5951929023062474,-0.17156311101099103,-0.07069131703090024,-1.987957310459175,-0.6787165727083057,-2.0812008856816386,0.8013615389033052,0.10980043204736886,0.6652537869770077,-0.26271128283165995,0.8936387044457503,0.33925827797943375,13.093834445763253,0.809604983829664,0.009641687517512793,6.83159998680228e-05,0.0014547988926092836,0.0,-0.0027326762261480385,0.005111010054434447,63,0,0->0,0,0,63,0.827957994820014,1
True,False,0,True,False,0,15.958156417587317,-0.14768163459600472,1.4047169553615406,2.5985454690846983,2.399473138166806,-0.03432422193840434,-0.08923438378409547,-1.7803827752621253,-0.7239375705775739,-2.151239899895605,0.8267883503573277,-0.1979358431659737,0.7197115148699467,0.022142778805056985,0.9215929555616278,0.23125020909534666,12.985008923222733,0.6677917808507944,0.009316811051068801,0.00011317858186273878,0.0013428678817018751,0.0,3.001979120781026e-05,0.004678014112048609,64,0,0->0,0,0,64,0.8616088259599497,1
True,False,0,True,False,0,15.822879669291472,0.18210174136799442,1.7271589642555434,2.9341551754639315,2.1857990336819206,0.3335377005588596,-0.16877395530348538,-1.4244576385560836,-0.7601299056245371,-2.0373295107535596,0.7840126232448608,-0.3849111846064322,0.5891260577998051,-0.3316368135641467,0.8033622571288848,0.0626337743293918,12.895717868475424,0.9451695222775657,0.0088803404766162,-0.00011159410800861032,0.0012642081075397258,0.0,-7.768441758934305e-05,0.004679067596660717,65,0,0->0,0,0,65,0.8773850800208184,1
True,False,0,True,False,0,15.719778176871243,0.5887431885933752,2.4386832032180634,3.539864788853785,1.6177059021773896,0.8730206515717094,-0.049904657308225915,-0.8374527200653025,-0.6459310890164374,-1.4378256903777216,0.798650309680986,-0.6659650784327712,0.6609078852817132,0.001483953781832269,0.4496326692440478,-0.39481838986282575,12.89029327016166,1.7099050679150358,0.009374220231398535,0.0009303503292349361,0.0010912757351926776,0.0,0.00014811752731000005,0.006310648921475243,66,0,0->0,0,0,66,0.8875141624376918,1
True,False,0,True,False,0,15.38737390129719,1.08569090935318,2.5753693967232727,3.7991772339222254,1.4008909821999158,1.3035181704250998,-0.10851109745911985,-0.5510239637574491,-0.36334863239253423,-0.9918082839027358,0.6690191964356342,-0.6627511904334779,0.6055334580620367,-0.056830409759172765,0.5464333020087792,-0.43158481979777946,12.715701962650567,1.0363284330307971,0.009276814092507977,-0.000591285893672893,0.0009229597088965688,0.0,5.9470306674385374e-05,0.006709558980126112,67,0,0->0,0,0,67,0.9212188109704045,1
True,False,0,True,False,0,14.989337696460906,1.5351441744858776,2.4124531937337985,3.9467320694993373,1.3505953140115603,1.5349247517075264,-0.10281061071604472,-0.4166211727651707,-0.18915149582255497,-0.7106066525229423,0.6610615133836287,-0.47947185127376635,0.34519960441510045,0.07311519110176239,0.48848986438752895,-0.41731273983402073,12.445553811312742,0.8451182118511082,0.009359485357725569,0.00018007740410815043,0.0007560857062723233,0.0,-0.0001023915235317677,0.007255027035341103,68,0,0->0,0,0,68,0.910221335894745,1
True,False,0,True,False,0,14.574794690295345,1.9134798114898544,2.1777772018991595,4.09493513523165,1.3038040619975686,1.5958232483427641,-0.008920467803583677,-0.2985005523838409,-0.041377887215963534,-0.387194694851485,0.6566867919567877,-0.2638065001498862,0.04519645155888576,-0.5471421654313015,0.6011485172317212,-0.2835231152919861,12.174745480123491,1.0483140500146615,0.008907175633006154,-0.0005349809899370065,0.0006587755783366403,0.0,0.0001440356111817179,0.007254203552674469,69,0,0->0,0,0,69,0.8599000180219539,1
True,False,0,True,False,0,13.919388088162545,2.1098341975241524,2.264980312097459,4.6612185090925,1.0721907247271805,2.1925620082784247,0.05326375590001153,0.2814995222650431,0.4147913805865723,0.5566492493463576,1.0862420950047185,-0.44778515982510103,0.6492663664299421,-0.19846622910101974,0.5708408338636287,-0.5094187768141476,12.046487824787775,1.844484595904175,0.008522192830820926,6.732692253418569e-05,0.00059952663937664,0.0,-0.0005636617307861157,0.007100757186995917,70,0,0->0,0,0,70,0.6673986995311635,1
True,False,0,True,False,0,13.164084190373059,2.0449144952726384,2.2333695848190733,4.746413085034292,1.0661731212026682,2.4176238001709596,0.08976205474670165,0.2734343955439149,0.49621068544952535,0.5978125075694787,1.0922917746497862,-0.34111365534306853,0.509497478220635,-0.3928639190911767,0.5152038049472382,-0.6110247102314577,11.502875618696978,0.851778179819355,0.008588054667190056,0.0004508446385543593,0.00047910916711152397,0.0,-6.630994728132333e-05,0.007042645420665088,71,0,0->0,0,0,71,0.7834606575087755,1
True,False,0,True,False,0,12.443984326635087,2.0326401355623998,2.2852923986949323,4.666438319565971,1.0154354139409123,2.417460164630007,0.22742866790409577,0.296655516684866,0.4701686471230014,0.545316738655573,1.0794751371314881,-0.2679294006039852,0.4768190446637702,-0.36328307833922424,0.5252778257851376,-0.5760828587634992,10.894154981966858,0.7497143414838134,0.008673315979842184,1.9399476282997222e-05,0.000388231596464748,0.0,0.00012561289457266398,0.007794328186445766,72,0,0->0,0,0,72,0.7689828577845945,1
True,False,0,True,False,0,11.700541727453349,2.1165033106115954,2.320654929949825,4.555829995684777,0.9379111664090221,2.218803798900544,0.36086013550220924,0.35039871560484703,0.32244362812861854,0.6035696927832989,1.2057906165668655,-0.33459691485786763,0.44945579309114264,-0.5041306362860615,0.35397954675141247,-0.5500137371514217,10.264799330018494,0.8576811856586277,0.008265292094068196,-0.0004932851984261154,0.00040052437733867254,0.0,-0.0011754779395259938,0.007655906913701651,73,0,0->0,0,0,73,0.7497122293862779,1
True,False,0,True,False,0,11.00700589011094,2.1001070692251704,2.4424899918939587,4.491959051917849,0.9772019836175346,2.14194176522792,0.4484451257829212,0.3257524484517552,0.39993353326987174,0.5772482501979774,1.1475333805619956,-0.326327598288099,0.5111050383955448,-0.5621522334064712,0.4088305167164697,-0.5607213036511919,9.74035979672265,0.7323690262963028,0.008048525835847286,0.00019125762755307744,0.00045652361787886826,0.0,4.2692196263010174e-05,0.00780489676174485,74,0,0->0,0,0,74,0.7375367660158852,1
True,False,0,True,False,0,10.345185510806951,2.1360986059628018,2.4273598748240373,4.4136097072230625,1.0015420231155567,2.1593768558218756,0.4594623037440955,0.3637017883615003,0.4582995192310092,0.5359066413510021,1.1243762037911609,-0.2530076875494639,0.6684076469092974,-0.4382939351440103,0.33384663976728374,-0.5642411068401345,9.261157050222588,0.7105454500231323,0.007688040863487044,-0.00014371871413933202,0.0005714140558344858,0.0,-1.2346033160738363e-05,0.007838416166350315,75,0,0->0,0,0,75,0.71493576422768,1
True,False,0,True,False,0,9.65977921999711,2.1057095197232685,2.4592274029442907,4.278517162512899,1.007991686239828,2.1416566808027833,0.459795615927654,0.3876304352836033,0.498702218034655,0.4416144261557046,0.8983111504721313,-0.08935364629466606,0.5953097304721444,-0.5007267906224001,0.16058662814782704,-0.5809188499478273,8.701158092092614,0.786669503709782,0.007335864887849388,8.308996722585817e-06,0.0006505039303771289,0.0,-0.00012840484193062107,0.006285457053508722,76,0,0->0,0,0,76,0.7078713097406099,1
True,False,0,True,False,0,9.022993071788589,2.0059483050775446,2.409175764208211,4.2236350079219624,1.0204553551874411,2.114266514174904,0.5022638890853487,0.44212304054156637,0.5650306871847848,0.4233787110613466,0.8817108117461615,-0.08879392650483929,0.7804886195619825,-0.3191551915291243,0.027702039657381175,-0.6515065940985167,8.240312550124212,0.7221862503233761,0.007050214200185977,6.652528797424558e-05,0.000719704740607799,0.0,0.00017996321467317593,0.006050058905747057,77,0,0->0,0,0,77,0.7030204163556864,1
True,False,0,True,False,0,8.380644988745429,1.8424789160330302,2.257100308377536,4.168863125647356,1.1197576767883772,2.1266912900466335,0.3770579287722323,0.4701439480291479,0.557328091586548,0.5930996468838519,0.9574448708019223,-0.19891145856173278,1.0720902913445491,-0.3654421106576375,0.14633835622732574,-0.8995088582257023,7.843166678631269,0.837506412677567,0.0067284256426069335,-3.6137869915632906e-05,0.0007469357964786201,0.0,2.1684318613456044e-06,0.00455854439849633,78,0,0->0,0,0,78,0.6125552582532628,1
True,False,0,True,False,0,7.78839648329404,1.7862988462547502,2.3475069201531715,4.110539269911554,1.1295096983651398,2.0163211523982243,0.31597534620251544,0.3888045111406329,0.5676113706763475,0.5971688006420621,0.9239760800424911,-0.22945476155839462,1.1272164233221516,-0.31226591530682557,0.08717710508057266,-0.8738000148130994,7.467512062281598,0.6327055624428163,0.006572922499128295,0.0001662854141004054,0.0007888016435513918,0.0,-0.0001414500267571694,0.004438112382287292,79,0,0->0,0,0,79,0.6183334545273722,1
True,False,0,True,False,0,7.246993356965992,1.7451592200731847,2.3180712025841568,3.9799387839665,1.09985618863279,1.9536993707797063,0.19974851906985758,0.5013029346632585,0.5980146758705882,0.6517670868972943,0.9027960125797335,-0.38962711369833536,1.1563278303057467,-0.014860826752338668,0.2536065649119667,-0.9291330546437143,7.110994941347319,0.7026841636459431,0.007051886637399784,0.0006344672817501272,0.0007649828505916444,0.0,1.8802666210797087e-05,0.0055267443002692245,80,0,0->0,0,0,80,0.521980401444401,1
True,False,0,True,False,0,6.724030152629012,1.8869406486540568,2.543035519250542,3.8220166922956795,1.0096926430250746,1.6362059548582186,0.4018868647856821,0.38889118510276827,0.6111452952680231,0.600840492212423,1.0739924677103458,-0.5912553679840364,1.0672360088941308,-0.2303817249075473,-0.036351114121564346,-0.5111622468614068,6.79922206605589,0.9578405066137283,0.006763044012443503,-0.0007678067632277703,0.0007194823817429275,0.0,1.3480820537343109e-05,0.005354482266273533,81,0,0->0,0,0,81,0.4493667541347052,0
True,False,0,True,False,0,6.2231250735972505,1.9290256116060187,2.7151152830100624,3.6721981168617335,0.961404838203878,1.5531707818043388,0.3796544641718769,0.3450298007378322,0.5786243586774288,0.612216362190636,1.0346437916841942,-0.7051218895117406,0.952184466963644,-0.4515383229133947,0.06732090108234794,-0.49360566303233666,6.5667361402127264,0.6366183228274868,0.006541039733953157,6.683834646593542e-05,0.0006143128741127455,0.0,-0.00013998605199294937,0.004757480799216924,82,0,0->0,0,0,82,0.5024819619834013,1
True,False,0,True,False,0,5.701161379440842,1.9421485344202412,2.9489067946600827,3.6257337651432002,0.9395287994851098,1.465386209559359,0.3071267586124458,0.24971728575638583,0.42466056668311486,0.5343464417133268,1.0333699045427902,-0.7911345933869263,0.8741823290706735,-0.5392482078070928,0.1099601821199419,-0.5080448041202323,6.430627845978351,0.6363469871731616,0.006222909206177412,-9.612624928539894e-05,0.0005595271153743459,0.0,4.8815982329625425e-05,0.004692074265362899,83,0,0->0,0,0,83,0.5263995118279742,1
True,False,0,True,False,0,5.214952914772265,1.9635851743974175,3.0866207794072875,3.4807602754973286,0.9073186983530193,1.3734722680036222,0.3247132656303531,0.1998983667499356,0.43601492865387337,0.5804902378303795,1.064509664357551,-0.920210245415861,1.10683582742096,0.264078127897613,0.12131822425240732,-0.5156845053356723,6.31538586146792,1.0043177436758972,0.006187113069463223,0.00028233439106155507,0.00047534760161899457,0.0,-2.0933148691347752e-05,0.004780200535984274,84,0,0->0,0,0,84,0.4235716972549749,0
True,False,0,True,False,0,4.754908450623101,1.9523891330251255,3.1110586460138885,3.2623398485131117,0.9415450335877882,1.2964257269434807,0.2064616572722663,0.11575912139084943,0.38560996038741463,0.7106393609955616,0.9953997214962421,-0.9141785404973678,1.0477755301447376,0.17290514764529835,0.2550915384023429,-0.7449183985126653,6.10863384330737,0.6283132568568531,0.005885120731439218,-0.00026619620130981497,0.00044819910873470216,0.0,7.077870060763188e-05,0.0046594696836132305,85,0,0->0,0,0,85,0.48854195712185894,0
True,False,0,True,False,0,4.3597054354369815,2.0433541624821454,3.2087650231912432,3.1896050651683323,0.9091985331556545,1.2045177902808706,0.2082997039544762,-0.024500955830652822,0.29761403818876847,0.8586095914788362,0.9163669264910226,-0.794530769940019,0.7175843186467641,-0.7039142404723563,0.28028479568929693,-0.6969116562334843,6.068545027321878,1.0674477239660372,0.005898524099927989,0.0003153957065127758,0.00042807554749523603,0.0,-0.0002723421284711886,0.004850043475436276,86,0,0->0,0,0,86,0.424335792017099,0
True,False,0,True,False,0,3.914500979146288,2.0653640067181547,3.1778627663808496,3.047363026153948,0.8684630517064188,1.0693871952569667,0.19551342327613994,0.06103924094615058,0.11198090947917788,1.0318682585780292,1.0153003864466048,-0.8639908445905402,0.7563128412102448,-0.7521015833642635,0.3102685513430077,-0.8297258890295401,6.005641064690233,0.5905343172601599,0.005643984357398299,-0.00026794311101846144,0.0004538391538063872,0.0,-0.00015600066380978958,0.004902765034730237,87,0,0->0,0,0,87,0.5715522587683567,1
True,False,0,True,False,0,3.5647303396037624,2.242255941661453,3.3243405098543355,3.0673084693518686,0.8843603952394711,1.1026236299602745,0.23795166154086794,0.027145294768024922,0.062190584933224574,1.0079787324194414,1.0894231457200052,-0.7623514961904255,0.8646646955178275,-0.8577186623858382,0.14666534742212903,-0.6403405162535872,6.215375039758508,0.5330979672449819,0.00554470732961618,0.00015526271474757165,0.0004963993003268401,0.0,-0.00011247131565750258,0.005049868025082129,88,0,0->0,0,0,88,0.6567803418530007,1
True,False,0,True,False,0,3.199029120172285,2.3598587928374046,3.3847028674335142,2.9819304101390127,0.8479663954540803,1.0147867609685386,0.2637631309876245,-0.05373508675934307,-0.0685054158302293,1.0806957487335047,1.126234094181464,-0.6380501778019536,0.943726959375735,-1.2358098755424596,0.14665439962968946,-0.6667033401032878,6.359436155004544,0.6031769433111728,0.00533491745127823,-0.0001105128505558316,0.000552851958647556,0.0,-3.968391126329095e-05,0.004495951490743784,89,0,0->0,0,0,89,0.7207011303615094,1
True,False,0,True,False,0,2.8265370682034456,2.3396193392371907,3.3921797825753255,2.9021173540613177,0.8676285226039839,1.0363438984341669,0.061698430392176255,0.023138763590105672,-0.26670289201544256,1.0632567850749906,0.9861063953010483,-0.4597923132524198,0.9173356037870088,-0.4499486472090333,-0.17113341474135685,-0.83941374394664,6.24498994206523,1.0164976053338657,0.005074925455351579,-5.020211758870099e-05,0.0005305783890357092,0.0,1.8394412669320293e-05,0.003560120895165737,90,0,0->0,0,0,90,0.71335408024448,1
True,False,0,True,False,0,2.5009802391593525,2.468861642697457,3.386660261577036,2.9096170592276573,0.9553621135413968,1.146079373872018,0.18956738819931723,-0.17744045738276093,-0.10785355072911301,0.6222977230038521,0.7250209596272599,-0.24716787358496817,1.0735806826550698,-0.6292769666511292,-0.18012903634760674,-0.3844375031090352,6.360861227892147,0.8920803332153145,0.004849978294140601,3.5044834715673885e-05,0.0005335603153342746,0.0,-0.00011870890414035322,0.0035269336159026578,91,0,0->0,0,0,91,0.7533867755921269,1
True,False,0,True,False,0,2.1373985821400097,2.342749169874953,3.2297295281191714,3.06283649274753,1.0693085256315282,1.5054564906935006,0.009127397890246827,-0.13319474806264583,0.14321080391200308,0.4962578069612182,0.5754105964257349,-0.13549529263837826,1.0592734512547193,-0.735002355478483,-0.0599779488716268,-0.26705663289265097,6.511073109910051,0.725411538921624,0.005062004835528693,0.0004369737025990694,0.00048273672813341814,0.0,-0.00026374115812973897,0.003951857483920094,92,0,0->0,0,0,92,0.7251334511127161,1
True,False,0,True,False,0,1.7940470045175525,2.404622821856988,3.374772708207856,2.8737141562591315,0.9901585378422949,1.2394563011025865,0.1304155973541197,-0.06629990698799902,-0.1549579851907196,0.38520631257234234,0.7823047771280323,-0.4042730048264114,0.8940543368278735,-1.1197016616593551,-0.10981356071553408,-0.2541332833794774,6.582536154084151,0.8178968396641159,0.004848133557785769,-0.0004258978191310162,0.00047190668796409305,0.0,1.5003512329038113e-05,0.003945943847400309,93,0,0->0,0,0,93,0.792283406492252,1
True,False,0,True,False,0,1.445853461848438,2.4727913920896776,3.5448146172514705,2.7557379992032356,0.9980823249292634,1.2157412248384576,0.20519354618200417,-0.017047021035998998,-0.30552652435031524,0.24000706758504023,0.8034785961819846,-0.6020912428902483,0.7636534541515075,-1.653140965328146,-0.11807491750431875,-0.3818371859683205,6.87334212806378,0.7606797029931922,0.004658112954526537,2.3850674483691728e-05,0.00044746966423403885,0.0,-0.00015380568055363636,0.0036270065517649782,94,1,0->1,1,0,94,0.8801703914763759,1
False,True,0,True,False,0,1.120791918351479,2.597336674182702,3.637545827959714,2.750764359468363,1.011039748603597,1.2180802424211068,0.26119398003563044,0.12974530197590586,-0.2892779920471265,0.0743628711324337,1.0078054825072151,-0.9307630571835479,1.3208309550663146,-0.3839336399898037,-0.19168079360423027,-0.4975381510914714,6.821186619628873,1.5074060310858957,0.004493855611535375,2.5763260268070812e-05,0.0004546629721656126,0.0,9.162881257587492e-05,0.0037056739758733583,1,0,1->1,1,1,1,0.58564527708791,1
False,True,0,False,True,0,0.8382845791385636,2.6862786939955483,3.6734083752483015,2.7180006289014758,0.9731234886012942,1.129051075489115,0.4001269286479354,0.1429094433708886,-0.33164888488227934,0.08113902413274511,1.010659143737872,-1.0382054314610163,1.2079455585768555,-0.730698629185507,-0.20321638150499308,-0.6376276866821512,6.740538066479977,0.5339106594991494,0.004497541126583111,0.00016794285803889766,0.00040881225409211084,0.0,-1.1770880304825919e-05,0.0034260870228312126,2,0,1->1,1,1,2,0.5536804733455553,1
False,True,0,False,True,0,0.5345938554066055,2.7823196407757993,3.6404481481982978,2.6184467298909353,0.9948112523672344,0.9164627563349208,0.47037731343421985,0.16316644566671326,-0.34153058056812285,0.18232022476723597,0.9165506244454109,-1.055462229968226,0.7242855326167439,-1.0326055715510827,-0.6232584899357972,-0.6382174220887843,6.538352447382843,0.8273203289717942,0.004361568769649432,-0.00013965787198141465,0.0003850916042816949,0.0,-4.780292200174188e-05,0.003546002516833904,3,0,1->1,1,1,3,0.5462016766258935,1
False,True,0,False,True,0,0.28710143881911837,2.82098322027938,3.532545847706171,2.6667866855343605,1.1051908436648286,1.1011932866995644,0.5656273160866492,0.16028303311361747,-0.11197408731745742,0.1091881004244344,0.8645902960702032,-1.0940011817912816,1.0613555368510665,-0.01609573174821202,-0.5043843959201426,-0.5694921027284707,6.384413105090844,1.1662371997862306,0.004418735768541435,0.00019313935582568158,0.0003269532481032634,0.0,-1.1321720569234823e-05,0.003534491569629994,4,0,1->1,1,1,4,0.3649144129502072,0
False,True,0,False,True,0,0.0908681357144383,2.71710570145241,3.1609986859729173,2.93445754427715,1.2869631697121797,1.418273549305468,0.5497465120986174,0.08510836432248695,0.2983772573709651,0.0037688994068252363,0.29181021763026044,-0.934370374779549,0.9450568861978476,-0.3006485776809047,0.145357236399004,-0.23030969933646864,6.121575544556264,1.2502969923336475,0.006702976257631232,0.0022270734901977934,0.0006847234554783231,0.1,0.0012081256238199588,0.00650061525211039,5,0,1->1,1,1,5,0.1515543558111299,0
False,True,0,False,True,0,-0.08011175150103485,2.6171065945981846,2.9307218119734544,2.9683961596912205,1.391823142449589,1.5802694610164352,0.43184140337881527,-0.1570670782653735,0.5461596433771196,-0.4300556243640527,-0.835065390531601,-0.47560711940303046,0.39967423354820764,-0.12086364324582813,0.5215250267244769,0.3219453072659205,5.926269828045569,1.6460154643009748,0.007978367718079912,-0.0010088490286411164,0.0011944801895661724,0.2,0.0006941192996502655,0.008243859066976472,6,0,1->1,1,1,6,0.06434331302133663,0
False,True,0,False,True,0,-0.3594160403394221,2.2842054635002937,2.6384424050066255,3.0262339314459434,1.3095460227067584,1.3521089466749074,0.6362749061596085,-0.0642817832296414,0.3265574067977894,0.05657165632226698,-0.539566442586164,-0.9286350369875584,1.0046301770565687,0.040630300398336386,0.7813768495916139,0.09362341419124692,5.605404837591801,1.21495943977201,0.007784663258391335,-0.0014690959201372564,0.001438105668223087,0.2,-7.880159920581938e-05,0.008424281680055724,7,0,1->1,1,1,7,0.07026344505312217,0
False,True,0,False,True,0,-0.5786989471502438,1.8070109835956618,2.4270799575763498,3.1481823433668206,1.4878371368878454,1.5990104272466372,0.3665054755309754,-0.015002733975383634,0.4620493483372771,0.3723258065539658,-0.788589600412284,-0.6705582905313804,0.968158175071439,0.2448712627180129,0.8013659527819624,0.07547462351196921,5.4307131249482685,0.8909239627484876,0.007741748908473402,0.00015079010977064357,0.0015927900878515537,0.2,4.542791477143721e-05,0.008332431476555427,8,0,1->1,1,1,8,0.05573452138211325,0
False,True,0,False,True,0,-0.7755253710124349,1.6074630601957194,2.425377907038309,3.1893483053913867,1.3700231628588764,1.328280734527298,0.254149895676559,0.14577319082648252,0.419197383288269,0.5399461462794242,-0.8928252580894895,-0.49324308650340004,1.189769522382043,0.5669502721867216,0.7982947560079492,0.23290294495922098,5.30522625320379,0.6751171238647314,0.007381249047123144,-0.0003175855114323249,0.0016345576384318523,0.2,6.0108224578094525e-05,0.008331953046433535,9,0,1->1,1,1,9,0.06842294094433625,0
False,True,0,False,True,0,-0.9758489080589441,1.5046303986432656,2.3557278505056334,3.1419944730170766,1.0781261012310865,0.9333637305465182,0.0631832827831618,0.3490204696667135,0.16341072227943318,0.7635243852865584,-1.2145114670674944,-0.07207351347867708,0.779753132898683,-0.7619674891604037,0.9829374756665843,0.15024808185173558,5.043351890504475,1.6577331261066968,0.007338021627512054,0.00031727244173916733,0.0016092569430180721,0.2,5.525687669666324e-05,0.008618627757104584,10,0,1->1,1,1,10,0.04552587644745981,0
False,True,0,False,True,0,-1.1677998597371504,1.341636127898783,2.338347409894176,3.062905640186899,0.7981345322002517,0.7210086642226633,-0.18524061927451538,0.594098253554524,0.09463862653071553,0.8003271621573467,-1.2765275912910663,0.22293602672583696,0.9485701514555857,-0.7262948311889741,1.0777137681913873,0.02955306052804196,4.903214334837948,0.682289647894052,0.00705183354208461,-0.00024296066581635297,0.0014948159146844085,0.2,-2.2240969469846175e-06,0.008641804506982306,11,0,1->1,1,1,11,0.12474423057185678,0
False,True,0,False,True,0,-1.2340208425690031,1.3701967616292525,2.660412792317071,3.126490518174731,0.6767404002584624,0.5196531314007914,-0.0737015799171766,0.49662333896738053,0.02920757131531015,0.37868816993591725,-1.1953695752361981,0.6104640997913152,0.8890968676464949,-1.6088715219162872,0.5194991056345045,0.6465821976035716,5.138139742448793,1.4155654430298987,0.007298291774912566,0.0005326463182553989,0.0013253714554892178,0.3,0.00018721396454007572,0.009213712035024716,12,0,1->1,1,1,12,0.11735092957876135,0
False,True,0,False,True,0,-1.424415995315845,1.1058638822384197,2.6832038179823803,2.941392478557963,0.5298580467916909,0.09940693396371827,-0.2807395142474675,0.7861532819334455,-0.11050399370559502,0.25120685381856367,-0.948099737659669,0.7991677925346131,1.1516655958259066,-1.3078569342889108,0.4431324406312085,0.5225521296607109,4.869067682285014,0.8826472651251381,0.006956127177112658,-0.000588622830627863,0.0010102214286456142,0.3,-1.3562013283993646e-06,0.009195751972751472,13,0,1->1,1,1,13,0.20806229445471405,0
False,True,0,False,True,0,-1.5692098443752809,1.0708137667981228,2.5849278840511616,2.814379009323516,-0.05982953037298894,-0.2801219587102345,-0.6725721730958604,0.9296941723604092,0.04322954150401413,-0.20926737526852573,-0.8275277461323925,1.0977852726530288,1.4146399479524168,-1.6178822662442147,0.5530399811675211,0.39848566371694244,4.949081570020682,1.11625206853993,0.00664384578404684,2.988320473408957e-05,0.00045504264659529566,0.3,0.00010970145362592526,0.009024028306926848,14,0,1->1,1,1,14,0.2359379573370714,0
False,True,0,False,True,0,-1.6610094531520507,1.1486434950142066,2.5291582850920733,2.720152499922777,-0.5365255211537867,-0.4574501249579491,-0.7527943992026819,0.9101334053085601,0.3772050388717224,-0.805079494152382,-0.6192797598348805,1.2089891287073449,1.6089987809103756,-1.9259562537270765,0.2848484895494528,0.7011565344667287,5.155673563988463,1.0537848919425832,0.006447455740548043,0.00011589134956702107,0.0004967852399911824,0.2,-5.435659540146791e-05,0.006565828201022369,15,0,1->1,1,1,15,0.32407581890628,0
False,True,0,False,True,0,-1.7887910097680229,1.0330605232550902,2.5046750128250377,2.672782966160502,-0.7722090935281155,-0.44127865766152585,-0.9336272833316356,0.9579057070833592,0.5213599456598476,-1.1135553370519229,-0.448702544379625,1.0602612848383264,1.6472093262095227,-1.8002896653414335,0.2566929194606076,0.6905484283952273,5.131209127545881,0.5555481854804293,0.006154401330176347,-9.666436687289989e-05,0.0005377579255986488,0.1,6.515627088834065e-05,0.005187058297387496,16,0,1->1,1,1,16,0.42390522857376933,0
False,True,0,False,True,0,-1.8913116120112798,0.9731957723935274,2.6112257294887775,2.747543848802769,-0.8836468422111464,-0.6026085082677408,-1.0690362170055585,0.9436280106965518,0.7332887678427211,-1.5179450070219092,-0.3767720213470919,0.6835161392910498,1.5036298957300955,-1.5769283766058426,0.2666018536979242,0.570450178102968,5.193273186432193,0.7270518977946914,0.006199073683807692,0.00033772676400304225,0.0005405732290496382,0.1,-0.00011280083414455348,0.0052414347500321715,17,0,1->1,1,1,17,0.375140171612329,0
False,True,0,False,True,0,-2.0969069580334794,0.6316354916249711,2.233086378873765,2.146796693674905,-1.0182204955891219,-0.4154688371722296,-1.2280491874320358,0.43855364488270987,0.9466795256978919,-1.79555569016337,-0.21903438999309188,0.054491053251463535,1.0941831741191606,-1.4921921065772648,0.29156447192560275,-0.07913753467297528,4.532114194064089,1.4618163897592948,0.005982051676738766,-0.00026169436070027155,0.0005300982593039116,0.1,-5.1951784220424443e-05,0.004988441933297061,18,0,1->1,1,1,18,0.10415231882010827,0
False,True,0,False,True,0,-2.233600918651785,0.543921312435055,1.8553776634317578,1.8920135317510365,-1.450476014106082,-0.11880509176157891,-1.3689968148288576,-0.043843093536934184,1.400297630950817,-1.978565085275607,-0.13993227115872697,-0.7390487303601319,1.2271932908973662,0.21248515588429553,0.31082428533898016,-0.3842821222523674,4.408996243078955,2.1572457405239978,0.00584151439570476,7.648472603491961e-05,0.0005481440088236385,0.1,-0.00010387391333217203,0.0052041073885143565,19,0,1->1,1,1,19,0.021316400895396433,0
False,True,0,False,True,0,-2.3492303894699984,0.391360538121503,1.1409815791102416,1.8501718854396738,-1.5387236205362376,0.008969251377536574,-1.339141607998063,-0.43958561929968765,1.308430244833922,-1.7226205994992514,-0.666803130634306,-1.274705396746446,0.46727151406566186,-0.4787909076176206,0.6321390975355258,-0.4921591124332629,4.10472477263741,1.5934451278845927,0.0072165091290244746,0.0015155320143537213,0.0005308236904012562,0.2,0.0005476908379766932,0.0066858528122533435,20,0,1->1,1,1,20,0.014711506305789945,0
False,True,0,False,True,0,-2.503978432614667,0.0401833728370111,0.7226108800600733,1.9713960411902238,-1.557761065761341,0.20040537594032415,-1.4043740066941317,-0.7373143445977907,1.4522888053402507,-1.127448877131819,-0.7499556884597806,-1.5842971526221852,-0.19024485475274858,-1.460872506723703,0.35798657943922774,-0.6313679181465636,4.287895443326337,1.560751862052579,0.007084300297193083,-0.0015072035651511068,0.0005341252833938762,0.2,-0.0001325303265712575,0.0068590121575625405,21,0,1->1,1,1,21,0.010049426246867858,0
False,True,0,False,True,0,-2.649664333227739,-0.298563982293716,0.45617685928990775,2.064463387774979,-1.5523297793099657,0.5694744913528361,-1.582376186141559,-1.106638795382558,1.342399902715339,-0.6042193478978568,-0.8373289036531344,-1.8173813655239544,-0.026163514421997505,-0.462402087390511,0.4899673649988404,-0.7169212535538229,4.255215108851414,1.3843268447274732,0.0068125586407769955,-0.00013953282458469517,0.00048125356992346395,0.1,-3.4825502874260075e-05,0.0061260582734057375,22,0,1->1,1,1,22,0.005862692732347196,0
False,True,0,False,True,0,-2.77673508704143,-0.6546668317888162,0.08981968238088939,1.6484328323160837,-1.582888956965443,1.6056538170823105,-1.726597384401111,-1.7211274983492653,1.140737845741794,0.12774347704970787,-0.877684043251006,-1.7425204184305867,0.17410684050873676,0.5859195033712191,0.6482778991772182,-0.8174107270791685,4.559340918239867,1.918637378926257,0.006488604710150068,-5.2212274210840064e-05,0.0004578032655807964,0.1,-4.133536186360937e-05,0.006073663849305088,23,0,1->1,1,1,23,0.0014149889027876453,0
False,True,0,False,True,0,-2.894986425034579,-0.7638078317382068,-0.2805952001328673,1.080854512085006,-1.7890160979900052,1.9571400840658655,-1.7454368657817287,-2.0608975858387266,0.736079119122152,0.6364324892763578,-1.144138398480539,-1.1052557865674235,-0.17727080473061396,-0.1977563692844448,0.6707371968889357,-0.8128191489958562,4.573966034365215,1.5507527399237495,0.006209336121480487,4.468534195734616e-05,0.0004618680237667809,0.1,4.75072030795172e-06,0.006159488981935334,24,0,1->1,1,1,24,0.0020337372199800154,0
False,True,0,False,True,0,-3.0263543351729685,-0.9318837596951228,-0.7166894398920244,0.9362459744836558,-1.9142133884985955,2.0370225315530073,-1.8814920657605927,-1.9307441397254514,0.478045074409544,0.9598214528169062,-1.3283687591880766,-0.4848704662844121,0.20398701973756178,0.459667913902456,0.772298476790464,-0.8529475011639766,4.725011681560505,1.2221183743317776,0.006320369782272599,0.000390302249461693,0.0004634951084772863,0.1,-0.0006968567986762944,0.006453943080496613,25,0,1->1,1,1,25,0.0033158066097500848,0
False,True,0,False,True,0,-3.174253679848983,-1.2774378920832141,-1.0662943793936348,1.0615607989670397,-2.004323828176403,2.301181337717821,-2.1575311581459893,-1.757694214161949,0.05583792900456271,1.2240502086820637,-1.1346063953689074,0.08267037598796527,1.1373894384757177,1.7518984440473961,0.7783210307547636,-0.764448795364956,5.459496301621683,1.902614831690196,0.006501186495684383,6.978305261967199e-05,0.00045337396365815037,0.1,-0.0006363943589617624,0.006900489158127383,26,0,1->1,1,1,26,0.0026385573336233496,0
False,True,0,False,True,0,-3.277642247691262,-1.6375755530773413,-1.3136167990070973,0.4898200509481883,-1.7075609218508538,2.8331788108499314,-2.083147408013643,-1.126600995220892,-0.7480735071942994,1.5257119272281372,-0.9001526003943559,1.1541387107782446,1.1604544949543332,0.26483861226699373,0.8385273697718056,-0.612754428562546,5.431456559573456,2.3413984301499258,0.006394846996500349,-0.0002871562125958179,0.0004447331201944056,0.1,2.2080198760396873e-06,0.006885174209266276,27,0,1->1,1,1,27,0.0033049287189723837,0
False,True,0,False,True,0,-3.3267819350813936,-1.8253364898335176,-1.489804717284719,-0.4547334088841285,-1.3696405626497086,3.270490471407249,-1.856353260085005,-0.57652251607773,-1.5697347364041547,1.374969686780333,-0.7027893459276142,2.1769685094123794,1.2200083218758087,-0.7066773090566074,0.8886433236837494,-0.5277632351999515,5.976794857759626,2.088170079507697,0.006521850064594172,0.00023334256727785673,0.00040814112704117586,0.1,3.143147984085645e-05,0.0071749982359043405,28,0,1->1,1,1,28,0.014316682747433727,0
False,True,0,False,True,0,-3.3838134145057372,-1.7687400302842662,-1.7441564906815858,-0.9518705559335063,-1.7116281867411016,2.9677659844264808,-1.6332065490577117,0.003074423614947296,-1.545972776113164,0.6790435269097546,-0.21971951975052453,2.55758361524362,1.9758747148023081,-0.324252545299975,0.41933609833868285,-0.06971802530696347,6.012666409038435,1.7097836676416192,0.006328493388333337,-0.00032035974435465787,0.0003388247282239287,0.1,-8.858344925413448e-05,0.007083806801211299,29,0,1->1,1,1,29,0.041085463124558914,0
False,True,0,False,True,0,-3.4219192844915653,-1.787713480613594,-1.735055014276336,-1.1874733056767388,-1.8119213380555448,3.0685962250088274,-1.582451047595303,0.4689016996610024,-1.8046458503602805,0.013327651256173427,-0.004021616135482762,2.6082576086380413,2.1260640037634846,-0.28207161379359985,0.39421919775128966,-0.08502932142142984,6.2470893500184514,0.9389272288154866,0.006038724591574284,-9.641212049821789e-05,0.00029827725073394387,0.0,-2.5781007874803568e-05,0.005329657634668379,30,0,1->1,1,1,30,0.1743406750820139,0
False,True,0,False,True,0,-3.4483328177972017,-1.8108993531828184,-1.6493885747428894,-1.3273235269820347,-1.525722737589045,2.999968410708572,-1.2796951032850352,1.2033754223449435,-1.5628863954041063,-0.9902957664731032,0.1683586120569992,2.2699070765187175,1.9457018478372077,-0.5124689602257415,0.2648855082593314,-0.03602433598101177,6.01183362361688,1.4354476898599864,0.005757263350286614,8.307555471383232e-06,0.0002896975021031581,0.0,-1.2129243082420992e-05,0.005051935730790846,31,0,1->1,1,1,31,0.1715871434931892,0
False,True,0,False,True,0,-3.4716138047702603,-1.9948048222231738,-1.5504273393378873,-1.7647797178212012,-0.5631861232371005,2.8028885180348144,-0.7424908610823426,2.3563549520693967,-1.047970150784525,-2.1143288572491064,0.45243685447357257,1.4852844222237422,1.7492515260624175,0.25933658587711844,0.35598128243715343,-0.10601878590009008,6.041706437229412,2.385621168873096,0.005501612953444959,2.5810844446014225e-05,0.0003425439758556112,0.0,-0.0002667752288479249,0.004983836419111375,32,0,1->1,1,1,32,0.10019459558570352,0
False,True,0,False,True,0,-3.4768361053610564,-1.9539623018307506,-1.7275847214416746,-2.362048176509058,-0.21408798200788917,2.547135599848824,-0.3635102271622097,2.4390957444945256,-0.4234441881097573,-2.6927255700145283,0.20939300913968764,0.7102401705394681,0.11775621725174855,-2.041907361009604,0.4767896277611221,-0.36061650525362265,6.250218171720185,3.185720609160639,0.005638885794057451,0.0003929232374541474,0.00036907800498692174,0.0,0.00010991400714396903,0.005479411579413642,33,0,1->1,1,1,33,0.0560378359516738,0
False,True,0,False,True,0,-3.53157085747771,-1.945698821558831,-1.8748504958164016,-2.5020667987862764,-0.2644080235708923,2.4135468537149687,-0.2287157095813955,2.4647048085921432,0.20843650367594316,-3.007129329099536,0.5996565080236739,-0.3665442721932598,0.9427605913118816,0.9974703520056414,0.4380563062418084,-0.2567680780217877,6.243375668708936,3.4386315853213665,0.005408208520741819,-0.0003679501139281236,0.00042978893382730803,0.0,-1.604524651573633e-05,0.005471013151513371,34,0,1->1,1,1,34,0.01681074793403909,0
False,True,0,False,True,0,-3.5599176098774366,-1.9455929070444435,-1.7891297379255922,-2.417539225326127,-0.12870962282644602,2.6408838655742897,-0.29797075744643564,2.4036773645929252,1.0925116977334708,-2.8989925279510285,0.337684939292611,-0.9146024751412647,0.6417937876554686,0.9641641080948695,0.6382101544514085,-0.3091112854391528,6.300203831510433,1.1792728277860351,0.005254972129353462,7.744088192727493e-05,0.00048178592738416917,0.0,-3.5843959273492484e-05,0.004940743957884342,35,0,1->1,1,1,35,0.05012097774431601,0
False,True,0,False,True,0,-3.541577234577058,-1.995465822890964,-1.425418164087273,-2.3753358137311875,0.773286378960594,1.8341730513651264,-0.06851030031711453,1.997290858342355,2.343435982404991,-2.5172670627865563,0.25559310112500067,-1.5229629716856012,0.4072816484292212,1.5012954544215633,0.6793688759705272,-0.2039239938697928,6.197207005390491,2.0646316927111066,0.005106168004729599,4.432266764493702e-06,0.000501081400425691,0.0,-7.155162723306453e-05,0.003846529281598081,36,0,1->1,1,1,36,0.00631289291559356,0
False,True,0,False,True,0,-3.5197774403506283,-1.9224214886462085,-1.1362232422533838,-2.5153345121783564,1.4391149773563705,1.1276772452828,0.16528673474267033,1.3841949749830293,3.2480941915271173,-1.7972149510012092,-0.023810226151663148,-1.5571903849583388,-0.5190436952968729,-0.3216774048985665,0.7246334582469174,-0.0909605294818863,5.944122548424225,2.6635114558599025,0.004940218858851138,-1.714502125459757e-05,0.0005184680035658343,0.0,8.52863742910469e-05,0.003964127003376616,37,0,1->1,1,1,37,0.0014404960362883056,0
False,True,0,False,True,0,-3.524692770826695,-1.7807637774364673,-1.0715630144760229,-2.8519816584820927,1.5515441277799624,1.2508975259124284,0.2498393397233693,0.4885037010954235,3.3114409178484148,-0.9976150583610038,-0.03987040729643409,-1.455369108873328,-0.29602787577162887,0.4700975515887033,0.8743582763177067,-0.045399068624570445,5.783509276628127,1.5264252911324991,0.004796358047302855,2.2088334330177227e-05,0.00048176622401529027,0.0,-2.8633332566669646e-05,0.0034945344826108546,38,0,1->1,1,1,38,0.0014099113387763369,0
False,True,0,False,True,0,-3.5242279877550002,-1.600477333212967,-0.8737515016010454,-2.9314738070871886,1.6744336107286977,1.1328185897934808,0.23633165311033408,0.026372150199039664,3.4577172121411652,-0.1850426291180246,-0.17414228267667242,-1.0652476085663194,-0.3604460985007307,-0.13352780982078502,0.9770733426981938,0.061009226383689955,5.638735640295142,1.2502100325297025,0.004660839249261782,8.3420135072107e-06,0.00044123068516099134,0.0,-2.4639547584878393e-06,0.0031327291483136785,39,0,1->1,1,1,39,0.0010962893158047333,0
False,True,0,False,True,0,-3.5257897574225177,-1.468348113940179,-0.576136627200834,-2.6164459683143684,1.757471125023563,0.7506533370049027,0.002534220214397504,-0.6527907112086687,3.3534946230234755,0.5337526916102154,-0.007701883634096367,-0.4444025198784209,0.8257568907585242,1.8083899418038,1.043478590463817,0.2749097444995344,5.62965805488357,2.6538861938085407,0.004504288918000556,-2.1031533220153276e-05,0.0004263332075584726,0.0,-0.0010986605438088807,0.0031873393740475655,40,0,1->1,1,1,40,0.00018040460307375074,0
False,True,0,False,True,0,-3.4545827971444556,-1.3840352350129634,-0.048441253442530766,-2.192056110691777,2.1576507076583726,0.06732033722068058,-0.41811018053996607,-1.7518212293759927,3.0844603136115993,1.496555414395985,-0.4038775336439323,0.8317310009667624,0.029338808024233987,-1.081570623036403,1.2903741042623833,0.41137162610745853,5.614838429160343,3.785923830482891,0.004884176313000708,0.0005364377262613781,0.00037616808217696214,0.0,1.8499434782803456e-05,0.004172615881541602,41,0,1->1,1,1,41,6.008679091599293e-05,0
False,True,0,False,True,0,-3.44533737331752,-1.2915790067402293,0.1610690633114738,-2.270814106204419,2.2783148068119012,-0.23489220647980755,-0.3491918405778867,-1.9580013959941653,2.276898018060111,1.873054701106522,0.05955650054669746,1.4398675348384007,0.9953814399625264,0.3535304456654235,1.2161135442458513,0.8033661727008401,5.602947728560972,2.1776870282907557,0.004863076927029313,-0.0004009867809715477,0.0003478075714511515,0.0,1.128121389724077e-05,0.004497098906615926,42,0,1->1,1,1,42,0.00030124843278062113,0
False,True,0,False,True,0,-3.42256301517582,-1.194623305955938,0.33036735436775777,-2.3053689998588527,2.4128477278160383,-0.2703133047758269,-0.2816764946966614,-2.0758524541687278,1.6013233700606717,2.0360016484049437,0.03053031785177311,1.8855391762119673,0.7897039251828141,-0.44791666097731375,1.3063165573448505,0.9736226150410517,5.670530468899378,1.217267051487249,0.004939848338664945,9.787079760702807e-05,0.0002673542729842806,0.0,-4.142004114120884e-05,0.004220846297143916,43,0,1->1,1,1,43,0.0011660881155277172,0
False,True,0,False,True,0,-3.407161273343085,-1.0925376511959872,0.4175901818426548,-2.252811176689157,2.396913391219842,-0.4112392668119525,-0.26629950429389804,-2.2123380553596648,0.7860965001538834,1.8207437845283505,-0.05941061121073243,2.1178711356668853,0.06184929223528596,-2.2685378297220735,1.4178967153005275,1.0349885043627414,5.935557293073599,2.1664846319055813,0.004946159846043881,-7.045990425669658e-05,0.0002105304769652604,0.0,1.5325454419024172e-05,0.004534876297586872,44,0,1->1,1,1,44,0.0012782017484734758,0
False,True,0,False,True,0,-3.4356998282996294,-1.1354480217914016,0.7002522416616246,-1.523147680528306,2.24589110570894,-0.7184364754142789,-0.5664858556855302,-2.325479201613325,-0.5849481707942324,0.8878054105541102,0.35884270278441704,1.809514032017797,0.15251714459664645,-1.7580712462497914,1.38480514328277,1.173495643264605,5.270270725082427,2.035752081249731,0.004733646739946391,-0.00021882461347642618,0.00017080380683002545,0.0,-7.126884464179941e-06,0.004331725910717762,45,0,1->1,1,1,45,0.0021622914439927586,0
False,True,0,False,True,0,-3.4506600255385327,-1.1897891021106173,0.8820692696508197,-1.0444560567578158,2.287011778901555,-0.7603987243244877,-0.7804715192628432,-2.253668345744071,-1.431198970978948,-0.20578090937492932,0.7138746636680604,1.3281166902139776,0.4212166873597746,-0.4850121192100752,1.476172250349928,1.1810165012915965,4.968898744962549,2.0714546369289994,0.004566243430553028,4.510979670412779e-05,0.0001615162931228181,0.0,-0.0001302335582404131,0.004363112523010098,46,0,1->1,1,1,46,0.0026566664512243476,0
False,True,0,False,True,0,-3.4300936454198454,-1.2050480421879561,1.045007304794143,-0.9699361895280181,2.6348678588520977,-0.5340084554407132,-0.7052366472445187,-1.7061221588858932,-1.5997027790361313,-1.1951575802317826,0.6438808132133778,1.0616571126129024,0.04409203676684271,-0.7602159691502142,1.6208867405217677,0.9754899951053332,5.033799452242722,1.36922770544058,0.004381856931259871,-1.6983189899794603e-05,0.0001944654096842699,0.0,-2.0901902181946156e-05,0.004320095925644058,47,0,1->1,1,1,47,0.009767469335192474,0
False,True,0,False,True,0,-3.4646487839466977,-1.1692755885250488,1.0763911315900885,-0.8154437927031329,2.7179811408760606,-0.6370848266058938,-0.7321374381645334,-1.4574252756039023,-1.9483118517220315,-1.884211556543593,0.6451133146522788,0.7797439574350937,-0.4454399927253202,-1.7553195913694108,1.656948220570314,0.8570219785912906,5.511715689334896,1.4242334996878478,0.004170801242389568,-2.6669189577146514e-05,0.00025961041615619383,0.0,-0.00018434807444208854,0.004190996477678956,48,0,1->1,1,1,48,0.02392240979435302,0
False,True,0,False,True,0,-3.524301246490902,-1.1319457718500412,1.1788142953869618,-0.3550290800585695,2.4781068687741934,-0.2586294706825653,-0.8773917962067834,-0.8498732857230598,-1.897364561099752,-2.597920813470588,0.9110814319632362,0.03783564623483442,0.6297850341679909,1.1795969821624108,1.4993570743058346,0.8192391158214589,5.294208467070298,3.427486060224421,0.003997366168880734,3.762061536146961e-05,0.0003347304953138924,0.0,0.0001556734361311885,0.004004439982503808,49,0,1->1,1,1,49,0.003781809761715564,0
False,True,0,False,True,0,-3.5537974969626935,-0.9886699683534481,1.4856699180978008,0.0625859027720786,2.1150095470890227,0.0995981378071597,-1.050419629595875,-0.5054943167678884,-1.8962332819337724,-2.9381241281341595,0.7906879926056389,-0.28997788227052684,0.03909862152258078,-0.6840195254883484,1.3624604432735794,0.6547466457322593,5.1284820996914355,2.1918334955938175,0.003855618613507915,3.168751813601529e-05,0.0004095580309197914,0.0,-1.2693796632117296e-05,0.0038960423228209407,50,0,1->1,1,1,50,0.019422203485362305,0
False,True,0,False,True,0,-3.4945909522530734,-0.8193444567834482,1.9578430142500418,0.23424370485456286,2.2836911786987697,0.19727832000078444,-1.0229331545447025,-0.27192809742800295,-1.1851407375830638,-2.7632404431755004,0.6016345741331081,-0.5825162642609291,0.06001272208055857,-0.4479580411714685,1.404430142515686,0.5395453205963356,4.951079889145181,1.0519724370587042,0.0040086450379589016,0.00029477397982380533,0.0004198078699706066,0.0,-1.8421276968886863e-05,0.003618226548000939,51,0,1->1,1,1,51,0.03706818459787903,0
False,True,0,False,True,0,-3.4437482770390195,-0.5305092663340177,2.367459339729673,0.31033784800913305,2.174393754830605,0.020996623537813227,-0.890192099263389,-0.06975230321904721,-0.7837238783048304,-2.413065190547225,0.5121621692416762,-0.8339802592097993,0.018519649905199782,-0.9144203571904618,1.4002986860748055,0.5272881624178006,4.814359299125139,0.9672521538368947,0.004077584074479226,-8.408738793066204e-05,0.00040643951500416364,0.0,6.0686053989451264e-05,0.003628183508446697,52,0,1->1,1,1,52,0.04126116370394543,0
False,True,0,False,True,0,-3.358511916154367,-0.07693335172630231,2.891294863546249,0.2765877695188566,1.868024469171299,-0.03269040109668399,-0.7436708966055532,0.25828477743148337,-0.2729741873553225,-1.7097437454033735,0.3557624417418841,-0.8837613467141938,0.2991487306662984,0.22735655013545952,0.8927599954504601,0.484334136288618,4.310927283782088,1.7716301497804838,0.00410908716684303,-3.743594415652092e-05,0.00035860473216864835,0.0,-0.00029063712985006956,0.003316737448290215,53,0,1->1,1,1,53,0.020509483267493855,0
False,True,0,False,True,0,-3.77330794528922,-1.5551281265899886,-0.8171006864921065,1.954608563306325,2.0485614553306286,0.3898744929499079,-1.213302397019577,0.8674648346828069,-0.19904733313031991,0.31237583734563673,-0.46961695787428975,-1.771803386588345,-1.0608763016240885,0.4567821657907248,-0.17696009435873786,1.6941308991448385,4.7639882734248795,5.459156687957857,0.009451942143814104,0.005311351884607271,0.0016796171085305925,0.1,0.003760203342364623,0.00965007304214909,54,0,1->1,1,1,54,6.682487294567729e-05,0
False,True,0,False,True,0,-3.997883388629549,-2.1600633642444818,-2.7317731617700693,3.2000484713835955,2.739804297758571,1.3088074863107586,-0.954900601202094,0.3323296909348746,0.17600369661271537,0.48928627263703584,-1.6004914233275602,-1.6342878446677986,-1.0484732292455456,1.0287884314122853,0.2795745405018382,1.3431874637799555,6.619764782223864,3.0720589149713486,0.010312630272175457,-0.004482166848609722,0.00243548671330162,0.2,0.000469621347804333,0.010954160024371518,55,0,1->1,1,1,55,0.0005095805224003526,0
False,True,0,False,True,0,-4.087245110462151,-2.235389659901565,-3.264456682013705,3.58922850007641,3.003977229849255,1.0863886724845477,-0.6828747656599267,-0.1445903198585853,-0.013580573975680424,0.7238716879595396,-1.831133975484462,-1.4944148501444596,-1.0781908305246901,0.1863454755032056,0.7693520507730359,0.6946079504169589,7.042253119469939,1.5506270451068762,0.009816767108018631,-0.001356551292518179,0.0028000394759467922,0.2,5.3925397819508045e-06,0.010872274697776765,56,0,1->1,1,1,56,0.0029892993980650956,0
False,True,0,False,True,0,-4.052484683432658,-2.041814295773231,-3.2904376524980528,3.7529605199551543,2.9363880973241234,1.0407042436924543,-0.6278754471692766,-0.16284771133601147,-0.08673255663154994,0.8347855205899857,-2.025473813115902,-1.1604973926635889,-0.951124728255441,0.9321526023411311,0.6453834000508084,0.08311842482456876,7.033500913362539,1.0976156759488847,0.009435429233887637,0.00011452529002583221,0.0029632769821967865,0.2,-7.047708971435508e-05,0.010919020192424763,57,0,1->1,1,1,57,0.008475758913558057,0
False,True,0,False,True,0,-3.997880408928034,-1.420015034626225,-3.523939520984986,3.681967750510353,2.326043465367088,0.44567091081673926,-0.4462900397750801,0.22629085695648768,-0.3009780264324456,0.898584120476988,-2.3517389952943124,-0.4843085316436257,-0.5101591044624457,1.2042834226735164,0.7568509034626284,-0.39878402071823643,6.678239532530796,1.5770158306075217,0.00923257200067749,0.0001784806409208476,0.002986909366607174,0.2,4.7856854676290445e-06,0.01107633349678572,58,0,1->1,1,1,58,0.01868079159423606,0
False,True,0,False,True,0,-3.781300488823143,-0.4870408146433545,-3.4441608866194953,3.450958201276599,1.7166414112652193,-0.11242800548380659,-0.2450733963803274,0.5552895831191687,-0.38099615146247046,0.9188302310890726,-2.330021699676944,0.4481298606538811,-0.500618806200077,0.13035919730599774,0.6735694849216156,-0.41698015102874025,5.96736728942794,1.9611344464979954,0.008965103066567762,-6.46117008995823e-05,0.002874485475455665,0.2,-1.7035156700965018e-06,0.011292234626311745,59,0,1->1,1,1,59,0.0303322063619594,0
False,True,0,False,True,0,-3.623869028953046,0.022302983019946713,-2.833717799369975,3.4213753846294703,1.3618780999742206,-0.4439710269479059,-0.21962425647828895,0.6842689844168035,-0.5850895049073015,0.5671271531393102,-1.8813797004242452,0.8572882632814063,0.4575452045121181,1.1123317741995686,0.533075379950077,-0.21888280466945378,5.414735047007081,1.8401526460166937,0.00905408636157376,0.00035645222911572655,0.0026373121277309592,0.3,8.87296063230127e-05,0.01177131852233695,60,0,1->1,1,1,60,0.0425020804555881,0
False,True,0,False,True,0,-3.4668885662507543,0.47851706927244897,-2.116034590439097,3.0484014207288523,0.971373843895963,-0.6659234005041653,-0.32669658634621634,0.6528259632297106,-0.6278059732237381,0.48383391387846897,-1.7125116991748328,1.6832401074668184,-0.17489391451622702,-1.9627895400496407,0.42891189546740144,0.0007864282752753881,5.125021098563649,3.4257981191252616,0.008620000075276567,-0.0005230695813031906,0.002269177857272659,0.3,0.00013981645687256416,0.011701149095488656,61,0,1->1,1,1,61,0.020448237209571073,0
False,True,0,False,True,0,-3.336264396166774,0.8993003051918613,-1.6572242160432078,2.7749118382926126,0.49277845274366194,-0.9056105799695197,-0.4070382088978577,0.8412473611659176,-0.45117710639799957,0.017589874662296882,-1.1862822131602797,2.016496309487292,0.8508340920239931,-0.6590306593346905,0.23713101677588097,0.24439339614903194,4.440068805237037,2.0718285306104725,0.008416074468662825,0.00023016067968345023,0.0017185164233405005,0.3,-2.4908735734931013e-05,0.011637346219537464,62,0,1->1,1,1,62,0.05893389326946147,0
False,True,0,False,True,0,-3.2412862528669573,1.4927495741355008,-1.7471437190284564,2.17340112972955,-0.7156738756864078,-1.4051970800353115,-0.6259702729267206,1.0258050017027422,0.27567618284550904,-0.9453329921867062,-0.598088269498232,2.401012622741272,2.0975502024062713,0.3142254723117699,-0.002671084741609141,0.3728593677320813,4.989161270159495,2.6547953175431735,0.008170183508472435,-4.196535357664684e-05,0.0006496712218731253,0.3,-5.065761985237338e-06,0.01179257018627241,63,0,1->1,1,1,63,0.07238674840982769,0
False,True,0,False,True,0,-3.1159420338660495,1.8291190605728476,-1.4099162093576627,1.9532915672365008,-1.1385554609065085,-1.5896576139477236,-0.7435057632703034,1.041395195261532,0.5123865082762598,-1.3627956694869636,-0.39831996851649915,2.429883205876628,1.862893256118095,-0.903648372055422,-0.08398240501433335,0.5017879667787172,5.128535086770066,1.5331343170711804,0.008062877332270351,0.00013858478398830545,0.0007218315166768166,0.2,2.2756024904231967e-05,0.006947645019274095,64,0,1->1,1,1,64,0.2587868893243451,0
False,True,0,False,True,0,-3.0065225089322305,2.0573713260056468,-1.0528406155137278,1.9358631689000043,-1.3530115459988599,-1.5317970744372353,-0.8109008436683353,1.020694907276984,0.5476129982556862,-1.7201539335000453,-0.2481489046840798,1.9698366101935174,1.6933337553713386,-1.0463159229500474,-0.07739243398849384,0.6561653070038034,5.032547787615971,0.8260197391596356,0.008244245745779453,0.0002886745897111853,0.0005911545440803602,0.2,8.727654671737001e-05,0.006362929900928441,65,0,1->1,1,1,65,0.3658115414582127,0
False,True,0,False,True,0,-2.8740189556976397,2.3056726643346037,-0.6544469287550171,1.8882663998261768,-1.5765438477820781,-1.4930033124277016,-0.8722048290621913,0.8327714312917776,0.6612471526783112,-1.986422509369895,-0.21829931279163364,1.4776898750202558,1.1108848164877263,-1.9285156366582494,-0.10412075414046033,0.8635193542792761,5.133046109115474,1.3486597323239804,0.007841842546889067,-0.0005837716123994873,0.0005422422080822707,0.2,2.862361985473457e-05,0.006172509313272212,66,0,1->1,1,1,66,0.2500163381089704,0
False,True,0,False,True,0,-2.8124147037287366,2.4946882690370646,-0.7806439009279688,1.2222396818042849,-2.1498356845825746,-1.1627041389209192,-0.9635830219250857,0.04701792374471449,1.1828484600325346,-2.3156081659529706,-0.014670970801874187,0.40091384146429543,0.9121423753270678,-0.9201859232432009,-0.0585570240757369,0.6260420965280765,4.764133123067938,2.0636375624749017,0.007487461463984876,4.80221159861946e-05,0.0005600700362497157,0.2,0.0001028480337130714,0.006245195219663509,67,0,1->1,1,1,67,0.042962258727607526,0
False,True,0,False,True,0,-2.7408922411676815,2.6124844081079663,-1.050258822729879,0.7251545075872268,-2.4627814414796765,-1.0026062956845343,-1.0180082665995012,-0.5961704186366619,1.3301271417796645,-2.1559351636388233,-0.1931800136368084,-0.6917454700136194,0.045091775866649836,-1.5665132338595162,0.3073447406920567,0.31175657055134853,4.991936635377929,1.8852396509695368,0.008200219755969693,0.0010671393748890087,0.0004810598633527911,0.3,-2.2043841807284706e-05,0.007091557760489297,68,0,1->1,1,1,68,0.021512024124153133,0
False,True,0,False,True,0,-2.7028780394068606,2.646038567485853,-0.8411923189459166,0.6661473137389179,-2.6008898510510323,-0.5972697514926278,-1.1014071742409313,-0.7661239674585945,1.629644802702845,-1.9339696173578964,-0.35192997942414433,-1.3131391055109407,0.24232510190395928,-0.0056883395919635205,0.30818036750920985,0.23484754801411384,4.888786212301975,1.816665905658412,0.00782613060493142,-0.0010868474430230906,0.00044087997385165197,0.3,-0.0001371635878316133,0.007026843903783065,69,0,1->1,1,1,69,0.011365194206914531,0
False,True,0,False,True,0,-2.6838816285358122,2.645591446865471,-0.7283162093933286,0.5427658402341627,-2.4781882282516356,-0.38919554023330677,-1.022604067408139,-1.0575744478275777,1.5633053639650032,-1.744594716963341,-0.5175580546700674,-1.7011006801177373,-0.2400224857030202,-0.35974144209666337,0.38024298769761494,0.1954298842108431,4.864952441589066,0.8722380009272269,0.007445790056980415,-6.251396912731501e-06,0.0003808404773086162,0.2,5.729599322402794e-05,0.006481988492492854,70,0,1->1,1,1,70,0.022110321434504376,0
False,True,0,False,True,0,-2.6747106510620955,2.6036053413343767,-0.9546549371361551,0.2887879097166677,-2.4218560639327293,-0.0946602798635233,-1.0141360830682984,-1.271227805945172,1.181120023508608,-1.0731518846488899,-0.6915065364855068,-2.117130209939205,-0.2712166961204496,0.46715418467817055,0.7552111691717398,-0.02118831714933182,4.803898407339113,1.3877026120319758,0.008140721390743143,0.0010752718817137324,0.0003245449239765768,0.3,6.210113090398747e-05,0.007806646791544645,71,0,1->1,1,1,71,0.006994286434111796,0
False,True,0,False,True,0,-2.630880663051702,2.6786532173072297,-1.1398139885884193,-0.7564875385964057,-2.4793606569248157,0.5477246293566417,-0.6478908319210416,-2.061467478565129,0.49244059645889476,-0.09484050745926671,-0.6744339163710048,-1.9862641133721848,-0.729994102495731,-0.016820996731143744,0.7585038988233203,0.10348059587426596,4.933450002594115,2.0537938409269123,0.00780786387368508,-0.0010277888508207905,0.0002895910060853461,0.3,4.795426273033771e-05,0.007568909480913034,72,0,1->1,1,1,72,0.0026455522031075167,0
False,True,0,False,True,0,-2.5877558328996266,2.7307641914553082,-1.1970448110733902,-1.028540278881178,-2.4541965689454375,0.7466645497004963,-0.6221250251145031,-2.191262914260891,0.1229156043227709,0.46872734456495807,-0.8118871140455807,-1.635486609930549,-0.7028664919825837,0.010320255265639332,0.801813620409745,0.20877028557306665,4.9821961009584275,0.8660913970085073,0.008161624300390078,0.0006866179437630612,0.00028878991619323577,0.3,-2.2028002086469343e-05,0.008284364564476211,73,0,1->1,1,1,73,0.007632901363892073,0
False,True,0,False,True,0,-2.5623245828957213,2.7154308905955302,-1.104510437553726,-1.2538733296667173,-2.4557769546541386,0.7032878202368938,-0.6182452805733397,-2.014531524633705,-0.11569418648743642,0.9596357455120901,-0.7143033542186571,-1.134589846469795,-0.30201539887365125,0.10499410407634054,0.6728910723811659,0.38769262276293737,4.79228497354545,0.9327257572703369,0.0077782595092067315,-0.0007371252178883453,0.00028737144048096824,0.3,-0.001903961110512619,0.007775912196543854,74,0,1->1,1,1,74,0.008079405027775386,0
False,True,0,False,True,0,-2.483999228768588,2.718725934982006,-1.197189279634118,-1.190424235695713,-2.285689751481681,0.8618463549319372,-0.7161393740331801,-1.624942980188656,-0.356386703737528,1.3516169812039,-0.9037286585233615,-0.5886476843306373,0.3059304352889202,1.1116276910317813,0.7378829033140598,0.47742545671129566,4.785067544153593,1.474752870606511,0.008821346058003303,0.001426451339979918,0.0004010970227532425,0.3,2.7739080924140368e-05,0.008511155782008964,75,0,1->1,1,1,75,0.0059481374713565285,0
False,True,0,False,True,0,-2.4410133331723003,2.633064838846701,-1.1921738839677882,-2.111523788981977,-1.8645797524833103,1.1214078505186889,-0.3659797623453407,-0.9249623014906551,-1.3308348869164988,1.7118180309206548,-0.6461660078724933,0.4046023925056352,0.3498528363468213,-0.004679715378606289,0.7887052048072652,0.5829072258646123,4.836010058223707,2.26028419944534,0.008399004011000624,-0.0014654285957992497,0.0004223635077094145,0.3,-5.4052752822033624e-05,0.008496605056980645,76,0,1->1,1,1,76,0.00854728839641029,0
False,True,0,False,True,0,-2.350622642434879,2.6117294043061188,-1.047291857134088,-2.5809025271681523,-1.634807812355714,1.512942576184164,-0.3393950926945881,-0.388080564352149,-1.5705770239074257,1.4739652734343311,-0.4685779073452056,1.2111365368143192,1.0967513987327577,0.5430226163295068,0.826018538237501,0.5889625886727279,5.212518093474677,1.5492984071203006,0.0079911830441125,1.4521080114555593e-05,0.00038160972053023794,0.3,0.00015829177962792956,0.008497706267655085,77,0,1->1,1,1,77,0.034866945475415405,0
False,True,0,False,True,0,-2.2711873133716707,2.5783343924848414,-1.2744890047645758,-2.596239943663283,-1.480407330972972,1.3793946866056457,-0.28082581115045707,0.07588673763857592,-1.935964471609078,1.3908061454491643,-0.4654823885145769,1.070649956298173,1.3452999616563865,0.8137801270239567,0.9052596911031545,0.6384335684161572,5.337561389215833,0.7897034816901756,0.009309136189039308,0.00172577411181493,0.0005512130246700554,0.3,0.0005919815186662108,0.009414753342459723,78,0,1->1,1,1,78,0.09945211511829953,0
False,True,0,False,True,0,-2.214681633603389,2.5238836881982083,-1.219615284044707,-2.784936913518684,-1.4585152310234182,0.9316960634781427,-0.3008738382575859,0.4968805364367421,-2.2284721044292315,1.103856806964185,-0.5297933166449449,1.0365967813370849,0.7803719696731374,-0.7593749616230119,0.7996455141226039,0.6006153985193282,5.235203749726521,1.8447405659447456,0.008855676599245218,-0.001771412734720897,0.0005758406461505824,0.3,0.00018379149524164976,0.009297150800351895,79,0,1->1,1,1,79,0.08847462387084531,0
False,True,0,False,True,0,-2.126260082401605,2.4718275356746933,-1.225629218338064,-3.031358888983644,-1.2104930211802185,0.636141286695365,-0.21457128740763848,1.1675503778633924,-2.0952327517648106,0.45414040124408384,-0.49996317690929015,0.7462217305561994,0.7299905185299015,-0.6371221660188184,0.7955015354985912,0.4821011983855677,5.118571218317438,1.1108737306394227,0.008831653234106118,0.00042943622465499084,0.0005191299637844259,0.3,-3.586352526216332e-05,0.009520638044560792,80,0,1->1,1,1,80,0.22231241974020197,0
False,True,0,False,True,0,-2.052830749595573,2.203548851547413,-1.0716221240249273,-3.5128366147164587,-0.37385233736012863,0.44892633972222606,0.027508625752363167,2.0475310966655176,-1.7823686288438712,-0.3308851350289681,-0.29243751295281134,-0.03034485149655847,0.48889665234303153,-0.13490402727834594,1.002958946832459,0.17826640832096852,5.178858981835773,1.9253221036228125,0.008664460347200694,-0.00014316952176632487,0.0005153900432771743,0.2,-0.0001752141578344555,0.009200139448907994,81,0,1->1,1,1,81,0.15372398085008074,0
False,True,0,False,True,0,-1.9555499877285945,2.1411926471108846,-1.0397880204961165,-3.6445728530223587,-0.22448965252437517,0.4440201531120859,-0.025720646759100834,2.3638550348319574,-1.3345179055150558,-0.9066551176915106,-0.42139848902901506,-0.3769582678618322,0.45813244560275,0.2691710636858887,1.0595661516099368,-0.10559500358220514,5.343369463029181,1.036245670929458,0.00843179468698179,-6.547277331347967e-05,0.0004624458577487077,0.2,2.6810207962649213e-05,0.009228379223754433,82,0,1->1,1,1,82,0.3200395318193713,0
False,True,0,False,True,0,-1.9091442541941328,2.0210632123745964,-1.2684698838126387,-3.5452481557783786,-0.1674957693285662,0.18622392356543033,-0.12436891220753529,2.5394929455800845,-1.2241271881188687,-0.9856136297499368,-0.5940005397604752,-0.9539751828947236,0.34935174227558724,0.6676448532024546,1.2068957027906622,-0.37944571424996737,5.5023467035730045,0.9151546721415571,0.00904214363956709,0.0008430146128042028,0.0004694680300170278,0.3,0.00036248722337478816,0.009795266869972855,83,0,1->1,1,1,83,0.31532463473817773,0
False,True,0,False,True,0,-1.8573588910083636,1.9665062214730016,-1.5397755870015912,-3.507622312540065,-0.2550663593462583,-0.054256304217601366,-0.22976993766829237,2.43164121214575,-0.7744887726804862,-1.144258764823805,-0.7356430697379567,-1.4342021122012802,0.2306640313370423,0.7036870188538888,1.2084822429490578,-0.5573628287311267,5.573034329019283,0.8330592530787863,0.009416250988244685,-0.00023624160390770324,0.0004301771197031849,0.3,3.414040706456109e-05,0.010545324434827821,84,0,1->1,1,1,84,0.2731403459245022,0
False,True,0,False,True,0,-1.71942497820593,1.6106784952114233,-1.6078600858879333,-3.301894474289618,0.6920802729026103,-0.7615308623160163,-0.1709044795486747,2.197751217573961,0.18170499526545417,-0.6892065171603029,-0.929257304127801,-1.9493255652718502,0.023281735741312398,1.276630398660604,1.228852213376597,-0.7190954925993119,5.557703652554375,1.8628349174318626,0.010201358215925957,0.00041099987900367584,0.0006239557086688206,0.2,0.00016170255561381332,0.010388903940681852,85,0,1->1,1,1,85,0.05420174162581532,0
False,True,0,False,True,0,-1.6708391969366554,1.3966867498178241,-1.696873962088297,-3.4074677311514154,1.040800962810984,-1.161256004325624,-0.10503197164948751,1.7839713674419342,0.5256948228784292,-0.10365466938234218,-1.05494846182982,-2.0491225847034475,-0.6572184796444828,-0.1290455635643186,1.1457547656039069,-0.8411570853855402,5.5164881409461275,1.8633112570587782,0.010109734166507846,-0.000876731277099382,0.0006972067813671394,0.2,-8.134089440651852e-05,0.01093119742389262,86,0,1->1,1,1,86,0.03480922249124386,0
False,True,0,False,True,0,-1.585758014598251,1.294681591981523,-1.8603135603267391,-3.3755230681547985,0.8721894805674786,-1.3707281302073024,-0.27238365866664227,1.6480798047557368,0.9430612337713977,0.10699914664740234,-1.045447600170116,-1.8289462108900503,0.016659190837002808,0.8690886206625253,0.9808402919362136,-0.9544908992349322,5.515957976617879,1.3862612616646597,0.009786894242960198,-0.00023121587412953774,0.0006098651851963009,0.2,-0.00023997260857313782,0.011221536361468009,87,0,1->1,1,1,87,0.04116176934900103,0
False,True,0,False,True,0,-1.5087408658326102,1.1092979537738272,-2.0029827342109083,-3.3821449489125657,0.6605795183117219,-1.5018996420303998,-0.51253697864769,1.3149877374145857,1.0899789347057456,0.6245813857494815,-1.1899646530789847,-1.4203266701352326,0.10783365081131935,0.4065290293212353,0.9297118718838779,-1.2601393648669126,5.457619436319523,1.042567173561298,0.009387974597266875,-7.607972214567459e-05,0.000611008933418338,0.1,-3.1120854523637546e-05,0.009762942512637094,88,0,1->1,1,1,88,0.05622700709756851,0
False,True,0,False,True,0,-1.450207615703966,0.8925118359258937,-2.0186305141487577,-3.2867191041659143,0.6592503411291342,-1.881282113438265,-0.7628678027964307,0.6562806104583908,1.176568107301279,1.2100385639938376,-1.120336487497652,-0.6741986346199539,0.5209410976016194,0.26998785579320883,0.7421464250400109,-1.3330884794609377,5.379518300652075,1.3571600046032621,0.00913371775777244,0.00014466280619888743,0.0005960622447998238,0.1,-4.614203611844753e-05,0.009953112925352166,89,0,1->1,1,1,89,0.03267733641255021,0
False,True,0,False,True,0,-1.277895896435625,0.46108541920487833,-1.6441881022341263,-2.9394885616762303,1.0614445503057006,-2.3049738998440583,-1.1034887129732225,-0.12136662445686772,1.2261819024398934,1.7220179045154245,-1.1297013437491468,0.6534932222122014,0.8423485731935234,-0.5140544707655849,0.626449265307454,-1.550584671993881,5.559635186142302,2.0844141364092166,0.008690172614539889,-0.00018928830373811552,0.0006099471863625624,0.1,1.3699381239034095e-06,0.00923259412089144,90,0,1->1,1,1,90,0.019625805201215773,0
False,True,0,False,True,0,-1.2064060169377075,0.033613835338134446,-1.734202417591864,-2.9823887058213163,0.9981684804438499,-2.399465856784943,-1.1627185248781344,-0.6863197427578837,1.1869927779766587,1.7485539507766532,-0.8820038639946047,1.2503526432221534,1.202193623798799,-0.5434470620078763,0.3673594692868191,-1.8388340193902095,5.896374542359539,1.110766085796243,0.008292597234886269,4.596976357893086e-05,0.0006612584129230196,0.1,-2.496798232853436e-05,0.008418709048455252,91,0,1->1,1,1,91,0.058806241480419484,0
False,True,0,False,True,0,-1.1815980153935515,-0.2848949772287965,-2.0141043008798984,-2.9447997518026594,0.7864054778367428,-2.4027928029235635,-1.3175157190392088,-1.0030536499042155,1.122389025368939,1.3857479430788044,-0.6696044448572949,1.6789280451634307,1.4693177089447376,-0.7709731673328292,0.05580477130106766,-2.099481623305556,6.165150178051109,1.0018371188275923,0.007890917149415439,-4.1047058172098e-06,0.0007515139708136069,0.1,0.00013264708588020709,0.008463713026164485,92,0,1->1,1,1,92,0.09680189617531113,0
False,True,0,False,True,0,-1.1329093095659386,-0.7060879287479628,-2.355832564097054,-2.98031946259502,0.7630884605574736,-1.9864823172893542,-1.4447661831831309,-1.40051207158265,0.853518503932792,0.8275270693977361,-0.47544788168109126,2.154961899154551,1.6634416505282996,-0.8294446239904855,-0.13957998295553858,-2.438494997346552,6.47751046907808,1.2199398008702502,0.007507295645102039,1.8058581157429955e-05,0.0009233336205660814,0.0,4.042584667844282e-05,0.0054882859951592144,93,0,1->1,1,1,93,0.12797381695496804,0
False,True,0,False,True,0,-1.1773538921125655,-1.314718884242279,-2.376125515028356,-2.1137743226850128,0.8665208700474771,-2.0444511694587773,-2.030842135253801,-1.943284843802343,-0.1544892826387825,-0.5110416928539571,0.022710494655400208,2.0968608622286498,1.5313282952610614,-1.1237377732621314,-0.3538665597975782,-2.6987288875935653,6.5814342642286485,2.2478771180256176,0.007265555734114735,0.00014188159332609567,0.0010658704417784806,0.0,-9.027357660159122e-05,0.005708625232131531,94,0,1->1,1,1,94,0.09074004724339599,0
False,True,0,False,True,0,-1.1949345836842988,-2.033130763886602,-2.716334604810832,-1.7294016772060463,1.1922520225450526,-1.8483160395684481,-2.242985260321466,-2.0869600741038683,-0.7125246038286459,-1.5616427055173818,0.4451009997060979,1.81368983022136,1.551150995713697,-0.4604659238278661,-0.47701040617646173,-2.937759679497735,7.061538789527515,1.782277870257039,0.006934103661003617,-8.971216212381398e-05,0.001097924670013121,0.0,-0.00026669611054704924,0.004346499733492133,95,0,1->1,1,1,95,0.16742624404713843,0
False,True,0,False,True,0,-1.2799273561379956,-2.7437784180221363,-3.467792734490564,-1.5858185364740855,1.3409744860573962,-1.3576724177105277,-2.3985323546767763,-2.4653865254547553,-1.0636913711662614,-2.2606351052156755,0.7338617081705145,1.2874414747421314,1.5587743483309058,0.6553522671005376,-0.5468786243480025,-3.2212115787698026,7.922323378715857,1.9571315133808527,0.006820864885953304,0.0002182132980608053,0.001053821064215553,0.0,-7.198011743431675e-05,0.0039011697020883045,96,0,1->1,1,1,96,0.13789826505143216,0
False,True,0,False,True,0,-1.3952803161781822,-3.508062962720527,-4.261029349851536,-1.5144264642919245,1.5845193382252014,-0.843324993260418,-2.5594151555899356,-2.5443077784191948,-1.406772857453477,-2.9948082334178823,0.8990276978906673,0.8182826282758868,0.9135758215687294,0.1119519156686807,-0.527761927950045,-3.424737407290505,8.802436400563828,1.8014426835298658,0.006494058369256195,-0.0002135677416467965,0.0010061838427677567,0.0,-8.798329792544714e-05,0.0034920791421293768,97,0,1->1,1,1,97,0.17182972092814278,0
False,True,0,False,True,0,-1.4024747306735832,-4.698827112031479,-4.903357449680705,-1.0655493621174865,1.4293758272972563,-0.18767448426556127,-2.650405357714572,-2.5239495660806326,-1.6570108104674357,-3.6616158383396185,0.9784811905849004,0.04761969726806951,-0.08194976082209723,-0.47638455727207296,-0.41033856157770304,-3.2748545729355523,9.725160307611292,2.230613718155567,0.007200763030725878,0.001033511178166793,0.0008597940102451581,0.0,-0.0004999723202033244,0.004894840432794011,98,0,1->1,1,1,98,0.10075629861856454,0
False,True,0,False,True,0,-1.5315772664276124,-5.692114360156326,-5.206533997754186,-0.3762890665889313,1.4226746356609468,0.3515360777501425,-3.0659399743042335,-2.3992148286864694,-1.7241183443712917,-3.7940647860679757,1.362967891594087,-0.9891535507707779,-0.8564879935662968,-0.960466096799459,-0.48615389525341673,-2.870462330444812,10.531584533535046,2.0730663043518116,0.006871168593430976,-0.001036299098764586,0.0007011341575171851,0.0,-8.195061144962348e-05,0.004684567291981981,99,0,1->1,1,1,99,0.05478445173079622,0
False,True,0,False,True,0,-1.5439098331571937,-6.4473019330047645,-5.419461323440909,-0.322446831819211,1.639048129049685,1.0342558544861349,-3.1393361838222313,-2.079364506010902,-1.7574505012459116,-3.6165514731927817,1.878723031170899,-1.5202172989432938,-0.669590811770816,0.3212315213525415,-0.23871259649274343,-2.054728876932907,10.935102813732136,2.0553087581514675,0.006592688375454331,5.111421931825767e-05,0.0005732877590189872,0.0,-1.343990169895299e-05,0.004715036754722133,100,0,1->1,1,1,100,0.014195174775474051,0
False,True,0,False,True,0,-1.5137816085908427,-6.78208989616291,-5.542950014666898,-0.6547610287410814,1.5077897642737408,1.4604267581382793,-2.896067495389415,-1.983420479029267,-1.8362984327864533,-2.5656167694788423,2.3004653408040987,-2.094234970723112,-1.0484000127399025,-1.6111798718935386,0.5764293839336347,-0.851376893138527,11.046836321784346,2.848539001089234,0.007081690265891481,0.0007674821084137943,0.0004216433574616666,0.0,0.000122650716879418,0.005558932952793503,101,0,1->1,1,1,101,0.0012534213927322432,0
False,True,0,False,True,0,-1.3876215870550999,-6.7542693539522745,-4.862782012686015,-1.4338998370357718,1.3317173315172564,1.4450048961616018,-2.535756234380577,-1.2707568079270901,-1.6160260215713542,-0.8567919946385102,3.008982792203443,-2.560867976680524,-1.8622630119882815,-2.8927055023306694,0.37774831058863756,0.4750859528563648,10.888544021239712,3.089875941942442,0.007228003438617852,-0.0003426887177107778,0.00031653345839957944,0.0,-1.0438971729696475e-05,0.006276958924347548,102,0,1->1,1,1,102,0.0002805320847827198,0
False,True,0,False,True,0,-0.2944866590171464,-3.4601171356717475,0.31276365626161895,-1.7494809435032495,-0.792671541757702,2.7743491963463867,0.38749713666269175,-0.5364274436087245,-0.8810607474592789,1.9864338297357005,0.5612119383032582,-1.2085435662412582,-2.408026430184511,-2.6976652277664717,-0.08323159569324268,-1.051798100152406,7.212938577370434,8.580287160908359,0.0074322396752546215,5.792306391039746e-05,0.0003037913456831765,0.0,-0.0004915999330766217,0.007023123052047327,103,0,1->1,1,1,103,5.320571038917874e-05,0
False,True,0,False,True,0,-0.38650045828679497,-3.7154346160118252,0.5705579771620907,-1.2844286480152665,-0.27404587496725624,2.9109992314870103,0.3772915689754688,-0.11392726912616709,-0.552207224671635,2.502558968273092,0.9407461503474706,-1.0707614791897266,-1.0615178785722894,0.15726066125649854,-0.38771184419831156,-0.42453445809188406,6.448249061953486,3.4365762612404454,0.007272710375478787,-0.00036376553641260384,0.0003045144525262072,0.0,-0.00011950004519990093,0.00725152830785442,104,0,1->1,1,1,104,0.0013899636989407442,0
False,True,0,False,True,0,-0.396089085062125,-3.605479559971781,0.9286975438104298,-1.7402840355245253,0.20783305243843697,2.7313557396389436,0.7575584018251781,0.7177098935555063,-0.9301559784445569,2.3504139904906203,1.0836452242517016,-0.6919539000159309,-0.8619406297657489,0.006130971830399121,-0.24210310767468543,-0.28063670438325744,6.439419033397809,1.37238510267309,0.006996603815818996,-0.00011657725988395602,0.0003038158094501578,0.0,-0.0006321980224176893,0.007342919652688428,105,0,1->1,1,1,105,0.02123081461530128,0
False,True,0,False,True,0,-0.4249972870962839,-3.528775737771697,1.1258995573840263,-1.994040387885801,0.7622965137081106,2.0951289671711346,0.9941260179711803,1.0782537614331185,-0.9058892064276439,2.5833193795908964,1.0091275035652334,0.18501834465865055,-0.9764942673724111,-1.5405244929389434,-0.14675484352365473,-0.2025428373634175,6.614580598570665,2.063514731186018,0.00668504341160133,-3.545384455787542e-05,0.0003154801930967296,0.0,-0.00014937488060055154,0.007143118655472551,106,0,1->1,1,1,106,0.026380358373954645,0
False,True,0,False,True,0,-0.4855141375224193,-3.3785002552674896,1.0472956401491909,-2.1965312027014416,0.8345586574889746,1.7301054495407886,1.074210743002114,1.6117158648594323,-0.792637700467727,2.2864097273755766,1.3304081812888262,0.9537218346208617,0.35662770393871224,0.001021539711047329,-0.34231334051717577,-0.11210264111214635,6.346202592225173,2.344780154107037,0.0063796655424852265,6.182535101562428e-06,0.00033664373033034413,0.0,0.00011915013969631544,0.007123100864062186,107,0,1->1,1,1,107,0.03211822617477545,0
False,True,0,False,True,0,-0.537346933733041,-3.2324309674520513,1.2881737885631699,-1.840594414326335,0.921976792985617,1.4477393322792673,1.0012773760270768,1.9291830571560284,-1.089363877133907,1.7351275298552213,1.477897125566119,1.3399742250962112,1.0296913200910303,0.6073223897680414,-0.4324782616138782,-0.15756475299703232,6.28100224071189,1.340122254101147,0.006253731645849421,0.00017944397248029816,0.00039408803210529164,0.0,-4.928434625187366e-06,0.006151999439965515,108,0,1->1,1,1,108,0.15904732474644928,0
False,True,0,False,True,0,-0.5639080488052086,-3.1441304538326293,1.726526421394439,-1.5889246627688307,1.5519320795547007,0.9484117667428839,0.9212057132037461,1.9623033412951136,-0.3400805043582012,1.4192081702181523,1.4448837522106308,1.5260927573204275,0.852830555340212,-0.41035399230696507,-0.5675061256783196,-0.33882321102132734,6.132915433527279,1.65307772959348,0.005985046932914456,-0.00014275081629915986,0.00048522002729400697,0.0,7.046969261256331e-05,0.00613853734810114,109,0,1->1,1,1,109,0.13106323754962135,0
False,True,0,False,True,0,-0.551786367200018,-2.7724480852365785,1.9489820933188449,-1.6580773201450618,1.6087568207510028,0.19303523701342454,1.0798400030836426,2.1376377791997005,-0.03800838837812732,0.9049232350292191,1.2984913627357786,1.458860517551817,0.2025473674643796,-2.1605333117457386,-0.5356906510182081,-0.5222324835807134,6.232816473760582,2.1736208533440156,0.006205381383932772,0.0004890191639532818,0.0005171898088688489,0.0,3.2933438804387104e-05,0.0066344941889402795,110,0,1->1,1,1,110,0.18605152379087236,0
False,True,0,False,True,0,-0.5840294555283272,-2.598752685395939,2.234937751446205,-1.484397534530026,1.6963897962345529,-0.5216941635480252,1.0683634179338217,1.929569939548937,0.11842553807740443,0.36008782910631176,1.7756529085669954,0.7333083496404351,0.7524044776322789,-0.40701287696633764,-0.6752793348473127,-0.5990419925031157,5.802943623418977,2.2766366305406187,0.005928725119057047,-0.0004969907158940412,0.0005620940552030838,0.0,4.36026204116936e-05,0.005177672546583609,111,0,1->1,1,1,111,0.12227416007883363,0
False,True,0,False,True,0,-0.5966904699005845,-2.254715903476843,2.3637019395931693,-1.5395038574336286,1.5953181173555286,-0.8194803596756308,1.167783449595378,1.9800142588872245,0.45196940195606056,-0.06636745318340943,1.5849595812480264,0.08141054719620645,0.09873715601692626,-1.1838525666217354,-0.6207568405769894,-0.7544856223244643,5.728247620306259,1.4358990941360146,0.005967503159596302,0.0003154343054149796,0.0005560659687555815,0.0,-7.299174011637802e-05,0.005080056978722622,112,0,1->1,1,1,112,0.2585690495946103,0
False,True,0,False,True,0,-0.6455065981117085,-2.044798480209032,2.6697272316324945,-1.0593238312309026,1.490438334026241,-1.244029475887086,1.0288708948537864,1.771134794616195,0.39675329180213875,-0.1944278407668502,1.6439032959967268,-0.6583773958019837,0.2273971102261303,-0.11155711777938328,-0.65026767657187,-0.6707907188484898,5.533747364117456,1.539252158978303,0.005884685293549242,-0.00012159590658631508,0.00048142644962120867,0.0,-5.1995597756909935e-05,0.004679585227054155,113,0,1->1,1,1,113,0.19323349875934412,0
False,True,0,False,True,0,-0.6498241816391976,-1.8182201024923201,2.947367350664272,-0.8503950745085926,1.6435460030205282,-1.5687671166148007,0.8164441216364655,1.019750072779033,0.8264937421895506,0.0678367218135165,1.2504708416682477,-0.9096622662331665,-0.5305080851765989,-1.2179446425143843,-0.4139083254521702,-0.827896064810507,5.578662821325539,1.805864475000358,0.0057587916893108515,-4.307573819133017e-05,0.0003905514907078704,0.0,-6.041182207336491e-06,0.004605524012352269,114,0,1->1,1,1,114,0.09901028297475283,0
False,True,0,False,True,0,-0.7062799305765174,-1.5605850203236709,3.2206718001913908,-0.5394675735197693,1.610295272205728,-1.7962702416669702,0.5854113922526517,0.3591930472152033,0.701132906422342,0.024859233897646073,1.0990316781422722,-1.3834011244900162,-1.17115606081328,-1.674413204949965,-0.4884344399730612,-0.9985627541797826,5.828846965725256,1.304572219810035,0.005485004673758133,-0.00014789341131432772,0.00033904766725160736,0.0,5.2670146675652414e-05,0.004401832951560217,115,0,1->1,1,1,115,0.15585284822275045,0
False,True,0,False,True,0,-0.7295238347598465,-1.3299222901297665,3.3186722767669745,-0.5495256510096932,1.6115294316331032,-1.7811525153628984,0.567929721237529,-0.16281081625562016,0.9035872084492746,0.34493122051650016,1.0451926737772377,-1.7287964467303727,-0.7838147972909092,0.06358834727181895,-0.32392374745525787,-0.9223671206105836,5.580439321975531,1.9508093510479427,0.005506075565244385,0.0002948579070389699,0.00029741006133106296,0.0,-5.342891266219008e-07,0.004751241382887415,116,0,1->1,1,1,116,0.0370465602225361,0
False,True,0,False,True,0,-0.8067334805860402,-1.0614681823499394,3.435354170023712,-0.3267638377982363,1.3589277875654615,-1.667933474567797,0.35535052239622894,-0.37984532980788444,1.0821586182420115,0.7953732189016434,0.7008486478817231,-1.6148006834620636,-0.8149696985858973,-0.013978710712326054,-0.4535768490502778,-0.9634839125923199,5.431833262054205,0.8378710180460556,0.005237927598997885,-0.00028921885773275195,0.0003257390823047152,0.0,3.365725322734738e-05,0.004755822238079721,117,0,1->1,1,1,117,0.08367156590553994,0
False,True,0,False,True,0,-0.872401815320851,-0.8565388430261393,3.7079545484284684,0.09469189860131079,1.262783530743963,-1.72301216095301,0.0976063762341397,-0.8294218065914455,0.49390267006258015,0.8459117378426624,0.665354156010736,-1.3499808354657143,-0.8041512501766866,0.053586926235827344,-0.6376977425571989,-0.9892729948812279,5.438986277397414,1.0189745085865314,0.005082289241291702,0.00011250960854031732,0.0003616068844661187,0.0,-0.00026850253767952015,0.004623362425704756,118,0,1->1,1,1,118,0.10526732890050636,0
False,True,0,False,True,0,-0.9153040568846076,-0.56636694113235,3.7775257842895686,0.21656952706597363,1.0271135634417212,-1.6195611852493512,-0.04723064114696777,-1.1788375413159753,0.23530468972476512,1.1047747050005707,0.6461442025169025,-0.961888277435954,-0.14127712367639733,1.1384362124417164,-0.5731187632295642,-0.8291472518725593,5.374633906362811,1.4986743441856938,0.005154624394708934,0.00022797351112341466,0.0003845545009927262,0.0,-6.963883230637216e-05,0.004945741808941908,119,0,1->1,1,1,119,0.06277547355943419,0
False,True,0,False,True,0,-0.9914391542642028,-0.3373649911065259,4.057003687494862,0.3855686927064063,1.0052628098867171,-1.2750119209587856,-0.16795334314473478,-1.2633352576086856,-0.17081633849998618,1.5643180468801359,0.6183462095612102,-0.44755894527945383,0.08705508227654381,0.4607950027360355,-0.4918759406720522,-0.7417701419996277,5.371498758129125,1.213590817450797,0.0049505620771792365,-0.0002763974709469293,0.000377377019977228,0.0,5.068544001638441e-07,0.004110174386226691,120,0,1->1,1,1,120,0.10002519317303948,0
False,True,0,False,True,0,-1.0684918240823322,-0.08293181095958051,4.046178277401618,0.3535317168839255,0.9253073988944753,-1.276767478878245,-0.19225183837775986,-1.4928355103386524,-0.5572742692857561,1.6102429799493334,0.6250541408224431,0.013780165123529803,0.34254591160048087,0.1580928123897408,-0.4348632485632613,-0.7078232756921323,5.366650543652019,0.8106283159315993,0.004730592468114307,-1.590729153523162e-05,0.0004130984482542888,0.0,-0.0003235752154755853,0.004172628872533591,121,0,1->1,1,1,121,0.18489887259947504,0
False,True,0,False,True,0,-1.1228610083142194,-0.16186874848480018,3.3313654138651048,0.9965519090690836,0.7224209984522785,-1.0762690551280225,-0.5339226987203883,-1.099448947444232,-0.944082483363369,1.802043385326003,0.36000075259541753,-0.19593800190055025,0.5531064272224285,1.1836753896048327,-0.1489708782901413,-0.13363751906768823,4.932079378833297,1.759174807091926,0.00778334322651098,0.0032727203674616017,0.0008597323096936532,0.1,0.0018469638600305217,0.0076653515175803795,122,0,1->1,1,1,122,0.034432464767619686,0
False,True,0,False,True,0,-1.1738092670640548,-0.19749089289893934,2.957495770955842,1.3762196274126532,0.7777661575074073,-0.6810313429098652,-0.6322283824143486,-1.1120196676149028,-1.4352630909003887,1.1696922538564951,-0.25984315709687594,-0.14770523138407576,0.2755282025566584,1.0373783797943594,0.5075604883006031,0.32716391442039033,4.577139108070188,1.4921031506775362,0.008369718851359485,-0.002466375133548168,0.0012399279035503166,0.1,0.0001552189515745669,0.008424391952980462,123,0,1->1,1,1,123,0.030192527553656576,0
False,True,0,False,True,0,-1.2386283691099311,-0.28104862195055147,2.9109726685741384,1.695877445722953,0.7336317214166701,-0.2860270185172082,-0.6394655058356579,-0.764752596190407,-1.800884848165621,1.0309002398791178,-0.3461141664491711,-0.31023642220516195,0.17333158351490927,0.6748276530007121,0.7268554270001266,0.3963413993572728,4.586083836833515,0.8807477108134355,0.008129420288002372,-0.0008266741882056172,0.0014403457719354474,0.1,-1.10383011302723e-05,0.008589654834725773,124,0,1->1,1,1,124,0.061483139232642266,0
False,True,0,False,True,0,-1.1899782016553122,-0.12232016727019397,3.199871261362919,1.907547043816197,0.9119275561009502,-0.1563563463090957,-0.17406743598133267,-0.7680697422028179,-2.012805522468987,-0.03660721099828776,-0.12636809370822888,-0.3235230523479633,0.02322651927308972,0.7583536987589403,-0.051648858331286185,1.0801292469347468,4.8489885492939075,1.6604603295098561,0.007732674860870927,-0.00015644686377433263,0.0015169414487285944,0.1,9.95400572000411e-05,0.008590822347074494,125,0,1->1,1,1,125,0.0714869709792236,0
False,True,0,False,True,0,-1.2590459316733082,0.009914025004637566,2.807381082371887,2.0885626781077233,0.5490812139615286,-0.2020269856281885,-0.09146030058542326,-0.3241546573643761,-2.190595876123162,-0.6040865594526796,-0.3024054621561702,-0.3016711955319177,0.45190710271264317,1.6454554903804455,0.08474469641545163,1.1056068264751988,4.90921097138582,1.3862817425498104,0.007495330376888618,0.00015940094314913656,0.0015362726314837264,0.1,-4.136106083638472e-06,0.008472645716921702,126,0,1->1,1,1,126,0.15430750431120357,0
False,True,0,False,True,0,-1.34190637594178,0.06003453435542317,2.57973848663281,2.448045550244838,0.15818366280561585,0.09345086394398865,-0.23594060370290906,0.323954733680304,-1.8400215556545776,-0.8750674526027582,-0.6928667506099594,-0.02977237090252511,0.31556575462622594,0.56873864348605,0.2240864246214934,1.0255043226828289,4.528945832906132,1.5804803220638923,0.007196117270458915,-6.186862244739449e-05,0.0014862376799864483,0.1,-0.00011333882798745566,0.00856200496669014,127,0,1->1,1,1,127,0.16094412720132054,0
False,True,0,False,True,0,-1.459176942069776,-0.11486625456335797,2.3506442631456985,2.2807612157085244,0.1726844524486547,0.2665549494482554,-0.18254891306762264,0.7785225969105282,-1.7096216219714357,-1.3823138689078327,-0.7110103168303932,0.07391899295226019,0.20017018721815577,0.05711676160730378,0.22001405638276464,0.5741797694001037,4.313404507974382,1.0623730402996923,0.006853505960107755,-4.3398203921457025e-05,0.0013786440262089552,0.1,0.00010976997395460101,0.008532512066396313,128,0,1->1,1,1,128,0.31903297663902525,0
False,True,0,False,True,0,-1.550132076716133,-0.3213874253024773,2.3449587665541407,2.4715177326181683,0.3315097777041791,0.36650925793764444,-0.19688014256172728,1.1558460991638715,-1.152177482000069,-1.6468769806064967,-0.5400758603513004,0.0930224236579745,0.346043756547872,0.036526550218285866,0.0555422925529088,0.44282024525462726,4.38361992216888,0.8610861982219522,0.00657798457232598,6.708992256938568e-05,0.0012531147841042395,0.1,-2.535578193958634e-05,0.008384101715471867,129,0,1->1,1,1,129,0.3554474648412896,0
False,True,0,False,True,0,-1.6754643276702963,-0.5057284862343846,2.12536384175949,2.5597920431249896,0.24378539418028594,0.5943110504063805,-0.279029250899422,1.549851383294924,-0.6290903071682977,-1.7790508585060423,-0.38458257763936365,0.2268245703849903,0.8449921815952557,0.8613071363483242,-0.05954538757205794,0.1982559891174427,4.529497229981279,1.2894660314745725,0.006352298516267529,4.98353317233231e-05,0.001064903629083276,0.1,-3.436270199307784e-05,0.008412796374163454,130,0,1->1,1,1,130,0.26756587648298596,0
False,True,0,False,True,0,-1.8127366128252014,-0.44749878397160747,1.4257559604887444,2.3678219666981724,-0.49559310822418357,0.49310466777058365,-0.4429602990585805,1.6103864310253706,0.37970835675817205,-2.1526625485902824,-0.34610388054942204,0.7513152661438655,1.2671768744364476,0.4587889106351513,-0.30514856527994016,-0.010760067614296985,4.377988883276418,1.736116432639959,0.006202506806480389,7.589434627131193e-05,0.0007539431045398872,0.1,-3.810195691483168e-05,0.008550226252502149,131,0,1->1,1,1,131,0.1793649609051757,0
False,True,0,False,True,0,-1.9725344365201658,-0.7315146546737502,0.874705664940243,2.440922418578346,-0.5831682529981592,0.6040544046039722,-0.5447534629392538,1.7472311388274957,1.1688452941693563,-1.6932914431271178,-0.2492330518659496,0.8290348868103595,1.68109888278324,0.571021899356265,-0.3301814011617963,-0.2934727258086059,4.488816125904699,1.2561576390101692,0.006523380038534202,0.00047066494184095243,0.000763708223454087,0.0,6.118695582359602e-05,0.005572001907470995,132,0,1->1,1,1,132,0.17380760942109655,0
False,True,0,False,True,0,-2.1747708299206416,-1.1754244072917956,0.36328675714205383,2.60507365496723,-0.49790196823510663,0.4582592573384957,-0.6096403836897897,1.5773301000061624,1.5776277113852093,-1.019901431412546,-0.2641438379108695,0.9160021277133022,0.8779062098581242,-1.867570302430157,-0.5081048381485492,-0.5177382251444149,4.617641122571228,2.8089497253983104,0.006366132973854942,-0.0004781202967330733,0.0006622920619225824,0.0,-9.12423483276966e-06,0.004734726496376057,133,0,1->1,1,1,133,0.03751246879196039,0
False,True,0,False,True,0,-2.3915106105247093,-1.8864945793212975,-0.22181859614094,3.1289746891913164,-0.16647179723166605,0.7712465098688279,-0.9517582447085109,1.456182459539853,2.1950113971321383,-0.5459775239285917,-0.21629015144869213,0.667154949646517,1.4885152144323581,-0.04173614431431893,-0.7069695651852549,-0.42358682487535715,5.099372469619957,2.435950045538115,0.007050063833287429,0.0008411779241117474,0.000520139463069268,0.1,0.0003080654433136147,0.005822000627203186,134,0,1->1,1,1,134,0.014483282426132239,0
False,True,0,False,True,0,-2.6308934874710146,-2.472632233921291,-2.0300349392690245,3.1211971441162545,-0.26730732387207906,0.9261295198837939,-1.408633851824038,0.7887256067552925,2.4027810920426473,-0.2048389535969293,-0.7749387765928019,-0.3417762938256946,0.6296515708632576,-0.4661513260381584,0.14923734021921398,-0.0674949924595747,5.563136742257344,2.761557502574822,0.009161154283790577,0.001427159591070661,0.0008715264494049757,0.2,0.0007375261960136147,0.008776729789606202,135,0,1->1,1,1,135,0.0011572724723501275,0
False,True,0,False,True,0,-2.809222803823931,-2.8508861472762024,-2.802008091349661,2.824928527414452,-0.5893726083463439,0.861991689981949,-1.7889572055465592,0.14115673006341325,2.3389503282158013,0.15510746854494464,-0.7315414796853636,-1.2054308306681665,0.16562608598759324,0.41305461839161167,0.3275397247528012,-0.32050793306948117,6.059881054320655,1.86975247836224,0.00882145232041693,-0.002450792413876796,0.0010430327325638416,0.2,4.333231674679902e-06,0.008761382176207777,136,0,1->1,1,1,136,0.000968933548172167,0
False,True,0,False,True,0,-2.9187087876579754,-3.153325908833185,-3.0738926477437474,2.6793688166036307,-0.5054716334341675,0.7538654978980368,-2.1739951856735185,-0.3303759413044426,2.19465898534645,0.4585041605364644,-1.0659234334507757,-1.3898896507471377,-0.4037246880082795,0.7411824131268003,0.6231603802532062,-0.4719214781382589,6.516083684560603,1.178450450176259,0.008450491986146055,-3.125837089722715e-05,0.0011265611071401655,0.2,-3.7608247963592974e-05,0.008692067358498333,137,0,1->1,1,1,137,0.0011590968554368117,0
False,True,0,False,True,0,-2.9986488738391044,-3.376291395014334,-3.0751615600877296,2.8600272958862103,-0.5173483406995215,0.5638934189395096,-2.622100426458719,-0.6498776163123905,1.6532976281921372,0.6354061061823433,-1.1920152052924848,-1.3069626214419883,-0.6796451683164135,0.6939137028632948,0.8617965433124023,-0.5276963919505427,6.796605325221915,0.9557301617380597,0.008040056567135415,-3.947508473976444e-05,0.001144159978829299,0.2,7.756831710266365e-05,0.008691523266332643,138,0,1->1,1,1,138,0.001451670508492927,0
False,True,0,False,True,0,-3.000334079411994,-3.058588618088668,-3.6654201994241915,2.8171986162227114,-0.7582956949558695,0.010860956379853749,-2.2600700719142095,-0.7004881875781349,0.8883648282518652,1.1459320272599371,-1.58937304197878,-1.27377231115214,-0.6591613680983338,0.5105556698334932,1.0944199659586293,-0.42153711216395284,6.79291324665871,1.4327883118544327,0.009020215179225922,0.0013905940311011462,0.001218233940787555,0.3,0.0003811732564656589,0.00992385241190086,139,0,1->1,1,1,139,0.0015855286166855979,0
False,True,0,False,True,0,-2.91281825041187,-2.563464091443313,-3.718790143638409,1.7389635815537994,-1.267708905629187,0.3386774175824038,-1.7108551485623134,-1.2143262051129147,-0.025340911281028337,1.583113788845889,-1.401997590962007,-0.8258933089416514,-0.3224346666164842,1.2579445222900003,0.8950865124441277,-0.12897466462728444,6.159488881849171,2.099969347617708,0.008599085240239905,-0.0014012885510765235,0.00116899558874783,0.3,7.911568613087547e-05,0.00994577870398221,140,0,1->1,1,1,140,0.0009303087571151988,0
False,True,0,False,True,0,-2.796362820332905,-2.224462697484346,-3.2123005786276972,1.3565646915833764,-1.4230351938323478,0.324148198014055,-1.5569548535309403,-1.3692927467579805,-0.5067118875051658,1.4111526572196618,-1.112362788329884,-0.1279151927977777,-0.02697352804626507,0.9357627684584013,0.6924150062838859,0.0894796781205754,5.386370776479053,1.309781855852069,0.008217652118083263,3.969681682937376e-05,0.0010231106043570694,0.3,-3.323306051135778e-05,0.009759288479121494,141,0,1->1,1,1,141,0.0024792514442115703,0
False,True,0,False,True,0,-2.6940155607048766,-1.8966515877718153,-2.6497494263558954,1.227252299387127,-1.641970673985425,0.23564046402592945,-1.4903405254848798,-1.2477082256668648,-0.9816019300091736,1.1662665437326707,-0.9760268958511349,0.6777875951489097,-0.25755035868203496,-1.2487195114664609,0.5279783036344083,0.28597810875380053,4.98685730948256,2.523909862594207,0.008008911029289948,0.00017269203336332806,0.0008784840236007735,0.3,-0.000968023701710792,0.00966864382594931,142,0,1->1,1,1,142,0.002223450242216782,0
False,True,0,False,True,0,-2.6271933837531374,-1.5968063155597172,-2.3822321595273728,1.215644140331307,-2.182313382964903,-0.0029256500404771625,-1.6417684526708487,-0.7153755920931533,-0.9247368593726686,0.4592536174023693,-0.49673050728189094,1.3244440069357215,1.041817872623463,0.1834019582314559,0.1947564795530144,0.5117348206384557,4.748247759314044,2.4235486689138144,0.007652905825197187,-0.0001472641152994456,0.0006484525545939064,0.3,-0.00015151430842334866,0.00958202337743034,143,0,1->1,1,1,143,0.0047847172414383675,0
False,True,0,False,True,0,-2.557134974663143,-1.2724482171626648,-2.6123831335837076,0.097486868623779,-2.5662633729606825,-0.03352838829060367,-1.3480895890950688,-0.0006867456636783696,-1.2253535683985193,-0.11146927058030821,-0.08410631348580731,2.465830616739579,1.4760714340487466,-1.296475244431046,0.14327530249081438,0.5763896323846766,5.383968971451779,2.5363957581856402,0.0076355623129547865,0.00033866169185035964,0.0005402363453190759,0.2,2.079508742961443e-05,0.008762784761317179,144,0,1->1,1,1,144,0.029258084248084047,0
False,True,0,False,True,0,-2.4986884008835655,-1.2599512453858506,-2.5058825863894203,-0.433639018366561,-2.399737533452725,0.27331057875998266,-1.2040814322733164,0.6706391207007435,-1.5519288482885119,-0.29672808507079046,0.20831620918578325,2.6184832447607933,1.807316110201284,-1.1142367231623285,0.31906972996086186,0.5271112503703543,5.518809331605633,1.147326883606362,0.00792689846534017,0.00030867966462778517,0.000473982645052642,0.1,-1.7627997670286756e-05,0.007077286263792703,145,0,1->1,1,1,145,0.16737485324994777,0
False,True,0,False,True,0,-2.4719519480455237,-1.2411628245313109,-2.350183462023021,-0.5393961835237142,-2.439332793546523,0.21790074290217779,-1.1630694586858892,1.146048780802892,-1.5637669091348352,-0.7032858175211291,0.532648339648539,2.1473551950729868,2.325013763241851,0.17116232544913526,0.31399526757868085,0.6283302685769526,5.498199113396461,1.6407144519720125,0.007912373858161594,-0.000305860759563961,0.00043508347052006053,0.1,8.125565832947657e-06,0.007343491680597299,146,0,1->1,1,1,146,0.12085142722674863,0
False,True,0,False,True,0,-2.4010889981026726,-1.133142655817746,-2.0521771564491322,-0.45476899538906707,-2.5925511622356456,0.6194444347070079,-1.3032060968839299,1.2743604006386242,-1.023617944419942,-0.9838711989998856,0.18866403024886452,1.6461678633601116,1.7901124550714014,-0.49535359412466595,0.4080988116198698,0.35766212294257405,4.999480238831339,1.3733016410439614,0.007936834094444921,3.898484346190334e-05,0.0004254090582547489,0.1,1.064824654446652e-05,0.00787322884749244,147,0,1->1,1,1,147,0.10447604378862817,0
False,True,0,False,True,0,-2.3890504824562733,-0.9751468650870622,-2.337295158947009,-1.0641456474480182,-3.0619675032132974,0.47753521553751005,-1.1759406604300973,1.1835122672080312,-0.37185168105224725,-1.7767596013648692,0.6114429853424501,0.3130795630972132,2.1390823822219223,1.751382158413117,0.30909320972182575,0.19896688233354617,5.646658198580102,2.992758787426649,0.007791800719416884,-0.00016949361131136324,0.00043608463626609195,0.1,-0.00019156838562257774,0.008080142215824366,148,0,1->1,1,1,148,0.02015432207252101,0
False,True,0,False,True,0,-2.329894018051801,-1.0567534083644978,-2.2795723417191156,-1.7838261918412035,-2.345550634251707,0.3912208188648203,-0.6984186779444368,1.6063947704066879,0.25505585239218764,-2.321471814580731,0.5979117054120072,-0.7759014246924442,1.2231234386999508,1.4210088839477253,0.5147897425468844,-0.011522460367566002,5.384941970127415,2.090340292151805,0.007565098891865043,-8.16684525238049e-05,0.0003077624889191369,0.0,-9.106114220152825e-05,0.006368995914986987,149,0,1->1,1,1,149,0.02999644571354662,0
False,True,0,False,True,0,-2.3076129578452065,-1.124492907004452,-2.0715464993771304,-1.872004757751935,-2.0659716527819922,0.5000064741994824,-0.5661099402353039,1.583846253291961,0.6197365467172353,-2.241696523062891,0.33044021778803206,-1.3771869555617597,0.35432386879458583,0.3371678223218088,0.5694952051978883,-0.21866985952988766,5.008857537383124,1.6468200641554704,0.00720013500037397,-0.00013826206393923162,0.00028421174520387754,0.0,0.0001198124232191268,0.006369108010391404,150,0,1->1,1,1,150,0.028227737199579547,0
False,True,0,False,True,0,-2.310909179290958,-1.108580946034789,-2.146244559065883,-1.876942906075343,-2.025807061002552,0.4815749511845097,-0.49019813387560124,1.4186601433211898,0.848453777979566,-1.9168673408938772,-0.037310153487221574,-1.8629701151388867,-0.2796871400484783,-0.3443476295860235,0.6382561534373478,-0.28752850034225974,5.0118873723581805,1.2024243193901025,0.00733013260140251,0.0004949614925196131,0.00027235798125580906,0.0,1.84445515817519e-05,0.007024465295725647,151,0,1->1,1,1,151,0.030941472217127983,0
False,True,0,False,True,0,-2.2927507012512347,-1.082295918841097,-2.251812387561226,-2.109514899878851,-2.1215902762329484,1.1163857335629435,-0.5082076002085537,0.7510251021292295,1.1061860803427963,-1.5347049070170045,-0.1611640041121251,-2.333765473994538,0.0680642109746121,1.6278265615336518,0.7335705323653519,-0.3869795454584388,5.493425733006804,2.3245030586746664,0.007380342197844803,-7.978800458624709e-05,0.0002645559284618531,0.0,-1.912574890310017e-05,0.007221460282461957,152,0,1->1,1,1,152,0.005072620297743617,0
False,True,0,False,True,0,-2.2714157931859105,-1.2321502024696422,-2.22032519559605,-2.7739715404512832,-1.4522591641884375,0.8486982029370136,-0.15916742742196702,-0.03462671573674337,1.671709028161345,-0.580246728470246,0.10346138319282731,-2.721834963291099,0.319732350704761,3.2639075718809982,0.7408487547420877,-0.29260654394375696,6.297299732109154,2.434056784868552,0.0072027726260922775,-0.00022777916819481832,0.00029712203399999214,0.0,-9.902740199607338e-06,0.007391912375650355,153,0,1->1,1,1,153,0.0016072669366851088,0
False,True,0,False,True,0,-2.240685103173387,-1.2758736451208237,-2.2529788827669335,-2.838923366450441,-0.9725512843224551,0.3125350678547943,-0.08457443912161645,-0.342193256393627,1.7525818707772902,0.2837727798893361,-0.3280088669103408,-2.2703094997181235,-0.6912709828348002,0.4878665959796755,0.8771198414599153,-0.23976721326535047,5.162275981673921,3.243285056655519,0.007809394502585109,0.0007841914482453567,0.0003051770516510332,0.1,4.181002345008799e-05,0.007841216365227126,154,0,1->1,1,1,154,0.0003181063785793527,0
False,True,0,False,True,0,-2.2331752386069503,-1.2940546836311821,-2.3880177047236817,-2.738873569453528,-0.8960294386210365,0.15836998411648512,-0.18253276474115052,-0.4324477965868705,1.6403133273311827,0.9141904452551347,-0.5033964552711547,-1.7628289077209933,-0.17148215263890496,1.0958861692349633,0.9559385231370582,-0.10575390438249493,5.068433472660576,1.1993184614995083,0.008091832207605277,-0.00032418417147266326,0.00032807065586618056,0.1,-0.0008954640689291951,0.00804934866592131,155,0,1->1,1,1,155,0.0015990974699336676,0
False,True,0,False,True,0,-2.239641681044033,-1.341668026936522,-2.4874104565322868,-3.010440307177683,-0.9505516612411068,0.05688301683225352,-0.164513021718944,-0.4097728299218774,1.1379101217109078,1.4690019417943598,-0.39366821366411536,-0.8906562391493776,0.1288613260387209,0.381684448229425,0.8495079741138668,0.021163591333131553,4.920824514926367,1.4355220111524738,0.007699665578681234,-0.0006746043339442113,0.0003137398374011403,0.1,0.00011060647453899064,0.007562431127836981,156,0,1->1,1,1,156,0.0019201491849412742,0
False,True,0,False,True,0,-2.1963128720093392,-1.5618232297191028,-2.4246187818105995,-3.6659493841300814,-0.4635443955755464,0.45560829025087307,-0.038733525355329354,-0.6390507817964699,0.4493353960815594,2.1280319579530413,-0.02007134635566116,0.5143903771102248,0.7819954445521605,0.20023811642809236,0.783117540203608,0.18102248099291487,5.45940000901597,2.1119145946956444,0.007324297755195262,1.6798805438071433e-05,0.000300353440644778,0.1,6.640394514567834e-05,0.006729336908523171,157,0,1->1,1,1,157,0.0017270404490604147,0
False,True,0,False,True,0,-2.163550661973698,-1.805311181790548,-2.549974382298083,-3.391868232920822,0.015340381466096856,-0.2965992286602836,-0.25328896615650554,-1.0424984754095874,-0.1824291761981527,2.7413020923255305,0.0016494049004641066,1.5378677581614393,0.7088062515733241,-1.5378076114858639,0.8763789118661062,0.29950157098604613,6.102462520906396,2.45504463719876,0.008189017029541603,0.0012400870978323134,0.0003581295294921175,0.2,0.00028266447463647787,0.007841366768756403,158,0,1->1,1,1,158,0.0022106668710776475,0
False,True,0,False,True,0,-2.1433748909013395,-1.9730718989874367,-2.554576076572502,-3.212720283512829,0.03384126700026887,-0.47192587240081857,-0.4559379487487463,-0.8812256380515269,-0.40985003245107704,2.5412329713846824,0.08586333462166666,2.0735395295537056,1.1663871959420946,-1.0608519725917362,0.6948371755431533,0.14259946923362632,6.092232821601743,1.0193379918596164,0.007852627344517863,-0.0012011089593700819,0.0003682643469346122,0.2,-0.0005187625711371262,0.007862998340576566,159,0,1->1,1,1,159,0.013556009029547402,0
False,True,0,False,True,0,-2.132683976573681,-2.1062186271601693,-3.014319289646492,-3.1113942404977735,-0.050685738568978,-0.6922373421054366,-0.5404745937446581,-0.6030516242418215,-0.7720166036944618,2.0496501239207214,0.04439644904413691,2.0358963127336063,1.0870457943993739,-0.9941017377107707,0.5374250193424702,0.0336198175964532,6.0880257493046965,0.8961266424776104,0.00840710271149836,0.0008908650520042371,0.00041460148179242877,0.2,-0.00010931351594552913,0.00892382732704038,160,0,1->1,1,1,160,0.02656783102736396,0
False,True,0,False,True,0,-2.100360406966788,-2.4416722784407305,-3.1390538560679717,-3.4018940967375126,0.4053772934303746,-0.5641901570495801,-0.3880112144678285,0.1701383380024834,-1.0336456075296596,1.2091690119874292,0.3135297883026009,1.834062477855345,1.1341418345233651,-0.4863424994294142,0.5503235920307687,-0.26236505407672694,6.127305354939838,1.5148660004096048,0.008091217107391902,-0.0008703609710869545,0.00040299698446029196,0.2,-6.038335333962948e-05,0.008761257458758206,161,0,1->1,1,1,161,0.02819415125609047,0
False,True,0,False,True,0,-2.133145851583438,-3.051857793982776,-3.350455373412364,-2.8628739787819053,1.01770067746846,-0.8781531567091359,-0.7525120256611874,0.7667122072841553,-2.1962552936822664,0.10730048348730563,0.3559489658877835,1.0949018542818794,0.27705822514822487,-0.7506129256818617,1.0317643675162422,-1.0671049082785453,6.542376081202919,2.5433569210618487,0.008631559511380123,0.0008562280080946783,0.0004482563975982721,0.3,0.0003192573752440358,0.009036176544137428,162,0,1->1,1,1,162,0.030696227146037477,0
False,True,0,False,True,0,-2.1581389291834627,-3.3883638582290145,-3.7043499122071166,-2.5388693567653156,0.8653101708107043,-1.214777398518144,-0.9438265821725291,0.8113243345543334,-2.5190818085444087,-0.9247563338779452,0.5983193362976305,0.5075710724935788,0.006474708782218057,-0.672824375065907,0.7841872466739201,-1.3521981460136312,6.961674267157162,1.5212198173059803,0.008210383820037791,-0.0009615180953305522,0.0003736806554346564,0.3,9.68774729824106e-06,0.009010596849199092,163,0,1->1,1,1,163,0.1385448953376511,0
False,True,0,False,True,0,-2.1849607529949813,-3.676400068513557,-4.468436391476947,-2.122518924343913,0.6514984845996481,-1.3836362192654634,-1.015569137582353,0.9602252065383429,-2.6290843651568854,-1.6164317114803801,0.5209140880362383,-0.22691268480356744,-0.31766263119031424,-0.44195028054574365,0.6468430127452829,-1.5856623545253707,7.5992712641300715,1.4866463910614243,0.008619615482248773,0.0008304073535533134,0.00040673753457285517,0.3,0.00031377168641316417,0.009171171561239106,164,0,1->1,1,1,164,0.2226432838548194,0
False,True,0,False,True,0,-2.187370574912657,-4.100852882608212,-5.181886552440539,-1.6619915408285373,1.0687039766239934,-1.2736661249313965,-0.9174957252887175,0.981185294183404,-2.123927656986553,-2.089705512410216,0.24443884279845227,-0.9597406077658028,-0.34592920464153776,0.6806180223320705,0.6858422178498628,-1.7266070912331744,8.201856722304761,1.8634553475843563,0.009209325219918926,0.00018047807545917144,0.0005342029300420147,0.3,6.220783313941845e-06,0.009435253351994728,165,0,1->1,1,1,165,0.12841611368142203,0
False,True,0,False,True,0,-2.1726524374623155,-4.885567216571405,-5.260467312460111,-1.3008197161232238,1.8291823384866426,-1.7392542310067631,-0.8716003746250109,1.3135833492049216,-1.3612334507152974,-2.299284843041451,0.5178825943860823,-1.636026737982384,-0.9107645612617836,0.4432889682855793,0.5280568431059749,-1.5719775084754743,8.872593042638105,1.8006217430435876,0.008767370051798848,-0.0010316649057902309,0.0005244879007015869,0.3,8.89377577010797e-05,0.009419488824590667,166,0,1->1,1,1,166,0.08887599438495354,0
False,True,0,False,True,0,-2.250523487455779,-5.45919394862811,-5.724219179453569,-0.8963933298195865,1.413751922799547,-1.5048646281334424,-1.4503021037462145,1.4892556107066848,-0.8512397675083265,-2.2354703854996996,0.6437054077712178,-1.8769378029495523,-1.014292658107857,0.07971161149758609,0.4922630253113958,-1.6165719714007072,9.400090559416212,1.3383673499504154,0.008666155125438817,0.00034074024176004684,0.0003939286361145871,0.3,4.974671012999976e-06,0.009824339895662773,167,0,1->1,1,1,167,0.08091040443262609,0
False,True,0,False,True,0,-2.2037067244783755,-5.712843293389998,-6.416024442939116,-0.39264475665502546,1.221271884787086,-1.2981353094579937,-1.414703701960162,1.2547610512194771,-0.4047762290229937,-1.5087245121571666,0.3550691002966056,-1.8533794015859282,-1.320938991599667,-1.3194180908950137,0.45922052217948506,-1.1133882239620816,9.71055424262654,2.012998814794231,0.009624558048450397,0.00105961784937161,0.0005228728166094637,0.3,0.0005870169640766545,0.010241953733104433,168,0,1->1,1,1,168,0.02234294923177809,0
False,True,0,False,True,0,-2.150126690614614,-5.6929341987928685,-7.114984468602977,-0.14045992650055725,0.7275933861429892,-1.3991680357465461,-1.0809838109549157,1.1480822954550252,0.09974878481246831,-0.715667573653102,0.5143698035308264,-1.739606162226316,0.13754069108976147,0.170821667728832,0.5543628626359091,-0.2584803537211101,9.728263314131864,2.6347272740058654,0.010092210404757287,-0.0004907505667046883,0.0006316927541853842,0.4,0.00036282763170587123,0.011190018408319737,169,0,1->1,1,1,169,0.0038197577762422797,0
False,True,0,False,True,0,-1.9954519200212109,-5.672780716619682,-6.405523554871355,-0.16205728463542818,0.8072621638830976,-2.495250591355366,-1.089388429424515,0.824540431316015,0.6219235636700499,0.9900348279911957,1.0841686648990678,-0.998092269583004,-0.048287996007979894,-1.4784931912952775,0.21477073096442426,0.8388874834608979,9.545263006986321,3.1577741067059293,0.009605209779504673,-0.0009546529815595058,0.0006553380499805254,0.4,-0.00017053246722266435,0.010041978787217114,170,0,1->1,1,1,170,0.0007994842211839278,0
False,True,0,False,True,0,-1.6019305333162603,-4.795150214630274,-7.729494298487466,3.305395816315519,0.8694407709763493,-1.6920896108996517,3.6991184803074146,-0.47334973517695744,0.7487632525659698,3.1679531530469056,-0.5233919310780564,-2.3333056396365466,2.3675489654044855,0.28041434580509544,-1.829808662633691,0.8710533567362048,11.804263291916053,7.886843526058052,0.013497294055043638,0.00437908490079158,0.0015225704032759602,0.5,0.0016390532866772936,0.014668149016651238,171,0,1->1,1,1,171,0.0005769298859999586,0
False,True,0,False,True,0,-1.3099331251882753,-3.927822675208499,-6.702040805378432,3.0261159465551657,0.47558535790212186,-1.262171092452618,3.604266491357664,-0.647309186347325,0.3770944929641323,2.6499005350379505,-0.7209257879204556,-1.4347777514550526,1.6408273152356119,0.20166056957369108,-2.0480335812815746,0.23146673541834156,10.198607759422115,2.143430924996271,0.013103073114359725,-0.004286305216222879,0.0018607268930544252,0.4,-7.726041482476742e-06,0.014416561296384125,172,0,1->1,1,1,172,0.14030199434318555,0
False,True,0,False,True,0,-1.0147715047732473,-2.919912221855867,-5.853415484815647,2.3129628889485088,-0.08247025950341334,-1.3406341015389533,3.461765603589093,-0.7116724418302038,0.16028545575594197,1.945554620729661,-0.7222492811543414,-0.8196661816837332,1.5180345437462517,-0.45000595029575835,-1.2287188088430725,-0.13049693740895818,8.63935096200528,2.1993869066518665,0.012469324444581322,-0.00023952772909448944,0.0019077877351613274,0.4,0.00021025383266653954,0.014409175622390365,173,0,1->1,1,1,173,0.11775840622231452,0
False,True,0,False,True,0,-0.705431738687968,-2.118548168584438,-4.7313530932150725,2.017216489494529,-0.5443609248904046,-1.6755755621336668,3.1099735428132753,-0.6626288406811996,-0.13003173930612494,1.1540476958774444,-0.5845304637643156,-0.21458118616661553,1.351661199327881,0.5469245383533821,-1.5334632238692174,0.006855780020084687,7.381771657336649,2.1829347458259334,0.011954375514631124,0.00011879973982820494,0.0018595642564683216,0.3,3.4657672286497743e-06,0.013574227938537919,174,0,1->1,1,1,174,0.16157754856229248,0
False,True,0,False,True,0,-0.49143863451680514,-1.6268885187238493,-3.9477062791668893,1.974339791333014,-0.9785379847956166,-2.2278531609328094,2.429637078539654,-0.5251852820018241,-0.8037543534556137,0.6424481595544238,-0.4230870730353096,0.2445646570781102,1.250407173479265,1.0709020232889026,-1.228551227627436,-0.31450983036033575,6.702859231763375,1.819972193713845,0.011371057711924232,-6.836887275669425e-05,0.0017915701465912115,0.3,0.0002367883694827733,0.01321248413674956,175,0,1->1,1,1,175,0.2982014455269292,0
