date,xasset_abs_mom_252_top3,xasset_abs_mom_126_top2,xasset_carry_proxy_defensive,sector_mean_reversion_pairs,sector_market_neutral_trend,risk_off_inverse_equity,vol_regime_svxy_vixy,etf_short_term_reversal,credit_stress_rotation
2010-01-04,0.0,0.0,0.0,0.0,0.0,0.0,0.0,0.0,0.0
2010-01-05,0.0,0.0,0.0,0.0,0.0,0.0,0.0,0.0,0.0
2010-01-06,0.0,0.0,0.0,0.0,0.0,0.0,0.0,0.0,0.0015865405015301768
2010-01-07,0.0,0.0,0.0,0.0,0.0,0.0,0.0,0.0,0.004036724941691716
2010-01-08,0.0,0.0,0.0,0.0,0.0,0.0,0.0,0.0,0.0015632532292415569
2010-01-11,0.0,0.0,0.0,0.0,0.0,0.0,0.0,0.0,-0.0008920489034497381
2010-01-12,0.0,0.0,0.0,0.0,0.0,0.0,0.0,0.0,-0.005133588308457004
2010-01-13,0.0,0.0,0.0,0.0,0.0,0.0,0.0,0.0,0.0022435217132554808
2010-01-14,0.0,0.0,0.0,0.0,0.0,0.0,0.0,0.0,0.0011192497954091163
2010-01-15,0.0,0.0,0.0,0.0,0.0,0.0,0.0,0.0,-0.004025100305333651
2010-01-19,0.0,0.0,0.0,0.0,0.0,0.0,0.0,0.0,0.0004482610475842197
2010-01-20,0.0,0.0,0.0,0.0,0.0,0.0,0.0,0.0,-0.0014580589129016275
2010-01-21,0.0,0.0,0.0,0.0,0.0,0.0,0.0,0.0,-0.01562070720602704
2010-01-22,0.0,0.0,0.0,0.0,0.0,0.0,0.0,0.0,-0.009474073775899816
2010-01-25,0.0,0.0,0.0,0.0,0.0,0.0,0.0,0.0,0.0014981098014970051
2010-01-26,0.0,0.0,0.0,0.0,0.0,0.0,0.0,0.0,0.0012666776222833853
2010-01-27,0.0,0.0,0.0,0.0,0.0,0.0,0.0,0.0,0.0003441938505155395
2010-01-28,0.0,0.0,0.0,0.0,0.0,0.0,0.0,0.0,-0.004250554689755881
2010-01-29,0.0,0.0,0.0,0.0,0.0,0.0,0.0,0.0,-0.00507654660039647
2010-02-01,0.0,0.0,0.0,0.0,0.0,0.0,0.0,0.0,0.004826733191986232
2010-02-02,0.0,0.0,0.0,0.0,0.0,0.0,0.0,0.0,0.003022706542689102
2010-02-03,0.0,0.0,0.0,0.0,0.0,0.0,0.0,0.0,0.005102311477362953
2010-02-04,0.0,0.0,0.0,0.0,0.0,0.0,0.0,0.0,-0.014189839195762999
2010-02-05,0.0,0.0,0.0,0.0,0.0,0.0,0.0,0.0,-0.005851171771360186
2010-02-08,0.0,0.0,0.0,0.0,0.0,0.0,0.0,0.0,-0.004355531295404558
2010-02-09,0.0,0.0,0.0,0.0,0.0,0.0,0.0,0.0,0.0020091484325444053
2010-02-10,0.0,0.0,0.0,0.0,0.0,0.0,0.0,0.0,-0.013450612029323739
2010-02-11,0.0,0.0,0.0,0.0,0.0,0.0,0.0,0.0,0.004065842724504165
2010-02-12,0.0,0.0,0.0,0.0,0.0,0.0,0.0,0.0,-0.0005951912243759017
2010-02-16,0.0,0.0,0.0,0.0,0.0,0.0,0.0,0.0,0.009893336669775543
2010-02-17,0.0,0.0,0.0,-0.007176869251304087,0.0,0.0,0.0,0.0,0.007671168188114752
2010-02-18,0.0,0.0,0.0,-0.0011564597865190557,0.0,0.0,0.0,0.0,0.009486956017292547
2010-02-19,0.0,0.0,0.0,0.0050828058961559,0.0,0.0,0.0,0.0,0.006729052512160161
2010-02-22,0.0,0.0,0.0,-0.0028591363376850184,0.0,0.0,0.0,0.0,0.0012682048216134945
2010-02-23,0.0,0.0,0.0,-0.0010968237779808438,0.0,0.0,0.0,0.0,-0.0072511733022051494
2010-02-24,0.0,0.0,0.0,-0.00345302370836335,0.0,0.0,0.0,0.0,0.003825639312854845
2010-02-25,0.0,0.0,0.0,-0.00047456456002839705,0.0,0.0,0.0,0.0,0.0001153102450131005
2010-02-26,0.0,0.0,0.0,-0.0019951267525053803,0.0,0.0,0.0,0.0,0.006698976678001678
2010-03-01,0.0,0.0,0.0,-0.0013634800407184666,0.0,0.0,0.0,0.0,0.000762011804567031
2010-03-02,0.0,0.0,0.0,0.00359278036252925,0.0,0.0,0.0,0.0,0.006467224109103942
2010-03-03,0.0,0.0,0.0,-0.0023931230517519543,0.0,0.0,0.0,0.0,0.0010332998541235927
2010-03-04,0.0,0.0,0.0,-0.002434086439294392,0.0,0.0,0.0,0.0,0.0008025172375232259
2010-03-05,0.0,0.0,0.0,-0.0022277326235072763,0.0,0.0,0.0,0.0,0.005955595567821215
2010-03-08,0.0,0.0,0.0,-0.0016276479969148676,0.0,0.0,0.0,0.0,0.00022751565826961695
2010-03-09,0.0,0.0,0.0,-0.0019216465727086328,0.0,0.0,0.0,0.0,0.004325428241598761
2010-03-10,0.0,0.0,0.0,-0.002237306964639706,0.0,0.0,0.0,0.0,0.0003395628319364796
2010-03-11,0.0,0.0,0.0,-0.000647607190560664,0.0,0.0,0.0,0.0,-0.0009061745774264773
2010-03-12,0.0,0.0,0.0,-0.004107321871892925,0.0,0.0,0.0,0.0,0.0002274855827602007
2010-03-15,0.0,0.0,0.0,0.002594892330598108,0.0,0.0,0.0,0.0,-0.0011343331186983718
2010-03-16,0.0,0.0,0.0,-0.0017724340198037318,0.0,0.0,0.0,0.0,0.003405553416353735
2010-03-17,0.0,0.0,0.0,-0.0007673652097186065,0.0,0.0,0.0,0.0,0.0
2010-03-18,0.0,0.0,0.0,-0.0012708308953197152,0.0,0.0,0.0,0.0,0.0014701325720452019
2010-03-19,0.0,0.0,0.0,-0.000561425362553555,0.0,0.0,0.0,0.0,-0.004969899894531449
2010-03-22,0.0,0.0,0.0,-0.003984315988689616,0.0,0.0,0.0,0.0,0.004767988162597936
2010-03-23,0.0,0.0,0.0,-0.002259968094999102,0.0,0.0,0.0,0.0,-0.00011359042596847946
2010-03-24,0.0,0.0,0.0,-0.002488993302464631,0.0,0.0,0.0,0.0,-0.0005645378888304853
2010-03-25,0.0,0.0,0.0,-0.006722966850820684,0.0,0.0,0.0,0.0,0.002375161269164483
2010-03-26,0.0,0.0,0.0,-0.0015798202020141285,0.0,0.0,0.0,0.0,-0.0003394348778235079
2010-03-29,0.0,0.0,0.0,0.005422316997849633,0.0,0.0,0.0,0.0,0.0012411816561730404
2010-03-30,0.0,0.0,0.0,0.0006422746273023705,0.0,0.0,0.0,0.0,-0.0010134846144513876
2010-03-31,0.0,0.0,0.0,0.0019220506857654772,0.0,0.0,0.0,0.0,-0.003159337006981011
2010-04-01,0.0,0.0,0.0,0.0025818704153229397,0.0,0.0,0.0,0.0,-0.002416505573553218
2010-04-05,0.0,0.0,0.0,-0.0020510992640219755,0.0,0.0,0.0,0.0,-0.00045727541556406237
2010-04-06,0.0,0.0,0.0,-0.0008701672085401327,0.0,0.0,0.0,0.0,0.0065170266164329416
2010-04-07,0.0,0.0,0.0,-0.001356597752476023,0.0,0.0,0.0,0.0,0.0014771438111287338
2010-04-08,0.0,0.0,0.0,-0.005003981027421495,0.0,0.0,0.0,0.0,0.0017009162504280084
2010-04-09,0.0,0.0,0.0,2.380633680746444e-05,0.0,0.0,0.0,0.0,0.0014727849454994058
2010-04-12,0.0,0.0,0.0,-0.0009583009353925235,0.0,0.0,0.0,0.0,0.00022545172946752956
2010-04-13,0.0,0.0,0.0,-0.002155837570091693,0.0,0.0,0.0,0.0,0.002713015197073565
2010-04-14,0.0,0.0,0.0,-0.009753089606852047,0.0,0.0,0.0,0.0,0.002706105294798089
2010-04-15,0.0,0.0,0.0,-0.002103574880166293,0.0,0.0,0.0,0.0,0.002698157844273963
2010-04-16,0.0,0.0,0.0,0.007646868874126638,0.0,0.0,0.0,0.0,-0.008073548767883798
2010-04-19,0.0,0.0,0.0,0.001589003976680155,0.0,0.0,0.0,0.0,-0.001921089385927166
2010-04-20,0.0,0.0,0.0,-0.0019125205971436206,0.0,0.0,0.0,0.0,0.01075970683879146
2010-04-21,0.0,0.0,0.0,-0.004522048864013308,0.0,0.0,0.0,0.0,0.0001121433843054298
2010-04-22,0.0,0.0,0.0,-0.007671939286654726,0.0,0.0,0.0,0.0,-0.002912833167865503
2010-04-23,0.0,0.0,0.0,0.0011346493490410373,0.0,0.0,0.0,0.0,0.0065176500104142665
2010-04-26,0.0,0.0,0.0,-0.004865331621873249,0.0,0.0,0.0,0.0,0.0
2010-04-27,0.0,0.0,0.0,0.00503228925502053,0.0,0.0,0.0,0.0,-0.01261601999458195
2010-04-28,0.0,0.0,0.0,0.002339934973418938,0.0,0.0,0.0,0.0,0.0006784067127605375
2010-04-29,0.0,0.0,0.0,-0.005226579680557711,0.0,0.0,0.0,0.0,0.006892009431909152
2010-04-30,0.0,0.0,0.0,0.007695418310118971,0.0,0.0,0.0,0.0,0.0032545462378110734
2010-05-03,0.0,0.0,0.0,-0.007789858120466154,0.0,0.0,0.0,0.0,-0.00011183589028418428
2010-05-04,0.0,0.0,0.0,0.006876960378729793,0.0,0.0,0.0,0.0,-0.01025458597130502
2010-05-05,0.0,0.0,0.0,0.004448941705305985,0.0,0.0,0.0,0.0,-0.013660924092701365
2010-05-06,0.0,0.0,0.0,0.00040233712294892145,0.0,0.0,0.0,0.0,0.02841644437788006
2010-05-07,0.0,0.0,0.0,0.004559812850716232,0.0,0.0,0.0,0.0,-0.008775888602335458
2010-05-10,0.0,0.0,0.0,0.022225741788368066,0.0,0.0,0.0,0.0,-0.015536486677789956
2010-05-11,0.0,0.0,0.0,-0.004297000468953724,0.0,0.0,0.0,0.0,0.0075319836441867455
2010-05-12,0.0,0.0,0.0,-0.0013712062185452037,0.0,0.0,0.0,0.0,-0.0027968407410322864
2010-05-13,0.0,0.0,0.0,0.0033783937799498473,0.0,0.0,0.0,0.0,0.0018579316716489935
2010-05-14,0.0,0.0,0.0,-0.00036928720449561395,0.0,0.0,0.0,0.0,0.010739596882736803
2010-05-17,0.0,0.0,0.0,-0.00029500400284423073,0.0,0.0,0.0,0.0,-0.005334496554389955
2010-05-18,0.0,0.0,0.0,-0.0021060375090104447,0.0,0.0,0.0,0.0,0.010351455162949696
2010-05-19,0.0,0.0,0.0,0.0022767301052959376,0.0,0.0,0.0,0.0,-0.006210003248047241
2010-05-20,0.0,0.0,0.0,-0.008116862393990306,0.0,0.0,0.0,0.0,0.011330713873949422
2010-05-21,0.0,0.0,0.0,0.009892085044087784,0.0,0.0,0.0,0.0,-0.0012117088989933465
2010-05-24,0.0,0.0,0.0,-0.006124792893205595,0.0,0.0,0.0,0.0,0.002674717210724358
2010-05-25,0.0,0.0,0.0,0.007715337879723273,0.0,0.0,0.0,0.0,0.004739276785409974
2010-05-26,0.0,0.0,0.0,-0.0003303202851083567,0.0,0.0,0.0,0.0,0.001464125597128285
2010-05-27,0.0,0.0,0.0,0.00746812161521646,0.0,0.0,0.0,0.0,-0.014097419742654011
2010-05-28,0.0,0.0,0.0,-0.0028448837238972263,0.0,0.008112603622900196,0.0,0.0035805220367540755,0.0035376071041265944
2010-06-01,0.0,0.0,0.0,-0.014579587180281415,0.0,-0.001,0.0,-0.001,0.007600676647162708
2010-06-02,0.0,0.0,0.0,0.0077508949999808,0.0,-0.024406278041567163,0.0,0.0,-0.006553730584446815
2010-06-03,0.0,0.0,0.0,-0.001086085035137663,0.0,-0.005811009872334844,0.0,-0.008296719297447352,-0.01006094985825376
2010-06-04,0.0,0.0,0.0,-0.003262618541290808,0.0,0.03387878184638006,0.0,0.026882359456849914,0.021123085853361624
2010-06-07,0.0,0.0,0.0,-0.004917018411740348,0.0,0.013484668872709682,0.0,-0.001,0.011739442149111268
2010-06-08,0.0,0.0,0.0,0.004012729689158979,0.0,-0.005950127087355001,0.0,0.0,-0.004644229225365299
2010-06-09,0.0,0.0,0.0,0.0001226399217787483,0.0,0.004812737550950125,0.0,0.0,-0.002001624367569421
2010-06-10,0.0,0.0,0.0,0.007076516749159149,0.0,-0.027453925675423096,0.0,0.0,-0.01622998602902618
2010-06-11,0.0,0.0,0.0,0.0038086714920150004,0.0,-0.003543142050452275,0.0,0.0,0.011302803315965448
2010-06-14,0.0,0.0,0.0,-0.005938240231367921,0.0,7.58499759466126e-05,-0.0005,0.0,-0.004531410108542633
2010-06-15,0.0,0.0,0.0,0.0019059570768357348,0.0,-0.021245170657266867,0.0,0.0,0.0013842310925457177
2010-06-16,0.0,0.0,0.0,-0.0032133148084197115,0.0,-0.0005513046047330161,0.0,0.0,0.00179499001482924
2010-06-17,0.0,0.0,0.0,-0.004365273038760717,0.0,-0.0005138516618744704,0.0,0.0,0.009857284441066195
2010-06-18,0.0,0.0,0.0,0.002079765916722828,0.0,-0.0011846253652350591,0.0,0.0,0.0016077678757407232
2010-06-21,0.0,0.0,0.0,0.004447514176965636,0.0,0.0038864548725280113,0.0,0.0,-0.008816377083450877
2010-06-22,0.0,0.0,0.0,0.0037862952490963523,0.0,0.013016937457247624,0.0,0.0,0.010822640200407142
2010-06-23,0.0,0.0,0.0,-0.0006210213415934049,0.0,0.003898791635845611,-0.0005,0.0,0.0029772365366365575
2010-06-24,0.0,0.0,0.0,-0.0020943297559835646,0.0,0.013133459716560042,0.0,0.0,-0.002851730941863812
2010-06-25,0.0,0.0,0.0,0.00797769883189139,0.0,-0.0014363739684950087,0.0,0.0,0.006848221346708894
2010-06-28,0.0,0.0,0.0,-0.008351775992157766,0.0,0.0043767974197056365,0.0,0.0,0.00134176784362603
2010-06-29,0.0,0.0,0.0,-0.005656619860663896,0.0,0.030009589455594055,0.0,0.0,0.007607017414534012
2010-06-30,0.0,0.0,0.0,-0.0016181941091314937,0.0,0.011752396136600209,0.0,0.0,0.005556004576086404
2010-07-01,0.0,0.0,0.0,0.002698849968082195,0.0,0.003160809226565342,0.0,0.0,-0.01232117236782778
2010-07-02,0.0,0.0,0.0,-0.003441247512066816,0.0,0.0021579856728380035,0.0,0.01138890069121501,-0.0008460218453630441
2010-07-06,0.0,0.0,0.0,-0.0033283548354074346,0.0,-0.003290539893984634,0.0,-0.016710235152637143,-0.0004955858405281122
2010-07-07,0.0,-0.00784455989409788,-0.00784455989409788,0.004748220317344585,-0.005177532293170992,-0.028477699722769367,0.0,0.01047121447372934,-0.003946839363505478
2010-07-08,0.0,-0.0040972365540755395,-0.0040972365540755395,-6.68735670509444e-05,-0.00013892131114501543,-0.008398804365744673,0.0,-0.004416922259692702,-0.005688361285137567
2010-07-09,0.0,-0.003960746129257326,-0.003960746129257326,0.0030242448453556,-0.0034409544047650613,-0.007488567848314203,0.0,0.009811462629993661,-0.0002784147626323677
2010-07-12,0.0,0.0007991999206451796,0.0007991999206451796,-0.002831440867402146,0.003253669579413652,-0.0019390978328424069,0.0,-0.0024036262723196016,-0.0032785913919820826
2010-07-13,0.0,-0.002360612513405759,-0.006468013436528492,0.007614182790957541,-0.003045725903959398,-0.01271016471834608,0.0,-0.001,-0.002528355332822979
2010-07-14,0.0,0.005753767170733847,0.00714552938824201,-0.0017036263684900312,-0.0011777035693340222,-0.0005290833668085916,0.0,0.00906863873857533,0.006367197594745089
2010-07-15,0.0,0.005957732895004674,0.007184700751652402,-0.002187225572740193,0.0012899112137205989,0.0006081665485940079,0.0,-0.001,0.006271727038296465
2010-07-16,0.0,-0.003544769748210448,0.005359776424160535,-0.005828288419048675,-0.0035232040272151267,0.025277524404895314,0.0,0.0,-0.0014430301073957816
2010-07-19,0.0,-0.005248107266954524,-0.004119812619793389,-0.00250749197257827,0.004014248580076832,-0.007271654695195984,0.0,0.0,-0.006817551910860792
2010-07-20,0.0,0.004223915464002369,0.0012215698040436674,0.002117390671452015,-0.003016801134519566,-0.00913246124046715,0.0,0.0,0.0037556143747911387
2010-07-21,0.0,0.00876154310445252,0.010713114490931694,9.644583028396172e-05,-0.0017003986027468029,0.012917260106496475,0.0,0.0,0.008613164513936934
2010-07-22,0.0,-0.009186273117261744,-0.00802236089795567,0.0058890200150735934,0.004338444404326299,-0.02140215372558828,0.0,0.0077181886019280785,-0.004466602857719482
2010-07-23,0.0,-0.0037063420322506445,-0.010130123482427575,-0.002703254567409131,0.005308789254458978,-0.008491625188792797,0.0,-0.001,-0.009202193327435392
2010-07-26,0.0,0.009648292766223657,-0.003073766285634676,0.003453642079562875,0.0006605566084770053,-0.008646471461698202,0.0,0.0,-0.002825885135001588
2010-07-27,0.0,-0.005440093571679471,-0.01271592296318127,0.0016842167738113862,-0.002879946054849606,-0.001047069070510198,0.0,0.0,-0.003350070608409082
2010-07-28,0.0,0.0006141370608694967,0.0026754494399338835,-0.003728919517010137,0.0012849930013086183,0.00642373030022696,0.0,0.0,-0.002140054465122665
2010-07-29,0.0,-0.004112428083562424,0.0011620375372213157,0.0018106639147962484,-0.00329778855488172,0.004483195014786518,0.0,-0.0013027566686067962,0.003047735412914143
2010-07-30,0.0,0.01103335236120415,0.009422928113884047,0.0009334372788299029,-0.00010965122052603428,0.001585605081154634,0.0,0.008499579478777887,0.011791762475759507
2010-08-02,0.0,0.008429502663405959,-0.00908920606330677,-0.0034055501966435684,0.002198268291436182,-0.020398236800584994,0.0,-0.001,0.003214912112906367
2010-08-03,0.0,-0.0021619669850965234,0.003808628175695933,0.011186324066984634,-0.005317052589757215,0.004889944176954597,0.0,0.0,0.0031147493002863583
2010-08-04,0.0,-0.0008513053901895457,-0.001,0.0016434767258924616,0.0007193618112291518,-0.001,0.0,0.0,-0.0025645927676767304
2010-08-05,0.0,-0.003816668926589492,0.0,-0.0030826331874560177,0.0009682476132890688,0.0,0.0,0.0,0.0018136772269993122
2010-08-06,0.0,-0.004555541964761352,0.0,0.0018072895375696048,-0.002003353569802963,0.0,0.0,0.0,-0.002226486826191197
2010-08-09,0.0,0.008954173140858971,0.0,-0.00042485178270530553,0.0006474707605173956,0.0,-0.001,0.0,-0.005709449287766037
2010-08-10,0.0,-0.011284958488508804,0.0,0.0014437750586894292,-0.0013014902080117855,0.0,0.0,0.0,0.002353048844444627
2010-08-11,0.0,-0.007043493574967604,0.0,-0.0018254763199541683,-0.0037567194064628876,0.0,0.0,0.0,0.007555327235554859
2010-08-12,0.0,-0.00690243546061298,0.0,-0.004409470692129721,-0.0025518294909615755,0.0,0.0,0.0007330790278227148,0.002660650399975711
2010-08-13,0.0,0.00751334788343527,0.006336507435593985,-0.002238853335117455,-0.0001741261481652381,0.0048877707834281805,-0.001,0.005437763522956329,0.00801863557472357
2010-08-16,0.0,0.015594830245048054,0.01853031733939785,-0.001395901527503156,0.000988193665384088,0.0033013446669934443,0.0,0.009341249811888996,0.01918570246186794
2010-08-17,0.0,0.002676915185732622,-0.006489667516417538,-0.0030552309506659495,-0.0006456085100808598,-0.01153630176082469,0.0,0.010472177907929536,-0.0036615913615766827
2010-08-18,0.0,0.0021431062605492867,0.0005828095318794799,0.002187642910144151,0.002458061347398498,-0.0015876474129251695,0.0,-0.001,0.0031195340708623284
2010-08-19,0.0,0.004014993395865667,0.009393137190315606,0.0007783756600274536,-0.00013530438941867563,0.01656980964285325,0.0,0.0,0.01063091989692766
2010-08-20,0.0,-0.0017130207284705335,-0.0023085438212807224,-0.0014464772227915927,0.0030036417234052394,0.001270904469353551,0.0,0.0,-0.001955810983834111
2010-08-23,0.0,-0.0010640143257850388,0.0007801961776151655,-0.001431165675575363,-0.0009619074421061663,-0.001,0.0,0.0,-0.00043174633063271516
2010-08-24,0.0,0.010992682919387767,0.010957369552324599,-0.00475426183595169,0.005695004790676289,0.015051277057305766,0.0,0.0,0.012113420897403493
2010-08-25,0.0,0.00022598286395037132,0.0009386683320604924,0.0014406125254380559,-0.002111883518972767,-0.005342851535657745,0.0,0.0,0.0007967316005679124
2010-08-26,0.0,0.004937475562750911,0.004620333344624834,-0.0009480824024704073,0.0013675585945085787,0.008854047413675504,0.0,0.0,0.004958669989842491
2010-08-27,0.0,-0.01796106217703948,-0.02034387966681309,0.003203397362994462,-0.0007938970130963295,-0.016145830197079696,0.0,0.0,-0.01826046975030591
2010-08-30,0.0,0.011164442721808252,0.01036054456081998,-0.0018384163489485073,2.5549959363483385e-05,0.013147562808792958,0.0,0.0,0.012173672905883852
2010-08-31,0.0,0.010116647087926698,0.0064110913825019674,-0.0011345182620763783,0.0009997494890736202,0.0026865965431432273,0.0,0.0,0.010590785738069897
2010-09-01,0.0,-0.0067836153277359345,-0.013438178867152786,0.004740020829328542,-0.004541451881291423,-0.028411307970082168,0.0,0.0,-0.014557885242018882
2010-09-02,0.0,-0.0028841962251632434,-0.007046424781609275,0.0013643224770831656,-0.003264001653663071,-0.010147233022370451,0.0,0.0,-0.005141885653537599
2010-09-03,0.0,-0.0038129601773404555,-0.010179436235793265,0.004224098169570064,-0.0041135815571057485,-0.01414026526127814,0.0,-0.013395899346266504,-0.009288016607003874
2010-09-07,0.0,0.008301199629251264,0.01485811196574922,0.0003785248521009591,0.002421512424420587,-0.001,0.0,-0.001,0.015716529172326
2010-09-08,0.0,-0.005176202469203824,-0.004724884857138424,0.0017217271666600698,-0.006073159129337761,0.0,0.0,0.0,-0.00513706422412169
2010-09-09,0.0,-0.016076058545477494,-0.015270600715366879,0.00429615794311064,-0.0005664033207886846,0.0,0.0,-0.020739771833873544,-0.016110947340788346
2010-09-10,0.0,-0.001886883469224046,-0.001886883469224046,-0.0024154772628646503,-0.005648164850416528,0.0,0.0,-0.004573620314418547,-0.0024833662792817235
2010-09-13,0.0,0.0019647377925826547,0.0019647377925826547,0.0005126097714077524,-0.003570738108881385,0.0,0.0,0.004887067955115398,0.002860318704125514
2010-09-14,0.0,0.004265037288329127,-0.001,0.0029332375288504964,0.00011136733819922087,0.0,-0.001,-0.001,0.01316522524058138
2010-09-15,0.0,-0.009178027018002723,0.0,-0.0009259338234489586,-0.004007835251681152,0.0,0.0,0.0,-0.0029008913667983843
2010-09-16,0.0,-0.001952152772431361,0.0,-0.003967658191182102,0.0004903102921064408,0.0,0.0,-0.010875158012327413,-0.006470343917896608
2010-09-17,0.0,0.0014635686577302825,0.0,-0.0032415575744939437,0.0011412305192887676,0.0,0.0,-0.001,0.002379131612981267
2010-09-20,0.0,0.003951803547796637,0.0,0.0013900766009178563,-0.0014661497850663998,0.0,0.0,0.0,-0.0004270227555995803
2010-09-21,0.0,0.011090796612165202,0.0,0.0020529089140701503,-0.0005842281442510588,0.0,0.0,0.0,-0.001682405487516303
2010-09-22,0.0,0.004778372666240825,0.0,0.0013902330634396273,0.005317092732790721,0.0,0.0,0.0,-0.00404631653857368
2010-09-23,0.0,0.0017175945338872077,0.0,-0.004183641638509921,0.0009577263267896677,0.0,0.0,0.0,0.00014130427052581234
2010-09-24,0.0,-0.004814540848943577,0.0,-0.00011265481701472449,-0.0032114568121097017,0.0,0.0,0.0,-0.007655731214811064
2010-09-27,0.0,0.008235541234735523,0.0,-3.0587799013898336e-05,0.0039839150808016095,0.0,0.0,0.0,0.011387124888944222
2010-09-28,0.0,0.007843790917978924,0.0,-0.0011646277827960037,-0.0016895398969617157,0.0,0.0,0.0,0.007566277678367361
2010-09-29,0.0,-0.0015907456097883237,0.0,0.002289124385364542,0.00012224614501182734,0.0,0.0,0.0,-0.0024242023472833885
2010-09-30,0.0,-0.0004827003942872748,0.0,0.00043481570073723627,-0.0008719695604423529,0.0,0.0,0.0,-0.0005409913113545106
2010-10-01,0.0,0.0021539014105930727,0.0,0.004255015554385988,-0.0021363375659503294,0.0,0.0,0.0,-0.00040422949730517565
2010-10-04,0.0,-0.0007557814607550428,0.0,7.247578537590668e-05,0.0032262885333644653,0.0,0.0,0.0,0.00045585554851406166
2010-10-05,0.0,0.008099047563738838,0.0,7.788823915043819e-05,-0.005451903459259374,0.0,0.0,0.0,0.0015983217094111008
2010-10-06,0.0,0.008895223360019768,0.0,-0.0004633536206653701,-0.0019832783495592025,0.0,0.0,0.0,0.00835939135678079
2010-10-07,0.0,-0.009818836132941856,0.0,0.0012436257794386655,0.001193480928288235,0.0,0.0,0.0,-0.00924274729174956
2010-10-08,0.0,0.0033281304636557187,0.0,-0.004393325633768911,-0.0004344520559561749,0.0,0.0,0.0,0.0006066466071534323
2010-10-11,0.0,0.0028054498874211567,0.0,-0.000590999174245525,-0.00014693552739679765,0.0,0.0,0.0,0.0017996531801939607
2010-10-12,0.0,-0.005440035528771311,0.0,0.0014173257391177155,-0.005864377914449111,0.0,0.0,0.0,-0.007295426534231392
2010-10-13,0.0,0.008988252224821521,0.0,-0.0026113144449486656,0.0010103148572653486,0.0,0.0,0.0,0.0013430746212836926
2010-10-14,0.0,-0.0026924044742873496,0.0,-0.0005507235410630153,0.006015187178645439,0.0,0.0,-0.015944556405103172,-0.004775252867580404
2010-10-15,0.0,-0.009402839630579236,0.0,-0.005270540721286634,0.008707764404657274,0.0,0.0,-0.012215363506038024,0.0025663869072811707
2010-10-18,0.0,0.005525223364186658,0.0,0.004222776597641043,-0.009340374510827084,0.0,0.0,0.008078639839181223,-0.0013360262984728477
2010-10-19,0.0,-0.020032449111979794,0.0,0.0062212131138333505,0.0031389565632593515,0.0,0.0,0.006034353812851778,-0.00011136549083268221
2010-10-20,0.0,0.0063384868042096745,0.0,-0.00144629083238164,-0.0009693345822111584,0.0,0.0,-0.001,0.0031207229282104176
2010-10-21,0.0,-0.013269888028998476,0.0,-0.00035747608862600705,-0.001454439745846902,0.0,0.0,-0.015087770334554662,-0.0015553546416003927
2010-10-22,0.0,0.003901564816727079,0.0,-0.002762660427111444,-0.002673784960477492,0.0,0.0,0.002008144777821741,0.004563452117307465
2010-10-25,0.0,0.0062529205460651995,0.0,-0.0038161349844437254,0.0005158179126975023,0.0,0.0,0.008633395612906769,0.0038770059032471327
2010-10-26,0.0,-0.006003016574995555,0.0,-0.0005985406052631773,-0.003609466842072531,0.0,0.0,0.00022926081694740752,0.0015458229255194134
2010-10-27,0.0,-0.009843587693611312,0.0,-0.0005131124327984847,-0.0030523237838234597,0.0,0.0,-0.001,-0.0011021237484024615
2010-10-28,0.0,0.009402177669477865,0.0,0.00033191624775136226,0.0010662632481130817,0.0,0.0,0.0017206962854906535,0.0005517203510621016
2010-10-29,0.0,0.010068207698387168,0.0,-0.0005918337864922389,0.0014304077807903944,0.0,0.0,-0.001,0.00044085043175590144
2010-11-01,0.0,-0.004960198493717782,0.0,-0.0019204473442114276,-0.0029939531441522454,0.0,0.0,0.0,-0.001874755029959041
2010-11-02,0.0,0.00693964433608131,0.0,-0.0012800789538260254,0.002609802189891995,0.0,0.0,0.0,0.004890570097076941
2010-11-03,0.0,-0.0008667886237879276,0.0,9.139181117354665e-05,-0.003307184049041112,0.0,0.0,0.0,0.003318137226614448
2010-11-04,0.0,0.021664559195964713,0.0,-0.00230897127688612,0.0010794452325303054,0.0,0.0,0.0,0.013009112059889416
2010-11-05,0.0,-0.002980557960710285,0.0,-0.004341941809039053,0.002169226367629059,0.0,0.0,0.0,-0.0010889563270054525
2010-11-08,0.0,0.0024361566696180148,0.0,-0.002617091811000471,0.002511046828237484,0.0,0.0,0.0034908775761522967,-0.0029410800688526306
2010-11-09,0.0,-0.01260018796186045,0.0,0.002685377607758703,0.00020421607391921738,0.0,0.0,-0.001,-0.0028418001046780494
2010-11-10,0.0,0.005410519478268035,0.0,-0.005566432689816081,0.00020830116836369612,0.0,0.0,0.0003503543179793631,-0.008218035296756465
2010-11-11,0.0,-0.00926103908053704,0.0,-0.00324716126725098,0.0029699078778951016,0.0,0.0,-0.0005175555201230031,-0.003977668258309697
2010-11-12,0.0,-0.016962487260926664,0.0,0.003645552006796551,-0.0029431272330621076,0.0,0.0,-0.0124380516523681,-0.003660328677431046
2010-11-15,0.0,-0.000596404159346883,0.0,0.0029312873626169728,-0.0043435918795816245,0.0,0.0,-0.0012201471721454155,-0.0018918367270526204
2010-11-16,0.0,-0.024971865043167504,0.0,0.0016240395480224515,-0.0033326316077057685,0.0,0.0,-0.018808130431604377,-0.011043535813195615
2010-11-17,0.0,0.005254434675720511,0.0,-0.0029895202727260924,0.0016510220374054763,0.0,0.0,0.002571408590559769,0.005075806994466303
2010-11-18,0.0,0.024334559490567034,0.0,-0.0023617372014552826,0.001586836553768324,0.0,0.0,0.017029245317879818,0.012681176790031445
2010-11-19,0.0,0.0003219879801207125,0.0,-0.004123494231662949,0.0031077266099022527,0.0,0.0,-0.00023374794498655978,-0.0003327912381626552
2010-11-22,0.0,-0.006772102832222207,0.0,0.00044742096027920795,0.0015462764287675274,0.0,0.0,-0.0009999999999999998,-0.006983284973201553
2010-11-23,0.0,-0.03099777996302045,0.0,0.001382246645853312,-0.002841615002359088,0.0,0.0,0.0,-0.013731473099276026
2010-11-24,0.0,0.01963713679375758,0.0,-0.004656180031036893,0.004605801628354195,0.0,0.0,0.0,0.005998948787386382
2010-11-26,0.0,-0.01605044321333075,0.0,0.0005276891936294237,-0.0024734580475579936,0.0,0.0,0.0,-0.0035997289567719637
2010-11-29,0.0,-0.0014321493343170718,0.0,3.994147500157864e-05,0.00205584331141266,0.0,0.0,-0.002350867242699622,0.0025967550671157635
2010-11-30,0.0,-0.009765488991341859,0.0,-0.0022044793439455583,0.001816701302439363,0.0,0.0,-0.010380176756722283,0.0022523151951427955
2010-12-01,0.0,0.028979389883648166,0.0,-0.004912749656870964,0.0044612493156411664,0.0,0.0,0.02614542393559258,0.00925355368308245
2010-12-02,0.0,0.014437178611467118,0.0,-0.005292597735881972,0.004998908284159732,0.0,0.0,-0.001,0.0005600525846265469
2010-12-03,0.0,0.005553852989608466,0.0,-0.0024876521494723966,0.001688791228435395,0.0,0.0,0.0,0.0016805321951633978
2010-12-06,0.0,-0.0030727021074897017,0.0,-0.0026793940902810035,0.0021116206337514977,0.0,0.0,0.0,-0.0005594058746098973
2010-12-07,0.0,-0.0004448701691598014,0.0,4.595256076466268e-05,-0.0018380539182211364,0.0,0.0,0.0,0.0051476971099910784
2010-12-08,0.0,-0.003506471326928892,0.0,0.003382507688785287,-0.005588192480474764,0.0,0.0,0.0,-0.0032293423059622794
2010-12-09,0.0,-0.00205864911152186,0.0,-0.0004271412715402262,-0.0011049676430049356,0.0,0.0,0.0,-0.002121584039443958
2010-12-10,0.0,0.0003782467753256531,0.0,-0.0011097453430161121,-0.0001416760558796137,0.0,0.0,0.0,0.0004476733516525222
2010-12-13,0.0,-0.0005327315660023741,0.0,-0.001156990969274998,0.0016014947046619542,0.0,0.0,0.0,-0.005033920071821907
2010-12-14,0.0,-0.0017388949706420723,0.0,0.0028357897965619735,-0.0009341043114156907,0.0,0.0,-4.45452325791287e-05,0.00494751275151506
2010-12-15,0.0,-0.009593734888009242,0.0,0.00048627007791854837,0.0006698935061943673,0.0,0.0,-0.001,-0.003916885612756715
2010-12-16,0.0,-0.00036944016900024486,0.0,-0.0004410797833924837,0.0013705351992873793,0.0,0.0,0.0,0.003706936690600404
2010-12-17,0.0,0.004157087718532639,0.0,0.0008867845378405809,-0.0007254774039253952,0.0,0.0,0.0,0.0014548263191196398
2010-12-20,0.0,0.006277801756259225,0.0,-0.001433116368959729,0.0019748469363028284,0.0,0.0,0.0,0.0017884975974442607
2010-12-21,0.0,0.008989641449112486,0.0,-0.0055514484587215265,0.002169204884821133,0.0,0.0,0.0,0.002119079795641854
2010-12-22,0.0,0.0021591002220646338,0.0,0.0012282371366272786,-0.0024685539108606804,0.0,0.0,0.0,0.0027829486954513705
2010-12-23,0.0,0.0008283522806734822,0.0,0.0006223211670488357,0.0016946157064562646,0.0,0.0,0.0,0.0009985399247591786
2010-12-27,0.0,0.0006867776923792082,0.0,-0.0014438943488506318,-0.0019414290641485022,0.0,0.0,0.0,0.0007760676787886833
2010-12-28,0.0,0.0018472703793868403,0.0,0.00044564159636503107,1.950404854501956e-05,0.0,0.0,0.0,0.0006362001592350452
2010-12-29,0.0,0.0013872429921296954,0.0,-0.001148323408444622,0.0038131323321995247,0.0,0.0,0.0,0.0033432513724498403
2010-12-30,0.0,-0.00321089298164135,0.0,-0.001234211422724322,0.0012596959934682752,0.0,0.0,0.0,0.0011105044613999304
2010-12-31,0.0,-0.005065273548995808,0.0,-0.0003992053688439838,-0.0006213151283101822,0.0,0.0,0.0,0.0017749954385841704
2011-01-03,0.0,0.01085450528678781,0.0,-0.0006398715586578578,0.00110776897106997,0.0,0.0,0.0,0.0007753336006213196
2011-01-04,-0.01999377013916477,-0.008741506226150159,0.0,0.0024633253944968746,-0.004520972233199853,0.0,0.0,0.0,0.004537990904955214
2011-01-05,0.004658785652907824,0.009998671569066161,0.0,-0.0038860754377498894,0.0027119820974396574,0.0,0.0,0.0,0.0025342068505818105
2011-01-06,-0.0041673679829501665,-0.0004712209017554541,0.0,0.003268907687358006,-0.00369048459920772,0.0,0.0,-0.005018704366714254,0.001208296707825296
2011-01-07,-0.0021119077853065313,-0.0030894793696745345,0.0,0.00036722313166286753,0.0016341962331587003,0.0,0.0,-0.0018680415196855593,-0.0038416772849284575
2011-01-10,0.0030506633593804697,0.004646369732680914,0.0,-0.00032338836749529713,0.000526465486114553,0.0,0.0,0.004042471019095828,-0.0007709229110697269
2011-01-11,0.001120282984296348,0.004305324593270134,0.0,-0.002766764003415683,0.0038356394435985755,0.0,0.0,0.006436906616381845,0.0038589734115752616
2011-01-12,0.0066806895586910865,0.006412480313307519,0.0,-0.0020772056096909695,6.737774560563088e-05,0.0,0.0,0.018739355717466648,0.002087082967731746
2011-01-13,0.0009651703498904199,-0.0008741004633983143,0.0,0.00023946544062757318,-0.0015250967017855805,0.0,0.0,-0.001,-0.00021910081144993487
2011-01-14,0.007213088606295384,0.006417403994567164,0.0,-0.003428991090077984,0.002092348615431516,0.0,0.0,0.0,0.0016445014546151437
2011-01-18,0.0038101821870263706,0.001823190721937632,0.0,-8.472960336984868e-05,0.001939089733825951,0.0,0.0,0.0,-0.00010978731310384848
2011-01-19,-0.01649846488385375,-0.01802286374302023,0.0,0.004587945756884895,-0.005561391657398611,0.0,0.0,0.0,-0.003063873768832881
2011-01-20,-0.005937410055641822,-0.008617167443514344,0.0,0.004071875455814259,-0.006684499712789721,0.0,0.0,0.0,-0.0019770444539957133
2011-01-21,-0.004645747978244761,-0.007272049955245855,0.0,-0.00307324730050287,-0.0015409678113948143,0.0,0.0,-0.006692972033609025,0.004069809105609279
2011-01-24,0.009008857339701313,0.003292592533856602,0.0,0.0005845354082952177,0.0017208930078568504,0.0,0.0,0.003888073070387354,0.0014255557784950135
2011-01-25,0.004829004319583008,-0.0044730303083101,0.0,0.0011557904311048583,-0.0009037826519826511,0.0,0.0,-0.0016295007013165715,0.0015310198402345154
2011-01-26,0.007081853201940892,0.012241749010187814,0.0,-0.006920552797549754,0.009026115596886847,0.0,0.0,0.011036660224561805,0.002076694696376391
2011-01-27,0.008425602558505524,0.000131047836677407,0.0,0.0006393574463024848,-0.0018516980376250053,0.0,0.0,-0.001,0.001307776811698913
2011-01-28,-0.022227732614572497,-0.025805627712812113,0.0,-0.0004939124393998407,-0.0011235404052802513,0.0,0.0,0.01736940880571558,-0.0059885743893103305
2011-01-31,0.008316599733125247,0.008525670248586296,0.0,-0.01067587947591001,0.0084361007647955,0.0,0.0,0.008589084467565568,0.0053673899611843545
2011-02-01,0.014440263357575183,0.013832587128004729,0.0,-0.0017451078039673888,0.0024338636928945465,0.0,0.0,0.024230172089264146,0.001962729929671614
2011-02-02,-0.00172836846959426,0.00304675502341955,0.0,-0.00042392780238454015,0.000650677990451073,0.0,0.0,-0.001,0.001095098660340632
2011-02-03,0.002606804761867716,-0.0018146994524009849,0.0,0.0025056552579710155,-0.0008096561533544914,0.0,0.0,0.0,0.0
2011-02-04,7.058250374142528e-06,-0.002798875400442021,0.0,0.002927955167317322,-0.0012683509137794188,0.0,0.0,0.0,0.004372679359033516
2011-02-07,0.007978149488001317,0.006000866662212899,0.0,-0.0028698116231922885,0.0020485081705251505,0.0,0.0,0.0,0.0018510014201975622
2011-02-08,0.005955736934566863,0.006808488644474622,0.0,0.0003506149047527309,-0.001061306720341073,0.0,0.0,0.0,0.0010857701258741859
2011-02-09,-0.001735233970436895,-0.0030287323856935987,0.0,0.0028500519388533147,-0.004050821858169465,0.0,0.0,0.0,-0.005643537948306188
2011-02-10,0.0031746811641717274,0.0026936010754621824,0.0,-0.0024918104447728025,0.0034711752788620515,0.0,0.0,-0.010448165237612494,0.001092304869323213
2011-02-11,0.007987807085272934,0.008980309784025368,0.0,-0.0013519171626750516,0.0006426627376592839,0.0,0.0,0.012200412369973046,0.002506829053676496
2011-02-14,0.0023237899716774964,0.00371540396084252,0.0,-0.0044198958567047515,0.006763235867882309,0.0,0.0,-0.001,0.0007614911732460872
2011-02-15,-0.0035515110045067477,-0.0034686651044349183,0.0,0.0034775102159291115,-0.004211763974991202,0.0,0.0,0.0009826693198550238,-0.001956187370085627
2011-02-16,0.005383713514949846,0.007210597158536374,0.0,-0.0033361452334181646,0.0029154658867874376,0.0,0.0,0.008353259135875923,0.0003266055501784937
2011-02-17,0.002243777054638003,0.003151990442833414,0.0,-0.0014004263287857258,0.0010507215804394807,0.0,0.0,-0.001,0.0022859775362926715
2011-02-18,0.0010411586681992862,-0.0006229975454068172,0.0,0.0007669145301039299,-0.0015942300940748715,0.0,0.0,0.0,0.003040308433608141
2011-02-22,-0.020434877960343423,-0.027328409828649734,0.0,0.00444979594135848,-0.005698018234169318,0.0,0.0,0.0,-0.008228231283029852
2011-02-23,-0.01091417653107678,0.0006740113421643168,0.0,-0.015073798302587068,0.0037750140876118207,0.0,0.0,-0.009309473592706577,0.000982773103682888
2011-02-24,-0.004385414115894362,-0.0015637152795520543,0.0,0.007493177273655338,-0.0029583093702061193,0.0,0.0,0.0025765452628683733,0.0007629696825519616
2011-02-25,0.018012105476897102,0.02257551883028312,0.0,-0.002611723145721471,0.003991133048668136,0.0,0.0,0.013379606252334508,0.0030521749089831296
2011-02-28,0.010629711896036486,0.00134083898590153,0.0,0.0001862523067676088,-0.0006790016764020437,0.0,0.0,0.0035677862621842685,0.004996905685886954
2011-03-01,-0.022726635695810776,-0.002750404938812716,0.0,0.002609118456693336,-0.005946129317919169,0.0,0.0,-0.001,-0.0015337788384583995
2011-03-02,-0.003761133052539659,0.004052120600905963,0.0,-0.0009360851195772703,0.0021711527191402313,0.0,0.0,0.0,0.0008725933588513701
2011-03-03,0.011191149876506915,0.010588964548123891,0.0,0.0005856948081270099,0.0019081918518625662,0.0,0.0,0.0,0.003591379454991328
2011-03-04,-0.007122795809549795,0.0006295060719283588,0.0,-0.0010055610317814246,-0.002486844346536821,0.0,0.0,0.0,-0.0020607545453680265
2011-03-07,-0.00918211169764678,-0.009910653211796783,0.0,-0.002958286113324211,-0.0020128246410097356,0.0,0.0,0.0,0.0002175063013278855
2011-03-08,-6.241368306767966e-05,0.0016577874104384885,0.0,0.010522955651148896,-0.00753519669035342,0.0,0.0,0.02093776469452069,-0.0008690659033621095
2011-03-09,0.0011089183496637534,0.0001594937481947621,0.0,-0.0017360651703400675,-0.004304280498942407,0.0,0.0,-0.001,-0.002827980784914974
2011-03-10,-0.014372939330025264,-0.020555842846104923,0.0,0.007952796158801503,-0.007057158905026199,0.0,0.0,0.0,-0.00523614741755507
2011-03-11,0.002333535858313807,-0.0021858899551539307,0.0,0.0028702827372394926,0.005322067889118086,0.0,0.0,0.007868836024868642,-0.00021863725757587105
2011-03-14,-0.000319995019131339,-0.0009424013009311362,0.0,-0.002685840684142306,0.0022513702749414415,0.0,0.0,-0.0061493596942619345,-0.004058449049730295
2011-03-15,-0.021053759268739612,-0.025024263535614422,0.0,-0.0011866235075282839,0.0017525991126703974,0.0,0.0,-0.01621157729909208,-0.005175306875066732
2011-03-16,-0.0028448061093927874,-0.002022914607090319,0.0,-0.00310418156917142,-0.0005595797235202966,0.0,0.0,-0.024809746030260784,-0.0061992383005715634
2011-03-17,0.01384085684989255,0.01778282304369341,0.0,-0.00890514083417399,0.0065697312589162,0.0,-0.001,0.02034218419756627,0.010804034379684024
2011-03-18,0.008668362340403026,0.009017644333041919,0.0,0.005037190048148979,-0.0036237789251369022,0.0,0.0,0.004166269470870073,0.004739091772500981
2011-03-21,0.006700213936373175,0.012949768417125385,0.0,-0.007153655433603478,0.007236029756000593,0.0,0.0,0.019344711836449965,0.0061412519025649814
2011-03-22,0.00039169787645946196,0.0018096558660531633,0.0,-0.0013324499322224829,-0.00149472324146427,0.0,0.0,-0.001,0.0005450654199199434
2011-03-23,0.0016464617273813302,0.0024122404584983326,0.0,0.000628357562319212,0.002540697263613924,0.0,0.0,0.0,-0.0011981046495918024
2011-03-24,-0.001453245068615599,0.004854794059914659,0.0,0.003596019382511096,-0.0022091930670119515,0.0,0.0,0.0,0.0008724818921359567
2011-03-25,0.002984467339381207,0.005410745585280858,0.0,-0.003940404697294689,0.0027712623252170803,0.0,0.0,0.0,0.00032677482897414123
2011-03-28,-0.0075278825529978026,-0.008489513027685162,0.0,-0.0003097328063025762,-0.0010033910185296036,0.0,0.0,0.0,0.00032695759587730855
2011-03-29,0.003207136567918113,0.007358375142512051,0.0,-0.003270047523545934,0.0025529768632614417,0.0,0.0,0.0,0.0005442045352370695
2011-03-30,0.004200187804702719,0.005059680521480655,0.0,0.00014605360813661555,-2.7937647450396024e-05,0.0,0.0,0.0,0.0015239273956828558
2011-03-31,0.00940463806073232,0.009766990055991402,0.0,0.00015647363516924233,0.0005653973814868476,0.0,0.0,0.0,-0.0005429846479755307
2011-04-01,0.0015123172796865985,0.005696730756073732,0.0,0.0006728503025914895,-0.0005518893105763187,0.0,-0.001,0.0,-0.001203788238843484
2011-04-04,0.005446569715327395,0.005913984669722373,0.0,-0.0016650609274857443,-0.00050993823539108,0.0,0.0,0.0,0.006134885899628406
2011-04-05,0.008111123276473396,0.0030568054366319456,0.0,-0.0030251221332750437,0.002973895206374656,0.0,0.0,0.0,-0.0010892873420957905
2011-04-06,0.002483170812319978,0.0025763491717978337,0.0,0.008551347444146812,-0.00552312122455203,0.0,0.0,0.0,0.002180278654600798
2011-04-07,-0.0005652051377316921,-0.0018046700882782122,0.0,-0.001733786661461121,-0.00042616400884460857,0.0,0.0,0.0,0.000979522333971028
2011-04-08,0.008839209744806866,0.008325631722373621,0.0,-0.003757775620716277,-0.0002626696000499581,0.0,0.0,0.0,0.0
2011-04-11,-0.011736939605763988,-0.014352075253024942,0.0,0.009089902265261775,-0.008174066853272075,0.0,0.0,0.0,-0.0009785638088649629
2011-04-12,-0.013176176806898655,-0.017196877065804538,0.0,-0.004080580187795448,-0.010800011512709698,0.0,0.0,-0.031965992843170365,-0.003153812965428715
2011-04-13,0.00376334922687911,0.004839508962417478,0.0,0.00030615536685833365,-0.00018912137174406302,0.0,0.0,0.002995033330927063,0.004800340565221495
2011-04-14,0.009771330074111902,0.003411846790494861,0.0,-0.006317841539753146,-0.0016591145456656547,0.0,0.0,0.001194976168405861,-0.004017243634011014
2011-04-15,0.00873803792502123,0.007534068861029084,0.0,-0.0034614655469379016,-0.00047045548808598395,0.0,0.0,0.0061158156286145226,0.001308106053625746
2011-04-18,-0.00176542873789486,-0.0106209595318534,0.0,-0.0022078596083154817,-0.004079931154657699,0.0,0.0,-0.01618456590220046,-0.0034843967064873693
2011-04-19,0.0019881080615889095,0.0002444541344294742,0.0,-0.00026175896827218233,0.0026436805532503846,0.0,0.0,0.007221332258235812,0.0034965801789468287
2011-04-20,0.00944155267906298,0.017731285268852304,0.0,0.0017700186979013842,0.002712249718306421,0.0,0.0,0.0013169352441829325,0.0038110678840534984
2011-04-21,0.004487549173647709,0.0073027540022838336,0.0,0.0018019603868057593,0.0007405937006884753,0.0,0.0,-0.001,0.002386684527172056
2011-04-25,-0.0024637010566385307,-0.0021861327437475136,0.0,-0.0010434749472143746,-0.0024138226793747504,0.0,0.0,0.0,-0.0010828537955897
2011-04-26,-0.00018706046352370766,0.004129387624134536,0.0,0.0003213797727775056,0.0023582824548386864,0.0,0.0,0.0,0.0022753422573849047
2011-04-27,0.009570844678565036,0.005984823240607145,0.0,-0.0032231297991577703,-0.002473122614157167,0.0,0.0,0.0,0.0006486355437054225
2011-04-28,0.0023137116417539768,-0.001994192842546316,0.0,0.001427012516880155,-0.0018703314389398964,0.0,0.0,0.0,0.00053943438407833
2011-04-29,0.009843911220042438,0.007278303361345869,0.0,-0.0014714559731943808,0.0038009492071632753,0.0,0.0,0.0,0.0023754438691974133
2011-05-02,-0.008550457909632015,-0.010854143132298308,0.0,-0.006003220556317141,-0.003855626087601992,0.0,0.0,0.0,-0.0005091379838837451
2011-05-03,-0.009952177735956661,-0.01149349536941756,0.0,0.0018715118568047907,-0.008973933930494966,0.0,0.0,0.0,0.00021599585424558754
2011-05-04,-0.014001306719347528,-0.014560109256761678,0.0,-0.0074580721342149495,-0.007518052815136993,0.0,0.0,-0.01809003909560774,-0.0003249196283890976
2011-05-05,-0.039331281222995146,-0.03790306846092981,0.0,-0.004436019722303274,-0.002736839394945978,0.0,0.0,-0.012511737986681445,-0.004120306772212867
2011-05-06,-0.0007942225649856252,0.0037853034725732547,0.0,0.00019033049669091027,-0.00010866252677093014,0.0,0.0,0.009123082612488984,0.005117511768991001
2011-05-09,0.00582495273670173,0.007647740155893725,0.0,0.003454980091486918,0.00421248762242656,0.0,0.0,0.014348952905007671,0.0023260553158958213
2011-05-10,0.005433357171310816,0.011920052135553449,0.0,-0.0006289174707153401,-0.0024961446786276277,0.0,0.0,0.007228363937795307,0.0001636152384467699
2011-05-11,-0.019205747684147217,-0.023523890649373366,0.0,-0.01004397564169541,-0.0044219204343723985,0.0,0.0,-0.001,-0.0015113931102122002
2011-05-12,0.003742346252869186,0.004275207538936469,0.0,-0.006372033683634231,-0.0018158443383718785,0.0,0.0,2.5821613770713597e-05,0.0009736481232087701
2011-05-13,-0.009364054294295274,-0.01239120439795469,0.0,-0.003569732376684718,0.0012976927816850763,0.0,0.0,-0.001,-0.004104754980072567
2011-05-16,-0.011504776861093934,-0.0067597061888404015,0.0,-0.0027691739232174935,0.0016021628555482985,0.0,0.0,-0.002380013744216652,0.0019526612957252443
2011-05-17,0.0004900621306780437,-0.0017566683251518931,0.0,-0.002689287576712874,-0.000862505632508444,0.0,0.0,0.00036717241955692287,0.0017318848650291763
2011-05-18,0.011656267190464097,0.012288662084636878,0.0,0.007962862381610097,0.0006831653004277223,0.0,0.0,0.016421105845773783,0.0011886773027112163
2011-05-19,0.0009237149358194754,-0.001385663872762127,0.0,0.0002445886799764284,-0.0005692731771646216,0.0,0.0,-0.001,-0.0004318275303695218
2011-05-20,-0.005638996265549631,-0.0037504227022971876,0.0,-0.0017025207276979532,-9.408712852471195e-05,0.0,0.0,0.0,-0.0007557648562350749
2011-05-23,-0.014227790206908652,-0.012564582441287754,0.0,-0.002023678800934795,-0.0008552900718356058,0.0,0.0,0.0,-0.004754614668786572
2011-05-24,0.0023362238846201945,0.0074213260940785486,0.0,0.0002333808990784094,0.000843059591105773,0.0,0.0,0.004754741395020524,-0.0016288572673803792
2011-05-25,0.007335249962857547,0.010569681443214683,0.0,0.0051796239098208935,0.0010715568318178238,0.0,0.0,-0.001,-0.005066362233689268
2011-05-26,0.008594961416146922,0.009032872468892873,0.0,0.0017519687532619613,-0.0002969468639763489,0.0,0.0,0.008107292535461951,0.004722000295224843
2011-05-27,0.006120766007545398,0.005672168764564787,0.0,0.001952501332328833,-0.0014649352901349223,0.0,0.0,0.005065023366310097,0.003225887793076554
2011-05-31,0.01417147968853938,0.011620106592842936,0.0,0.0006894760201987941,-0.0003349076585021001,0.0,0.0,-0.001,0.001341903313101728
2011-06-01,-0.02602303581231686,-0.02270636136032846,0.0,-0.01106552494939233,-0.001265743546846381,0.0,0.0,0.0,0.009415815317616306
2011-06-02,0.0007594776527092906,-0.000495413927610102,0.0,0.004080280349903741,-0.002493904967348623,0.0,0.0,0.0,-0.013339295345483927
2011-06-03,0.0029485320083743644,0.00395242078935366,0.0,-0.001136213698016904,0.0031741387864870304,0.0,0.0,0.0,0.005418066670143107
2011-06-06,-0.013304134233591237,-0.01335964363308093,0.0,-0.0030423168374990915,-0.0016028441466430607,0.0,0.0,-0.0174438918966473,-0.004320038944864995
2011-06-07,0.00975781298836568,0.01002340297034582,0.0,-0.0005424219636719939,-2.206229983431598e-05,0.0,0.0,-0.0005527795763259791,0.002851693235367653
2011-06-08,-0.002394497895029413,0.0018435113806694423,0.0,-0.005226005803758862,0.005166778207847489,0.0,0.0,-0.006875804061046402,0.003657386365283
2011-06-09,0.0003686172095852851,-0.0033539221262955748,0.0,0.000745424802888332,-0.00093936847787493,0.0,0.0,0.002017937932665,-0.0008671586573610059
2011-06-10,-0.014060359703482935,-0.018647155000503075,0.0,-0.0003642159443510251,-0.0015636201942084249,0.0,0.0,-0.015096939045944642,0.0019209354011569817
2011-06-13,-0.005838035205890096,-0.0011329113766240324,0.0,-0.0026454981317010125,-0.004691998564701184,0.0,0.0,-0.0013507052303608493,-0.006726211141672128
2011-06-14,0.009458894342600383,0.011114538824848669,0.0,0.004431254643519858,0.0007105807284136147,0.0,0.0,0.016177924771670776,-0.007686694816347567
2011-06-15,-0.016279488070589425,-0.020945711596814416,0.0,-0.0027465760564109047,0.0020442805445713506,0.0,0.0,-0.001,0.012871887760989275
2011-06-16,-0.0017340132021545734,0.002894133417120762,0.0,-0.0023876780727704605,3.5491766411652095e-05,0.0,-0.001,0.0005271272986663309,0.0025994972324720426
2011-06-17,0.0013196279447237164,0.004213422516029347,0.0,-0.002511776180850735,-0.0024710970776539052,0.0,0.0,-0.002574448975536603,-0.0007920541959979934
2011-06-20,0.001568428890189556,0.005130423838427541,0.0,-0.0009734911718660744,0.0020412962035533206,0.0,0.0,-0.001,0.0010143423583832355
2011-06-21,0.004550771995122729,0.006308236060250104,0.0,0.008483317561180165,-0.0038308480416371585,0.0,0.0,0.0,-0.0011774814848468152
2011-06-22,-0.0031061879438895497,-0.0006908818858990348,0.0,-0.0008497710990095909,-8.632024972895743e-05,0.0,0.0,0.0,0.0009374887443624801
2011-06-23,-0.013178570506087808,-0.01884882459638006,0.0,0.003002363121039898,-0.0001390004334132485,0.0,0.0,0.0,-0.0011657121719733932
2011-06-24,-0.005199623909648495,-0.008014510588072886,0.0,-0.0010380144774415868,-0.0021411106045135754,0.0,0.0,0.0,-0.007644105957850166
2011-06-27,0.004169263879003609,7.575668001973198e-05,0.0,0.000277763709737558,-0.0024415568328498933,0.0,0.0,-0.004623675640655799,-0.010182420978649177
2011-06-28,0.013435351849763185,0.005800876427945505,0.0,0.0012176713034337148,0.004054014321779821,0.0,0.0,0.0034996897040917574,-0.004008032116462512
2011-06-29,0.010507770544770987,0.008471401613519457,0.0,0.004105480103897915,-0.006530914240689444,0.0,0.0,0.006427702046695627,-0.0020659854642766486
2011-06-30,0.0007610628188643163,-0.0024410898271990515,0.0,0.0017945305001863371,-0.0009837267796044419,0.0,0.0,-0.005699975985986086,-0.0038408456857483893
2011-07-01,0.010956325231147075,0.012070559355826654,0.0,-0.0019513723884460035,-0.0017972609299739487,0.0,0.0,-0.0025521625825496806,-0.0036047416583100786
2011-07-05,0.0044138895237174555,0.0050829882845816726,0.0,-0.00269390741557568,0.0005757378051967112,0.0,0.0,0.002242771848204539,0.007978220663714218
2011-07-06,0.0036794063413743507,0.007128147524863819,0.0,-0.0012623231164209377,-0.0008667821155829219,0.0,0.0,-0.001,-0.001561713327216328
2011-07-07,0.015557544310496933,0.007307896245502539,0.0,0.0011690899868466165,-0.0029927576464205954,0.0,0.0,0.0,-0.0033652949813362124
2011-07-08,-0.0029366091423485654,0.002767327359155558,0.0,-0.0033823421745299287,0.0009278100058199563,0.0,0.0,0.0,0.01177393026129816
2011-07-11,-0.0161835399155703,-0.0048671208234490814,0.0,-0.003914394125377196,0.0012991488137129557,0.0,0.0,0.0,-0.011838611895510052
2011-07-12,0.0017772808892239963,0.005639887136345538,0.0,0.0004701348958096596,0.0007272360436932305,0.0,0.0,-0.009128458983356385,0.0029406045561207643
2011-07-13,0.003402736803336716,0.0003070619672059024,0.0,-0.0022674509988049873,0.00030422259288881285,0.0,0.0,0.005487758788270904,0.004945822959174295
2011-07-14,-0.006323546493085602,-0.0026375990774827767,0.0,0.00014306679908637906,0.0019358240871128608,0.0,0.0,-0.010719423070926102,-0.008367610547982674
2011-07-15,0.006300512181547479,0.006971355496783567,0.0,-0.0016149848200569619,0.0030961714778767048,0.0,0.0,0.0058470464116833825,0.002577667788492344
2011-07-18,-0.010500752769414987,0.002549555591329383,0.0,-0.0030898527145729786,0.0030645114111485646,0.0,0.0,-0.014929984238940949,-0.0031961782036513233
2011-07-19,0.0024518721731619916,-0.0028095390065694717,0.0,-0.0034208919931862803,0.00021017727413197271,0.0,0.0,0.021281483519303774,0.0092431092655208
2011-07-20,0.003932919882599216,0.008117338113938267,0.0,0.005098193331781964,-0.0055474442731260985,0.0,0.0,-0.001,-0.004610839641283688
2011-07-21,0.00382162117317211,-0.0011997455385602577,0.0,0.0033696393741112973,-0.0019310343005620669,0.0,0.0,0.0,-0.007676277934529402
2011-07-22,0.005260542634230853,0.0069218743361628985,0.0,-0.0063909734721476095,0.0018610262021175896,0.0,0.0,0.0,0.007825787500556913
2011-07-25,-0.0016440653207050297,0.000801143165887839,0.0,-3.5372055348688075e-05,-0.001752127893507561,0.0,0.0,0.0,-0.004370782881577374
2011-07-26,0.0033879800391273616,0.0024630842662565298,0.0,-0.004773526068210945,-0.0009355067738288508,0.0,0.0,0.0,0.005403887437215815
2011-07-27,-0.01095881698015745,-0.01200867994958623,0.0,-0.001266506579809283,0.003189875244428736,0.0,0.0,0.0,-0.0012189221779519254
2011-07-28,-8.312845925108401e-05,0.0007376474471291633,0.0,-0.0008628971049919378,-0.0017566866568813624,0.0,0.0,-0.0026258431675892915,0.002735362690430543
2011-07-29,-0.00016427526370402308,0.0026829642300664207,0.0,0.001946131485201235,-0.0022959015074185294,0.0,0.0,-0.006324204322817376,0.015020389265737732
2011-08-01,-0.003062437256969364,-0.0071061490380902,0.0,-0.004036934907514125,-0.002027932205499263,0.0,0.0,-0.004449058777330685,0.005299644441993318
2011-08-02,0.0055242596062122775,0.02536758927292256,0.0,-0.0037226165706918564,0.005719737229244033,0.0,0.0,-0.02546950575284746,0.0279497636270436
2011-08-03,-0.0014680568637615355,0.0005193684888776513,0.0,0.0020267914685123695,-0.002301141411112252,0.0,0.0,0.0010548249353149106,0.0012152249345025346
2011-08-04,-0.022148732656381544,0.00950704904078204,0.008518699845864723,-0.0019474368499460804,0.010733744528276079,0.04373342210788059,0.0,-0.05577697191137923,0.021285723934287997
2011-08-05,0.003998564586110693,-0.0077639540607018585,-0.0077639540607018585,-0.002730315637673039,0.009792482082777918,-0.0006702153550214862,0.0,-0.001,-0.016336329367502112
2011-08-08,0.0023520539427272086,0.03251177478262209,0.03251177478262209,-0.015307605477213292,0.018182771045360483,0.057853480545384195,0.07272846670739158,0.0,0.03213863285898262
2011-08-09,0.007990332979631953,0.006787645009463565,0.006787645009463565,0.015472114984115876,-0.015570542146984041,-0.04058446467616615,-0.049487145331024385,0.0,0.005091027937241388
2011-08-10,0.019412519023521698,0.03322401015164413,0.03322401015164413,-0.010702354097271808,0.007831568608459107,0.042191847294855145,0.06024541691306917,0.0,0.03173236178008798
2011-08-11,-0.004721315839094887,-0.03277752427082639,-0.03277752427082639,0.007109968253148734,-0.005289147623241884,-0.04605338975591962,-0.02038527510225624,0.0,-0.04047055947282667
2011-08-12,-0.0019720124868446774,0.00344236526884368,0.00344236526884368,0.0018468829303366033,-0.0003809406826473065,-0.003445170216294291,0.003576341127922933,0.0,0.011273041373325809
2011-08-15,0.011745770896804885,0.0037133395480606797,0.0037133395480606797,0.001197056710652207,-0.0012117752918128747,-0.01754023538672786,-0.02827096421742692,0.0,-0.002819126462914984
2011-08-16,0.0053923822763819644,0.013633034666990233,0.013633034666990233,-0.007710665486685748,0.008202823978496584,0.0099595592102944,0.011363636363636354,0.0,0.01507930852746716
2011-08-17,0.0032144149948084067,0.007641412000796581,0.007641412000796581,-0.0012390439680512782,0.002171651775251217,0.003821351410084695,0.00997876857749469,0.0,0.01238726618854189
2011-08-18,-0.0031196918800018045,0.01944032431297188,0.01944032431297188,-0.01590633332178764,0.019026988261060123,0.04077483647347496,0.10338606716625032,0.0,0.01997174118295386
2011-08-19,0.010912819332274906,0.010898509983108127,0.010898509983108127,-0.006164281894019088,0.006117107086530849,0.01585642780709414,0.025241490340386363,0.0,0.009636144681654057
2011-08-22,0.016673160441124733,0.01542912388674423,0.01542912388674423,-0.001646594882588993,0.0011765659349787577,-0.00140666679572789,0.015216201423097986,0.0,0.007387530536888165
2011-08-23,-0.016234723854491012,-0.02953405089573667,-0.02953405089573667,0.006033594381618822,-0.0068523982375874055,-0.032846170623066995,-0.023903112716455954,0.0,-0.022086890439863158
2011-08-24,-0.020144691420550566,-0.03187869232988509,-0.03187869232988509,0.003989594068015722,-0.002666932438561366,-0.014267175549323958,-0.01015285060805532,0.0,-0.030338201637726082
2011-08-25,0.0011109109703175612,0.006621853201701502,0.006621853201701502,0.0026927496015644575,-0.0018898236912297693,0.014780184815328846,0.0103063432410887,0.0,0.008480734313081606
2011-08-26,0.02214690250487369,0.022024768219624177,0.022024768219624177,0.007269868448822403,-0.006792119529098972,-0.014058165416439887,-0.00842445882615489,0.020341759922205334,0.01679017592730292
2011-08-29,-0.004746916203218306,-0.017818067624837168,-0.017818067624837168,0.00672550627884861,-0.008023045548746433,-0.02634460866982738,-0.03143797525819997,-0.014985999800420258,-0.016047109924162604
2011-08-30,0.01971099789930458,0.024431909406129965,0.024431909406129965,0.00032182405341936535,0.00031042776804165117,-0.0014105552134891285,0.005994913406806357,0.02381597586664301,0.020935820980919714
2011-08-31,-0.002542659186567528,-0.010940773659627395,-0.010940773659627395,0.0021256511632705335,-0.002207263509088277,-0.0051485683147070305,0.0008975586404978975,-0.001,-0.012741789061483783
2011-09-01,-0.003739889481800849,0.008986502642542547,0.008986502642542547,-0.007514192084417943,0.0055053971020974524,0.01215028610458858,0.006331382152669929,0.0,0.01407372407509907
2011-09-02,0.008759350765343989,0.03111858897857061,0.03111858897857061,-0.009794644554582182,0.010818923924461479,0.026087780889266388,0.02518579686209743,0.0,0.03168286782631741
2011-09-06,-0.0022270094809322986,0.003538500562967919,0.003538500562967919,-0.004992760248155808,0.004701401341712888,0.004854209331173332,0.014824797843665749,0.0,0.0061097083743617275
2011-09-07,-0.009961137948074735,-0.02599116849897902,-0.02599116849897902,0.010749457789797462,-0.012720012642231195,-0.02595000752135885,-0.01816099476439792,0.0,-0.0235446935101589
2011-09-08,0.009246509261699098,0.018333777978282687,0.018333777978282687,-0.00692848887796376,0.007028734434697987,0.008665217624918498,0.008149405772495788,0.0,0.015178028530883247
2011-09-09,-0.011899539174330587,0.000931272239067133,0.000931272239067133,-0.0033572371784265052,0.0038167007666155962,0.022560550988163498,0.04761109254928164,0.0,0.0047959262599635965
2011-09-12,-0.012275291463149008,-0.011768536899310173,-0.011768536899310173,-0.0005973177787192536,-0.001202525301431101,-0.007824786011802582,0.004881025015253226,0.0,-0.007119968623853778
2011-09-13,0.0018471887599554012,-0.0016462745434947716,-0.0016462745434947716,0.0033385890242083028,-0.0018543270513067223,-0.010450945457488443,-0.005438066465256797,0.009584678420606951,-0.005546079797378873
2011-09-14,-0.003823441046035941,-0.0008611352077362364,-0.0008611352077362364,0.000877778145800009,-0.002528979592747997,-0.010963293161906591,-0.01318468743636736,-0.007449236150323779,0.0028958801940793485
2011-09-15,-0.0042177099969107,-0.015625758823613826,-0.015625758823613826,0.0025304259554105833,-0.005711599775959267,-0.016109524765486535,-0.025044442120673416,-0.001,-0.01548700382860862
2011-09-16,0.004004009448732685,0.008400555274745996,0.008400555274745996,-0.004858395458887518,0.0031641819175474645,-0.004798302409323541,-0.010017613386173518,0.008346358600104131,0.007996438344425184
2011-09-19,-0.013415984469278096,6.633786288380437e-05,6.633786288380437e-05,-0.008274517291804935,0.006278922112409775,0.007808239159399377,0.016906313188047584,-0.015451918647760743,0.006984437076088074
2011-09-20,0.005611134137984605,0.009029670475479937,0.009029670475479937,-0.0031879955560788023,0.007475891232193078,0.002397098734940928,-0.0005433010974681962,-0.001,0.0077159595456520735
2011-09-21,-0.01407749222160366,0.009924172031049014,0.009924172031049014,-0.011000872475977235,0.01230610081068777,0.02678275982410492,0.027140215381268318,0.0,0.017144276977545704
2011-09-22,-0.01552489268640112,0.008962998911942566,0.008962998911942566,-0.010273202870226265,0.010725094914181959,0.03283462243835585,0.05045398266611634,-0.027153542150526788,0.015277168150218737
2011-09-23,-0.03490735880850827,-0.0326005450365279,-0.0326005450365279,-0.005971719676922847,0.0030992736613170845,-0.009108495051972983,0.005154639175257714,-0.05471753820180614,-0.031240718695584264
2011-09-26,-0.010512139503125892,-0.010757938531791028,-0.010757938531791028,0.009745465369602007,-0.01378575499475818,-0.01918137357052743,-0.017393320964749548,-0.013892372830456634,-0.015298674682516894
2011-09-27,0.008032752943921109,-0.01061172368733291,-0.01061172368733291,0.00375359267872716,-0.004092645928478272,-0.011568958448029472,-0.009466602594906282,0.01935526726943304,-0.0031760197973839336
2011-09-28,-0.020514892667684057,-0.010667574606225924,-0.010667574606225924,-0.010313887177082487,0.011049383560870062,0.01619430784245586,0.03193573667711602,-0.027454420270526025,-0.009831462030824589
2011-09-29,0.003514975371967743,0.0019821364003313395,0.0019821364003313395,0.006032178127865244,-0.000316069306083867,-0.0003469035037485975,-0.008747697974217317,0.009473791550213662,0.007814999107479858
2011-09-30,0.004903166042511327,0.014767778396058943,0.014767778396058943,-0.009133548270650332,0.011089438352622293,0.025356767229033773,0.036644798500468645,0.010638278566518135,0.017125924383309767
2011-10-03,0.01692455214864414,0.01762896308046135,0.01762896308046135,-0.003661859712716921,0.004484243845954564,0.027562591526232853,0.0324397485155431,-0.001,0.024309852772531913
2011-10-04,-0.012601685939104339,-0.008678423003943767,-0.008678423003943767,0.015538076411763605,-0.016203166903665044,-0.020025213660229156,-0.03485034850348506,0.0,-0.015461482225356128
2011-10-05,-0.0006135237036153808,-0.005588056518001457,-0.005588056518001457,0.009032494511753836,-0.010587920802416257,-0.019939001314017303,-0.025517849272807425,0.0,-0.0006384127694659576
2011-10-06,-0.0027918969496877007,-0.012359093248357619,-0.012359093248357619,0.0035076736878450823,-0.005702689318821437,-0.017522030899009854,-0.008359650752368553,0.0,-0.009736896675234807
2011-10-07,-0.007681104332867885,-0.006216484251265841,-0.006216484251265841,-0.006339678400930913,0.011935297099534664,0.0048195059185626886,0.009068581144908383,0.0,-0.007658871744419554
2011-10-10,0.011695805788971137,-0.012204497670070273,-0.012204497670070273,0.007873457446666657,-0.013336252842953684,-0.030556069313674064,-0.0362776025236593,0.0,-0.00018761795214508083
2011-10-11,-0.0029844830308474995,-0.005581864867892197,-0.005581864867892197,-0.001988872730301315,-0.004149784423209489,-0.0037062949925758147,-0.005952380952380931,-0.004345546846217906,-0.004682716850881041
2011-10-12,-0.0007415760888599472,-0.007659796007546786,-0.007659796007546786,0.00316754825163146,-0.00815516501510561,-0.00867228659485229,-0.033765313354257365,-0.014545772291911008,-0.006950150349549451
2011-10-13,0.002703823985351682,0.004390111503089636,0.004390111503089636,-0.003877496383371336,0.0061416368244487105,0.00019615985944004843,-0.0009771986970684154,0.009956451049997872,0.004413644544849821
2011-10-14,0.0015728419986993144,-0.008169478101564766,-0.008169478101564766,0.0006001929069063531,-0.007636958806581078,-0.0172277073230728,-0.02910139251523064,-0.014528349497975102,-0.007071296622758783
2011-10-17,0.0006102654505670072,0.009989509307171199,0.009989509307171199,-0.006896983104847556,0.010855636346231124,0.01735395279908797,0.05284740672288324,0.017287612351311932,0.009566203946643355
2011-10-18,-0.0018441475678915408,-0.004524876991019567,-0.004524876991019567,0.011033938995184829,-0.014674968538703662,-0.01555726307832846,-0.01974508984538237,-0.001,-0.005715605288669578
2011-10-19,-0.010001731119119771,0.0006723534388090839,0.0006723534388090839,0.007891934086674365,0.007928419860607753,0.012344623221248319,0.03409832499456167,0.0,-0.004486157895937181
2011-10-20,-0.009355706159178048,-0.004334322663320068,-0.004334322663320068,0.0035455176710715896,-0.003973571630806857,-0.0017803662055966066,0.004785663374401783,-0.014135615868301143,-0.00922597097013771
2011-10-21,0.0032344348879873247,-0.005761663775588483,-0.005761663775588483,-0.001035819876393178,-0.0028004754856896506,-0.015787565886094077,-0.027332324760463933,0.011092095788866496,-0.002996418500715842
2011-10-24,0.009026206505978743,0.0004616750641801262,0.0004616750641801262,0.004611197925853405,-0.012431550394649023,-0.013260236145477689,-0.0005,0.009403209377038424,0.004382716859968272
2011-10-25,0.016591485530267878,0.016050604250281455,0.016050604250281455,0.009735939445001911,0.006574665977871871,0.020194180654849715,0.0,0.023415231745349763,0.026453431751480003
2011-10-26,-0.001849182161925229,-0.012016499292574109,-0.012016499292574109,-0.00038776141352861416,-0.006626976420063937,-0.007590834265427149,0.0,-0.001,0.002283462188905629
2011-10-27,-0.0011513753469115705,-0.020070874054689863,-0.020070874054689863,-0.0005,-0.014478437165882686,-0.032344686452305586,0.0,0.0,-0.01953715663326612
2011-10-28,0.003298448712710155,0.0067809036726263275,0.0067809036726263275,-0.0015422462185558166,-0.004945809901707787,0.00053357301585617,0.0,0.009516783202102697,0.006980392846978445
2011-10-31,0.0008430465160671553,0.019531064570554566,-0.0009999999999999998,0.007362358177971637,0.014698369331285599,-0.001,0.0,-0.001,-0.01132115246247045
2011-11-01,0.007269689327571114,0.022669081752740208,0.0,0.005662414274509726,0.006787376935967117,0.0,0.0,0.0,0.019842058699250875
2011-11-02,-0.0016488516549817045,-0.005151417712278372,-0.00614355521940801,-0.005119181096122749,-0.006065099049824578,0.0,0.0,0.0,-0.0045951363609241305
2011-11-03,0.00013601284016637416,-0.0017345488720235808,-0.0017345488720235808,-0.006870883929106116,-0.00299109387825997,-0.019160981795415588,0.0,0.0,-0.0034196413135967494
2011-11-04,-0.003271356731436836,-0.0014803671778091708,-0.0014803671778091708,-0.001308834213425389,0.0017779837962184253,-0.001,0.0,0.0,-0.0009911876215080774
2011-11-07,0.014318469323131912,0.013244006670090618,0.013244006670090618,0.0032220920052936468,-3.891372311194279e-06,0.0,0.0,0.0,0.012590221317301586
2011-11-08,-0.007208817217156604,-0.010998069409962362,-0.010998069409962362,-0.0012402464764452816,-0.0035729051243061772,0.0,0.0,0.0,-0.011218554134604014
2011-11-09,-0.0015428098553728505,0.008078421909342885,0.008078421909342885,0.007562547293209986,0.012618173384936208,0.0,0.0,0.019741049380318842,0.010536963530550366
2011-11-10,-0.0092793460452558,-0.01145129847468377,-0.001,2.8055022239713897e-05,-0.0018681170621948004,0.0,0.0,-0.001,-0.011576975681421103
2011-11-11,0.0015398739792745688,0.0029718170158541447,0.002030137074348379,-0.0036601232333422088,-0.004590675993092944,0.0,0.0,0.017962726745362666,0.0018008253417120144
2011-11-14,0.0012491967554788758,0.006877159130431481,0.006877159130431481,-0.0002220810779420962,0.0010206015522282415,0.0,0.0,-0.001,0.00892511068147941
2011-11-15,-0.001304925791642951,-0.00037165323646851816,-0.001,0.00018184711294634494,-0.001071628714813567,0.0,0.0,0.0,-0.0005619302592330734
2011-11-16,-0.0023352974297363755,0.0008511755059130387,-0.0001010414298075633,-0.0013554970896912885,0.00474840545788312,0.0,0.0,0.0,0.00219193036541685
2011-11-17,-0.012609854870273034,-0.005079599540465007,-0.005079599540465007,0.00011300577391340342,0.0074772858277425015,0.0,0.0,0.0,-0.003785079766479336
2011-11-18,-0.0013067956256221254,0.0006419336110033979,0.0006419336110033979,-4.777734936772869e-07,-0.001329079672940553,0.0,0.0,0.002111843175815032,0.0009257174831830749
2011-11-21,-0.008936682563297058,-0.00387266436670934,-0.00387266436670934,-0.0008572909297028808,0.0037890869445329667,0.0,0.0,-0.024579377384584156,-0.004735984454829522
2011-11-22,0.007450782020720075,0.005855231716079611,0.005855231716079611,-0.00124680063263366,0.0014544155333421577,0.0,0.0,0.0110703214592891,0.011130346068474527
2011-11-23,-0.00027755892254197403,0.005308590145931242,0.005308590145931242,-0.002078299862716848,0.004169368009127336,0.0,0.0,-0.0029036097914703074,0.0053557086403135945
2011-11-25,-0.010732942069121837,-0.012952641872687177,-0.012952641872687177,0.0007767380412737061,-0.0004322225593827007,0.0,0.0,-0.00867565321048791,-0.012475315717775987
2011-11-28,0.005207210585195614,-0.0012134027906100513,-0.0012134027906100513,0.0064529337793173824,-0.004823925326824357,0.0,0.0,0.01976750983463549,0.006595764796704512
2011-11-29,-0.003101989364288037,-0.006387318978943002,-0.006387318978943002,-0.003938887518091293,0.0014979774995030463,-0.0020333706906520525,0.0,-0.001,-0.004804108337915447
2011-11-30,-0.0016452143455838674,-0.004486681221211349,-0.004486681221211349,0.030154878680830943,-0.012940775738417684,-0.03655575619576125,0.0,0.0,-0.003334348597579773
2011-12-01,-0.0026577411809073537,-0.004352260453753777,-0.004352260453753777,0.00044120571388504295,0.0011065566238521868,-0.0025996576908931587,0.0,-0.006017787133675733,-0.004290186776355625
2011-12-02,0.0065160379380328915,0.009470213714275784,0.009470213714275784,0.007091116636506167,-0.006069647172916666,-0.001,-0.0005,0.014017546158747729,0.003669127134824148
2011-12-05,-0.004901162465439535,-0.006229004861859886,-0.006229004861859886,-0.005839615405183574,-0.004115963493686823,0.0,-0.0005,-0.001,0.005637265645811018
2011-12-06,-0.0031239451771630246,-0.005135159594459863,-0.005135159594459863,0.001731838337644454,-0.001050841400572593,0.0,0.0,0.0,0.004462478764642341
2011-12-07,0.004893109677873857,0.004767804179062702,-0.0009999999999999998,0.0038546535210832733,-0.0032005050179936896,0.0,0.0,0.0,-0.0031899055312615276
2011-12-08,0.0005771084367409233,0.0011517487575895052,0.0,0.004063476299535796,0.00962551186682252,0.0,0.0,0.0,-0.006512077113494885
2011-12-09,-0.009288983472989626,-0.013348516072241915,0.0,-0.001,-0.0030516684392469665,0.0,0.0,0.001530414385808033,0.008625751593185349
2011-12-12,-0.0016638471017543532,-0.002751617834259445,-0.003649181906696032,0.008625701937494512,0.006823924990972443,0.0,0.0,-0.026502335126668997,-0.005359491752512713
2011-12-13,0.0004997239130955524,0.005831763694902504,-0.001,0.007786820083085904,0.004424611557031729,0.0,0.0,-0.021853252823497593,-0.0037828992525399396
2011-12-14,0.0026184783658238934,0.011366163932257383,0.010382094115144659,-0.007110547537891975,-0.0003750312477910295,0.0,0.0,-0.030520815313762915,-0.0017260465747341858
2011-12-15,-0.0023966488302532723,-0.002298776010536371,-0.002298776010536371,0.0034024416184419426,0.0030293115585822384,0.0,0.0,-0.001,0.003572449022931412
2011-12-16,0.00941280294400692,0.008255271693571722,0.008255271693571722,0.0022564156426633794,-0.0038602820772489404,0.0,0.0,0.0,0.004710496318545143
2011-12-19,0.005937426194538901,0.007966129411960149,0.007966129411960149,-0.007082855211786409,0.00510206850554054,0.0,0.0,0.0,-0.0012581443835082418
2011-12-20,-0.011899127601732923,-0.017000088526364872,-0.017000088526364872,0.006301807121833521,-0.009348466427242585,0.0,0.0,0.0,0.012477090602354135
2011-12-21,-0.006497008747422278,-0.008589751563096151,-0.008589751563096151,-0.005885155232953839,0.0006398685823606869,0.0,0.0,0.0,-0.010639892466645467
2011-12-22,0.0008702151239133917,0.0027268216512122863,0.0020774842521977793,0.0035642788533024935,-0.007144982794376927,0.0,0.0,0.0,0.0018335897115882033
2011-12-23,-0.005626190860413314,-0.0078120871512679674,-0.0050010844021030594,0.004468954412354548,-0.0006855102636554032,0.0,0.0,0.0,0.0046047085924434406
2011-12-27,0.0002485336947366044,0.0027685710957200014,-0.001,0.0010196982584381121,0.0037034098280041426,0.0,0.0,0.003750381847062224,0.003991484359048725
2011-12-28,0.006192507868750372,0.01253390041419948,0.0,-0.005234799583251123,0.006973675402955747,0.0,0.0,0.01848821662946243,-0.004704125868048803
2011-12-29,0.0007267075353621859,0.0015233624548890467,0.0,0.000657285914507837,-0.0036647340171823755,0.0,0.0,-0.001,0.005964768434628009
2011-12-30,0.004268297579597992,0.003356701420988874,0.0,0.0018762165193404621,-0.0013162421733678414,0.0,0.0,0.0,0.0005597025176462544
2012-01-03,-0.006051366595575703,-0.01063885604828707,0.0,0.00841583581533401,-0.017287439196320968,0.0,0.0,0.0,0.0032429694475644144
2012-01-04,-0.005304267226713754,-0.007624761005887718,0.0,0.00039229703976856117,-0.00359006469159478,0.0,0.0,0.0,-0.0016721869680190737
2012-01-05,0.0006693398647857775,-0.0008112571182792478,0.0,0.0002697086081684387,-0.0027286095776505436,0.0,0.0,0.0,-0.004353351439384645
2012-01-06,0.003913356865536862,0.005852672073448697,0.0,-0.0003100181292986326,-0.0009249411232380192,0.0,0.0,0.006893611741513373,-0.003139866882338027
2012-01-09,-0.0014017791377657321,-0.000815463460548845,0.0,-0.002857966577121473,-0.0014974953520176257,0.0,0.0,-0.001,0.0013497887209872328
2012-01-10,0.0010770195944070945,-0.0018445113708236024,0.0,-0.0048565237313404185,-0.007755277713178881,0.0,0.0,-0.0026876421660273478,0.0034825967408242953
2012-01-11,0.008492522432040206,0.009407271449045084,0.0,-0.0019521999533641823,-0.005171788337278205,0.0,0.0,-0.001,-0.0010081205935490445
2012-01-12,-0.0005945406318934711,-0.0017537459417828712,0.0,-0.005744764002257113,-0.0022940231414448117,0.0,0.0,0.0,-0.0013452995942927481
2012-01-13,0.004265263943199557,0.007224890696947422,0.0,0.0018963085157709249,0.002098332630682827,0.0,-0.026375633039124047,0.0,-0.001121083248673771
2012-01-17,0.0036396337673184273,0.0028269394296654583,0.0,0.0005029428315772421,-0.0007375687694778848,0.0,0.008393248626320293,0.0,0.0020214863455465526
2012-01-18,-0.004375546123494864,-0.007873694019281327,0.0,-0.0003303998116937635,-0.006520146204540454,0.0,0.035841696086879926,0.0,0.002802479417892023
2012-01-19,-0.008035950530198689,-0.009964266776724623,0.0,-0.00516783813517295,-0.004050756928047433,0.0,0.027386060940946644,0.0,0.001453157131827476
2012-01-20,-0.004342602488952723,-0.007466672726423122,0.0,0.0031746376226306156,-0.0012961089837922946,0.0,0.03000793627501186,0.0,0.0
2012-01-23,-0.0014971953111136123,-0.004282717169882368,0.0,0.001357110357740665,-0.0012303496404940082,0.0,0.02494964575868086,-0.007325833262899039,0.0034607358774816355
2012-01-24,-0.000792949830989377,0.0014768944584376803,0.0,-0.0038508104622867654,-0.0023600337417753045,0.0,-0.004989444120048425,0.0018067773078112026,0.002559005518691926
2012-01-25,0.008137271980049324,0.0011579715781629626,0.0,0.0033395439216992793,0.0005158677219179368,0.0,0.04512993968824852,-0.0024045621398427475,0.008765971548992724
2012-01-26,0.007686736657476281,0.009209282291137561,0.0,0.0014345146699070816,0.003543706038993015,0.0,-0.004070933182120928,0.013257066355153446,0.002419870461071838
2012-01-27,0.004912529156239762,0.003083660126737657,0.0,-0.004328975426200407,-0.00352518457442091,0.0,0.025109506871578535,-0.001,-0.0036211802462676745
2012-01-30,0.003344852277130771,0.007451242989235923,0.0,-0.0017590516543866685,0.0004621396077585695,0.0,-0.03161494135731513,0.0,-0.0031937646830074717
2012-01-31,0.007300175461782099,0.007628287998079013,0.0,0.0007698821547733306,0.0012058812685914791,0.0,0.001764746273265061,0.0,0.002540923873997958
2012-02-01,-0.004892420755425243,-0.007456687247657362,0.0,-0.0017030609786947075,-0.00019477706822451554,0.0,0.025396295622226228,0.0,0.00185107501142312
2012-02-02,0.0025546581308636238,-0.0007050458615800003,0.0,0.001120611350988715,-0.0023522319805755216,0.0,0.030207597085822435,0.006609144550615676,0.000663742014310964
2012-02-03,-0.01535964555257906,-0.011285555154324022,0.0,-0.00650799793676543,-0.0012931835832532205,0.0,0.05364092078184113,-0.001,0.002874277095794353
2012-02-06,0.003971599898961484,-0.004620272273908918,0.0,-0.0002797252580489863,-0.0014487590143457162,0.0,0.009891849156142829,0.0,0.00022016276716407823
2012-02-07,-0.004050133606408144,-0.008740862819707415,0.0,0.0017579317837240784,-0.0005813381165341354,0.0,-0.00731353742752594,0.0,0.001983856581436072
2012-02-08,-0.0011986893342165984,0.000883847346161035,0.0,-0.0017873329846933893,0.0005332651474739452,0.0,-0.02157609977051589,-0.00022620715614729472,0.0008797154175703703
2012-02-09,-0.004209272814602316,-0.006292210890639036,0.0,0.0007373083651453166,0.0007391737849095352,0.0,-0.05082703064529781,-0.007477446956593914,0.00043997137684659293
2012-02-10,0.005713761554438094,-0.011060254620202728,0.0,0.0016369952139076045,-0.0004123156200402831,0.0,-0.09023934619144147,0.012987699561483934,-0.008677907839211296
2012-02-13,0.0005567470985396671,0.010782715585542828,0.0,-0.002287063771733095,0.002600902952842785,0.0,0.08502022704279355,0.012558890418847012,0.002881149245988812
2012-02-14,0.0022431226441020835,-0.0005129785186198182,0.0,0.0011572001040044523,0.0009391501966941933,0.0,-0.033725580709369485,-0.0010000000000000002,0.0
2012-02-15,0.000918201513407743,-0.007559944372211718,0.0,0.002597135605924075,-0.003365402594376583,0.0,-0.05851778307228561,0.0,-0.0032042939990499786
2012-02-16,-0.004956764476202661,0.015786795968623493,0.0,-0.0012646794298030038,-0.002305702889408264,0.0,0.03644104087136135,0.014894626011776047,0.004211781207200449
2012-02-17,-0.0013605923918044813,-0.0018989572744350397,0.0,-0.0021042311864640294,0.0013489116773181206,0.0,0.014916337936904833,-0.001,-0.0003300878501450999
2012-02-21,-0.0011641733869362304,-0.0012862140080931385,0.0,-0.0033008684209049626,0.0004946332929364846,0.0,0.0007498957937757122,0.0,0.003753350177363224
2012-02-22,0.008443144352604315,-0.005959319390324909,0.0,0.0025606154453066006,-0.0013160717339157526,0.0,0.026075195208104862,0.0,0.0031897399505618207
2012-02-23,0.0007027520074973409,0.010034259879177686,0.0,-0.0017567283208085936,0.0010970784630307772,0.0,0.06616034319460695,0.0,0.003619148924583815
2012-02-24,0.0014511824419328656,0.0012524818543521248,0.0,0.0005011870807850195,-0.0014203565221533386,0.0,-0.03821919062366219,0.0,0.003058527377984399
2012-02-27,0.003692393673327062,0.00015971422725674514,0.0,-0.00024079127613311276,0.0008835061691523393,0.0,-0.00797603711573891,0.0,0.00021808988422655773
2012-02-28,0.001370087900602364,0.0050238605388194055,0.0,-0.0016956916325327153,0.0007753429155945571,0.0,0.01019381290621868,0.0,0.001960037410619675
2012-02-29,-0.01576930624654849,-0.008520852599485415,0.0,0.000878446905015092,0.0009139069324189389,0.0,0.015633861065647237,0.0,0.0013038055955956196
2012-03-01,-0.003001527204602574,0.005844068379717249,0.0,-0.0022415113749360374,0.0011313069606527736,0.0,0.019451433073842006,0.013121415904973177,0.0017137727311851148
2012-03-02,0.005044342041163593,-0.0017743272309281672,0.0,0.00018323598375101242,-0.0010529476905058951,0.0,-0.0067261204397086605,-0.001620576624883352,-0.004140727884479722
2012-03-05,-0.004511706882323881,-0.007583514235791154,0.0,0.00222197479899134,-0.0015693969003880432,0.0,0.001934762140237023,-0.0025658833994286925,-0.0055819330467044015
2012-03-06,0.0035776670777123223,-0.012047252925387369,0.0,0.007306931940961411,-0.0012348437456181965,0.0,-0.07848279229525867,-0.01863022099170203,-0.013316766509584355
2012-03-07,-0.0025525864610412177,0.007401225604152061,0.0,-0.005008430972996802,0.003591801426908936,0.0,0.048495818164377535,0.009878882521731417,0.0027874186421552594
2012-03-08,-0.0037983780638441616,0.011559334789077658,0.0,-0.00013269788683805273,0.0013375047539252783,0.0,0.038115603891873295,0.0205408802167441,0.007786775552885983
2012-03-09,0.0013850748297602048,0.0031211111580211693,0.0,-0.0032794619772693267,0.0007409784170337417,0.0,0.02007699477399072,-0.0013638539437783072,0.0011042036944728384
2012-03-12,-0.002746028113372584,-0.0013881292556017523,0.0,0.0004626641635102134,-0.0017813760499786166,0.0,0.04529523586584738,-0.001,0.0
2012-03-13,-0.006608101139946608,0.019091605951496143,0.0,-0.010938558498545114,0.004796351190099316,0.0,0.04720139269410217,0.0,0.007276784649036472
2012-03-14,-0.013633423942962318,-0.0014248928225429618,0.0,-0.0060225042272908525,0.003251105759644192,0.0,-0.03460588256407049,-0.026196167008356697,-0.002517900884561941
2012-03-15,0.0035810000060517043,0.003321430789675858,0.0,-0.003989635412087348,0.0037407976266264774,0.0,0.013139415580004199,0.0015310065846059207,-0.003401253965202411
2012-03-16,0.0005418430520235139,0.00033473106199683074,0.0,0.0036080864676035734,0.0005481090373222654,0.0,0.002770098536581722,0.0019791255762113824,-0.003633493816192379
2012-03-19,-0.0007566159870923549,0.005500436786536129,0.0,-0.005488498963913998,0.0016437882700421546,0.0,0.061401298683134264,-0.01193617990707685,0.0037568713497091455
2012-03-20,0.00024924133866481904,-0.003528300492618079,0.0,-0.0019513490828846278,4.087379320437378e-05,0.0,0.045072727003598434,-0.001,-0.0007706318420076519
2012-03-21,0.004198378718636717,-3.244961103580354e-05,0.0,-0.002246466172324519,-0.0012133861782540572,0.0,0.04822280182055283,0.006313133368204617,-0.0031957922567296126
2012-03-22,-0.0005045074500099174,-0.005367731547084988,0.0,-0.002498917382327874,-0.001368391301688692,0.0,-0.013606934740745147,-0.0009999999999999998,0.0024321574161336734
2012-03-23,0.004027740679555209,0.00398333956418612,0.0,0.003309200978158981,-0.0016125071153697186,0.0,0.06984897239552312,0.008330182897672154,-0.0020946072121489356
2012-03-26,0.008031173364466205,0.018892734393616155,0.0,-0.004443445211754266,0.0015930180647060021,0.0,0.09506754809126172,0.011097962734637937,0.006077145209344881
2012-03-27,0.0019182625220485747,-0.0022339150353844726,0.0,-0.0007222606167530424,-0.0032865481542915355,0.0,-0.0983086072558742,-0.010786272130471054,0.0017572524283215873
2012-03-28,-0.0042596052097967135,-0.0047852387522693395,0.0,-0.004857565413830099,-0.0003502265772266321,0.0,-0.012643810215703377,-0.012487987721960914,-0.0032891024122880808
2012-03-29,0.0011745707520289487,-0.00347144536060106,0.0,0.0019028229563572583,-0.0029752376565680993,0.0,0.006087979967372981,0.0,-0.00010988992089466798
2012-03-30,-0.006864163742214758,0.0015593739622823605,0.0,0.0018601502468408256,-0.0019084612514159466,0.0,0.023787155092260814,-0.001,-0.001980227598528228
2012-04-02,0.0073939668880648665,0.00994043327217869,0.0,0.0016124511726288038,0.00038498391170930065,0.0,0.0008152637653509043,0.0,0.0017188344580727488
2012-04-03,-0.010504665697350986,-0.002899543807914782,0.0,-0.002915139686668087,-0.00157192919529302,0.0,-0.017717115161287378,0.0,-0.0008856970030642897
2012-04-04,-0.004359312171637349,-0.01450974345213818,0.0,0.00032769258427926563,-0.003691689905953009,0.0,-0.023530675274561763,0.0,-0.003656229089249008
2012-04-05,0.005067568311782411,0.0006542180849741733,0.0,-0.004463145634147729,0.0014563073279436976,0.0,-0.0228237151394568,-0.006999261659517807,-0.0024470675305494627
2012-04-09,0.008901462704859617,-0.009060672423254482,0.0,-0.0024545603845184958,-0.0009994790210652745,0.0,-0.060836566190735075,-0.004338134573623309,-0.005128003109903356
2012-04-10,0.0009807242070581155,-0.018598344397215624,0.0,-0.0025058635353658277,-0.0030984390318388824,0.0,-0.08120297155440381,-0.023389978802000336,-0.004930420855246642
2012-04-11,-0.004592539481763088,0.008593585100757493,0.0,0.0009567576162487582,0.004678924772184462,0.0,0.02492765138268016,0.013210396590064028,-0.009852356992966441
2012-04-12,0.0008305472363284288,0.012510259641360546,0.0,0.008408208431696202,-0.004130425842753817,0.0,0.08807269188568334,0.016223561553600177,0.0008393271044104529
2012-04-13,0.0028992529741440403,-0.009684615524099938,0.0,-0.0016050684372879193,-0.004706417382481218,0.0,-0.0618650174266806,-0.001,-0.005216864099243155
2012-04-16,-0.0035442156233047094,0.0017673374332991423,0.0,-0.0007310813379511708,-0.0017243873264180922,0.0,0.015643839658584957,-0.0028029609577445666,0.0015579084862360482
2012-04-17,0.00410912798883972,0.013300137300702355,0.0,0.002733214386850637,0.0007986818603671973,0.0,0.05450235060375719,0.019834420417549247,0.004333961841575196
2012-04-18,0.0010229345612875597,-0.00498469765770338,0.0,-0.0009972294070963118,-0.001124202718920228,0.0,-0.0178651273920295,-0.001,-0.00033250695309683387
2012-04-19,-0.002345126493353359,-0.002914782214960449,0.0,-0.0010958595855263677,-0.00303738435376914,0.0,-0.007436237257139822,0.0,-0.0018818150271612266
2012-04-20,-0.0006335696972530939,0.004850499930451551,0.0,-0.0016517954808443437,-0.0015892630164540845,0.0,0.032618650668271076,-0.004278942338732437,0.0015532974213992023
2012-04-23,0.0014626832108818252,-0.012462729801115393,0.0,0.0033290926205693833,-0.0005331650103812921,0.0,-0.03248126076196867,-0.0009999999999999998,-0.0021038650584881413
2012-04-24,-0.004790933545395872,0.004978957135204848,0.0,0.00303862143404998,-0.0006096776320444557,0.0,0.022381200214306007,0.0,0.0023296490633712974
2012-04-25,0.0022160954127894337,0.018158069183929888,0.0,0.0026582329160268394,0.0026195007319611287,0.0,0.06251411356157988,0.02645725788720446,0.007306172476664097
2012-04-26,0.004743841372843803,0.003992054727345872,0.0,0.0019323840130045515,0.0026387898947561796,0.0,0.03377222336558705,-0.001,0.0006593145824924651
2012-04-27,0.0018939339864295975,0.0064333761553136614,0.0,-0.001954599307752416,0.00016783796344202456,0.0,0.002260131795561726,0.0,-0.0004388043143851439
2012-04-30,-0.001014210298085987,-0.0048402160642447055,0.0,0.004935167534972555,-0.0019109314895847543,0.0,-0.02244767186157859,0.0,0.0019766095955655594
2012-05-01,-0.0023826837286431124,0.006113631676940286,0.0,-0.002125234572894423,-0.0002551282936929276,0.0,0.029673839993273887,0.0,0.0007613702152582391
2012-05-02,0.003910788182799976,0.0006110203546991971,0.0,-0.001564276853635329,0.0028225528581418626,0.0,-0.007331910526311658,0.0,0.003856024543193781
2012-05-03,-0.0023814670682787645,-0.007162797331340639,0.0,-0.0026385574587861945,0.0006360040372171852,0.0,-0.021235121291950376,0.0,-0.0006579681550554772
2012-05-04,-0.00042031191113727753,-0.016686543571267757,0.0,-0.004562243600817193,-0.0031270876138980146,0.0,-0.044754261697578235,0.0,-0.001977348134410306
2012-05-07,1.4459428616056565e-05,0.004182683285478244,0.0,-0.0007267929928620608,0.0006591616066317784,0.0,0.014044314108721201,0.0022382989257296463,0.0016506072605595445
2012-05-08,0.0023434017653541665,-0.0026917782435173666,0.0,-0.0002474212919037596,-0.002902321808713619,0.0,-0.008439718618810432,-0.0034762183960481896,-0.00021912253400013793
2012-05-09,8.863976562084337e-05,-0.003175512837517052,0.0,-0.002991554585841676,-0.0017219313560860254,0.0,-0.03972063961034478,-0.010135897634343735,-0.003516740000611418
2012-05-10,-0.001789587574881016,-0.00039630548358038484,0.0,-0.0037989907321161805,-0.00295080132791541,0.0,0.03204545107754786,0.00022536381962254466,-0.0011025906215212933
2012-05-11,0.005023827255597627,0.0012147412695990456,0.0,-0.0014381815946897965,-0.0005600405893589911,0.0,-0.016075744212492693,-0.0030481598430761297,0.002538703760543104
2012-05-14,0.005670275982953922,-0.011358969946953878,0.0,-0.005586016138426693,-0.002787420153071397,0.0,-0.05908682568524104,-0.001,-0.007377643802742528
2012-05-15,0.0009820224872465458,-0.004486954348717879,0.0,-0.003521767071155526,0.004019358651567195,0.0,-0.04852523480259663,-0.006611985670978566,-0.004881652546498527
2012-05-16,0.0002247392644886885,-0.009351061131967153,0.0,-0.004385240860869479,-0.0015891147654571074,0.0,-0.03725004196166992,-0.009714828343643615,-0.0007843497073037092
2012-05-17,0.005995319314266392,-0.026143725503833492,0.0,-0.0052307259346718055,-0.005338021678233023,0.0,-0.048039432738345544,-0.019754625326612704,0.019328413945551758
2012-05-18,-0.0014443834622780032,-0.007972232854958782,0.0,-0.0007574760442805506,-0.001647763544719723,0.0,-0.06710308496213246,-0.01199534186491886,0.004165628499827068
2012-05-21,-0.0023519889860691076,0.02335909007324283,0.0,0.008317336501680185,-0.00688715915897445,0.0,0.1083332729153712,0.01728348710539493,-0.0011340025362030826
2012-05-22,-0.006168675946715442,0.0004997354819360186,0.0,-0.0002567670326400756,0.00041962881932265173,0.0,-0.04023210025835877,0.0066036112716942605,-0.013053837133783474
2012-05-23,0.00429409641662746,0.0016168262775590882,0.0,0.00530834361068007,0.0009885731956199347,0.0,0.01924136180284397,0.003960292710033999,0.0034495434902421353
2012-05-24,-0.003436517259250941,-0.0004939475056904525,0.0,-0.002550465066291034,-0.0023156831545112456,0.0,-0.0088997253171198,-0.001,-0.0029605751790308054
2012-05-25,0.002723762894220806,-0.0029203853878867624,0.0,-0.002113210592603293,-0.0015657098411549215,0.0,0.012653065376541317,0.0,0.005367755726178392
2012-05-29,-0.0002459154324877861,0.013583796147876045,0.0,0.0051363403188956856,0.0012781797622172908,0.0,0.04554614235857657,0.0,-0.005806811098146875
2012-05-30,0.013970787881337302,-0.017073010825268225,0.0,-0.0038996792834542567,-1.2622597838526218e-06,0.0,-0.0673348481665188,0.0,0.018548069698477034
2012-05-31,0.006455497917806826,0.00229356836852069,0.0,-0.000605310513468405,0.00031111106477291065,0.0,-0.019013569137470543,0.0,0.0068547808634715325
2012-06-01,0.011102813064405755,-0.025407902220108008,0.0,-0.00874398598558746,-0.008656602418515031,0.0,-0.08272471407449766,0.0,0.02900473275353664
2012-06-04,-0.006747894134773618,-0.008535417018124594,0.0,-0.005222712833823538,7.77123201043603e-05,0.0,0.042872502777936194,0.0027346909414423456,-0.005535801940457808
2012-06-05,-0.007593183587179437,0.0023800599573151043,0.0,0.0031382470941817703,-0.001814220686396405,0.0,0.01893996335291881,0.006408052003353816,-0.009095493940315802
2012-06-06,-0.009206699413363145,0.004256798613840192,0.0,0.007043717023987236,-0.005358591303130685,0.0,0.07406339015326613,0.021585143097277062,-0.01283376407190095
2012-06-07,0.0009833833570133837,-0.006727252173347855,0.0,-0.001147371310406806,-0.0016169456611471044,0.0,0.0103299789859006,-0.001,-0.005045543967427768
2012-06-08,0.0017194379808937045,0.012328751309320193,0.0,0.000946390363035577,0.003310171649376215,0.0,-0.001,0.0,0.00036510450392091
2012-06-11,0.0002761062664079043,-0.020132064123765753,0.0,-0.005503840445175185,0.0002678398577751525,0.0,0.0,0.0035520100432288046,0.004383880625383996
2012-06-12,-0.004139305752034189,0.010610693038481405,0.0,0.005372020120310761,-0.0028601778045186576,0.0,0.0,-0.009142412384399834,-0.0034644389643942843
2012-06-13,0.005002884942041173,-0.005903101468160981,0.0,-0.004104538984860064,0.0023451928770379356,0.0,0.0,0.009869725402075424,0.007891711203601548
2012-06-14,-0.0013171345331195374,0.009911695840611925,0.0,0.00014484482347055892,-0.0007175258362692278,0.0,0.0,-0.001,0.000576701887712494
2012-06-15,0.0062589920516760884,0.008761084230360627,0.0,0.0041170493508755155,-0.0019469338012230884,0.0,0.0,0.0,0.0038192862252117155
2012-06-18,0.003746935676161319,0.008702073507294504,0.0,-0.00031586514730066225,-0.0007040537313165509,0.0,0.0,0.0,0.0036963256606271865
2012-06-19,-0.004806311178600686,0.007182494218009997,0.0,0.005522503079505909,-0.002543049084267701,0.0,0.0,0.0,-0.010196772879459842
2012-06-20,0.0012344419054465215,0.0001501172210028779,0.0,-4.19851359965515e-05,0.0036114017225000604,0.0,0.04054895029821182,0.0,0.0005632150390897043
2012-06-21,-0.001331657874194038,-0.02082993684668277,0.0,-0.008285431128001808,-0.002433597033356539,0.0,-0.1203526023616206,0.0,-0.005409079021425855
2012-06-22,-0.005982826025278562,0.00542245236981792,0.0,-0.0011942530346563537,0.0008076982902285133,0.0,0.10585824615658446,0.0,0.0048114420022376
2012-06-25,0.005205834494328258,-0.013090651754605095,0.0,-0.004622091030369999,-0.0028395089527394374,0.0,-0.001,0.0,0.010030616213831169
2012-06-26,-0.0016650408518098586,0.004935598806804932,0.0,0.0016697744537861044,-0.0011420993957673333,0.0,0.0,0.004043190111545551,-0.005156832776175613
2012-06-27,0.002120653205489549,0.005115802726382964,0.0,0.0025941314276086086,-0.0070312509493656045,0.0,0.0,0.008261972883930964,0.0015102268520035933
2012-06-28,0.001022478005593955,-0.001238425635353196,0.0,0.000551763961600661,-0.004828028679551319,0.0,0.0,-0.01087701414913802,-0.0024838342312462234
2012-06-29,-0.004509940886448152,0.02838602927797487,0.0,0.005844649329033426,0.0002761100052307292,0.0,0.0,-0.001,0.0011378733563691956
2012-07-02,0.006865202960806815,0.006939969620862117,0.0,-0.0005337300182885614,0.0032739749294108654,0.0,0.0,0.0,0.006481046480823544
2012-07-03,-0.0040704516295426065,0.007080049385673537,0.0,0.0018589726041679982,-0.0022129859801431617,0.0,0.0,0.0,0.0016314220705084832
2012-07-05,0.0032947507087087834,-0.003004507149557167,0.0,3.581852765366313e-05,-9.221672020416502e-05,0.0,-0.03784700765719329,0.0,0.00011025652754348414
2012-07-06,0.004340923904895418,-0.004257508746875525,0.0,-0.0026975146841908726,0.0012698153596598506,0.0,0.006926700247711359,0.0,-0.0013165874687310897
2012-07-09,0.005110788472493392,-0.00021489945100624044,0.0,-0.0019248734612361414,-2.006699423154736e-06,0.0,0.01005402263852706,0.0,0.0003298455126450328
2012-07-10,0.00020323907213295295,-0.010408099542517492,0.0,-0.00475355091312971,0.004999098102526995,0.0,-0.027766151069682055,0.0,-0.004975510685446608
2012-07-11,0.000218920043603316,-0.0014689678494474209,0.0,-0.002955511442331201,-0.008373073306929244,0.0,0.029744607274474255,0.0013637037598083772,0.002741695418004342
2012-07-12,0.0031909362159330866,0.0040217845890513255,0.0,-0.0033180503647030546,-0.000366076113810495,0.0,-0.00962852714762863,-0.008945180614557315,0.0036844378163614915
2012-07-13,-0.0004471569711595477,0.005245503630779823,0.0,0.0024492604379149144,-0.003921485818483458,0.0,0.05854381355091132,0.013609626436089877,0.0018489711306320376
2012-07-16,0.003228190971059891,0.003059894094176446,0.0,-0.0015710410825641983,-0.0017015795856703828,0.0,0.011181019936658654,-0.001,0.0031783756324062717
2012-07-17,-0.003612650478492959,0.007225429670853331,0.0,-0.0017485623219599714,-0.004092908768952304,0.0,0.03583766631066854,0.0,-0.006788897296898006
2012-07-18,-0.00011600484470873675,0.0004992930970095554,0.0,0.006050332855707966,-0.004622534490970163,0.0,-0.010770084570516425,0.0,-0.0006042866444155692
2012-07-19,-0.0030075270755626155,-0.007853960224085528,0.0,0.0032425703963380684,-0.002476195871789281,0.0,0.022738227088680008,0.0,-0.0009102986952314097
2012-07-20,0.005700744626103859,0.0033813849726410327,0.0,-5.489964627532272e-06,-0.0009389149383863149,0.0,-0.05322657978955814,0.0,0.008603807520396446
2012-07-23,0.002329694369912738,4.5639839609868136e-05,0.0,-0.0013446754645763533,0.001036575975486369,0.0,-0.06975126503711904,-0.009344962289769887,0.0021907700159744083
2012-07-24,0.004395632504419271,0.0036359155776547734,0.0,0.004346783381484225,0.0032874647237580512,0.0,-0.03797192751609868,-0.008366895066330296,0.006239676860077259
2012-07-25,0.0003909404965654953,0.001498005558737247,0.0,-0.0013069312491164804,-0.00010851976108075524,0.0,0.009895478824655912,0.002613585288573569,0.006578150318994502
2012-07-26,-0.006908588265929804,-0.004023317595876195,0.0,0.007747337986456913,-0.0010250290717383854,0.0,0.0776174752861547,0.013259682534210445,-0.003478007117306032
2012-07-27,-0.011122110092362834,-0.009429198738306489,0.0,0.0002440771925307345,-0.0021834425193736073,0.0,0.0243155389210985,0.02240405124976288,-0.010541536711754285
2012-07-30,0.005241273724625093,0.006112942805302328,0.0,-0.002247065258252065,0.0007300279334507844,0.0,-0.02084584004342349,-0.001,0.0046124419628180485
2012-07-31,0.0013989287042415531,0.0002825209150296111,0.0,0.002132922729174611,0.00010563502224161147,0.0,-0.029642417102900387,0.0,-0.0007840800557254719
2012-08-01,-0.005444365694549601,-0.004923728349963674,0.0,-0.0037469006541110362,-0.003355352070330899,0.0,0.021625000130146566,0.0,-0.006268662084226434
2012-08-02,0.0028859397166281207,0.0043769421224282064,0.0,0.00668279607300124,0.0016784518356025597,0.0,0.022400332018206015,0.004668595591393988,0.001406012435532128
2012-08-03,-0.003045843227764881,-0.006549762491070235,0.0,-0.002053202426753926,-0.004139749563406033,0.0,0.06994973954243866,-0.001,-0.007264970748459033
2012-08-06,0.001514162193166954,-0.00019909043889217485,0.0,0.002026188874259596,-0.003547439770860305,0.0,0.022825477419435858,0.0,0.001942333422449305
2012-08-07,-0.007071366265499472,-0.012487505378085358,0.0,-0.0011453367128534142,-0.008553953363137292,0.0,-0.029295642017512113,0.0,-0.008407460097077745
2012-08-08,-0.003301790983228835,-0.004272288095124289,0.0,0.0005438828570653281,0.0010956973614069682,0.0,0.040775830770352295,-0.006324155465516567,-0.003012793883200482
2012-08-09,-2.4924183555281062e-06,0.0006953371592608285,0.0,-0.003274283888947369,-0.0030631991728272247,0.0,0.003999589159782602,-0.0007189946137224901,0.0006733962339697584
2012-08-10,0.0011451374960773787,0.003427683309736783,0.0,2.141999139320383e-05,0.00023905882251052882,0.0,0.017836136488317722,0.005037117665259938,0.0036976917514762175
2012-08-13,-0.0008528835215109507,-0.002128133051401926,0.0,-5.58796671826867e-05,0.0016635258029860452,0.0,0.027308305860409332,-0.001,-0.0037358014144923514
2012-08-14,-0.0053957774448224445,-0.009108796675499431,0.0,0.0016522176504751953,0.002007250346968978,0.0,-0.05169279878024813,0.0,-0.010735272566598241
2012-08-15,-0.003221840341166324,-0.005914837749741166,0.0,-0.0013240508753754555,-0.001109412800221901,0.0,0.00018265406386142047,0.0,-0.00800825291219729
2012-08-16,0.008310526141174895,0.008505568990755902,0.0,-0.006367998422392943,-0.00636131214057477,0.0,0.01999271885249554,-0.009520954480445099,0.0017286931973810055
2012-08-17,0.0021219866424345758,0.002103505644148259,0.0,-0.003125657244927026,0.0003349432241673451,0.0,0.026581880444598527,0.0048755553012209685,0.0
2012-08-20,-0.00034671125823780525,-0.0008885766532521245,0.0,0.0009956075760574686,0.001710734190742146,0.0,0.0007846902326054117,0.0020556987892681455,0.0012018374324287429
2012-08-21,-0.0017566849549130127,-0.0005613997309746718,0.0,-0.0003997947296732635,-0.0027412790964881843,0.0,-0.027092957448795363,0.004431887257963174,0.0021821315358083737
2012-08-22,0.0014193389644584272,0.001236324109459556,0.0,-0.0016490843537416125,-0.003414016304398975,0.0,-0.007342404124135893,-0.001,-0.0009800343138202106
2012-08-23,-0.006507305501887843,-0.0005615040133528492,0.0,0.0011346369685686674,0.0030887075055697046,0.0,-0.02083706969038257,0.0,-0.00021778610320810632
2012-08-24,0.00517970878878333,0.0012693727775926495,0.0,0.00038235430492909977,0.002367496754552599,0.0,0.039797324489842634,0.0,0.004468463061486627
2012-08-27,0.0016445143637733451,0.0014977709016101648,0.0,0.0005258476638047526,0.0017664472964760835,0.0,-0.005670234553687203,0.0,0.00048335150285931574
2012-08-28,0.0008650416940050669,0.002133681155930342,0.0,-0.0006609675000399484,-0.0001733642368182173,0.0,-0.018800682056837936,0.0,-0.0028688983525222405
2012-08-29,-0.0021966465778359046,-0.0021158818676663294,0.0,0.000508556501914189,0.0008120278702839564,0.0,-0.004903749564645787,0.0,0.0014136547580516634
2012-08-30,-0.007139593395678881,0.0012168088941763157,0.0,0.001116487623671036,0.0027720105454341103,0.0,-0.020624220646709213,0.0,0.0012201466119976597
2012-08-31,0.007456221485947129,0.00820797504179044,0.0,-0.002067324254160878,-0.004202693936314239,0.0,0.02991053944838451,0.0,0.0006069337162819561
2012-09-04,0.0016990410100900112,0.0025779504158034883,0.0,0.0021606051003411437,0.005885603380094332,0.0,0.010313936508085542,0.0,-2.190388195655313e-05
2012-09-05,-0.0019071921542187875,-0.003270396970097499,0.0,-0.0008876654919369222,5.875218336113145e-05,0.0,0.025073906131185764,0.0,-0.005424604367888462
2012-09-06,0.016609635562227696,-0.002969036067930507,0.0,-0.002055378468385392,-0.00304693889724433,0.0,0.10579191474806526,0.0,-0.009587637709366442
2012-09-07,0.000986714254525419,-0.0014698841953062522,0.0,-0.003918973571402052,-0.010119076842123874,0.0,0.056407009688451026,0.0,0.004509186243938312
2012-09-10,-0.008795036451222649,-0.0039027727853401936,0.0,0.0025251396957039433,-0.0015554577957927612,0.0,-0.05690996515765323,0.0,-0.0036214580596251027
2012-09-11,0.0014888237105263507,-0.0008952136455768611,0.0,-0.0037364463160464286,-0.0028994877843057727,0.0,0.0045198611693404445,-0.007273584581117819,0.006819755622985424
2012-09-12,0.0026925179329998082,-0.0052575187045911095,0.0,-0.00543605936984803,-0.00168159870114903,0.0,0.026207765131246008,-0.012465247551986303,0.0030108801775330374
2012-09-13,0.013546071765928078,0.003995527082086759,0.0,-0.001721345434289776,-0.0028788217650505027,0.0,0.07261540339543271,-0.003933701621238295,0.006431289032382104
2012-09-14,0.006112527817709275,-0.009169341950123385,0.0,-0.00792649830903362,-0.007556235090712153,0.0,-0.03427996769654007,-0.026578138384904637,-0.00010651448698628663
2012-09-17,-0.00213114439283742,0.002188128776997909,0.0,0.005472978024129794,0.006634234502839488,0.0,0.005124034031200653,-0.001,-0.0008522913469691806
2012-09-18,-0.0039170383540638445,-0.0031844057627451157,0.0,0.0031989304194118317,0.0026419507504018224,0.0,0.026228205636383395,0.004011504765411567,0.00042672106095986706
2012-09-19,-0.002988557164917286,0.00019120817264477142,0.0,0.0017938663205490436,0.0001572917919252283,0.0,0.001727901394602771,0.006565771748253235,-0.0012792782840711503
2012-09-20,-0.007777728585068738,-0.006457373777297883,0.0,0.0031584032637586162,0.003678103052445984,0.0,0.0099181032691249,-0.001,-0.004694801034606955
2012-09-21,0.0011986951510736588,0.0006345701048242162,0.0,3.142503452901638e-05,0.0017645839183252825,0.0,0.006048895665264009,0.0,-0.0013934030080290372
2012-09-24,-0.0042160641321249285,0.0018725737106859114,0.0,0.0032494547202342886,0.001356828968743409,0.0,0.01343997468273539,-0.0028007889603682647,-0.0012888400465184136
2012-09-25,-0.013937040081069616,-0.0005002669222938668,0.0,0.0025591211900566953,0.005134638135803085,0.0,-0.07475400568495583,-0.0010000000000000002,-0.008920982180509629
2012-09-26,-0.005035619180334494,0.0057868966108287,0.0,0.0017599159524498823,0.0010955198939104867,0.0,-0.039981861194743895,-0.00830912210998834,-0.00498964736548857
2012-09-27,0.008922561188601227,-0.004248445874484553,0.0,0.0003056920197220379,-0.0041007075840825595,0.0,0.09185914360977065,0.010624222408257096,-0.0014120467980608883
2012-09-28,-0.00479083740289007,-0.001903372528899011,0.0,0.0015392638241380281,0.0011450208545535157,0.0,-0.030298607754891238,-0.001,-0.0005472728648960035
2012-10-01,-0.003216757896542875,0.0031013315378961713,0.0,-0.0009133643631034832,-0.001028760661525166,0.0,-0.009499767901982259,0.00043460222514394523,0.003226587513790813
2012-10-02,0.004506432064486044,-0.0020908890430316462,0.0,-0.001988899502752701,0.002246961099951394,0.0,0.020005979579108546,-0.001,-0.0012743976503702902
2012-10-03,0.0017046328673329873,-0.0002395263618426381,0.0,-0.0017256574928508292,0.0010599561039331986,0.0,0.0036729595391582492,0.0,0.0008398089114324491
2012-10-04,0.002509654893522847,-0.0033775829184511906,0.0,-0.002643325730343519,-0.004853875748916178,0.0,0.023933169119598086,0.0,-0.005669972243055793
2012-10-05,-0.0009455270499576693,-0.009190020872491995,0.0,0.0009745852628337533,-7.582735510257201e-06,0.0,0.013152335074733124,0.0,-0.010416190705846434
2012-10-08,-0.004437291984999183,-0.004286518411033269,0.0,-0.00025770349604406284,0.0018263741544787358,0.0,-0.01114718336264553,0.007420026584934126,0.0043173155738958306
2012-10-09,-0.008241648444646726,-0.007607624001868044,0.0,-0.0010393658564393513,-0.0011021635550845885,0.0,-0.04352173190735076,-0.001,-0.0033272287984873247
2012-10-10,-0.0006075484650398817,0.004372247995838497,0.0,-0.0016581745939720676,-0.0008511495568586755,0.0,0.01133823884933749,-0.005516019347195253,0.004277153068884853
2012-10-11,0.0005700517756337024,0.0029080535743572396,0.0,-0.001823096614117528,-0.0006223798521345027,0.0,0.009588457251813232,-0.003583047959160014,0.005481930391688183
2012-10-12,-0.0045246325169506895,-0.0038020591490838082,0.0,0.004308679428738814,-0.0003736362056038048,0.0,-0.006429024338258205,-0.0005645078342685545,-0.0009446054160649026
2012-10-15,0.007104604288507,-0.0061788724354097015,0.0,-0.00455215956581347,0.001263467689892822,0.0,0.034117642570944406,0.0057765346357320614,-0.00498750597952004
2012-10-16,0.007587809413512207,-0.004794347905346606,0.0,0.0013350521253856357,-0.005595806390997528,0.0,0.0223265031518447,0.004355758993983995,-0.006761440392693142
2012-10-17,0.0021212672833105716,0.001513868314699815,0.0,-0.002951291347795591,0.0017364442897174763,0.0,0.013353722250982303,-0.001,-0.005773553694881894
2012-10-18,0.0025572351962047236,-0.004038537342009642,0.0,-0.0038136321893887212,0.0019834662718922775,0.0,0.0013726626796926045,0.0,-0.005528587845113792
2012-10-19,-0.013711936824798496,-0.014925794404155923,0.0,-0.0011305700157701274,0.0029248630537474377,0.0,-0.062919760519623,0.012570560156423327,-0.007030802428984238
2012-10-22,-0.0024612158272115004,0.001969791049152605,0.0,0.0020241865600052187,-0.002581884348600415,0.0,0.012872984867772441,0.004828167897116044,0.00021547586266268404
2012-10-23,-0.01011024111981284,-0.016983053969198067,0.0,0.003834423862429787,0.004410891137127557,0.0,-0.08030037160794123,0.01230208592249782,0.002805944129110907
2012-10-24,-0.0025055850540030514,-0.009285855560106146,0.0,-0.0036314710215542435,0.0011137470479682823,0.0,-0.008479913833848607,-0.007420807679302808,-0.0076161252550696786
2012-10-25,0.00016558999916405673,-0.005406306644975818,0.0,-0.001772316723408435,0.002907270287410528,0.0,0.025815604516543633,0.002252662027715517,-0.0008545746644054724
2012-10-26,-0.0037545757281759384,0.006883167336658493,0.0,0.0026221347187720895,-0.002267857099751292,0.0,0.0026247615740464525,0.0003946415700906205,0.00938300328353811
2012-10-31,0.004840848717021723,0.003867263724345083,0.0,-0.0014219035132232967,0.0003059753781286309,0.0,-0.021404421806110463,-0.001611119714155753,0.0057144235589176254
2012-11-01,0.0031386577858399847,-0.007896729899325682,0.0,0.002576037550523225,-0.008535677680432882,0.0,0.08072385727305509,0.00430936553993444,-0.006916353223439087
2012-11-02,-0.00405748204785704,-0.004811522788546413,0.0,-0.0034844986233860953,0.0030786583172622505,0.0,-0.026208547521252124,-0.001,-0.007791072863960079
2012-11-05,-0.000460678310739005,0.002628906740775871,0.0,0.0016736145642293671,-0.00534056924421444,0.0,-0.019288291993185158,0.0,0.005024624037684389
2012-11-06,0.004832740462345043,-0.0005053256629989354,0.0,-0.00039540014462338517,0.0001229686412578631,0.0,0.03460900136000733,0.0,0.0004498597601861939
2012-11-07,-0.015970702695014848,-0.020786357766103273,0.0,0.0016824491221149782,-0.0027203190494654735,0.0,-0.07957561858694084,0.0,0.012195144040448603
2012-11-08,-0.012962767445868047,0.009446386952692903,0.0,0.0005522172989626946,-0.003339183400401734,0.0,-0.008485411256252018,0.0,0.012798498180508456
2012-11-09,-0.0012277387631463668,-0.00015736717003345742,0.0,0.000756953985726009,-0.0014706697026025425,0.0,0.0006459053016345528,-0.00010199966507840161,0.0003691105254658711
2012-11-12,-0.0004758476827924536,-0.0005732545089791891,0.0,-0.0027704135971015785,0.0026261649679668025,0.0,-0.001,0.0008730598288680905,0.00031173941685452855
2012-11-13,-0.0035162333262856995,-3.939937216189655e-05,0.0,0.0008508658213584474,-0.002600219746448674,0.0,0.0,-0.005196578158818602,0.001431636941494835
2012-11-14,-0.015684559263089513,-0.004526014645543023,0.0,0.004170631814855082,-0.0028349295004651276,0.0,0.0,-0.015938816914080476,0.0006997043017967886
2012-11-15,-0.0036222195543635406,-0.0029839461948465915,0.0,-0.0010787047259586137,0.0011360392252600803,0.0,0.0,0.0013145126061325039,-0.0034809844717501814
2012-11-16,0.003984235872341266,-0.0010936788606398706,0.001274773544950052,-0.00194373157468883,-0.000775443564362124,-0.005008748033653581,0.0,-0.001,-0.0010075783085959243
2012-11-19,0.010279371624911464,0.01869106606716141,0.010974081399515154,0.0035476705019761787,0.001613146934633754,-0.01982243811701124,0.0,0.0,0.0005465141973978399
2012-11-20,0.002955609349313468,-6.297989670893805e-05,0.0019639449107099268,-0.0048655326489247235,0.0004481276208530186,-0.002087417001279529,0.0,0.0,-0.007518195118144517
2012-11-21,0.0003045023328945786,9.319485738560333e-05,-0.0009999999999999998,-0.0015004411678830923,-0.0010601849385756435,-0.001,0.0,0.0,-1.0582839508838126e-05
2012-11-23,0.011381049017008631,0.01575791296566509,0.0,-0.005082866310636333,0.0011566017746933994,0.0,0.0,0.0,0.0036546490835995863
2012-11-26,0.0013107842776200946,-0.0023637677444365394,0.0,0.007397500568350194,-0.005092987272065569,0.0,0.0,0.0,0.002716504628540967
2012-11-27,-0.004874223449968529,-0.006493030078322027,0.0,2.4189857090620246e-06,-0.002727211732102476,0.0,0.0,0.0,0.0010646518256279551
2012-11-28,0.004234054918865566,0.006480227103004565,0.0,-0.002419971229983527,-0.001000805313064843,0.0,0.0,0.0,-0.005415340415746417
2012-11-29,0.005315616207535056,0.005468520045081759,0.0,-0.0002481073005454941,-0.0010144913487003101,0.0,0.0,0.0,0.0014280990005664518
2012-11-30,0.00044229005195325216,-0.00034560891284091664,0.0,0.0020012934078815145,-0.002088784645182022,0.0,0.0,0.0,-0.0041315821014588465
2012-12-03,-0.0003554715100784376,0.0005736514322832166,0.0,-7.970206314463337e-06,-0.0004754918008514688,0.0,0.0,-0.000518206386122543,0.0030665577950645968
2012-12-04,5.1444277736251644e-05,0.0026503043738401134,0.0,-0.00010625397629552863,0.0001332577655283598,0.0,0.0,-0.001,0.0
2012-12-05,-0.003846097895577815,0.005243516811949184,0.0,0.003498754042768312,0.005237611139021806,0.0,0.0,-0.0028246141290523266,0.0016124118422344846
2012-12-06,0.006816136468084577,0.0043444240870907135,0.0,0.00045435198092056784,-0.0013972394290386642,0.0,0.0,-0.001,0.0018244132853688644
2012-12-07,0.0010931127152057805,0.0015163127823478856,0.0,-0.0007400877720068264,0.0015109983366745267,0.0,0.0,0.0,-0.0014994443022675608
2012-12-10,0.0006030319339153668,0.0029733560785832965,0.0,0.00156557098816297,-0.002205842969778672,0.0,0.0,0.0,0.0008583651869158437
2012-12-11,0.006429382622561794,0.005418529410612797,0.0,0.0034070444236124265,-0.0007675014008791416,0.0,0.03183939346163667,0.0,0.0009645480730962053
2012-12-12,-0.00161483404635316,0.0030957450679193576,0.0,-0.0009117297274502392,0.0014714678332414038,0.0,-0.0248158941473563,0.0,0.002998430023589682
2012-12-13,-0.007261769001048967,-0.00366070358142677,0.0,0.0005661513016697462,-0.002078179487495963,0.0,-0.019085419088877398,-0.00026568011235028523,-0.003522789662396275
2012-12-14,-0.0036677729233967503,0.003919251282024162,0.0,-0.0010230171258217037,-0.0002444602250158979,0.0,-0.006620800959606932,0.007498798677029628,-0.0007502194145254659
2012-12-17,0.003059031113130349,0.003368137478922847,0.0,0.0010236970278010371,0.0024159008097936045,0.0,0.03373236493703624,-0.001,0.0038596015327065913
2012-12-18,0.011128229068107141,0.008881671258894828,0.0,0.0006350214268000754,0.0029206320988274404,0.0,0.0373683728669818,-0.011184917430665742,0.000534475564442749
2012-12-19,-0.004935620739789236,0.0018073294463127173,0.0,-0.0031282298826051692,-0.00018093905956459102,0.0,-0.05936064045112133,-0.004406215358110364,-0.0010677922532280615
2012-12-20,0.003577959220832656,0.006384848546175598,0.0,-0.002155972742271258,0.0019053359508374992,0.0,-0.023058341820725747,-0.012122003118760882,0.0035265142624247847
2012-12-21,-0.009995202573771426,-0.008487501655231676,0.0,0.0002484971752378716,-0.0013565865778796468,0.0,-0.06556245962844376,-0.001,-0.002875350381754904
2012-12-24,-0.0016548510415132158,-0.0024267016216509988,0.0,-0.001802452211008482,-0.0007309410641907634,0.0,0.018463811762881477,0.0,-0.003630869981383178
2012-12-26,-0.0044800188872333654,0.0012701255632201463,0.0,-0.003911228695000564,0.001361460060869435,0.0,-0.05366203208130116,0.0,0.0024248193843892096
2012-12-27,0.0024920416479926565,0.005079882889048324,0.0,0.0012269720540025522,-0.0019878898538473206,0.0,-0.0006130408509937846,-0.002826443142502243,0.0020428665507477017
2012-12-28,-0.008710487497637373,-0.003964378474701658,0.0,-0.0008041290174284536,-0.0009458289449936,0.0,-0.05152584967834517,-0.001,-0.00268222838177401
2012-12-31,0.012726706982280725,0.014971092093279988,0.0,-0.0008731881930060742,0.001326747783120762,0.0,0.0582053122544115,0.017204941412230744,0.00430275380788947
2013-01-02,0.020790234602821842,0.017549237205831146,0.0,-0.002530835698911495,-0.0014797546696345219,0.0,0.1223835371996238,-0.001,0.009427447167826841
2013-01-03,-0.0074824013713884075,-0.008467248730550169,0.0,0.0013836715845578981,0.0018319018055386453,0.0,-0.008303847235964668,0.0,-0.00307792963131015
2013-01-04,0.0013508688338125785,0.0034842342160190448,0.0,-0.0034755382053509496,0.0032299163800038437,0.0,-0.001,0.0,0.0006391237691412144
2013-01-07,-0.0009256335104092479,-0.00593748263752943,0.0,0.000497505308297396,0.001305991998999103,0.0,0.0,0.0,0.0008507884233512897
2013-01-08,-0.0016502351085391366,-0.007177715291939631,0.0,-0.00011165966373180949,-0.0006015460170718483,0.0,0.0,0.0,-0.0007447010218745165
2013-01-09,0.0034511894271496606,0.004701150847810041,0.0,-0.0020075799975348943,-2.046816364618221e-05,0.0,0.0,0.0,0.001915694941871271
2013-01-10,0.00506858598896675,0.010876045294020571,0.0,-0.0007401144280346028,0.0013962419965584277,0.0,0.0,0.0,0.0016985596174574624
2013-01-11,2.6227352684307853e-05,-0.0027777869563654,0.0,0.0021010615077814133,-0.002843003531657761,0.0,0.0,0.0,0.0018012395732383002
2013-01-14,3.5791349800854484e-05,0.0025300804751665486,0.0,-0.0006987653986686713,0.0011208801187647312,0.0,0.0,0.0,-0.0013750295397102485
2013-01-15,0.00029251383581262603,-0.002855222008554812,0.0,-0.0017758016243617039,0.0020646326459641015,0.0,0.0,0.0,0.00021210844999774991
2013-01-16,-0.003302737581549871,-0.0030726238181348225,0.0,0.0016118942555376195,-0.001025395524081668,0.0,0.0,0.0,-0.0016954304507231788
2013-01-17,0.006257105443264105,0.0069477146360902905,0.0,-0.0005792130597604847,0.000699379902621471,0.0,0.0,0.0,0.003607383044776702
2013-01-18,0.002137183081907025,0.00037153164983600036,0.0,-0.001543326966511943,0.00016700437273766935,0.0,0.0,0.0,0.0013745084837726296
2013-01-22,0.004152232388771395,-0.00047944392212706906,0.0,-0.001083546653448622,0.001174789485652218,0.0,0.0,0.0,0.0006341086523742323
2013-01-23,-0.001076813561290554,-0.003015903997273892,0.0,0.002962655373379413,-0.000943026431537381,0.0,0.0,0.0,-0.0011613418207286896
2013-01-24,0.003172977436345776,0.0011204132348509143,0.0,-0.004783042329372944,0.004846662544968737,0.0,-0.0069224359364014046,0.0,0.0022186105775643394
2013-01-25,0.005485198791317733,0.004586556509392118,0.0,-0.0020207605672213323,0.0010026910437962392,0.0,-0.0076438884012361985,0.0,-0.00031581867291508026
2013-01-28,-0.0014451793441601286,-0.00358988315517549,0.0,0.00166614930076317,-0.002424164751806142,0.0,-0.02809238515894341,0.0,-0.0005273281003601582
2013-01-29,0.002968163531726252,0.004371126971163288,0.0,-0.00049894124997516,-0.0014757377300567912,0.0,0.03158506979117326,0.010174540322737902,-0.0016874654256102684
2013-01-30,-0.005084670327320347,-0.004320036379117204,0.0,0.0017947473305687804,-0.0015841556786615654,0.0,-0.06293073732221965,-0.001,-0.007185855263429852
2013-01-31,-0.004188186329461531,9.313200524224792e-05,0.0,0.0015199326679132671,-0.0026697323508580533,0.0,-0.004581684008038933,0.0,-0.0030855269501494087
2013-02-01,0.00826466084202433,0.008253185370628812,0.0,0.0006481542225634283,0.0008960219753404038,0.0,0.05050879265567265,0.0,0.003315998697688949
2013-02-04,-0.014018117290014006,-0.015628422262313108,0.0,-0.00106512290606278,-0.0009573648591581952,0.0,-0.06514471702055136,0.0,-0.004171986577383491
2013-02-05,0.0029068579387158617,0.006470648922667998,0.0,0.0006416393882394455,-0.0007740365601729542,0.0,0.04341386980233386,0.0,0.002255865752538666
2013-02-06,0.001432497240127728,0.00174465789306803,0.0,-0.00021538716223028795,0.00016225266015651462,0.0,0.004609921946603146,0.0,-0.0015006923353005908
2013-02-07,-0.00444914392670855,-0.0059832742519366,0.0,0.0014993431085375062,-0.004087821794089536,0.0,0.0035298630344560156,0.0,-0.0019317289805541593
2013-02-08,0.007152528802446475,0.006689679902749831,0.0,-0.0006779339939894113,0.0017632022798355171,0.0,0.01922850711741364,0.0,0.00021493108144476913
2013-02-11,0.0001740750841468561,-0.0010798149655270332,0.0,0.003132291726380007,-0.0003948594821121314,0.0,0.014034294448639129,0.0,-0.00010836290510995994
2013-02-12,0.004139744632702322,0.004682532197926321,0.0,-0.0034630938818639725,0.002557168400636315,0.0,0.013045961497133884,0.0,0.0034417947377454183
2013-02-13,0.0010421569125241329,0.003215998106565472,0.0,-0.0011384103939119992,-0.0007773891398859481,0.0,-0.0035834231118531124,0.0,0.0015001147583202368
2013-02-14,-0.0007826853174112947,-0.0015678313404543277,0.0,-0.004245801786026043,-3.1825315293851385e-05,0.0,0.014048100166795363,0.0,-0.0004273674026429308
2013-02-15,-0.0001598747749612504,-0.0011364586460475413,0.0,0.003260056954874016,-0.0013666226417069379,0.0,0.007757917790085056,0.0,0.00010647097778604397
2013-02-19,0.007975948881566344,0.010195811847439286,0.0,-0.0012398021572605552,-0.0014188091562010183,0.0,0.041900335926611465,0.0,0.0009639679091650866
2013-02-20,-0.011568476974158035,-0.014262438388279314,0.0,0.00011794869995597316,-0.0062739915231657785,0.0,-0.09742448739350029,0.0,-0.0009630395699243843
2013-02-21,-0.00765801309917777,-0.012510558036024,0.0,-0.0023520191936139377,-0.0005341916120628917,0.0,-0.00923869600972238,0.0,0.0010706774573538969
2013-02-22,0.010389366856910371,0.01324046207899722,0.0,0.0021405036946549293,-0.0023482430999661272,0.0,0.03375826922973024,0.008258670351714546,0.0024595166243086553
2013-02-25,-0.019772691900741816,-0.023041856952717904,0.0,-0.0027148543856926484,-0.0003625060533391048,0.0,-0.13975799540145617,-0.001,-0.003093394772904934
2013-02-26,0.00617654484505972,0.005909303966390097,0.0,0.0028111045686790345,-0.0010898866319632651,0.0,0.016989732823329717,0.005374949823738964,0.004921441372398139
2013-02-27,0.00956278767377829,0.011585764967690863,0.0,0.0021832154150319234,0.0004134024197234234,0.0,0.06382144628501174,0.012882429071387178,0.0017034007860601275
2013-02-28,-0.0006737582468740772,0.00040234367652168854,0.0,-0.0006718530432797277,-0.002084538737554524,0.0,-0.02932154738082271,-0.001,-0.00042500196040218263
2013-03-01,0.0035819991032129857,0.0011571759078658113,0.0,0.0013641905009071354,0.0011800735856673545,0.0,-0.015419630666732131,0.0,0.001989040581690915
2013-03-04,0.005691132024600655,0.003455618842385273,0.0,-0.0026880632609092856,0.0022394299364333096,0.0,0.05173297433066271,0.0,0.00010703442461656998
2013-03-05,0.009107757781295528,0.010730656817265991,0.0,0.0004993057667024882,0.001060101124434777,0.0,0.032222621503904314,0.0,0.0020263345871647243
2013-03-06,-0.00031326899294406156,0.0025553717244801784,0.0,0.0018836396633499755,0.001194318682256201,0.0,-0.00626698334172171,0.0,-0.0006383668883891414
2013-03-07,-0.0002177945374914153,0.0037422958274837587,0.0,0.0009164940254860279,0.0013248220599021865,0.0,0.021180375534336715,0.0,0.0014912988599529164
2013-03-08,0.004672080786919011,0.005556959231012178,0.0,-0.00034630347328930473,0.001217191476495603,0.0,0.013167061960338344,0.0,0.0011704958307621194
2013-03-11,0.0013524916091835356,0.0014512413574914824,0.0,-0.0017649913712044429,0.0012566516021652618,0.0,0.0418631341852167,0.0,-0.000638146977116949
2013-03-12,-0.002772558542433022,-0.0037069406143284134,0.0,6.035621068113835e-05,-0.0015477147315242573,0.0,-0.0176619774677248,0.0,-0.00042457823226327296
2013-03-13,0.0018730044381107883,0.0008916060483042398,0.0,-0.0020984032987445673,-0.0005011619740472974,0.0,0.005618608967329353,0.0,0.00021258512152799725
2013-03-14,0.007038050719308615,0.009851696919917621,0.0,0.0016836866625095446,-0.0027235901674412125,0.0,0.01877305112615213,0.0,0.0038285999569487306
2013-03-15,0.00032851129024333346,0.000765693686932707,0.0,-0.0026344382059341415,-0.0017580397777045543,0.0,0.0008775017293127796,0.0,-0.00010561864976066371
2013-03-18,-0.005526333819284239,-0.008280519269457026,0.0,0.00449746398477306,-0.001123613988400476,0.0,-0.051726040774828785,-0.012223167562098292,0.0002112596124763666
2013-03-19,-0.003954235336720527,-0.0037169897238510147,0.0,0.001897883200349106,0.0008260923230259085,0.0,-0.004391508826750212,-0.007093398053400701,-0.0016948035208620427
2013-03-20,0.006042097502145095,0.007770264851201697,0.0,-0.0019886066125934564,-0.0010785115920256133,0.0,0.05641323881917337,0.0057156713924941815,0.003288917668150537
2013-03-21,-0.006464738505304934,-0.008942026400032254,0.0,-0.0011281085744749481,0.001300592189982098,0.0,-0.029996739840167486,-0.001,-0.0017969006206716154
2013-03-22,0.0053872088293782355,0.0056051463641822,0.0,-0.0017317402445559682,0.0010492094481084496,0.0,0.0032850126816648118,0.0028276052352350653,-0.0007425250509942583
2013-03-25,-0.0010325803793215145,-0.0056251619975724735,0.0,-0.002773464181886115,5.150899721805376e-05,0.0,0.009258210428470193,-0.001,-0.001484019745128129
2013-03-26,0.0067764178353937575,0.004356510142756197,0.0,-0.0016529090132695633,-0.0003834358941408844,0.0,0.02897420276283258,0.0,0.0018051366419888915
2013-03-27,0.0009429847940957081,-0.0018056194366068104,0.0,-0.0019156083419048719,-0.000652544143214862,0.0,-0.00782780163541763,0.0,-0.0016961273031617097
2013-03-28,0.0026905627395064973,0.002723126359792358,0.0,-0.001551559801093317,0.0028558092188723672,0.0,-0.0019723898856267574,0.0,0.0018051919671464578
2013-04-01,-0.0035331931663689473,-0.013446588557805911,0.0,-0.005053857893942988,0.00019942859261562191,0.0,0.0010979191053002157,0.0,0.0017899617429415482
2013-04-02,0.0012397120023828632,-0.00201847435915604,0.0,-0.006464941792789907,0.006181007522588669,0.0,0.03158584386684282,0.0,-0.0007449556625679365
2013-04-03,-0.008514472588271075,-0.008588060361003312,0.0,-0.0017351886326895435,0.0013319771720305827,0.0,-0.036678684220601276,0.0,0.0
2013-04-04,0.010740442980585572,0.013325125385331546,0.0,-0.001586586639689522,0.001763265958281948,0.0,0.01699592655505855,0.0034311282935559975,-0.00031879058228700963
2013-04-05,0.0003932891533246398,0.000594269672702187,0.0,0.0005140878784346934,-0.0014563848208086223,0.0,-0.003906680460015632,-0.0012552866089724664,0.000958152320314154
2013-04-08,0.003320173039614827,0.0064763984384538145,0.0,-0.0004107209428268286,0.0010891607919661895,0.0,0.02527508085504082,0.005349379324911775,0.001063212408414449
2013-04-09,-0.0001200810716509307,-0.0017718610351001552,0.0,0.0031761317414728167,-0.004260822134735025,0.0,0.013919854958003963,-0.001,0.003187803992882987
2013-04-10,0.011017825078180266,0.008680433446058072,0.0,0.0005409834072367405,0.0033350164386194477,0.0,0.025047154008710493,0.0,0.0031769402222927567
2013-04-11,0.005093585866396953,0.003373880360187958,0.0,-0.0015528148286114557,1.893861659310619e-05,0.0,0.005520917380698709,0.0,0.0
2013-04-12,-0.0006966272991893269,-0.00014799554296116046,0.0,-0.006170223653957262,0.007593851104011994,0.0,0.017793594582113492,0.0,0.00031688302862131756
2013-04-15,-0.025257317563773272,-0.020334531996916566,0.0,-0.005908005883426315,0.00835710988636813,0.0,-0.11588410240705493,0.0,-0.0063322396557422556
2013-04-16,0.014820759619087551,0.015529905779756895,0.0,-0.0008983218941350065,-0.00046498641503516853,0.0,0.04463273387844269,0.013421182428991582,0.006903873534816141
2013-04-17,-0.015665859648781158,-0.014970119162771243,0.0,-0.006080846310957215,0.00379461146451277,0.0,-0.10827468726083356,-0.02276428683973019,-0.0015823464684904254
2013-04-18,-0.003943173955678833,-0.002189156774134696,0.0,0.0014612854864490639,-0.005549348660275998,0.0,-0.001,-0.0023912684730886995,-0.0015846915493368252
2013-04-19,0.011433584698911446,0.01263445112862778,0.0,-0.006853447531678503,0.0045413894838540695,0.0,0.0,0.006663605731667281,-0.0005298022742385999
2013-04-22,0.000898490319391981,0.0006416363097090565,0.0,0.0021940366836741094,-0.0027592776433810083,0.0,0.0,0.0080512075769684,0.0023295285888205175
2013-04-23,0.009894774021961462,0.00832074581614248,0.0,0.0020594744200175133,-0.001272862144931938,0.0,0.0,-0.001,0.0039085531626754655
2013-04-24,0.0047486143185347515,0.0031778831585236897,0.0,0.009399217632241632,-0.012516969461018882,0.0,0.0,0.0,0.0017893270550382034
2013-04-25,0.0018177439149980122,0.00027123308162160754,0.0,-0.0007461353809272359,-0.00036474338852630477,0.0,0.0,0.0,0.002730431128451505
2013-04-26,-0.0026548139219301553,-0.004212640451902686,0.0,-0.0004407370265392835,0.0016393959865306285,0.0,0.0,0.0,-0.0010469836008057953
2013-04-29,0.009482519512037314,0.007976506045836032,0.0,0.002032120406502663,-0.0047219634908656286,0.0,0.0,0.0,0.0018866425513588414
2013-04-30,0.006658661586943224,0.006381093275373267,0.0,0.0017443032087430936,-0.0026681978918674633,0.0,0.0,0.0,0.0031399336329096528
2013-05-01,-0.011721257826115817,-0.00716823370608168,0.0,-0.003689203933018185,0.0027983841034161577,0.0,0.0,0.0,-0.0019080443296756178
2013-05-02,0.005749867329488966,0.005140996236337653,0.0,0.003873551026462481,-0.0020005266772212442,0.0,0.0,0.0,0.00640731908127079
2013-05-03,0.009226288497812872,0.007345648098738318,0.0,0.005255379420614495,-0.003003439422949856,0.0,0.0,0.0,0.0015658592615708233
2013-05-06,0.00332730425268716,0.0024539159084475564,0.0,0.0004625824547013788,-0.0011971749676066635,0.0,0.0,0.0,0.0006247576009978939
2013-05-07,0.004893966711088565,0.005685747635666332,0.0,-0.004482323071866133,-0.0002562974746404851,0.0,0.0,0.0,-0.0007286681811409235
2013-05-08,0.004500538514496452,0.0014189738006547949,0.0,-0.0017424832702016301,0.0007605267808889152,0.0,0.0,0.0,0.0035435375480656894
2013-05-09,-0.006113502325151251,-0.008724892204159732,0.0,0.0011836017563771,-0.0004113810446364416,0.0,0.0,0.0,-0.0029076129037597376
2013-05-10,0.003795623590911887,0.0043696846064914295,0.0,-0.0034252756311239077,0.004361457558880139,0.0,0.0,0.0,-0.005207831196451629
2013-05-13,-9.683805919173942e-05,0.002350698879916409,0.0,-0.0005860800675327328,0.003493289363438066,0.0,0.0,0.0,-0.004082865211695541
2013-05-14,0.008123537920580796,0.007486664806352654,0.0,-0.003631331777600331,0.002075243369056241,0.0,0.0,0.0,0.0010503768435365934
2013-05-15,0.004033529040807086,0.006594915545789084,0.0,0.0009934656828398621,9.741123834406946e-05,0.0,0.0,0.0,0.00010509646221645852
2013-05-16,-0.004811936927696573,-0.004094156437985402,0.0,0.0002699017015282878,-0.004150790430752069,0.0,-0.011795638882123538,0.0,0.0024155162723482615
2013-05-17,0.00914661320155533,0.007948912187203281,0.0,-0.0012000997498560126,-0.0015367113066661537,0.0,0.026519702914049148,0.0,0.0
2013-05-20,0.0023583129556110217,0.0020155497355710083,0.0,-0.0026065238810777302,-0.0008510889869364154,0.0,-0.013608322480547774,0.0,0.001046957357939693
2013-05-21,0.0012900539970606636,0.0033424217155865353,0.0,-0.0013169936841213267,0.0031935824920021356,0.0,-0.007221364278513165,0.0,0.0018844446753794042
2013-05-22,-0.01746107149220252,-0.02023208721817208,0.0,0.00018850643703734364,0.0034942324694765777,0.0,-0.011507953008032312,0.0,-0.006162527354928948
2013-05-23,-0.006501025872984286,-0.00991196007086817,0.0,-0.0015940605439438238,-0.0002641693053079728,0.0,-0.009445366079369522,0.0,-0.0027329865607155224
2013-05-24,-0.0033333237857073946,-0.0016570974248272135,0.0,-0.005076440460802097,0.0019783617406021812,0.0,0.0009978527048948305,0.0,-0.0018970229530732574
2013-05-28,0.006913179727702147,0.009165335800725195,0.0,-0.010830177298385988,0.004916787900200421,0.0,0.027802416594693957,0.0029917409376331913,-0.003695190063657927
2013-05-29,-0.00835128343650586,-0.00782731843554586,0.0,-0.00542991091304933,-0.0005686921555727917,0.0,-0.014872262526155922,-0.011044323382200268,-0.004026895559841925
2013-05-30,0.004618767340365389,0.00505090681247063,0.0,-0.004213205328050992,0.0013962284299954288,0.0,0.0009845348898933626,0.0030663132252691013,0.002021384671329285
2013-05-31,-0.015154054014515304,-0.012852372663371055,0.0,0.002264525065262685,-0.0030260187351749284,0.0,-0.03715848662162735,-0.019425445474932412,-0.013273687489279595
2013-06-03,0.006098317477603242,0.0073551221851334385,0.0,0.0012032215178622025,-0.0003776039509672793,0.0,0.003972740978240852,0.005193906263815041,-0.0008766733877468846
2013-06-04,-0.0036836640271182605,-0.0075300810913543305,0.0,0.0022369129864665055,-0.0018282068680347597,0.0,-0.010853579622330689,-0.001,0.0
2013-06-05,-0.01653377594196062,-0.013458285716825495,0.0,0.002217665305072382,-0.000784962748775112,0.0,-0.04503365994072461,-0.012657119887448554,-0.008661434090036502
2013-06-06,0.008340462212701879,0.009752655523465624,0.0,0.0011197738311777335,0.0031724443432991677,0.0,0.011490114295722442,0.007563378401671677,0.00786340731887103
2013-06-07,0.01137550683546311,0.010399732268302068,0.0,-0.0053303825278105165,0.0033933573703573048,0.0,0.04780500311684821,0.01444910133824419,0.0006506188396284696
2013-06-10,0.002164299459157692,0.0028100380415393197,0.0,0.0003968427920917903,-0.0015241422157208245,0.0,0.010615412530954771,-0.0009999999999999998,-0.0020576600512792753
2013-06-11,-0.011098568948833315,-0.01058040306840993,0.0,0.004369874189638241,5.3815822874378567e-05,0.0,-0.06481166120031201,0.0,-0.006185625514286475
2013-06-12,-0.00663092669160729,-0.009084926045437572,0.0,4.843606111883147e-05,-0.0019013943392883802,0.0,-0.05986380678789094,0.0,0.0007644685283105801
2013-06-13,0.01593774247534109,0.016369959651230545,0.0,-0.0017658447301097308,0.001152999566052274,0.0,0.047534288882348896,0.0,0.011456022698284052
2013-06-14,-0.008263547128215736,-0.006960340717034771,0.0,0.004738299484906691,-0.0008976929874611571,0.0,-0.001,0.0,0.0011867940869496607
2013-06-17,0.009427939625792078,0.00713642411324964,0.0,-0.0022610162178769255,-0.0005463511076944741,0.0,0.0,0.008718904384431903,-0.00010768034363084489
2013-06-18,0.008877801380590388,0.00975045024536568,0.0,-0.0004270974583208731,0.0010188127748421672,0.0,0.0,-0.001,0.0024783110815169707
2013-06-19,-0.014884626947343984,-0.013082964269702764,0.0,-0.0052618201141313775,6.751725501178099e-05,0.0,0.0,0.0,-0.014941104737768662
2013-06-20,-0.02906489318741921,-0.025612520700739105,0.0,-0.0028226130822735693,0.0003415177551537969,0.0,0.0,0.0,-0.009820782776113868
2013-06-21,0.0030980401205759267,0.0030405422096139553,0.0,0.005896805392003357,0.0024328912653851986,0.0,0.0,0.001581743555923395,-0.006502436071756046
2013-06-24,-0.013708007563790463,-0.012921339379842635,0.0,0.006000205962332002,-0.001056747033791298,0.0,0.0,-0.014010248007229711,-0.012312717487187541
2013-06-25,0.010458149884630652,0.009593455425510157,0.0,-0.005646888229911598,0.0003513239405427399,0.0,0.0,0.011572228849813638,0.014263327527012315
2013-06-26,0.006400382034297365,0.007450067576930649,0.0,-0.00428392828956589,0.002044258329319407,0.0,0.0,0.004919952843213541,0.008304904838577043
2013-06-27,0.010305395997609653,0.010266101396808594,0.0,-0.00552516022785484,0.0028612051815179187,0.0,0.0,0.005448606669892844,0.004831247070516076
2013-06-28,-0.004028541030142211,-0.004911363754910708,0.0,-0.0019144439366409996,-0.0010227352615817108,0.0,0.0,-0.0010000000000000002,-0.0067757642750515545
2013-07-01,0.010428419227715426,0.010801783336715335,0.0,-0.000591662466805257,0.0035693402828558913,0.0,0.0,0.0,0.005420096254373563
2013-07-02,-0.0020848631596220124,-0.0008334433103874547,0.0,-0.0005626460241980401,0.00016154681248896078,0.0,0.0,0.0,-0.0030800841055930173
2013-07-03,0.0009353577196985703,0.0011977635058587589,0.0,-0.0015526452828464742,-0.00040265252141284707,0.0,0.0,0.0,0.002317932502622355
2013-07-05,0.010278184511845326,0.012394816180591814,0.0,-0.005076997937063844,0.006011478801602387,0.0,0.0,0.0,-0.01068076352117453
2013-07-08,0.005234414179851837,0.004885692147521614,0.0,0.0003534191677713409,0.0004336469095152912,0.0,0.0,0.0,0.013801083025331229
2013-07-09,0.007447552355932,0.008174243501614366,0.0,0.0031136728520024183,-0.0009462212052852611,0.0,0.0,0.0,0.0005484174435705924
2013-07-10,0.0018487770504603163,0.0015068779948512404,0.0,0.0013559830230364172,-0.0015762058194679878,0.0,0.0,0.0,0.003949303351641342
2013-07-11,0.01647934032793456,0.012726815456056677,0.0,0.0006478358615971059,-0.0020673681420935747,0.0,0.0,0.0,0.012569443621479603
2013-07-12,-0.0011304881221445714,0.0011712045418002981,0.0,-0.0024648066282920676,0.0023872355888925802,0.0,0.0,0.0,-0.0009718888018440675
2013-07-15,0.006141311457653074,0.006187233220828763,0.0,0.002158085564440382,-0.004207843503736269,0.0,0.0,0.0,0.004213294102100917
2013-07-16,-0.003419904292589221,-0.00442413825764497,0.0,-0.0016931534374262634,-0.0010709871916856203,0.0,0.0,0.0,-0.002473643605567677
2013-07-17,0.0031303609711585633,0.0032137386798375364,0.0,0.003609167594291995,-0.0006486299125345564,0.0,0.0,0.0,0.007333589636455917
2013-07-18,0.006210214871738004,0.006057101518536576,0.0,-0.004301640516389286,0.0017307264553111656,0.0,0.0,0.0,0.005995267500837453
2013-07-19,0.0009754407122521102,0.0016488031533656048,0.0,-0.001816361754688012,0.001473175818186879,0.0,0.0,0.0,-0.0006379512990963843
2013-07-22,0.0029951740370461354,0.002022876637872679,0.0,-0.0015165639456094608,0.002086957912827417,0.0,0.0,0.0,0.0007447920077672254
2013-07-23,-0.0004361082200853796,-0.001407716364518892,0.0,-1.8195817951104673e-05,-0.0014752423000963866,0.0,0.0,0.0,-0.0024474389685541498
2013-07-24,-0.0047938722101829034,-0.005990028755510193,0.0,0.002691457858012334,0.00026848292743005464,0.0,-0.012583393279287702,0.0,-0.00842769613473826
2013-07-25,0.004693956308724782,0.005776340832681882,0.0,0.0006860407451437979,-0.0012583910509454523,0.0,0.023140273564061564,0.0,-0.002259090387355056
2013-07-26,-0.0029311051607090253,-0.0014903123486708625,0.0,-0.0022313309175862705,0.0017303441359323452,0.0,0.0022326088568076496,0.0,0.00043187682696288476
2013-07-29,-0.006380404319690688,-0.005028034787899062,0.0,0.0012189129263082516,-0.0009047971336598409,0.0,-0.01142857438426903,0.0,-0.0021560818204486853
2013-07-30,0.0002550855090560869,0.0003949049042674028,0.0,0.0001811864671344197,-0.000903176750743774,0.0,0.01724308946304154,0.0,0.0014042643112921471
2013-07-31,0.00149393357864034,0.0007572213868417927,0.0,-0.00022996740889242933,0.0015349118217350334,0.0,0.022825725468480718,0.0,0.002912798836287367
2013-08-01,0.012856623080740457,0.011858344366982665,0.0,0.0005881512855352845,0.00021427083480829543,0.0,0.032203445354208604,0.0,-0.009478716274460286
2013-08-02,0.003004368883236499,0.00027983216670742395,0.0,-0.00036338635375661823,0.0004220757320384982,0.0,0.026090134452589675,0.0,0.006109781430078121
2013-08-05,0.00030522653444633617,0.0010216461221094497,0.0,0.0009844806819727411,-0.0006725813324552769,0.0,0.011379789661234652,0.0,-0.0050968176865784365
2013-08-06,-0.006489756388946629,-0.007978730469372003,0.0,-9.70769376629252e-05,-0.00014156185727147918,0.0,-0.02953586978952305,0.0,-0.000980860269977124
2013-08-07,-0.005122162151665364,-0.004445284088429943,0.0,0.0001614161914465002,-0.003014944617954898,0.0,-0.01268117306638561,0.0,-0.0031641468593592847
2013-08-08,0.005182285827209041,0.004533415857787407,0.0,0.002494807856929688,-0.0021340028334252675,0.0,0.015321084118764317,0.0,0.0021887551013479722
2013-08-09,-0.0009712329754622326,-0.0026295269441971992,0.0,-0.0010184850087401136,-0.000882338268807381,0.0,-0.012921300522593215,0.0,0.00010928115990327392
2013-08-12,0.001018910034570685,0.00376498300330866,0.0,0.00023725459903136732,-0.0019844073130679814,0.0,0.004119412179025339,0.0,-0.0008736593198361842
2013-08-13,0.002057787545296081,0.0021308272620774843,0.0,-0.0013352479165523812,0.0011695986412500565,0.0,0.011486867342436202,0.003916749119211028,0.0
2013-08-14,-0.0032229375345586113,-0.003892903782070947,0.0,-0.00012141152489861609,-0.0017495245953645189,0.0,-0.011446567625043369,-0.001,-0.0019674111141160244
2013-08-15,-0.014406333893053097,-0.017691303899957517,0.0,-0.0002026892931737271,-0.003911723007275749,0.0,-0.050784096273943646,0.0,-0.005147301699429341
2013-08-16,-0.0022957674149011688,-0.0021816997039411307,0.0,-0.003749404309767065,0.0023473807144636324,0.0,0.018249942510229822,-0.003717811078843629,-0.0034124901575564026
2013-08-19,-0.008091549643148396,-0.005517577897562711,0.0,-0.00039440175152086204,0.002808082686949613,0.0,-0.02452597322637451,-0.00913159385121853,-0.006627551335954274
2013-08-20,0.006765372230532068,0.00850296890127699,0.0,0.0010949616670401828,5.953312470343314e-05,0.0,0.006479045984124632,0.009319837245220508,0.00922844252925592
2013-08-21,-0.007683267333101324,-0.0046803047802022645,0.0,-0.0009740868409202306,-0.0002572381278044036,0.0,-0.018447330276395446,-0.007010535148728484,-0.0036346594043871194
2013-08-22,0.011264774663695295,0.01169584722712734,0.0,-0.0036368547133482235,0.0004819141218807023,0.0,0.025156613182242937,0.009455466378497744,0.005417513796410978
2013-08-23,0.0044563797979128034,0.004829320598441905,0.0,0.0016828719907976478,-0.0028053036686596917,0.0,0.023202522937901815,-0.001,0.004180257330492987
2013-08-26,-0.0031773092440593566,0.00030390417294951763,0.0,-0.0042320776922660916,0.0020521981920182276,0.0,-0.03490113256207816,0.0,0.00010926173367287184
2013-08-27,-0.019397750423670156,-0.021840770823143424,0.0,0.005003857541298881,-0.006966334392596593,0.0,-0.08180235190734131,0.0,-0.006461109014356148
2013-08-28,0.0016693788419821637,0.0029984957785407075,0.0,-0.004633379374456005,-0.00040131315174114405,0.0,0.0008424792736521081,0.0005424276516518009,0.0037479647578191333
2013-08-29,0.004137267667895496,0.008321378412598225,0.0,0.004754226107007216,0.0002737273074893134,0.0,-0.01904458692295785,-0.001,0.004062784724532698
2013-08-30,-0.010625041392954273,-0.010562196181726354,0.0,8.525065321677227e-05,-0.0035381877049824226,0.0,-0.011584273218567587,-0.005608176722104451,-0.0008760699050138765
2013-09-03,0.009125191526953236,0.006116389527919681,0.0,-0.0032423925631306165,0.001658784386780837,0.0,0.03537712514649227,0.010868097546476501,-0.0052809359459665695
2013-09-04,0.00862769096402826,0.009833831502970897,0.0,-0.002254459346468144,0.0008216313378642465,0.0,0.0027250235494875596,0.0073740417678865595,0.0037617296100411757
2013-09-05,0.0007557011268415075,0.001611240040070711,0.0,-0.0019640922010408083,0.0001526264836480656,0.0,0.024041006541007715,-0.001,-0.005070831809014464
2013-09-06,0.0026895690831716572,0.0018201743874153218,0.0,0.0020086608050020383,-0.0006830133527528684,0.0,-0.007655404620343198,0.0,0.0033238614134472044
2013-09-09,0.01274552382239051,0.013026276224427728,0.0,-0.0019133390575831093,-0.0012135276046726295,0.0,0.036926520189408674,0.0,0.0025392742576979543
2013-09-10,0.00940727648750617,0.006901451987586182,0.0,-0.0006860352739307054,0.001723811750993238,0.0,0.03640517693899081,0.0,0.003524353986236628
2013-09-11,0.0022640825037708754,-0.0009157530467204382,0.0,-0.003870873970206288,-0.00047309453751997983,0.0,0.03206353719837218,0.0,0.0013167955563895273
2013-09-12,-0.005250963115818509,-0.0034429908484992964,0.0,0.0017700990265315688,-0.0025252357154230427,0.0,-0.01697117499749179,0.0,-0.0012057288905097385
2013-09-13,0.004100075411688485,0.0024329956774436275,0.0,0.0010030384798768344,-0.0015361538879313916,0.0,0.018207550048828125,0.0,-0.000767586768645856
2013-09-16,0.005015736294287516,-0.000792524281505846,0.0,-0.0023523697004460805,0.0019198686970283664,0.0,0.006022436060789449,0.0,0.005490330489786421
2013-09-17,0.005330078553324213,0.0079611788047785,0.0,0.0018438080788716752,-0.0012157779732737298,0.0,0.011420131173868642,0.0,0.003276948643675892
2013-09-18,0.01483032530052755,0.010922920221569325,0.0,0.001633092592199879,-0.0018394568155253237,0.0,0.03860861296259288,0.0,0.009579744245440613
2013-09-19,-0.0023201098304330083,0.0009615836246991154,0.0,-0.0025575792210324544,0.0008311141228461061,0.0,0.0038576402842742663,0.0,-0.0029110958749883897
2013-09-20,-0.005923942862305859,-0.003545930706973861,0.0,0.0014025800664069271,0.00037663632788898535,0.0,-0.020262006068333838,0.0,-0.0011898525014745198
2013-09-23,-0.0017546726718341353,-0.001175715893759441,0.0,0.0020109536931316014,-0.0009885261571745596,0.0,-0.009983978815610306,0.0,-0.0001087405632208549
2013-09-24,-8.991749835087276e-05,0.001336674731382856,0.0,-0.004404989092147498,0.0006965683255856316,0.0,0.0008104085112883297,0.0,-0.0021656193220971343
2013-09-25,-0.0014121459863702644,-0.0028029077117814227,0.0,0.001467391552335777,-0.0014332606278341074,0.0,0.0061178614110721785,0.004497230849878187,-0.001736565059812456
2013-09-26,0.004548960462294943,0.006832123193716062,0.0,-0.0017188884167686944,0.001603846946331522,0.0,0.01743715386134137,0.001018355741365606,-0.0005431973245675348
2013-09-27,-0.004269257565187915,-0.0026352187477407126,0.0,0.0009207491129372377,0.0003824855435979332,0.0,-0.040253136581049564,-0.007356437195523273,-0.0010873933078490161
2013-09-30,-0.0037739718834392476,-0.0012628003595634284,0.0,-0.0015654318823704223,0.0008101208191590642,0.0,-0.037179465861323036,-0.001,-0.0028310031377400957
2013-10-01,0.008595157327936578,0.010764988580723887,0.0,-0.00038248347001232634,3.3745448152580214e-05,0.0,0.03481076358527857,0.0,0.0043341307530671
2013-10-02,-0.001990430162019467,-0.002175434759615698,0.0,0.00014158194673142112,-0.0020377760988895435,0.0,-0.030055185484740732,0.0,0.0004368554892160148
2013-10-03,-0.008858755383376077,-0.01105674978591674,0.0,0.001307838957164296,-0.0006512284395142565,0.0,-0.03847244959307483,0.0,0.00065511945549801
2013-10-04,0.005721003181495758,0.007737091403311749,0.0,-0.004017120897622822,2.9212888868144376e-05,0.0,0.003744922133108508,0.0,0.001746819725074067
2013-10-07,-0.010288541116964926,-0.00984750082061282,0.0,0.003067896027703119,-0.002532324376786066,0.0,-0.07403044701510886,0.0,-0.002615090852333246
2013-10-08,-0.012294543559735005,-0.01787408755666666,0.0,0.0063092774518252424,-0.005806009021087223,0.0,-0.04972956137654316,0.0,-0.0004369232541652224
2013-10-09,-8.331890268709608e-05,-0.003594354888844302,0.0,0.0006509532264051367,-0.0035191032185435092,0.0,0.034925208184479084,-0.0023647516102346285,0.0008741468517734496
2013-10-10,0.021363956786549298,0.022509969546918848,0.0,0.014256542600031397,0.0036451931696528557,0.0,0.0949864965886118,0.021639619147485297,0.004585976393937097
2013-10-11,0.009035877354661725,0.011021244769555532,0.0,-0.0033615898803224234,-0.001135273846237525,0.0,0.020480522657108757,-0.001,0.0018477412499791068
2013-10-14,0.004182832346109893,0.005948058079731058,0.0,-0.0003278663941457811,0.0006047951794282717,0.0,-0.001,0.0,0.0015184957629763574
2013-10-15,-0.007421934846535328,-0.006886319250304845,0.0,-0.00504104684446266,-0.0001423937326430392,0.0,0.0,0.0,-0.00032550542545450867
2013-10-16,0.011368805423586571,0.011817865805443651,0.0,-0.002541019599683017,-0.00392464541852224,0.0,0.0,0.0,0.005309173824371127
2013-10-17,0.009445429054831186,0.007137898799989866,0.0,0.003978874674568294,-0.002047132192884278,0.0,0.0,0.0,0.0048509703148280625
2013-10-18,0.008212594535144039,0.0139170955827094,0.0,0.009174624612165193,0.003952368473144846,0.0,0.0,0.0,0.002037726421947772
2013-10-21,-0.00030079288201055354,0.00014787918614134546,0.0,0.0007429667818409382,0.0018660201414638737,0.0,0.0,0.0,-0.002248190940710826
2013-10-22,0.003858057975992988,0.001971277507144825,0.0,0.004435513714750808,-0.001142030526580404,0.0,0.0,0.0,0.0030046360974815833
2013-10-23,-0.006167310594779021,-0.004810293202931226,0.0,0.00228201631624625,-0.0017777064244375342,0.0,0.0,0.0,0.0008557930743322562
2013-10-24,0.005474483220130311,0.004828606030873298,0.0,-0.0034532555579518155,0.004145938210903715,0.0,0.0,0.0,0.00032019894964196993
2013-10-25,0.0018091115583657742,0.00419360011552064,0.0,-0.001851063189137962,0.0009925684038496233,0.0,0.0,0.0,0.0003201762597444535
2013-10-28,-0.0006168079694600396,-9.115532843545672e-05,0.0,0.0009125447216314047,-0.004107499421954827,0.0,0.0,0.0,-0.00021348889195593745
2013-10-29,0.002252501379571615,0.0022476924799086093,0.0,0.00021598623891126224,-0.0009705257161828356,0.0,0.0,0.0,0.001602785332255996
2013-10-30,-0.007459765009327326,-0.007375547310842178,0.0,-0.0028669688175818834,-0.0005912300879740719,0.0,0.0,0.0,-0.004052734141596348
2013-10-31,-0.0037159631096979713,-0.004021729749334397,0.0,-0.006487132628695165,0.0021123666701095114,0.0,0.0,0.0,0.0005349107882075543
2013-11-01,-0.0005824118448425953,-0.0018868062317379138,0.0,-0.0006695246745604734,0.0010916953907778146,0.0,0.0,0.0,-0.0017202814523405996
2013-11-04,0.0055063230227512475,0.005933747066720023,0.0,0.00034215837011562767,-0.00011882007089674668,0.0,0.0,0.010497616194815484,0.0017241268844623292
2013-11-05,-0.0019300947688833967,-0.0009579080702683856,0.0,-0.0028082539518241995,0.0003841954328282377,0.0,0.0,-0.001,-0.002689351517543237
2013-11-06,0.00019041275724434407,-0.0020514361329696477,0.0,0.0008621345411543936,-0.004311515882211022,0.0,0.0,0.0021041712661445952,0.002911607228032853
2013-11-07,-0.016060601848071246,-0.01795308171825212,0.0,-0.0001422587090338666,8.865457125887427e-06,0.0,-0.03598081886882154,-0.018090954540676774,0.0006452164696459928
2013-11-08,0.015044652162498246,0.015575222712301828,0.0,0.003752151044820195,-0.0011865304282964433,0.0,0.04031493909288941,-0.0021819429582730088,-0.0017187222662722323
2013-11-11,4.813649543841571e-06,-0.00025115422674246884,0.0,0.0003718898527523784,-0.000746915267997174,0.0,0.004740122202280483,-0.005101865115273774,-0.003768078414439935
2013-11-12,5.53872642520403e-05,0.001218946326302788,0.0,-0.005063588349762384,0.0017543155700719866,0.0,0.0020691938473056393,-0.001,-0.0014048197284561859
2013-11-13,0.00984229007055418,0.010986412558427762,0.0,1.5606390622116073e-05,9.779056714979945e-05,0.0,0.003469052366432468,0.0,0.00378700802557419
2013-11-14,0.0023614287902015206,0.001284324149495238,0.0,0.0018446665066713017,-0.0011849641456597795,0.0,0.011688252722928949,0.0,0.002910993536004547
2013-11-15,0.003378075793103586,0.002702457881249279,0.0,0.0006966776967931483,0.00023464976213236784,0.0,0.013261713488342153,0.0,0.0015040848788054895
2013-11-18,-0.006688233611393578,-0.008587607493153479,0.0,2.5354383579440805e-05,0.0003128199616735935,0.0,-0.0014453212128837656,0.0,-0.0028976266841094223
2013-11-19,-0.0037716292279428997,-0.004378112070516142,0.0,0.002080359933062491,-0.0014484724447302582,0.0,-0.012061756132503154,0.0,-0.00042997434875768903
2013-11-20,-0.0019756930016378853,-0.001500623481297583,0.0,-0.001167002561800617,0.00042293729335523303,0.0,0.020022782616406554,0.0,-0.000969979619061645
2013-11-21,0.012122143971523043,0.013698427201482387,0.0,-0.0005455884130431293,0.0007078158372850133,0.0,0.034391998072804686,0.0,0.00344886213589235
2013-11-22,0.00509533214979172,0.005159640123856931,0.0,-0.0047499410593622405,0.0020908745583145486,0.0,0.013654161436404966,0.0,0.0007525567166266622
2013-11-25,0.0008012953842642829,0.0018482673130508205,0.0,-0.003003052438051173,0.003175125155725537,0.0,-0.0041095381371037965,0.0,0.0015027847994613097
2013-11-26,0.004247587045209207,0.006206211131919437,0.0,-0.0023074065228074654,0.002499490224067489,0.0,-0.005654940315700463,0.002372686386543089,0.0007504640807736163
2013-11-27,0.004907465457146453,0.006338400477919892,0.0,-0.002539350371387124,0.002697166428789021,0.0,-0.0005379039967428056,-0.001,-0.000642988625780383
2013-11-29,0.001789804528278455,0.0034822651613240505,0.0,-0.00039307690511209824,0.0003931766306175061,0.0,-0.011995367335538631,0.0,0.0010715671773524615
2013-12-02,-0.005302664479436775,-0.006094032796149769,0.0,-7.022556435524595e-05,-0.0001579133516468667,0.0,-0.007549294175641208,0.0,0.00032219232741415027
2013-12-03,-0.003391996349221647,-0.0025670860680643208,0.0,0.0025916338054743616,-0.006407232579222465,0.0,-0.025956694210544584,0.0,-0.0009671406833320351
2013-12-04,-0.0006507629518405724,-0.0006283977247068695,0.0,0.0016551139023110043,-0.0009180899445187722,0.0,0.010868677917008851,0.0,-0.002583104485346266
2013-12-05,-0.001704183459095302,-0.0004996479256160929,0.0,-0.0020078335626870676,0.0031770436473288295,0.0,-0.007725400123956394,0.0,-0.0007549608118100348
2013-12-06,0.008715728950532003,0.00746424352839462,0.0,0.0007970590950642923,-0.0012143686836202294,0.0,0.034994788815364775,0.014179927718847133,0.0028078565978277847
2013-12-09,0.002091856068400738,0.0022574131209912164,0.0,-0.0015027468969712576,-0.0002861960210408914,0.0,0.0072896662555450575,-0.001,0.0036604038171257347
2013-12-10,-0.004448699506587934,-0.0041687674910329655,0.0,-0.0007455184509303431,0.0021870719010148817,0.0,-0.004927241455506826,0.0,0.0
2013-12-11,-0.013491038066591679,-0.014312532270764303,0.0,0.0009604117649424555,-0.0032843772661561178,0.0,-0.04696324715531308,0.0,-0.0030033863007896677
2013-12-12,-0.001301181358825219,-0.0008725375161932371,0.0,0.0035386842443604492,0.0006984471124541433,0.0,-0.004302636612955157,0.0,-0.0018303737911491424
2013-12-13,0.0005920537998422052,0.00043660547551801343,0.0,-0.0009671451608675322,0.002266019040576344,0.0,-0.00228290889370919,0.0,0.0016175749679794293
2013-12-16,0.007878831774505109,0.008030682057445946,0.0,-0.001079144577019613,0.0006155381976890708,0.0,-0.00024521049291426067,0.008487303485966869,0.0008614726771094539
2013-12-17,-0.002206968089421168,-0.0017763808854455352,0.0,-0.0018429660629173965,0.0013868611080634179,0.0,0.0026974157342889438,-0.001,0.00010725324751370557
2013-12-18,0.014107134201271729,0.012470334803117055,0.0,0.0008468932236613593,0.001299077751249636,0.0,0.07059593862700253,0.0,0.0017210390802286923
2013-12-19,-0.0038008671698210104,-0.004781279976058445,0.0,-0.0015606707392475348,0.0002692356475733843,0.0,-0.009974853729759037,0.0,-0.001073989992347979
2013-12-20,0.010788605958599694,0.012815404088304469,0.0,-0.0007935836797778786,0.00017382147855232076,0.0,-0.005230025474736499,0.0,0.0006451822180624234
2013-12-23,0.009032755656265675,0.010830349998287168,0.0,-0.004018402152591618,0.0024605825485070937,0.0,0.036261037375894034,0.0,0.0007517902691069889
2013-12-24,0.002089824360219868,0.0018525136552003825,0.0,-0.00014110171294559154,0.00091257533158847,0.0,0.01924943560809167,0.0,-0.0005367030664085171
2013-12-26,0.002883993819711862,0.0019351684482971589,0.0,-0.0016419674934604613,0.0010130783580606538,0.0,0.017568215253360497,0.0,0.0009384637394658224
2013-12-27,-0.001095575293173736,-0.0017888054698865252,0.0,0.002396744155362891,-0.0014899646483503243,0.0,-0.01460325774775173,0.0,-0.00010761500778577737
2013-12-30,-0.0007680589402096167,-0.0011489604570547318,0.0,0.0011293070218550908,0.00043234995497048914,0.0,-0.015476676765301511,0.0,0.0008628382449340499
2013-12-31,0.0046052873871658875,0.004826352017626963,0.0,-0.0011200748751333458,-0.0009169170628919694,0.0,0.0005932213457853219,0.0,0.0006464716699174922
2014-01-02,-0.009368052659137548,-0.00903449785313965,0.0,-0.0017168166464289671,-0.00042928908229181704,0.0,-0.02008304924289539,0.0,0.0017225201178621141
2014-01-03,-0.0010046715859055332,-0.0024147610343520872,0.0,-0.0003932204378639713,0.0006650854683505465,0.0,0.006050087556580097,0.0,-0.0003222341993097677
2014-01-06,-0.00481098972654873,-0.005450364881372337,0.0,0.000804162376848449,-0.0027014396857112984,0.0,0.011952163816287165,0.0,0.002150239454527636
2014-01-07,0.007884621612362601,0.00888576244742483,0.0,0.0008919621697874103,-0.0015106774692883827,0.0,0.023399266598779223,0.0,0.0
2014-01-08,0.001225809491003584,0.0018448494125888515,0.0,-0.003872595673169444,0.00542664592154054,0.0,-0.0016695287740083886,0.0,-0.0006436087831513948
2014-01-09,-0.0009082422504227117,-0.00202066586765666,0.0,-9.750787858271487e-05,0.001205772436851425,0.0,-0.0026174249521928594,0.0,0.0015023522258945654
2014-01-10,0.0037139534732062657,0.004052152170384126,0.0,0.001146201108295502,0.0007060228061813152,0.0,0.023472819599235972,0.0,0.003001854056160047
2014-01-13,-0.013939518994552199,-0.014363828819643853,0.0,-0.000878412178450432,0.0015313934716784203,0.0,-0.034686576416649295,0.0,-0.0010690787726975737
2014-01-14,0.014125799657764027,0.013523130725533208,0.0,-0.0014968359711425034,0.0017446589343282813,0.0,0.039843532392249026,0.012032853091416995,0.0014976820892955711
2014-01-15,0.007007965847384583,0.007071379938397572,0.0,-0.0031765290129486977,0.0029277782054231275,0.0,-0.0031930530875526886,-0.001,0.0020303826902976496
2014-01-16,-4.446860169823387e-05,0.0005357580529125086,0.0,0.0011439353883327878,-0.0005347324822054597,0.0,-0.005196438993028463,0.0,-0.0004268182819791022
2014-01-17,-0.004520275444458017,-0.00489061830844461,0.0,-0.001067516331256825,0.00027438967092373003,0.0,-0.0017173917221041668,0.0,0.00021298997015861687
2014-01-21,0.005494862148095235,0.006993952426743935,0.0,-0.001298794913202813,-0.002156422844801548,0.0,0.011325366592120911,0.0,0.0012801793852343923
2014-01-22,0.002673464327385739,0.003464464012623752,0.0,0.002319601410821187,-0.0029451091120529876,0.0,0.015380241160035668,0.0,-0.0014912149776525885
2014-01-23,-0.006008375959958033,-0.00456907850364258,0.0,-0.0013788527736112567,0.0012138840974753977,0.0,-0.02708355279071506,0.0,-0.0012802950362502674
2014-01-24,-0.02204132961723499,-0.021817561413104338,0.0,0.002445704754562951,-0.0042821736794631336,0.0,-0.0904003850057935,-0.02368527814980681,-0.0066207434554471645
2014-01-27,-0.009751260873232423,-0.011356266206715097,0.0,0.002060065263456586,-0.0018091250148041197,0.0,-0.02492503599259277,-0.00655862040890601,-0.00032277832132487916
2014-01-28,0.0046720857380083795,0.002900769109284107,0.0,0.0015696059319001057,-0.0020328470419119222,0.0,-0.001,0.010315174169549277,-0.0004455848119417386
2014-01-29,-0.011466814541717779,-0.012117071184503968,0.0,0.000651028773012004,-0.0011202719200698664,0.0,0.0,-0.011645565540348618,0.009744784951887287
2014-01-30,0.014929705560465214,0.017235448054025833,0.0,-0.0042317097799940105,0.0015113909813660531,0.0,0.0,0.014389445602515075,-0.009584232108903567
2014-01-31,-0.005130522582035517,-0.0043696139893293455,0.0,-0.003917777373947298,0.000835904825470687,0.0,0.0,-0.007737766439400929,0.005286428857379688
2014-02-03,-0.025264136990288864,-0.025689919613834697,0.0,-0.0034235731521792883,-0.004285418245266413,0.0,0.0,-0.001,0.011504619225932844
2014-02-04,0.007270857147914967,0.0007992785908920012,0.0,0.0036375451906855466,-0.00035964161842342245,0.0,0.0,0.008085810476935008,-0.00784926880334042
2014-02-05,-0.003561743474735716,-0.00448657895233996,0.0,0.0009132996479829099,-0.001074560592946503,0.0,0.0,-0.002490863912722409,-0.005141591659704653
2014-02-06,0.011523642103132186,0.011487064309549546,0.0,0.003797049651728899,0.0003536214098829835,0.0,0.0,0.006559772343493059,-0.002934332300337389
2014-02-07,0.014315896179557284,0.01586310788097363,0.0,-0.0012999232442370949,0.002615783153528536,0.0,0.0,0.011323121775307587,0.0032328293518349093
2014-02-10,0.0036124282820911165,0.004783605935336012,0.0,-0.003412212837399517,0.0007326962170081236,0.0,0.0,-0.001,0.003974768152183084
2014-02-11,0.010559503799626276,0.010652601909897029,0.0,0.00013182318962483554,0.00022060698572271025,0.0,0.0,-0.006789402151948786,0.00033712340435681446
2014-02-12,0.0020087181838470036,0.0006320366304045176,0.0,-0.0020212971057914342,0.0020156251965398895,0.0,0.0,-0.001,-0.003161086567519139
2014-02-13,0.008143397950696555,0.0065727716685052015,0.0,-0.0019810001468863903,-0.0014143120100143884,0.0,0.0,0.0,0.0008874390759443535
2014-02-14,0.0029430370618395243,0.0010582388291503365,0.0,0.0023113725411672923,-0.0023584930665887403,0.0,0.0,0.0,0.0015999396302257551
2014-02-18,0.005211843812535749,0.0068130566487648505,0.0,-0.0030949706828368347,0.0008549045772454644,0.0,0.0,0.0,0.0013840718182434042
2014-02-19,-0.007725604011498203,-0.008160963712145896,0.0,-0.0012180297275936598,-0.0005995860741569401,0.0,0.0,0.0,-0.002551534016364543
2014-02-20,0.006694465227930983,0.006978363378213778,0.0,-0.0020129450619917055,0.0021374074679887073,0.0,0.0,0.0,9.770490176577284e-05
2014-02-21,-5.3809858708446844e-05,0.0002803744401154046,0.0,0.0006572194129619866,0.0009048886315275623,0.0,0.0,0.0,0.00337591012234269
2014-02-24,0.005959534294081542,0.006075525447857351,0.0,0.0020249792199838173,-0.002584539571611224,0.0,0.0,0.0,0.00022966420169790065
2014-02-25,-0.00028241892334715995,-0.0003186126262917633,0.0,0.0010006565026098393,-0.0009938934726230935,0.0,0.0,0.0,0.001165006953412151
2014-02-26,0.0014430874426008913,0.0018251887847737275,0.0,-3.496320275350956e-05,0.002458303765333277,0.0,0.0,0.0,0.0016938521198577305
2014-02-27,0.005787424015455109,0.006047204880544082,0.0,9.917140887159647e-05,0.0013537429444186325,0.0,0.0,0.0,0.0019020904732660604
2014-02-28,-0.0008812367491176567,-0.0023164636734069872,0.0,0.001454695820959967,-0.0027358660452617345,0.0,0.0,0.0,-0.0032239481154023235
2014-03-03,-0.006710955047398319,-0.006579445298127392,0.0,-0.001355700129723815,0.0008026894938860034,0.0,0.0,0.0,0.01166199682779535
2014-03-04,0.016783041078041752,0.017740257541770024,0.0,0.00019668836677969113,0.0030384125580268707,0.0,0.0,0.018824339371877552,0.0016019231262292006
2014-03-05,0.0011832252107547205,0.0012439512018272193,0.0,-0.00036558968348889464,0.0032795366228726536,0.0,0.0,-0.001,-3.713697185023625e-05
2014-03-06,0.00029305603471192656,-0.0005827798784801097,0.0,0.0016233740014272356,0.00042990214953698703,0.0,0.0,0.0,-0.0034812394833153553
2014-03-07,-0.0019455390358143663,-0.0029559363205119934,0.0,0.002911033084201889,-0.0019546453012071266,0.0,-0.02417666592371781,0.0,-0.0038126989447796467
2014-03-10,-0.0008201985930269805,-0.000997457979959529,0.0,0.0010511524095738224,-2.5723496233333024e-05,0.0,0.005309435745706859,0.0004164892028185605,0.00010624906470213524
2014-03-11,-0.006273536088411072,-0.0069500984752570456,0.0,0.003920918473038314,-0.000998514134712865,0.0,-0.014193771384481968,0.0026410768427596043,-0.001063617598555111
2014-03-12,0.00246914532391605,0.0034299262043989403,0.0,-0.0012673047399939866,-0.003513563310526512,0.0,0.0016742389014694492,-0.001,0.001702545160731761
2014-03-13,-0.012514241629699465,-0.013137350236226768,0.0,-0.001110410204994104,-0.006271623034868803,0.0,-0.041450832041364793,0.0,-0.002655260075785759
2014-03-14,-0.0024738738684411694,-0.002447292564997617,0.0,-0.00330510144046092,-0.0020160981999559685,0.0,-0.027550096920584743,-0.000971702657860378,-0.0007457907276277043
2014-03-17,0.007595311881858512,0.006810851738803566,0.0,0.001417971872347747,-0.000501435957830065,0.0,0.04500624530986164,0.01059045025706495,-0.010690999730411842
2014-03-18,0.011260923814940748,0.013091659059481184,0.0,0.003183075870949648,0.0009866297188344773,0.0,0.03723407736949791,-0.001,-0.00035834366856380947
2014-03-19,-0.005718651655735051,-0.005875949302707939,0.0,0.0010613974856182049,-0.0007440212667381451,0.0,-0.019354871279999686,0.0,-0.007095008020134961
2014-03-20,0.003293137500491643,0.00216967441515252,0.0,-0.002325889294667159,-0.0017344250776938,0.0,0.006747664205732029,-0.0027955791561766743,0.0034142222348714224
2014-03-21,-0.0073789239506861695,-0.009013852429776474,0.0,0.0002020570492959478,-0.007580037834830787,0.0,-0.007372631106887351,0.0047708478604697735,-0.0006382693631558078
2014-03-24,-0.008056083011788109,-0.009941770854920618,0.0,-0.0023436464977979717,-0.001026940891693775,0.0,-0.00270087513299766,-0.01782518014920287,0.00031856303566057953
2014-03-25,0.00273286410586334,0.0017761694736568852,0.0,-0.005403828160645191,0.0024249445942160584,0.0,0.013033118131382082,0.001822819435546963,0.00202162639448078
2014-03-26,-0.012803160328335327,-0.01108180596399292,0.0,0.002066743631029727,-0.0016662665623771802,0.0,-0.018212200173391868,-0.013610801534942388,0.00021236936672841544
2014-03-27,-0.0036162861023032694,-0.003876786700999225,0.0,-0.007479725933881131,-0.0023665901166926868,0.0,0.012763785252273507,-0.004873066782940477,-0.0014854190848042625
2014-03-28,0.0021393326723424355,0.0034637906494714263,0.0,-0.000214453383585233,-0.0030652216451373766,0.0,0.010082377848114499,0.00047843039534869623,-0.005747922203936727
2014-03-31,0.010432832952121518,0.007655869768710454,0.0,0.000817484196474185,0.003204580414727268,0.0,0.030943280510152826,0.013163768377946642,-0.004274326805882178
2014-04-01,0.012621225208892443,0.01164332215281004,0.0,0.00730578609572851,0.000757142028483866,0.0,0.03388733956357459,-0.001,-0.00617771511483009
2014-04-02,0.0033799841576396344,0.002965613673487659,0.0,0.001031089224950771,-0.0002659902629188383,0.0,-0.007023579913889133,0.0,-0.0030626306177431433
2014-04-03,-0.0064688027153621186,-0.004409607270207612,0.0,-0.004907160725370726,-0.0014181619337973361,0.0,0.0014146519034721194,0.0,0.00042621424379607475
2014-04-04,-0.020633996866735928,-0.018445268608383896,0.0,-0.00483218811048361,-0.0034177111157550314,0.0,-0.021189742481884877,0.0,0.002339092075345217
2014-04-07,-0.011552104760236367,-0.01049878614909725,0.0,-0.0016947167908880332,-0.0007985363428021017,0.0,-0.022129587148948193,0.0,-0.0021218067581576516
2014-04-08,0.0068005420187571474,0.004147197745575077,0.0,-0.0023323263304741797,-0.0032674555023881184,0.0,0.01820269955205145,0.004954558639307201,0.002338672647129947
2014-04-09,0.01414138135819325,0.004130383166998514,0.0,0.0065686646938567465,0.0017976126162219971,0.0,-0.001,0.01377880801532434,-0.004571223539752981
2014-04-10,-0.02682878430029647,-0.026468770903760062,0.0,-0.00947156782738201,-0.005147064825205074,0.0,0.0,-0.029816180585431815,0.007944619797458308
2014-04-11,-0.011372959229396518,-0.010176304717301106,0.0,-0.00445500953756136,-0.0003407618031190431,0.0,0.0,-0.013849621039147258,0.005045769797311095
2014-04-14,0.006386815527454888,0.007849041713863594,0.0,-0.0014082388417933271,-0.0011614414051895764,0.0,0.0,0.005671843460115711,0.0008349511808513454
2014-04-15,0.004719988798529398,0.005375060158875642,0.0,-0.0017225440842792014,-0.0005895039133394306,0.0,0.0,-0.0009999999999999998,-0.002399732292444695
2014-04-16,0.01156436767319254,0.007421612287937821,0.0,-0.00029904401657690754,-0.00016983101033772222,0.0,0.0,0.010723124653081662,0.0009579810295209712
2014-04-17,0.0020408356256837205,-8.505513302440205e-05,0.0,-2.1846715724365077e-05,-0.0015937101543365166,0.0,0.0,0.004034466155708837,-0.009328642951711104
2014-04-21,0.005232301606615042,0.00508974829405416,0.0,0.000785945645971436,-1.9371240960317652e-05,0.0,0.0,-0.001,-0.0019629355067291077
2014-04-22,0.007442186007025858,0.005948074823075941,0.0,0.003868296040187098,-0.0015417566143760963,0.0,0.0,0.0,0.0008913988172536639
2014-04-23,-0.005798739258912954,-0.0049688162893812135,0.0,-0.005578742146458692,8.79161580203344e-05,0.0,0.0,0.0,0.0036552246223370997
2014-04-24,0.003298336563399737,0.004726260345217226,0.0,0.0014657813994617506,-0.0007278798004676022,0.0,0.0,0.0,0.00349237034704406
2014-04-25,-0.01367978671336209,-0.011426666142591264,0.0,-0.005386373147109143,0.0026410286089157188,0.0,0.0,0.0,0.003379904470114714
2014-04-28,0.0007254490335709837,0.003122957674714017,0.0,-0.0008288273820184718,0.00022353016344201247,0.0,0.0,0.0038999161391600765,-0.004687454843441519
2014-04-29,0.005261811960397028,0.005859461630007464,0.0,0.0036837833751920206,-0.000785943561962175,0.0,0.0,0.0005234490502261675,-0.0009360284035150713
2014-04-30,0.003822905421538445,0.0028537668923705162,0.0,0.00030073460338899126,-0.0007128884712611237,0.0,0.0,0.006652339988853617,0.0009086807162206002
2014-05-01,0.0009714737518051667,0.0011590065390274693,0.0,0.0012150297163849716,-0.00011601837803084433,0.0,0.0,-0.001,0.00578994050751423
2014-05-02,-0.0009679279803777449,-0.0018593154027685096,0.0,0.0024866107097508455,-0.005745432392976643,0.0,0.0,0.0,0.0075653452956344295
2014-05-05,0.002155798885762931,0.001950866686292871,0.0,-0.00024110820466248625,0.0042369651681914994,0.0,0.0,0.0,-0.0006750120694605181
2014-05-06,-0.012209079020434034,-0.005991124680939426,0.0,-0.005445860999005635,0.002237287977308378,0.0,0.0,0.0,0.0019455589551888143
2014-05-07,0.001519798938252224,0.003214077509589605,0.0,-0.0026434738765406455,-0.0005046642980179061,0.0,0.0,0.0,-0.007339631502926891
2014-05-08,-0.0032629383166235685,-0.00017073046149576956,0.0,0.00422168627360658,-0.006017398555998401,0.0,0.0,0.0,-0.0027841044921470327
2014-05-09,0.0040097356594121355,-0.0018892863463570461,0.0,0.0009991758833332815,-0.003854771145197402,0.0,0.0,0.0,-0.002294215407732303
2014-05-12,0.015157440130718012,0.00010577171012089129,0.0,0.002725472154301653,-0.00148014737371601,0.0,0.0,0.0,-0.00026040793558443397
2014-05-13,-0.001812936936436968,-0.004259693903958271,0.0,-0.0020166018004134606,-0.0005025619264133613,0.0,0.0,0.0,0.004679770635890769
2014-05-14,-0.007594679612870259,0.003964150165279856,0.0,-0.0010584320573295675,0.0032726871538065676,0.0,0.004641536310478479,0.0,0.010437074244106148
2014-05-15,-0.008076030519127815,0.0032864493145489484,0.0,0.0004505954692768994,-0.00019598073266155567,0.0,-0.011938927527881837,0.0,0.0022855604234002795
2014-05-16,0.0052051794836007964,0.003713083172791919,0.0,0.0011471559101943708,-0.0015959645559607692,0.0,0.024312099426257117,0.0,-0.0025841964590585962
2014-05-19,0.0063873871062264664,-0.005534737206206826,0.0,0.001527685651293322,-0.0024604219445805175,0.0,0.0120807058946506,0.0,-0.004583628373643379
2014-05-20,-0.007251956189930834,-0.0008853413595441018,0.0,0.0002764210348438194,-0.0007466068299106334,0.0,0.008706681007628614,0.0,0.0017508803850879828
2014-05-21,0.008182012258570025,-0.00642639167106027,0.0,0.00019333234216825732,0.00019631540981980002,0.0,0.014617783594561118,0.0,-0.004813276240379849
2014-05-22,0.004761790428033191,-0.0016973235714658472,0.0,0.0016126776239349695,1.9313715857040552e-05,0.0,0.0009604788345534132,0.0,-0.00013839919989799279
2014-05-23,0.006724989094183457,0.007386560712539442,0.0,0.0010929917186485731,0.0008552646965018828,0.0,0.00767656218526791,0.0,0.00303012153821417
2014-05-27,0.010362122009526908,0.006548680225641346,0.0,0.001470550377395666,-0.0005850149411429432,0.0,0.030880105796481816,0.0,-0.0036707722743122054
2014-05-28,-0.0026528726743483993,0.00202005652485742,0.0,0.00037378851671128195,0.0012909078344806287,0.0,0.0027711676940542773,0.0,0.0061600108484180524
2014-05-29,0.0052262248285905085,-0.0013411503919570085,0.0,-0.002928884062263437,0.0005190341765550174,0.0,0.003553155415861209,0.0,-0.004205635227484944
2014-05-30,6.921566705119246e-05,0.00238838783017748,0.0,-6.977866299971258e-05,-0.001066676811448577,0.0,0.001704658402523318,0.0,-0.001760794750715455
2014-06-02,0.0006738002158578428,-0.0011346864019216414,0.0,0.0016919801239494987,0.0001830482706960095,0.0,0.00693806497619498,0.0,-0.0069535802940536295
2014-06-03,-0.001183834752556968,-0.005129443646635076,0.0,0.0007872860333218998,0.0012573908159030961,0.0,-0.0044201293029657585,0.0,-0.007091884700440393
2014-06-04,0.0017732441395404848,0.0011331730028548306,0.0,-0.001,-0.001616900879805281,0.0,0.010577142063546985,0.0,-0.000903727222286238
2014-06-05,0.007221940669539017,0.012198235203680689,0.0,0.0,-7.781237117803839e-05,0.0,0.03501743256035139,-0.0005517216553821971,0.0029216458575249678
2014-06-06,0.0052592305159182345,-0.0028805120895651283,0.0,0.0,-0.001307744614650926,0.0,0.05006244959575157,-0.001,-0.00014504448519862543
2014-06-09,-0.00022943630613635066,-0.008376982585481838,0.0,-0.0030312170163662717,-0.0021056068805427527,0.0,-0.013197011084255639,0.0,-0.0008158479414146159
2014-06-10,-0.00047292776367464955,-0.006054868054318945,0.0,0.0016044939640181986,-0.00016256081651455973,0.0,0.01771085808076056,0.0,-0.00024497054600372027
2014-06-11,-0.002615763927740746,-0.0009336514575906661,0.0,-0.004612292459938806,-0.00020483381744639142,0.0,-0.022138069368509816,0.0,-0.0018943105193307535
2014-06-12,-0.007591344574066534,0.002067803702638713,0.0,0.006922719291547002,0.003602257957484872,0.0,-0.04915251372390472,0.0,-0.0006324032581342953
2014-06-13,0.0027103065338650837,0.0012583180471836153,0.0,-0.0012653101952769938,0.003211368018179458,0.0,0.017443375739905065,0.0,0.0011596342960060735
2014-06-16,0.001691712024390059,-0.002198307122713657,0.0,-0.0020818191801736637,0.0022308326078790243,0.0,0.0016267957384614729,0.0,-0.0019139593211314346
2014-06-17,0.0028863470806168596,-0.0017597864850662744,0.0,0.00017632269105951183,-0.002643348852768311,0.0,0.0327336671241063,0.0,-0.0027375512842831
2014-06-18,0.0065659083985754275,0.006317064269110413,0.0,0.002085404025374469,0.0026413173747290007,0.0,0.05468178614584707,0.0,0.004534330318431978
2014-06-19,0.0004050509914993377,-0.0004937099069151834,0.0,-0.004500520272031945,0.0016926162445508764,0.0,-0.004014664749895758,0.0,-0.0002104069480177717
2014-06-20,0.001995010362913698,0.002158099590999809,0.0,-0.0027919048208817684,0.001638874656696468,0.0,-0.013935264988557239,0.0,0.000944464049487781
2014-06-23,-0.0018648216814648412,-0.0044893003436041225,0.0,-0.003563153393452853,0.00069880888382849,0.0,0.024526961069327058,0.0,-0.00010437219183945246
2014-06-24,-0.004668401220069155,6.954240860941434e-05,0.0,0.0072483335753322055,-0.002291773706069102,0.0,-0.036707719743432454,0.0,-0.0008392882853441863
2014-06-25,0.0031576793709699614,-0.0011157903862982987,0.0,-0.004010696810615076,0.00297277356065558,0.0,0.037751508182322535,0.0,0.001470063727923021
2014-06-26,-0.0012461009677845322,0.001116696665340949,0.0,-0.0020369292823293134,0.0012993287400353535,0.0,-0.01174590889064131,0.0,0.00039339007356410573
2014-06-27,0.0014100343085116274,0.003947535621838209,0.0,0.0016661764914676167,-0.001132815660221392,0.0,0.008423675244526141,0.0,-0.0011678407407996361
2014-06-30,0.0006692254737155781,-0.00048024103488478946,0.0,-0.0003829386609096778,0.0024323844213655897,0.0,0.010069770678156287,0.0,0.005420530515720434
2014-07-01,0.008326702346513074,-0.00033943406787837924,0.0,0.0013344349766939597,-0.003904577904958229,0.0,0.025376748366966462,0.0,-0.006371486052815839
2014-07-02,0.00017611061541682445,-0.005549093104568361,0.0,-0.0021377098416883876,-0.0038537940194979256,0.0,0.009943669259053545,0.0,-0.006946533547220679
2014-07-03,0.0035314985982852045,-0.005016740577237887,0.0,-0.0006729139978782629,-0.005215366607599213,0.0,0.014112167535855091,0.0,-0.003476605598275005
2014-07-07,-0.004940830576920478,0.0010280909147524072,0.0,0.0019354846962758195,0.0011517079288486008,0.0,-0.02157497374154904,0.0063186668241762564,-0.0007386012109583673
2014-07-08,-0.009745683209721934,-0.0025617926706939017,0.0,0.0036316180750793525,0.003647496628279512,0.0,-0.015766266298683607,-0.001,0.0002110444689826796
2014-07-09,0.005022552199740097,0.0005242653661233601,0.0,-0.0025095049828306637,-0.0007920446082034025,0.0,0.019827538243762266,0.0,-0.0007393691865397178
2014-07-10,-0.006019351572687644,0.00011909396577503538,0.0,-7.388181851515489e-05,0.002827199216671467,0.0,-0.03580845895701723,-0.011644740370660656,8.922400296877036e-05
2014-07-11,0.001973093909579425,0.001729859356217727,0.0,-0.0001960770107818445,-0.004660234699527223,0.0,0.012303507018382565,-0.0013628271207968006,0.004800142469344437
2014-07-14,0.005490636455327211,0.005152323050047644,0.0,-0.0019390780707999066,-0.0025731045236700376,0.0,0.026446077627500397,0.006342719802039653,-0.011120612611743345
2014-07-15,-0.002639956365085091,-0.0015517653680195069,0.0,0.0024707619392096056,-0.0013838712697935647,0.0,-0.01852869705481608,-0.001,-0.004634865735408206
2014-07-16,0.004497895601219166,0.0034409171660763735,0.0,0.0004785439932643713,0.003932244342520897,0.0,0.025134049199880826,0.0,0.004691952366719765
2014-07-17,-0.012444468372949798,-0.010569779203546237,0.0,0.0011447407133786344,0.00012273109596674196,0.0,-0.09447530223485479,0.015964032139549222,0.014130059617720769
2014-07-18,0.01159326874203945,0.004032070029716449,0.0,-0.0012261565895990646,-0.001035617534095153,0.0,0.07220216739075536,-0.001,-0.004737224684859025
2014-07-21,-0.0021592447932941234,-0.002006242029538771,0.0,0.0007002021701533446,0.001102079406182479,0.0,-0.023120062781954775,0.0006649416399394656,0.0038177157283136977
2014-07-22,0.005125846125863304,0.00531503975213106,0.0,-0.004411011510723266,0.0003473944402577065,0.0,0.019761043228531117,-0.001,-0.0003061708094261983
2014-07-23,0.003820506936517567,0.0014040262190029504,0.0,-0.0033957316506460387,0.002144280972800797,0.0,-0.009013103115184218,0.0,-0.0011799270919946648
2014-07-24,0.00012288646015379062,0.0007925337129810429,0.0,0.00016845712370790314,0.0006249517342405412,0.0,0.007162315370341732,0.0,-0.008391126411098715
2014-07-25,-0.004241434413991655,-0.005790284548282595,0.0,-0.000515105486587911,0.00012101984456418079,0.0,-0.030138822432746126,0.010580236904513707,0.011728566594651636
2014-07-28,0.0002781140825317161,0.006867886229244531,0.0,-0.0010990971100482841,0.00041454807566416974,0.0,0.0045390991382654455,-0.001,-0.0014835383724886742
2014-07-29,-0.00271955927903288,-0.005379201164382498,0.0,-0.0033641564671469727,0.0010761260287171755,0.0,0.0025489656694031027,0.0,0.0013045108002589182
2014-07-30,0.0011825734561491596,-0.003410048379979368,0.0,-0.0022543008534802846,-0.0005768777134926067,0.0,-0.016641655630657226,0.0,-0.010061053224226452
2014-07-31,-0.01909866375783675,-0.016116282231824878,0.0,0.0005062082263547769,-0.0008538789199131193,0.0,-0.08543891122285863,0.0,-0.005971083892053114
2014-08-01,-0.0020565425967843435,0.00137533866080256,0.0,0.003512138358428488,-0.00035072100234439396,0.0,-0.04895910528829195,-0.007382043261905627,0.007840400583192231
2014-08-04,0.007479175483106287,0.008099614170937387,0.0,-0.002836570708232497,0.0024724998871081816,0.0,-0.001,0.009360431397879551,-0.0028001667925049876
2014-08-05,-0.009502677625235545,-0.012907489421375644,0.0,0.0007284115724594457,-0.003557725777871696,0.0,0.0,-0.014637070271120803,0.0017663391310296763
2014-08-06,-0.00035685683488804115,-0.0037035770649823346,0.0,-0.0038347603737920555,0.004515919348457327,0.0,0.0,0.0009928100935623317,0.00548254488427582
2014-08-07,-0.004579374330558355,-0.001671733449661829,0.0,0.007238398610377341,-0.004420777876125417,0.0,0.0,-0.005752390995662928,0.007484288113296556
2014-08-08,0.009016975285734476,0.007248574079620172,0.0,0.0027643009618310657,-0.0009318507487390858,0.0,0.0,-0.001,-0.0013759603328427129
2014-08-11,0.0045288117468147955,0.009294966409796754,0.0,-0.0010016444935260602,-0.0008987313878968585,0.0,0.0,0.0,-0.000694018788109374
2014-08-12,-0.0009521027090526057,-0.0002835865232078638,0.0,-0.0007223245099443264,-0.0009381694329640901,0.0,0.0,0.0,-0.004137116299522597
2014-08-13,0.009875738363571241,0.009923983138148268,0.0,0.00048807311229654153,-6.386265912870545e-05,0.0,0.0,0.0,0.004831432577436345
2014-08-14,0.0033250001104566254,0.00040653173760330305,0.0,0.0018149486094370922,-0.003971768931556419,0.0,0.0,0.0,0.00553837625269814
2014-08-15,0.0016262268818440179,-0.0019005764071562173,0.0,0.0011849968533211843,0.003494030473310536,0.0,0.0,0.0,0.004789240009978685
2014-08-18,0.008498840575505448,-0.0012124412937035618,0.0,-0.0005489691464134073,-0.0025357259703859512,0.0,0.0,0.0,-0.007910597251020973
2014-08-19,0.004343662328302242,0.002398164569575109,0.0,0.0016299570039679902,-0.0012380806508664004,0.0,0.0,0.0,-0.0027924742637886134
2014-08-20,0.002221348753953948,0.001053994081926889,0.0,-0.0001593635532219898,-0.002300422793517491,0.0,0.0,0.0,-0.0023541157234436227
2014-08-21,0.0012051675312726602,-0.0029404488764961057,0.0,-0.00022999896642762738,0.000618643814990792,0.0,0.0,0.0,-0.00013306345583872755
2014-08-22,-0.0022653640892823903,-0.005416696601754099,0.0,-0.0027991709327825263,-0.0009422752293327551,0.0,0.0,0.0,0.004505022934719416
2014-08-25,0.0023695483077190776,0.00464374467014175,0.0,0.0010922955320304233,-0.00015586086416136125,0.0,0.0,0.0,0.001159625380774282
2014-08-26,0.0011164748820902735,0.001980391617896347,0.0,-0.0003841572549265607,0.004012884857593611,0.0,0.0,0.0,-0.0003581897635428267
2014-08-27,0.00011713769399041974,0.002041037770298632,0.0,0.0019171945059787221,-0.0031996351074635634,0.0,0.0,0.0,0.005453865372763855
2014-08-28,-0.003581678749704626,-0.00625391379194718,0.0,0.00047463099805492893,-0.0006210863912341981,0.0,0.0,0.0,0.005335125574888355
2014-08-29,0.0033327593337861765,-0.0014994213428361713,0.0,-0.0005467027893694341,0.0019750134168781204,0.0,0.0,0.0,4.1812651596745485e-05
2014-09-02,0.001008994975277025,-0.00044298816737874634,0.0,-0.002623502814480844,-0.004466033119093087,0.0,0.0,0.0,-0.017457691538589847
2014-09-03,-0.001797907876600074,0.004348960004879478,0.0,0.0004398007934751084,-0.00020085144772258827,0.0,0.01072149981649162,0.0,0.005057916946787144
2014-09-04,-0.0019762927393219155,-0.007489074847315188,0.0,-0.002783685769390097,-0.004005401777465858,0.0,-0.0018723936621291015,0.0,-0.009838773571912313
2014-09-05,0.0065995148378778625,0.00408622271641652,0.0,0.001129068019860582,0.0016857958024797278,0.0,0.02016650489201699,0.0,0.0004380631833703463
2014-09-08,-0.0004579526192486346,-0.007561157327157525,0.0,-0.007345065984938139,-0.0032079619223200385,0.0,-0.0019538650059296447,-0.0005679997125441752,-0.0035328814442515395
2014-09-09,-0.007026215092655854,-0.009227862175008329,0.0,0.0015234231607492068,7.003015662589829e-05,0.0,-0.027406694539201748,-0.0035892191552165404,-9.919446502206782e-05
2014-09-10,-0.0006991630749108136,-0.010020896392598967,0.0,-0.004607652545211238,-0.0016947926881672954,0.0,0.006985602340524144,-0.0034155646857661585,-0.005868074902733272
2014-09-11,0.00020754621637223759,-0.004978476770833658,0.0,-0.0006510090533540201,-0.0008761059237529845,0.0,0.0028218442699345925,-0.004308847446391574,-0.0044475277224741705
2014-09-12,-0.012298597078479155,-0.007998191978889364,0.0,-0.0035706018068534994,-0.0028304609437815,0.0,-0.021807956271377438,-0.011968851385782023,-0.010001314921868492
2014-09-15,-0.005686160880000308,-0.00748707304269881,0.0,0.0035819311251042095,-0.0009496698417626878,0.0,-0.02565023830541302,-0.000818255143935614,0.0017440454845024322
2014-09-16,0.008503747414303315,0.010867542740567358,0.0,0.0017190794061275382,0.0012372394804646804,0.0,0.04809934787401371,0.008489281984600517,-0.0020730800108136604
2014-09-17,0.0010689079048344654,-0.0039249418913129335,0.0,-0.001955787539123507,-0.002742452958069589,0.0,0.008802817216714498,-0.004564576127165985,-0.00546652268999096
2014-09-18,0.0033820517486984197,0.004377660603944067,0.0,-0.007481649626661642,-0.002423543934358922,0.0,0.014427056860871978,-0.001,0.0027890910644469357
2014-09-19,0.0011627452917742185,-0.004074699729389325,0.0,0.0015197998499193858,-0.0023959184191252405,0.0,-0.0005734952443821051,0.0,-0.000495457209389592
2014-09-22,-0.00672195741066109,-0.011993826089252969,0.0,-0.004694242474784733,0.0005822783883938472,0.0,-0.03465683571516254,0.0,-0.00182475486660294
2014-09-23,-0.002071688721287642,-0.003933398904980689,0.0,0.0005160948034575747,0.0013951210207435204,0.0,-0.037089903051730544,0.0,0.004268819830623995
2014-09-24,0.006457839528277226,0.0037029404258080443,0.0,-0.003178810377225197,0.003508070891162055,0.0,0.031111069667486557,0.00756536079777113,-0.005240334768034066
2014-09-25,-0.01667114190465283,-0.022044411481699323,0.0,0.0008349312398330691,-0.0029539646303205036,0.0,-0.07507180190466312,-0.016433162658347843,0.0087159026323958
2014-09-26,0.006788472756689888,0.008730998061213593,0.0,0.0028232787597775623,-0.0006397808165025685,0.0,0.0343042268722189,0.006290647011500139,-0.0019344582192276194
2014-09-29,0.0004496927046662669,-0.0015313724559950944,0.0,0.0010939415258278931,-0.0013569669447725512,0.0,-0.04780975747024174,-0.021596649944352498,0.005120819465631649
2014-09-30,-0.0016025471517737448,-0.0023051523450768768,0.0,-0.004287615965894898,0.000470950110826617,0.0,-0.014984218746208144,-0.001,-0.0061209933208164315
2014-10-01,-0.01211974631958708,-3.417402045068809e-05,0.0,-0.004098584862894945,0.0023751851496202686,0.0,-0.02081672187304784,0.0,0.014290808913582476
2014-10-02,-0.0027733201965724195,-0.005212124566938543,0.0,-0.0013304832887424123,-8.102685142058079e-05,0.0,0.007631578208626921,-0.0001344048164353027,-0.005752550212592189
2014-10-03,0.008863030515520034,0.006884720176880614,0.0,-0.004093377986502911,0.0027384279128321786,0.0,-0.001,-0.001,-0.003612941233121702
2014-10-06,-0.0011677888157165328,-0.0011524040983106865,0.0,0.0006771998466972813,-0.0010940932319080602,0.0,0.0,0.0,0.004723153309708372
2014-10-07,-0.0078002152702512555,-0.0033168828879780615,0.0,-0.00514708604947217,-0.003984503581273079,0.0,0.0,0.0,0.009771189354777922
2014-10-08,0.013591630946890252,0.010245597580798882,0.0,-0.0026313109797372765,0.003331113386235581,0.0,0.0,0.018217732957753578,0.0035018651351454767
2014-10-09,-0.01410354549498597,-0.010387483204812059,0.0,-0.006501177273602283,0.005459114280069864,0.0,0.0,-0.001,-0.0023246457881444973
2014-10-10,-0.013934875358288567,-0.009985862436117208,0.0,-0.0065654588245671296,0.0017355791586970083,0.0,0.0,0.0,0.0063038935360760886
2014-10-13,-0.009073431225739555,-0.005295536173337477,0.0,-0.0067442473001055395,0.0056994074744067735,0.0,0.0,-0.015275862148875333,0.006720544067815682
2014-10-14,0.006260377277349291,0.0035828516171386524,0.0,-0.0017406282686380041,0.0011139622691060315,0.0,0.0,0.0010938523123100283,0.004458237053695058
2014-10-15,0.00010992164861811925,0.0017825473699355737,0.000915504866046352,0.010488356803052807,-0.007712458871709415,0.006368352876948481,0.005085516178736482,-0.007213873243116963,0.006313309254050881
2014-10-16,-0.004224170712252914,-0.0064815453772587356,-0.006089123646553742,0.006540469382624173,-0.010368977910644592,0.0012858158873770675,0.01161904761904764,-0.006106740610756416,-0.003461196760624791
2014-10-17,0.0020031102563306115,0.0005207520709896854,0.000728967555120464,0.0004884268878122141,0.0002803772082045989,-0.011809650342660294,-0.023268801191362598,0.012190861055967853,-0.004305180186178664
2014-10-20,0.010319849119185787,0.007576089605520579,0.006252447991521471,-0.0014539622349048825,0.0009234653680182851,-0.009407007152059804,-0.03650917610308474,-0.001,0.004744833440104157
2014-10-21,0.007684467488690988,0.004637581385406835,0.0028981620283186574,0.00949284163525874,-0.005788616887328839,-0.01934097615401586,-0.0377000842459983,0.0,-0.004546427716666591
2014-10-22,-0.0013359888599212661,-0.002152290185081375,-0.001,-0.006152046389420164,0.006260474120526241,-0.001,-0.0005,0.0,-0.0012819119057612513
2014-10-23,0.004116687990678887,0.001698537887736588,0.0,0.004427569871054293,-0.002519805677080377,0.0,0.0,0.0,-0.008168562746256524
2014-10-24,0.003076411355234551,0.004685716733188379,0.0,-0.003712221866664538,0.004574107626678675,0.0,0.0,0.0,0.00015010147697098184
2014-10-27,-0.00011142415743537197,0.0012211858157429823,0.0,-0.002736404396780551,0.008666058354446315,0.0,0.0,0.0,0.00033668122137995866
2014-10-28,0.004149416788970221,0.004529839207095465,0.0,0.001235804041840187,-0.005583862715892088,0.0,0.0,0.0,-0.003945915634083236
2014-10-29,-0.004333328040372176,-0.0011029868007122056,0.0,-0.0014011188710085433,0.00018231788794441755,0.0,0.0,0.0,-0.003536060676020569
2014-10-30,0.0023355055576392393,0.0015184887576744604,0.0,-0.004360795057839144,0.005477124033970349,0.0,0.0,0.0,-0.003124049537717599
2014-10-31,0.012033616824459796,0.012445674305895577,0.0,0.005814846743088684,-0.0053677368431246835,0.0,0.0,0.0,-0.009372558049413993
2014-11-03,0.004162350659886787,0.005343002776138107,0.0,-0.0045609629675739,0.005383960080676677,0.0,0.0,0.0,-0.0015844769600518503
2014-11-04,-0.0016982016296150009,-0.0012483867160130477,0.0,-0.0061698867383750775,0.005862333812782087,0.0,0.0,0.0,0.002240284904791456
2014-11-05,0.00109009058417306,-0.0008386726909740071,0.0,0.0026285904726856355,-0.006073091243299505,0.0,0.0,0.0,-0.00850465149960844
2014-11-06,-0.004347200454748654,0.0040958706963425025,0.0,0.005351495857250528,-0.0043957891621026115,0.0,0.0,0.0,-0.003913159580783987
2014-11-07,-0.0011278946765245032,-0.003659061964894766,0.0,0.0027031124355563828,-0.004927780278378464,0.0,0.0,0.0,0.017309161983062114
2014-11-10,0.00502229102693834,-0.0033012110960962257,0.0,-0.003645640135266077,0.003722142685276897,0.0,0.0,0.0,-0.013747198097836439
2014-11-11,-0.0008538919165185016,-0.0006517974591616165,0.0,0.0032454833390232504,-0.0005760219133987479,0.0,0.0,0.0,0.005444555054287026
2014-11-12,-0.0023932430150328944,-0.0018976929565850927,0.0,0.0020363503284800437,-0.0008266689193117043,0.0,0.0,0.0,-0.0022346539791947674
2014-11-13,0.004088059079158298,0.0022610167639407967,0.0,-0.0005403252441417881,0.003317256267528086,0.0,0.0,0.0,0.0020680003495996634
2014-11-14,-0.0003449981711705468,0.00198467330476417,0.0,0.002632344003441687,-0.003775409306107082,0.0,0.0,0.0,0.011946030160398633
2014-11-17,-0.0003892963250434098,-0.0015948749251773668,0.0,-0.0024572278134048896,0.0019710255311246724,0.0,0.0,0.0,-0.0029157900110425962
2014-11-18,0.004851731587406833,0.006750255204287929,0.0,-0.0002898070494069884,0.0009080990228185248,0.0,0.0,0.0,0.004868443049538717
2014-11-19,-0.006669829473381488,-0.0033594491227597182,0.0,0.004315221186386634,-0.0026621858062335327,0.0,-0.026013500500562947,0.0,-0.008300843494559179
2014-11-20,0.004295087001693953,0.003346311689918881,0.0,0.006827204225817116,-0.004529279897353466,0.0,0.01053948314793618,0.010202484605298046,0.007026390109676494
2014-11-21,0.004716310840558663,0.0033175582201877218,0.0,0.0010315254207404253,-0.004336427097676362,0.0,0.020172821955568576,-0.001,0.005534911987316904
2014-11-24,0.003952434703059643,0.0008588048517911297,0.0,0.0009923157688099824,0.002725161735166141,0.0,0.020850190047262407,0.0,-0.00030789752799203487
2014-11-25,0.0037800118196467673,-0.000527936324194618,0.0,-0.010624148166336111,0.002545230113287825,0.0,0.00803795777121552,0.0,0.006228724122226425
2014-11-26,0.006380806473057071,0.006952769864308387,0.0,-0.005352154043175461,0.0058492135382908475,0.0,0.015686234617545036,0.0,0.0011025400006330344
2014-11-28,0.004863211989771909,0.0037621291608830334,0.0,-0.03334663302280759,0.020813301210117936,0.0,-0.02702700845046302,0.0,-0.004135624102965396
2014-12-01,-0.006318059616501527,-0.009766292569101278,0.0,0.003008024363201296,-0.0030454451464479015,0.0,-0.042592609599130804,0.0,0.010163554920507361
2014-12-02,5.961321265014699e-05,-0.002941558575015022,0.0,0.0018409942200949304,-0.002405945942857939,0.0,0.05277700801023211,0.0,-0.010636056336933769
2014-12-03,0.0013776442326817856,-0.00037514433598412626,0.0,0.005471249469805244,-0.006434444558381322,0.0,0.015485568929579863,0.0,0.006156158285111513
2014-12-04,0.003643263609939156,-0.0035613956365413675,0.0,-0.0014783285119561718,0.0030021048098283366,0.0,-0.0012923039244057133,0.0,0.0040813092922293796
2014-12-05,-0.0039749702039845085,-0.004195127658768928,0.0,-0.008462038565068395,0.005992720210745816,0.0,0.01630437572636212,0.0,-0.008168845206016906
2014-12-08,0.004632947085266851,0.0027799869675284184,0.0,-0.02105333197686993,0.015957692617978466,0.0,-0.03972501540887052,0.0,0.012074043386640466
2014-12-09,0.0043695212286075005,0.00417260978725312,0.0,0.005076675449659273,-0.005957416787264486,0.0,-0.012463469037828356,0.0,0.010626167669944364
2014-12-10,-0.001779201227715627,-0.002693185789992921,0.0,-0.0067914758808124,0.007334441889383191,0.0,-0.10257796287185228,0.0,0.004067143338534646
2014-12-11,0.0033391119814524966,0.004342969884076782,0.0,-0.002057046515294939,0.0022800374073326094,0.0,-0.06403344103975273,0.0037247159880122267,0.0018701241815034853
2014-12-12,-0.0015896718904586662,0.0036095925707719653,0.0,-0.003919441763365182,0.0026604671076744827,0.0,-0.056905391546409057,-0.01603866859424334,0.007983002995245597
2014-12-15,-0.008463848094124043,-0.0051533050331503015,0.0,0.00010344391829436605,-0.00019940309039823449,0.0,0.02305085780256877,-0.008548356232923163,-0.010340839605580876
2014-12-16,0.0006561505968959545,0.0030088443241905673,0.0,0.007044879950906072,-0.0065357048153831645,0.0,-0.04622267871628993,-0.010343099322444841,0.00975868391798327
2014-12-17,0.00899349798622944,0.0016578848796888535,0.0,0.008219233044584663,-0.010424608387929133,0.0,0.09136706903097935,0.019345145528921318,-0.007928931806492267
2014-12-18,0.001142354357554889,-0.008419383923777935,0.0,-0.0009709909740918709,0.001960116394176362,0.0,-0.001,-0.001,-0.008870437300146162
2014-12-19,0.005545395947050781,0.009006944761801616,0.0,0.010301409204047571,-0.013145723192840788,0.0,0.0,0.0,0.0075850601958464
2014-12-22,0.008118907229186748,0.0017552997649353556,0.0,0.0015861179784986868,0.00278811414005324,0.0,0.0,0.0,-0.005892188565068417
2014-12-23,-0.008763358632526072,-0.013231882152049484,0.0,0.0016864372716353228,-0.008733155411538638,0.0,0.0,0.0,-0.012301619776429325
2014-12-24,-6.307671912068936e-05,-0.0032856663867761177,0.0,-0.003671330577977038,0.003347820874800268,0.0,0.0,0.004442456341145263,0.0036307274799389777
2014-12-26,0.004337446709204274,0.005021214272656424,0.0,-0.003519203509685498,0.003186034558130988,0.0,0.0,-0.001,0.008805735039585271
2014-12-29,0.0049191069302279,0.00026398847253005235,0.0,-0.002477349218539781,0.00047119377759623487,0.0,0.0,0.0,0.0013234016248238117
2014-12-30,-0.0008287917102533606,-0.002597870822985181,0.0,0.0021565176083858384,-0.0012240472415601536,0.0,0.0,0.0,0.006474131631061141
2014-12-31,-0.009009865258041781,0.001882399891219823,0.0,0.0010850261101261788,-0.0026565550764774343,0.0,0.0,0.0,-0.0036805319205327584
2015-01-02,0.009862818173864404,0.010228301940510082,0.0,0.0032733122003022323,-0.0007031335033724549,0.0,0.0,0.0,0.008767346026534218
2015-01-05,0.005487646700139717,0.008565354331223613,0.0,0.00814214084046225,0.0142818110144943,0.0,0.0,-0.016265203846660525,0.015487630999799796
2015-01-06,0.008848539922582888,0.009560673327898112,0.0,-0.005101743182342517,0.00611249895458783,0.0,0.0,-0.012888281323212937,0.015701016803929057
2015-01-07,0.0077774368572132765,0.0043379577811422055,0.0,-0.0037660082945365166,0.006543398650017773,0.0,0.0,0.010467951749197027,-0.0033458621141705834
2015-01-08,-0.00044021697636106817,-0.005618871109260857,0.0,0.004231653869128261,-0.0047006814651892,0.0,0.0,0.017087806208941625,-0.010080705690340442
2015-01-09,0.002886676333761687,0.00570844255981386,0.0,-0.0007164906357197981,0.00013164169118150677,0.0,0.0,-0.001,0.011104055686851255
2015-01-12,0.003585944113872541,0.006642969872468027,0.0,-0.009188232291013327,0.011429262462728802,0.0,0.0,-0.009291552041102547,0.007599376422331827
2015-01-13,-0.0007385748442452546,-0.0007448381063455851,0.0,-0.002266393330247344,0.0033708403746145216,0.0,0.0,-0.001,-0.0011808187133298786
2015-01-14,0.005390270346948941,0.008058512449267046,0.0,-0.0009596374399808058,0.00010579921745332134,0.0,0.0,0.0,0.00436827871667142
2015-01-15,0.004633189935521913,0.009313704686971607,0.0,-0.005631239782343395,0.00497019806883773,0.0,0.0,-0.013340461822605842,0.019039581408567638
2015-01-16,0.0005929094945403865,-0.002249075026775912,0.0,0.0028628923056686953,-0.00824889133691918,0.0,0.0,0.01017967778780202,-0.003714244927235495
2015-01-20,0.0022967605577576032,0.0024875691761985625,0.0,0.00014846018879484597,0.0001233963844132981,0.0,0.0,0.0008200501078545508,0.013436885252010578
2015-01-21,-0.0037074436773944248,-0.006324607845184229,0.0,0.0007555441738074465,-0.006323528306462853,0.0,0.0,0.0016730530803980262,-0.007428416330991572
2015-01-22,0.010324274859112186,0.007299124489395643,0.0,0.00749632800223271,-0.0007950405745630545,0.0,0.0,-0.001,0.0004784237255101853
2015-01-23,0.003862639356331415,0.004917429974817866,0.0,-0.0012691134107283772,0.0008122694529497603,0.0,0.0,0.0,0.0062519007526686005
2015-01-26,0.00256070044277964,0.002632323888873606,0.0,0.0006361624097453867,-0.0055246678793106655,0.0,0.0,0.0,-0.0054708935266840845
2015-01-27,-0.005239465246058948,0.0008037387127643982,0.0,-0.006440111765270958,0.00032268969249088487,0.0,0.0,0.0,0.005028109727753793
2015-01-28,0.0010102192913624324,0.004100740375290408,0.0,0.0012451043852770409,0.011323086056213277,0.0,0.0,0.0,0.007869487203673902
2015-01-29,0.0011836004339031785,-0.0014453049434268214,0.0,-0.000979471804521834,0.002571100065702002,0.0,0.0,0.0,-0.011820942018050479
2015-01-30,-0.0058332869257328055,-0.0018298900033696405,0.0,0.004673072795351514,-0.012426138652879943,0.0,0.0,-0.0034952302219233063,0.019326186808738842
2015-02-02,-0.0008949687590659454,-0.003350995362108443,0.0,0.0041887005001626084,-0.010231923780606849,0.0,0.0,0.010895355575446035,-0.00537441355615838
2015-02-03,-0.0018647715803463646,-0.006877561577240234,0.0,0.0044622655479256736,-0.008995271948479426,0.0,0.0,0.01445602434502513,-0.017675145797218263
2015-02-04,-0.001772006968611803,-0.0014509025396892772,0.0,-0.004345835562170498,0.0015055910162534666,0.0,0.0,0.0023783458565487265,0.0026434670931491768
2015-02-05,0.004006599791212628,0.0013473844014332808,0.0,0.0016711890159488915,-0.0016721340939360215,0.0,0.0,-0.001,-0.006531742836426419
2015-02-06,-0.01978721467023038,-0.02430647882338385,0.0,0.0006243401792861887,-0.010359469091121783,0.0,0.0,0.0,-0.02055897954338538
2015-02-09,-0.004343841561912434,-0.0045149321724243475,0.0,-5.462332434843934e-05,-0.004833780303248628,0.0,0.0,-0.00260316710533559,0.0005214913959302625
2015-02-10,0.0026532536319294536,0.0018989009852519176,0.0,-0.005477134294144427,0.005923091433681692,0.0,0.0,-0.007954300096951195,-0.007226172680280923
2015-02-11,0.000365663135680908,0.001164117194871764,0.0,-0.0001123134239276726,-0.0014360155730818544,0.0,0.0,0.0018501902980836427,-0.00293344897450512
2015-02-12,0.006645564205003526,-0.0017769230251020382,0.0,-0.0075232707902415106,-0.006209141832103456,0.0,0.0,-0.0033089155595333875,-0.0013435957857768077
2015-02-13,-0.0037951393329252645,-0.0028137191184751586,0.0,-0.011781294633258258,-0.009728888799136482,0.0,0.0,-0.010268573355707522,-0.004765569241155177
2015-02-17,-0.005532024858481536,-0.001693014166021529,0.0,-0.00017270817078595503,-0.0010150550480153694,0.0,0.0,-0.015056161428448567,-0.01563071926674768
2015-02-18,0.005953871050862005,0.0036461328279139868,0.0,0.01124166837230627,0.002396625365858521,0.0,0.0,0.005940552535528054,0.004856945463533758
2015-02-19,-0.00951620948041994,-0.0055900266980355405,0.0,-0.005917983425047549,-0.001403059856307997,0.0,0.0,-0.006613980122989749,-0.005502438190278009
2015-02-20,0.006550111424216717,0.0022927484193480873,0.0,-0.0013260807056877343,0.0034428084098729436,0.0,0.0,0.002932729900990916,-8.614644475932187e-05
2015-02-23,0.006893636159330203,0.004465723628007578,0.0,0.001759498911647524,0.0028359291530325494,0.0,0.0,0.011458502906595003,0.00790344443451182
2015-02-24,-0.0032493899795120336,-0.00799653852440903,0.0,0.0005583879860212578,-0.0008388295066694229,0.0,0.0,-0.001,0.008016937641857453
2015-02-25,0.000715370932076446,-0.0006794627984481408,0.0,-0.003858533580227409,-0.0009394447974159473,0.0,0.0,0.0,0.004142941651741216
2015-02-26,-0.0068249988850348315,0.002621166284265173,0.0,0.0005048583594843118,0.006694036338380967,0.0,0.0,0.0,-0.007764985695937272
2015-02-27,0.003755114283238527,0.002614308366575276,0.0,0.0005574207314063568,0.0014390035666372609,0.0,0.0,0.0,0.005736345155143196
2015-03-02,-0.0011837283773022001,0.0025014533125613404,0.0,-0.009613442204376424,0.00497427688311609,0.0,0.0,0.0,-0.013553278492480303
2015-03-03,-0.003442513837500562,-0.0008676305184118711,0.0,0.004522726190051764,-0.0043827496029977585,0.0,-0.02326897002598427,0.0,-0.0029919875929556752
2015-03-04,-0.004751852185865949,0.0008987869010015874,0.0,-0.0009489686082495906,9.969721059788737e-05,0.0,0.002462234909961225,-0.0006837360397703432,-0.003863696876227561
2015-03-05,0.0010582662384693827,0.0041986124442610915,0.0,0.0034001530931782094,0.003104390194050462,0.0,0.012127739068614085,-0.0012657212287715547,0.0018671767276623452
2015-03-06,-0.02207631463456569,0.0007197006790398361,0.0,-0.008606010699236496,-0.0009070022476009019,0.0,-0.04474443727111388,-0.001,-0.006359712138627405
2015-03-09,0.0018886946529980775,0.0001784617271765813,0.0,-0.0026744448731360394,0.00553670181498232,0.0,0.014290275205152136,0.008231280680874531,-0.00209625571223393
2015-03-10,0.003407835035407044,0.010593781925528279,0.0,0.00400228448217855,-0.00018864961364557008,0.0,-0.03256108009198033,-0.001,-0.003870938651610145
2015-03-11,0.007194249098445509,0.010149669959490659,0.0,-0.0003225945299134257,-0.003151044768600789,0.0,-0.02491910897312488,-0.005844839196567834,0.0006309320774042187
2015-03-12,0.000933319640177401,-0.00418124226979435,0.0,-0.0035013012058785686,0.00959989458925967,0.0,0.0594092587250441,0.008401516326766174,-0.0005546001253102118
2015-03-13,0.004303788427362552,0.006687527334827771,0.0,-0.0008266361866591626,-0.0008431546348341441,0.0,-0.02286965978983435,-0.005558604069398031,-0.0014887625446055985
2015-03-16,0.0006411476379421615,-0.003162543647320578,0.0,-0.001223147373803127,0.0010809843615944756,0.0,0.023725545317324626,0.010820099076547096,0.0060373058115056055
2015-03-17,-1.3563085778511429e-05,-0.00048015466359243306,0.0,-0.0002471488651724067,-0.0010308807508358445,0.0,-0.001,-0.001,0.0034899999137593288
2015-03-18,-0.00035791506161344144,-0.006744081174717416,0.0,0.0044520537226689924,-0.006911249266176667,0.0,0.0,0.0,0.019406047085707256
2015-03-19,0.004745072504128565,-0.004200092696309376,0.0,-0.005880556457002296,0.0075711987622460895,0.0,0.0,0.0,-0.0035611935329837806
2015-03-20,0.0032602648958928813,0.014972503644737551,0.0,0.0011099088718296926,-0.0022212969754473815,0.0,0.0,0.0,0.007418217529299321
2015-03-23,-0.002301946888215194,-0.0013348399862527596,0.0,0.0009285311932036959,0.0011547484901065926,0.0,0.0,0.0,0.0014279384788917656
2015-03-24,-0.001217918012170402,-0.0003718329098689491,0.0,0.00120770489801315,-3.818476519538634e-05,0.0,0.0,0.0,0.007142453673708992
2015-03-25,-0.016503776619315586,-0.013169529632085834,0.0,0.006738278488102787,-0.009609840619670787,0.0,0.0,0.0,-0.005000879409644704
2015-03-26,-0.008249277800515152,-0.0099788367350743,0.0,0.0008608095512803111,-0.0018164915822701591,0.0,0.0,-0.0020561414590417344,-0.007845065219534065
2015-03-27,0.005617573649476443,0.006227932093410815,0.0,-0.0021073351617738253,0.006091466896195415,0.0,0.0,0.0018359368499057146,0.006811116530469685
2015-03-30,0.007232727322319326,0.005924877110546062,0.0,0.0012077422138608808,-0.004680135484062025,0.0,0.0,0.012065106898347448,-0.007208300709088488
2015-03-31,-0.006132345745502253,-0.004134469886703095,0.0,0.0033201167066622852,-0.002240985007744516,0.0,0.0,-0.001,0.001118622839398187
2015-04-01,0.0020451192508198607,-0.0015278736171557823,0.0,-0.0021273531819923077,-0.0025100631132756327,0.0,0.0,-0.0005802614333427637,0.01451150567104953
2015-04-02,-0.005325600152568641,-0.0018324993869963044,0.0,-0.004195004948538528,0.0020784823403670674,0.0,0.0,-0.001,-0.007856219187908875
2015-04-06,-0.001836480611038234,0.006506472221826841,0.0,0.0014103265473049964,-0.005058486236970348,0.0,0.0,0.0,0.0006513792808192699
2015-04-07,-0.004548522580670714,-0.012527496983802759,0.0,0.0015977144556939549,-0.0007592223087679636,0.0,0.0,0.0,0.003710132099834885
2015-04-08,0.003440193448926038,0.0048649670837408905,0.0,0.0012048516206152886,0.004882104001109596,0.0,0.0,0.0,-0.001730512980211146
2015-04-09,-0.00748373696335458,-0.011992850796870269,0.0,0.0014558931508005806,-0.0029679473384540806,0.0,0.0,0.0,-0.010851950207700373
2015-04-10,0.0019419802340830648,0.002291194755686236,0.0,0.006531038780477727,-0.0004509678172995982,0.0,0.0,0.000467692938503351,0.004921917697728461
2015-04-13,9.694926076979184e-05,2.821584149804079e-05,0.0,0.003057112912622341,0.0006742239890461304,0.0,0.0,-0.001,-0.001601676843749472
2015-04-14,-0.002362373273839661,-0.00402190061705085,0.0,-0.0011944685880453934,-0.0041743953130631145,0.0,0.0,0.0,-0.001561747199048778
2015-04-15,-0.001414889352236708,0.0009085679135615722,0.0,-0.010974770924236725,-0.004062126528684076,0.0,0.0,0.0,0.0004808776511696774
2015-04-16,-0.005028625544129482,-0.0017983810852475416,0.0,0.0007015598549310862,0.00013084521855737455,0.0,0.0,0.0,-0.004447741750957163
2015-04-17,-0.004389624668016488,-0.0159621193129119,0.0,-0.002745189925424211,-0.0010686014358381396,0.0,-0.03624558954545076,0.0,-0.0050665904244830955
2015-04-20,0.005122173151379868,0.012229668748547046,0.0,0.004595095197987842,-0.00043436972352440357,0.0,0.034849005401362154,0.0,-0.01040025840989022
2015-04-21,0.0007940359528162854,0.0015981801093340904,0.0,0.003408175925342003,0.005234956556482155,0.0,-0.0008763106814105859,0.0,-0.0009297105836761303
2015-04-22,-0.0020389367491259946,0.0034142655930909805,0.0,0.0002238364539657034,0.0005516381603150497,0.0,0.011652679283607359,0.0,-0.014624397787587673
2015-04-23,-0.00029913796994251383,0.004160726292087386,0.0,-0.0027073046125424965,0.0001225800384179456,0.0,0.009536837909757567,0.003305923815057344,0.005350907373367075
2015-04-24,0.004185164368656477,0.004520435333385873,0.0,0.0009568669950600103,1.015502117304029e-05,0.0,0.009814690239195789,-0.001,-0.00035458658988063267
2015-04-27,-0.0026142173577196805,-0.006984527991994968,0.0,-0.0008586130261142634,-0.004672770259146514,0.0,-0.029036562514135333,0.0,0.00032825580295914314
2015-04-28,-0.006290695342967289,0.0017035515665885597,0.0,-0.0010369523701678094,-0.0030305382550076445,0.0,0.034409410197766555,0.0,-0.0015319100478085046
2015-04-29,-0.008444809162919089,-0.008611343918008408,0.0,-0.004052133066359477,-0.003126086101356863,0.0,-0.027458530220690447,0.0,-0.001863817116160682
2015-04-30,-0.008654570450708512,-0.01847458897278979,0.0,0.0013144858898497785,-0.0019298074791015904,0.0,-0.02761195495734614,0.0,-0.0005494051649980181
2015-05-01,0.004075398160115464,0.0071509895105905255,0.0,0.0021310513097078784,0.0023519602688715432,0.0,0.048349945824272655,0.005518857006736267,0.0022304349801889334
2015-05-04,0.0018179484550832322,0.002139861198378782,0.0,0.00107277700802468,-0.0001431642213685431,0.0,-0.001098051963102975,-0.003897965020104943,-0.0002207515344909705
2015-05-05,-0.010660942922573547,-0.009197970381401898,0.0,0.0017367077810838984,-5.80230130772688e-06,0.0,-0.03444484671086623,-0.0023863215911956864,-0.001322009584362016
2015-05-06,-0.007740380477640861,-0.009641787334526612,0.0,0.0019422272742262376,-0.001188871398093431,0.0,-0.016698287714928428,-0.008702913416414786,-0.002978100199814482
2015-05-07,0.005169462729800615,0.0009514532822287076,0.0,0.007560044496258502,0.003330250742510997,0.0,0.007847587220033425,0.002756595052715513,-0.00011064912155589468
2015-05-08,0.008883614061521763,0.0051269144672114195,0.0,0.00204547833363017,0.0005178135855350226,0.0,0.05246363036097934,-0.001,0.007856199041293532
2015-05-11,-0.0018513906423062864,-0.007431911776292587,0.0,-0.001397668382515138,0.0028999525137817193,0.0,-0.027289267232022296,0.0,-0.006258379206279807
2015-05-12,-0.004477625448126601,-0.0025493655639076095,0.0,0.0007379811663702821,-0.004044477393635334,0.0,0.004364166045311757,-0.0042970530888314365,-0.00011079296812777084
2015-05-13,-0.0021032346720339687,-0.0022802024340690006,0.0,-0.00552784608400019,0.000649038187893802,0.0,0.017628778586549432,-0.001,-0.001435624234287669
2015-05-14,0.007856485136700266,0.012164863371969403,0.0,0.0013068870061150317,0.0018825771906941353,0.0,0.02037328466604338,0.0,0.004867735791895367
2015-05-15,-0.00021293622208851977,0.0005627365507784584,0.0,0.0057236550830923865,-0.0013949556636411841,0.0,0.007891005104323945,0.0,0.002202958674724975
2015-05-18,0.005244341213665304,8.044355834093969e-05,0.0,0.0010175285611436057,0.0014354850821199526,0.0,-0.001,0.0,-0.0016479475053156056
2015-05-19,0.0020568287475892285,-0.003587861834324317,0.0,0.0018877181799991653,0.005019169166956415,0.0,0.0,0.0,-0.0015408292615078922
2015-05-20,9.046059947430841e-05,0.001840587838419208,0.0,-0.0010572900324920392,-0.0003375791527281546,0.0,-0.0037182904211220382,0.0,-0.0012123526633252002
2015-05-21,0.0007802947930653317,0.0018679181540046522,0.0,0.0010005966726952258,-0.0028761462738307792,0.0,0.027825063751582446,0.0,0.0014347875815128308
2015-05-22,0.0013366194731440494,-0.005337229827620399,0.0,-0.00189789820322399,0.0008842078880246333,0.0,-0.001988953648351166,0.0,0.0007704142218194487
2015-05-26,-0.004535514226019219,-5.941788906621494e-05,0.0,0.0022848261292962636,0.0019900013558358156,0.0,-0.038861848406666955,0.0,-0.0020910230904856997
2015-05-27,0.008655559521822346,0.002712470122828035,0.0,-0.0031845835924264043,0.005757001530459489,0.0,0.03732295339574421,0.0087364532658466,0.0022066677284029446
2015-05-28,-0.00214614262009371,-0.0028012067643764637,0.0,-0.0020628978389554548,0.0011545847404826693,0.0,-0.009550256315452477,-0.001,-0.0004407539970482377
2015-05-29,-0.004465530604568016,-0.0040981169668319805,0.0,-0.0017140535845652858,-0.0018553351690862036,0.0,-0.001,-0.010633621734134069,0.0014321766889986431
2015-06-01,0.003949514662510543,0.004151116196022504,0.0,-0.0005016546386763251,0.0020817060568317654,0.0,0.0,-0.004701092413305406,0.0016793706319524482
2015-06-02,-0.0072650350196611785,-0.009451621302678232,0.0,0.002002185031746792,-0.003783780457153372,0.0,0.0,0.004664440859990515,-0.0018753587473578914
2015-06-03,0.0007188488742159868,0.0010833172726288796,0.0,-0.003028475114984481,0.00730743933850726,0.0,0.015583360623468212,-0.007107275414779511,-0.005415087774747529
2015-06-04,-0.005363151036936663,-0.005375576158351644,0.0,0.0012778659582282968,-0.002292688190735965,0.0,-0.03430167256786831,-0.001,-0.0032222195702520384
2015-06-05,0.0038906190308367755,0.007871031190277305,0.0,-0.005905813957204242,0.0007170520270703933,0.0,0.016082371685068653,0.0,-0.0030098343553492946
2015-06-08,-0.009533738168912842,-0.008118810043995965,0.0,0.0010814669275325554,-0.0007642652830190898,0.0,-0.02083809880908638,0.0,0.0
2015-06-09,-0.001786892342920133,-0.0022533693609417126,0.0,9.215479929236699e-05,0.00013926163705094315,0.0,0.012094440532199657,-0.003025669943629367,-0.0016763988327195278
2015-06-10,0.00547776040261574,0.0040160691003490265,0.0,-0.0030327742092345045,0.0018824175816693537,0.0,0.04297366329113661,0.017279123716175772,0.001343783506281282
2015-06-11,0.002328823424921122,0.0016651827434033327,0.0,2.6957019019638877e-05,-0.0023728519598678393,0.0,0.020932043584294124,-0.0009999999999999998,0.0020128558573715427
2015-06-12,-0.0055160434563217495,-0.005287260798244161,0.0,0.00015373056692170767,-4.483923112068376e-05,0.0,-0.012085843739261248,0.0,-0.0036827085711841345
2015-06-15,-0.0033223690021280897,-0.0043830449370811445,0.0,-0.0005159973800688052,-9.046319031730233e-05,0.0,-0.044019729921942696,0.0,-0.0047057004341966024
2015-06-16,0.003996310868107548,0.004145010030167956,0.0,0.000930388470757881,8.082642157896655e-05,0.0,0.018167322078058268,0.0,0.00562795847013553
2015-06-17,-0.002290449348737041,-0.0018485815346739151,0.0,0.001853901637198689,-0.002014147050843427,0.0,0.002468872395873012,0.0,-0.0008949728554160652
2015-06-18,0.007175509636419217,0.011400771334750546,0.0,-0.0020711656939202826,-0.00014737197992330508,0.0,0.028993577575302742,0.0,0.0036963210443761163
2015-06-19,-0.002186078957421435,-0.0033199828068571336,0.0,-0.0006057025400194615,0.0003229447319071576,0.0,-0.011205382939670883,0.0,0.0005584728367322711
2015-06-22,-0.00016760855351866284,0.011535114329910869,0.0,-0.0005991223543734754,0.0016499823442673426,0.0,0.04400924223634184,0.0,0.0020079193910969018
2015-06-23,0.005006853854869072,0.0023401114060419633,0.0,-0.003996679421511515,0.006738301328487704,0.0,0.02645170357651283,0.0,-0.0006674337865596458
2015-06-24,-0.0045776880317308965,-0.008527523167806748,0.0,8.997856721617176e-05,-0.0005742891517024822,0.0,-0.020020580565582535,0.0,-0.002674709078094528
2015-06-25,-0.0015526536919479503,-0.0005233672226371288,0.0,-0.00399795463892981,0.004450487361262842,0.0,-0.00890517025979587,0.0,-0.003015384601321225
2015-06-26,-0.0019940144485826638,-0.0016567925776329077,0.0,0.0008091944443906194,-0.0025723938475641864,0.0,0.00560252418441487,0.0,-0.002913332095026422
2015-06-29,-0.016457936436655194,-0.027961274891867834,0.0,0.004472457877157409,-0.006768445748873365,0.0,-0.16493214827090708,0.0,-0.006854598374176679
2015-06-30,0.003411957086741579,0.001417672782528591,0.0,-0.001057794510237203,0.001688017115642998,0.0,-0.004783545709137971,-0.0006000769530385647,0.004751938707043157
2015-07-01,0.007587686430131196,0.007356056336290076,0.0,-0.003720832171586471,0.004388215245242184,0.0,-0.001,0.006927774924612491,0.0001698693802762996
2015-07-02,-0.0012974417344085551,-0.0008499863095176256,0.0,0.001205805748408788,-0.005565026853087174,0.0,0.0,-0.0019807548107931092,0.003732115108881384
2015-07-06,0.0022481811701447986,-0.013404568649751675,0.0,-0.0029085574967643063,0.0003334199235626084,0.0,0.0,-0.00815746089966278,-0.0032679831057184083
2015-07-07,0.003900126717987998,0.0013012833752066434,0.0,-0.0007746158332079719,-0.005243755643207944,0.0,0.0,-8.217196028568281e-05,0.0007911822284001335
2015-07-08,-0.006159199235653523,-0.02038842119102304,0.0,-0.002774063324386059,-0.004709017962110068,0.0,0.0,-0.001,-0.004969947877241254
2015-07-09,-0.0016178970258642442,0.008264112744457021,0.0,0.0001370578271705876,0.004767537233581626,0.0,0.0,0.0,0.00227107238885238
2015-07-10,-0.0017898506961844286,0.02321166717913314,0.0,-0.0001356829450038409,0.0036787417505397845,0.0,0.0,0.0,0.005775928277757636
2015-07-13,0.012089706487404261,0.006916496023876716,0.0,-0.000800130831646043,0.0038867704573353735,0.0,0.0,0.0,0.0009011501648592546
2015-07-14,0.0023285542833644045,0.0068664231346839775,0.0,0.000795735742461082,0.001870722101364207,0.0,0.0,0.0,-0.0010130053015114937
2015-07-15,0.0013489889140436556,-0.0023186830381772506,0.0,-0.004243920904033555,-0.000664959749860971,0.0,0.0,0.0,0.0
2015-07-16,0.008187844708588887,0.011450231820091672,0.0,-0.003026600237472333,-0.0034016883232631857,0.0,0.0,0.0,0.0015770186067551872
2015-07-17,0.004587102192608635,0.007174176577802988,0.0,-0.002698401002013018,0.00297219217048091,0.0,0.0,0.0,-0.00269835311598865
2015-07-20,-1.5027311610240273e-05,0.0029620161964568534,0.0,-0.004388817883212791,0.0031167882813187327,0.0,0.0,0.0,-0.004622943403332358
2015-07-21,-0.004501398992530275,-0.0014801419173799475,0.0,-0.0009181703599375442,0.0014739951715413476,0.0,0.0,0.0,-0.0018126081547218398
2015-07-22,-0.0020345963722381904,-0.009986317572823316,0.0,-0.005445578855121293,0.001942754539666215,0.0,0.0,0.0,-0.0064680543417028336
2015-07-23,-0.005374017501454604,-0.00813195081552038,0.0,-0.0013100800928328776,0.002031614113414523,0.0,0.0,0.0,-0.0005715022164515249
2015-07-24,-0.00536682375368703,-0.011214359962133947,0.0,-0.006514128107490401,-0.0003624075939541667,0.0,0.0,-0.017104491683719303,-0.0028572053714995826
2015-07-27,-0.006475300975178994,-0.007935168967396733,0.0,-0.002591344400260523,-0.0025383131091531322,0.0,0.0,-0.009632209213587662,-0.004240625109178664
2015-07-28,0.002200086199146999,0.009764900001027688,0.0,0.007253353863342738,-0.004080167561614313,0.0,0.0,0.008581735448059942,-0.006206307482215593
2015-07-29,0.0040720358259173925,0.003637488376095452,0.0,0.0024194712330867976,-0.0002081500198595845,0.0,0.0,0.004271151291691467,-0.001914519369831702
2015-07-30,0.002990918338259323,0.002783158688095738,0.0,-0.0004223744511524724,-0.001733610921991256,0.0,0.0,0.0015612840327466904,0.0020133348384601514
2015-07-31,-0.0013683077642134601,-0.0020678145553656097,0.0,-0.004854953514705234,0.000719777122187544,0.0,0.0,-0.001,-0.0037022614846216034
2015-08-03,-0.0016691158902510292,-0.0037204436252067114,0.0,-0.006627578657785344,0.0025854498609082462,0.0,0.0,0.0,-0.0018730180216438574
2015-08-04,0.001040076237757602,-0.0010600114520991732,0.0,0.0018487490184116132,0.0034035676681631565,0.0,0.0,0.0,0.0005722381237394103
2015-08-05,0.0028076681304000177,0.006932825610559954,0.0,-0.0008811137982236092,0.00046278935541365935,0.0,0.0,0.0,-0.008153739513827505
2015-08-06,-0.008626735113291458,-0.012256064231349518,0.0,0.009167413151807271,-0.011867117386462732,0.0,0.0,0.0,-0.0061218524417527825
2015-08-07,-0.001608584225011773,-0.0014659076168776616,0.0,-0.010130539167560659,0.003888048854705423,0.0,0.00928914685803306,0.0,-0.003104708804468337
2015-08-10,0.004574002170837065,0.011624702920841784,0.0,0.013061212104586458,-0.010076324571561341,0.0,0.03730706906597825,0.0,-0.006471737339193826
2015-08-11,-0.006351045173034807,-0.013834822541357532,0.0,-0.002486087493171754,-0.00264318758885227,0.0,-0.04599012483868559,0.0,0.012109172158763816
2015-08-12,-0.0056393645849550375,-0.0005603086268438367,0.0,0.0025363100040460343,-0.008382168212165272,0.0,0.0014083510589411041,0.0,0.001364831779212599
2015-08-13,-0.00043095085450462975,-0.0012775841193732617,0.0,-0.0036983800244064628,0.004820123488693637,0.0,0.01081782749447524,0.0,-0.004986292296291578
2015-08-14,0.002248346128017073,0.0014340930726217441,0.0,-0.0026966541427278167,0.0005743917113331387,0.0,0.00235446505730863,0.0,0.0014914785118018525
2015-08-17,0.004243308631023596,0.005260452960824479,0.0,0.00028806311471301147,0.0019516542589884092,0.0,0.012064885855595175,0.0,0.003853305488205194
2015-08-18,-0.000245409225684007,-0.0032208513929109376,0.0,-0.001845560733974615,0.0019548472998259497,0.0,-0.01181562122338331,-0.008514169514112657,-0.005181037574434427
2015-08-19,-0.006380519792486996,-0.0066192332965305046,0.0,-0.010237233580265208,0.007244591604784781,0.0,-0.019536691222669322,-0.001,0.011124447366924216
2015-08-20,-0.009331066752854833,-0.014690934080398689,0.0,-0.004056422186152047,-0.001818613323519061,0.0,-0.0842769835845063,0.0,0.012658672343165266
2015-08-21,-0.01430957309217378,0.0027359985873016386,0.0,-0.007195101158133126,0.0009549894272709927,0.0,-0.16302020610251788,-0.041241112407764964,0.004146597524697015
2015-08-24,-0.008692333638912335,0.0012916910885688295,0.0006657922684760022,-0.004813793142190083,0.002559219666299233,0.03264562742444281,-0.001,-0.001,-0.002095187686968536
2015-08-25,-0.002417936433546079,-0.005478687297315719,-0.005478687297315719,0.005035408737906448,-0.00021335890931015996,0.00532650691135484,0.0,0.0,-0.014780705846014503
2015-08-26,0.0005184128086346502,-0.006155012867491871,-0.006155012867491871,0.0021923650269081367,0.000571316972456193,-0.038669083328644244,-0.047728506787330316,0.0,-0.01732451619255554
2015-08-27,0.006839800737765874,-0.0005628299424437211,-0.0005628299424437211,0.013747310935490862,-0.011273806068803557,-0.021449185921386726,0.01311680199875076,0.0,0.0005681915973566376
2015-08-28,0.0025263318381490976,-0.001,-0.007677324316062271,0.007912503975445484,-0.008971791566976283,0.00019122162766208593,0.024650030432136316,0.0,0.00506939994187543
2015-08-31,-0.004257538678140541,-0.0026903056034290876,-0.0036903056034290876,0.005414485072206576,-0.007415772496737079,0.0072425018722200914,0.018851508120649618,0.0,-0.004606884953350726
2015-09-01,-0.007479101081252803,0.004491796185853936,0.004491796185853936,-0.0014567828709968306,0.002221581036320559,0.027377748448660123,0.07098937954164342,0.0,0.005905550322636721
2015-09-02,5.668738118257957e-05,-0.0027186537892502916,-0.0027186537892502916,-0.0012757336223293576,-0.0008230178371344758,-0.020177953954951738,-0.05188448360254527,0.0,-0.007452022790459067
2015-09-03,0.0031431564043502046,0.002444108520384791,0.002444108520384791,0.0016052421328675815,-0.0018474813021864401,0.0015473851115456404,-0.003276897870016393,0.0,0.0006565496795489789
2015-09-04,-0.00010982614800802378,0.0030949584998742896,0.0030949584998742896,-0.0006434045230738941,0.0014500685519833116,0.013924477158609639,0.03655854865310615,0.0,0.004799048603935986
2015-09-08,-0.006552755158186968,-0.004394340621652337,-0.004394340621652337,0.0008759619353881725,0.0007645152037439479,-0.02570726210888591,-0.04303278688524592,0.0,-0.009492344715689556
2015-09-09,-0.0009262360719976836,0.0003765793986425514,0.0003765793986425514,-0.0016435332958098367,-0.0002662619914575432,0.01221384540648416,0.010089686098654682,0.0,-0.0014056289023025525
2015-09-10,-0.002927145138851033,-0.0022535351594210606,-0.0022535351594210606,0.0009613892584024188,0.00024784903081161196,-0.007746925259792519,-0.0120879120879121,0.0,-0.0035644184167319187
2015-09-11,-0.000653085772581418,0.0026339084946167546,0.0026339084946167546,-0.001555224712277395,0.0034738847399943536,-0.0029280394109184706,-0.0115427927927928,0.0,0.003371662141172438
2015-09-14,0.0001620514711784368,-5.517202365657673e-06,0.0009380611567166852,-0.0012421580783116217,0.0020043721109918237,0.0035224135946042567,0.0011527377521614035,0.0,0.0012151242627246538
2015-09-15,-0.0017941800600986687,-0.008189923647932484,-0.00787376340634205,-0.000792247616396172,-5.233474106995802e-05,-0.014167288309022696,-0.05031627372052905,0.0,-0.013511370978694088
2015-09-16,-0.0016507158747314495,0.003634063427591318,-0.001,0.006525323216265717,-0.005666331994098535,-0.00670191145698526,-0.027813299232736566,0.0,0.0022073645860403164
2015-09-17,-0.0035106798460359506,-0.001,0.0,-0.0007922282746332329,-0.00041170897730131333,0.00277310137487744,-0.004739336492890989,0.0,0.011521370202841951
2015-09-18,0.007013536133084491,0.0,-0.012562160873534234,-0.0031445923906140106,0.003255232594738656,0.016043727051957633,0.06117566643882433,0.0,0.012582588085288737
2015-09-21,-0.0003219067253235465,0.0,-0.001,1.3877716448412347e-05,-0.0003860256754956851,-0.006440754886874667,-0.03319123020706455,0.0,-0.012773061761273402
2015-09-22,0.0027160177067314436,0.0,0.0,0.000264106446258425,-0.0010563924987183261,0.013471578349753677,0.029028049575994808,0.0,0.006651417752777906
2015-09-23,0.0010963484181157898,0.0,0.0,-0.0037348274243254385,0.007451039089719078,0.0009744084834945434,-0.010789149198520365,0.0,0.00134244900033465
2015-09-24,-0.002399631034573453,0.0,0.0,-0.001400415357017362,-0.00023027528559744733,0.0035907773002584516,0.013547574039067478,0.0,0.011772269879980124
2015-09-25,-0.0006577843808619723,-0.003613104679292211,-0.003613104679292211,-0.0037103663242301116,0.001956279969549826,0.0012807558237604543,0.012883435582822123,0.0,-0.007773717263308416
2015-09-28,-0.000857662512742838,-0.001,-0.001,-0.007860457590214682,0.008972285525671421,0.024922690743942467,0.03498803827751196,0.0,0.006693558798448529
2015-09-29,0.0015740292776629194,0.002443106339722002,0.002443106339722002,0.004130165348223129,-0.0019995363893023366,0.0016047374340515505,0.0005589714924538747,0.0,0.0004197749395281338
2015-09-30,0.002602043767801112,0.00018525923766055108,0.00018525923766055108,0.003473855528343241,-0.001207286388548572,-0.017776347788842763,-0.0231714126186488,0.0,-0.005885008042097073
2015-10-01,0.001953012070521398,-0.001,-0.001,0.005635413331681988,-0.0038239406745138333,-0.001486910594342672,-0.005854800936768156,0.0,0.0023473625672566223
2015-10-02,0.0017337338265503166,0.0038242070713708784,0.0038242070713708784,0.004094207077110791,-0.008045236620637242,-0.012751114687048226,-0.025473933649289127,0.0,0.011348882546770078
2015-10-05,0.000748594614480698,-0.005539688871730619,-0.005539688871730619,-0.0005105528744702567,-0.006757267766175928,-0.016248624387579583,-0.02808988764044945,0.0,-0.009525339680040646
2015-10-06,-0.005523436404452104,-0.001787603760133908,-0.0032980471649943018,-0.006549803789734274,-0.011916357565801654,0.003864213529193916,0.004960317460317443,0.0,0.006311125999339462
2015-10-07,0.005070717483285816,-0.003373421974748467,-0.003483424932204334,0.0018663364488415192,-0.0049487348634957235,-0.007248027166099425,-0.012115258677144747,0.0,-0.0026697696795497773
2015-10-08,0.002178798168994128,-0.002600724635142715,-0.002600724635142715,-0.005878463848767252,-0.001118064420951945,-0.007324653083983107,-0.024161073825503365,0.0,-0.007230227706727332
2015-10-09,-0.0023875422389943598,0.0005588027554153108,-0.0018976281642345098,-1.3632640451503213e-05,0.0010814133479418626,-0.0015196821078455268,-0.0005,0.0,0.007253441100927415
2015-10-12,0.001884348791008253,0.0033504039764176152,0.004757201783202608,0.0006893311637247066,0.006237166666452073,-0.0003332525494791239,0.0,0.0,0.006333023105542579
2015-10-13,-0.009340386798525278,-0.0003675400506437533,-0.0045571669967681885,-0.0029623321163370774,0.0017742571729136845,0.0060136534200948555,0.0,0.0,0.0028371830995727373
2015-10-14,-0.006177762332798127,0.00519217347922765,-0.007329569069878323,0.002990672814348432,-0.007588028378607074,0.004554817256835186,0.0,0.0,0.011789187322784856
2015-10-15,0.017524001330294726,-0.003410855891650577,0.002493373993623057,0.006225867627741087,-0.0006696568268610525,-0.014021236193643618,0.0,0.0,-0.0047840834858615955
2015-10-16,0.004777584922126309,0.0015209406180932633,0.002794774835829798,-0.000635863137939187,0.00019077661189664542,-0.0033844073773483642,0.0,0.0,-0.0022617888512530657
2015-10-19,0.006858928436880261,0.0019855814788677416,0.0022683278189816014,0.0015326438735862083,0.0070162752393975875,-0.0033160053179714156,0.0,0.0,-0.003245651924515219
2015-10-20,-0.002570566264243386,-0.003812323397654754,0.001369030759916355,0.00043974786980388684,-0.0014493130985237888,0.0015149884117809488,0.0,0.0,-0.0017784474385687536
2015-10-21,-0.002954190487601848,0.000298732821179591,-0.001086899186567907,-0.0029991323123409177,0.003806170309330149,0.0070839949490319135,0.0,0.0,0.0033515547145793636
2015-10-22,0.014470299122978501,0.0005753325282644036,0.015899680035360155,-0.013571700563711575,-0.0005832002754706269,-0.015489471511888907,0.0,0.0,0.0009746954880673509
2015-10-23,0.009168280499812248,-0.007515387669463978,-0.0072054778912154175,0.00560224646430134,-0.005286057558994539,-0.016048572652482506,0.0,0.0,-0.006140213772092645
2015-10-26,-0.001637819158896728,-0.0012593062727387916,-0.001,0.0032581403395381997,0.007490055430391411,-0.001,0.0,0.0,0.0041066750974916525
2015-10-27,0.0008819956057956273,0.001311830738920702,0.0,0.012474016316924248,0.001382419339749051,0.0,0.0,0.0,0.002409936534619872
2015-10-28,0.006945656995065871,0.004332893008327818,0.0,-0.004351892088798016,-0.007867415838375458,0.0,0.0,0.0,-0.005434594394790248
2015-10-29,-0.00320465692416278,-0.00155233082386828,0.0,1.5164400616745092e-05,-0.0017231532525189403,0.0,-0.014711744158379947,0.0,-0.013689763478383153
2015-10-30,-0.004922664841447459,-0.006500044649435691,0.0,0.0030928203541957912,-0.004130451352919521,0.0,-0.001,0.0,0.003567548533902765
2015-11-02,0.0061102367787486,0.014677458231008737,0.0,-0.003631273087323393,-0.0053339610948679676,0.0,0.050437981045248326,0.0,-0.005260786320981608
2015-11-03,0.0005091715513090027,-0.003984120151601822,0.0,-0.0020171463221633794,-0.007613606438113729,0.0,-0.019381023329813396,0.0,-0.010519507902850687
2015-11-04,0.0036426973009827538,-0.002116559499779638,0.0,0.001995258282542644,0.0020241522189071177,0.0,-0.03267457757275449,0.0,-0.002551550812198511
2015-11-05,-0.0005280887206577257,-0.0005256540299796102,0.0,0.0013994403389765825,0.0035259446511702996,0.0,0.019937434940679122,0.0,-0.0028077926656717937
2015-11-06,0.006726160570158755,0.005543342639816671,0.0,-0.0025714074483400616,9.320712658510965e-05,0.0,0.020840017270286504,0.0,-0.014628798610678027
2015-11-09,-0.005464468547621229,-0.005658567714426667,0.0,0.006346005090011586,-0.0016609427802861858,0.0,-0.0545971992913441,0.0,-0.0026505995434801645
2015-11-10,0.001143424487589054,0.0006795925688783064,0.0,0.004371329703924422,0.0024115727044670843,0.0,0.027787074000207967,0.0,0.0011846645516390977
2015-11-11,-0.002486125516455274,-0.002466269339657661,0.0,0.0008330565697858882,0.0025923792292427803,0.0,-0.023127067562760173,0.0,-0.0025452302236894098
2015-11-12,-0.006608486801434103,-0.0055619523847598015,0.0,0.006204154435896345,0.005436808525200223,0.0,-0.08736241920241539,0.0,0.0031959563815361245
2015-11-13,-0.002059791348558076,-0.0005596015426419648,0.0,0.008347601418389996,-0.012702614638314721,0.0,-0.06905375371007871,-0.020651193008890102,0.0027375241156134544
2015-11-16,0.006079425066233484,0.0038878513789081604,0.0032581345498997067,-0.006912982637872229,-0.004392138633704368,-0.013112977988615694,-0.001,0.014834234017580793,-9.101511229428494e-05
2015-11-17,0.0005235792892067071,0.0013518816151935182,0.0013518816151935182,0.0008734482440023898,0.0024613856364988605,0.0008124672468975637,0.0,-0.0007372105919569186,-0.0035361906441669917
2015-11-18,0.0037508326681264864,0.0006280522688760582,-0.001,-0.008281140778526541,-0.0003592127955880803,-0.001,0.0,-0.001,0.0016648449037195312
2015-11-19,-0.004912155507950791,-0.005668956463482466,0.0,0.001417239476203434,0.00538261478648207,0.0,0.0,0.0,0.008193345100604255
2015-11-20,0.0049668718528577925,0.006580838409198057,0.0,-0.0012033030858468567,0.005985667458053159,0.0,0.0,0.0,-0.003578749441968132
2015-11-23,0.0002098329239834017,-0.0027065215511068203,0.0,0.002153972047596561,-0.0014395637771863585,0.0,0.0,0.0,-0.0008214993781142372
2015-11-24,-0.0020563428040335755,-0.0025913178154287663,0.0,0.0007420798251814153,-0.007608680559545143,0.0,-0.0061581712147115155,0.0,0.0022740765877071966
2015-11-25,0.0018208886750561257,0.0014221913831732342,0.0,0.00010165175438808121,0.004161409094714723,0.0,0.013480794522448214,0.0,-0.00012564903433043284
2015-11-27,0.0021824412505465204,0.002992993417815044,0.0,0.0006400429268974711,0.0013526457416403713,0.0,-0.00954975382712242,0.0,-0.004777260141630834
2015-11-30,0.00029225222721638753,-0.004232792144412286,0.0,0.0031243410173830066,-0.004289668911054836,0.0,0.005853931252957301,0.0,0.004894861632558922
2015-12-01,-0.0005824385030060975,-0.0011489582581562568,0.0,-0.005681283481092167,0.0001635966563873622,0.0,0.04245127412982197,0.0,0.01001587734085587
2015-12-02,-0.0017928518805119488,-0.009910340001911488,0.0,0.005247502261061418,0.007103143649747168,0.0,-0.03940889106314793,0.0,-0.005229039494997683
2015-12-03,-0.022965144174380978,-0.023499407465961453,0.0,0.002765853660969892,0.00225954747904128,0.0,-0.07350426046257341,0.0,-0.013949882697811215
2015-12-04,0.01046858914369424,0.015700854028196796,0.0,-0.01232060098195893,0.007505575776560372,0.0,0.09612544300986658,0.0,0.013483063366395431
2015-12-07,-0.0008983929791354169,-0.004844223696146654,0.0,-0.00678717187898316,0.013402243821318988,0.0,-0.028109715085583464,0.0,0.00176472066818223
2015-12-08,-0.0018093714996122016,-0.0007468835692224507,0.0,-0.0030666180181495514,0.004474787284387739,0.0,-0.001,0.0,0.000899882965006027
2015-12-09,-0.009784409805235808,-0.006641745098061221,0.0,0.012407318561053279,-0.014181336805551401,0.0,0.0,-0.012550601799035555,-0.001374498860453871
2015-12-10,0.0033481871046754687,0.002518418953115922,0.0,0.003583807956108174,-0.0003512674010111876,0.0,0.0,-0.001,0.000548105450400388
2015-12-11,-0.01322717970075302,-0.001781629836154086,0.0,-0.004386583342486409,0.006790960813129742,0.0,0.0,0.0,0.01215387072821762
2015-12-14,0.000495483398200959,-0.011052951537461058,0.0,-0.0022576991011033338,0.0041427068860587,0.0,0.0,0.006648677070197391,-0.012883927286846425
2015-12-15,0.005794716967059658,-0.0024412577400118405,-0.00013830031280305196,0.008249426899193325,-0.006398479821986704,0.0,0.0,0.005209784006845877,-0.004759250025615197
2015-12-16,0.007510020803210025,0.004474221919466265,0.009541887554875093,-0.01154771715206052,0.007231350805580155,0.0,0.0,0.014212947120703423,0.0028489193366489137
2015-12-17,-0.0042351327591131915,0.009151235657663083,-0.002127124506478051,-0.006386737710158414,0.0032879078881117257,0.0,0.0,-0.001,-0.00031565488299611314
2015-12-18,-0.012060174876476926,-0.0013807071188558018,-0.001,-0.0015090409215657344,-0.000342463629882303,0.0,0.0,0.0,0.008969847243452744
2015-12-21,0.00018261425737513715,-0.001976538213961534,-0.002612551928121011,-0.003131249833835598,0.0006343932782685381,0.0,0.0,0.0,0.00364883376696527
2015-12-22,0.00015874028364574932,-0.004484715868257539,-0.0018172774031386014,0.0009281256956633704,-0.0002070977884828539,0.0,0.0,0.0,-0.006527696556253449
2015-12-23,0.0023620023029188343,-0.00021722591083493903,-0.0010826182834743029,0.01716125693982697,-0.011734027069844818,0.0,0.0,0.0,-0.00591251489551119
2015-12-24,-0.0007380291313782418,0.0025438291429833253,-0.0019385276884781417,-0.004638461851985363,0.0021565704926291163,0.0,0.0,0.0,0.006255511902014943
2015-12-28,-0.0006383154344017538,0.0038567831759749186,-0.001,-0.007658487263178893,0.006467632823855924,0.0,0.0,0.0,-0.0007282685517804031
2015-12-29,0.00437066557461021,0.011425284937245914,0.0,-0.0026196049056748205,0.00033341132254132734,0.0,0.0,0.0,-0.01103875933952771
2015-12-30,-0.004540452242109228,-0.005688938550321954,0.0,-0.00554667917372021,0.003847744315153255,0.0,0.0,0.0,-0.0033203359723613934
2015-12-31,-0.0030292068733843752,-0.010168900804575545,0.0,0.006876206174594294,-0.0056473153915921155,0.0,0.0,0.0,0.003062192447022105
2016-01-04,-0.008479723264297833,-0.0036238789331147817,0.0,0.009108385432117685,-0.0013727368865476225,0.0,0.0,0.0,0.009622764206752487
2016-01-05,0.0018940460405660023,0.007470340654020855,0.0002541802841215402,-0.007303636372791075,0.0009202426208088603,0.0,-0.01775352112676054,-0.0031317718949978434,-0.0016361049061344834
2016-01-06,-0.0066701698456798995,0.00343682126741503,0.004627316794424121,-0.007890030555403216,0.012250359777809142,0.0,0.01641137855579866,-0.010912763483474981,0.013813306159248695
2016-01-07,-0.020063258929335602,-0.010512953251753498,-0.005680836422730536,-0.005864148903718785,0.004578886262587916,0.0,-0.0005,-0.0009999999999999998,0.006115688913623685
2016-01-08,-0.0011471805179676094,-0.0024308165268003123,0.00013143512376389145,-0.0016867915889498051,0.0036974269069701225,0.0,0.0,0.0,0.0013611660676039028
2016-01-11,0.001490937090045429,-0.00809466130810234,-0.00809466130810234,-0.006891397957759002,0.010562691819313234,-0.003604802505343268,-0.016267131594906004,0.0,-0.010226300227676694
2016-01-12,0.003412848256856418,0.009192156670669796,0.009192156670669796,0.002793057057246472,-6.358614648230038e-05,-0.006786656283415909,-0.02442078897933625,0.0,0.007605212291353402
2016-01-13,-0.009633495379853491,0.006863423639466893,0.006863423639466893,-0.006944850566078961,0.005130347597166232,0.02686256245371036,0.0516787360105333,0.0,0.008119587901534253
2016-01-14,0.0027389579342054207,-0.005720391235377904,-0.005720391235377904,0.0059528815191487745,-0.006415810260819013,-0.017431537505237644,-0.018794749403341304,0.0,-0.011766183691433068
2016-01-15,-0.00841488519871476,0.009439606728857363,0.009439606728857363,-0.0044211653128192864,0.0011759130929184986,0.022991229990691454,0.04990700557966521,0.0,0.013732755440898725
2016-01-19,0.0015908912688792753,-0.0021149055599990153,-0.0021149055599990153,-0.007688306670256312,0.009010271788268142,-0.0013329793967912062,-0.0002818489289740933,0.0,-0.002351976719369353
2016-01-20,0.0006473689480578422,0.0074370230781226464,-0.001063806540441947,0.004067954399940412,0.0019176199743580111,0.009178740094459814,0.013254371122391473,0.0,0.011523254902981539
2016-01-21,-0.0016663417350775255,-0.004452141993102238,-0.005534530160992328,0.004025274557398684,-0.006121155491079746,-0.003975573282674949,-0.00219780219780219,0.0,-0.004013848498292106
2016-01-22,0.0029955687337160876,-0.002954499082125096,-0.002954499082125096,-0.0010327282199341275,-0.002350521971637758,-0.020520852858683075,-0.04194260485651213,0.0,-0.004106204443255306
2016-01-25,-0.0016726093251966147,0.004134185074916499,-0.002306026918609503,-0.006107115697117823,0.011841681210607396,0.013705552802209586,0.02379518072289155,0.0,0.007126582501347022
2016-01-26,-0.0009976215963291382,0.0006267683017945303,0.0030180466939212455,0.004301584993361312,-0.00865040329429527,-0.010990674340922641,-0.02328924669350202,0.0,0.004301650081783681
2016-01-27,-0.0003524876971709511,0.0003386307802546784,0.0007788574562435103,-0.002593896569216515,-0.0009503775342642652,0.01345551847531964,0.02080820265379979,0.0,0.0011506538386987007
2016-01-28,-0.002442947931662732,0.001330357517982555,0.006516485608588838,-0.0022697314359925442,0.0003119279795041489,-0.006490512081507538,-0.01621308627678053,0.0,-0.002809813731378846
2016-01-29,0.011268066739088943,0.006608766847964699,0.012975338521115308,0.0036376927440607324,-0.001572657364370145,-0.017842728143489302,-0.02154398563734289,0.0,0.006856908682087171
2016-02-01,-0.0035108003795900375,-0.002642964513620459,0.002450299172814843,-0.003382115517448269,0.006155168161308814,-0.0009615343159770139,-0.0062539086929330745,0.0,0.0016099697141208676
2016-02-02,-0.008343342370995084,0.011527722625018718,0.011559095780121275,-0.0067959458560981015,0.00959854605311362,0.018779934259047438,0.033248891703609895,0.0,0.012187999246393733
2016-02-03,-0.01011767169121153,-0.002460784208543042,0.0009949926178165177,3.299434301337601e-05,-0.008550037511439184,-0.00355080679877019,-0.005641330166270775,0.0,-0.0016345095699558001
2016-02-04,-0.0013225899045144584,0.007802291735351811,-0.00041651708711815127,0.0028866747581094265,-0.0028803337385396597,0.00047849304299267813,0.00480480480480483,0.0,0.007378912099306322
2016-02-05,0.0012005337016876645,0.007653259467743608,0.00200506115210264,-0.011956072107833041,0.006345898074635849,0.02077850980743574,0.019928613920285554,0.0,0.006297464557015375
2016-02-08,0.00441658309487319,0.017203398042616738,0.004187046085189697,-0.008145511696117201,0.003326738863963373,0.015956641048478114,0.024027459954233388,0.0,0.018693184888072933
2016-02-09,-0.0003017379481689788,-0.000677539589031235,-0.0016291968363121695,-0.00236677611107087,0.004832128046472081,0.0005793950594288555,0.004366812227074246,0.0,-7.653515314096071e-05
2016-02-10,0.004252556462373056,0.00816675148023255,0.00816675148023255,-0.00010576959723387994,-0.0011861600327858215,-7.519412801635381e-05,0.0035173160173159745,0.0,0.008439827432187064
2016-02-11,0.005161771138082912,0.0225056214550996,0.0225056214550996,0.0022199431022722816,0.0029401352418245634,0.008241449282473745,0.030897367006985532,0.0,0.01861832031410224
2016-02-12,-0.010038721546991857,-0.0115003113276329,-0.0115003113276329,0.010791167440696263,-0.009903899884154665,-0.017745886027747095,-0.020748987854251,0.0,-0.012849090339086489
2016-02-16,-0.00614859486091691,-0.021268998111414583,-0.021268998111414583,0.006242131700050857,-0.0007100688855808154,-0.016912081815182382,-0.023231256599788808,0.0,-0.01748650658548681
2016-02-17,-0.0033206805435823986,-0.0003580682174742455,-0.0003580682174742455,0.006589498383865927,-0.0043486873382139486,-0.017495526993091887,-0.02021040974529348,0.0,-0.001831250596701839
2016-02-18,0.006231499725702473,0.01868952544007978,0.01868952544007978,-0.0022397827091804523,0.004239894137051947,0.007596544388584991,-0.001154068090017335,0.0,0.01650892833185339
2016-02-19,-0.0003317257913042805,-0.0027767788404388233,-0.0027767788404388233,0.0010997959323162064,-0.0004879216386358904,-0.00012384165241189336,-0.013013302486986678,0.0,-0.0015544613878623547
2016-02-22,-0.0017613408172447282,-0.009267908608510457,-0.009267908608510457,0.002304784363975604,-0.004888853561562273,-0.013756388684084058,-0.02820665083135393,-0.0015344161694625926,-0.006568678361471047
2016-02-23,0.0022694696307793464,0.008200424941663908,0.000925097679792673,-0.0042482697467898164,0.009199037061106485,0.013092884713601184,-0.0005,0.012979681261872324,0.007873811347999648
2016-02-24,-0.0005330641057962595,0.0002631186083884452,0.002770586204154841,-0.0008303242222331379,0.0003222227225124386,-0.006002145800809417,-0.004092814371257469,-0.001,-0.00012082918220481247
2016-02-25,0.002994312712226236,0.003029156435783167,0.01073714841914705,0.0005484574307609522,0.0005573707711840687,-0.009377960123098734,-0.0005,0.0,0.003250606373328235
2016-02-26,-0.00612197795242653,-0.007025005252257318,-0.021013709265788556,0.007803436098617041,-0.011593817323343707,0.0003104599431779545,0.0,0.0,-0.0086731017775454
2016-02-29,0.0020957973436547114,0.00714707527829521,-0.000364136109667974,-0.004104038808946591,0.0050093637102563175,0.008260856899672143,0.0,0.0,0.007413726059981441
2016-03-01,-0.01014138412478648,-0.012828829857083302,-0.007152858613405058,0.0036262028816969314,-0.011507504328950277,-0.025927075270593278,0.0,0.0,-0.014012251465711473
2016-03-02,0.00042668562095583845,0.0064575459513111794,0.0029614253335709002,0.002216882270831222,-0.005867495521866391,-0.0016485241874767743,0.0,0.0031272851855547188,0.005387170208148861
2016-03-03,0.003657925515839787,0.011153369159923763,0.005492284330786254,-0.005367055162962362,-0.002651103713404904,-0.0009766063804039996,0.0,-0.001,0.0013590294630876371
2016-03-04,-0.003921258724867009,-0.0007371264436407211,0.007791377168884172,-0.0032376737962707125,-0.00048462305944510444,-0.0024274126556847854,0.0,0.0,-0.006719280208833837
2016-03-07,-0.00021535226985286803,0.0037564759440384663,0.0003378044103067387,-0.0021332059962910943,-0.0073745096517376894,0.0009293019920258381,0.0,0.0,0.00153993462751531
2016-03-08,0.004548683256939136,-0.0072906492110686285,0.003390124000091627,0.008221444588338157,0.013157679122421703,0.01049247752083432,0.0,0.0,0.005561470747634817
2016-03-09,-0.005540308666497597,-0.001600339036475344,0.00498156145074225,-0.0017575417458330508,-0.002158201817432879,-0.0060145856712948255,0.0,0.0,-0.006853181659062546
2016-03-10,0.0014244736488251539,0.006541665346879398,0.0006388548098813679,-9.84146618746018e-05,-0.00012226880291574125,-0.0006438470728082291,0.0,0.0,0.002952964552757858
2016-03-11,-0.009603481912290176,0.00015746855470605205,-0.007016631458826369,-0.0018871575239306178,-0.009927873329402924,-0.015525541839434876,0.0,0.0,-0.01258838966711151
2016-03-14,-0.0036826978113800916,-0.006239311637721564,-0.00039111225817733654,0.0011629206571778252,0.0023744518489078664,0.00044550487796849456,0.0,0.0,-0.0024719091668170654
2016-03-15,0.0001599220494567532,0.0006047795152519161,-0.001,-0.007677346466282131,0.005143997670280294,-0.001,0.0,-0.00023647801990700403,-0.011277597309390706
2016-03-16,0.01002634826470592,0.017035765740878332,0.0,-0.0067156778981369725,0.0059599532823010155,0.0,0.0,0.02229567034444102,0.007734605556966001
2016-03-17,0.00027781009778583815,0.004381082614679609,0.0,-0.011833996649520518,0.003187944359203466,0.0,0.0,-0.001,0.0013508840541854475
2016-03-18,-0.0006913781189289102,-0.0036310271033664823,0.0,0.0029857766498423473,-0.006857856610225062,0.0,0.006810818163586974,0.0,0.00040147434591758524
2016-03-21,-0.004928484838445806,-0.008032699118655465,0.0,0.001783200358123384,-0.0023568131914380158,0.0,0.027987066000174643,0.0,-0.007440562348156199
2016-03-22,-0.00040906409486867883,0.0013855651129016876,0.0,0.008621676429418891,-0.004923929633911964,0.0,0.012984270824811794,0.0,0.000877575201671482
2016-03-23,-0.005796968912772094,-0.014650009236100636,0.0,0.0017112687992116354,0.005965458734748208,0.0,-0.0479636085601588,0.0,-0.0005594784591283807
2016-03-24,-0.001605709569495615,-0.001041814344640613,0.0,-0.0004506269570561096,5.299541760161495e-05,0.0,0.005211762919501872,-0.0034011557999427114,-0.0005891497388368527
2016-03-28,0.0007619744199205913,0.0037183425191861727,0.0,-0.0015143820106407323,0.0016178789909280246,0.0,0.014041859976797078,0.0023209545157449885,0.0016652966875050136
2016-03-29,0.008397364416606237,0.01616639361266867,0.0,0.0010218263618899993,0.0006855736876696856,0.0,0.05794634214487249,0.01852490300494103,0.01329887937408022
2016-03-30,-0.0008440534133613308,-0.006354721240139404,0.0,-0.001613318356946905,0.00034416675159764276,0.0,0.024567080637369454,-0.001,-0.01173585910534658
2016-03-31,0.002558253790800938,0.0013622390569129133,0.0,-3.480760260001083e-05,-0.000412826266868629,0.0,-0.00687897565783846,0.0,0.006224687362954385
2016-04-01,0.0011223642600063457,0.002253402777171811,0.0,0.0026878563001398606,0.0027465074204918276,0.0,0.02909165359618826,0.0,-0.0004168022805547285
2016-04-04,-0.0007543851532057921,-0.004514137174641474,0.0,0.007286827980829731,-0.00582035827569925,0.0,-0.02769228128286505,0.0,-0.0019366913875223711
2016-04-05,-0.0008913701310839816,0.0015469261118068657,0.0,0.004174880321983727,-0.0002708454793253581,0.0,-0.05775320222172908,0.0,0.011658518923249973
2016-04-06,-0.001473679956219681,-0.0011861833579590072,0.0,-0.003652889919890923,-0.008256116766259867,0.0,0.06633081208852265,0.0,-0.006862140800061567
2016-04-07,-0.001819431650651252,0.002977935585058727,0.0,-0.003046255879860212,0.0007937056247258658,0.0,-0.09291333615931319,-0.02101191922237744,0.013022377307404364
2016-04-08,-0.003164679362637735,-0.001560532268184852,0.0,0.0018205342686056225,-0.0038197205730250558,0.0,0.026909674793759608,-0.001,-0.004640848367927958
2016-04-11,-0.0011953878381206302,-0.0015975090297668919,0.0,0.0013533949066087412,-0.001728443595594164,0.0,-0.015004207291876126,0.0,0.00389121837837143
2016-04-12,-0.002509818011252204,-0.004787000021372993,0.0,0.004135946941535407,-0.009049923628422201,0.0,0.03282554729160592,0.0,-0.004428206859396339
2016-04-13,-0.003154897512343376,-0.0005622119183679971,0.0,0.008028494013458731,-0.008447502709556317,0.0,0.05047778014094262,0.0,-0.0014480786420159207
2016-04-14,-0.007339978384170703,-0.005131114795768172,0.0,-0.004497479928933756,-0.002191086715261273,0.0,0.0033617161294936526,0.0,-0.008008479716006883
2016-04-15,0.0021520524839152315,0.008062716183308137,0.0,0.0063554007799282485,0.003866250468371019,0.0,0.013204535805714235,0.0,0.007988621934892049
2016-04-18,0.000289343954646027,-0.00024883527011073465,0.0,-6.364228941290676e-05,-0.00445228398206505,0.0,0.06263375277689698,0.0,-0.0033439138071059194
2016-04-19,-0.0030533323424807228,-0.0016703248148959072,0.0,-0.011267300449948392,-0.007694617960216234,0.0,-0.008786372558145183,0.0,0.0034398419179830883
2016-04-20,-0.010163135730937198,-0.013467632120716685,0.0,-0.007891043746768639,-0.011042495892658879,0.0,-0.005355510754487258,0.0,-0.008935755905421094
2016-04-21,-0.00705991237269876,-0.0029221855133873547,0.0,-0.007162713263622019,-0.0032670493876233624,0.0,-0.018566654078496336,0.0,-0.0025422038967663598
2016-04-22,-0.005592932558406086,-0.006520457840644344,0.0,-0.002061270714786625,-0.008421595223349836,0.0,0.024971617093884957,0.0,0.00028266797514109494
2016-04-25,0.0011516161720009394,-0.0012449685833409625,0.0,0.004397542180020799,-0.0005763985206497824,0.0,-0.013658207351396112,-0.003608350358054202,-0.003674176027874919
2016-04-26,0.000747799499439676,-0.0006213261039280326,0.0,-0.006599605879027301,-0.00425255094437017,0.0,0.02245510467396783,-0.005169104240035265,0.0013703941832861073
2016-04-27,0.002928761642699573,0.0001779282696531114,0.0,-0.0031598915583116163,0.002723694314447457,0.0,0.028916578490189693,0.004021109901120707,0.005490013974745535
2016-04-28,0.0017612751181912485,0.009215813623846873,0.0,0.0030889658051755564,0.0023034594752791436,0.0,-0.05923162146478944,-0.013581088810576989,-0.0036701475622669105
2016-04-29,0.001004129473044572,0.010398829632257819,0.0,7.542514637239075e-05,0.002116920862137741,0.0,-0.03327658048484805,-0.009628203089124415,0.0016729416216381132
2016-05-02,0.000883742366409396,-0.006376610172610636,0.0,0.0025478902014579633,-0.0005812747646680762,0.0,0.06199878941371906,0.007358223510859796,0.00038303291353747326
2016-05-03,0.0038263483428423177,0.004400479545471132,0.0,0.0054280128027451215,0.002338184028343786,0.0,-0.04585631489420117,-0.009189773052752814,-0.006467057365661999
2016-05-04,0.0053200089500231845,-0.0006722931337474004,0.0,0.003623601146643346,0.008171877043042845,0.0,-0.012738850220381459,-0.01051722618857565,-0.003736299364531126
2016-05-05,0.003448321625007828,0.0027679526699556306,0.0,-0.0012251959547604488,-0.0034248435453896123,0.0,0.0017595337224449725,0.002052049588027317,0.0019444433805854717
2016-05-06,0.003638886873279549,0.002060311404529499,0.0,0.0023246917299498977,-0.0019713488642143714,0.0,0.045277119805387844,-0.0034695316425138395,0.0004040669930718108
2016-05-09,0.0008270591579107339,-0.008985631984030674,0.0,-0.00022167369145226383,0.006868009665456149,0.0,0.022404722133569477,-0.014554572105347052,-0.0051455266862030224
2016-05-10,0.00026279000528141,0.0012352374552305717,0.0,0.004633904296288276,-0.005664598459963073,0.0,0.049306078263295694,0.011407247455694346,0.0010065122324367515
2016-05-11,-0.004584923952130601,-0.006912953540293788,0.0,0.00512142355724907,-0.0008692004140979175,0.0,-0.03654713727081438,-0.001,0.006973566876651882
2016-05-12,-0.00148071012011583,-0.0011880074783210607,0.0,-0.0032587723397281398,0.002203769852296186,0.0,0.011560682489023755,0.0,-0.00043332889506841714
2016-05-13,0.002440509493415301,-0.0019145735607127795,0.0,0.004024451743443618,-6.250955680351083e-05,0.0,-0.03696428026471821,0.0,0.005889746892676032
2016-05-16,-0.003013747314574403,-0.00558700251445609,0.0,0.004168311857011869,-0.0016626990700430834,0.0,0.04672724723722688,0.0,0.003557765485563415
2016-05-17,-0.004544211237782672,-0.007849825196984227,0.0,-0.006090997788183238,-0.00585759076253146,0.0,-0.04375555690558519,0.0,0.0002975889476381629
2016-05-18,-0.012046287177289288,-0.016697900288580564,0.0,0.004448260968413782,-0.015290347569920116,0.0,0.0042608289030525714,0.0,-0.0018799429740812262
2016-05-19,0.0003539044303074117,0.0001326541315733893,0.0,0.003154737233275946,0.00536909658104924,0.0,-0.004242751265830735,0.0,-0.002768224743454728
2016-05-20,0.0016807475795079336,-0.0003765534977412055,0.0,-0.0006078866289873329,-0.0037057153758017114,0.0,0.03482773405072437,0.0,0.003499492093627321
2016-05-23,0.0011095240627833499,-0.0005059110361848205,0.0,-0.002376838989583446,-0.0009470116403200269,0.0,0.00662368291876092,0.0,0.00024146897205445939
2016-05-24,-0.00023278832301763444,-0.011274476841296493,0.0,0.00108161806659441,-0.003306647691458911,0.0,0.039480726280917144,0.0,0.006011997534840496
2016-05-25,-0.0016695308921560186,-0.0033014169562022317,0.0,-0.003684178796204792,-0.004191445291461078,0.0,0.01899060044247869,-0.003728045068191687,0.001553603217644417
2016-05-26,0.0034780586779394836,0.0005243854288095565,0.0,0.005684309820219705,0.002749793352596791,0.0,0.010241718965571467,-0.003419400875365075,-0.002863717671855337
2016-05-27,1.293010551724087e-05,-0.004890012084511394,0.0,0.00015454010775130126,-0.001849737865809788,0.0,0.02825329590614567,-0.008234680643287917,0.0016760225290519681
2016-05-31,0.0011109189419011118,0.003085641578581184,0.0,-0.00027474795375501354,0.0014921328089665816,0.0,0.0008081337954375378,0.003805525009163979,-0.000955815347610578
2016-06-01,0.0014518303929581431,0.0014508058277541806,0.0,0.00011621247738436438,0.0008720068555356933,0.0,0.006782977972586979,-0.0010339059082515867,0.001585415846170335
2016-06-02,0.0051091108510627125,0.002466526074155146,0.0,-0.0020512598250647454,-0.0013782430359174035,0.0,0.027751035258291035,-0.001,0.0002405813521244582
2016-06-03,0.009943987627799068,0.0210895329499831,0.0,0.0030101599935086483,0.010628240789131485,0.0,0.004838419854382936,0.0,0.0017992516652176604
2016-06-06,-0.0056515549764373126,-0.0037586124295064588,0.0,-0.0017108207435153758,-0.002693632394866875,0.0,0.012581628184913818,0.0,0.004430933780866564
2016-06-07,0.002890384350229525,-0.00017761644987314797,0.0,-0.001388187767482492,-0.00183560853195634,0.0,-0.0006136050625753509,0.0,0.00441084971974548
2016-06-08,0.003974331263487488,0.009476987272579923,0.0,0.00037014130432235306,0.000611404440710931,0.0,-0.006600158021561664,0.0,0.003797860755298643
2016-06-09,0.003512693884009781,0.0012561000188665576,0.0,0.002962582582070599,0.0020216529026696006,0.0,-0.019004936944328477,0.0,-0.003902146946216045
2016-06-10,0.002112759397189951,-0.002828418535257161,0.0,0.004788784800771216,0.0005303855274280798,0.0,-0.09040796230461545,0.0,-0.004867183664600372
2016-06-13,0.0024824501551182947,0.004885973802055036,0.0,-0.003721412026427122,0.0021236993426848798,0.0,-0.1503030355874594,0.0,-0.006680000442546907
2016-06-14,-0.0009849818680955562,0.00014572700320977718,0.0,-0.004324316181038825,0.006330718129303904,0.0,0.02139798743816379,-0.007356529043578368,-0.0033621520743429834
2016-06-15,0.004849754898091297,0.0015214176350667019,0.0,0.003683045920511506,-0.0017017190269961952,0.0,0.009776570010161523,0.002521649156941012,0.00048140666671003807
2016-06-16,0.0016105220948316235,-0.012929841408545773,0.0,-0.0019062347772126312,-0.0005556317250793428,0.0,0.0268721713880673,-0.002873559436268016,-0.0025199522194953392
2016-06-17,-0.004838396812696611,0.0022141186628768287,0.0,-0.0024089639730526576,0.000986207899460178,0.0,0.0015393114196340374,0.0027817315309358165,0.00044140226016951573
2016-06-20,-0.005650907868560627,-0.0011689225742243683,0.0,0.0032886613990816185,-0.002963537052759941,0.0,0.06705094581407511,-0.001,-0.009039698954255377
2016-06-21,-0.00163357485915548,-0.01472692991331498,0.0,-0.0001115708565704461,-8.375439578488979e-05,0.0,-0.00648182579073231,0.0,-0.009736357006006785
2016-06-22,0.0009230430814533826,-0.002314515704480261,0.0,0.0013679247811313644,-0.0019135986906128667,0.0,-0.03298295912936966,0.0,-0.0010466254993035645
2016-06-23,-0.004724020727165818,-0.0001905312777429257,0.0,-0.0014761371405392569,-0.0028925470828523193,0.0,0.09557718170512386,-0.0075343333792947656,0.007378261181860246
2016-06-24,0.011355963951945956,0.016605933429927607,0.0,-0.0006700845144732128,0.008956355026363728,0.0,-0.26445431622627125,0.024846817229992935,-0.016422159433037598
2016-06-27,0.011862731081266523,0.013651489535583188,0.0,-0.012108691916106857,0.009359373801704107,0.0,-0.025813967682594474,-0.001,-0.014414507114607344
2016-06-28,0.0062265253381167,-0.004497682740388963,0.0,0.005528801735483008,-0.005865466425134765,0.0,0.08450706534032859,0.026846667340952757,-0.004402858956603737
2016-06-29,0.0021581643228588223,0.007331759124161319,0.0023755661074426086,0.003925345650441299,-0.005165731000368562,-0.016859230621754095,-0.001,0.015345361981689601,-0.0035351114181604755
2016-06-30,0.006675298029877258,0.0033324867620803987,-0.001,-0.0001404904137211608,0.0006747634969691634,-0.001,0.0,-0.001,0.004147793588420134
2016-07-01,0.008810134451061867,0.014601177101380414,0.0,0.0030007751267184016,0.0014345932664899743,0.0,0.0,-0.006249686489373184,0.014393617649191316
2016-07-05,0.011126583323647113,0.010331659704186806,0.0,-0.011415678513250845,0.0044394623920460405,0.0,0.0,-0.001,-0.0076829073973418965
2016-07-06,0.00017535981083167718,0.003705287763669926,0.0,0.0013674151181082722,-0.00317587307656189,0.0,0.0,0.0,0.0011045491665989796
2016-07-07,-0.004537446791020971,-0.001894948127745328,0.0,0.0066481599603194445,-0.007218784196551299,0.0,0.0,0.0,-0.001362357302326056
2016-07-08,0.010069762765951423,0.0067003403391585024,0.0,0.004853348357548778,-0.002492580653097816,0.0,0.0,0.0,0.006892421861805687
2016-07-11,-0.0036614611835831517,-0.009119052600561823,0.0,0.001195490463765918,-0.0007163297525788017,0.0,0.0,0.0,-0.009001790766582063
2016-07-12,-0.01091389569523334,-0.009094867693500173,0.0,0.009353714064564263,0.0013167383827167893,0.0,0.0,0.0,0.0008018111242456012
2016-07-13,0.008969756771457558,-0.0024412850003758643,0.0,-0.0032024160097833118,0.0007872086601689247,0.0,0.0,0.0,-0.0029102806777159262
2016-07-14,-0.01116552906377446,-0.0024407128607046853,0.0,0.005882810428003161,-0.0014162035702484338,0.0,0.0,0.0,0.001984704204883725
2016-07-15,-0.004329565578775455,-0.0035565995491432575,0.0,-0.0017853187349353324,0.002001997170920148,0.0,0.0,-0.009596776307638666,-0.0019807729564681464
2016-07-18,0.000949607616079457,0.003521957057555227,0.0,0.0012756885329126022,0.00037245170475543304,0.0,0.0,-0.0007479520021856064,0.0033862972086873278
2016-07-19,0.004240549215530905,-0.009321542111555187,0.0,-0.0005,-0.0017374974948374997,0.0,0.0,0.00490021945278506,-0.0026768105478138793
2016-07-20,-0.006011442454463699,-0.0013845905326062159,0.0,0.00019982199117085696,-0.002704820126777049,0.0,0.0,-0.001,0.002567215086331176
2016-07-21,0.005421194870016891,-0.001225453522341873,0.0,-0.003822509564305908,-0.0034590884744423833,0.0,0.0,0.006545521227345199,-0.0013965778023524722
2016-07-22,0.0017758689708078786,0.008188460372945936,0.0,-0.0015195431246900776,0.00045643176539702075,0.0,0.0,-0.001,0.0044291048071773975
2016-07-25,-0.002982589765896951,-0.004918515626889941,0.0,-0.009389226222761931,-0.0035966310865748227,0.0,0.0,0.0,-0.00475773974293936
2016-07-26,-0.000535896719239926,-0.00011876980383867718,0.0,0.003650100030685222,0.0014904610398647098,0.0,0.0,0.004824521948892825,-0.003847679320289621
2016-07-27,0.005059899154856984,0.0018213575662320717,0.0,-0.009733902137776316,-0.0030909873077544356,0.0,0.0,-0.00979966127378884,0.0030431187277042415
2016-07-28,0.001963757291409048,-0.0012577155644878408,0.0,0.0010054779127278246,-0.0018257353220200536,0.0,0.01727507807195494,0.00015003441414385144,-0.004201237464103835
2016-07-29,0.010541523360186312,0.008753583249159806,0.0,0.0024155523083623613,-0.0013183035913330032,0.0,0.03463477246670199,0.01019484330659659,0.0009375054466820298
2016-08-01,-0.0021037757168318716,0.0012294199951262282,0.0,-0.010442181049428447,-0.0054022816553142994,0.0,0.016281187993757218,-0.001,-0.005609931747569186
2016-08-02,-0.007062183432325029,-0.013810549252714438,0.0,0.006615312103784097,-0.0001424256416050248,0.0,-0.03758050758832887,0.008054470170233086,-0.0014193206342228981
2016-08-03,-0.003789914782512274,-0.0022931037417088605,0.0,0.004548386419803988,0.0023355698002096165,0.0,0.025668972576432747,0.019315540393724406,0.00450060121900675
2016-08-04,0.0011893950201673558,0.00178587821765585,0.0,-0.0011982775594511772,-0.000529439888432846,0.0,0.027301729765296212,-0.001,0.006366987650995304
2016-08-05,-0.008922257018940375,0.013162292593283775,0.0,-0.0006660461670782098,-0.003625986007346686,0.0,0.034253648011767224,0.0,0.0022259703065878877
2016-08-08,0.0009011940777423297,0.002702834641306072,0.0,0.00294434543000029,0.0019142690086225494,0.0,0.022126985793534226,0.0008844077621704702,0.00409222429635725
2016-08-09,0.006134041360077865,0.0023932631700120588,0.0,-0.0008905913213025224,-0.001968131444244509,0.0,0.016201168810480393,-0.001,0.003492943229307377
2016-08-10,0.0020558161688601214,-0.003677499397363799,0.0,0.002521127288783206,-0.0028548221009421252,0.0,-0.023914313387542352,0.0,-0.001856640821041755
2016-08-11,-0.009358352052835523,-0.004849526190456031,0.0,0.0021162606414713795,-0.00015127181541429638,0.0,0.005350674468802552,0.0,0.002441081743339124
2016-08-12,0.0035756624388266324,-0.0024168378523265104,0.0,0.0011447128014176469,-0.0004469729095853195,0.0,0.00994396455601354,0.0,0.00081237846328297
2016-08-15,-0.002323146396515455,0.010137856878298598,0.0,-0.01093057384730962,0.005135249496391292,0.0,0.015670465176168102,0.0,0.0030120410659739694
2016-08-16,-0.004120575752512993,-0.006400992567369275,0.0,-0.0021468121794076525,0.001624199927171982,0.0,-0.03413435380828578,0.0,-0.0020793033898705016
2016-08-17,0.0033126238674956753,-0.004555502533821975,0.0,0.006452456529892401,-0.0020954605819431195,0.0,0.025445336529755558,0.0,0.0013884996240649539
2016-08-18,0.0005643952508286466,0.008291749741624376,0.0,0.005237895099421274,0.001930963397364412,0.0,0.017645419949572805,0.0,0.003930373252304831
2016-08-19,-0.006840345449538874,-0.002706202868034301,0.0,-0.005223719631603242,-0.00027890261923663455,0.0,-0.005147619276468451,0.0,-0.0029931687063602386
2016-08-22,-0.0013765910408687892,-0.0048579699302912956,0.0,0.0012849623817021752,-0.0022912214212647115,0.0,-0.003131853884633218,0.0,-0.0016175256140159577
2016-08-23,-0.0006549201971229755,0.0020338557210421424,0.0,-0.003709271979215499,0.0027698071195915402,0.0,0.0027319297928953823,-0.005043270688618095,0.003354271879836279
2016-08-24,-0.003580721619644035,-0.0033426264175729003,0.0,0.0012590174075002348,-0.0018614584525293149,0.0,-0.022749022136363428,-0.001,-0.002766384833854274
2016-08-25,0.0019138201790350703,0.0013652844375290582,0.0,-0.002904278222684441,0.001890752232489673,0.0,-0.0009757415236775202,0.0,0.0018498398940074434
2016-08-26,-0.007867428570047675,-0.0052960569460184384,0.0,-0.0026758283768101737,-0.002705464473184601,0.0,-0.003069641779319232,-0.0024259708499476665,-0.00115374823839276
2016-08-29,0.008873795560259046,0.006255008597836246,0.0,-0.0005627314325383278,-0.0001371671316283868,0.0,0.020573845815108793,0.005616804411254341,0.004966987998423988
2016-08-30,-0.004373330073715029,-0.00019765755254898918,0.0,-0.004127849184227044,0.00024093937207364546,0.0,0.007679720269477164,-0.001,0.0005750161287696454
2016-08-31,0.00046944909820834384,-0.008023217519500771,0.0,0.0011730703204983221,-0.005928140509208181,0.0,-0.00639631463297663,-0.002999520134694288,-0.0039062202135677904
2016-09-01,-0.0008275629663843504,0.003587281015701718,0.0,-0.0018753436228301863,0.0009358919055661915,0.0,0.0056156145831884885,-0.001,0.001981232321204063
2016-09-02,0.0035925258916710634,0.007979323279609967,0.0,0.001361735899818553,0.0005213238406633788,0.0,0.036502320512306285,0.0,0.004623798889248132
2016-09-06,0.009628305985220914,0.008757005084275675,0.0,0.0032282139604990095,0.0004170362864611511,0.0,0.026149775343901727,0.0,0.0011506842864101863
2016-09-07,0.0012933116447020098,0.001958679066114233,0.0,-0.0007540576129878946,0.002500287649782109,0.0,0.01267775053901099,0.0,-0.0027580007036699383
2016-09-08,-0.011236392687740734,-0.0023027180998039364,0.0,-0.0014724477680814532,0.0025806464202834285,0.0,-0.0035407027417002634,0.0,-0.0018443869720449202
2016-09-09,-0.030151706285612385,-0.03230619441213113,0.0,-0.0001729427423798549,-0.0007879247609455674,0.0,-0.16027924357460743,0.0,-0.009584290146817609
2016-09-12,0.0042711847169707206,0.0109458656420156,0.0,-0.00032567881111880177,-0.0025045217966516552,0.0,0.06846001064909935,0.009160814068196074,0.003497309394415282
2016-09-13,-0.01572649006878974,-0.021689972820925645,0.0,0.0009060677216894799,-0.0033972490576428607,0.0,-0.13111735563231708,-0.012506527699465753,-0.007667856502650006
2016-09-14,0.0027513147043423426,0.0012815609611055892,0.0,-0.00045076636150287626,-0.002599370988636473,0.0,0.009930011514262871,0.0002955267113465287,-0.00023391351672674698
2016-09-15,-0.0021712130997413094,0.013830492026585971,0.0,-0.0023930835198074226,0.0019075646828209218,0.0,0.03610570326746898,0.012720748752411378,0.005855159517004438
2016-09-16,0.001954139053584278,-0.001949275372611292,0.0,0.001086348219777992,-0.002617709382678959,0.0,0.012601082358057347,-0.0026965498987627607,0.00023268028227341198
2016-09-19,0.002819629405559355,0.001175002991330164,0.0,0.004256758072632743,-0.0037839937514784813,0.0,0.02534954092351671,-0.0018372890392123536,0.0005826379081073085
2016-09-20,0.000650087697733016,-0.0015829724209987842,0.0,-0.0004333715091465678,-0.0020113466885828555,0.0,0.007342006425655967,-0.0032769122773380894,-0.0011635623429532282
2016-09-21,0.011732416905703964,0.018539539740784167,0.0,0.00046976325699822776,0.002301286559963777,0.0,0.07437155660180905,-0.001,0.008269214131207736
2016-09-22,0.009153290713263212,0.01136086584644686,0.0,0.0020954360114112487,-0.0016591315215465925,0.0,0.03530382533366594,0.0,0.003349894527172159
2016-09-23,-0.0019378109665105108,-0.009432146468149475,0.0,0.0024457446863622094,-0.0037995019590917663,0.0,-0.008692184226925415,0.0,-0.0011510674735210058
2016-09-26,-0.003229708892175003,-0.011837958458336663,0.0,-0.0019758606017547223,-0.0005698991275228227,0.0,-0.05328473080524854,0.0,-0.004380327505762893
2016-09-27,-0.0033174973225187287,0.008016068891921649,0.0,-0.0017496647399395065,0.004113952325628249,0.0,0.053291505379114534,0.0,0.002893954328649917
2016-09-28,0.005019273210227662,0.008205236722880743,0.0,-0.0023210151805949154,0.007851727832861234,0.0,0.010822552375196137,0.0,0.006695371840810926
2016-09-29,-0.011937728721768938,-0.006828042773381081,0.0,-0.003565892132426685,0.0016130032461655532,0.0,-0.06290155916558604,0.0,-0.003784138692391914
2016-09-30,-0.001195084250875568,0.006919597691091889,0.0,-5.207865524016692e-05,0.0030976711002596016,0.0,0.04555844893377525,0.009020836964332767,0.004374206829877325
2016-10-03,-0.006749623436635821,0.0027656595804351185,0.0,-0.0038625559148422494,0.0005123158596605274,0.0,-0.001,-0.001,-0.0006219051299016787
2016-10-04,-0.016276553197841926,-0.0073836005592242985,0.0,-0.004029624723834947,0.002496850037332651,0.0,0.0,0.0,-0.0017276257922748117
2016-10-05,-0.00599347029498727,0.0050242617706312154,0.0,-0.008859223767222363,0.0073049299153678075,0.0,0.0,-0.003717916101744408,0.0026536982538876153
2016-10-06,-0.0015423887250074126,0.00048685943703110864,0.0,0.0001981292515311045,9.529615853755378e-05,0.0,0.0,-0.007845939433824233,0.0005754178914196828
2016-10-07,-0.0030255290755966746,-0.00651704908972602,0.0,0.0028995693007518894,-0.0008262356648069555,0.0,0.0,-0.0005221164268575404,0.0023000568684186096
2016-10-10,0.0007672518583976856,0.011590955030219731,0.0,-0.002179171596437097,0.002089139779430446,0.0,0.0,-0.005898764323350125,0.0028689089855846728
2016-10-11,-0.010767058057453616,-0.012844155029023746,0.0,0.0009993183379196676,-0.0012717585767638157,0.0,0.0,-0.0050158086614352955,-0.005606312668108182
2016-10-12,0.00034661092064472285,-0.0043164929365471115,0.0,0.004017982120452197,-0.006712469269666814,0.0,-0.001969793495819604,-0.001,-0.00034561853889691907
2016-10-13,0.0009532641343591651,-0.0005193838794630172,0.0,0.002049793317438806,-0.0070310005496443655,0.0,-0.030370301246286036,-0.004806823158829964,-0.002531795629210132
2016-10-14,-0.005452923593765992,-0.0014410173414870647,0.0,-0.0004083765070506303,-9.407517621033701e-05,0.0,0.011298640392102044,-0.001461854277572495,0.0023078991853804354
2016-10-17,0.0015835482952776922,0.00028449427069184865,0.0,0.0009538665297991887,-0.002335818402552892,0.0,0.004242724588348734,-0.0024820056460484693,-0.0013823230748097881
2016-10-18,0.006107392153478857,0.0035059467774583987,0.0,0.0022792477353734968,-0.0019323327922771629,0.0,0.04083933866549305,0.0078691003241828,0.004035356926838762
2016-10-19,0.00067768825410142,0.005471996225976019,0.0,-0.0047389250502317395,0.0026156783551571513,0.0,0.023000904667979327,-0.001,0.0028703771973759284
2016-10-20,-0.0005122437397110604,-0.006287050749972836,0.0,0.0013975488588257286,-0.002543838995589325,0.0,0.012432250149691848,0.0,0.00011545998308370997
2016-10-21,0.0016228803344753902,0.0018398778281702793,0.0,0.000216490688314275,0.00181201529561985,0.0,0.0212932356425366,0.0,0.00022843083155699162
2016-10-24,0.0014548448308274735,0.0024034074272122146,0.0,-0.005271562261350808,0.0013040622215437486,0.0,0.03530317377151193,0.0,0.0005726120690086045
2016-10-25,0.0024469247069545813,-0.002985339119527485,0.0,0.0017622031870202174,-0.000458126129197968,0.0,-0.010748736352112709,0.0,-0.000572284372070242
2016-10-26,-0.007835184026606058,-0.008082816570160429,0.0,-0.003100137928677359,0.0005512660824995695,0.0,-0.024603487301255278,0.0,-0.004005605342120133
2016-10-27,-0.006301290990821593,-0.005843410699982904,0.0,-0.0036449496553005653,-0.0014327162238257488,0.0,-0.017285512170252093,0.0,-0.0036771874357964807
2016-10-28,4.772341458415004e-05,-0.005628905941123212,0.0,-0.0024458377656083573,-0.0027746490728223533,0.0,-0.04286646144009565,-0.0037882943247863335,-0.004844613790304431
2016-10-31,0.0047312968657874,0.0012064818926479173,0.0,0.0005241486706325448,-0.0030760801402030763,0.0,-0.02232506684028923,0.003982346265492431,-0.0030136884853138035
2016-11-01,0.001001268647499883,-0.007868643841469956,0.0,-0.0023915640363365138,0.0018062407530180851,0.0,-0.0277081296606152,-0.010862121730532859,-0.003900638699525283
2016-11-02,0.0033601888981101215,-0.009695301494368197,0.0,-0.002659867409765088,0.0013433630590358792,0.0,-0.024058431349326614,-0.011157089520989953,-0.0044543079586653045
2016-11-03,-0.0012794131737485148,-0.006909233120389607,0.0,-0.002277316443597928,0.000729066450168896,0.0,-0.053998535917543,-0.005232196448300449,0.00023561890344425684
2016-11-04,0.0035696958103572825,-0.006569297758884158,0.0,0.005043607610841747,-0.004275491509812821,0.0,-0.0023266871884397577,-0.0008774211238211901,0.0004707560680561329
2016-11-07,-0.010489268631357903,0.02959556504319302,0.0,-0.00017201302747351489,0.00048088190790567746,0.0,0.12686572917950434,0.025206222074641044,0.014003090750249525
2016-11-08,-0.00344141108305426,0.00647313607400652,0.0,4.1724650917005824e-05,-0.0012371570100858013,0.0,0.02607614931170721,-0.001,-0.0022044845422234394
2016-11-09,-0.02230165812877756,-0.012462665344498589,0.0,-0.011770604495496264,0.012357984368638716,0.0,0.02406885638591172,0.0,-0.0069788575227506255
2016-11-10,-0.017464553629738564,-0.0031594517922379248,0.0,-0.023670573429097206,0.013484375399562576,0.0,-0.028361391258493462,0.0,-0.013117672750533993
2016-11-11,-0.008737547682785727,0.011907198473962412,0.0,7.969268162376708e-05,0.0013654406115469523,0.0,0.02418920156118043,-0.02002332199202428,-0.009375700032611234
2016-11-14,0.0007493856306333135,0.0033701326679883617,0.0,-0.003395054760426142,9.096693496895956e-05,0.0,0.0038263743504973746,-0.007236033003285014,0.0074275252284223825
2016-11-15,0.002309588717868524,0.007278394692747173,0.0,0.002053734907159251,-0.00046544120944631617,0.0,0.04271819034937763,0.012124220561076095,0.013200647550956512
2016-11-16,-0.0023183625052111633,0.0024031304344107342,0.0,0.0032349251178921774,-0.0026268224123797094,0.0,-0.006302785685859735,-0.01028790924134426,-0.003990287474262777
2016-11-17,0.0012024260086394203,0.006449215924275164,0.0,-0.006352507156128266,0.005740780439926007,0.0,0.028796100346811793,0.001440746295960471,-0.0027110496368704107
2016-11-18,-0.0026284481351048377,0.0013012732351432774,0.0,-0.00034704016993440987,-1.9098191156605924e-05,0.0,0.00443897185110842,-0.001,0.0
2016-11-21,0.00499894500804421,0.007063469669152018,0.0,-0.00013888709186426853,0.001556508144013822,0.0,0.045543814463163024,0.0,0.00803551946971437
2016-11-22,0.003503234403108048,0.006548665683557121,0.0,0.001564745435419659,-0.0054553153665981334,0.0,-0.00540095214702474,0.0,0.00738463051304028
2016-11-23,-0.005524422627038676,0.0020468229276362103,0.0,-0.003744502445050774,0.0032469926371711923,0.0,-0.002360960340027307,0.0,-0.0037238390850673486
2016-11-25,0.00038322198798354247,0.0031985565487020473,0.0,0.0018966704034377073,-0.004169458570552642,0.0,0.006863024340304724,0.0,0.0012852726351384458
2016-11-28,-0.0028177387314340546,-0.008940459885176312,0.0,0.0025585054902830615,-0.00714061171063486,0.0,-0.009049202916977084,0.0,-0.0001165861289393888
2016-11-29,-0.0015867856405911921,0.0010113644488482778,0.0,0.0016489648279049646,-0.0025026449559783586,0.0,0.00687857961520244,0.0,-0.0012833316691973629
2016-11-30,-0.007235921637969101,-0.007974020025679353,0.0,-0.00672036489459441,0.007572787483284234,0.0,-0.002709108984685793,0.04982604631629195,0.0004672189035694885
2016-12-01,-0.0034928558579780645,-0.007746352826923847,0.0,-0.005695253550696685,0.009468361616247239,0.0,-0.03743945007085148,-0.001,-0.004679198600012646
2016-12-02,0.0032638874377564652,-0.0027677663174033424,0.0,0.00249662311677914,-0.00660589812619619,0.0,0.0009816175589532072,0.0018573554702766533,0.006008385394826732
2016-12-05,0.005905406530809194,0.002789306264999309,0.0,-0.001548541644339302,0.0020000978970062975,0.0,0.06423140164450025,0.01042316001022891,0.0025770264102613627
2016-12-06,0.0032246547581863934,0.006747117992997056,0.0,-9.110850099959989e-06,0.0012265374972738456,0.0,0.03213546331875494,-0.0009999999999999998,0.005022803055623415
2016-12-07,0.004302809407302317,0.0020642032892828634,0.0,-0.002655805278233041,0.00282633673357143,0.0,-0.0024550967437189097,0.0,0.004999668389341627
2016-12-08,0.00861927611965231,0.009268804167283907,0.0,-0.0032499854397781552,0.0017089076851303396,0.0,-0.0029086266697142538,0.0,-0.0001166103799192797
2016-12-09,0.0011040290510868432,0.004155036142672765,0.0,0.005048423806657047,-0.00473840051127465,0.0,0.010995213588385955,0.0,0.0004631596598234644
2016-12-12,-0.004609284810195079,-0.008179289127538812,0.0,0.004614358398237263,-0.006869323805249047,0.0,-0.007879248470353373,0.0,-0.0013871683699804294
2016-12-13,0.0035311506406743094,0.005069433130958813,0.0,0.0016727111213405386,-0.0024083303904393564,0.0,-0.00861302303488265,0.0,0.002431406750981191
2016-12-14,-0.015587788755868488,-0.008055799779785325,0.0,0.002406999298286516,0.0027598108585115033,0.0,0.001805299188398779,0.0,-0.0075080496668537
2016-12-15,0.0031210665040124442,0.004796845522035176,0.0,0.0007865043739116495,0.0020440287787364697,0.0,0.014528673299087025,0.0007024298463121923,0.00046537861812168124
2016-12-16,-4.277728070360029e-05,-0.0027231124598850014,0.0,0.003699546517215526,-0.008496132113425349,0.0,0.01198936288967034,-0.004531383685787649,0.0009309806738184712
2016-12-19,0.0013046182624844227,0.005419620308587519,0.0,-0.0016819293853280776,-0.002544380578230944,0.0,0.03598067845032582,-0.006827881468139063,0.0025560121808965164
2016-12-20,0.005605440641955059,0.00637940048479479,0.0,-0.0030580770279943444,0.003917223893823494,0.0,0.019377320567050438,-0.001,0.001391506129138964
2016-12-21,-0.00495348329964203,-0.003972672695697121,0.0,-0.0018420871629674512,0.0020666615272072445,0.0,0.015892868619951317,0.0,0.001736203597269892
2016-12-22,-0.004080141000926526,-0.006037869655517503,0.0,-0.00013290862461255167,-0.0010873059168082274,0.0,-0.01779146665510034,0.0,0.0021556614641369265
2016-12-23,0.002962493224855067,0.0029778812526321057,0.0,0.0035751975105755103,-0.00013377727950176675,0.0,0.005413327979149285,0.0,0.0018517189074358509
2016-12-27,0.006790823901110476,0.00477560308302853,0.0,0.00010779739999572881,-0.0003816485372709359,0.0,0.012839074759375402,0.0,-0.0009240399473906535
2016-12-28,-0.006258888147094189,-0.009135681872582789,0.0,0.0014449023396909556,-0.0012703883825886813,0.0,-0.03455323312168046,0.0,-0.0013866557032409244
2016-12-29,0.0005996829470475357,-0.0001720980409964479,0.0,0.0031128047225327453,-0.0067493039527148305,0.0,-0.016200749044306018,0.0,0.0013885811872635934
2016-12-30,-0.0028141185489080635,-0.006737106101974173,0.0,-0.0008290745370385382,-0.0014799662713900308,0.0,-0.020772793338753037,0.0,0.00034677226957291474
2017-01-03,-3.7302614777745004e-05,0.006574946597886042,0.0,-0.004165223619475207,0.003945270349433449,0.0,0.07111445760147372,0.0,0.004159680314740788
2017-01-04,0.011012712017896619,0.011911865328691448,0.0,0.005274678269657318,-0.0010467232859521136,0.0,0.052129317497596084,0.0,0.005408265282408564
2017-01-05,-0.001046938526495912,-0.004576484700906241,0.0,0.004036308362721031,-0.005097358517137811,0.0,0.0032185880716242288,0.0,-0.0014885092350794826
2017-01-06,-0.003008698557533259,0.0016830647064624393,0.0,-0.0005,0.0008119943238683403,0.0,0.013513507499518296,0.0,-0.00022891305050065647
2017-01-09,-0.007972924742360927,-0.002087586665234127,0.0,0.0,0.0009922449405897855,0.0,0.002014379707171665,0.0,-0.00022961023501411049
2017-01-10,0.004259962965208698,0.005941719945243779,0.0,0.0,0.002979548281575438,0.0,0.00660542262544217,0.0,0.00011479565513483614
2017-01-11,0.00729122866175482,0.0022141488093432135,0.0,0.0004720763236700236,0.0019172774919549763,0.0,0.021778420183510283,0.00979526362776506,0.000573124248665513
2017-01-12,0.002760316958433646,-0.0047059408649787,0.0,-5.587887657254164e-06,-0.004075028086616737,0.0,0.000465333406805879,-0.001,0.0002295766802222765
2017-01-13,0.0021616291569787763,0.005387649252761293,0.0,-0.00020875520951307803,0.002109847069316797,0.0,-0.002697933959352028,0.0,0.00034349846818160223
2017-01-17,-0.006034336005954276,-0.008429542767172003,0.0,0.007084665135390744,-0.013380194323747879,0.0,0.002798536010244934,0.0,-0.0010305709570647137
2017-01-18,-0.003287548625254454,0.0026387391458625262,0.0,-0.00010824317189450563,0.0010998961314854503,0.0,0.0046511627906977715,0.0,0.0009167215498411263
2017-01-19,-0.005233443897790785,-0.004360539153189011,0.0,-0.0005,0.0019418382848890934,0.0,-0.011388919971607403,0.0,-0.0032068751555428543
2017-01-20,0.006318365345003539,0.0036818626183817847,0.0,0.0,-6.685336542836299e-05,0.0,0.03914957793948037,0.00377451702592413,0.0019537671861178385
2017-01-23,0.0024458835208362732,-0.0017510394284968348,0.0,0.0,-0.0036539794068595004,0.0,0.0081117760309517,-0.001,0.0
2017-01-24,0.008598837118430088,0.010943402705518539,0.0,-0.008563933429302265,0.005941761486053147,0.0,0.04640145294778053,0.011608670336457405,0.0006880642883240196
2017-01-25,0.004773081723621268,0.001567913659488916,0.0,0.0003301346774897745,0.005323629789963716,0.0,0.024777866568644002,-0.001,0.003552184417956239
2017-01-26,-0.0015436157987930217,-0.0024652408528001357,0.0,-0.004322260394023756,0.0013849398763951784,0.0,-0.005169274086724518,0.0,-0.0004567953717301565
2017-01-27,-0.0036520546753625233,-0.006679456709951613,0.0,0.004850749568740731,-0.0026696978923003165,0.0,0.011900755720559264,0.0,0.0009140796539419682
2017-01-30,-0.01031528149220642,-0.010231443921647905,0.0,0.0012549607406145882,-0.003598702927868072,0.0,-0.02840815277341513,0.0,-0.002054676141169165
2017-01-31,0.004525752205859486,0.006429562769003642,0.0,0.004952791056000913,-0.009024165921791689,0.0,0.004603196034145496,0.0,-0.0010293460475427896
2017-02-01,0.0032698758332210223,0.005012061718560824,0.0,-0.0058993351465171,0.0020893064485607024,0.0,0.017479891511756218,-0.008407232056130365,0.0037027669149369835
2017-02-02,0.00016379538739074698,-0.0012587587043550092,0.0,0.004851377283044495,-0.004849390126494932,0.0,-0.00817282400970576,0.005665981620673,0.0005735759423173281
2017-02-03,0.007898672326938376,0.007566872201745477,0.0,0.001580536667867506,0.004777160182415351,0.0,0.02043218951433934,0.012557744374487145,0.0017173902991565182
2017-02-06,-0.005819801834016316,-0.007054444595835765,0.0,-0.003949254985178183,-0.0005023689692073587,0.0,0.001071170507285668,-0.0009999999999999998,-0.0006854938742253402
2017-02-07,-0.002182121129110329,-0.004462432591719726,0.0,-0.009442454205764892,-0.0024967052038623377,0.0,-0.007901877531919399,0.0,-0.0014873705881540689
2017-02-08,0.0013469133467217762,0.0006816255512280825,0.0,0.0003009311047222907,-0.0052030840183573315,0.0,0.0029038287369600457,0.0,0.0006874135743510923
2017-02-09,0.0075508114368318955,0.009880445044724786,0.0,0.003521795961439644,0.002707537403117519,0.0,0.021012582505295585,0.0,0.0013737402632258977
2017-02-10,0.006256571939902834,0.009024307119613433,0.0,0.0027205689239843066,-0.0007600211600213661,0.0,0.01604280818594117,0.0,0.0006855721838938678
2017-02-13,0.003800795954034891,-0.0033109908042268476,0.0,-0.000343576547828068,0.002047104020739909,0.0,0.03165864069379065,0.0,0.0014852891334413698
2017-02-14,0.0027128031039640255,0.0023248347754405794,0.0,-0.0004478375386016421,0.003553368291602629,0.0,0.04305486228992472,0.0,0.0006847252329729159
2017-02-15,0.006483425444143882,0.005943239278591877,0.0,-0.005084576534088854,0.00212911234622328,0.0,-0.036757126308938126,0.0,0.00034209288782993674
2017-02-16,-0.00213265259793769,-0.001532583115807132,0.0,-0.0007119377341331241,-0.002629807859683469,0.0,-0.005231517911468697,0.0,-0.000797754686782226
2017-02-17,0.0002654507774651213,0.001911037681716674,0.0,-0.004640198843204034,-0.0007667311220571887,0.0,-0.0019334879667398663,0.0,0.0010265339074808644
2017-02-21,0.007547661502487987,0.006207612689568904,0.0,-0.00013396703311195553,-0.004074845814221921,0.0,-0.012165824546277126,0.0,0.003304139325935651
2017-02-22,-0.0007154721043947986,-0.0018247486443671668,0.0,-0.007707289352626902,0.000590686810233213,0.0,-0.004235965651925744,0.0,0.00045375032201300236
2017-02-23,-0.003482884566522482,-0.004758158045789241,0.0,0.0007634563923659533,-0.003634106802938696,0.0,-0.026311674043230426,0.003204269256930848,0.0009079365348407809
2017-02-24,-0.0028873688164626826,0.0007593766537433563,0.0,-0.0039021383076576354,-0.0036495350301482257,0.0,0.013349527073209355,-0.009349873435912426,0.0007940766146341538
2017-02-27,0.0029591906430487492,0.004835491558246123,0.0,0.0028531229199924932,0.0006426262247351351,0.0,0.002714541619885269,-0.001,0.0012463611373345618
2017-02-28,-0.009142770987611331,-0.008393253407477515,0.0,-0.0024439686822005867,-0.0008428391152529072,0.0,-0.0246038412930375,0.0,-0.0007916842940765001
2017-03-01,0.014535345985798725,0.013866749141306414,0.0,0.007659582412747166,0.0070592960460226705,0.0,0.02285716776945157,0.014530366469356015,0.0036858026268267174
2017-03-02,-0.010591269718378928,-0.007703402647492223,0.0,0.0004765236686597215,-0.005085919184764981,0.0,-0.002553868212533339,-0.001,-0.003174107896076972
2017-03-03,-9.919930161607588e-05,0.000791527646117516,0.0,-0.0013681908099239498,0.0016092855252023352,0.0,0.03048479618229938,0.006651583862945399,0.00045508909490732385
2017-03-06,-0.0037991441874244743,-0.0039978131372195155,0.0,0.0008553123325170035,-0.00042139876208080836,0.0,0.018557337636772475,-0.001,-0.003182132856968556
2017-03-07,-0.0034418427977100027,-0.0034405117760092237,0.0,-0.0017969625794837128,0.0012409033332105108,0.0,-0.0008384308408548868,0.0,-0.006498648195572887
2017-03-08,-0.0015327232559396,-0.0009864153152898507,0.0,-0.0027898569592897044,0.0018912446424999233,0.0,-0.00732438132464952,0.0,-0.006656111070352244
2017-03-09,-0.0002512011796299323,-0.0007512918902695075,0.0,-0.004041889642909235,0.004675818360926273,0.0,0.005149474796728226,-0.0020749907785026977,-0.002656939417630344
2017-03-10,0.0040130511702254614,0.002965345013104503,0.0,-0.0015017608366441051,0.0010456795888372104,0.0,0.01376359587520315,0.0036711183698807763,-0.0003477395030712094
2017-03-13,0.0014292657748479207,0.0011357315690869562,0.0,0.00024326648513624336,-3.690463931187122e-05,0.0,0.020817577830123835,-0.001,0.0008117940634444487
2017-03-14,-0.0035060716745323123,-0.004079386675717953,0.0,-0.0016773591135671707,-0.0006834890597654083,0.0,-0.01906311438499997,0.0,-0.0030108630055181163
2017-03-15,0.00935070023106068,0.009039631667928979,0.0,0.0055323476171876725,-0.005005262768459954,0.0,0.035703568012124265,0.0,0.013819221645955615
2017-03-16,0.00070429128548885,-6.671773551944309e-05,0.0,0.0009466680292591946,0.0005951774233919077,0.0,0.021381835937499982,0.0,-0.002863479856437867
2017-03-17,0.0006995907758954784,0.0011441654216742057,0.0,0.0015427726707566204,-0.0004978179447843546,0.0,0.012175957172825935,0.0,0.0003448633893352593
2017-03-20,0.0014264896423152543,-0.0010331809187621647,0.0,-0.00017695347214753384,-0.002439776537701974,0.0,-0.0007034178615539233,0.0,-0.0019525087774325822
2017-03-21,-0.018180345410235117,-0.019833164358978275,0.0,0.001540659345481693,-0.007422153446060675,0.0,-0.03815556531153652,-0.029041070204492536,-0.007133977283751203
2017-03-22,0.004416015490688963,0.0036465031906892918,0.0,-0.0026948694169146308,0.0007693275104127228,0.0,-0.005196565091805105,-0.0021215291525369384,0.0024340854960236413
2017-03-23,0.0004771869817656435,-0.001826391326522304,0.0,0.001063433309649243,0.001169764351746933,0.0,-0.033917014953321556,0.0027784642005409645,0.000346626383524562
2017-03-24,0.0017355433713031217,0.0007184992678542448,0.0,-0.0018683568715067579,-0.0002386213099140619,0.0,0.019115145931710043,-0.0006676168238125251,0.0034673537036544744
2017-03-27,0.0005864164221862507,0.0003404012072673688,0.0,-0.0010513152763512322,0.0002487679101572898,0.0,0.020251018582836844,-0.0015764377200804657,-0.001037425142331183
2017-03-28,0.0057831789197289665,0.006642238789627741,0.0,0.005137999699536877,0.0024360376913458975,0.0,0.05398077479734864,0.012799776437941928,0.005534252085360958
2017-03-29,0.003518799424455513,0.0028685401989464927,0.0,3.79887348208863e-05,-0.0043419645509568845,0.0,0.003822120049243871,-0.001,0.0020638689965226664
2017-03-30,0.001742036030311923,0.002628284643640233,0.0,0.004084781185597721,0.00501558821757515,0.0,-0.004707460644840955,0.0,0.004690525671158463
2017-03-31,-0.0014456447799916056,3.4314485062757176e-05,0.0,-0.003261176875535039,-0.0032098518508173637,0.0,-0.01822362313498538,0.0,-0.0003412438121780381
2017-04-03,-0.0022033946494848596,-0.004016178760912223,0.0,-0.0005110747343839027,-0.000992254398187327,0.0,-0.004888325982664976,0.0,-0.0005379053547694967
2017-04-04,0.0005169207473973088,0.0006845145626435593,0.0,0.0007171874720761468,-0.0009218708773044656,0.0,0.013740513908082397,0.0,0.0003437329497193442
2017-04-05,-0.0057669758610384555,-0.0061808209254534474,0.0,-0.004264445022188455,-0.0023893477422910364,0.0,-0.03356976472916806,0.0,-0.0008007326873497034
2017-04-06,0.0022839668180176867,0.0006610031482689758,0.0,0.002241251891495262,-0.0004299759826020387,0.0,0.017585917870879486,0.0,0.001259776905116805
2017-04-07,-0.0008411422553760636,-0.000759216839970767,0.0,0.00017528579568561973,-0.0016579651356792313,0.0,-0.0366350419733843,0.0,-0.0004578257727758661
2017-04-10,-0.00022278907092376617,-1.490450501815386e-05,0.0,-0.0019371248513506735,-0.0019810395506544005,0.0,-0.03498889128434668,0.0,0.0013731182093630334
2017-04-11,-0.0004707068799369856,-0.0005373099226434984,0.0,-0.0032686017499302875,-0.0021412642895603214,0.0,-0.0468581286520644,0.0,-0.001942624518925684
2017-04-12,-0.007225088136202163,-0.007209070664790718,0.0,-0.005014942943701648,-0.00517182708638434,0.0,-0.003707278188946006,0.0,0.000686916847253638
2017-04-13,-0.00621920655420227,-0.005827349649930879,0.0,-0.004268136981036274,-0.0036780448630857124,0.0,-0.01860542792959452,0.0,-0.0020596888410995273
2017-04-17,0.009055712104059697,0.009305407903212996,0.0,0.0024608353854449704,0.001494336104136779,0.0,0.04879655608174116,0.016467430608340883,0.002981301551643112
2017-04-18,-0.0036670502763242524,-0.0009984062360355096,0.0,-0.004218442792389014,-0.0008841544575992243,0.0,0.00770200702127366,-0.001,0.008162438475151414
2017-04-19,0.00043946897369055493,0.0022040272869307135,0.0,-0.0005349738315921831,-0.00043708724883470453,0.0,-0.024255190927649162,0.0,-0.0029144914521921344
2017-04-20,0.008769676552810997,0.009857401605870375,0.0,0.004596385672938997,0.004795272437960022,0.0,0.025977139989967313,0.0,-0.003854111709807993
2017-04-21,-0.0016289251912691095,-0.000985250404039275,0.0,-0.003184703071876736,7.193381094057907e-05,0.0,-0.003739508839600947,0.0,0.0010044233097897925
2017-04-24,0.012028142148833923,0.012183640696032694,0.0,0.006244320655549395,0.00673447789531601,0.0,0.10783548022917055,0.0,0.0026806338790856827
2017-04-25,0.008176848390116695,0.008097539539803094,0.0,0.0007654069389944288,0.0009700740750408868,0.0,0.024493550261538433,0.0,0.0018178329015139383
2017-04-26,-0.00017863712572536801,0.0009956296919740489,0.0,-0.003507525517801379,0.002844447875244826,0.0,-0.010954914872378207,0.00390641445231299,-0.0009072671906074081
2017-04-27,0.0027839267299133714,0.003514384363768246,0.0,-0.007568523570110568,-0.0005032951912198998,0.0,0.010797652516934875,-0.001,0.0006810683038822596
2017-04-28,-0.00224959908333281,-0.004108739455195098,0.0,-0.0009984376839744552,-0.0030181809496076894,0.0,-0.0003446109555786947,0.0,-0.00034044233851482364
2017-05-01,0.00747330811290067,0.007710416321277404,0.0,-0.0015820436701089115,0.0015853427008707603,0.0,0.03957249302729626,0.0,0.0005129024686589823
2017-05-02,0.0011135922174431412,-0.0008135977215126837,0.0,-0.002725148466653282,0.00231535913828403,0.0,-0.004045365326026951,0.0,0.00034185297747235666
2017-05-03,-0.00466420896267432,-0.00427882195367442,0.0,0.0030844488149077485,0.0031016717243670467,0.0,-0.020242332097430316,0.0,0.0009105736775034678
2017-05-04,-0.0026876554040458404,-0.00024791094212345835,0.0,-0.0031963167617039953,-0.0017236852137389029,0.0,0.02589369018892218,0.0,-0.005346526724702483
2017-05-05,0.005328727532423023,0.004594830391733142,0.0,0.0050060981734731756,-0.0026025687104395223,0.0,-0.0058296763286797,0.005444928271351458,0.0017155297701918482
2017-05-08,7.614965096957252e-05,-0.00011182173792915188,0.0,0.0027105940040109684,0.0014422494592158737,0.0,0.02665422672605189,-0.001,0.0011415642003447246
2017-05-09,0.0046407046277610825,0.002114863514606252,0.0,-0.005627569667641111,0.0016136339196071005,0.0,0.0017523787942952396,0.0,-0.0006845638213904826
2017-05-10,0.003322547684491667,0.0023777910086446507,0.0,0.0038867544402711733,-0.000777269285106251,0.0,-0.003757948975098513,0.0,0.004337325782644008
2017-05-11,-0.0015160828342405247,-0.002835661122846239,0.0,0.0010170549270930175,-0.0005962412946594699,0.0,0.0025364165165282504,0.0,0.00011349293492513013
2017-05-12,0.0009245424095663173,-0.00023192043618126766,0.0,-0.002140391773972444,0.00044084293448094536,0.0,0.001946176215610329,0.0,-0.0003408589128149897
2017-05-15,0.005952516813933339,0.0046723634348073174,0.0,0.0018292934436257026,-0.0004610949845153091,0.0,0.020135970681784743,0.0,0.0022738657288221553
2017-05-16,0.0024320566864910287,0.003036148524566711,0.0,-0.0031825619639088863,0.0009579818584248569,0.0,0.009837541735054911,0.0,0.00147351021632125
2017-05-17,-0.023617285826599173,-0.0224669141002901,0.0,0.01166765825676478,-0.006210785937416637,0.0,-0.18264092418527167,0.0,-0.004416391366725558
2017-05-18,0.00013408438466765035,-0.0018206770155583302,0.0,-0.0024625445485589926,0.0003373721795746638,0.0,0.026528234273621276,0.0027626990771973015,0.001137709043120605
2017-05-19,0.009039755650545416,0.010300129584069846,0.0,0.0016925645752985151,-0.0011009615237909179,0.0,-0.001,0.006660859556753919,0.001265466142927509
2017-05-22,0.005878068068180085,0.005368714348327205,0.0,-0.0036940908837611356,0.002689684128835808,0.0,0.0,-0.0009999999999999998,-0.00032083404441616854
2017-05-23,0.0015369624239334769,0.0009881383828386477,0.0,-0.0005235194344468473,-0.0017511847478655818,0.0,0.0,0.0,-0.0065917607950629455
2017-05-24,0.003434032354536141,0.0043088100033346465,0.0,-0.0014590612332344743,0.0022017184883378216,0.0,0.0,0.0,0.005041046221264434
2017-05-25,0.005575798464042387,0.007033246290632805,0.0,-0.009462119770391115,0.0047265357586987735,0.0,-0.012853291386818122,0.0,-0.0027899223299665526
2017-05-26,0.0018265738424623626,0.002447080972718751,0.0,-2.0132315256105363e-05,-0.0006185429101259086,0.0,0.017231136019833393,0.0,0.0005650331428748157
2017-05-30,-0.002979930117046703,-0.0016132002947101846,0.0,-0.0054880313604985815,0.004643382960613129,0.0,0.007492304745116307,0.0,0.001016110821268068
2017-05-31,-0.002691445633183442,-0.0032255512750837033,0.0,-0.0030676483954953032,0.002185163491008583,0.0,-0.008341912126385909,0.0,-0.00011250948172969455
2017-06-01,0.008672721160632078,0.004177820412660249,0.0,0.0008689199040170195,-0.0010823939539212732,0.0,0.023736545450094848,0.0,-0.0016417692958566414
2017-06-02,0.00840671393904148,0.008069767021228615,0.0,-0.006328744436524445,0.0030503601246681,0.0,-0.0021658168340817907,0.0,0.010276836838241654
2017-06-05,-0.0018506230360708488,-0.0034913880493841394,0.0,0.0010640968099049242,-0.000780017185223804,0.0,-0.001,0.0,-0.002902582226159132
2017-06-06,-0.002111492340093433,-0.0032923719622123967,0.0,0.003816169388312504,-0.0038550994963516792,0.0,0.0,0.0,0.005479443606277669
2017-06-07,0.0018578167365952039,0.0020510797911020024,0.0,-0.0031491702237946406,0.003446333045276504,0.0,0.0,0.0,-0.004955319401481579
2017-06-08,0.005093818857839071,0.002803194895734339,0.0,0.0031421019343883853,-0.0025064862539398527,0.0,0.0,0.0,-0.004003829289920646
2017-06-09,-0.013727848506600242,-0.01873169498793991,0.0,0.01938217889110428,-0.014650602647469382,0.0,0.0,0.0,-0.004184603681842458
2017-06-12,-0.0044980726877148405,-0.0054258972724946924,0.0,0.003989460477982358,-0.0049520387767979426,0.0,0.0,-0.006602507521232756,-0.0007316963891436823
2017-06-13,0.006259460977343116,0.006770381358301051,0.0,1.1547699416052841e-05,-0.0026811890208106814,0.0,0.0,0.007620968758786571,0.0004535953257942648
2017-06-14,-0.003478910877458552,-0.0026228753084513554,0.0,-0.0056472432700095995,0.004157783853224052,0.0,0.0,-0.00747811789275976,0.008116447157299696
2017-06-15,-0.006662589845512157,-0.0072284208773188245,0.0,-0.005301305521684422,0.0015654305353259704,0.0,0.0,-0.005748812034803557,-0.0024898856851129857
2017-06-16,-0.001961649112139147,-0.001649867212681916,0.0,0.002881116779335751,-0.004820346610312552,0.0,0.0,-0.003628024692347828,0.001347070303406428
2017-06-19,0.01199811452355339,0.013132735508100176,0.0,-0.0017736847501188357,0.0024377031079595535,0.0,0.0,-0.001,-0.003594650917695613
2017-06-20,-0.009495246472306356,-0.00947704836037339,0.0,-0.0035498096420320297,0.003928821929837934,0.0,-0.026612861676254096,0.0,0.005082684661486847
2017-06-21,0.004140624484570058,0.006036066630082904,0.0,-0.005646037082500386,0.0070718762085424415,0.0,0.008261405271645206,0.0,0.002334405851597765
2017-06-22,0.0023890327784004154,0.0024314592758945025,0.0,-0.007108584996221856,0.0018138256395148543,0.0,0.010986896006289104,0.0,0.002608021694201845
2017-06-23,0.005041181569910449,0.004588195119374116,0.0,0.001608122982980198,-0.002322843727017684,0.0,0.009578176492676338,0.0,0.0011961561174741785
2017-06-26,0.0009394061743451526,0.00275548506450955,0.0,0.0014964829405352317,-0.0006449877179878299,0.0,0.022076294134307117,0.0,-0.0006941127121664332
2017-06-27,-0.01361119084752223,-0.014647416022479251,0.0,0.0014605206383819487,-0.004953088808704419,0.0,-0.03546347460227817,0.003995844054075604,-0.00561201844454674
2017-06-28,0.012557179439512227,0.010573968644404647,0.0,0.0005646601447228909,-0.0015723475235977155,0.0,0.03084515614889649,-0.001,-0.001886406572333388
2017-06-29,-0.01242220366672417,-0.014753373786077816,0.0,-0.0018846402040422036,-0.005719532629404101,0.0,-0.05230404053815396,0.0,-0.007155372947679362
2017-06-30,0.0009252628898626032,0.001589011536363433,0.0,0.0010517809984422941,-0.001972919866882303,0.0,0.018375875542394837,-0.0012692568981077462,-0.0023904015589893135
2017-07-03,0.0002377740179122639,-0.002782797310084568,0.0,-0.00538927604121224,-0.006696835567122282,0.0,-0.01339370995774336,-0.007467295055396324,-0.007816566460877217
2017-07-05,0.0017871975891886902,0.003191888059212931,0.0,-0.001615354899884688,0.008993043187849563,0.0,-0.0006913494433385958,0.006102339701827696,0.0014531151334423397
2017-07-06,-0.01129459325603957,-0.010687707945824857,0.0,0.0019490276680823818,0.00022548224379334184,0.0,-0.05031446540880502,-0.001,-0.0055280862546117195
2017-07-07,0.007637917766169092,0.006075969180090982,0.0,-0.0019171902781636788,0.002994116035696358,0.0,0.0354966927837852,0.0038376653542740767,-0.007471854132536187
2017-07-10,0.003924605028204431,0.007980168264983626,0.0,-0.0014634813781569393,0.001412497565533611,0.0,-0.001,-0.0009999999999999998,0.0015301728641729962
2017-07-11,0.004522394238053651,0.005635571597192994,0.0,0.00034535569502279614,-0.0014114435546497277,0.0,0.0,0.0,0.0015651212175937456
2017-07-12,0.01302877475525983,0.01596353316106819,0.0,0.000771226791723616,0.00194910677333811,0.0,0.0,0.0,0.00572908027900011
2017-07-13,0.0026657783902515595,0.0036868815845959198,0.0,-0.0008075520663582263,-0.0009366724363070549,0.0,0.0,0.0,-0.004723428672516511
2017-07-14,0.007561131612380231,0.010386816833594286,0.0,0.0016038602185908114,-0.00032200439519994176,0.0,0.0,0.0,0.003662652549100875
2017-07-17,-0.0005735563666090717,-0.002228243308903447,0.0,0.0011561227179144513,-0.0005094567368073477,0.0,0.0,0.0,0.0033501683813402573
2017-07-18,0.0027377622937584554,0.004731250806436117,0.0,0.002164326626330579,0.0021370564750017394,0.0,0.0,0.0,0.008123306475545721
2017-07-19,0.007826073910892543,0.007138610244885214,0.0,-0.00015411503858346327,-0.002836436915572578,0.0,0.0,0.0,0.00017169031101187397
2017-07-20,0.0003222742286531573,-4.45094677970204e-05,0.0,0.0018988727556749638,0.001827014124797136,0.0,0.0,0.0,0.0023492885414079234
2017-07-21,-0.0017597470315086647,-0.0005660510077931457,0.0,0.0005095138155150713,0.001762312620308609,0.0,0.0,0.0,0.005771695085513773
2017-07-24,0.0031050302208957855,0.003710258516280492,0.0,-0.001473980020808687,5.7925117048414986e-05,0.0,0.016150369110547236,0.0,-0.002386986581373279
2017-07-25,0.0008873759778230044,-0.0025785361518437387,0.0,0.004333462878066009,-0.006382430899299721,0.0,-0.001,0.0,-0.009606781204006442
2017-07-26,0.002175552089031891,0.005860891909538215,0.0,0.004237664623750449,-0.00018552520840518522,0.0,0.0,0.0,0.003877264018239612
2017-07-27,-0.006054764553917373,-0.005856303460258693,0.0,0.006215480406140966,-0.0052132773014248865,0.0,0.0,0.0,-0.0027867079554293444
2017-07-28,-0.0007657313682703673,-0.0006521023731055855,0.0,0.0013830766140486355,0.0010152219418587312,0.0,0.0,0.0,0.004482454736645415
2017-07-31,-0.0002567423357868778,-0.001319632113899682,0.0,-0.0016805728230315773,-0.0012141324663215481,0.0,0.007091284833318557,0.0,-0.002
2017-08-01,0.0016506118838652461,0.002660581789917662,0.0,-0.004629288277527566,0.000966287381824743,0.0,0.011544838779437683,0.0,0.002273913853599387
2017-08-02,0.0005212618441832259,0.0017274844234951225,0.0,0.0006610741892911379,0.0013156612679741239,0.0,-0.0031521838644276157,0.0,-0.0003602145797783063
2017-08-03,-0.0022395606719130003,-0.004022576184842687,0.0,0.000342003225837037,0.004261588790097972,0.0,-0.012975710972477073,-0.0059919933376998405,0.007275967332724043
2017-08-04,0.002128597659698611,0.002817501694609742,0.0,-0.004729568811174534,-0.0016318028559469957,0.0,0.0027618206945563273,-0.001,-0.008248085263481081
2017-08-07,0.0040875630766671524,0.006602009144397096,0.0,0.0045134387995324765,0.0026669319297316653,0.0,0.013220277867316499,0.0,0.0003190298897856769
2017-08-08,-0.002655330065243078,-0.0006584364387228622,0.0,6.944870768582525e-05,0.0017349124841861386,0.0,-0.028161399727176795,0.0,-0.0013137591967370358
2017-08-09,-0.0037205556932408497,-0.005810843290319016,0.0,0.00010805992586185407,-0.0013646270629001115,0.0,-0.027522926382486324,0.0,0.007780945279800866
2017-08-10,-0.019203197938525114,-0.022743447293142184,0.0,0.009369899600891402,-0.0008077901119657917,0.0,-0.1379429143620634,0.0,0.008147290580937903
2017-08-11,0.002401852343330831,-0.0012589210724237028,0.0,0.004032330371475325,0.002359924653943205,0.0,-0.04337381538453711,0.0008745164735043333,0.0019696387181731057
2017-08-14,0.0099753460849445,0.010325693978141337,0.0,-0.005365290995536797,0.003022076008575901,0.0,0.12751115165646087,0.012548889417384442,-0.005821590548198136
2017-08-15,0.00023823722995699757,0.0009318711962427767,0.0,-0.0036525413105892644,0.0014452576720415625,0.0,0.004949288881332725,-0.00025243896148886467,-0.005437271110925396
2017-08-16,0.005519757458926555,0.006345634758761678,0.0,-0.0038251244936550015,0.003705315651378432,0.0,0.00751047280452477,-0.001,0.004961992721172259
2017-08-17,-0.014885418441753362,-0.016323860884696513,0.0,-0.0004963265839917374,0.0006461809493568048,0.0,-0.16607605600868647,0.0,0.006640653218690041
2017-08-18,0.003210850360223228,0.004176472130451249,0.0,0.0003437809318820503,-0.0018523770468539607,0.0,0.03546315759228191,0.0,-0.0006965491964039172
2017-08-21,0.0005346546951902179,0.0014773691632549916,0.0,-0.0023855313897219793,0.0029374879881148117,0.0,-0.001,0.0,0.002907844726687236
2017-08-22,0.009975131944355798,0.007680812885588266,0.0,0.001978368243651404,0.0008189843044071333,0.0,0.0,0.011933560497638596,-0.004077475297668581
2017-08-23,0.0004364734900974167,0.0022227464703529257,0.0,-0.0011118917908872236,-0.0024022483456674452,0.0,0.0,-0.001,0.005738558782781622
2017-08-24,-0.0006683414518677764,0.00023502102516435237,0.0,-0.000781511928051777,0.00048246300798505975,0.0,0.0,0.0,-0.0034841401001315443
2017-08-25,0.0034533488486473583,0.005895718827805145,0.0,0.0003950606236831026,-0.0016969499778218967,0.0,0.0,0.0,0.003799158596819674
2017-08-28,-0.00029929405767892075,-0.0017397121049933302,0.0,-0.0002330409953443552,0.0035821222472967344,0.0,0.0,0.0,0.005152173102680552
2017-08-29,-0.0009816543260035338,-0.0029449765166644497,0.0,0.000375492150737411,0.0014013158576808497,0.0,0.0,0.0,0.001336430861309679
2017-08-30,0.0035620940669749686,9.618752799100651e-05,0.0,0.0002570676449822706,0.0009896422051865676,0.0,0.0,0.0,-0.0003723362923893081
2017-08-31,0.006584295881996387,0.004454171019417899,0.0,0.00029280527028175817,0.0009401327372481403,0.0,0.0,0.0,0.0060445306055830084
2017-09-01,0.0024844579810723642,0.003199072250470528,0.0,0.002946786165958118,-0.005471901918160767,0.0,0.0,0.0,-0.00430429958100032
2017-09-05,-0.009536720409473086,-0.011607391440586663,0.0,0.004191980219579452,-0.0040360570526492365,0.0,0.0,0.0,0.014194884948555432
2017-09-06,0.0035127157866150747,0.0052879638346189604,0.0,-0.0008209247923110669,-0.006518535352749257,0.0,0.0,0.0,-0.005772949491751544
2017-09-07,0.0028889914427707923,0.007785870683434755,0.0,-0.007968155649074155,0.003521711337992659,0.0,0.0,0.0,0.010297123202321757
2017-09-08,-0.0055785140272375765,-0.003306027313949615,0.0,0.0012204930562710846,0.0009335276842461777,0.0,0.0,0.008212982290095261,-0.001845047525343635
2017-09-11,0.010691049191328107,0.010555632217310847,0.0,0.0010030345923246456,-0.0004924728977649803,0.0,0.0,0.017427459397263867,-0.012627929143885636
2017-09-12,0.0015262757258516463,0.001034981526675209,0.0,0.006158773636287487,-0.005296951149175639,0.0,0.0,-0.001,-0.0023904093114984594
2017-09-13,-0.003219041998884177,-0.005394084252355106,0.0,0.002524550543186751,-0.005126774752792922,0.0,0.0,0.0,-0.005190415852218378
2017-09-14,-0.00035685707407099004,0.0021595029172406595,0.0,-0.0021091198080093526,-0.0013243664618783288,0.0,0.0,0.0,0.004208528991641669
2017-09-15,0.0032116241460480362,0.003184273236720888,0.0,0.0005293171556252456,-0.0010972386471219463,0.0,0.0,0.0,-0.0010947163915340213
2017-09-18,0.0012326465405105493,0.0005015873336944971,0.0,-0.0007757029457110392,-0.004325370357192288,0.0,0.0,0.0,-0.009002729469000974
2017-09-19,0.0030508020358581966,0.002468222514644196,0.0,-0.001060916851027622,-0.0008797054369966852,0.0,0.0,0.0,-0.0008657724786067412
2017-09-20,-0.0031954374418796446,-0.005054836003289944,0.0,-0.0038719517886194113,-0.0011531836530816611,0.0,-0.0020030532031424233,0.0,-0.002112857654817944
2017-09-21,-0.0026190943843678277,-0.0022831948415587755,0.0,-0.0026691546109508277,-0.0012001508174776317,0.0,0.0008924791566200518,0.0,-0.001243964199395875
2017-09-22,-0.0007997517518411828,-0.0008599449800998016,0.0,-0.0019428819158356524,-0.0010734537352146412,0.0,-0.006798936714802473,0.0035647013139933357,0.0010190130538956232
2017-09-25,-0.010503723681088597,-0.01057171673234673,0.0,-0.0007241969187744555,-0.005452225540857866,0.0,-0.0004488936735872473,-0.001,0.0005652992326150574
2017-09-26,-0.000923476999070505,-0.002435361868988256,0.0,0.001257687255780909,-0.0015939634251540544,0.0,0.01044122946404169,-0.0036900931025712893,0.001243610956390695
2017-09-27,0.007417328115261831,-0.0011339858300987936,0.0,-0.0029282372775535003,-0.00015059009184773767,0.0,0.008555518256293304,-0.003596395953474496,-0.015091382793103935
2017-09-28,0.0005223779792298121,0.0012578282167063199,0.0,0.00014668476096163578,0.0005340230760380003,0.0,0.014101646535525925,-0.0006764565633908814,-0.001266355300396821
2017-09-29,0.006789289258584728,0.008101969244744137,0.0,-0.00013622318263262169,0.00022596593405399285,0.0,0.01846819002587452,0.011512059395492047,-0.000532324900118562
2017-10-02,0.004467765742418263,-0.00045670955142401097,0.0,-0.0035753379663449217,0.0018338793873730768,0.0,0.01887996419270843,-0.001,-0.000509374782260319
2017-10-03,0.006298953584877216,0.00842045684835208,0.0,-0.000805566022260844,0.00024493022919257375,0.0,0.004397045782039699,-0.0005031449063824791,0.0018112239653149675
2017-10-04,-0.0008031076516912111,-0.0012167289381266283,0.0,0.0034738952212811066,-0.00399673415006136,0.0,-0.0007296194813729562,-0.001,-0.0010166784602998469
2017-10-05,0.006686600572506252,0.002822771026874818,0.0,-0.0011051699693815646,0.0016136789251894666,0.0,0.031188043998216397,0.0,0.0012434861528838326
2017-10-06,-0.0014924377945327249,-0.0026500591181562788,0.0,-0.0026769900039490843,0.002550530225609704,0.0,-0.0006068941758378132,0.0,-0.0014689291023790574
2017-10-09,-0.002023004946733304,-0.0001311222886506508,0.0,0.0008989103008398555,-0.0022574455414249134,0.0,-0.01882591652732213,0.0,0.00011369462277510678
2017-10-10,0.00413870634936034,0.009651770306863228,0.0,0.0022656898157454855,-8.098208496436966e-05,0.0,0.021353410797316563,0.0,0.0007916899563342739
2017-10-11,0.0022354553190954995,0.0033849400402715894,0.0,0.0018564506521910975,-0.0016852401770054912,0.0,0.020805954086934975,0.0,-0.001017295519351924
2017-10-12,-0.001056076829080364,-0.0021393492212009495,0.0,0.003572472339007398,-0.004064961918529594,0.0,0.007222750164616709,0.0,-0.001131086240188206
2017-10-13,0.003736174230141328,0.005844928223772111,0.0,-0.0004051510870239887,0.0002837028451838041,0.0,0.018271125290692636,0.0,0.00045336919048777347
2017-10-16,0.0007124369357702559,-0.000685062619034956,0.0,-0.0003922084211975587,0.003605517656565623,0.0,0.016785624178069947,0.0,-0.004867769496337952
2017-10-17,-0.0021481585932475343,-0.0037894922645106046,0.0,0.0005023078861979781,-0.0015251764612299378,0.0,-0.0016128858300212823,0.0,-0.0015635547449300178
2017-10-18,0.0018120489543545,0.0026461847581905756,0.0,-0.0013581380023793598,0.003208940559499713,0.0,0.003991239718207584,0.0,-0.005603097912509869
2017-10-19,-0.0046065066050549,-0.00487615208570574,0.0,-0.001750227706342658,0.0012514707034752466,0.0,0.006625621752317068,0.0,0.003214604221044315
2017-10-20,0.0036032242767363902,0.0008620859263198344,0.0,-0.004811366098432447,0.003399095734683115,0.0,0.01730140097494126,0.0,-0.0010966036737394252
2017-10-23,-0.0072851657772142475,-0.008481121125531309,0.0,0.00047086756212671657,0.00042816027141310794,0.0,-0.03059437206114235,0.0,-0.0011276666794163281
2017-10-24,0.0013130977526959132,-0.00021670327975444764,0.0,-0.004305180625370935,0.0005029034199418223,0.0,-0.011346251365132787,0.0,0.0
2017-10-25,-0.0036739191890518058,-0.003107672505495635,0.0,0.0016331345133048013,-0.0004491452597983719,0.0,-0.033465147449137866,0.0,-0.0028222814739820024
2017-10-26,-0.002425965609365166,-0.0033506700955208226,0.0,-0.004657804816827404,-0.0009247350028205002,0.0,0.004290563759112631,0.0,-0.0012452939768691218
2017-10-27,0.016890210820599015,0.007869918786454034,0.0,-0.00500011876671833,0.0010790468632718559,0.0,0.05643318647854523,0.005615822273808414,0.0027207707680241278
2017-10-30,-0.004996706319662707,-0.0037890745244320086,0.0,-0.0016671214636152488,-0.002042227808096514,0.0,-0.008182100363022249,-0.001,-0.00022646128375469754
2017-10-31,0.006552890962825799,0.006797103479121109,0.0,0.0004879255797687101,-0.001558993035032386,0.0,0.017921481187711308,0.0,0.00022651258008443698
2017-11-01,-0.0009500128059194774,0.002752348300494072,0.0,6.819268093613079e-05,-0.0015393156284852958,0.0,-0.005961801571918279,0.0,0.002170699115281307
2017-11-02,0.0007331860056727149,0.0025147476614402957,0.0,-0.0002894583479471247,-0.0006905104779215381,0.0,0.010964278689751694,0.0,-0.0025676803683239973
2017-11-03,0.0014755236225253788,-0.0004329047750490245,0.0,0.0007432339062731326,-0.0010474065793482385,0.0,0.0022247450804089297,0.0,-0.0018823952300287255
2017-11-06,0.004856342298799928,0.014696133340781662,0.0,-0.0036310820250576277,-0.004668134961305634,0.0,0.008416537269683166,0.0,0.005420361052298916
2017-11-07,-0.00580311148952051,-0.006316783309398112,0.0,0.004609274885800936,-0.0026413203191939434,0.0,-0.004861036276536335,0.0,0.0014658284138401592
2017-11-08,0.0033276052829637375,0.0015998834241599672,0.0,0.0020744781453498314,0.0004455854730280228,0.0,-0.0011981313679075845,0.0,-0.00022445879044189518
2017-11-09,-0.004984501420367089,-0.006697009925410201,0.0,0.0021141731602482804,-0.0045675722925768315,0.0,-0.012365081972164238,0.0,-0.00041305138325863923
2017-11-10,-0.003161557022950623,-0.004079950206736608,0.0,0.000930452916451583,-0.00025461182211986824,0.0,-0.025039711629840533,-0.004057909154615568,-0.01266701808328699
2017-11-13,-0.0018967446993059039,-0.002623599328740888,0.0,0.0005497513434882637,0.0015072517522017562,0.0,-0.00268326577279554,0.001533730211899842,0.0018817076416519861
2017-11-14,-0.0035386124542486877,-0.009960899527417171,0.0,-0.0014924880183851776,0.003106652169019288,0.0,-0.008455820659157065,-0.00038290968999921127,0.005111762201352954
2017-11-15,-0.004906381218738192,-0.005996120868253638,0.0,0.0014238530387646405,0.0012553809604081373,0.0,-0.038375801829457656,-0.013300417805175544,0.006628932310477159
2017-11-16,0.013218510010229933,0.016864077481600237,0.0,0.001435361570069362,0.0019543586856298205,0.0,0.04393825288178199,0.005121606351195552,-0.005678570341435669
2017-11-17,-0.0011808049445318765,0.0004184345364662534,0.0,-0.0015077934408643254,-0.0032853264267273946,0.0,0.013707943320202975,0.004118209166138216,0.009027706780278498
2017-11-20,0.0021667584244796246,0.002261926493694819,0.0,-0.0021710643992617637,0.001032056513495183,0.0,0.03275873480650904,-0.0023729910035429347,-0.0017720341741933581
2017-11-21,0.010311541589156058,0.012194706798711716,0.0,2.183900594100209e-05,0.00042916745683644524,0.0,0.03716004169750908,0.002229955499412961,0.0006352787962412027
2017-11-22,0.0021997452324374186,0.0019124962278853472,0.0,-9.403010783931677e-05,-0.0023374864303155707,0.0,0.00906824868976619,-0.001,0.005328445245265578
2017-11-24,0.0037012968209407184,-0.0009179541683057427,0.0,-0.0007422350072324065,0.0004287819132574204,0.0,0.004493410891898364,0.0,-0.0026741180886993175
2017-11-27,-0.006898266250804077,-0.008949414193565874,0.0,0.00019525584149063946,0.0005913845458610327,0.0,0.0014033508439343922,0.0,0.0005366353424243795
2017-11-28,0.0051798230170066765,0.0012312251749624498,0.0,-0.00027979792592546415,0.0017544957593862286,0.0,0.013576272896704156,0.0,0.0008157193031638033
2017-11-29,-0.011558886077147675,-0.00702723114196031,0.0,0.005083154775370311,-0.0029717465340105297,0.0,-0.021603871185863155,0.0,-0.008602719199852466
2017-11-30,-0.00010091266944645031,-0.008675760157573625,0.0,0.0005830242716576733,-0.0015810655936241529,0.0,-0.0034446156636953607,-0.011941822354781806,-0.004870270031131196
2017-12-01,-0.004542639164371636,0.002324964335958092,0.0,-0.0008534106012453417,-0.00233438596796789,0.0,-0.027209072454160377,-0.005639815560662065,0.010187529125706595
2017-12-04,-0.004844230102203172,-0.009130087884510958,0.0,-0.013104739666303749,0.002635735366787384,0.0,0.008381907352766227,0.0019635350731976864,-0.0023432053096072974
2017-12-05,-0.0008894787228884649,-0.001256020303201455,0.0,0.0009420481670119937,0.00028196373997263035,0.0,0.0037947069731412153,-0.0012913637313933816,-0.0012495427589609125
2017-12-06,-0.0030002890432050933,-0.01545867096307843,0.0,0.002969217318503757,-0.002947525940736953,0.0,0.00126012053619462,-0.0006272168417515209,0.001520510332998043
2017-12-07,0.0028941839365828077,0.0018916562145195462,0.0,0.0005957279354227865,0.0017221348210922005,0.0,0.0328119524988566,0.0035241006114186246,-0.009696537817783984
2017-12-08,0.006566948015059024,0.003452784407416489,0.0,0.0008673570507642037,0.0007481409204368077,0.0,0.03063803891688499,-0.001,2.1796546419888824e-05
2017-12-11,0.004930317527737217,0.005189365720645509,0.0,0.0016549838398668346,-0.0020110296680372437,0.0,0.03530100959804994,0.0,-0.002722305811807363
2017-12-12,-0.0016721720607713294,-0.004950994368292935,0.0,-0.001389370791302406,0.001767832790712382,0.0,-0.001,0.0,0.00015821604657141884
2017-12-13,0.005227439586450587,-0.0012408327875673777,0.0,0.0036270954114239603,-0.003498248159240456,0.0,0.002271193407524242,0.0,0.007907522652316723
2017-12-14,-0.004407474920406925,-0.004714166436598546,0.0,-0.0012140176262869593,-0.0025814578447336074,0.0,0.005298349561965843,0.0,0.0020518962017468277
2017-12-15,0.004074820138714764,0.00737550864223611,0.0,-0.00019295257254430724,0.0019509011778211412,0.0,0.0326765484429119,0.0,0.0031754586989191976
2017-12-18,0.010571807570244937,0.005520320357743061,0.0,-0.001577526934720137,0.006513086492549963,0.0,0.014761344800588105,0.0,-0.004310017897375712
2017-12-19,-0.004872881745454447,0.0005047710847219628,0.0,-0.004013362602184509,0.0042416117959888,0.0,-0.005957940573607212,0.0,-0.008169875985585013
2017-12-20,-0.0006827217157501847,0.0027987168441531277,0.0,-0.004376430960466217,0.002605841136637019,0.0,0.00443677169777934,0.0,-0.006262558627376358
2017-12-21,0.0033040815659205838,0.002943170226444628,0.0,-0.0062444811307046525,0.003102553464163796,0.0,0.006897081803739269,0.004828527377879533,0.004283792998993874
2017-12-22,0.003082133955161025,0.005991920570070523,0.0,0.0019090214631806756,-0.0021370691456933447,0.0,-0.005695299592770153,0.001364264837349305,0.002719551742472792
2017-12-26,-0.002067463098392161,0.008572526741967876,0.0,-0.0028543229836644744,-0.0015885969529937114,0.0,-0.0007741009491890605,0.0029653280255712566,0.004329463917107456
2017-12-27,0.0015395716254662532,0.002452455788032415,0.0,0.0023352534308572815,-0.0008332026172493795,0.0,-0.005422549911690777,-0.001,0.009788908400646801
2017-12-28,0.0026466946563478613,0.005682519015001636,0.0,0.001208763999976258,6.867972260715538e-05,0.0,0.016278497919045343,0.0,0.0012110760756033675
2017-12-29,-0.00025821608049643967,0.00370067663610952,0.0,0.001145117512944866,-0.0030141389849946834,0.0,-0.01739721863887811,0.0,0.003306009591981451
2018-01-02,0.013770117531607203,0.011571453698773177,0.0,-0.007250759560799077,0.007973605838549511,0.0,0.034084664911844476,0.0,-0.002773965928048328
2018-01-03,0.007714312092013708,0.008565515292287967,0.0,-0.005420250529547201,0.005620072166340485,0.0,0.0220998086839288,0.0,0.0021847660306850204
2018-01-04,0.0062918699945877805,0.0032390444781495694,0.0,-0.009413866157045613,0.00651007468908629,0.0,0.0028042572372277697,0.0,0.0016915330947653959
2018-01-05,0.007883354006841214,0.00933210867185735,0.0,-0.0021349181741417878,0.0015235821519750687,0.0,0.0002943063235885113,0.0,-0.0013177148731942073
2018-01-08,0.001136068462924081,0.0019245674756009868,0.0,0.002088622110476815,-0.0005338354342665083,0.0,0.01191797589396315,0.0,-0.0007955916269973828
2018-01-09,-7.57332680475303e-05,-0.0007858736983836563,0.0,-0.0035997421202927492,0.001984576505315997,0.0,-0.010759692436954515,0.0,-0.0030715111227909153
2018-01-10,-0.003407212414135202,-0.004276056441238005,0.0,-0.005857166806702045,0.0027225041486428716,0.0,0.00999474739736006,0.0,-0.0021680830332556633
2018-01-11,0.0066453443438496415,0.0011517407120407279,0.0,-0.010993636167035581,0.005590980747598845,0.0,0.005675719127236745,0.0,0.0033163874072514865
2018-01-12,0.00905009501184751,0.00597129635765483,0.0,-0.008013255818688572,0.0042360016622074335,0.0,-0.00014473823521587992,0.0,-0.0017098218275473087
2018-01-16,-0.0024050806595422814,-0.0038415393601419936,0.0,0.0059423512148917244,-0.005246930094922278,0.0,-0.06114767203817839,0.0,-0.0005706454913376735
2018-01-17,0.00928144406374173,0.005700299120894569,0.0,0.00028317531768538254,0.00043991407934440986,0.0,0.023893870151638685,0.0,0.00011366495723619252
2018-01-18,-7.277746000060164e-05,-0.00039489950788854566,0.0,-0.0017631084136214357,0.0004907271035842286,0.0,-0.004064990221463782,0.0,-0.0010277536922155273
2018-01-19,0.005579520373509563,0.005518951771132008,0.0,-0.0006809596667035317,-0.002165800889673238,0.0,0.0035525412687953395,0.0,0.0010288110565774833
2018-01-22,0.007017655963199526,0.0082891712991471,0.0,-0.0010311087342348658,0.003509518060156872,0.0,0.023725192401291118,0.0,0.000913898097342658
2018-01-23,0.005231585921730815,0.006567531480945259,0.0,0.004412169337963798,-0.0004571936981924848,0.0,-0.017951754519400343,0.0,0.002967507705690542
2018-01-24,0.0010688484988394485,0.008505839552618527,0.0,-0.003750460519398929,-0.0005729396108810857,0.0,-0.026071290372547407,0.0,-0.001479330034563242
2018-01-25,-0.0018332649128446387,-0.0033720511902057045,0.0,0.00526295010570976,-0.004000627244530766,0.0,-0.016692293607271647,0.0,-0.0006838677605662813
2018-01-26,0.012356106363088034,0.013531530289832477,0.0,-0.005823699766345107,0.0014031787725548865,0.0,0.008135752728121837,0.0,0.0007984030043308721
2018-01-29,-0.009689934143323852,-0.009922803091690037,0.0,-0.0039802491163850404,-0.0008032035908935521,0.0,-0.07371764359862576,0.0,-0.003532180828599185
2018-01-30,-0.009914578325452818,-0.010812663633187836,0.0,0.006377035016770728,-0.0029947775050816017,0.0,-0.001,-0.021172607280838363,-0.0034305927804592073
2018-01-31,0.0033892210625080235,0.005973741974814513,0.0,0.01087237142417639,-0.00029923212204786376,0.0,0.0,0.0006683595824017452,0.0017210648192322875
2018-02-01,-0.00596452806073063,-0.010668715717937007,0.0,-0.005892505822129683,0.0041435699728901935,0.0,0.0,0.010287374950740613,-0.0018865030967036844
2018-02-02,-0.02171047851416239,-0.022358352873435388,0.0,0.0007446955657944765,-0.003855930091954819,0.0,0.0,-0.027625699438792894,-0.006338516235729119
2018-02-05,-0.039085180310586484,-0.02550380995791752,0.0,0.006176088326185207,-0.009090534729097106,0.0,0.0,-0.040635201825220575,-0.0055673886241007775
2018-02-06,0.026366441570506646,0.006350276440036701,0.0,0.003924775159682168,0.016552432050697553,0.0,0.0,0.01924791151409652,0.006065317176538576
2018-02-07,-0.018374019189258527,-0.012143921881405484,0.0,-0.0013704145909755575,-0.00026059559149825773,0.0,0.0,-0.007724128952027131,-0.00982400440745073
2018-02-08,-0.03476296456725454,-0.02384943678356753,0.0,0.009448757976429547,-0.011941815626668574,0.0,0.0,-0.03628796230781823,-0.010726242998213452
2018-02-09,0.012464241441391733,-0.004684670571938862,0.0,0.007192923544609396,-0.002487083137729374,0.0,0.0,0.019174343050043004,-0.002817940335983815
2018-02-12,0.016283067362456143,0.015489088827939992,0.0,-0.0014979097209382015,0.004359843113800546,0.0,0.0,0.014228608224164984,0.0068280252541892406
2018-02-13,0.0032469526312821372,0.006262523464039234,0.0,-0.0014523662408015671,-0.0008008516269322648,0.0,0.0,-0.006132095690721593,-0.003156803465402258
2018-02-14,0.020441161401617836,0.02165018054175573,0.0,-0.005889590867109223,0.014150811204634482,0.0,0.0,0.017458178830675748,0.0017597498194359407
2018-02-15,0.015225325070998125,0.019482567941802136,0.0,-0.001348005034192357,-0.003343520802358467,0.0,0.0,-0.001,0.008078648662405596
2018-02-16,-0.0012352004534510372,-0.0039120937321455215,0.0,0.002154767966192078,-0.005256160533360126,0.0,0.0,0.0,0.004064625114295506
2018-02-20,-0.006880380562782822,-0.0051549886331836055,0.0,-0.005347122649381177,0.005841004306586413,0.0,0.0,0.0,-0.0034698216039328322
2018-02-21,-0.0028109718709209653,-0.002114146836865927,0.0,-0.006229396542257875,0.006143447446012994,0.0,0.0,0.0,-0.004527627591113359
2018-02-22,0.0017954804974199075,-0.001779813506741933,0.0,0.0046152682976756225,-0.004729967514808813,0.0,0.0,0.0,0.0007000445131752908
2018-02-23,0.015558201005945788,0.010944524284881609,0.0,-0.00025176474287026354,-0.0027268167052554013,0.0,0.0,0.0,0.006641566319035119
2018-02-26,0.010740138314302344,0.00888594068887461,0.0,-0.004308500414707422,0.00652642766856729,0.0,0.0,0.0,0.0017365266673203816
2018-02-27,-0.018682356545547958,-0.013379304551595835,0.0,-0.002516758881610504,0.001653479889638781,0.0,0.0,0.0,-0.0026573795080362395
2018-02-28,-0.009905969822501115,-0.009856494221867393,0.0,-0.00037795631794271636,-0.002128887191830339,0.0,0.0,0.0,-0.001506708264588874
2018-03-01,-0.01189884777174191,-0.01662762262039462,0.0,0.006173977033811824,-0.006600859085399046,0.0,0.0,0.0,-0.006628648596449849
2018-03-02,0.0061710697915426365,0.00274782681221071,0.0,0.0003468974534716064,0.0031393169294572643,0.0,0.0,0.0037764801817076208,0.0056293190545568805
2018-03-05,0.006102593971363351,0.008033847874196795,0.0,-0.00074941505626321,-0.0027715486302075324,0.0,0.0,0.005169362278189048,0.0
2018-03-06,0.006383904157516266,0.0022712645197420166,0.0,-0.0019223439767673052,0.0048320527578986396,0.0,0.0,0.006662746688404241,0.0013997266228717997
2018-03-07,0.0011242304918816467,0.004334298828448931,0.0,-0.0042887969202712335,0.0007917098685775645,0.0,0.0,-0.001,-0.0024461148741595773
2018-03-08,0.002773928109318124,0.001925871205266725,0.0,0.00042987915788183454,-0.00214093996951147,0.0,0.0,0.0,0.001167561515175164
2018-03-09,0.016256534006821463,0.01782671701993788,0.0,-0.004163850707821064,0.007726320362233721,0.0,0.0,0.0,0.003614285426739805
2018-03-12,0.0031091885334316918,0.0036234992566618767,0.0,0.00033440633014078877,-0.001946431116058027,0.0,0.0,0.0,-0.0016260198217669108
2018-03-13,-0.010718441874600679,-0.009601515505851943,0.0,0.003203897773253054,-0.006299617574216084,0.0,0.0,0.0,-0.0031423592328236882
2018-03-14,-0.000879926304829888,-0.002300937335522079,0.0,-0.0020536266574091074,-0.005776776558380878,0.0,0.0,0.0,-0.0011674927379888844
2018-03-15,-0.00229027456356365,-0.0027403419469999584,0.0,-0.004381592139123634,0.00048623495934396846,0.0,0.0,0.0,0.0007011078495571255
2018-03-16,-0.002249577981045872,0.0006505164491805366,0.0,0.0014250430685246182,-0.0033805221007663683,0.0,0.0,0.0,0.002102606827867781
2018-03-19,-0.015829714229263298,-0.016244783529988586,0.0,0.002847695040830674,-0.0027911085462499104,0.0,0.0,-0.008274125812135047,-0.004079179212040707
2018-03-20,0.005480160009229371,0.0016478331384976069,0.0,0.0004885001566187011,0.0026801485529638516,0.0,0.0,0.00044131302662450624,0.0019890979506291817
2018-03-21,-0.0002980497588806269,-4.5740191320613966e-05,0.0,0.0038423296736924024,0.0023942939854706647,0.0,0.0,-0.005733024732766555,0.000351202842210796
2018-03-22,-0.027294214867299386,-0.01626322029712332,0.0,0.004403860724461561,-0.013099531284336005,0.0,0.0,-0.02526111093690043,-0.005955145461388978
2018-03-23,-0.023018305863646962,-0.0063356725322133356,0.0,-0.0007588968263721061,-0.005499805984882559,0.0,0.0,-0.028175681542213848,-0.002584379134536019
2018-03-26,0.020895517244680552,0.012975042330350146,0.0,8.298836135092454e-05,0.010242120604017389,0.0,0.0,0.03585718279526382,0.006477341756941701
2018-03-27,-0.02427459849409835,-0.016143188542598056,0.0,0.0023679933553820507,-0.015508259712031847,0.0,0.0,-0.025096371329255657,-0.0009358635355596334
2018-03-28,-0.006939614815946275,-0.010066996371071137,0.0,-0.004077349996328803,-0.008352836494307637,0.0,0.0,-0.005899306243371134,-0.0004688185634212916
2018-03-29,0.01569146234920637,0.011112687747365091,0.0,0.007557554619046243,0.005549109703706275,0.0,0.0,0.017186775472964547,0.0033979920736297853
2018-04-02,-0.020360693752732646,-0.024941367612311083,0.0,-0.0066336182014293055,-0.006237621694822695,0.0,0.0,-0.001,-0.0038812458070520695
2018-04-03,0.009142354841950905,0.005533429685293523,0.0,0.00552485936524965,0.002319110422027032,0.0,0.0,0.0,0.002825573365770051
2018-04-04,0.006130777991428622,0.0011689282526293134,0.0,0.0016033889607996112,0.0029468191374455964,0.0,0.0,0.013415294949749097,0.002229834746787729
2018-04-05,0.004830779922813219,0.005019453224901589,0.0,0.006658482318053082,0.0013902807086101606,0.0,0.0,-0.001,0.0008191333499070197
2018-04-06,-0.017118560356007236,-0.012958998200185376,0.0,-0.008237699085426322,-0.0071521419619520864,0.0,0.0,0.0,-0.0022223660972762183
2018-04-09,0.005366579160565869,0.010925815885861938,0.0,0.0015076511291213731,-0.0007228501105938433,0.0,0.0,0.004036215840254399,0.003752630784371158
2018-04-10,0.01711983821521059,0.01843841419787314,0.0,0.011897646593673327,0.010794437797674212,0.0,0.0,-0.001,0.0036220612569559663
2018-04-11,-0.00302455386602175,0.004037261442497638,0.0,-0.003931221199893773,-0.0032426770934033348,0.0,0.0,0.0,0.00034856295478657984
2018-04-12,0.004844387069684877,-0.00019356320479967603,0.0,0.009789861607043773,0.010519181613945203,0.0,0.0,0.0,0.00360766347338215
2018-04-13,-0.004771563774473409,-0.0012075995670696473,0.0,-0.0072001406953503735,-0.006732516369792294,0.0,0.0,0.0,0.000580213100406235
2018-04-16,0.0034111220379915872,-0.00043225208171314525,0.0,-0.00199405487057182,-0.001114296209928846,0.0,0.0,0.0,0.0015061289589093363
2018-04-17,0.009351627766897595,0.006847523451334731,0.0,-0.0015823106845101191,0.0021653411981006456,0.0,0.0,0.0,0.0004633123054906818
2018-04-18,0.005098933754604884,0.012579825730780777,0.0,-0.0035517458244628407,0.0039623303341167265,0.0,0.0,0.0,-0.0010414270251195568
2018-04-19,-0.006253205129968778,-0.005747893040212359,0.0,-0.0018230353588739438,0.003555996383488788,0.0,0.0,0.0,-0.0031258398321110104
2018-04-20,-0.010500686465626812,-0.0061457493761152785,0.0,-0.002184231286392214,0.0005118675004290185,0.0,0.0,0.0,-0.0024391123163109985
2018-04-23,-0.0038380232716053292,-0.0011829869283607728,0.0,-0.0020297660811123886,0.0004928594967206007,0.0,0.0,0.0,-0.002677683536293829
2018-04-24,-0.009721459179363763,-0.009576677873420569,0.0,0.0045798219275111395,-0.007847737404581239,0.0,0.0,0.0,-0.001984355035295815
2018-04-25,-0.001976161512214852,0.0015167697127279577,0.0,-0.0018419884487086385,0.0023587877968405655,0.0,0.0,0.00014104058762964096,0.00011660761475873471
2018-04-26,0.011780723721853601,0.009056534282012637,0.0,-0.005527982625344511,0.0031784326107043514,0.0,0.0,0.01745854686520722,0.003509212334315892
2018-04-27,0.0015305559405243115,-0.0003223876273442506,0.0,0.00030540063418622355,-0.005867471328106529,0.0,0.0,0.0022410080348873613,-0.0004669335099127814
2018-04-30,-0.0016739777370569746,0.0008752069294766542,0.0,-0.004721621040730642,0.000451532092599247,0.0,0.0,-0.001,-0.0006994275339914369
2018-05-01,-0.0013415567385451086,-0.0004840678476825223,0.0,-0.0013309385583453379,0.00282447499239232,0.0,0.0,0.0,0.0007382574413172804
2018-05-02,-0.0035649091399043813,-0.0017198547623483314,0.0,-0.004315395225770133,0.0031044721509041525,0.0,0.0,0.0,-0.0003509660357237099
2018-05-03,0.0026961929148805854,0.004548887503099397,0.0,0.000773621277232519,-0.0008836461268214497,0.0,0.0,0.0,-0.00011689287513971802
2018-05-04,0.009184064801506499,0.00978172243479545,0.0,0.0024258162224044823,0.0006343658497544549,0.0,0.0,0.012001900621846917,0.0007023974944218025
2018-05-07,0.00024845213339332533,0.0018457648325129698,0.0,-0.0018233518125756018,0.00403037110765121,0.0,0.0,-0.001,0.0009365110231218665
2018-05-08,0.002418009962764945,0.0014744522218604083,0.0,-0.001983809273018489,0.006738893688645047,0.0,0.0,0.0,-0.0015201673646457747
2018-05-09,0.007878587953312541,0.009577831579739893,0.0,-0.004233063323834909,0.00600647810783655,0.0,0.0,0.0,0.0016401274898849572
2018-05-10,0.00951461214213392,0.0068416209656313185,0.0,0.0006382543324107733,-0.0016480173211315453,0.0,0.0,0.0,0.002922866204497776
2018-05-11,-0.00385974555908961,-0.004262502791309399,0.0,0.003866810920389915,0.0006145192854740002,0.0,0.0,0.0,-0.00034928846526449675
2018-05-14,0.004440877055886666,-0.0026517490532110112,0.0,-0.0024884305432256197,0.0031290932520056094,0.0,0.0,0.0,0.000233417397672131
2018-05-15,-0.006859802242537356,-0.004547853798697437,0.0,0.0001366237168226994,0.0021581709040318494,0.0,0.0,0.0,-0.004897964189522042
2018-05-16,0.006521980288321728,0.005822649312059824,0.0,0.001190100957991687,0.003399187283698722,0.0,0.0,0.0,0.0012890261464293395
2018-05-17,0.0008260818416652445,0.0016866691019630593,0.0,-6.0639210040022836e-05,0.00320921947882819,0.0,0.0,0.0,0.0005853531779000942
2018-05-18,-0.000746519632042314,0.0008044852631400874,0.0,-0.00039698158806496334,-0.0017232806921950164,0.0,0.0,0.0,-0.001053224359136462
2018-05-21,0.00687103885941619,0.0072725910629443495,0.0,-0.0021193132427750785,0.0009768186307036878,0.0,0.0,0.0,0.0014055060892608218
2018-05-22,-0.002072856570551538,-0.0018756040318392729,0.0,0.003685350286765667,-0.004587944121516354,0.0,0.0,0.0,0.0007012201599703172
2018-05-23,0.004933370910277913,0.005600036951072177,0.0,-0.0005802745837395885,-0.001480212331768003,0.0,0.0,0.0,0.0008180175778882415
2018-05-24,-0.0030873997803896086,-0.004824163211665425,0.0,0.0039345881946845265,-0.00429592047350338,0.0,0.0,0.0,0.0005837134997441762
2018-05-25,-0.007177369341051766,-0.010394754747484686,0.0,0.0024926299488644815,-0.006873631820248959,0.0,0.0,-0.0269891283026803,-0.0016336761305757452
2018-05-29,-0.005918665671968863,-0.007883861409919906,0.0,-0.005425429373571982,-0.0027610285419362502,0.0,0.0,-0.0030840508721700077,-0.004207062968278885
2018-05-30,0.012358307070033082,0.01090329538382195,0.0,0.004112525694450515,0.002243932649919487,0.0,0.0,0.030262597413657666,0.003050764563238273
2018-05-31,-0.003979986906414196,-0.005708803208904516,0.0,-0.004141055152094831,0.0004619586988284798,0.0,0.0,-0.009160715884096834,-0.0009357996841744542
2018-06-01,0.002373268979814302,-0.0004105497758114786,0.0,-0.0020372537229487934,0.006828214038252522,0.0,0.0,0.0027354869640854335,0.002282840362533678
2018-06-04,-0.0018455662184969886,-0.003696112167893374,0.0,-0.002300286037368831,0.0005590787493879206,0.0,0.0,-0.001,0.0021129625212010783
2018-06-05,0.003340862040379124,0.0022322142900515567,0.0,-0.0038307098469348316,0.0036163610532373484,0.0,0.0,0.0,0.0011714383783487659
2018-06-06,0.0051271714833362285,0.0053520692410762025,0.0,-0.003221573616180063,0.008274807845161691,0.0,0.0,0.0,0.002456366423234879
2018-06-07,-0.001971892012860467,-0.0025072476913921794,0.0,0.003824747471633733,-0.0024075207170820836,0.0,0.0,0.0,0.00035075757390612416
2018-06-08,0.0005542945636802645,-0.000362515526039431,0.0,0.0011425706402481228,-0.0031899177730186985,0.0,0.0,0.0,-0.000583463551748542
2018-06-11,0.0007492830942723008,0.0005511979308117999,0.0,-0.0012978579137466913,0.0003349356826776031,0.0,0.0,0.0,0.0018677252366841035
2018-06-12,0.002292702694857161,0.001609504299170352,0.0,0.0006352099497946343,-0.0034023108188252263,0.0,0.0,0.0,0.0008155175096684619
2018-06-13,0.0007387472277935843,0.002341049106014239,0.0,-0.00010300579470126135,0.0008254795768724636,0.0,0.0,0.0,0.00034976445243306564
2018-06-14,-0.0012962537672543252,-0.0032867121626397157,0.0,-0.003963804217725412,-0.0012372464786785048,0.0,0.0,0.0,0.002909780950032914
2018-06-15,-0.012089869801396522,-0.002717669803607066,0.0,0.00036009023823046934,-0.007372009513445582,0.0,0.0,0.0,-0.0005808212224852616
2018-06-18,0.004617612835746253,0.0022368286218929292,0.0,0.0005174962250942207,0.00321606482859714,0.0,0.0,0.00897678041648231,-0.00011569145568279815
2018-06-19,-0.0048954050592535684,-0.0012612133946849852,0.0,-0.0045995327348497695,-0.00468254433496775,0.0,0.0,-0.002269005003373459,-0.0013939292580732454
2018-06-20,0.0040669596433363315,0.007642808850990241,0.0,-0.0037906429669078154,0.00048444306551174223,0.0,0.0,-0.001,0.0010466526089374373
2018-06-21,-0.008452145577149305,-0.009078992978903168,0.0,-0.0010091305681932357,-0.006873899759583148,0.0,0.0,0.0,-0.0020907111330064065
2018-06-22,0.00650910966934731,-0.002850415439770249,0.0,0.003418950216179522,-0.0032782559266594075,0.0,0.009455518002899121,0.01895122864669141,0.00011585228244914703
2018-06-25,-0.015950539205676063,-0.019123114850010284,0.0,0.004371657810114881,-0.012546870341037868,0.0,-0.001,-0.001,-0.002327541931840149
2018-06-26,0.007052637044048535,0.005000303614682364,0.0,0.00024595240586604045,0.004047502599255219,0.0,0.0,0.003599224103487195,-0.00011705915640458642
2018-06-27,-0.006758061011755503,-0.014929936266954488,0.0,-0.0031462591395853734,-0.0008869238558115339,0.0,0.0,-0.014240775134839128,-0.002100049584598307
2018-06-28,0.003190072304856143,0.005727028122577487,0.0,-0.0026029540693306603,0.0020957496917794237,0.0,0.0,0.006920008474571068,-0.002806616206472601
2018-06-29,0.005298110796460949,0.0010113117916083368,0.0,-0.0008483247164721419,0.0007969193694312644,0.0,0.0,0.00034370626364408426,-0.002344940774251958
2018-07-02,-0.003967115105605217,0.006760281957669544,0.0,0.004594143212370663,0.0003943213350238114,0.0,-0.001,0.006277642035542538,0.0009557813870035847
2018-07-03,-0.003298323713434828,-0.0038594884098606392,0.0,-0.005531618558779948,-0.003106057069502304,0.0,-0.0015723629987268728,-0.001,0.00011835974025875551
2018-07-05,0.01007231009271717,0.011701977705454005,0.0,-0.003997882082905044,-0.0014119763403414678,0.0,0.01417325258890667,0.0,0.003774020154694968
2018-07-06,0.009616427826367261,0.011311741179090663,0.0,9.224346533543341e-05,0.0025480263753823507,0.0,0.02795028365516994,0.0,0.0025847686488169597
2018-07-09,0.006855531971530815,0.00741620221513701,0.0,0.013176640919195336,-0.003187233881827079,0.0,0.02492446596758402,0.0,0.001523533544677269
2018-07-10,-0.0020997891504009915,-0.00239724671618637,0.0,0.0008835828334918208,-0.0029830241844082755,0.0,0.010316900992720868,0.0,0.00011721465988157043
2018-07-11,-0.01526714217437739,-0.007069962446410124,0.0,-0.006215320714454362,0.002415442987115216,0.0,-0.01750545371629353,0.0,-0.0015212408718773274
2018-07-12,0.009524713996993332,0.010146909349880849,0.0,0.0009632661797234354,0.0021830254673466764,0.0,0.01781735459245848,0.0,0.003164157380513233
2018-07-13,-0.00039366844003327264,-0.0012760093781443173,0.0,-0.0005490589324777165,-0.0021751369605134854,0.0,-0.001,0.0,0.0
2018-07-16,-0.007656878017192144,-0.0032178963469512495,0.0,0.000952381830185138,-0.0018710520650580967,0.0,0.0,0.0,-0.0007009056921685186
2018-07-17,0.004286937034025265,0.005286083176355607,0.0,0.0022472923685776434,-0.003971214404705073,0.0,0.0,0.0,0.00035039407997117245
2018-07-18,0.0009148225578618761,0.00045609203119036025,0.0,7.06864621929481e-05,-0.0007040677046901919,0.0,0.0,-0.00033427029155086354,0.00046738931134493455
2018-07-19,-0.0003909921946503077,0.001345051178460018,0.0,0.0006611693645902367,-0.0007915702737148629,0.0,0.0,-0.001,-0.0004671709606314245
2018-07-20,-0.0019154101795332014,-0.0026220189023859236,0.0,-0.0014444819960552791,-0.0022007530908003774,0.0,0.0,0.0,0.00046738931134493455
2018-07-23,0.001902818161917906,0.002038176852855428,0.0,-0.002720295466035991,-0.0005271052458323927,0.0,0.0,0.0,-0.00034990482778041176
2018-07-24,-0.0013760418129593545,-0.003956823587348398,0.0,0.005170390007472954,-0.002234793865307232,0.0,0.0,0.0,0.0021024639649123156
2018-07-25,0.010111855772009341,0.00015057758862341156,0.0,0.004015524013241657,-0.0008457498304891715,0.0,0.0,0.0,0.0018653484537880516
2018-07-26,-0.004581258868640677,-0.0015860645562570117,0.0,0.0043066735411464475,-0.004945602798743532,0.0,0.0,0.0,0.0001167083422812798
2018-07-27,-0.013287199874399459,-0.005248989810950897,0.0,0.0011145275145880915,-0.004735438000108569,0.0,-0.016748050309493556,0.0,-0.0003490061578026449
2018-07-30,-0.006716004554863079,-0.006021690356276733,0.0,-0.005632208607323035,-0.00470394140766008,0.0,-0.014545440673828125,0.0,0.0003491280056264756
2018-07-31,0.005196140167796598,0.00537426264561843,0.0,-0.0030193696911758965,0.003335399789369873,0.0,0.014022109055999765,0.005906387345698851,0.0020943064496405928
2018-08-01,-0.00014135444395994682,0.003033617865748985,0.0,0.0011816358627210835,0.004281616396250308,0.0,0.005822410847066806,0.0062049294447036555,0.0008985943805477348
2018-08-02,0.008878645683939796,0.0054727237461565156,0.0,0.00113174815643415,0.0011766380280785744,0.0,0.005788706618858663,0.012914865184945949,0.0005822016775629546
2018-08-03,0.0012429151279070186,0.003333006527685608,0.0,-0.00265347576928775,4.662719774089625e-05,0.0,0.005755390352630396,-0.001,0.0008152928639517665
2018-08-06,0.005036568751415895,0.0006738071033723664,0.0,0.0018457772733299993,-0.0010271728624755352,0.0,0.018598014119837636,0.0,0.0018611555800625013
2018-08-07,0.003122497067093463,0.0019176041679581455,0.0,0.003372785717682813,-0.0006266932802717056,0.0,0.011938207796796663,0.006415161874594567,0.00046460865809860863
2018-08-08,-2.242577109055608e-05,-0.004269674307426565,0.0,-0.0010796519340877252,-0.001271856606227278,0.0,0.006939651806289637,-0.001,-0.0005807086278231122
2018-08-09,0.0001525857941530427,-0.001075750308388061,0.0,0.0002292665701551793,0.0004726847207221484,0.0,-0.006891824940889912,0.0,-0.000696692758493489
2018-08-10,-0.005742449846370695,-0.0062103251438599535,0.0,0.0019973116593282967,-0.00023355658081279673,0.0,-0.024982627376078592,0.0,-0.001743415268557147
2018-08-13,-0.003586480234266787,-0.0036394303344947803,0.0,-0.0045554319345426884,0.00025680846356618823,0.0,-0.029893243458523955,0.0,-0.0006979261785148294
2018-08-14,0.007540888666071091,0.008184001381659096,0.0,0.0004997082018361121,-0.002640959430861674,0.0,0.025678607839818568,0.008386290467607194,0.0017474111270852077
2018-08-15,-0.010803364826252538,-0.012413988729038589,0.0,-0.012667139176615598,-0.005191759281638616,0.0,-0.03218882861230421,-0.03689465838248063,-0.0017443630077558225
2018-08-16,0.006874001264913687,0.004997040597257281,0.0,-0.004052671990234657,-0.0022259740955553296,0.0,0.028085744415419223,0.0089135704689986,0.001280749646292545
2018-08-17,0.0026926212391612265,-0.000299286588883476,0.0,-0.0017909450530474923,2.1660756238430743e-05,0.0,0.014378131664922078,0.0016659090394010021,0.00116385319402168
2018-08-20,0.0013709402967112753,0.00042506333493494484,0.0,0.002419515081316039,-0.0033855434708329178,0.0,0.009213332218573012,0.0067485090606365095,0.00046485266241225176
2018-08-21,0.005927955385057642,0.0013674909479743911,0.0,0.004680363685050869,-0.005255818710838717,0.0,-0.010533681245873727,-0.001,0.0015105882841497387
2018-08-22,0.0018965835995863615,-0.0022083611097982758,0.0,0.0025368054339930755,0.0026986727645983534,0.0,0.0063875196318829985,0.0,0.00034783485675782266
2018-08-23,-0.001984919561461846,-0.002837625375117397,0.0,-0.0028589447828932654,0.0011191723610011538,0.0,0.002115636976413926,0.0,-0.00011559264563354432
2018-08-24,0.006859993859369391,0.0056943071035065376,0.0,0.0033159380916445037,-0.0014468360640746392,0.0,0.0028149163790041065,0.0,0.001739305441238459
2018-08-27,0.006411220455252271,-0.0013276582133280902,0.0,0.0031189397184350526,-0.007204451053579591,0.0,-0.0007017704478481379,0.0,0.0003474840413315583
2018-08-28,0.0009274016865533803,0.007827179556624167,0.0,-0.0029995028106791213,0.002213357924176272,0.0,-0.0014044595794108217,0.0,-0.00046339577088139183
2018-08-29,0.00652715070439169,0.0014499837176780858,0.0,-0.000716177939481705,0.0005176306530551421,0.0,0.0007031838973101667,0.0,-0.0005788290230787085
2018-08-30,-0.0022596411804196737,-0.0037412704842257997,0.0,-0.0017583377244710676,0.0008487528129723181,0.0,-0.010541083861953515,0.0,-0.0008110036266730791
2018-08-31,0.0016861564835940577,0.0038521510027578272,0.0,-0.004269374522464189,0.0008152823042148739,0.0,0.006392056326389728,0.0,0.001275382733474384
2018-09-04,-0.0034451420290071526,-0.00844447259745882,0.0,-0.002350596629831872,-0.0032853067723552097,0.0,-0.0007057324508110696,0.0,-0.0020817157380808027
2018-09-05,-0.005992985458171702,0.00180676505372002,0.0,0.0011397853081280894,-0.004256306327285847,0.0,-0.007062106558827885,0.0,-0.0010483478352554254
2018-09-06,-0.006098385945712402,-0.001444188131752825,0.0,-0.006997870064815722,-0.0029617070730777613,0.0,-0.013513551094388676,0.0,0.0008167880072804667
2018-09-07,-0.0020530288696468356,-0.0064740094569322865,0.0,0.002168211898932935,-0.003646918957572598,0.0,-0.010093752305543768,-0.003482732003794775,-0.0010494614676065384
2018-09-10,0.0020330649177188473,0.003092808794365969,0.0,0.0012888251136996503,0.0018100155579560662,0.0,0.014566698441919712,0.0021004763978237284,0.001983565033950585
2018-09-11,0.0040719821884879544,0.0006114395973794552,0.0,0.004723779591395816,0.0003652709668984506,0.0,0.01651109384045535,0.008384301600862244,0.0002327885088317938
2018-09-12,-0.0016358299318241058,-0.0008300944437650791,0.0,-0.001406451209119236,0.0012816080156231185,0.0,0.004943481326167731,-0.001,0.0023288806127022
2018-09-13,0.005533745578333579,0.0028843374790009733,0.0,-0.0024320916691508857,0.0015508137543378446,0.0,0.015460314413631604,0.0,0.0018583488462473596
2018-09-14,0.0004464891374920843,-0.0017655651016194724,0.0,0.0020238127348429385,-0.0036329996920645424,0.0,0.009688605202125222,0.0,0.0009275174560980926
2018-09-17,-0.009908330170069524,-0.0032336788748320417,0.0,-0.0009317436941158253,-0.004064197964462739,0.0,-0.015078839254829335,0.0,-0.0006947773530512347
2018-09-18,0.0058942583740156495,-0.0010306648325862685,0.0,-0.0011324182975003144,0.0005025832721967937,0.0,-0.002261674828645588,0.0,-0.00011578800759648455
2018-09-19,-0.0009751063984469941,-0.008150234663691577,0.0,0.0003689011265331515,-0.002622492366938475,0.0,0.021447312810106256,0.0,-0.0018554182051672141
2018-09-20,0.009387312991837966,0.009173594847493685,0.0,0.000517654402451809,-0.00030322696624051205,0.0,0.011437319016779801,0.0,0.0013938003355682405
2018-09-21,-0.003550248741879065,-0.002799817403168741,0.0,-0.0018179533989276773,-0.0019782747835725037,0.0,-0.005063278262625315,0.0,0.00023210989358091183
2018-09-24,-0.0014685495705205366,-0.008448773425023573,0.0,-0.0006852005559076297,0.006476645844804756,0.0,0.0011874417967476791,0.0,-0.00046371265418976293
2018-09-25,0.0005025363519549957,0.0006721560435024299,0.0,-0.0013339292805360076,0.002263118085427205,0.0,-0.0055913559555264,0.0,-0.0008119735192205768
2018-09-26,-0.003424566076588135,-0.005338209523166975,0.0,-0.005002504644454906,0.004666002783505843,0.0,-0.005111590459707771,0.0,0.0010445857902738886
2018-09-27,0.004060774415204812,0.0042370778665057635,0.0,-0.0006025644715632116,0.0010936294717423566,0.0,0.007193046549629489,-0.004575024494342549,0.0018560135638470143
2018-09-28,0.0006369579006514648,-5.055044539134506e-05,0.0,0.0028731760050064166,0.002530448517912852,0.0,0.004761074183957437,-0.01040576395090631,0.0006943750767198775
2018-10-01,0.005267943010455904,-0.006307999401780608,0.0,-0.0002642534172813068,-0.0008826251144421468,0.0,0.0035538853262884196,-0.001,0.0028936570731452615
2018-10-02,-0.00045135164034681893,-0.002432898745656287,0.0,-0.00032408710134709904,-0.004479709661686896,0.0,-0.0010117632270769672,0.0,-0.0008112238414249573
2018-10-03,0.0026932683967125642,0.0007896263602476148,0.0,-0.002172259468306087,0.004410849721808278,0.0,0.004388897943392811,0.007752271032864467,-0.00266708358764034
2018-10-04,-0.012783487260151737,-0.013158454111080756,0.0,0.0027106395374393035,-0.005110798097796432,0.0,-0.030252088017824308,-0.001,-0.003721122112759545
2018-10-05,-0.00722785301817071,-0.00856322283310203,0.0,-0.0011569361362833352,-0.00023140873204420743,0.0,-0.011785100453803543,-0.010044105406312176,-0.00443518686075306
2018-10-08,-0.0028249577956925157,-0.002611365296704015,0.0,0.0019136004230399758,-0.0058220129066588605,0.0,-0.004559841005667087,-0.006598792094905515,-0.0022276401847556304
2018-10-09,0.0022619719311062947,0.00038855641384518536,0.0,-0.003752738863760022,0.002672152823188447,0.0,-0.007751914019033079,0.0009394574367001884,0.0015278251453039182
2018-10-10,-0.0322210205166229,-0.036675925131344544,0.0,-0.006570022420816959,-0.006380495179643512,0.0,-0.08309659677796255,-0.041756427169003144,-0.007156341023135893
2018-10-11,-0.01665100412797599,-0.014626819025960133,0.0,0.003975093809679499,-0.004719781273868476,0.0,-0.04608832486919667,-0.016214658004768692,0.00082696162306517
2018-10-12,0.016410187281040232,0.008021318072736865,0.0,0.0059286690513239305,0.003580535639488007,0.0,-0.001,0.0007473297800928442,0.00531332182508315
2018-10-15,-0.005015253723994911,-0.00488086735429551,-0.00528830054894345,-0.0019382878657459922,0.00048458755411947147,0.005757324005232712,0.0,-0.010416626507267945,-0.0007049268162738764
2018-10-16,0.017769678877164737,0.004653571510516881,-0.001,0.001984233917080591,0.002036066625294842,-0.001,0.0,0.025236412490806256,0.003408105734494127
2018-10-17,-0.0029843793878759116,0.0039051223871457616,0.0,-0.0019498184497717909,0.0018860176427804418,0.0,0.0,-0.0052596822389101745,-0.0019909423635439127
2018-10-18,-0.016445324394028977,-0.002653568836534255,0.0,-0.0054037586994739135,0.0012666124523239355,0.0,0.0,-0.001,-0.00422477257583298
2018-10-19,0.0014994452845308722,-0.0017827542846242889,0.0,-0.008144527700926538,0.004568558266338362,0.0,0.0,0.0,0.0005895497276069417
2018-10-22,0.0008265747189382199,-0.007552448258987494,0.0,0.0021737170817097426,0.0013630634713315468,0.0,0.0,0.0,0.0004709983934088058
2018-10-23,-0.010967448428477359,-0.0036000649031114433,0.0,-0.0031190688273116858,0.004163012522953415,0.0,0.0,0.0,-0.0009425625563744822
2018-10-24,-0.029052002896414686,-0.021392322114943473,0.0,-0.01740298326359243,0.003746618167464695,0.0,0.0,-0.04631716231133076,-0.0049494011751224365
2018-10-25,0.018396465971226534,0.003946840226598119,-0.006952877406781626,0.006520810237443182,-0.008422550298426668,-0.021737778854578102,0.0,-0.001,0.0020133774406567717
2018-10-26,-0.012315271325127067,-0.007910138631828566,-0.01900798903503358,0.005996198857437416,-0.004365178358113788,0.01879979447306672,0.0,0.0,-0.004491006740258818
2018-10-29,-0.013186930389672637,-0.000963132910247281,0.006769516109736885,-0.009384638051816788,0.006847662590313923,0.007974686095815364,0.00010463184526005075,0.0,-0.0009496939701590934
2018-10-30,0.0029485426124322726,0.005786691514333858,0.016193039343935425,0.0024381162475862698,-0.004600712513299988,-0.013251379598600382,-0.017059205757944396,0.0,0.0023767295655148235
2018-10-31,0.0047279615240745105,-0.0035608953599384394,-0.005245468328234934,0.011521971158203578,-0.008721100777782468,-0.01371765929860883,-0.016255070482823597,0.0,0.0
2018-11-01,0.006305867195374888,-0.0037240327909241104,0.009374110137838832,0.0058841245037125475,-0.005189652060039022,-0.009554135639525119,-0.015993528104175092,0.0,0.0045867621861575
2018-11-02,-0.009085862434200934,-0.0008832468890208463,-0.005725201905063651,0.0011223630128293686,-0.0018468895977356748,0.00614293223334525,0.0033377836436174757,0.0,-0.0005931020091617389
2018-11-05,0.00043380821429539354,0.0002055275823498939,0.010895942593695234,-0.0035167809832104546,-0.00016880506478696416,-0.001486222861144743,-0.005305059917560029,0.0,0.0008308625766659805
2018-11-06,0.006441613128834732,-0.0009991081803272864,0.005647428419686771,-7.805839467166155e-05,-0.0017341767073080746,-0.005855336475599349,-0.016253320857670783,0.0,0.002608652205126294
2018-11-07,0.02435723892971101,0.0015284933994879528,0.015848361226784884,0.006751508847297183,-0.0007001592692560246,-0.0203382847956534,-0.03533083399981524,0.0,0.005794677435137396
2018-11-08,-0.003745765355589283,0.004571814313943333,-0.001,-0.004828637183908103,0.005882385120696868,-0.001,-0.0005,0.0,-0.0024690585361984985
2018-11-09,-0.014544806525444437,0.001422999832030681,0.0,-0.006155508918068797,0.0038773251355075575,0.0,0.0,0.0,-0.005657511992434694
2018-11-12,-0.023083357319917924,0.0070156005794278315,0.0,-0.009155822571846224,0.006041064093052067,0.0,0.0,0.0,-0.006164551168012733
2018-11-13,-0.003367736397655945,-0.002774848285414155,0.0,-0.002195994282997337,0.004662930443217476,0.0,0.0,0.0,-0.0016694336813196653
2018-11-14,-0.0051905104095362345,-0.003184254492198022,-0.009337035278456918,0.0005833747315616592,-0.002523608367315322,0.006123104644124223,0.01186629945617107,0.0,-0.0019119979519112151
2018-11-15,0.007076184775593593,-0.0012873997439320365,-0.004645960595879265,0.01159113382206233,-0.01036296297501982,-0.011293915707493284,-0.0005,0.0,-0.00023914274575487227
2018-11-16,-0.004097416331359688,-0.0009101975074205823,0.007889599599560536,-0.0036493412025301497,-0.0008579408952302428,0.00038273522418414405,0.0,0.0,-0.0029933017205373558
2018-11-19,-0.011833490054624448,-6.357310869221268e-06,0.001010001715304422,-0.01424692803328565,0.002156614366052452,0.019606221849421755,0.0,0.0,-0.0031222816709471912
2018-11-20,-0.00414917472147036,-0.0009288209613095916,-0.011081870883197597,-0.004052712788480269,0.0069332369405994115,0.015833499036625908,0.0,0.0,-0.003131855322328292
2018-11-21,0.0013253691187158844,0.00011330714516868335,-0.011198266401164133,0.00773579097416732,-0.011205967320931693,-0.00382998200944909,0.0,0.0,-0.0016512745919801436
2018-11-23,-0.0004981441692800755,0.0007079964138504769,0.0021548143607021918,-0.004041098732167527,0.008590044073862541,0.005881487535839603,0.0,0.0,0.00040655067867160783
2018-11-26,0.005190224605853231,0.001894998224345942,0.003137264166719956,0.0070455001199066685,-0.005882211346505877,-0.015926704951837897,-0.0288876666860034,0.0,0.0027151311864910283
2018-11-27,0.002765641591018377,0.003160711755205836,0.008696103723686965,-0.003541005735492586,0.0065621485887729205,-0.0026840215322517734,-0.0005,0.0,-0.003352813379576856
2018-11-28,0.0034138839386763276,-0.0020221813260626184,0.015106762571245705,0.00632098136255908,-0.003894073327347405,-0.022675412999473572,0.0,0.0,-0.0018556664676778914
2018-11-29,-0.0021542856915511654,-0.0011565513026218848,0.002340492243782787,-0.0012379729507193506,-0.0022485620212129797,0.002957703236010101,0.0,0.0,0.003647371683293421
2018-11-30,0.004897838002527409,0.0055498419574530325,-0.001,-0.007098466288190195,0.005747772329345158,-0.001,0.0,0.0,-0.004029270041180142
2018-12-03,0.005644645049762205,0.001726267030310508,-0.0027147290071593325,0.008282651353145421,-0.009563560933278613,-0.01163859712356859,0.0,0.0,0.006920975899641135
2018-12-04,-0.015341617328420109,-0.005871108956881589,-0.001,-0.0062390997032051075,0.008784447711633149,-0.001,0.0,0.0,-0.006205129348404004
2018-12-06,0.0006792345470214726,0.005039990880765991,0.0,-0.004923590505002126,0.005622710495312674,0.0,0.0,0.0,-0.0034823614825409965
2018-12-07,-0.010501496860737279,-0.006003782375141909,-0.004350772706948693,-0.002368747050275173,0.0026761207720816162,0.022268278602331305,0.03720224561969049,0.0,-0.0019280733939446293
2018-12-10,0.005230812761789829,0.0032021101893527247,0.0011009806546860054,-0.0009243137965179848,0.001756881592135503,-0.0035439009576855307,-0.0005,0.0,-0.0005254136726524621
2018-12-11,0.0025022036077306134,0.0021474391556611295,0.00537241920273348,-0.00496659571532472,0.0037064466721146968,-0.0006631713541360607,-0.0029191201155958075,0.0,-0.0005258558100090293
2018-12-12,-0.002872162488706359,-0.00608105237161199,-0.004591093297399532,0.005547952568550035,-0.00407833095433487,-0.006432366847881177,-0.0005,0.0,-0.0021533647604773886
2018-12-13,-0.00012191700092564688,0.001175938440133066,0.0077226188950950195,-0.004449970852686097,0.005218737017524993,0.0002900353741426277,0.0,0.0,-0.0023103616406284
2018-12-14,-0.002076564562058425,0.0021285495514997213,-0.007792440912596852,5.632078864491648e-05,0.00019765859962278908,0.018482882147122418,0.0,0.0,0.0008574967546106597
2018-12-17,-0.004901794505000637,-0.010237896793950728,-0.029607998043959558,0.008629473220752248,-0.008288864216712101,0.018369706064311885,0.0,0.0,0.006207341008870238
2018-12-18,-0.0001770880260074225,-1.4973477621786895e-05,-0.008568351300464952,-0.0023440977868600344,-0.00016397001736209878,-0.0009492323097738064,0.0,0.0,0.004724069020821076
2018-12-19,-0.0005364828716872664,0.0017681325483099078,-0.004123295455753562,-0.003930953134738807,0.004432618482454955,0.017748774392511477,-0.00248524372128539,0.0,0.006454173779184119
2018-12-20,-0.007773461446394072,-0.0044275595432113615,-0.005400892575874807,-0.006320303136771294,0.007420625657352174,0.01319838824370807,-0.0005,0.0,0.0030343950994608177
2018-12-21,0.00613491093403388,0.0035599706775440547,0.001131352346116744,-0.0032374141908621604,0.0057960787882579,0.020586573497194373,0.0,0.0,-0.001633874432432586
2018-12-24,-0.003665859026963285,-0.0012970190363234186,-0.019417337890491316,0.0028121347318783288,-0.0038971416633100425,0.02280765351683266,0.0,0.0,0.007063086455556999
2018-12-26,0.0034103070548202143,8.607528333138467e-05,-0.0008525936487851142,0.014308801789555809,-0.012967081241801792,-0.046811772615227995,0.0,0.0,-0.008014996674195678
2018-12-27,-0.004057718523074507,-0.0013965243374806098,-0.0028071507723615085,-0.0006796103910861987,5.366526046934688e-05,-0.0063593533760750946,0.01999820778511824,0.0,0.002770350970547264
2018-12-28,-0.0019530422609944805,0.001291498496296064,0.00030007478838800007,-0.003003488851664351,0.0034508573380974588,0.0028277820538049727,0.0003738631403803483,0.0,0.006891399984096569
2018-12-31,-0.0012904308695043877,0.0012697630478689201,0.006998912313142008,-0.000698673556162033,0.0014074629878028035,-0.007497938679421024,-0.01917807459088966,0.0,0.0030195332420006604
2019-01-02,0.006278695048905201,0.004338607802443867,-0.016353296008708523,0.014292264190172804,-0.01518814665724736,-8.21506257428162e-05,-0.014892514657092237,0.0,0.0036542697914698553
2019-01-03,-0.0032162225361927576,0.002411312400761842,0.000433106687872629,0.006934496139333564,0.0011152809516698891,0.025633579528958485,0.023491732270089827,0.0,0.010569765065610203
2019-01-04,-0.004308041257361038,-0.008901014619448777,-0.008901014619448777,0.007324290968052579,-0.010697615291465344,-0.0342832099703637,-0.04015808136101234,0.0,-0.010353990443009768
2019-01-07,-0.004243998946055493,-0.004341704064674167,-0.004341704064674167,-0.0027229103330357125,-0.006954538520767179,-0.0070913552329521954,-0.010535078799988273,0.0,-0.0007056779620101318
2019-01-08,0.0020415953923841553,7.497696183041198e-05,7.497696183041198e-05,-0.002232796872798027,-0.0012730621375840784,-0.008615913958406324,-0.010478609131367389,0.0,-0.002656359646504336
2019-01-09,-0.007808756409351154,-0.004292256259824393,-0.009438362315837381,0.002801063683160677,-0.008229136719435539,-0.004747802104904009,-0.01157072565448597,0.0,0.0012292204557916905
2019-01-10,0.004385883891875016,-0.003134719614679816,0.0008371500389165577,-0.0009862752826331374,0.0019852885496315547,-0.004138447832267527,-0.005182114115314718,0.0,-0.0062421639805373685
2019-01-11,0.0012940163096477322,0.0024081268128092258,-0.001835342284982453,0.001827679074193162,0.0014332371647884999,0.0014973076648689854,-0.01630763616984865,0.0029017077906724484,0.0031406199090501683
2019-01-14,-0.0004980120915731983,0.00029360290226419366,-0.0063594647191296295,0.001986392579136504,-0.0069461643835020586,0.005718681483910404,0.0020105449422092025,-0.001,-0.00521883165625958
2019-01-15,0.0027561606644465903,-0.001481141112735295,-0.002435384296094723,0.0025239286321535053,-0.0001795574006211001,-0.01237329480868074,-0.022489226477185653,0.0,-0.004975469625079635
2019-01-16,0.0013221271563885891,0.0009999400285083276,0.0009999400285083276,-0.002560767349390744,0.00041878277352258933,-0.0013118953144295121,0.009032267908896219,0.0,0.0017697839470114827
2019-01-17,0.0001409651489370639,-0.0026061029319394916,-0.0026061029319394916,-0.0006714021801941131,-0.0007473613324790357,-0.006382941968136341,-0.005069727733119311,0.0,-0.00029583570616817373
2019-01-18,0.0019383672457490837,-0.006056212631578145,-0.0075257436502571134,-0.0013906540195363893,-0.004867334295221089,-0.010858613214840895,-0.012644036573032202,0.0,-0.006531564105785698
2019-01-22,0.00013232402730601857,0.0009655061777479323,0.00026064052039849244,0.003744257059147672,0.008219532899154244,0.014485574417784152,0.045812797859580257,0.0,0.005647559705760053
2019-01-23,-0.001740634323652999,-0.002076145986210164,-0.0007738919904387607,0.0045156355066068715,0.004273405322820888,-0.0010755581852699037,-0.004813450283109311,0.0,-0.0007600180236267184
2019-01-24,0.004974344048515809,1.805530000531866e-05,0.00013163548858095158,-0.008266895350718617,-0.0027495515084985478,-0.0015907761476925799,-0.016099644153186377,0.0,0.0037193335795311037
2019-01-25,-0.0054707733402254355,0.001354325149607275,0.004001979286785334,-0.007547614399909475,-0.00810946132577334,-0.008484160130964397,-0.019146283699485178,0.0,0.002003315892044715
2019-01-28,0.0015698821326362898,0.0021095146488217436,0.0011502194227845301,0.005459838406723624,0.005639287104171233,0.008158128933208086,0.021377294981183015,0.0,0.0005774781503342873
2019-01-29,0.0018221965547948402,0.0031489523441281583,0.0031489523441281583,-0.0012116420347755023,0.005143284514073494,0.004361271271010392,-0.0005,0.0,0.005252003688901674
2019-01-30,-0.0015939972461751694,0.0051904867728499735,0.003960307987521946,-0.0034190736590066196,-0.005044737934945963,-0.017023036204586738,0.0,0.0,0.0015209383840183886
2019-01-31,0.004080948552192064,0.0027558679929055112,0.004051797342408767,0.0040714111154041945,0.0017230641194542946,-0.007255380623301439,0.0,0.0,0.005758382760797009
2019-02-01,-0.002887757474812918,-0.0029709370975044415,-0.002602118719536985,0.00010338856926448532,-0.007524699931914816,-0.001,0.0,0.0,-0.004627219158408436
2019-02-04,0.002136135194803785,-0.004274330006547792,-0.0027534445548660527,-0.00228261891395394,-0.0012447265158885771,0.0,0.0,0.0,-0.004419761968711744
2019-02-05,0.0030326012581845274,0.0022091891951307426,0.0024107614565651216,-0.004754149447271437,-0.0007247254854497095,0.0,0.0,0.0,0.0038721638179583075
2019-02-06,4.305813591172817e-05,-0.006769959279586321,-0.001,0.004628910973975584,0.000801450449741172,0.0,0.002442652192550799,0.0,-0.0020432438807193917
2019-02-07,0.002426447252285527,0.0018791904367101105,0.0,-0.00011236585410519132,0.011914620387377828,0.0,-0.016145292621158935,0.0,0.005147065515978965
2019-02-08,0.0007222616870955171,0.0021137865978669234,0.0,-0.0006732217248788506,0.0027983802539797526,0.0,0.005333298903245298,0.0,0.004103671159963707
2019-02-11,0.0030634842638718493,-0.003315794108622646,-0.004543493547677074,-0.0011658612184434068,-0.0010862094739998893,-0.0017755446816767153,-0.001,0.0,-0.004268552053168307
2019-02-12,-0.002560587514607541,0.0001115702622209865,0.002167147182297646,0.004141835402057661,-0.008369908250034943,-0.01188019017364737,0.0,0.0,-0.0009172601221849875
2019-02-13,0.00469632525050667,-0.0018637080386864086,-0.003645327317538707,-0.001819000418851227,-0.0025748106361114186,-0.0018172483480130453,0.0,-0.008080462017791445,-0.003844293419522393
2019-02-14,0.000469582328250119,0.005044791336720868,-0.001,-0.001198483475237262,-0.0014790139787444147,-0.001,-0.010238784414828173,-0.001,0.005661083772107967
2019-02-15,0.001280168464386344,0.006091778766559209,0.0,0.001028509335426737,-0.0032809594870296843,0.0,0.01702810271054611,0.0,0.0031018108436581702
2019-02-19,-0.002324736113279965,0.012537692524528852,0.0,0.0014878999810798157,-0.0008609076268785968,0.0,-0.0011958852059693603,0.0,0.006980279411001422
2019-02-20,-0.002240863951898588,-0.0024115569645439955,0.0,-0.0027166226966527872,-0.0024222107259868984,0.0,0.019756492750172105,0.0,-0.0024681953334361904
2019-02-21,-0.0010424418708853073,-0.00917754920169095,0.0,-0.00044830191954129653,0.006310494144342095,0.0,-0.006066488607641474,0.0,-0.009767208899089668
2019-02-22,0.002500294677364166,0.0032111091965078497,0.0,-0.00283557261674188,0.0012161867343981156,0.0,0.018507552860106635,0.0,0.005132244319166668
2019-02-25,-0.0036159530424608906,-0.002217863895038855,0.0,-0.003423831560187465,-0.004253870045836744,0.0,-0.0090856606391303,0.0,-0.0022874767953031563
2019-02-26,-0.0019445595527650976,0.0009133211077300171,0.0,-0.0006977399632754106,0.00017960466046542607,0.0,-0.004486920596322164,0.0,0.003803847936283045
2019-02-27,-0.003349043535213819,-0.006818572416709439,0.0,-0.0021134160975906685,-0.0014555985554619395,0.0,-0.0007837958414043111,0.0,-0.009844208062702326
2019-02-28,0.000531348196315681,-0.0044876735405699674,0.0,0.0018362923370091639,0.0046440337321661225,0.0,0.0009805694335103254,0.0,-0.0041781677411665274
2019-03-01,-0.0005684300668635708,-0.01459030560478526,0.0,0.001680405119409944,-0.005094053884021016,0.0,0.02233541083855317,0.0,-0.01196383190277047
2019-03-04,0.0008193288554305916,-0.0018138537736087281,0.0,-0.0015074202432352778,-0.0003935639180661094,0.0,-0.012265223953725313,0.0009972167709615069,0.004175210923057272
2019-03-05,0.0023525568773143817,0.0019202815119274816,0.0,0.001742031235840342,0.0005520732690081628,0.0,-0.002716324935226333,0.0028801065555458054,-0.0024677088823142884
2019-03-06,-0.0020121207214405918,-0.0004862174513729049,0.0,-0.0009944828180324028,0.0024809988799360623,0.0,-0.014786033339859395,-0.001475918911641672,-0.001638596666420078
2019-03-07,0.004161951392715746,0.0036208260657231853,0.0,0.0002669497182191306,0.004061099614831729,0.0,-0.01816742061678167,-0.0008222882461903502,0.0019272983952760472
2019-03-08,-0.0013152486808662945,0.00444389430503003,0.0,-0.0009784382918142682,0.005159751984075524,0.0,-0.0030169252251837086,0.010945553273622899,0.006569505079484006
2019-03-11,0.001904281939235199,-0.0037754099687485674,0.0,-0.002707809028757012,-0.0018587629136960378,0.0,0.03691752758363975,0.015468540109850505,-0.003634519601223052
2019-03-12,0.0014207483933359967,0.004820055908943378,0.0,0.0005313843387969443,0.0004638631421594174,0.0,0.014202325302826946,-0.001,0.006676849427259035
2019-03-13,-0.0013810386107383657,0.0063411796646276695,0.0,0.0025555144977284045,-0.0024425189010244797,0.0,0.004795702951805758,0.0,0.0012228721734874933
2019-03-14,0.0007034436539967866,-0.008193148523015921,0.0,-0.0021656079249961664,0.0004958000970726277,0.0,0.008209245826791944,0.0,-0.008736874494308943
2019-03-15,-0.00125652367480958,0.0021638580903998016,0.0,-0.00039441242646673336,-0.0017449038697915356,0.0,0.009657229847964688,0.0,0.005900924644512895
2019-03-18,-0.0022326217054743427,-0.0011244004855398718,0.0,-0.0016562521579856393,-0.007175128848662617,0.0,-0.0015003378997615613,0.0,-0.0001742933614358677
2019-03-19,-0.002023688689157755,0.0015178121240659276,0.0,0.0026598622450258644,-0.0032303330908780375,0.0,-0.004507920189714576,0.0,-0.00047543965359973534
2019-03-20,-0.002138386451922726,0.005172461366439971,0.0,0.0008613735739584354,-0.00012208476910218011,0.0,-0.004339614004459036,0.0,0.009068861523093098
2019-03-21,0.011387971461290175,-0.0024812425768195243,0.0,-0.010072390394922554,0.004037359696253208,0.0,0.006443057601638991,0.0,2.104520738152051e-05
2019-03-22,-0.004716298433657902,-0.0016638139357308076,0.0,-0.0034264619783437073,0.013068072308301464,0.0,-0.057992878848778795,0.0,0.010918496532264278
2019-03-25,0.00021940786148892623,0.003536529669803707,0.0,-0.0013372527942484913,0.001061007679631338,0.0,-0.00019984652762650157,0.0,0.00372303905369874
2019-03-26,0.0050896170586660185,-0.0029783359375928123,0.0,0.0015679906507283918,-0.0021090777367186783,0.0,0.027389022777830174,0.002056907949942511,-0.0022047558962266013
2019-03-27,-0.0015800664829263389,0.001624167863216847,0.0,5.215315403604763e-05,-0.0004299495439264474,0.0,-0.007199823628705748,-0.010782702862222382,0.00415119158196518
2019-03-28,0.005798768763160839,0.005078955348422114,0.0,5.078451807574838e-05,-0.004119144596421242,0.0,0.010192090417446176,0.006634718929894534,-0.00268602234971016
2019-03-29,0.0011284526965501724,-0.001008541894910816,0.0,0.0009220305703214739,0.00039713334113823065,0.0,0.015909966632871697,0.008121444668276794,-0.00030033514740777093
2019-04-01,0.0018465431694962584,-0.007328760206006517,0.0,0.0038012071084351133,-0.01090160390354858,0.0,0.00859436130049418,-0.001,-0.010609387038452007
2019-04-02,0.0038810814982434085,0.004512535279665371,0.0,-0.0022573170787762377,0.0028287691263430967,0.0,0.0015148270077092185,0.0027028271386223554,0.0024979950587829423
2019-04-03,0.000439359937216405,-0.0013158324545428097,0.0,-0.002688187449551443,0.001656804991854579,0.0,-0.001,-0.001,-0.006150500275379745
2019-04-04,-0.0004015976130270094,6.764445968901817e-05,0.0,-0.0012277829943037229,-0.004250602310879637,0.0,0.0,0.0,0.0027327418285947535
2019-04-05,0.0033589277009142497,0.0037708623902076915,0.0,0.002566822179175222,-0.0026784533132368734,0.0,0.0,0.0,0.0004668926073419788
2019-04-08,-0.003054696744278712,-0.004732428977863276,0.0,-0.001049814833301346,-0.0037495453360831496,0.0,0.0016168110214661588,0.0,-0.0007851655715526043
2019-04-09,-0.005503743098323611,-0.005118581789977191,0.0,0.0017226603430060576,0.005030032060435382,0.0,-0.01789707485824321,0.0,0.0038794628492784585
2019-04-10,0.006624517068483751,0.005055317417144939,0.0,-0.0016943376787983523,0.00032621349684184404,0.0,0.013477583150334649,0.0,0.0026528436501070283
2019-04-11,-0.00030414357059409486,-0.003332267119816503,0.0,-0.002782986474269964,-0.0017318460890651515,0.0,0.01030154042607423,0.0,-0.008294693727443098
2019-04-12,0.0017368205915887593,-0.0007432556887581049,0.0,-0.008656944001706472,0.00027845888305922024,0.0,0.02243238654015789,0.0,-0.004973818785598028
2019-04-15,-0.002339773148711886,-0.0060528428709654665,0.0,0.0020148339284723465,0.0005508554982088795,0.0,0.00634630035244621,0.0,0.0009816287223357867
2019-04-16,-0.011318775117450889,-0.01254728451231209,0.0,-0.008835317090584537,-0.006976711203814521,0.0,0.002702730196016301,0.0,-0.00720715886268521
2019-04-17,-0.0035091997090058976,-0.004906234741496895,0.0,-0.010943225690728003,-0.0006670517666980529,0.0,-0.00233604788051589,-0.0029085831288392363,-0.00040181425694850713
2019-04-18,0.0051797650636421074,0.004061552686090831,0.0,0.0008714290214691928,0.002662625799411029,0.0,0.007925047245698646,0.0007482870651696061,0.003664168679637936
2019-04-22,-0.004074840628710998,-0.009308890085223233,0.0,-0.0016493489165009061,-0.0067174186212197,0.0,0.004288807762568236,-0.001,-0.0031204008187963594
2019-04-23,0.008562065699184523,0.008511184554485454,0.0,0.001628102640754476,0.0008873393868977888,0.0,0.0035587323883337074,0.0,0.0006547298624335508
2019-04-24,0.00043885237725113657,-0.0024208544114958743,0.0,0.0019091103137695666,0.0040452472978816136,0.0,-0.011702124637519185,0.0,0.006323014927343051
2019-04-25,0.0002098027189042993,-0.0018819197288945995,0.0,0.0009050285086623984,-0.002609031242958253,0.0,-0.01022611217002678,0.0,-0.0006561997806145859
2019-04-26,0.004506219811423537,0.0063266483642825016,0.0,-0.0009612720826626081,0.00027702470994460404,0.0,0.017219517753658264,0.0,0.0045348844702206795
2019-04-29,-0.002756542218595888,-0.005182238036167606,0.0,-0.003278646367848508,-0.0029177519199927934,0.0,-0.007840317802625618,0.0,-0.005705099608111497
2019-04-30,0.001051608668559512,-0.0058307919200815675,0.0,0.007494989781101127,-0.007899314916894606,0.0,-0.00035920362166041997,0.0,0.004400854469516158
2019-05-01,-0.0030448484276369937,-0.004261555414585885,0.0,-0.0022922660637771063,0.0010166348343668178,0.0,-0.019223853714652295,0.0,0.00037088118431852224
2019-05-02,-0.0017991492782061756,0.001514581262416625,0.0,-0.004415566679591606,-0.0005788460530004264,0.0,-0.0012822805390833025,0.0,-0.004432298661660722
2019-05-03,0.011374675295298486,0.012989904804895102,0.0,-0.00023706117825527816,0.0013035547943242908,0.0,0.024578139056069537,0.0,0.0039170642873620045
2019-05-06,-0.004494910346910724,-0.01259801483266172,0.0,0.001986755256991161,-0.004412150036701271,0.0,-0.02846401960642375,0.0,0.002251033626897847
2019-05-07,-0.018138613135937447,-0.019797370605987748,0.0,0.00048682009971583943,-0.003237251576440014,0.0,-0.08218166660867654,0.0,0.006138626402832914
2019-05-08,-0.0016753732712048931,-0.004063083372818012,0.0,0.0002261900888507442,-0.0007699970662400252,0.0,0.014254147056766975,-0.001387378038247776,-0.0036753331576111045
2019-05-09,-0.0016434107859455024,0.0034361185066943164,0.0,-0.0006868795777029253,0.00035453883854462496,0.0,0.0021773675644267687,-0.011841600734809393,0.0035037515189999314
2019-05-10,0.006111298639193501,0.003422836945999786,0.0,0.0004427142142387268,-0.00047806910564674636,0.0,0.03930471700153193,0.004978023357958547,-0.00022001589910878867
2019-05-13,-0.017739466574970025,0.004169484017555796,0.0,-0.00029112939687037326,-0.0014240011935842789,0.0,-0.07411626359457146,-0.035722657607663466,0.008680353125448414
2019-05-14,0.00017833606844029778,-0.0005882109104914892,0.0,0.003726188140521462,-0.004314678299601343,0.0,0.02545151544952362,0.01136122651695941,-0.002512010151378907
2019-05-15,0.00360294075681341,0.006354467038370882,0.0,-0.002657217157088955,0.00065609706145904,0.0,-0.001,0.012201616202165748,0.003792164438648027
2019-05-16,0.0017450165172493333,-0.0004169077995193155,0.0,0.00098805849107642,-5.575384961468223e-05,0.0,0.0,0.008078508328749347,-0.004680693157449178
2019-05-17,-0.0033717926564884176,-0.0035360010557789253,0.0,-0.002338338230756618,-0.00019289235167206626,0.0,0.0,-0.001,-0.0010297186702452495
2019-05-20,-0.010914052621630888,-0.0081336504093405,0.0,0.001651667082502357,-0.008947401066752562,0.0,0.0,0.00011585978191031108,-0.0013700549142817544
2019-05-21,0.00114848083273763,0.002285379888481331,0.0,0.006404848117099986,-0.002660010801344625,0.0,0.0,-0.001,-0.0018463656912813154
2019-05-22,0.0016190656040151181,0.004469189886178636,0.0,-0.008242200564464812,0.0036869659960830927,0.0,0.0,0.0,0.0033792548126796943
2019-05-23,0.005264610282408494,0.007557735136517764,0.0,-0.013298339855073955,0.010775355348034251,0.0,0.0,0.0,0.010017968948106293
2019-05-24,0.001076150292815019,0.0017160462469070017,0.0,0.0023028612229797954,-0.002156569607611325,0.0,0.0,-0.0011337866945640945,0.0009355257622017498
2019-05-28,0.00042808553553620065,0.002261996696640223,0.0,0.0021817162131588038,0.0014965733831837295,0.0,0.0,-0.0033464940494753698,0.003323868792921297
2019-05-29,-0.0035552268657773733,-0.000868650002640947,0.0,0.003449749716702592,-0.0017672923569413304,0.0,0.0,-0.001,0.0020854926738807624
2019-05-30,0.0051210234505552074,0.007144315589523997,0.0,-0.003742967444414962,0.00489098158378728,0.0,0.0,0.003226553353101116,0.007963431934285115
2019-05-31,0.007870996035690737,0.009667919854113095,0.0,-0.007272648549893523,0.0033457443902343152,0.0,0.0,-0.015353821947605994,0.012854566743096308
2019-06-03,0.004632411174955377,0.005327078900782312,0.0,0.0037673540109901607,-0.005956731842612359,0.0,0.0,-0.023398786325605287,0.009398897409213246
2019-06-04,-0.006191507213279054,-0.009531330514252668,-0.00843769670171534,0.010566785800494128,-0.007377635428585691,-0.022618780190922404,0.0,0.03141325507994552,-0.007298896483367667
2019-06-05,0.003751938347923406,0.002213749200193736,0.002100144479256008,-0.01260249104709658,0.010771708444273467,-0.00793666323976766,0.0,-0.001,-0.00277869199511972
2019-06-06,0.0012956649909833756,0.002720252908334811,-0.0009999999999999998,0.0031394869306619988,-0.0029264614788881223,-0.001,0.0,0.0,0.003240752655119572
2019-06-07,0.0051833583648568495,0.007015763515746017,0.0,0.004339660894088313,-0.0009847161717766782,0.0,0.0,0.0,0.007597638496094383
2019-06-10,-0.005882297630257846,-0.007119567879716366,0.0,0.00048507413968409274,-0.0009982285188276994,0.0,0.0,0.0,-0.00960171745467045
2019-06-11,0.000873029276565887,7.565255141776827e-05,0.0,0.0003647958320709302,-0.0011569596471169813,0.0,0.0,0.0,-2.052352011787655e-05
2019-06-12,0.0022719101822121484,-0.002046575286562642,0.0,-0.0049418159305796615,-0.004790229004997066,0.0,0.0,0.0,0.002315293974688526
2019-06-13,0.0032342921086909986,0.0038087562427752773,0.0,0.0032430875819857794,0.00020272755951139721,0.0,0.0,0.0,0.004380056004732113
2019-06-14,0.0011737153168434981,-0.001568364784359796,0.0,-0.0017310888878644673,-0.00599024246332201,0.0,0.0,0.0,0.0015252119535619946
2019-06-17,0.0034451158554236476,0.004668827440388277,0.0,0.0013384124655978756,0.0011929286132286983,0.0,0.0,0.0,0.0009158041100090996
2019-06-18,0.0018731283021086475,0.0023197083278630433,0.0,0.010064826687772846,0.004710769480225717,0.0,0.0,0.0,0.00502853228017921
2019-06-19,0.0031486957822963223,0.003556355225258305,0.0,-0.0049581257906010775,-0.0023020603887015066,0.0,0.0,0.0,0.0030536757572068307
2019-06-20,0.002886001694458851,0.006784867946217109,0.0,0.006421431102808621,-0.000627597932104442,0.0,0.0,0.0,0.010528504367178814
2019-06-21,-0.00901826343210383,-0.00870117041493818,0.0,0.008758657842610715,-0.006439243696488294,0.0,0.0,0.0,-0.004818680276594118
2019-06-24,0.002645115696549224,-0.0017830961632991096,0.0,-0.001,0.0009374665853399389,0.0,0.0,0.0,0.01004445096747807
2019-06-25,-0.004152299094727404,-0.013208003672739171,0.0,-0.003244664315455797,-0.003170781829672234,0.0,0.0,0.0,0.0026921453699787377
2019-06-26,-0.011268271886642464,0.0015974180305984586,0.0,-0.0004999999999999999,0.006307946496016084,0.0,0.0,0.0,-0.007367738436293197
2019-06-27,0.005918544778470496,0.003671523652754828,0.0,0.0,0.0017642344503230503,0.0,0.0,0.0,0.004238248980724008
2019-06-28,0.00151117778899836,0.0033830875859763225,0.0,0.0,-0.0011413865795804699,0.0,0.0,0.0,0.0005082677600042717
2019-07-01,-0.007920627717577285,0.005156296846837986,0.0,0.0,0.004208133220139465,0.0,0.026659211212363476,0.0,-0.008299068983789265
2019-07-02,0.009098450158805385,0.00213365516474613,0.0,8.83852971023157e-06,0.00022858549363863383,0.0,0.01752169815767224,0.020359735486276676,0.012489438484828606
2019-07-03,0.006185323310910082,0.008708146403499206,0.0,0.0009920813185192454,0.0014377873460109743,0.0,0.004260569074528542,-0.001,0.005210851169009945
2019-07-05,-0.009831027249686531,-0.0029534719129582334,0.0,-0.001068680720168096,0.0002295481207848359,0.0,-0.0030050940403463233,0.0,-0.012523335594009512
2019-07-08,-0.004047340299059179,-0.0017985662281076956,0.0,-0.001904193024744797,-0.0007177885780025273,0.0,-0.01382983285268602,0.0,-0.001367984826920976
2019-07-09,0.0004520246971984799,0.003975599578262872,0.0,-0.0015753588426302046,0.0032735260864266637,0.0,-0.0008989435099014953,0.0,0.0009813070650737496
2019-07-10,0.0037377512366821315,0.007622251243246847,0.0,-0.0011734331016031718,0.0015510528689129713,0.0,0.014036328658996178,0.0074624086161639855,0.0019459962936254063
2019-07-11,-0.011774691465259363,-0.007349268677794642,0.0,0.0010288517425203762,-0.002341168434832225,0.0,0.009405547619270038,-0.001,-0.011633283074205636
2019-07-12,0.0019735974317140552,0.001998138215377591,0.0,0.005099353170473941,-0.00014142546368380086,0.0,0.0087904358405555,0.00015336910088981168,0.002938843250543754
2019-07-15,-0.0008554667745977176,0.0011543284053138092,0.0,-0.002677397747616564,0.0014998546855139296,0.0,0.0006970564671582302,-0.001,0.0037435285542403497
2019-07-16,-0.0054228791167913945,-0.005190461980143928,0.0,0.0024731414270639383,-0.001356263566068494,0.0,-0.0019156530679547146,0.0,-0.004897241770475164
2019-07-17,0.0024021583130227476,-0.005927653639202808,0.0,-0.0018673540598784272,0.0006301464726707476,0.0,-0.011167391188442233,0.0,0.012781394724574324
2019-07-18,0.004321422915320028,-0.0005080524495070085,0.0,-0.0017649795943669188,-0.002391039129557756,0.0,0.0038821462468952017,0.0,0.004990541312585772
2019-07-19,-0.011246699830980603,-0.007449721182618063,0.0,0.005034927856832291,-0.000624969241879999,0.0,-0.005449069465979894,0.0,-0.0066811162243480045
2019-07-22,0.0002994823968319806,0.005006600529388142,0.0,-0.0022274019347061627,0.0009687126832396907,0.0,0.008660265958149616,0.0,0.0011819687543021707
2019-07-23,-0.0011794921266533012,0.006820882392232329,0.0,0.001146314402524039,-0.003666016252161984,0.0,0.0192745484493293,0.0,-0.0055255410381383815
2019-07-24,0.003409825773250664,0.005818443681975395,0.0,-0.003328027302308169,-0.0023260389534255563,0.0,0.01272136327592066,0.0,0.004603870945401056
2019-07-25,-0.0058947673697012535,-0.007075667714655929,0.0,-0.00030558371699711295,0.0014491509615441054,0.0,-0.015956520610146963,0.0,-0.005581711786702892
2019-07-26,0.002760749859722579,0.008370722112845388,0.0,-1.880406145229039e-05,-0.0011051418002478944,0.0,0.013627688186902187,0.0006489373686285891,0.0021132948492454283
2019-07-29,0.002987222679763295,-0.002582484081205468,0.0,0.001790441010788325,0.001183181673016063,0.0,-0.0045949055612457546,-0.001,0.002528470676330974
2019-07-30,0.004264787941907842,-0.0033449774035707175,0.0,0.005611777844843267,-0.0006659245170779004,0.0,-0.012480822978029549,0.0,0.002752665128010734
2019-07-31,-0.0025516164119640463,-0.012367701774935586,0.0,0.004632795344569542,-0.0043347538376271,0.0,-0.02718143594957334,0.0,0.0006368116295030314
2019-08-01,0.01504953231010618,-0.006943918973055768,0.0,0.008406852247495768,-0.0004925397176376793,0.0,-0.039686769829824,-0.010299896181270397,0.02131696216694856
2019-08-02,0.003805737073268972,-0.0012289520715425453,0.0,-0.0002450914969869425,-0.0012714825070281347,0.0,-0.003706463423514106,-0.008646342520335543,0.0046725712742348826
2019-08-05,0.007164875133766875,-0.0005738663954424911,0.0,-0.002481564034781131,-0.0018772944141181027,0.0,-0.07087049251390476,-0.03731504255040984,0.016130628551389338
2019-08-06,0.004354660441615305,0.00736314410144856,0.0,-0.0033753279186538843,0.004813457207980662,0.0,0.02422420552534632,0.015552069864018121,0.008040913851789809
2019-08-07,0.003812178722867267,0.005344642673520137,0.0,-0.007729340875353912,0.005657943022505483,0.0,-0.001,-0.0002832530936385598,0.0055487251873206685
2019-08-08,0.002000117995597391,0.0031521345788336846,0.0,0.0036790916849556124,-0.004300411343430495,0.0,0.0,0.021052101059041952,0.0031546007405271583
2019-08-09,-0.003116257284793218,-0.0025313758754389923,0.0,-0.0027848415196960606,-0.0003458554746170125,0.0,0.0,-0.001,-0.002457538119932284
2019-08-12,0.011496949201575844,0.016555112819550778,0.0,-0.005627005640143796,0.0022632002585869083,0.0,0.0,0.0,0.01694644367804059
2019-08-13,-0.0032355016092638963,-0.0044053215065701186,0.0,0.0031987800188772605,-0.0006995319865823194,0.0,0.0,0.0,-0.00431344940166375
2019-08-14,0.007704915954929734,0.01667789777364578,0.0,-0.010243631013508727,0.006722095814582382,0.0,0.0,0.0,0.017038672988794856
2019-08-15,0.009149053440057276,0.00946985993161206,0.0,-0.0076363330878292425,0.005729582901866361,0.0,0.0,0.0,0.00955692125580565
2019-08-16,-0.0036303162941776074,-0.007425611278922945,0.0,0.0040873528844240815,-0.0009576096367672649,0.0,0.0,0.015413629634348773,-0.007447550762905458
2019-08-19,-0.00875518906331119,-0.013373526264967978,0.0,0.0028623107421751064,-0.004272077759567059,0.0,0.0,0.008161810297599994,-0.013390265426368458
2019-08-20,0.0052929034390363115,0.009440105053290506,0.0,-0.0008500842200569751,0.0002486175756811094,0.0,0.0,-0.001,0.0094523171983937
2019-08-21,-0.004820169252574004,-0.005492347325203022,0.0,0.0005558827875602712,-0.0001069155470706223,0.0,0.0,0.0,-0.005440031421859764
2019-08-22,-0.0033564873951906,-0.005227092158823113,0.0,-0.0011436284758100592,0.0031931608237283555,0.0,0.0,0.0,-0.005205539258705322
2019-08-23,0.010309983567913291,0.01755102965273452,0.0,-0.007732113535704483,0.0055516325254113,0.0,0.0,0.015435279495151444,0.01753937818676895
2019-08-26,9.05267371796733e-05,-0.002523054549805029,0.0,-0.0022194361557872386,0.0020271339526483517,0.0,0.0,-0.001,-0.0025790461771956433
2019-08-27,0.008833980982070465,0.013170567363813184,0.0,-0.0014015251523515069,0.002129810988444514,0.0,0.0,0.0,0.013365656776783875
2019-08-28,7.355582919074471e-05,-0.00026899784065979984,0.0,0.00411169524940068,-0.004907892767621482,0.0,0.0,0.0,-0.00014955891250509877
2019-08-29,-0.0024542343186039783,-0.005062171108478978,0.0,0.00450146571146046,-0.0036600615846366607,0.0,0.0,0.016393372965271102,-0.004969815019766605
2019-08-30,-0.0007098194901394715,-0.0008319747544927021,0.0,0.0017798915079220974,-0.0004508729522740357,0.0,0.0,-0.001,-0.000722351374941138
2019-09-03,0.007867829513932384,0.00624802217635389,0.0,-0.009748331971100276,0.004101517948242889,0.0,0.0,0.0,0.005710041710399916
2019-09-04,0.004846313406583675,0.003400018460487309,0.0,0.0028005790152091175,-0.0037385598010574294,0.0,0.0,0.0,0.0031565261064505187
2019-09-05,-0.01770926447820297,-0.020589799556863166,0.0,0.01071523580646762,-0.006498713522431531,0.0,0.0,0.0,-0.020172149404119842
2019-09-06,0.00023260855871324983,0.0006595518539183617,0.0,0.001144230980662484,-0.0016905508225091132,0.0,0.0,0.0,0.0016418111523065107
2019-09-09,-0.009703612681402725,-0.012602923136012023,0.0,0.0014003819000392428,-0.0069312930380744904,0.0,0.0,0.0,-0.012854254979746921
2019-09-10,-0.012464257162519343,-0.013957531333987746,0.0,0.002995838289423518,-0.009945821952079275,0.0,0.0,-0.01852852489818657,-0.014388819150308934
2019-09-11,0.001795280022829636,0.0015096687477635987,0.0,0.002869208176359552,-0.00025437244882078967,0.0,0.0,0.0007387365158971597,0.0009675039599169877
2019-09-12,-0.00010304908498610062,-0.002922388607890818,0.0,-0.0018471677677043634,0.002386255510468618,0.0,0.0,-0.0030075442876863145,-0.0035384430295402666
2019-09-13,-0.01352181187422649,-0.015541773873417226,0.0,-0.0029970162768262476,-0.007138543974823459,0.0,0.0,-0.02218936793125869,-0.01678095910397407
2019-09-16,0.009844783662381947,0.010525206150031682,0.0,-0.0005225933143484117,-0.007166847056340496,0.0,0.0,0.012742881812951135,0.011204776264689477
2019-09-17,0.0056355908855736285,0.003759522948711168,0.0,0.0006897753963992501,0.004305338288956104,0.0,0.0,0.005424330565196422,0.00421927345551002
2019-09-18,-0.0020303284813222304,-0.0006626907527252083,0.0,0.0003267668306315861,0.0008910406614754685,0.0,0.0,-0.001,0.0005582702346945412
2019-09-19,0.0035095801023833266,0.00344552027111898,0.0,0.004274629946681056,0.0013811977864826583,0.0,0.006798337140651146,0.0,0.003373187582985515
2019-09-20,0.008850914245157049,0.012499795097636261,0.0,-0.00019348380853767468,-0.0003823856701924961,0.0,-0.02591323798123224,0.0,0.012724391083176866
2019-09-23,0.0023245297719851174,0.002621501655469268,0.0,0.0006660187055865805,0.0008336079632931652,0.0,0.0033253334864944417,0.0,0.0018212764877010177
2019-09-24,0.005468880031691592,0.008685027084319232,0.0,-0.011209226430453856,0.0031739163313785896,0.0,-0.023016018567341368,0.0,0.009685650112247458
2019-09-25,-0.011444180523768988,-0.0165705361675369,0.0,0.002749985515865407,-0.0025365358536711437,0.0,0.010365609175000845,0.010075366350855094,-0.015998747097040782
2019-09-26,0.0047591702467583265,0.002942012109473165,0.0,-0.006129466188333184,0.002566818415029228,0.0,-0.003357588194860539,-0.001,0.004082694563801565
2019-09-27,-0.0027824511835848943,-0.0016427038302002778,0.0,-0.0021280559600998297,-0.00243706400668011,0.0,-0.013288397537289165,0.0,-0.00020434344663162172
2019-09-30,-0.0035251872502467733,-0.006848478972274919,0.0,0.0024717921505283125,0.0013520119426359716,0.0,0.0130879857877928,0.000190572365803888,-0.0038400058603362815
2019-10-01,-0.0006661667770736941,0.004049047780870115,0.0,-0.004225044120879163,0.008484209169848933,0.0,-0.021531577029851423,-0.004721738696818366,0.003872523315435616
2019-10-02,0.003250115839113257,0.006787041275426258,0.0,-0.0007266600074185637,0.004434839162604932,0.0,-0.035591214224894197,0.010964065912221136,0.0056735989677962895
2019-10-03,0.007780683067035522,0.00693681877403697,0.0,0.001502416807877037,-0.0019650198654482007,0.0,0.019245979695214688,0.005411773103750293,0.007515043643495301
2019-10-04,0.004572150667566035,0.003914860569703839,0.0,-0.0017430262654754983,0.0020299708420901843,0.0,0.02822660683450895,0.012581960125366345,0.004799063844774332
2019-10-07,-0.006304203627794234,-0.008410052139065267,0.0,0.0004733191338199417,0.0014947250469853415,0.0,-0.005869015052671234,-0.006371831053912057,-0.008371842587040402
2019-10-08,0.0015805965745531382,0.0053589416070084625,0.0,-0.005117435137009962,0.0045335689944301545,0.0,-0.039230577498399755,-0.019765943034156797,0.004810826887052322
2019-10-09,-0.0012020539031677155,-0.0026762137268787137,0.0,0.0020200033734634882,-0.002102195071705221,0.0,0.01070368498238028,0.009335184514467354,-0.0033504721846132125
2019-10-10,-0.007725184184054511,-0.012054678763663337,0.0,0.002936711778733399,-0.005277810439850465,0.0,0.02353396565485788,-0.001,-0.012736716470039839
2019-10-11,-0.0061950568356658325,-0.009076397654197243,0.0,0.005710538872981851,-0.008279739703582438,0.0,0.031232058076373637,0.0,-0.009983747003560795
2019-10-14,0.0036740522859073244,0.005642022679000201,0.0,-0.0015620690181615906,-0.0015941021049212297,0.0,0.015979201323448988,0.006262694753733978,0.006120445564192734
2019-10-15,-0.005173049598236011,-0.00954347789366263,0.0,-0.006020079757196706,-0.003624629233602425,0.0,0.010424281120025247,-0.012088318197280845,-0.010297114585350025
2019-10-16,0.0019159381943413172,0.003520245419448372,0.0,-0.004012961132306814,0.0065667140353048966,0.0,0.0086877745201146,0.0012164920258834755,0.0027963144510991687
2019-10-17,0.0024099255555799894,-0.00039901682956826746,0.0,0.001326539248232561,0.0017738820828028638,0.0,0.0021532196818667693,-0.0024301599658375084,-0.0010810716078841934
2019-10-18,0.002862450743816288,-0.0006356486793174028,0.0,-0.0031163579063105957,0.00426475423746419,0.0,0.0007162205303528069,-0.001,-0.00037335796559030964
2019-10-21,-0.00033961785160966165,-0.006043490854537238,0.0,0.008942653547142188,-0.005826889934034715,0.0,0.013777070427134053,0.0,-0.006559263496822648
2019-10-22,0.0010933813248967994,0.004186168136641458,0.0,0.002276778512871719,-0.005911513169305061,0.0,-0.008295115107110118,0.004847262299909728,0.004827269522986233
2019-10-23,0.0018460573791569512,0.0017568813736913082,0.0,0.0009185226460423676,-0.002390239012022449,0.0,0.006406844975084924,-0.0011326754521949738,0.0014770591717707892
2019-10-24,0.00018343830716774606,0.003132377711622093,0.0,0.003000424430416245,0.00215453437562271,0.0,0.0065428636052444755,-0.001,0.0011855492531026742
2019-10-25,-0.0045071075888074436,-0.0007606538934438255,0.0,0.00044943425042454164,-0.00857059377535386,0.0,0.01598741551973304,0.0,-0.002359161344140915
2019-10-28,-0.007711422948071323,-0.008825983557886483,0.0,-0.0020540353264272455,-0.003429543603451443,0.0,-0.004495973162685352,0.0,-0.008922684955394366
2019-10-29,0.00180733993342045,-0.00140146183803222,0.0,0.00035587248363077694,-0.0012573090077144695,0.0,0.00017373868826631167,0.0,-0.0005443665347692472
2019-10-30,0.0070641456038519,0.009004537895253018,0.0,0.00017763787205980612,0.008577371301013041,0.0,0.012504296337440213,0.0,0.011433830488982022
2019-10-31,0.0030457883650684306,0.011375825747895483,0.0,-0.00042900894489671565,0.001807398164496946,0.0,-0.009262451502470515,0.0,0.012268262552422094
2019-11-01,-0.001377928127212609,-0.0007760812106968243,0.0,-0.00021819695502182647,-0.011612196458452115,0.0,0.024584522591878155,0.0,-0.0016816629687532727
2019-11-04,-0.007596099646199493,-0.0070770840214098634,0.0,-0.008015714371970205,-0.013812369821544624,0.0,-0.0015207866191919717,0.0,-0.00956144081652467
2019-11-05,-0.015063674705985247,-0.014422303166330948,0.0,-0.0032161643563335136,-0.005544453243156243,0.0,-0.010492451011740456,0.0,-0.012973259340104449
2019-11-06,0.0039739727860527265,0.004941945195344478,0.0,0.0007474001546767112,0.002592601139576191,0.0,0.002394379796914814,0.0,0.0054353297998061215
2019-11-07,-0.014240277113208168,-0.016502138952036307,0.0,-0.007890135975170135,-0.002271817356719591,0.0,0.005118567376495742,0.0,-0.017209541176019465
2019-11-08,-0.004188728532654462,-0.005586926620434135,0.0,-0.0024483844211653032,0.001149427156928042,0.0,0.008996754042941202,-0.006233223866641585,-0.004962295538437633
2019-11-11,0.00023048254211513206,-0.002836834447717351,0.0,-0.0007463787045667725,-2.7251641690088707e-06,0.0,0.0020188887845651315,-0.0009966045167801904,-0.0004070583476795397
2019-11-12,-0.00041814112829561216,0.0027443064252987244,0.0,-0.0025528851925335494,0.003129737170619818,0.0,0.006044271110707822,0.003237241413567656,-0.0017693845925286205
2019-11-13,0.0030747824485961727,0.0023644285465516646,0.0,0.004916328045435125,-0.0019173585757844512,0.0,-0.0023364384834209107,-0.001,0.0036180922829806023
2019-11-14,0.0045665281455960684,0.0057370614043640656,0.0,0.0018448353969447954,-0.00028167139828352746,0.0,0.006691226732132849,-0.0002983406896740473,0.008185494023341122
2019-11-15,0.0010302633560311672,-0.001975537331268825,0.0,-0.0009062199956762541,-0.0011965455218996132,0.0,0.022931224013246654,0.007945869840550124,-0.0015909897016170237
2019-11-18,0.001795462825862434,0.0011051090463470937,0.0,0.0022329040699538743,-0.0003052110530752244,0.0,0.0,-0.001,0.0022180462687981352
2019-11-19,0.0029538801453402,0.000847097436331021,0.0,-0.004179859220015238,0.0037809681062532766,0.0,-0.00519817556344393,0.0,0.0055931682315686244
2019-11-20,0.001020775096792105,-0.0022906057541727445,0.0,0.0030480837581801728,-0.006576834766870877,0.0,-0.004408890437026414,0.0,0.006902603144226894
2019-11-21,-0.004647852748283406,-0.0040505183237552035,0.0,-0.0035085965056001383,-0.000757105551284428,0.0,-0.001476138277611394,0.0,-0.005985640856588297
2019-11-22,0.0006538167116687813,-0.0007098877642661186,0.0,-0.0007843005251724442,0.00023818581040081506,0.0,0.015111664796391366,0.0,0.0001781048803897845
2019-11-25,0.00782913174334557,0.0034417392417550223,0.0,-0.0037951009755321733,0.0021006958786243066,0.0,0.021035586619893687,0.0,0.00022805866202111908
2019-11-26,0.0031306331524639168,0.0010603974319273596,0.0,0.004927680309722042,-0.005035903918337614,0.0,0.00808244292493332,0.0,0.005483704742604168
2019-11-27,0.0024382415222307698,0.005660583331707906,0.0,-0.0005637986203054679,-0.001591958840514132,0.0,0.0014148742607187348,0.0,-0.003743211248256839
2019-11-29,-0.0038617578468723474,-0.004122769104472457,0.0,-0.0013536932966300322,-0.0003850290210419821,0.0,-0.010204105464580726,0.0,0.0007855288163890804
2019-12-02,-0.00904789366191956,-0.009442576849062571,0.0,-0.000558692135411267,-0.00013260418668895204,0.0,-0.023790642635223125,0.0,-0.008844302196920544
2019-12-03,0.0072319538279212985,-0.007291707195475657,0.0,0.0012333716233833023,-0.004535205942112417,0.0,-0.03899265216784198,0.0,0.016982129469571852
2019-12-04,-0.002298926176981955,0.0013033563246860856,0.0,0.00023260342010711317,0.0001785709417589168,0.0,0.030938258142846786,0.0065634079546818,-0.00696848415174588
2019-12-05,-0.0007931469327901115,0.0009349316287556486,0.0,-0.0010566766132938466,0.0002153788023672466,0.0,0.00655955278585818,-0.001,-0.0029600499763208776
2019-12-06,-0.0009170348165689578,0.00018185959259407693,0.0,-4.2879673117828465e-05,0.0005291979196993322,0.0,0.018572814757421563,0.0,-0.007072401406239759
2019-12-09,-0.003020775418035245,-0.004843697774915489,0.0,0.0018779118341737647,-0.0029909662659673435,0.0,-0.026711483867802754,0.0,0.0013076753752881253
2019-12-10,-0.0007568049401089582,-6.526324689618153e-05,0.0,-0.0024092836133033247,0.0014602945171903739,0.0,-0.0014790493811789318,0.0,0.0010388811256264007
2019-12-11,0.004963320345178878,0.0030652043630078497,0.0,-0.0013535133242247536,0.0007151455298872798,0.0,0.010533298585014839,0.0,0.007519698030979649
2019-12-12,0.001950405245553946,0.001322843284683732,0.0,-0.008083064369632898,0.004316088194703331,0.0,0.029153046520294046,0.0,-0.011932140439891166
2019-12-13,0.004201634719070888,0.0009607253446344609,0.0,0.001258858447765288,0.000858718286736541,0.0,0.02231365529443341,0.0,0.009086388871046203
2019-12-16,0.004006371859192179,0.008432427104134098,0.0,0.0005313666113610793,0.00111046447148829,0.0,0.011300361829358785,0.0,-5.88233453790981e-05
2019-12-17,-0.0019665616634525905,0.0003933552206623731,0.0,-0.0028734835252832423,-0.0008436889562318196,0.0,0.0029082321550066847,0.0,-0.0029717128394768128
2019-12-18,0.000194679847709672,0.0004067093221361301,0.0,0.007111936771403536,-0.002034026175438068,0.0,-0.005494398647761911,0.0,-0.00018351991114884218
2019-12-19,0.0049306595729716645,0.005164790626657693,0.0,0.0005914368783377168,0.0004194079649697423,0.0,0.013198172692201915,0.0005999058982036906,-0.000523179846529831
2019-12-20,0.003506754144328331,0.004195248666251766,0.0,-0.00010053440117273576,-0.0005467408868873492,0.0,-0.008027852260615642,-0.001,-0.0014797153001916419
2019-12-23,0.002048345857449247,0.002072831586918523,0.0,-0.000977115495929146,0.0018507781084800949,0.0,-0.0009161331585100241,0.0,0.0004563427150272581
2019-12-24,0.0007682053950529386,0.0002514845315143224,0.0,0.0003357586674292461,-0.0006087653493410779,0.0,0.006113426929745369,0.0,0.0007978540989379557
2019-12-26,0.005270823410860701,0.007085864014314563,0.0,0.0006483372055927872,-0.0022431997407028636,0.0,0.0,0.0,0.0014795025335070378
2019-12-27,-9.536297261601386e-05,-0.0005624027643721504,0.0,0.0005604109779719686,-0.0012731111389075562,0.0,-0.011392981606240693,0.0,-0.00045467142622657164
2019-12-30,-0.004179995690263239,-0.00609180358576366,0.0,0.0018328069462168212,-0.002034871409463458,0.0,-0.017670582260649992,0.0,-0.0006826219211357731
2019-12-31,0.003504807419457374,0.002140277552463747,0.0,-0.002417844076313281,-0.0013364691586334582,0.0,0.020334788761960487,0.0,0.0009109265039872749
2020-01-02,0.00622456616404196,0.013119141874313348,0.0,0.0034171579785900715,0.005313517064178911,0.0,0.02176909544485528,0.0,0.004207214061624054
2020-01-03,-0.004591996667137952,-0.00839717557825676,0.0,0.0009542573574494615,-0.002842019518007721,0.0,-0.025656399779806383,0.0,-0.0010196838088765148
2020-01-06,0.004124110265467752,0.007435153221755646,0.0,-0.0029069242353634544,0.0014712467514932208,0.0,0.004773599429310993,0.0,-0.001019449857654009
2020-01-07,-0.004007309430835635,0.0018374486303383598,0.0,-0.0022998302621458893,0.0014881350906955598,0.0,0.002911914810823646,0.0,-0.0009075885179844478
2020-01-08,0.005567345959808343,-2.774078744843718e-05,0.0,1.9406117657552128e-06,0.002929508073604768,0.0,0.0097799414084907,0.0,0.0009084129831775645
2020-01-09,0.005780123451880524,0.002221893763510531,0.0,-0.001958407189085254,0.0014907878309580154,0.0,0.018159759609422954,0.0,0.002610046171195979
2020-01-10,-0.0004927884341721624,-0.0037043232011937446,0.0,0.0015153195572679713,-0.001488206517218437,0.0,0.00222951142390726,0.0,0.00033891422597309706
2020-01-13,0.009750454205854027,0.0022379856903601714,0.0,0.0007158897249469123,-0.0006058019493866492,0.0,0.010974312033522615,0.0,0.0
2020-01-14,-0.0029314505597430023,-0.003732948159692635,0.0,0.00042533588967442527,0.0005403892072265353,0.0,0.004400807683965446,0.0,-0.00011250902889503589
2020-01-15,0.00292417042162922,0.0013260697585399626,0.0,0.0018507417902643827,-0.0003126663308619517,0.0,0.0021907627165858035,0.0,0.00022540693677730594
2020-01-16,0.00871427379904123,0.008904356999343565,0.0,-0.0025964050313202367,0.0012476986037701105,0.0,0.012387036433970877,0.0,0.000340154496172973
2020-01-17,0.003368730289138159,0.004004105898411063,0.0,-0.004191414037894452,0.00014819570627926045,0.0,-0.0025910508422755107,0.0,-0.0007915062357610747
2020-01-21,0.0009528791762966899,-0.0012154150259144371,0.0,-0.0045714710643832805,0.003854920960766605,0.0,-0.0031750789117658273,0.0,-0.0021510022879134283
2020-01-22,-0.0003774274725687247,0.0013661175670686971,0.0,-0.00308878639350274,0.002689835269059247,0.0,-0.00998990074496775,0.0072112004560241924,0.0018149009925074733
2020-01-23,0.0033807753611984465,0.0021704515334436967,0.0,-0.0009375407508778252,0.001616291926121051,0.0,0.007750898361799985,-0.001,0.0033386824191614555
2020-01-24,-0.0076278036611462634,-0.008661101384140123,0.0,-0.003083486273308354,0.0026799330419154397,0.0,-0.028152696826411194,0.0,0.007303500984407874
2020-01-27,-0.015599319818714803,-0.010385544534546343,0.0,-0.004253839477445907,0.005163502035537065,0.0,-0.05315815004331337,-0.023058277749464597,0.012498894048503151
2020-01-28,0.00818529459144826,0.0027541946616599393,0.0,-0.0008398773883800233,0.001908612497293846,0.0,0.029490599848362553,0.008440411857114994,-0.008214698513298318
2020-01-29,0.0021973964035020515,0.0034919111025535987,0.0,-0.0029226765353961136,0.003418817237715986,0.0,-0.001378620397878505,0.0036095135492337912,0.008252887087180315
2020-01-30,0.0027667058374564774,0.002323388648747991,0.0,0.00042228443477387173,0.00013686017566263558,0.0,0.00874366733359988,-0.0033725827847175824,0.00011339399792331673
2020-01-31,-0.011695885893447546,-0.007492888782336974,0.0,-0.003092878351854241,0.0007846266416205102,0.0,-0.05809007581246495,-0.021029215154276772,0.007962063464410186
2020-02-03,0.008537813392961311,0.010846816564976968,0.0,-0.0018614307547902388,0.006266355728421007,0.0,0.020826621635911424,0.007637125671374588,-0.002800324421942929
2020-02-04,0.011442983284291691,0.01955942919373188,0.0,0.0011216533763588232,0.0008834942317270458,0.0,-0.001,-0.001,-0.013306815729784326
2020-02-05,0.002884165593193894,0.006990348384583368,0.0,0.011434713989321702,-0.0034272286956203335,0.0,0.0,0.0,-0.006677439311617788
2020-02-06,0.00578716822618984,0.006233243537924938,0.0,-0.007541677035316365,0.0018007828581056995,0.0,0.0,0.0,0.004815546607930832
2020-02-07,-0.0010126656471784543,-0.004775624732933993,0.0,-2.9279963076069633e-05,-0.000367828225802032,0.0,0.0,0.0,0.00903666045474314
2020-02-10,0.008392335473354065,0.01001123522214223,0.0,-0.006090275632828917,0.0023892597022599567,0.0,0.0,0.0,0.0027004887892872697
2020-02-11,-0.00042614111310953134,0.0008634391234986681,0.0,0.00260151535398157,-0.004867366198582704,0.0,0.0,0.0,-0.00448117722930359
2020-02-12,0.005320715241280674,0.008223618234736116,0.0,-0.0015735110398118206,-0.0008468336413682275,0.0,0.0,0.0,-0.003577595758478852
2020-02-13,7.473194082295803e-05,-0.0011840270169958462,0.0,0.00011969442335108189,-0.0002133009821601388,0.0,0.0,0.0,0.004486729424920277
2020-02-14,0.0022902626311468756,0.002249508324729236,0.0,-0.003268602206346983,-0.0017022346931777005,0.0,0.0,0.0,0.004307678525168057
2020-02-18,-0.0015028267682093222,-0.0009916160636848329,0.0,-0.0026275824057101623,5.239874739628369e-06,0.0,0.0,0.0,0.008938268151023554
2020-02-19,0.005136951544048327,0.0074033657806222685,0.0,0.007109519805868961,0.003805477200239245,0.0,0.0,0.0,0.00199618322222353
2020-02-20,-0.003542904460656162,-0.006974765807727435,0.0,0.0007561159755776327,-0.004628144297769046,0.0,0.0,0.0,0.006521357612539025
2020-02-21,-0.009087968975838986,-0.015149920098668342,0.0,0.0022737685829647006,-0.007673581304842281,0.0,0.0,-0.006741914323638353,0.011329848056709457
2020-02-24,-0.007593401048089507,-0.03605572575785929,0.0,-0.010062580692373937,-0.0018071789128540638,0.0,0.0,-0.040541470246256324,0.012848844043451137
2020-02-25,-0.013457467061189774,-0.028618830008659276,0.0,-0.007136867275448477,0.0027485706544062407,0.0,0.0,-0.023945737126737282,-0.002795371759518616
2020-02-26,0.0009595461775156388,0.0014706692981266826,0.0,-0.003848852208977591,0.006812158517116502,0.0,0.0,0.0011773462470747544,-0.0019126164596646846
2020-02-27,-0.009422348181585759,-0.04812612915873076,0.0,0.002077072787324926,0.0011048879440068422,0.0,0.0,-0.049544340759660986,0.0071197735811077915
2020-02-28,-0.006610437504825564,-0.018417907978788367,0.0,0.005656864405800867,-0.0013775983685633166,0.0,0.0,0.0034829174979051094,0.0019064178823728524
2020-03-02,0.008643697274887655,0.025351053145519817,0.013114702058307372,0.0012431080664817677,0.00396984475580072,-0.04212135319294673,-0.021200605216724233,0.04244883557402382,-0.0028479128985225153
2020-03-03,0.010612904960140532,-0.031777566196937626,-0.02071468821014893,-0.011203389411115114,-0.0008881277039727038,0.02809026627672527,0.056755258325544844,0.0010074121083045585,0.02109342544659032
2020-03-04,0.0030221645397932066,0.014670346863889749,-0.001,-0.006926665173854525,0.011125320957024742,-0.001,-0.0005,0.04056149513270309,-0.006287408440713216
2020-03-05,0.012453930665569664,-0.032390027224891475,-0.020877996427766443,-0.013334457005662262,0.005246918685776754,0.029953980016802308,0.07889010891903508,-0.001,0.023739229026510322
2020-03-06,0.020758195445059083,0.01946210557734356,-0.001,-0.010922871008796336,0.017732406449957914,-0.001,-0.0005,0.0,0.03396213324122207
2020-03-09,0.0011796163797003145,0.015355315795291428,0.015269359778079764,-0.03867479976055618,0.05048011988471794,0.0665747990338757,0.13657356373121982,0.0,0.018194718973954336
2020-03-10,-0.031086087776994828,-0.03836090484176223,-0.03836090484176223,0.013299831993491003,-0.00897913396613755,-0.05122799782787422,-0.04887094805317538,0.0,-0.0407033874280125
2020-03-11,-0.02418527169693051,-0.021216803140585133,-0.021216803140585133,-0.004912966493995826,0.0034674676310845346,0.03405521604078624,0.06167321861692199,-0.046275406011869566,-0.02516429872078972
2020-03-12,-0.012495563313274395,-0.019015793879763977,-0.019015793879763977,-0.013900359811218737,0.012356532024511011,0.0812226488516267,0.11998725488082118,-0.001,-0.009933432556978681
2020-03-13,-0.01802557270082419,-0.014394476124971826,-0.014394476124971826,0.011086918262286286,-0.012423242169901547,-0.08232593273752667,-0.04440452459120664,-0.03151623730778741,-0.02537244259362429
2020-03-16,0.030098612295853873,0.041594860789830435,0.041594860789830435,-0.013578568147525406,0.014704089188824059,0.10724241601814691,0.1954929405534771,0.01847152245050663,0.038091424374416816
2020-03-17,-0.03210900734505863,-0.04331649692684354,-0.04331649692684354,-0.018784073750323222,0.018893441122030907,-0.06595121779969741,-0.012150668587127544,-0.0052034839662525225,-0.038599552414389574
2020-03-18,-0.028710348435376218,-0.030568464422788138,-0.030568464422788138,-0.026139558933557072,0.03978746492213734,0.03224035000756506,0.08426734564584837,-0.03266746440952708,-0.04364105652442926
2020-03-19,0.0031658391402353257,0.009160169654085159,0.009160169654085159,0.027039836778317367,-0.027562193761235372,0.0029582100751860078,-0.04706927175843695,0.02591187177446129,0.011079823478438434
2020-03-20,0.02904570390373572,0.019837567087901763,0.019837567087901763,0.010159208319423983,-0.016626723906478447,0.04834526183713858,-0.009607831169577197,0.07519582177680628,0.05412578168255575
2020-03-23,0.028429429573825053,0.022072337954576547,0.022072337954576547,-0.016192369798245204,0.014023630570051819,0.019874395674857083,-0.07836867503075245,-0.001,-0.01805719814988538
2020-03-24,0.004299660382691055,-0.011821535402888932,-0.011821535402888932,0.03227573312079815,-0.03396959707297702,-0.07670509802992875,-0.04385965039211975,0.0,0.0028865703601343284
2020-03-25,-0.004896071624638328,-0.0006134530555016815,-0.0006134530555016815,0.021593242678892663,-0.020067645775673743,-0.005398983405164731,0.04054055768813791,0.0,-0.006267552848592838
2020-03-26,0.006316407562461945,0.003413439290543256,0.003413439290543256,0.002135765868074644,-0.0032675073119128087,-0.04762575556795105,-0.04387019230769229,0.0,0.007686521153762738
2020-03-27,0.008419821521465556,0.015320993341622426,0.015320993341622426,-0.006333712178336749,0.01805000615638871,0.030902720683974826,0.04426878274507984,0.0,0.015089402939321272
2020-03-30,-0.0001656803216497607,-0.00220193948952326,-0.00220193948952326,-0.014223662627276203,0.013740536670633933,-0.03078880167244847,-0.01597677561365557,0.0,-0.003808231251595934
2020-03-31,-0.01197200925008141,-0.002253874939749535,-0.002253874939749535,0.00571173122363447,-0.00861601851896326,0.0090637447663336,-0.025756447134190286,0.0,-0.016422956947537246
2020-04-01,0.008439479073925197,0.007854356223972885,0.007854356223972885,-0.00854673664074722,0.0158426562796694,0.03975141956389995,0.04297390871695661,0.008456223354449732,0.012416675182254013
2020-04-02,0.006507724393611051,0.002599777599557286,0.002599777599557286,0.0072522526135498505,-0.014744112440363792,-0.01787165743223367,-0.027191058786606548,-0.001,0.009862774037559873
2020-04-03,0.0024164932531468217,0.0013866847086835069,0.0013866847086835069,-0.006282214920998495,0.007668435507661246,0.012697407127998562,-0.02182284980744542,0.0,0.0032745796170214002
2020-04-06,0.005357500037387314,-0.0037240302860569096,-0.0037240302860569096,0.010951478949221473,-0.007914245941768571,-0.05951457406691065,-0.035570469798657744,0.0,0.008001322147092697
2020-04-07,-0.006580659025417748,-0.009160297588360159,-0.009160297588360159,0.009929755130753932,-0.01191439087053774,-0.0016143321374834153,0.014595384542652634,0.0,-0.008680721386659856
2020-04-08,-0.005451716389255106,-0.008111291271555405,-0.008111291271555405,0.005334519780062501,-0.014642730518825137,-0.026557498928482248,-0.01039033104415793,0.0,-0.007847384705314042
2020-04-09,0.009356486716044806,0.013087576873759577,0.013087576873759577,0.0148105797182564,-0.0042516778584385465,-0.0077016390256977214,-0.010754229620656086,0.0,0.01032438910442378
2020-04-13,0.0020589952842223693,0.004282625012800614,0.004282625012800614,0.00428812622543959,0.005656054567099037,-0.0003401443704561073,-0.010551013993901126,0.0,6.478744586497706e-05
2020-04-14,0.003149756038655095,0.004192812592817437,0.004192812592817437,-0.005910424480649115,0.01757140197138345,-0.029781494957196585,-0.04011974220504305,-0.00124471463281861,0.0025947682419070195
2020-04-15,0.008743835382658577,0.00872456587062836,0.00872456587062836,-0.01094180831882413,0.013695720672163448,0.019026766874379063,0.041503904600783015,0.026489473131751762,0.0154324720588024
2020-04-16,0.0033115101804835623,0.004942547706291858,0.004942547706291858,-0.018952018104328817,0.02244662324691684,-0.006201740138793188,0.0028554160306162313,-0.001,0.007079014497954605
2020-04-17,-0.011399217092486785,-0.016429929091632673,-0.016429929091632673,0.012996716069303124,-0.03033525632232578,-0.01952292693516173,-0.020621664762130232,0.0,-0.015508910670359038
2020-04-20,0.005633762390530332,0.007554092797206026,0.007554092797206026,-0.005771151901570593,0.00712265330596611,0.014429920729810707,0.04925188171127515,0.0,0.007723241384376844
2020-04-21,0.002467284296607206,0.0036447848883607585,0.0036447848883607585,0.0034284683813939664,-0.0060949267927909775,0.029545178393918826,0.040578896990441926,0.0,0.005795731299260809
2020-04-22,0.0018382691034900425,0.002619002275708652,0.002619002275708652,-0.004152622564531918,-0.0006253870353122051,-0.022924056421013708,-0.024146973617433565,0.02236458349605156,0.0002439237034575761
2020-04-23,0.0050928552682174225,0.007445460272771004,0.007445460272771004,0.0007314804604957244,-0.008690911664853041,0.0020293298007716177,-0.00027580281807021434,-0.001,0.006934837423246387
2020-04-24,-0.000743461886529553,-0.000956245062908564,-0.000956245062908564,-0.0034665975130536582,0.004380044320069921,-0.012532795135506137,-0.027455841931068814,0.0,2.558435362081681e-05
2020-04-27,-0.009644917420617889,-0.012891548702277541,-0.012891548702277541,0.007479824214674374,-0.008160872976984344,-0.013000938289552793,-0.03941605839416057,0.0,-0.014423281688032896
2020-04-28,0.003359976365219365,0.0038824276330075777,0.0038824276330075777,0.008961781349067463,-0.018021350192069963,0.009980751123590259,0.008557835018200288,0.0,0.005922317871928118
2020-04-29,0.00010936998253516716,-0.0005226175764082294,-0.0005226175764082294,-0.01519732999809749,-0.01500792384519163,-0.0255591827167937,-0.03131817775914242,0.0,-0.0014358467948929535
2020-04-30,-0.010394458654887098,-0.014718194740084315,-0.014718194740084315,-0.0018640687083398065,0.008796285171638394,0.0033004471139059916,0.016456158270984345,0.0,-0.013930644665759474
2020-05-01,0.004978380025370294,0.0074573544823070305,0.0074573544823070305,-0.0005598259597083516,0.009410405815450341,0.024580626524643358,0.04345027186868744,0.006033127382131762,0.0077259939652719045
2020-05-04,-0.00010453877556895608,-0.0009647391969304282,-0.0009647391969304282,-0.003963923298889908,-0.0010128725194296997,-0.006809727249316338,-0.01021620397489409,-0.001,-0.0018305002381636293
2020-05-05,-0.0006546617006371663,-0.0014189690086036703,-0.0014189690086036703,-0.0006838659805452312,0.007611994911751345,-0.008669216179306216,-0.0005,0.0,-0.002676815399406691
2020-05-06,-0.01027945273074568,-0.014574927667531051,-0.014574927667531051,-0.012534567970608305,0.010468254336500445,-0.0007557619485565547,0.0,0.0,-0.014987342641032618
2020-05-07,0.014777205960666898,0.016037907961161422,0.016037907961161422,-0.0033143311357967877,-0.005721993610929439,-0.008132614360918462,0.0,0.01570564012010378,0.016231430286237126
2020-05-08,-0.006039917733942693,-0.009627691817384995,-0.009627691817384995,0.0014669638605412471,-0.010942448937266149,-0.015399216093562469,0.0,-0.001,-0.010553980792210626
2020-05-11,-0.004527204366887406,-0.007039316566974316,-0.007039316566974316,-0.0053003616423815975,0.01300730363126264,-0.003584517103392154,0.0,-0.00880570641576206,-0.0072554820414269085
2020-05-12,0.002147204675097999,0.007070102405840583,0.007070102405840583,-0.002171593752968641,0.0022815188272602865,0.018564935330759015,0.0,0.010264129855684923,0.008032857994879261
2020-05-13,0.004792567501478405,0.00830474526167797,0.00830474526167797,0.00035284638101219784,0.009850877323293723,0.014005236613895578,0.0,-0.001,0.007915497029901708
2020-05-14,0.009533773691753877,0.009285754686884602,0.009285754686884602,-0.0028637302705708384,-0.001962856492730327,-0.00835645494400681,0.0,0.0,0.00945936524621841
2020-05-15,0.002703867052859647,0.0016420964468040293,0.0016420964468040293,-0.008276328378971274,0.005723226627526213,-0.004503305238727651,0.0,0.0,0.00030290410925644645
2020-05-18,-0.009159534336298573,-0.014383375943170306,-0.014383375943170306,0.01189699489285896,-0.025164522628772817,-0.02587412271651371,0.0,0.0,-0.01691752395454884
2020-05-19,0.005625124877414834,0.006976261876506107,0.006976261876506107,-0.00890094680545407,0.008019301889800762,0.007076928035020725,0.0,0.0,0.005809291690488638
2020-05-20,0.005558724109690336,0.002617639765629389,0.002617639765629389,-0.004700783025739576,-0.0059132634120412685,-0.01507017199553758,0.0,0.0,0.0027773816493370965
2020-05-21,-0.008373973923370191,-0.007181573141130746,-0.007181573141130746,-0.0015597440321862815,-0.002430772694458246,0.00794428099876936,0.0,0.0,-0.0034786295372180474
2020-05-22,0.005501634533611116,0.005928371878203368,0.005928371878203368,0.004976914021249964,0.0037484194054222915,-0.00179085209942394,0.0,0.0,0.005981343335676869
2020-05-26,-0.011793769123353365,-0.013895759175791682,-0.013895759175791682,0.003966664046393298,-0.020041493909003998,-0.00857494440290929,0.0,0.0,-0.013691649004575746
2020-05-27,0.0013456380051769456,0.00021063630688257463,0.00021063630688257463,0.00145299720142957,-0.00988668255982265,-0.009171549468936047,0.0,0.0,-0.0005627822714826592
2020-05-28,0.00021321992849204113,0.00033869631990878505,-0.0010000000000000002,0.011872156690521623,0.00703007182607428,-0.001,0.0,0.0,-0.0012196210298825619
2020-05-29,0.008830244605216484,0.007223454988593527,0.0,0.0007544893494856649,0.008845805807506534,0.0,0.0,0.0,0.007217324777973166
2020-06-01,0.0009901536438056688,0.0001492604577718085,0.0,-0.0017252229113259659,-0.006339813322010139,0.0,0.0,0.0,-0.0027648901191030255
2020-06-02,-0.002584373817830719,-0.005467329485453359,0.0,-0.004085803787122385,-0.005299959154793283,0.0,0.0,0.0,-0.004630044526012772
2020-06-03,-0.010900920819441304,-0.016508861418408894,0.0,-0.007847786568991334,-0.014789252250084811,0.0,0.0,0.0,-0.015100897867849189
2020-06-04,-0.0011125427750518367,-0.0126660548898818,0.0,-0.003998458096846956,-0.008523117041145558,0.0,0.0,-0.015478964866963651,-0.005727132839986916
2020-06-05,-0.006455555205360797,-0.008529423422377903,0.0,-0.007237227948816915,-0.01638920086159839,0.0,0.0,-0.007123178032561794,-0.011726429213376716
2020-06-08,0.007979727600531453,0.009524003671599173,0.0,-0.004544445219782882,-0.01139582284184982,0.0,0.0,0.006260229502682192,0.006286322675131762
2020-06-09,0.00940859756205383,0.008718641842547031,0.0,0.007260268403823478,0.014854418515274677,0.0,0.0,0.010505525663023986,0.010757639760628402
2020-06-10,0.013820715025423518,0.013444877945693335,0.0,0.013109218763320664,0.02302107984849853,0.0,0.0,-0.001,0.014651391261722768
2020-06-11,-0.01039681767638264,-0.02216423516758408,0.0,0.007650948523771464,0.015868069434910627,0.0,0.0,0.0,0.009760717729538487
2020-06-12,-0.0006991994738069798,-0.004337789931212503,0.0,-0.0038263071309390614,-0.007048634156924961,0.0,0.0,0.010975411730704043,-0.005771142868968659
2020-06-15,0.0021996733319441853,-0.0008664892276848226,0.0,-0.0027844874791540736,0.0012949585619004792,0.0,0.0,0.009335587100880227,-0.0002636921610737863
2020-06-16,-8.711414655101229e-05,-0.0073753535853953766,0.0,0.0020844425384011073,-0.0021862201302207686,0.0,0.0,0.01924776091517355,-0.010139575537496554
2020-06-17,0.002889824125745154,0.0014923910647103166,0.0,-0.0007971544926583041,0.010925905074079352,0.0,0.0,-0.004153968945000752,0.0033516757402265785
2020-06-18,0.00324004314838989,0.0031570841889826257,0.0,-0.0009460861054358866,-0.0011557317231219567,0.0,0.0,0.0003849706356031657,0.00619306597658833
2020-06-19,0.004503451592922179,-0.000588950073715652,0.0,0.0002086903635151168,0.002794602618599195,0.0,0.0,-0.001,0.004382762748254654
2020-06-22,0.005296773993431247,0.002024007354050959,0.0,-0.003977576898304236,0.006565522538945424,0.0,0.0,0.0,0.002341466108997603
2020-06-23,0.002088965653564425,-0.00012212666181614528,0.0,-0.00524217811124542,0.0025522951060035957,0.0,0.0,0.0,-0.0014954200123753207
2020-06-24,-0.002823302179797499,0.003688084170470052,0.0,0.0028090003915180665,0.011098633886684417,0.0,0.0,0.0,0.005752196532301612
2020-06-25,0.0033980779477143994,0.001215120381318818,0.0,-0.004373801365204727,-0.004817475892953225,0.0,0.0,0.0,0.0016625957462567177
2020-06-26,-0.0006200424457711096,0.007864952827612362,0.0,0.007699831727722654,0.0050079188940953,0.0,0.0,0.0,0.008519521002584674
2020-06-29,0.0014626873752006462,-0.0016419341765079678,0.0,0.0011399238259351071,-0.002159706752633884,0.0,0.0,0.01369763015006964,-0.0018561707175251464
2020-06-30,0.004517133948403828,-0.0008770748113215841,0.0,-0.0032949100418629,0.0002781874232594001,0.0,0.0,-0.001,-0.0016025413586004513
2020-07-01,0.0002400401515752929,-0.003141836467138032,0.0,0.009213172851056925,0.009768533107294634,0.0,0.0,0.0,-0.002830502224583281
2020-07-02,0.002931170211979867,0.001964334217993109,0.0,-0.003565213849299499,-0.001846655032210233,0.0,0.0,0.0,0.0014321809705924004
2020-07-06,0.00737583078619813,0.0050165138834044835,0.0,-0.006707688943914738,0.004014825503888344,0.0,0.0,0.0,-0.0005659676453954438
2020-07-07,0.005323613735952158,0.00566780478057362,0.0,0.0015311714637054564,0.007605954365171765,0.0,0.0,0.0,0.011345149243478259
2020-07-08,0.0047607520847241834,0.00245632121443804,0.0,0.0014755429942576535,0.005624558676598635,0.0,0.0,0.0,-0.0004228634498124888
2020-07-09,0.0066388786071583175,0.01294597382103722,0.0,-0.01589926815972648,0.018734649177974978,0.0,0.0,0.0,0.009402925796835536
2020-07-10,-0.0007598500590657478,-0.0006838562417728983,0.0,0.010220294579849028,-0.012011124091344753,0.0,0.0,0.0,-0.004174182484520411
2020-07-13,-0.004294813286156276,-0.005764930263481894,0.0,0.00837913242628249,-0.009248297388518798,0.0,0.0,0.0,0.0025841052415692457
2020-07-14,0.0040663787533551194,0.003393557047217777,0.0,0.0035379409595067074,-0.006420392594394196,0.0,0.0,0.0,0.002566678708898462
2020-07-15,-0.0007774155764282785,-0.002290291998244778,0.0,-0.0027934728788082328,-0.007077098744856001,0.0,0.012932885849291087,0.0,-0.002724743919445255
2020-07-16,-0.0037476573085504666,0.0004982835639238366,0.0,-0.001451268815609289,-0.0026228972797755277,0.0,0.008432244031970626,0.0,-0.00022162886477823922
2020-07-17,0.002387803054535254,-0.0009547233903281664,0.0,0.0017967147528989474,0.004613814975889916,0.0,0.017342754497243318,0.004643227292151165,0.0015226016610041802
2020-07-20,0.010629976628412748,0.011201638445512203,0.0,-0.0028487966151029514,0.016559865448185603,0.0,0.02374437230518045,-0.001,0.0032848250146524814
2020-07-21,0.00142594584829654,-0.0033301809055466657,0.0,0.012857116231581166,-0.0223896091209986,0.0,-0.006244510630391442,0.0,0.004606673713925257
2020-07-22,0.007638010409852376,0.003167219175354776,0.0,-0.0038417549079191177,0.005909121872899311,0.0,0.00658292138709804,0.0,0.007263425537335321
2020-07-23,0.0002310923438073815,0.009208787101126482,0.0,0.0018951105173972576,-0.008954613672400925,0.0,-0.017241320656381953,0.0,0.010681775248664227
2020-07-24,0.0011222068193277469,0.004380912189275983,0.0,-0.0010315411566693316,-0.00043465936933572476,0.0,-0.0021173530525250284,0.0,0.002964427375412437
2020-07-27,0.011031765964205353,0.008704836459513785,0.0,-0.00264601820873246,0.006349469653358923,0.0,0.014852920243692003,0.0,0.004501032729900989
2020-07-28,0.0029805162025467544,0.00028386592635701335,0.0,0.0112793408254295,-0.003868503903426951,0.0,0.0020907913913175147,-0.013234798247812672,0.0074161603518441924
2020-07-29,0.005109559503034536,0.0025784333461300315,0.0,0.005351325476047794,-0.003956314440165981,0.0,0.00923998153027017,0.012901412691291228,0.0015221673142077005
2020-07-30,0.00037600130729065917,-0.0015486430737312459,0.0,-0.009962644013835176,0.013743458073946046,0.0,-0.011222712972989823,0.004539230024204748,0.001692496089739854
2020-07-31,0.008019095486581184,0.0048385010929097826,0.0,-0.005952769564999848,0.006853509347806024,0.0,0.01373951883996738,-0.001,0.0027626389009191062
2020-08-03,0.0026381602926352317,0.004633344069182758,0.0,-0.004521347236824189,0.0035956743153335736,0.0,-0.0008838768565320176,0.0,-0.0028763801253205547
2020-08-04,0.012530224463914517,0.015248688142307875,0.0,0.010400152105793318,-0.005557098428823779,0.0,0.015334723093587854,0.0,0.013643153395717943
2020-08-05,0.002100260691505813,0.001150487255786147,0.0,0.001826118075561513,-0.0046961332829303605,0.0,0.010746410938287099,0.0,-0.002433752118630079
2020-08-06,0.011264287468895066,0.010183989749352152,0.0,-0.00403615188438496,0.008599769142554704,0.0,0.005459840389993698,0.0,0.008276895534852845
2020-08-07,-0.012028149248753511,-0.012208626335166322,0.0,0.008063209166656142,-0.0089617602309539,0.0,0.0028579156708825604,0.0,-0.009892610294207288
2020-08-10,-0.004038485409229027,-0.0044931643061870636,0.0,0.004994308941674791,-0.01030328742055539,0.0,0.013679097752894442,0.0,-0.0041185903772049896
2020-08-11,-0.03072446095599605,-0.037897466080760715,0.0,-0.005150285830519272,-0.005435824064642447,0.0,-0.02220975322758567,0.0,-0.026518363373788722
2020-08-12,0.0061789105328706705,-0.007164026071249835,0.0,0.002618576612067737,0.005074755583209807,0.0,0.02760215448142489,-0.00748142395587159,-0.007546256693457948
2020-08-13,0.005007664904857073,0.014418087599285248,0.0,-0.0012307911769855275,0.007170515767488983,0.0,0.0002797515686527863,0.011263575328681646,0.0013185502760884307
2020-08-14,-0.0024862163336767428,-0.003158707328187242,0.0,-0.0008659270295488383,-0.003395975416852092,0.0,0.00027967332959999425,-0.004420590576891986,-0.0040473992207429475
2020-08-17,0.012922042336316273,0.017878266054742947,0.0,-0.0004433612256399969,0.006770656877375151,0.0,0.016498886473174545,0.010918925050044272,0.009225883187988492
2020-08-18,0.007866273876272352,0.009223143381179454,0.0,-0.0023779001644593134,0.005608488528235316,0.0,0.005227027493316605,0.006266818844495366,-0.0004628740943701786
2020-08-19,-0.015287907523199504,-0.021973863612627095,0.0,-0.0020581203848101144,0.0014384745987896892,0.0,-0.01012596434897195,-0.001,-0.0028328022927851526
2020-08-20,0.00939352174066869,0.00995323998982639,0.0,-0.003476103348414283,0.009095058154512026,0.0,0.0060824227768971895,0.0,0.0033146733554667573
2020-08-21,0.0014883050944596138,-0.0004058011779395483,0.0,-0.0025873009106500305,0.004555107757439633,0.0,-0.0024732111595883177,0.0,-0.00011806452882412444
2020-08-24,0.003361145468684853,0.0013470226374236308,0.0,0.0029488105366654,-0.00536038294647154,0.0,0.0016529304284325086,0.0,0.004602240168051441
2020-08-25,0.005054599503870207,0.00528315625893836,0.0,-0.003180280924266845,0.006951926419352579,0.0,0.003300300601496664,0.00021547635747587533,0.001056983429099656
2020-08-26,0.01626305295863962,0.017732495642572132,0.0,-0.013746167699224376,0.01739024771658705,0.0,-0.011787289215229535,0.011808847672626355,-0.00011716958041163572
2020-08-27,-0.004017389468429177,-0.0060263086584828145,0.0,0.007070697030835353,-0.005314130225609942,0.0,-0.016366162692767916,-0.001,-0.0015254560012945007
2020-08-28,0.00840789038493583,0.009553275572090444,0.0,0.00017151272751018336,-0.003907462609925251,0.0,0.002820143581508061,-0.0017443501598399793,0.0008228187076060323
2020-08-31,0.0038264088898348546,0.005560866704136371,0.0,-0.0008754321165623878,0.006191022488289076,0.0,-0.024465768081648243,0.006641425940919543,-0.0014096307358072435
2020-09-01,0.011061925969565902,0.011405786943333301,0.0,-0.011194549395692357,0.009734768091275282,0.0,-0.007783236334745425,0.011437066945300556,0.005443207565660746
2020-09-02,0.00485016535607464,0.0009586258528114538,0.0,0.0018219417394664463,0.0008433171493538616,0.0,-0.012492635483823733,-0.001,0.001174823209859177
2020-09-03,-0.036917661415106585,-0.04593366961998896,0.0,0.012755809786345716,-0.016477448838811387,0.0,-0.06766699119836372,0.0,-0.006217320268380289
2020-09-04,-0.007352878285550541,-0.011531879531306674,0.0,0.0045296002677168955,-0.005254778971007273,0.0,0.04228457629084437,0.0,-0.002714653331861827
2020-09-08,-0.028388980448882294,-0.03972850894805247,0.0,-0.0011127998214530432,-0.0033255708886873476,0.0,0.012715773513919615,-0.040434986153245416,-0.005562895802234902
2020-09-09,0.012729738366844405,0.02017985189475171,0.0,-0.0044515617594950065,0.006909788026088197,0.0,-0.001,0.027422707123072862,0.007855417068611592
2020-09-10,-0.006808273820352127,-0.019689930100761456,0.0,-0.007932030765336908,0.004697391791084394,0.0,0.0,-0.020318785310922134,-0.004723846224069961
2020-09-11,-0.0018059721985285665,-0.0034159190469626806,0.0,-0.003035419429682992,0.0007987136904562481,0.0,0.0,-0.00491906965528292,0.0020177482028287397
2020-09-14,0.008282233370104664,0.011950464359100025,0.0,-0.0006585996246625006,0.0007122213655672772,0.0,0.0,0.01731187714809298,-0.0010663064560956226
2020-09-15,0.002999807932070782,0.007551088737786595,0.0,-0.004635676494525972,0.0014312860770117452,0.0,0.0,0.011732375879492166,0.002726605661474313
2020-09-16,-0.00584991412109732,-0.003955367908564385,0.0,0.008801557889504071,-0.00440460188236488,0.0,0.0,-0.001,0.0
2020-09-17,-0.00603208630450379,-0.011282326619837343,0.0,-0.00112606153952278,-0.0005401554044442289,0.0,0.0,0.0,-0.0010640527324837779
2020-09-18,-0.004863117499684026,-0.007504717673194825,0.0,0.002779434078248555,-0.004385765283472141,0.0,0.0,0.0,-0.0024852302250288894
2020-09-21,-0.00411238385266022,-0.017042836500063097,0.0,0.007243669086549098,-9.407073645452128e-05,0.0,0.0,0.0,-0.008067394422578755
2020-09-22,0.0048102667085893275,0.01319537790682668,0.0,-0.004267005848098329,0.005983766302267219,0.0,0.0,0.01045900113749144,0.0034688293952456206
2020-09-23,-0.016911988771800324,-0.030237259275602228,0.0,-0.0043810607555184525,0.0007024813553761479,0.0,0.0,-0.017870137094183444,-0.010131654772806198
2020-09-24,0.00407176039081632,0.00253363545278492,0.0,-0.0011159205603015676,-0.0005920247611174109,0.0,0.0,-0.0005705051501007691,0.0006026698154446564
2020-09-25,0.007197722358150761,0.018743873370575932,0.0,-0.001135904821155732,0.001949106929121969,0.0,0.0,0.0057296025352935945,-0.0018050524657001743
2020-09-28,0.009245691922623103,0.021479051429396594,0.0,0.0014691910719541465,0.0009163095021608236,0.0,0.0,0.014163756660346005,0.006509478051556883
2020-09-29,0.0008360077843828243,-0.004562281798005527,0.0,-0.004066576340787588,0.0036966994405929297,0.0,0.0,-0.0009999999999999998,0.0008384729491917042
2020-09-30,-0.002468993926389565,0.005094224017139885,0.0,0.0006854555981797952,0.0020141084429174077,0.0,0.0,0.0,0.004069277161777851
2020-10-01,0.010783550813071772,0.01584998386393475,0.0,-0.015892297258519268,0.0021808460309533043,0.0,0.0,0.0,0.0034351292865262284
2020-10-02,-0.015507105874828618,-0.012042564953392808,0.0,0.009207385528246417,-0.00486426794740011,0.0,0.0,0.0,0.0
2020-10-05,0.015247871297458361,0.02460749189782007,0.0,0.0038798687393596706,0.0035567312366510994,0.0,0.0,0.0,0.007515199388429039
2020-10-06,-0.015031417113816264,-0.009851060947052213,0.0,-5.909115430313705e-05,-0.007833299479267935,0.0,0.0,0.004389083297963282,-0.0022493822022643384
2020-10-07,0.011555380699056617,0.019751323695639752,0.0,-0.0035143536976432774,0.006391301251285161,0.0,0.0,-0.007292444969484668,0.00355975325435387
2020-10-08,0.005702089130652375,0.008504275939907203,0.0,0.0077277599462330215,-0.009076084609239105,0.0,0.0,0.00539991506059212,0.0022468829677375624
2020-10-09,0.01438690226314935,0.01022442634097771,0.0,-0.003463182063320689,0.00851243283744758,0.0,0.0,-0.001,0.002241177139251649
2020-10-12,0.016507521355592844,0.01818688521047249,0.0,0.0018924276358572984,0.0044130845313994855,0.0,0.00782819708207294,0.0,0.005061804329423492
2020-10-13,-0.006557510975836123,-0.0035375209579488398,0.0,-0.007257323539019421,0.00403268742473405,0.0,-0.005038415044332778,0.0,-0.004450350056146135
2020-10-14,-0.004558253659644058,-0.009291042452847108,0.0,0.001309068579089918,-4.9541666103713507e-05,0.0,0.0031982657361597777,0.0,-0.0024708878278268953
2020-10-15,-0.0021515262091216774,0.0031687872974994445,0.0,0.0030982109261241324,-0.0021437749483591644,0.0,-0.004250793039494938,0.0,-0.0007073173191992632
2020-10-16,-0.003627031670701627,-0.0037956904179314056,0.0,-0.0026170426280058114,0.001293372377523989,0.0,-0.0026680489685814157,0.0,-0.0011805479459718882
2020-10-19,-0.010809484698218106,-0.01384965949225335,0.0,-0.004766999807040774,0.0009898035802109917,0.0,-0.022204435723322424,0.0,-0.00354449047858052
2020-10-20,-0.0016615668341903736,0.0021533976977882677,0.0,0.0009719999625533337,-0.0006024333099389252,0.0,-0.00027355189444344674,0.003962575712732035,0.003557098580630802
2020-10-21,0.000801993561282526,-0.005294430451935633,0.0,0.0014187176961401684,0.0025423982576660282,0.0,0.012588918252522063,-0.0019086784834697664,-0.00011816997627833725
2020-10-22,-0.002735633042644017,0.009416671165350061,0.0,0.0040261090798639106,-0.009191254026503417,0.0,0.011351301863386842,-0.0022397524940477773,0.0017724546902189164
2020-10-23,0.0012946016561450788,0.004100907500305341,0.0,-0.0012478826957890766,0.001071492961904025,0.0,-0.0005343838600986306,0.00019004714355697972,0.001179869931070776
2020-10-26,-0.011188427193922965,-0.018578534239304823,0.0,-0.0042450324463096396,0.00042311745096180244,0.0,-0.051336949339802374,-0.022630978783631614,-0.00883713907775907
2020-10-27,0.005251433594675683,0.004741895790110067,0.0,-0.006799011364972708,0.006984550989746633,0.0,0.004227776995891386,0.005005509915580575,0.0004754231875807591
2020-10-28,-0.018103228274615513,-0.03109735013934993,0.0,-0.0002651069662850412,-0.0004606820259660643,0.0,-0.0718496013625417,-0.03580279760897735,-0.008316992942873691
2020-10-29,0.000624648679406797,0.012880666421687925,0.0,0.008657784032005462,-0.005952321049006059,0.0,0.03810106283211345,0.00936744372929137,0.0028751574922414314
2020-10-30,-0.011223935694758562,-0.01676779879364327,0.0,0.006476833310156397,-0.00901299479100311,0.0,-0.001,-0.012653226376408228,0.002150940074447494
2020-11-02,0.006253763685901312,0.00880249557204611,0.0,-0.005387960898290871,-0.004323495153789967,0.0,0.0,0.010217532704203695,0.0023821966823940333
2020-11-03,0.00570863246748502,0.008929095819907692,0.0,-0.0010713733578641851,0.009693837993304052,0.0,0.0,0.016772633953057742,0.00860067772497275
2020-11-04,0.021988458529163063,0.017382026098459735,0.0,0.018889902446962585,-0.006859576063940241,0.0,0.0,0.04109269075078678,0.009355573396449213
2020-11-05,0.01649789041952671,0.019510919959100106,0.0,-0.0004254066919044362,0.012922962648449724,0.0,0.0,-0.001,0.003519702884178466
2020-11-06,-0.00331985593220979,0.0031241292585220326,0.0,-0.0022107427532567256,0.005925143268187677,0.0,0.0,0.0,-0.0035073580260184256
2020-11-09,-0.02879439700579992,-0.0030049249381123026,0.0,0.015562349525354766,-0.03323944149935363,0.0,0.0,0.0,0.007626293787113214
2020-11-10,-0.006847145073291875,0.0008228767878388554,0.0,-0.00036561630020122177,-0.0044744569777482495,0.0,0.0,0.0,-0.001397273291960377
2020-11-11,0.007644482319783831,0.0029948244394825563,0.0,0.010070945468784656,-0.004862419916222007,0.0,0.0,0.0,-0.00034971736663180764
2020-11-12,-0.001618508344628553,-0.011325126453717041,0.0,0.0032889429976950854,-0.004586050827303418,0.0,0.0,0.005060679556170845,-0.006765861724148503
2020-11-13,0.0042730161745010535,0.01698348314185666,0.0,-0.0019906720718089643,0.0005425285620312516,0.0,0.0,0.006808177000825444,0.0034058848441107514
2020-11-16,0.005041649960635483,0.017352453891545824,0.0,-0.006559033836345081,-0.0006775659928587508,0.0,0.0,-0.000540259828782179,0.0056181772306893585
2020-11-17,-0.003871221443469209,0.00153386144232598,0.0,-0.002279082190222118,-0.0011524435528521264,0.0,0.0,-0.001,0.0003493049696901007
2020-11-18,-0.007710664711971258,-0.008174419262465812,0.0,-0.0014117833325738053,0.0064498576787556045,0.0,0.0,0.0,-0.0018611752258184122
2020-11-19,0.002966801368558334,0.00411159356754388,0.0,-0.0010706652995001414,0.0030277796703521392,0.0,0.0,0.0,0.003379935620957397
2020-11-20,-0.0028278926378231812,0.003714852213162497,0.0,0.0019164664608841938,-0.0019437961182726163,0.0,0.0,0.0,-0.001858841299807401
2020-11-23,-0.007828772091544723,0.008821752343675191,0.0,-0.007406123944010805,-0.0018724925520000354,0.0,0.0,0.0,0.0015129383456427004
2020-11-24,0.002767836620824714,0.015381881920928767,0.0,-0.0157150082444122,0.0068804162040443,0.0,0.0,-0.016328336846880065,0.003021365262175335
2020-11-25,0.0006922012174172287,-0.004797736911611504,0.0,0.004848035419578906,0.0006653654167638561,0.0,0.0,-0.0004717367343725076,-0.0004633978139463313
2020-11-27,0.0023904315237744875,0.007242577027230346,0.0,0.004485372772550811,0.0010999432358848246,0.0,0.0,-0.010146901518740647,0.001622882150686955
2020-11-30,-0.008552337894976302,-0.02277716766736382,0.0,0.013126193221529409,0.0035789296812340572,0.0,0.0,-0.001,-0.0010414977048103236
2020-12-01,0.017295194999056615,0.009718444415256603,0.0,0.0007167038577034325,-0.0009981216785591718,0.0,-0.005594888360827776,0.0,0.002570026109163903
2020-12-02,0.0033794238123473724,0.0011036904603254623,0.0,-0.003958733024370893,-0.011148959537996907,0.0,0.004130271726744628,0.03149408657211328,0.0027846754756961634
2020-12-03,0.006194324942380034,0.003589461339159805,0.0,0.0007494116238200379,-0.0016770040676079537,0.0,-0.005806960266971584,0.010490360240326568,0.0005785149274704082
2020-12-04,0.0035083922425097553,0.006539315529033037,0.0,-0.008487646176215193,-0.015509674223690218,0.0,0.008031102826283165,0.05450294392324695,0.004162237455505036
2020-12-07,0.0070216949725463475,0.0023296903967915806,0.0,0.003976221377023599,0.00896443245893761,0.0,-0.0016899975354586205,-0.001,-0.00046058004372806494
2020-12-08,0.002617312051309638,0.0070355888148849865,0.0,-0.002571093476310228,-0.00310650281650905,0.0,0.016928676874741644,0.0,-0.0008062098881737034
2020-12-09,-0.01724078146714228,-0.0141504076776415,0.0,-0.0007150536704568955,-0.0021737742191595124,0.0,-0.019262724691796462,0.0,-0.0014990777896832785
2020-12-10,0.0044532161610202955,0.010290432157025284,0.0,-0.00790127171300071,-0.005755688276944437,0.0,-0.004364701693738482,0.0,0.0018476617190759104
2020-12-11,-0.0022528152958316908,-0.006013661546466983,0.0,0.0038609975847912464,0.000863454151133219,0.0,-0.018265951654055868,0.0,-0.0010374371345250877
2020-12-14,0.0011001516193136405,-0.002318769931344861,0.0,0.0067011338734572256,0.004535225764462396,0.0,-0.011411631939926337,0.0,0.00023074170429326912
2020-12-15,0.014486509062599892,0.017193323535423386,0.0,-0.00043054188118751727,-0.0021271762573612687,0.0,0.020075359658478842,0.01606381738313367,0.0031141175924185305
2020-12-16,0.003657908218200452,0.0006054262294184507,0.0,-0.0005785772358194852,0.002898559575963806,0.0,0.01845018380928054,-0.001,-0.0014952313354611446
2020-12-17,0.008907886946848829,0.009085288456875812,0.0,0.0049293180543410805,0.0008629342276051712,0.0,0.007487863458168542,0.0,0.0014922920994666633
2020-12-18,-0.002920812658791999,-0.002968783237742068,0.0,0.002375857162471081,0.006351189373731589,0.0,-0.011508020924771878,-0.01772058100564422,0.0008083739028372783
2020-12-21,-0.002085851023201389,-0.007644993437512061,0.0,0.0005063519180552495,0.0022890480169428977,0.0,-0.039776847146660965,-0.019289759580817023,-0.0035762112732201645
2020-12-22,0.0006471779950488588,0.002193090780341681,0.0,0.0003983757119100376,-0.001541604511183491,0.0,0.010356146648948794,-0.016784323829101555,0.0012734946025840799
2020-12-23,0.0016607589200704066,0.0025242627119856703,0.0,-0.0022772413229895285,-0.00012031097767643833,0.0,0.021500015258788974,0.022138752048735943,0.004509406660425208
2020-12-24,0.0031464279724124017,-0.0031963786245925384,0.0,0.002613786634685508,-0.0015872772736662182,0.0,0.0156632251612423,-0.005219405425223367,0.002072236911030201
2020-12-28,0.0025735535705845914,0.0005525265178902899,0.0,0.0004743995417814144,-0.0014276204808355134,0.0,0.003614494599491813,-0.006295698461577404,0.0012636637737715173
2020-12-29,-0.002704454820485765,-0.011306026324574432,0.0,-0.00042263291536514294,-5.183152558226382e-05,0.0,-0.023289344181666394,-0.006599886993771675,-0.0012620689429682086
2020-12-30,0.004430993239483677,0.010766816946358518,0.0,0.0020861680159039637,0.0006942029279649923,0.0,0.01843657803278287,-0.001,0.0020678347060438806
2020-12-31,0.0019873878554139772,-0.0012142976728114325,0.0,0.002347379730097851,0.00017713938677547673,0.0,0.0002413304721109455,0.0,0.0008020447590912916
2021-01-04,-0.0019432539889227603,-0.003887944737388816,0.0,-0.004041911981013209,0.0021642677923767294,0.0,-0.0431949121657641,0.0,-0.002061564088609802
2021-01-05,0.007845124175055406,0.019300654421657137,0.0,-0.007008749623769976,-0.001009894788981838,0.0,0.015888959121648005,0.014452200571821394,0.00034475164972014305
2021-01-06,-0.013677279495363749,0.017987955165546965,0.0,-0.017148294356361643,0.005581930585706209,0.0,0.0027308990487879825,-0.001,-0.0018365625192695578
2021-01-07,0.01449072959333458,0.01430124879258865,0.0,-0.006711042224798695,0.007333492317673739,0.0,0.02921516026262183,0.02595420074411059,0.002874221511382391
2021-01-08,-0.004212044238925736,0.00893116256324435,0.0,0.0053007103688726305,-0.004789286279483631,0.0,0.006013952413647106,-0.001,0.0014901577026209534
2021-01-11,-0.011266064634434627,-0.006416504618303483,0.0,-0.0038913797823476354,0.0054433565567209045,0.0,-0.023194673069860783,-0.0029614419353504165,-0.005379790593322831
2021-01-12,0.006661565979506098,0.014551894734214331,0.0,-0.011569682873076375,0.007174226130054251,0.0,0.009302352076119957,0.006473960214956609,0.001266313952397402
2021-01-13,0.0016269076765678668,-0.0032309371742146333,0.0,0.004939454422516392,-0.008045069506982687,0.0,0.008489019954021959,-0.004307374345463466,0.002988076119966987
2021-01-14,0.005188760619999915,0.01507548412673029,0.0,-0.0002555943206255118,0.0021257027563997516,0.0,-0.006012505747733821,-0.0005190998467168306,-0.00022893399097134726
2021-01-15,-0.011610316120152168,-0.01457250300720692,0.0,0.012856675272841804,-0.010358023369728882,0.0,-0.014517354518177816,-0.012407628760563338,-0.0016046546650411164
2021-01-19,0.014608631637070045,0.014496750783197685,0.0,-0.00117162545580788,0.003965495912681348,0.0,0.012030485734689789,0.01176827188240267,0.0028693257995713317
2021-01-20,0.016586118873563094,0.010190019023047957,0.0,0.006384151431921557,-0.003822295140677205,0.0,0.01115960870572752,-0.001,0.0018319159984263589
2021-01-21,0.0017469289792406992,-0.003961186642565329,0.0,0.002758884981775051,-0.0007727013591326255,0.0,0.003598884951550252,0.0,-0.0005713397247870677
2021-01-22,-0.0009513433892238276,0.0020470391637676935,0.0,-0.00016423492515095387,-0.0028663698751157933,0.0,-0.0057375488396134156,-0.007574219704702733,-0.0019438750018326845
2021-01-25,0.005561726681270914,0.0028821059303354175,0.0,-0.0007866006754883147,-0.005822797670039634,0.0,-0.02091846426287236,-0.00883785376817843,0.00022955492226839347
2021-01-26,-0.0033607901039716475,-0.007103026279712316,0.0,0.00015339485243754734,-0.0028616692312956036,0.0,0.00196458776913655,-0.0127510053276593,-0.001489025445375991
2021-01-27,-0.025472678264127028,-0.022526201049957322,0.0,0.004116649327184652,-0.003761293650480723,0.0,-0.10539214013402864,-0.021998498953138428,-0.0028673945581138005
2021-01-28,0.0038046197928339955,0.0009830597400674699,0.0,0.0039051688293036462,0.0012798953917496092,0.0,0.009863030420590668,0.012327645261532995,0.002990248999718892
2021-01-29,-0.02061656776605427,-0.019283819195728236,0.0,0.0006610385412576269,-0.0047655732864886995,0.0,-0.023060289602373163,-0.025191413595727068,-0.0026370152530901247
2021-02-01,0.025461586155012525,0.025540295903001806,0.0,-0.004323471616748293,0.006054433043638293,0.0,0.027214757084494945,0.017685422682677393,0.0032084079574508095
2021-02-02,0.014711128759149986,0.013693397591810267,0.0,-0.002419541027631002,0.007620741664406777,0.0,0.04271419152914491,0.01554325149836883,0.0024155248712622868
2021-02-03,0.0006042164620709162,0.003855037031242773,0.0,0.0005050609424786944,0.0013005075434915838,0.0,0.02592688638610996,-0.001,0.000803428676096507
2021-02-04,0.01082990989832721,0.011985837631607717,0.0,-0.0010185788093185863,0.004095910763594575,0.0,0.02198632647446197,0.0,0.002064051766990316
2021-02-05,0.007830652697210576,0.011709524823999184,0.0,0.0018678555400011055,-0.0004210256908204526,0.0,0.0012364751101843208,0.0,0.0014874981230765805
2021-02-08,0.0105985473520756,0.015795100304553136,0.0,-0.0012746635557274709,0.005073833041804993,0.0,0.003951589053581062,0.0,0.0029710409824525996
2021-02-09,0.00425322920193581,0.007216515329620855,0.0,0.0009054668599764938,-0.0037624188384019607,0.0,-0.002460080813396659,0.0,-0.001823183542782214
2021-02-10,-0.00192609957869113,-0.0021630919710046324,0.0,-0.0006016624139048715,-0.003967296784246424,0.0,-0.012083794648304225,0.0,-0.000228111667084252
2021-02-11,0.004931262719516695,0.0040153626251542545,0.0,-3.2659831133915855e-05,0.0028356239803624846,0.0,0.014727911441891672,0.0,0.000456327427778902
2021-02-12,0.0034602047857599048,0.001961955671471796,0.0,-0.001106771190931812,0.004309137463561668,0.0,0.017466151483921832,0.0,0.0015980374142781084
2021-02-16,-0.0022873451773662663,-0.002471968200057946,0.0,-0.006591906347002304,0.00786311970253955,0.0,-0.006286318481470099,0.0,-0.001595487765135295
2021-02-17,-0.004194614477210937,-0.004205951750918392,0.0,-0.003053046757549279,0.002634445405441757,0.0,0.00997566575751252,0.0,-0.0003422630274009242
2021-02-18,-0.010300515384169835,-0.014742952295059628,0.0,0.005859150291879093,-0.006252337114650391,0.0,-0.0024090213963997575,0.0,-0.0013694050987567152
2021-02-19,0.005732335562557612,0.014618349756612426,0.0,-0.009412169982367078,0.0068004278435860556,0.0,0.02439020345942655,0.01985333516080867,0.0001142832372105218
2021-02-22,-0.02157506392961907,-0.016540699873402176,0.0,-0.011050480385583325,0.010932493610199564,0.0,-0.026874102754747553,-0.001,-0.003085874270586042
2021-02-23,-0.00274851844590299,-0.003630261684266724,0.0,-0.003784981978744841,0.0039846740205891525,0.0,0.020591141326405715,-0.0019206173723078234,0.002407915512193215
2021-02-24,0.008439666997208712,0.011657585927922123,0.0,-0.011886062663429644,0.011369027542582665,0.0,0.01875141421318327,0.0070336884778081895,0.0010284411288776774
2021-02-25,-0.03240130784563197,-0.02396297001146143,0.0,0.004664834775388985,-0.005061181849277148,0.0,-0.08201297281539244,-0.029160279068370647,-0.009481989895995246
2021-02-26,-0.0023854889745786906,-0.011457886908993001,0.0,0.0031690002941983913,-0.004323785626657376,0.0,0.025126848361142207,-0.0012290374429264196,-0.0029990238347598064
2021-03-01,0.030991550453717164,0.01495295613829075,0.0,-0.006060527557083438,0.00664293031570064,0.0,0.03713790598334188,0.029120307684348246,0.011227406961006325
2021-03-02,-0.015585298860815045,-0.016738195781411506,0.0,0.001271491158334399,0.00013709827465925302,0.0,-0.003819523746559139,-0.001,-0.0014929502792683236
2021-03-03,-0.015780776295860388,-0.0038991858708120157,0.0,-0.007154681539741018,0.008589810732129003,0.0,-0.02300501066387528,-0.0030135419504777597,-0.0032195976844828778
2021-03-04,-0.02232580496258734,-0.007317789193770029,0.0,-0.006287942847370142,0.003732368810883003,0.0,-0.019622252344326574,-0.023314130133525034,-0.0038068529180530497
2021-03-05,0.015989289420501762,0.0207447105610209,0.0,-0.007361568318791625,0.004026837748926231,0.0,0.03327490557264556,0.01806009356027173,0.003010786154268308
2021-03-08,-0.01649651863588347,-0.005633830778264059,0.0,-0.0021332140943201502,-7.541769892720229e-06,0.0,0.00048427259402283873,-0.001,-0.007273045845024528
2021-03-09,0.027798555900902053,0.01012262271206342,0.0,0.01886788096247333,-0.01234911963067791,0.0,0.012584715914913502,0.03185455912100664,0.0013953012870755455
2021-03-10,0.0045348050943706565,0.01185174276287014,0.0,-0.010087857231056674,0.0065045347184242135,0.0,0.0057361777627038535,-0.00437805675439854,0.00313569895037058
2021-03-11,0.024662713246887246,0.018477442721525253,0.0,0.007338652078279553,-0.0028960352126316297,0.0,0.012595027477060095,0.030539404980113087,0.003704355316773933
2021-03-12,-0.004766288674948233,0.0005821530231996115,0.0,-0.0009847256880115079,-0.00408590485557701,0.0,0.0007040314214308285,-0.001,-0.0027675174613149833
2021-03-15,0.005526956961181453,5.098059237431071e-05,0.0,0.00578708407505536,-0.007659089300631328,0.0,0.03752350637244106,0.0,0.00011511706821476508
2021-03-16,-0.004570938477935877,-0.010634856766614274,0.0,0.010010454536681604,-0.01030861162609337,0.0,0.005876996195046669,0.0,-0.0023129440261235867
2021-03-17,0.004848118164993236,0.003790362772456894,0.0,-0.00255846897893638,0.0066531421615734845,0.0,0.013932560267073457,0.0,0.001391475618899296
2021-03-18,-0.02742547641735079,-0.03895624421053769,0.0,0.004094284148507867,-0.009825161362950054,0.0,-0.032358136503432555,-0.04593744975933678,-0.007640025315866383
2021-03-19,0.007734629338695307,0.013360087135765395,0.0,0.0024103396508949066,0.001075403531389671,0.0,0.01672009951414588,0.004347198474401723,0.0038492455441017093
2021-03-22,0.0012604434489416414,-0.00516370190648647,0.0,0.007210681916921944,-0.00674849618752384,0.0,0.04100021896482908,-0.009433729089217066,0.003602476858412862
2021-03-23,-0.02178239085467285,-0.03286934623931772,0.0,0.004922250375163929,-0.007484663735381415,0.0,-0.024020788408207094,-0.021993729467366135,0.0010420468903551416
2021-03-24,-0.01528052597703493,-0.0030342987628163938,0.0,0.0024165292423538017,0.0035237657955029893,0.0,-0.0050997682930811195,-0.007198539125296083,0.0005782733538346463
2021-03-25,0.009794579904984797,0.0019993020362566866,0.0,-0.004924216034347015,0.0011010097323506502,0.0,0.015377812744183705,0.013426275511439758,0.00173335023077259
2021-03-26,0.01652051614026473,0.020398672738798494,0.0,-0.0005951098827360578,0.0035178252541473286,0.0,0.02721680918333913,0.02151802716853869,0.0030001300095203742
2021-03-29,-0.010201363700684824,-0.016002918681432225,0.0,-0.002434924322936219,-0.0082379245005192,0.0,-0.019017081285412796,-0.029094380386784857,0.000575562149610187
2021-03-30,0.004888464755829755,0.0018085113762701837,0.0,-0.00013939652221971448,0.004250669922493295,0.0,0.021128321148487172,0.016837621079781595,-0.0024150177716307786
2021-03-31,0.011534409270459137,0.009951060863224418,0.0,0.006451537954896727,-0.004290939944548922,0.0,0.004692777324945219,-0.001,0.004841146072938063
2021-04-01,0.0132235723630349,0.014482490224740158,0.0,0.005337123794091676,0.009813098752096915,0.0,0.021656061375970204,0.0,0.0021176998842225014
2021-04-05,0.009610936658045145,-0.003252917987048221,0.0,-0.002028509135383896,-0.008414046073884077,0.0,0.006442256445803984,0.0,0.0004592860444125879
2021-04-06,-0.00217988753945815,-0.00010880646036355319,0.0,-0.0018396694614680033,-0.0018549470380172354,0.0,-0.0014453787813983876,-0.0036471227854703017,0.0017221967308898023
2021-04-07,-0.0105881910045937,-0.007487261846861489,0.0,-0.0002470120864769206,0.0031554554807537542,0.0,0.014474788132852412,-0.001,-0.00034414723500431066
2021-04-08,0.006950285250626868,0.0069660396135804385,0.0,0.0014637411431428964,-0.0034837093512337064,0.0,0.0075417635859709176,0.0,0.00034426571309764675
2021-04-09,0.004322627730537372,-0.0015862991024997591,0.0,0.004985564976018043,-0.0023014177622370092,0.0,0.0012138655254010366,0.0,-0.0006877174290378374
2021-04-12,-0.004306967603474481,-0.0018368328446130484,0.0,-0.0018319750141179698,-0.0028266527644885938,0.0,0.0099009465983253,-0.00888545048859779,-0.0010322283208666905
2021-04-13,0.004152930050880163,0.0035999233305355964,0.0,0.004503622699162602,-0.002329830056959876,0.0,-0.0014005541309591862,0.001045977708848067,0.0006890174206957145
2021-04-14,0.0011213437622590932,0.01616259158144183,0.0,-0.0005421267596989461,0.00586129411195389,0.0,-0.005209343264437671,0.027789082871944926,-0.00045910568661422513
2021-04-15,0.009022699853177898,0.005305540004423527,0.0,0.008561764707523567,-0.008645390070805923,0.0,0.012688766043432942,-0.001,0.004017575157608366
2021-04-16,0.0017389851505826425,-9.258041741893756e-05,0.0,-0.0017254852583876703,-0.004248118937296868,0.0,0.0077565512950852344,0.0,-0.0020583083767280463
2021-04-19,-0.00923036584595045,-0.0061679799310617005,0.0,-0.00015126855272886656,-0.0002869926972947366,0.0,-0.0177619448135925,0.0,-0.0016035547906213532
2021-04-20,-0.011425730152790636,-0.010999285313076132,0.0,-0.0014817085446658144,-0.01352962893815475,0.0,-0.012457282020941873,0.0,-0.0017203999924205737
2021-04-21,0.010597772521722537,0.009249557148607363,0.0,-0.0005942378848616781,0.0027957657198536888,0.0,0.027873832947155064,0.0,0.0033322631264500746
2021-04-22,-0.002632513112176701,0.0018621965544928694,0.0,-9.171484784299742e-05,-0.002440188618036811,0.0,-0.030680903068407428,-0.01274741088084741,-0.0018324198150507787
2021-04-23,0.01341514099807597,0.013443182178324966,0.0,0.002596965558321324,0.0035694430132254228,0.0,0.01939956962550693,0.009127549836918991,0.002639784213068763
2021-04-26,0.00805745142629833,0.008612661696755314,0.0,-0.004724579480405848,0.0049782128684385685,0.0,0.003405488579291127,-0.001,-0.0004581698425809577
2021-04-27,0.002296035397280442,0.0050037264708347046,0.0,-0.0006341555666732103,0.006127259686727953,0.0,0.010181639448584745,0.0,-0.0013738711026612949
2021-04-28,0.0002447964476816112,0.0016534059815802127,0.0,0.0025686643544197405,0.0099268341634173,0.0,-0.0029643817332989375,0.0,0.0019492067663802182
2021-04-29,0.002309711577523728,0.001676922290903584,0.0,0.001411677673554715,0.005107795897089449,0.0,0.008325037910680066,0.0,0.0011446599114213196
2021-04-30,-0.00951624255782122,-0.010874058236255328,0.0,0.0008877287442009075,-0.008257381313409872,0.0,-0.020837381184400927,0.0,-0.0004573634888557221
2021-05-03,0.00423153744305728,0.008133482590030935,0.0,0.0017514251382044037,0.004274361617828045,0.0,0.01947394858989071,-0.0037917312012898377,0.00038996762784981875
2021-05-04,-0.003709839876845997,0.002832890497457031,0.0,-0.011010829748327903,0.0027253187268426893,0.0,-0.021465147278268315,-0.017945798125161616,-0.0005737864772894508
2021-05-05,-0.0008941632641019435,0.00028619127596453083,0.0,-0.003623789655190211,0.010176463323485098,0.0,0.013483638602526327,-0.0019182511176290807,0.0019508882093597357
2021-05-06,0.0041693467218747345,0.0030813007182293583,0.0,0.00010031487048018647,0.0012886755421093578,0.0,0.0031771216336964336,0.006130678238566032,-0.00034363787075586405
2021-05-07,0.010282142552951923,0.010886674986007643,0.0,-0.00037621702197455583,0.0039046250266754606,0.0,0.028701519196376424,0.009468525705409318,0.0006880870317962362
2021-05-10,-0.016383125048956518,-0.015016922565668212,0.0,-0.004602060686294254,-0.0031804577890917844,0.0,-0.0217433334918814,-0.001,-0.002290513939380512
2021-05-11,0.0023086338882481413,0.005145662081308334,0.0,0.0006232269079129387,-0.007819622090805181,0.0,-0.03914244045031734,-0.003457754717843175,-0.0010325792340989404
2021-05-12,-0.01857016266072741,-0.013334322695532504,0.0,-0.0035131871453758564,0.007994645606298041,0.0,-0.08659160029405577,-0.001,-0.004825528902090648
2021-05-13,-0.00610412061512427,-0.012836323584939252,0.0,-0.002798813404796557,-0.006190842999825912,0.0,0.0454953528146218,0.012379479776957268,0.003578760659170399
2021-05-14,0.01508325604724309,0.014131753327387215,0.0,0.0026064376389413205,0.004624950597584956,0.0,0.06087888659580032,0.019746553537385945,0.003220898420181584
2021-05-17,0.00362974775766632,0.00817804347123244,0.0,-0.004278594622488436,0.007045047228578559,0.0,-0.015154576168186495,-0.004249638024310358,-0.001834472781844454
2021-05-18,-0.0014381796730340317,-0.005891282238548018,0.0,0.0020932705462228932,-0.00847945341855363,0.0,-0.006155171141291826,-0.0009999999999999998,-0.002412833548843807
2021-05-19,-0.011272394270631956,-0.015987477544331462,0.0,0.00355786198558611,-0.005945406846496087,0.0,-0.026424418158243035,0.0,-0.0026479731696091857
2021-05-20,0.00021781703921903287,-0.00445132430608034,0.0,0.005437595688154342,-0.005155993486388315,0.0,0.028413913420769932,0.0,0.004271576350849404
2021-05-21,0.0007053423765423901,0.00687989142278953,0.0,-0.004812416895512924,0.0033207197648726585,0.0,0.010309278350515427,0.0,0.0014948833564036867
2021-05-24,0.009613428006226924,0.010999826587347276,0.0,0.0038157779828037826,0.0013775099452982714,0.0,0.019591818050462395,0.008969252547593176,0.0011478038889143338
2021-05-25,-0.001250548701507457,-0.005635378491642788,0.0,0.0037937819538815523,-0.006428028418826947,0.0,-0.001601241349547644,-0.020311299484594314,0.00011462577733478696
2021-05-26,0.00882338968155604,0.007811436345284,0.0,0.0013028263078151772,0.0004963176626192673,0.0,0.024859619831928415,0.008913022464103415,0.0003444132839731662
2021-05-27,0.009083623678197612,0.013735985877859529,0.0,-0.003612975915965616,0.003919712872025503,0.0,0.0244522696814915,-0.001,-0.00045886788355042896
2021-05-28,0.0005951198672652224,-0.002311100843660955,0.0,0.0007728950601643415,0.00013341956588941336,0.0,-0.009929357807320405,0.0,-0.0003437622458826173
2021-06-01,0.01645521726258446,0.015237075645432238,0.0,-0.0070515728117456575,0.01171204183255992,0.0,-0.012343286566688483,0.0,0.003003974829838496
2021-06-02,0.002753008114082485,0.003716283385767047,0.0,-0.002654165512365207,0.0031234815136050114,0.0,0.013473978788167251,0.0,0.0012622455436603897
2021-06-03,-0.009088795735092484,-0.008418748063886197,0.0,0.0001571779610329689,0.0012930818441919917,0.0,-0.010211995730479262,0.0,-0.0020631076864947584
2021-06-04,0.009754102723848667,0.008500061320854303,0.0,0.0007886969952500931,-3.541030386760625e-06,0.0,0.02764263214265328,0.0,0.0021819014753279298
2021-06-07,0.00604020330002713,0.006093851496060602,0.0,-5.888082962395198e-05,-0.003348230474269141,0.0,0.008713754053703004,0.0,0.0003434108051756368
2021-06-08,0.007384376508866748,0.01018243399702919,0.0,-0.002551590981434688,0.0028076427244920206,0.0,-0.0069483367490096315,0.0,0.0006873879156081841
2021-06-09,-0.0038678603497104016,-0.005434495287806392,0.0,0.003992642433362124,-0.005886199118574836,0.0,-0.005673207847974759,0.0,0.0008014207785427274
2021-06-10,0.001871820958916333,0.004401625644723593,0.0,-0.0008722723663965501,-0.0041712567094523804,0.0,0.028718110858668267,0.0,0.0018299270763648678
2021-06-11,0.003308538442030767,-0.003576408099174539,0.0,0.003989355642688125,-0.002210014539857603,0.0,0.013680933192443234,0.005430684209945303,0.00034238467615010926
2021-06-14,-0.00022369285996853665,-0.000734077915041143,0.0,-0.0016110431180473455,-0.002078862571151421,0.0,-0.0047419684032038445,-0.010383382333191027,-0.0009122946980163471
2021-06-15,-0.004449209920501845,-0.007870707814786921,0.0,-1.5640417257981455e-05,0.003362311688363425,0.0,-0.017408846770243902,0.0018833675911402725,-0.00011484086826551998
2021-06-16,-0.003832307535575378,-0.0062052215772043316,0.0,-0.000283067258099365,0.0015397964384671827,0.0,-0.0013054773632714678,-0.0010738037811348633,-0.001371048891829707
2021-06-17,-0.009126659306661485,-0.012461317255613384,0.0,0.005606053944920871,-0.01355142467013375,0.0,0.005975718009025854,-0.001,0.0006870950413573329
2021-06-18,-0.007120121310678065,-0.004385397762535526,0.0,-0.0017966657317763312,-0.004837097642908662,0.0,-0.045479873983983676,-0.027029816087496057,-0.00045778696426745924
2021-06-21,0.013489689423192536,0.016409659347759023,0.0,0.002056753579842772,0.010068576347849528,0.0,0.03656167123807186,0.0274194114516777,0.0019441115969482947
2021-06-22,0.004983033468478544,-0.00186619060312628,0.0,-0.0013060299650234342,-0.000511905183213899,0.0,0.02101311346935275,0.0006454908135561401,-0.00187996067065375
2021-06-23,0.0034966935022624356,0.00217839221286757,0.0,-0.0027358358904521086,0.0005473181779769595,0.0,0.009555319280778907,-0.0022018696437904215,-0.003027132220821625
2021-06-24,0.008043824370568472,0.0007634395590996492,0.0,-0.0006887493640245388,0.001637086280015759,0.0,0.011649130330239288,0.010697859451840973,0.003083308383498684
2021-06-25,-0.00128284913582199,0.0007192528396547881,0.0,0.0024659168828357627,-7.051184222445152e-05,0.0,0.00683694208166874,-0.0009999999999999998,0.0010248000706052363
2021-06-28,0.0003686235543606033,-0.0017697047734846825,0.0,0.003050069595846084,-0.009706663420156254,0.0,-0.003037851531925484,0.0,-0.00011376274370256123
2021-06-29,0.0009544847591186836,0.0011296349188218788,0.0,-0.0035282793051997353,0.00031632525827752573,0.0,-0.00806597518470753,0.0,0.0012510774557572546
2021-06-30,0.0029708338729469885,0.002746891662030217,0.0,0.003471200630245406,0.0014740264773897137,0.0,0.0037947069731412153,0.01140374808798239,0.00011374715632106458
2021-07-01,0.00447114157814017,0.003942027599795105,0.0,0.00036717497845270596,0.0033667692878330017,0.0,0.009000900213629981,-0.001,0.001960409811320396
2021-07-02,0.0031791040194665996,0.0064606164107093595,0.0,-0.004507170658592909,-0.002918802712871937,0.0,0.0007136648719325844,0.0,0.004217627903182765
2021-07-06,-0.014066721977358997,-0.012251652141855375,0.0,-0.0017170473667837789,-0.009175787032279612,0.0,-0.011588545625078162,0.0,-0.002568014821597851
2021-07-07,-0.007012088604531114,-0.004109791646379139,0.0,0.002137918121656354,-0.003947326245247016,0.0,-0.0007214484455417836,-0.0021148964295477626,0.00034086664863974825
2021-07-08,-0.0023368119058284446,0.0018890749504557247,0.0,0.0005406696650430941,-0.0027431511034324324,0.0,-0.03808665256743582,-0.015528545292469997,0.000318736052081949
2021-07-09,0.013456258121524286,0.014326776946966486,0.0,0.00575676135033984,0.0013983746211329437,0.0,0.03996992337820249,0.01918644967842805,-0.007978347882382658
2021-07-12,0.0013328704780566356,0.005555884966755086,0.0,-0.0022039966373819937,0.0013958278564079564,0.0,0.005954562287221465,-6.379506812874484e-05,-0.0012775581730909368
2021-07-13,-0.008936987857144028,-0.004545253944087417,0.0,-0.0009946526207542871,-0.0008805406183117468,0.0,-0.00878926777518918,-0.003595921134154902,-0.004519005219438016
2021-07-14,-0.00896707620253747,-0.000611441222725647,0.0,0.0012152332440236132,-0.005869308233537622,0.0,0.010133937573298724,-0.0009999999999999998,0.01114954261536758
2021-07-15,-0.0038192823213949578,-0.0012886782934254386,0.0,0.0018632716420433257,-0.003897954956132557,0.0,-0.0062701267652200965,-0.010198469421712267,0.007231321203598673
2021-07-16,-0.003943366481892652,-0.00039072946825623563,0.0,-0.007707001115108073,-0.0008788692217861772,0.0,-0.021813644718621572,-0.02949294805968917,-0.00462200626622169
2021-07-19,-0.025292568197539445,-0.027174307128119597,0.0,-0.00681136268053783,0.0003019829710929587,0.0,-0.07113890370546594,-0.026361920930914374,0.01466692035828412
2021-07-20,0.018101355523209593,0.020115187873723014,0.0,0.002939805229446175,0.0014356381127028895,0.0,0.0406745868054772,0.02209151129862653,-0.006720065946583908
2021-07-21,0.011265447023310816,0.007591850396498125,0.0,0.009654942390238353,-0.00022785224676336136,0.0,0.03241183485626675,0.026101406776805832,-0.009534952300453637
2021-07-22,-0.005422006547544118,-0.001252332390620208,0.0,-0.003724877880446291,-0.004014063054403423,0.0,-0.008864327671425754,-0.011933910582416184,0.006828991779242055
2021-07-23,0.0065538573503189064,0.0069110659434619606,0.0,-0.005374661836349184,-0.00035634389139171826,0.0,0.00037265620357795903,-0.003696099980157519,-0.005444922395025198
2021-07-26,0.003509740473393607,0.003599366926248911,0.0,0.0070890780513032615,-0.0018749834895165289,0.0,0.008940204032665822,-0.02104411603330425,-0.002756494010655247
2021-07-27,-0.009546033597999486,0.0003318453575624926,0.0,0.0004674520777518954,-0.0009308396745966259,0.0,-0.016429747456751076,0.008670676950857327,0.007518715771028939
2021-07-28,0.007529075570382223,0.00027846121028355845,0.0,-0.0006660217851155811,0.003393013257041707,0.0,0.012950496569349879,-0.001,0.0018097382237248327
2021-07-29,0.008757561578979686,0.008063404034793494,0.0,0.005443746771887769,-0.00041642259481667417,0.0,0.009079078241368777,0.0,0.0002819679569024064
2021-07-30,-0.005805437900937423,-0.002054954799754026,0.0,-0.002166418451628779,0.0013380403218220124,0.0,-0.012486234238106353,0.0,0.00029695509224056437
2021-08-02,-0.005246441496487592,-0.006136420021652996,0.0,-0.0025025705098674607,-0.0018141702333048318,0.0,-0.01878018490997091,0.0,0.005364988322495345
2021-08-03,0.0017829208527468461,-0.0014419713229516572,0.0,0.0013951319644779326,0.0025207192027558666,0.0,0.024256182834816675,0.0,9.735844428102606e-05
2021-08-04,-0.011226926203140423,-0.008893490255296175,0.0,-0.007738635108808886,-0.002284637965329091,0.0,0.0007400724531354541,0.0,0.0014192759943946975
2021-08-05,0.01204848668590324,0.012874045178040274,0.0,0.0036882074633588385,0.0011790307857163199,0.0,0.012201882890557458,0.010338050692174305,-0.004696784816910393
2021-08-06,-0.0021692432550547347,-0.004464040504163091,0.0,0.0027833332043293415,0.00524343886663731,0.0,0.012785402062821083,0.009172351946280743,-0.01960205761029963
2021-08-09,-0.008195623204194084,-0.008841135714570134,0.0,-0.002916216159127813,-0.002937406451473744,0.0,0.005410265697616712,-0.001,-0.008539094873536296
2021-08-10,0.003325996697512817,0.0003580638778219972,0.0,0.008141240327404669,-0.002899637365302204,0.0,0.004663647023017026,-0.005617700355973642,-0.0028932869035128983
2021-08-11,0.0035690953982741302,0.0070087291299575204,0.0,0.007904142739037227,0.002017310423994853,0.0,0.01553299004916342,-0.0006136521941310091,0.004425867892601682
2021-08-12,-0.0003555751612608863,-0.00011049096180430247,0.0,-0.0009995118324587766,0.0005255874406745809,0.0,0.010548496182385403,-0.0016392074909576948,-0.0009801333438390735
2021-08-13,-0.003175854526052035,0.0010224887141829758,0.0,-0.005898753151188929,-0.002645184523218436,0.0,-0.0006959101573748017,0.015795914175072756,0.015281378412127122
2021-08-16,-0.004987277326124474,-0.0017957815324741472,0.0,-0.01407814164968593,-0.0027508056518397595,0.0,-0.001218657668833445,-0.001,0.003321427910367025
2021-08-17,-0.007632024050583417,-0.004355309616234259,0.0,-0.011504784334775617,0.0014239294443644974,0.0,-0.016559190877228125,0.0,-0.0007852872693044687
2021-08-18,-0.009799825170644627,-0.01093789345547795,0.0,0.0013085977404617703,-0.0007099478777431118,0.0,-0.03403045429381313,-0.014967654562224944,0.0024559136506737134
2021-08-19,-0.006111562578857343,0.0032808781801463966,0.0,-0.009786528527830832,0.003208285232141842,0.0,-0.017614662100415734,-0.016477798044800207,0.0037607888384586564
2021-08-20,0.00039931794403416643,0.006383900290240874,0.0,-0.0022128236731993973,-0.0013113124031930651,0.0,0.03903623677342449,0.0035110625690572624,0.0006214493102794872
2021-08-23,0.014625100113862302,0.0034962281867934454,0.0,0.011835303827353608,-0.009290355529250468,0.0,0.016717603582949048,0.011272531716936117,0.0038300398082748983
2021-08-24,0.00714655871865573,-0.001665579243653731,0.0,0.0066150395359074144,-0.005851232394014092,0.0,0.0014143920511855423,-0.001,-0.005220493941802623
2021-08-25,0.0034327786728445774,0.00025049097355175074,0.0,0.002516735344241712,-0.0019608191081766494,0.0,0.012005655234877288,0.0,-0.007827548932042044
2021-08-26,-0.005664980494033113,-0.0033614485270852803,0.0,-0.002591517192590909,0.001988474572287006,0.0,-0.02233075342134827,0.0,0.0021975793395114683
2021-08-27,0.016912289623626283,0.010016732504127194,0.0,0.0060165468989928,-0.0009053937000073246,0.0,0.026052802652045015,0.0,0.009682554941691835
2021-08-30,0.003406858708260943,0.010483822342343194,0.0,-0.0032630338263331107,-0.0011551235728378367,0.0,0.004173942234205086,0.0,-3.136177169321664e-05
2021-08-31,0.001125223488907206,0.0020693271370360645,0.0,-0.0015425875221361139,-0.0002700033877824087,0.0,0.0031173620582980455,0.0,-0.003721888951106778
2021-09-01,0.007368616642497541,0.008803670749543796,0.0,-0.00412948134934306,0.004914724289883736,0.0,0.012085648913483071,0.0,0.0011093261608155936
2021-09-02,0.00743721326710083,0.0023520649658093197,0.0,0.008477608294836889,-0.003031426747775196,0.0,-0.00034118829969465025,0.024372162488764837,0.0019098957965995424
2021-09-03,-0.0011490697092142123,0.0016290277587859762,0.0,-0.00215040217298038,0.0026603215131123883,0.0,-0.002900992719656603,-0.001,-0.0021684645565476506
2021-09-07,-0.009885288062828776,-0.004418781928004833,0.0,-0.004379758100841823,0.0016678220823985747,0.0,-0.013862765173034974,-0.007041518684976266,-0.012337750194041635
2021-09-08,0.00034946715221766383,0.0005093451639746275,0.0,0.0002834100635117102,0.0032088184635997385,0.0,0.0026032892860035073,-0.001,0.0035472940340222255
2021-09-09,-0.004484918743513082,-0.011392028958984658,0.0,0.004533875410298559,-0.006317180751510645,0.0,-0.011770820491388778,0.0,0.009413738218266542
2021-09-10,-0.0026720433728061456,-0.010806133157848901,0.0,0.0027087833403453606,-0.004572095344879223,0.0,-0.01909266333288806,0.0,-0.007501231822821031
2021-09-13,0.003522940603019875,0.002207588203937749,0.0,-0.00012447132744813926,-0.005849096286096363,0.0,0.017857142857142794,0.011824400786596908,0.005114462302068967
2021-09-14,-0.005158998810444898,-0.0024137663984313456,0.0,-0.0021084352283977986,0.00537900580815195,0.0,-0.006491209331311643,-0.013363586000735849,0.01013344203972456
2021-09-15,0.010449715528819223,0.005609575146757115,0.0,0.001487110705122743,-0.005423368285799561,0.0,0.019600928649399885,0.009043682998064462,-0.004332107545694297
2021-09-16,-0.0016225576929473923,0.0007514310000073783,0.0,-0.004180273117601419,0.004558826256777863,0.0,0.005542079763110941,-0.001,-0.010902937466342216
2021-09-17,-0.0072896964292741215,-0.0115495810898972,0.0,0.00013394271226373032,0.0029704794612383425,0.0,-0.03324147880684736,0.0,-0.003677603386876549
2021-09-20,-0.019264404177690066,-0.015329741029586718,0.0,0.0025527237912522653,0.0029367257547707696,0.0,-0.057544975606122595,0.0,0.010562135542716344
2021-09-21,0.0012378004266159366,0.000694483865611868,0.0,-0.0032376646263267447,0.0019422556457882273,0.0,0.020604917223956187,0.003930795358005462,0.0017742758267160707
2021-09-22,0.011178972317910754,0.00938532859328306,0.0,0.0018237934474795768,-0.0018098163400988984,0.0,0.028894193556136427,0.011144691201935755,0.0025702078736316025
2021-09-23,0.009368865861258275,0.0028772303139941264,0.0,0.0031051073090447414,-0.0066272986767345055,0.0,0.0313231629588564,0.008022343138903473,-0.018729375193684606
2021-09-24,-0.004435949310881469,0.001286358342237546,0.0,-0.0006072473625036828,-0.004473560666642816,0.0,0.015011356198433523,-0.001,-0.006801872393892427
2021-09-27,0.004005977458290247,-0.0003934872002343734,0.0,-0.001805760576915549,-0.012802586046555575,0.0,-0.007394674013626923,0.0,-0.0016609159026986678
2021-09-28,-0.012695219824810975,-0.020636784730399284,0.0,0.00043457781318562367,-0.004118055019379299,0.0,-0.051282100425670496,-0.01657706916709234,-0.013525844899561951
2021-09-29,0.0021494990515508877,-0.0005880128678836284,0.0,0.0024177359160083563,-0.0030877873097364403,0.0,-0.0065740833946069666,-0.001,-0.00044859418386557475
2021-09-30,-0.006506296022379263,-0.006491570577481136,0.0,0.00321711109882768,0.0003597024478153208,0.0,-0.00018386279319704268,-0.005873050447841377,-0.0031413390844788874
2021-10-01,0.014481456550012213,0.00893517792295262,0.0,-0.004458195282865717,0.0012485902966652106,0.0,0.017650286730015452,0.008013649409752034,0.002396708607746323
2021-10-04,0.0031576583508777256,0.008378194289192871,0.0,-0.0035555751497742087,0.0007501992338667311,0.0,-0.013550135874902725,-0.018775488428737178,-0.003546365274945562
2021-10-05,0.004097981688468328,0.004700715533758456,0.0,-0.0003294977990344453,-0.0021378609342984503,0.0,-0.001,0.012274870298227736,-0.0004595824760090794
2021-10-06,-0.007347516920767887,-0.007048375583777327,0.0,0.0032843139867854004,-0.005559431064374163,0.0,0.0,-0.001,-0.0005741184412468847
2021-10-07,0.011916208788302643,0.008215528098227919,0.0,0.0012925167822854622,-0.002191535907028342,0.0,0.0,0.0,0.00011450380813116112
2021-10-08,-0.004522038603239893,-0.0020949242370347084,0.0,-0.010773809503613811,0.00726018312397743,0.0,0.0,0.0,-0.002987537761222292
2021-10-11,-0.0021213908482711845,0.00499087873324596,0.0,-0.00011629284040418232,0.0008672976351705883,0.0,0.0,0.0,-0.00311223413251116
2021-10-12,0.004883928342430814,0.005076104615998333,0.0,-0.0026965294181147226,-0.0021928725391054957,0.0,0.0,0.0,0.0018503829315417164
2021-10-13,0.005904532110069236,0.006267908564778124,0.0,0.0024776129476643542,-0.005138539152173531,0.0,0.0,0.0,0.0026538731346310573
2021-10-14,0.012119926596022148,0.011079847104760227,0.0,0.0005149988548227189,-0.002729681281226616,0.0,0.0,0.0,0.005640564329198572
2021-10-15,0.002057802880406363,0.004384682061781207,0.0,-0.004852831328169695,0.0005048214814187221,0.0,0.0,0.0,-0.0017173736027833453
2021-10-18,-0.0018576664008123553,-0.0025836482423988246,0.0,-0.0025522215286206762,0.001316799973556544,0.0,0.0,0.0,-0.00045815791085423996
2021-10-19,0.0020201491521899214,0.0015389577165530852,0.0,0.0012411446677296975,0.0014469263485541212,0.0,0.0,0.0,0.0006879482876724907
2021-10-20,0.011488691450955721,0.005686278970296713,0.0,0.0009282207750158891,-0.0019243066515813338,0.0,0.0,0.0,0.0003435113035026305
2021-10-21,-0.004559817095987541,-0.00892292624168436,0.0,0.0026423850909862274,-0.005702712786579052,0.0,0.0,0.0,-0.002520631603886825
2021-10-22,0.002638712258470934,0.004618407261258539,0.0,-0.003925297388442795,0.0029280902340281653,0.0,0.0,0.0,-0.0024124365938545944
2021-10-25,0.005570794291901055,0.0042144173715647736,0.0,-0.005326566850901293,0.001878328088570912,0.0,0.0,0.0,0.0017274010584766852
2021-10-26,-0.0005652807584862275,0.0019991395865510252,0.0,-0.0019541005296369734,0.001574522897312362,0.0,0.0,0.0,0.00023008188395179374
2021-10-27,-0.01487856917572568,-0.013631988515529107,0.0,0.003513306912037965,-0.00410787346639038,0.0,0.0,0.0,-0.0008045906834980299
2021-10-28,0.012358068431697391,0.00699620411660818,0.0,-0.0037108786981906285,0.0001506998352959276,0.0,0.0,0.0,0.0025299710023254374
2021-10-29,-0.006072119431112981,-0.0002673133516953713,0.0,0.000994971080827578,-0.00257704678782666,0.0,-0.003914040858699063,0.0,-0.00299154031314943
2021-11-01,0.011644833421797025,0.005245360801336001,0.0,-0.005776206999063446,0.0011901832684841993,0.0,0.007306393275281486,0.0,-0.0030732825122875545
2021-11-02,0.003252122886433899,0.003496328795427717,0.0,0.004891056145647837,-0.003411446168304303,0.0,0.01273373474966566,0.0,0.00013274462166251375
2021-11-03,-0.00327116187681967,-0.004203512636902524,0.0,-0.005493465004409023,0.0007967614794251229,0.0,0.017189208736002604,-0.00928888756259938,-4.031777343071856e-05
2021-11-04,0.0013367998250186283,0.0016400961461367962,0.0,-0.007174703514985558,0.0036553260531598,0.0,-0.0071976073473779545,-0.001,0.008801161057328678
2021-11-05,0.010105718444736655,0.0025429351152720064,0.0,0.0008498649144548266,-0.002637304752680627,0.0,-0.018754963390029133,0.0,0.0017863210978241745
2021-11-08,0.002820319727016235,0.00020444455442751748,0.0,-0.00033700310003958203,-0.0006660044898609109,0.0,0.00016065108416496443,0.0,-0.001257046349408042
2021-11-09,0.0018105661502649845,-0.004190404716546329,0.0,0.0038841389756419462,-0.0056006529140728446,0.0,-0.009153680594732538,0.0,0.00818703364055198
2021-11-10,-0.010855512973442514,-0.010390609473255303,0.0,0.004561577666498896,-0.005710574585004642,0.0,-0.007617523742162291,0.0,-0.008083306767401306
2021-11-11,0.00519332702223231,0.0034634741580916602,0.0,-0.0038554520927542436,0.000772173035423321,0.0,0.00816593179386027,0.0,0.0009957910134512915
2021-11-12,0.0030016002985631695,0.0058690499745701835,0.0,-0.0005104638558366308,0.000569586931094731,0.0,0.01943950707659403,0.0,-0.0016547932160348982
2021-11-15,-0.0010328001302974087,-7.798987339935626e-05,0.0,0.0045230153137170905,-0.0019579231666218373,0.0,0.006991873900766388,0.0,-0.0011508588376155648
2021-11-16,0.00214263069513095,0.00048537859128443186,0.0,-0.004890534057849268,0.005091413823740208,0.0,-0.0023670145764539408,-0.0035432783732554088,0.0004601931767511669
2021-11-17,-0.006919439459554204,-0.003795294893129566,0.0,-0.0005719074613391186,0.002219493840155231,0.0,-0.009332491951845712,0.007925067652528206,-0.0010366594819130048
2021-11-18,0.0038431531985099773,0.00750688813871888,0.0,-0.006282861180210735,0.006105010559958794,0.0,-0.004311040286747336,-0.001,-0.0008067111648212277
2021-11-19,-0.006953522826504857,-0.0026219199427654077,0.0,-0.003710254566371966,0.0015958725152428756,0.0,-0.005452215350547185,0.0,-0.0008083850262324832
2021-11-22,-0.002933803046417562,-0.005107602385265795,0.0,0.0038401718030834707,-0.0032389820960797757,0.0,-0.011125421180525175,0.008744071245524027,-0.0038127741522316905
2021-11-23,0.005332908751568196,0.004339041205024202,0.0,0.0003673866531206082,-0.0017084820011868452,0.0,0.012881087188066243,0.00363456834199768,-0.0013914170229770706
2021-11-24,0.0023452947507357465,0.00011740023447445547,0.0,-0.0007547993247181478,0.005287120508126884,0.0,0.007083104458657896,-0.0003207081849736042,-0.00023249266773672783
2021-11-26,-0.037745407417125204,-0.03487119572945531,0.0,0.006756360633523209,-0.0022580171761399214,0.0,-0.12787723504455473,-0.02887336259944473,-0.007201517293119464
2021-11-29,0.00973889897110061,0.016952796372830158,0.0,-0.008552296272185986,0.00594204838479857,0.0,0.07129764097756652,0.017703538157127906,0.006200855862288135
2021-11-30,-0.02024760245457202,-0.016662492613308825,0.0,-0.008728194577658947,0.006743309576978624,0.0,-0.08023956167986868,-0.001,0.005528685509670558
2021-12-01,-0.014250692550458173,-0.009848163433037946,0.0,-0.0005522368772986925,0.0010966991893187144,0.0,-0.03645831744171746,-0.012084380066931157,0.005405549233537588
2021-12-02,0.015419593158689557,0.004838831967798824,0.0,0.0072173682826908656,-0.0058713314825882676,0.0,-0.001,0.024253974298775217,-0.0011269689004027917
2021-12-03,-0.006358115953242349,-0.006555133221214097,0.0,0.005390069354583249,-0.007165064426931983,0.0,0.0,-0.01135581282605349,0.010699960100905148
2021-12-06,0.01462999203154603,-0.001946913014100195,0.0,0.0013706107042286454,-0.0027651778580972306,0.0,0.0,0.006013053334803066,-0.00978905545964512
2021-12-07,0.019313719799566063,0.025154495988283367,0.0,-0.0041714117178898984,0.008106555918481946,0.0,0.0,0.03111060558230466,-0.004009507815664931
2021-12-08,0.008560716922083739,0.003647623306969254,0.0,0.0008190071576935026,-0.00111070927044882,0.0,0.0,-0.001,-0.011046216517009726
2021-12-09,-0.014809960831364455,-0.011171049357151267,0.0,0.002920844047430996,-0.004135410992198747,0.0,0.0,0.004593345021632334,-0.0064924593282599235
2021-12-10,0.008201809618007346,0.010176197005843617,0.0,-0.0068715128645043646,0.004435358107342463,0.0,0.0,-0.0024126265716549744,0.002314594373351797
2021-12-13,-0.002498321207498651,-0.011826524083893815,0.0,-0.0017405852614919165,-0.003625507657408523,0.0,0.0,0.014778373575251802,0.0
2021-12-14,-0.010847901946609674,-0.008707190347344056,0.0,0.0010939422186847054,-0.004161200268791991,0.0,0.0,-0.001,-0.0017317105624492513
2021-12-15,0.01108757140981917,0.019297455188890603,0.0,-0.002936568634497455,0.006125302559357497,0.0,0.0,0.008973378534129297,0.0038154191986803365
2021-12-16,-0.0061058450558431916,-0.01719949196993616,0.0,-0.0010394159386827248,-0.010664490787978525,0.0,0.0,0.005273221121600434,-0.000739638534297482
2021-12-17,-0.008295059774125403,-0.008275795171649834,0.0,-8.822569822823732e-05,0.005544501259627057,0.0,0.0,-0.020360342319866054,-0.0009247518652234499
2021-12-20,-0.008466247797231886,-0.010264619747831497,0.0,-0.005910107898628615,-0.0010822761042368796,0.0,0.0,-0.01269452623103878,-0.0017372267648608775
2021-12-21,0.016224958393738883,0.015714635199322754,0.0,0.009356457346746389,-0.004547802999538367,0.0,0.0,0.02513216630850257,0.005335163957922884
2021-12-22,0.010644998761488408,0.009985251311457184,0.0,-0.0026532364004022324,0.0040523450080909695,0.0,0.0,-0.001,0.0026534255187686817
2021-12-23,0.0032544976175889724,0.00209246447925266,0.0,0.0030352311581849077,-0.0008391762988050298,0.0,0.0,0.0,0.002876002188218596
2021-12-27,0.014696805530911957,0.014287214372515369,0.0,-6.19108274743435e-05,0.0020583564076233824,0.0,0.0,0.0,0.0010335402545085248
2021-12-28,0.0005126129324613111,-0.0013701637028649242,0.0,0.0010414285331012698,-0.0010625605286875021,0.0,0.0,0.0,-0.0004587524510591967
2021-12-29,0.004385562527199961,0.0035011209514616212,0.0,-0.0039300485617819805,0.003199475696489335,0.0,0.0,0.0,-0.001605585761339956
2021-12-30,-0.0007112044769798763,0.0010546209871722227,0.0,-0.0027398705905340285,0.0004670607373555751,0.0,0.0,0.0,-0.0004594765179091187
2021-12-31,-0.0011632865001226698,-0.0011263804219280246,0.0,0.0002983107579813766,0.00013780103116579749,0.0,0.0,0.0,-0.00022950685234668367
2022-01-03,-0.00012988901136895794,-0.0011761178209203854,0.0,0.01149771522134086,-0.00735538787301346,0.0,0.0,0.0,-0.000460242715108361
2022-01-04,0.0028363348911010864,-0.0064613573763789515,0.0,0.006529823622859724,-0.002358401254515736,0.0,0.0,-0.00515752312133244,-0.002528678364792536
2022-01-05,-0.018821737437825465,-0.01902986770394928,0.0,-0.006214084657436438,-0.0035890899548048703,0.0,0.0,-0.001,-0.007723376665236925
2022-01-06,0.0026537978358489164,0.004502861069208352,0.0,0.0056763848928715836,0.006946265531870311,0.0,0.0,-0.003784249796891256,0.00011562227271144643
2022-01-07,-0.003146785588515404,-0.00220462981833701,0.0,-0.0028575711531993566,0.005333518187354054,0.0,0.0,-0.010050225134281172,-0.0025552066594364264
2022-01-10,-0.003971719698354127,-0.002812805928117687,0.0,-0.0009438356058209297,-0.0013187685139475702,0.0,0.0,0.0004259257047175377,0.000815206562640558
2022-01-11,0.00953607081216643,0.013776431728818851,0.0,-0.0023878874298062466,0.00398825711563009,0.0,0.0,0.011925033769780866,0.004654496308961864
2022-01-12,0.0037390184766749935,0.005240864176665724,0.0,0.0012205008417330617,0.000909475845581453,0.0,0.0,0.0038495276840716016,0.001621424407583838
2022-01-13,-0.008396647478901799,-0.012150272348768924,0.0,-0.003900607160663794,0.0006878256333334084,0.0,0.0,-0.001,-0.003584557607798744
2022-01-14,0.000843371446610762,0.006839113318604272,0.0,-0.0037409281519319186,0.004465475231251392,0.0,0.0,0.0,-0.0009287775354287486
2022-01-18,-0.006476340977698734,-0.003514068350887052,0.0,-0.0071519991414898355,0.0033795550283502486,0.0,0.0,0.0,-0.00487874124841714
2022-01-19,-0.005630453769692796,-0.00014946829224877424,0.0,-0.007583707191671794,-0.0022103383553773235,0.0,0.0,-0.015027729102481069,-0.0009330574636038369
2022-01-20,-0.008653979790151992,-0.005866835588604429,0.0,-0.0033708492587040794,-0.0005861434514440795,0.0,0.0,-0.010624688708053661,-0.0018697996233670855
2022-01-21,-0.005326167817434626,-0.003968957585949099,0.0,-0.009004568031937957,0.006333349872889333,0.0,0.0,-0.020740263420857077,0.00011684535842970689
2022-01-24,0.00041954728369243645,-0.0010270988357414124,0.0,0.0052041810432969906,-0.002704196888428736,0.0,0.0,0.003113833235596605,-0.0010533162239534377
2022-01-25,0.00010795717870246404,0.005130821513480408,-0.013904593679149677,-0.012948983078029452,0.022341238133279866,0.012927442948564037,0.0,-0.010853546542620324,-0.0029287980644823186
2022-01-26,-0.004411311335610395,0.003595931727629034,-0.001,0.0007516693387292659,0.00532842361823095,-0.001,0.0,0.0012563122183589187,-0.003407628856243683
2022-01-27,-0.003892414851473804,0.006564103461696203,0.006782979531068865,-0.00838437398551057,0.0034431080059880953,0.007364075345693944,0.0,-0.001,-0.004362836371617829
2022-01-28,0.014744627844019864,2.2615621260370106e-05,0.003937895529585974,0.01208771003485014,-0.012291169386321767,-0.023112271293916194,0.0,0.0,0.002841913647044114
2022-01-31,0.009702614495636275,-0.0021140882261213097,-0.0026204279383522586,0.010041314348666222,-0.008452268285178376,-0.020336388412145384,0.0,0.0,0.0002364532656702334
2022-02-01,0.0025419838409425186,0.0006700122385976134,-0.001,-0.00020011124391389797,0.00875076015076571,-0.001,0.0,0.0,0.003969005627019184
2022-02-02,0.007925476346055475,0.00041207190171128785,0.0,-0.0069433242933059375,-0.0066219701386222235,0.0,0.0,0.0,0.001534647295557745
2022-02-03,-0.008353199152216127,-0.004656228214658775,0.0,-0.009731942680235242,0.024363976306207603,0.0,0.0,0.0,-0.008955802657571121
2022-02-04,0.0019842318180269803,0.004191376850626646,0.0,0.005769951391698761,0.003589918340769768,0.0,0.0,0.0,-0.0039242000871760885
2022-02-07,-3.837671422701554e-05,0.0023998985344878764,0.0,-0.008240434460723152,0.012048709482855408,0.0,0.0,0.0,-0.0007156463860265028
2022-02-08,-0.00393879516103845,-0.005628934290031558,0.0,0.00567111373784866,-0.00784161495856204,0.0,0.0,0.011363057270367904,-0.0010756348287834783
2022-02-09,0.014511717343795269,0.00783900425928269,0.0,0.009420496127983527,-0.009654848159248702,0.0,0.0,-0.001,0.005261991686220879
2022-02-10,-0.01330981825863912,-0.004927921619660552,0.0,-0.004670257807979848,0.0023612356910555185,0.0,0.0,0.0,-0.01320478990009255
2022-02-11,0.001060999911128032,0.01597962394658086,0.0,-0.012357029222674109,0.020164064591712928,0.0,0.0,0.0,-0.00349581200148541
2022-02-14,-3.359979715658547e-05,0.0052099325531921896,0.0,0.004908787884224103,-0.00975305494632967,0.0,0.0,0.0,-0.0016942283217794563
2022-02-15,-0.0037054744441139932,-0.01466570431869039,-0.0052686530725918005,0.0059455113636358884,-0.010930151046069833,-0.019549876432938346,-0.04032068991936505,0.0,0.0016971036027682018
2022-02-16,0.0020721178251388436,0.0031949012184513833,0.0057131548636351216,-0.002885397573368577,0.005056370188719628,0.000377111099438676,-0.0194842494319708,0.0,0.005564696222716936
2022-02-17,-0.003431704939547208,0.009556190064864172,-0.001,-0.0017084008480644747,0.009080334393324289,-0.001,-0.0005,-0.02644600744374597,-0.00421049078599145
2022-02-18,-0.0007495722380181077,0.0025215632575015575,0.0,-0.003531068944957688,0.0010253902726217467,0.0,0.0,-0.0022545655296282146,0.0014495259322848675
2022-02-22,0.004608763919895837,0.01110997396505357,-0.0035757400571346555,0.001959119836547464,-0.0037211201440504626,0.008847491019395748,-0.0031055237931362774,-0.012023290123486657,-0.002292074157289936
2022-02-23,-0.0018763186232595493,0.008178318104251769,-0.0017613775812667083,-0.009627163485757562,0.010512504556327617,0.014890206063267297,0.027763243694139406,0.00936611938060178,-0.0018136769405177056
2022-02-24,0.008466621365316226,0.001133732116232384,-0.011376283155910384,0.02037464069915295,-0.016691369182391932,-0.017866871164984192,-0.015632761915031768,-0.01399780776827919,0.007146576930080251
2022-02-25,0.0011899132020071076,-0.01175390432826396,-0.005473944799062297,-0.006098967079120245,0.003148526750945321,-0.016809610898663226,-0.0204918035990575,0.02437463060521816,0.005653727139823594
2022-02-28,0.00432762950175237,0.015170259473959556,-0.0030725958463634026,-0.00265727914861782,0.00886862108439671,0.0030579543084766625,0.024839752145746852,-0.001,0.0007171320218497534
2022-03-01,0.02188892261141904,0.03547085133627464,0.006618949196597727,-0.0056496800684794745,0.010062580663608236,0.015259644273908713,0.05368958296059956,0.0,-0.0027954509943818318
2022-03-02,0.027528245098445557,0.021166393222895832,-0.006023314291981545,-0.0006414010544948195,0.004184558367090136,-0.020767381879993857,-0.03125001314808301,0.0,0.0024065539716313644
2022-03-03,0.007697841765205117,0.009809234603434157,0.00576013306740304,-0.0116078497465677,0.00492279063228358,0.008833476499342352,0.002450980392156854,0.0,-0.003000038669598082
2022-03-04,0.02471554503926836,0.03678741484245077,0.009084371688396242,-0.01775737371296329,0.020274194133427365,0.011438278874528996,0.02073170731707319,0.0,-0.006499918981742403
2022-03-07,0.010233336040960554,0.020089228688688208,0.009003935141610844,-0.02231393961122753,0.02426879928017306,0.026161032955873416,0.04426228078801964,0.0,-0.008723023940868435
2022-03-08,0.015475159047931295,0.019463203919214956,0.008995765386891171,0.003994136664400468,0.006438575237692472,0.0038355724133251334,-0.00494833875510603,0.0,-0.003544136942689846
2022-03-09,-0.0510149585486091,-0.06499408568195487,-0.019853317460655197,0.021100797504847023,-0.030273169351546073,-0.026654976691165306,-0.020425921134145097,0.0,0.008340374914495019
2022-03-10,-0.004656769809118082,-0.006797174913209588,0.004047281478667688,-0.008515090073613289,0.01711435553258464,0.003253735748930936,-0.021748960075830714,0.0,-0.008393345959616827
2022-03-11,0.004137368575047306,0.008634830039577013,-9.754151868992239e-05,-0.006267027713386216,0.005109935145365333,0.013807930627403665,0.009474182577802859,0.0,-0.007237409289053365
2022-03-14,-0.020829287958710793,-0.024399635661966897,-0.006494746141853049,-0.004159814769769582,-0.006867173205798253,0.006596174460419629,0.01603903696117004,0.0,-0.011862096524325794
2022-03-15,-0.01625087367382192,-0.02264777966534065,-0.007553449610643053,0.0060168929076520805,-0.028848164195786903,-0.02194650289992707,-0.016441448314769846,-0.02632864950162811,0.00750275627802699
2022-03-16,-0.00014504277824359875,-0.0088600104818501,-0.006419893328822668,0.011776548406824171,-0.01700764274739319,-0.022435902338515473,-0.05146714289440402,0.002041692511925505,0.014025097606487735
2022-03-17,0.031729388184100975,0.03206600515078871,0.0031390452766076964,-0.00010270482834903848,0.008979623137222163,-0.011024411778348814,-0.00778816174696173,0.01847780398024276,0.006854316810640526
2022-03-18,0.004502825249538101,-0.00048317775480603435,-0.00875104203483904,0.007251710480155792,-0.008369260992602885,-0.010490185945617469,-0.023470487523123584,-0.0052298525002355024,0.00328247502864798
2022-03-21,0.016999076139248576,0.02697450342813683,0.007117265814841759,-0.005331473899119212,0.020859111184488025,-0.0026017697010060625,-0.005257315795717976,0.020675247590299387,-0.011510935029586777
2022-03-22,0.0015356521173107928,-0.0038845989336866566,-0.0009999999999999998,0.007495820001440784,-0.011781933025954603,-0.001,-0.0005,-0.001,0.005148090128875404
2022-03-23,0.008071323643201504,0.021670220876692802,0.0,-0.005971519379742916,0.012644143486327324,0.0,0.0,0.0,-0.0031704946331453376
2022-03-24,-0.0009862425385158537,-0.004665273354183955,0.0,0.0017673963600024906,-0.0057392861330019035,0.0,0.0,0.0,0.0020793807643979534
2022-03-25,0.008131278590465758,0.0029757655362118588,0.0,-0.003946830476758072,0.007460677816501161,0.0,0.0,0.0,-0.007203009746126754
2022-03-28,-0.020555654882301273,-0.03424271729186459,0.0,0.004391405051813742,-0.010822675139158787,0.0,0.0,0.0,0.006271318053361119
2022-03-29,0.012833601846373537,0.0025497060548130253,0.0,0.0016593502405914196,-0.007275097585801511,0.0,0.0,0.0,0.01234265519440969
2022-03-30,0.004876886262469956,0.014094063062642784,0.0,-0.00245230914436532,0.008520708828164003,0.0,0.0,0.0,-0.0030169651860963986
2022-03-31,-0.016411278233720194,-0.010879262270863362,0.0,-0.004444830491046022,0.004402387631422331,0.0,0.0,0.0,-0.0036327239894812235
2022-04-01,0.00942369714722305,0.0014740599665563328,0.0,-0.0057712156150573945,0.002399494162678001,0.0,0.0,0.0,-7.336285539560894e-05
2022-04-04,0.010192288927406248,0.013730580851190418,0.0,0.0029597101394197513,-0.013606786929953948,0.0,0.0,-0.0034201153904960604,0.00756565720070923
2022-04-05,-0.008146493269634009,-0.007498040348164607,0.0,-0.005520599352840846,0.0011861935310214897,0.0,0.0,-0.001,-0.012958908667287217
2022-04-06,-0.0027623761165568236,-0.003911559902483667,0.0,-0.008719546264326925,0.013296009937424195,0.0,0.0,-0.017833295183798992,-0.007852947654487852
2022-04-07,-0.0006650758213356993,0.003540694842360227,0.0,-0.00023526708589920002,0.006429472595208755,0.0,0.0,0.004038519258321148,-0.001607467956737496
2022-04-08,0.006969276310397901,0.009787645692967669,0.0,-0.003700407736652109,0.009843254571854594,0.0,0.0,-0.001,-0.006069336044200013
2022-04-11,-0.006656112272752708,-0.002597889988846571,0.0,0.00276759114430248,-0.004410600080631513,0.0,0.0,0.0,-0.006854691620796105
2022-04-12,0.01693366756046186,0.019490492153582728,0.0,0.00036801905801066054,0.008402355029347367,0.0,0.0,0.0,0.007654854740135386
2022-04-13,0.014178312385279512,0.014368272893228461,0.0001959743144018325,0.0013621634263417187,-0.0030587109631353407,-0.012373687654417903,0.0,0.0,0.0059776043128456635
2022-04-14,0.002277134043808199,0.0031785318009383517,0.00012289416241295626,-0.005038497463087928,0.008968948564011564,0.010607803587433651,0.0,0.0,-0.006684778179834816
2022-04-18,0.0060479149322144425,0.008215027656118184,-0.006655527547568406,0.0024731651834361177,0.003012692736202658,-0.0012315417637377923,0.0,0.0,-0.001620429824100711
2022-04-19,-0.012884452216573696,-0.02128673924058552,0.0101990765338653,0.006197800676532066,-0.009823256472538946,-0.016789354800998864,0.0,0.0,-0.0008737325538559215
2022-04-20,0.0004630360950944785,0.0026386320977115924,0.011156111583811712,-0.010988077467128786,0.017237175347094416,0.00813449034891257,0.0,0.0,0.0031232971409358434
2022-04-21,-0.0011759436112867626,-0.0023577402907402284,-0.009128867755436807,-0.007185970688245583,0.0007966563299264255,0.01285506954561812,0.0,0.0,-0.006849522459733692
2022-04-22,-0.010165777146650718,-0.015383168472174467,-0.0163047348571676,-0.0021121417120219276,0.0022022457299606885,0.022540345371132493,0.0,0.0,-0.006019824319103528
2022-04-25,-0.0017101354418020162,-0.011461922133345069,-0.0008399158350300522,0.006093236746659532,-0.015664900701849484,-0.006404122577311678,0.0,-0.02721402614208459,0.008453012850474728
2022-04-26,0.005111216238530759,0.007867388838340657,-0.01308396055863647,-0.008852639704849835,0.013312434231932199,0.029117933605983706,0.0,0.0014257248642527115,-0.005880227307111685
2022-04-27,0.004477426988339256,0.006493981451643575,-0.0003395000038743543,-0.0012908155797348607,0.009224073254110891,-0.002777902624833117,0.0,0.006553600853504119,-0.004908280410289789
2022-04-28,0.008601264447747463,0.006758797510371426,0.01310362769280121,0.008013241805767587,-0.0025851240112733493,-0.024522503887005005,0.0,0.01792152168364766,0.005564776392115611
2022-04-29,-0.011695055959988399,-0.0053686443270910544,-0.028420352947009415,-0.0036259138802044997,0.005982329059681024,0.0323366502878688,0.0,-0.0011390528805818789,-0.01232535344186958
2022-05-02,0.006585595434932804,0.008777836846991065,-0.0014839028140069181,0.013458303132385503,-0.0054612953979050255,-0.011254665896502975,-0.007286240936349719,-0.001,6.363874267578673e-05
2022-05-03,-0.006132095482789671,-0.006580875364623,-0.0021307975950591957,-0.0036041670954581463,0.007932160102871913,-0.0017389442867145224,-0.03022113771930668,0.0,0.005241246260230925
2022-05-04,0.009316299624350806,0.005919560703718414,-0.0009678042191604729,-0.0008761475239858238,0.0020590908038454624,-0.025961160403853198,-0.04576359905679611,0.0,0.010172911829029685
2022-05-05,-0.0018701124996732914,0.002462573816542977,-0.01630663885743317,-0.00981413999893546,0.013400379515120816,0.030327856546917317,0.08865861713554135,0.0,-0.017749888502223143
2022-05-06,0.0002860091841953506,0.0014790964934654582,0.0017882375922795687,-0.010167808937319504,0.01879666250464233,0.00408289499523265,-0.0066014595311544855,0.0,-0.00563845638888294
2022-05-09,-0.02024687732460421,-0.019297812490421645,-0.0019179774668003806,0.006084233422001316,-0.013589519271683814,0.031020359163228838,0.03989095788218899,0.0,-0.010568088426051947
2022-05-10,-0.0011314475143173336,-0.0008713355935441057,-0.0013334585979790938,0.0031077759459170605,-0.0005704797972407647,-0.003571640536685261,-0.0165213335243658,0.0,0.005730994511452536
2022-05-11,0.009601184131700954,0.008887352980215132,0.0025117092879590377,-0.013725426809532959,0.01897177677275289,0.021132890592017915,-0.004508765837692663,0.012420463673622817,-0.005957735340990533
2022-05-12,0.007024991442842432,0.007268151163817061,0.004238067344061245,0.0024845359811507275,-0.0013986115125428676,0.0006998117023208183,-0.008860145819358567,0.004242543467448012,-0.00039048804984243013
2022-05-13,0.004102121540195389,0.0032673793737057534,0.00010607480182695452,0.0066057928238205,-0.001361926322324822,-0.025897305260498944,-0.032423214665935174,0.03418256181471446,0.0011729258271100385
2022-05-16,0.004018103235924448,0.004031968362896232,-0.0022248372380416935,-0.014602909499910654,0.016429251073324193,0.004896936420015841,-0.020594392673553785,0.026367986409899125,-0.001431987040285354
2022-05-17,-0.008921118997045391,-0.009414394303447015,-0.003134792882553773,0.009972029545829982,-0.00783991849825855,-0.020468610128199567,-0.012234910683392997,-0.001,-0.0009127995245056253
2022-05-18,-0.007163174477079112,-0.007298531279974157,0.00040386302858277907,-0.009812234619485997,0.010332713973346137,0.03966683284586368,0.07329989951653282,0.0,-0.008221130717882108
2022-05-19,-0.0007513313111704095,-0.0004948386411462622,-0.008026337765125607,-0.002897451931117762,-0.0002857203046402442,0.00548855457811508,-0.032328641830520644,0.0,0.006710392001324728
2022-05-20,0.0017525443337850942,0.0016772824876749865,0.0023235360547550423,-0.00749741498235836,0.004576553182231014,0.002421505991001194,0.0023389012053650626,0.0,-0.0006535469394389759
2022-05-23,-0.0014767715516245386,-0.00118799596218226,-0.0021565154585249107,-0.0019129532564816933,0.00492669486157517,-0.017200030580114323,-0.007759958491042329,0.0,0.003923720120390106
2022-05-24,-0.0019085522900117865,-0.0018498602527232694,0.006205021348005975,-0.011782307790060688,0.016104645786847064,0.012997703650064385,0.0023646712613020204,0.0,0.0059926600341915215
2022-05-25,0.005334122732664851,0.005663365727487743,0.0014309014519638425,0.006373960211368287,-0.0012790120310288203,-0.008433122953402244,-0.011244778034493974,0.0,0.015150927576510043
2022-05-26,0.0035642384345526347,0.004660035212770095,-0.0005692650958903588,0.014607531866968657,-0.012308778249070593,-0.020325615093289902,-0.005350454963384599,0.0,0.013905593369456515
2022-05-27,0.004966044639458383,0.006317908160558046,0.006748617681315542,0.005270572035169658,-0.006148564965550587,-0.022765227725959444,-0.01892915151722213,0.0,0.008933019857057856
2022-05-31,-0.0030217335993406864,-0.0038890409218501143,-0.01326015611105423,0.008340133312706124,-0.007257079774964175,0.0004140599425923653,-0.008431703493327891,0.0,-0.008604889820919226
2022-06-01,0.006220388868248845,0.0058703020631029395,0.002214371389995408,-0.007418916634408703,0.010285651512422311,0.0067917572563792605,-0.0034305231278407566,0.0,-0.0036998599933494303
2022-06-02,0.006126804162045418,0.010948304290178148,-0.0011756425928746424,0.011435434216120153,-0.013608000225213463,-0.01862852886398932,-0.01036266812888681,0.0,0.004182913222542606
2022-06-03,0.006701830824545088,0.0077844237472249524,-0.007330230828626157,-0.0076827405431905095,0.016760201130486194,0.017127792209508625,0.004703088734026473,0.0,-0.007446623312067691
2022-06-06,0.003269797126577644,0.0036464901440352907,0.002367738024151516,0.0020276760504375144,-0.0029652007390806793,-0.00555268612430333,-0.005824111926463482,0.0,-0.007502247600638334
2022-06-07,0.0028384294594362906,0.004121377820354651,0.00232289067465318,-0.0028536065729901656,0.010142931318890547,-0.00649518216016301,-0.01384795825799473,0.0,0.002305820380733792
2022-06-08,0.00600172409364301,0.006999016628538827,-0.007917269500328056,-0.0023538574382240916,0.002349870147736265,0.007136782174859963,0.0,0.0,-0.008564679462241043
2022-06-09,0.004145229080854735,0.003373559612680042,-0.004828008758452462,0.0005448085211489518,0.001155766244326225,-0.001,0.024242424242424288,0.0,-0.007993983782256686
2022-06-10,-0.0015109550350959995,-0.0035776884347707397,0.003702113544945057,-0.0012153445808369208,0.009646435349324646,0.024459469387603745,0.03005778582798957,0.0,-0.01702623560696792
2022-06-13,-0.0012816635562553022,-0.0036362538532414158,-0.002904907616715958,0.0033172659605420225,-0.0028050600773899897,0.030306214016989377,0.0673391849210545,0.0,-0.033452116931456666
2022-06-14,-0.004632787229045847,-0.0058140278759593,0.0006163035730295406,-8.948727196717813e-05,-7.583003340077046e-05,-0.0010591568446197735,-0.015136960276262545,0.0009026067476919373,0.006566192454048547
2022-06-15,-0.0035034883640659466,-0.002729023039989027,-0.0067875557958080365,0.014786385807473401,-0.02117616235228873,-0.012742444499433252,-0.029732407875440514,-0.02207961851307849,0.019434700027107787
2022-06-16,-0.002064093001793207,-0.0007767703496130514,-0.006152260873129856,0.010568321190875016,-0.003731097688341918,0.03129684776590219,0.03187563395725268,-0.05632455039589712,-0.015864631089720582
2022-06-17,-0.018085860509871612,-0.021343754757231003,0.005686738277575207,0.003654833532886893,-0.027311902279233604,-0.004098829786209862,-0.014611178986734752,-0.05466907611511329,0.0031156841479256236
2022-06-21,-0.003075076862933181,-0.003054573110568631,-0.003848634487274212,-0.01436351196676351,0.01116178080707449,-0.02310896324920158,-0.009948964021643802,0.05180581945335283,-0.0006749175734003243
2022-06-22,-0.010302460180075485,-0.012279278840065728,-0.0008264097325390361,-0.0069331295403707305,-0.01578533817462942,0.0053267196437685625,-0.01952108214915549,-0.04003109506766134,-0.00027051228766750146
2022-06-23,-0.011722695258191187,-0.014107536369367015,-0.00019674597935806227,-0.018562815835803603,-0.02081584908609133,-0.008966960732784357,0.0,-0.037067607770280286,0.007163967867098497
2022-06-24,0.003768501984314616,0.004741210164256428,-0.0020749181651668154,0.009085856267329677,-0.01189497639143928,-0.030134570715573503,-0.010292532302590862,0.013161582107482195,0.007113203584452554
2022-06-27,-0.0019717237210446987,-0.0020313591985757283,-0.001889449640352031,-0.004859451136989613,0.0181836650993693,0.0034185670396659155,-0.01548674228150454,0.029333632447410052,-0.006129994876918232
2022-06-28,0.008699576621660028,0.009407743196036916,0.005083032405548676,0.0033638102183135513,0.02847224689952781,0.02172086356059144,0.014554812192782984,-0.001,-0.010994721404531949
2022-06-29,-0.007022960943204082,-0.007760040340375563,0.005565020254997097,-0.006190276018112812,-0.015757432752698915,0.0020462280084139637,0.0013865779022101954,0.0,-0.001491423340495679
2022-06-30,-0.017480276263229125,-0.018663043163387856,-0.003372954812280673,-0.006926276537433517,-0.0023816284137919805,0.01016057955478037,0.004701318914678176,0.0,-0.0005430747839373362
2022-07-01,0.003796568308850791,0.003973071662341127,0.0032739563142293667,-0.0025730543270610306,0.0020598788479550796,-0.0057934102146228305,-0.01287670396778684,0.0,0.0043822448355389535
2022-07-05,-0.027161547163357894,-0.027963630156448843,0.01000182641681825,0.004927304249668864,-0.028200352092589774,-0.005406065788990594,-0.0002812320073091179,0.0,-0.0023162573104076765
2022-07-06,-0.0029793389816162624,-0.0028070184018623083,0.004399713265273865,-0.0016693132284423533,-0.007401258916483969,-0.006463335196782504,-0.008159802887697964,-0.01807309205214891,-0.016458746465677014
2022-07-07,0.016222210421894815,0.01440654795998231,0.00030363535230144444,0.004606986695698679,0.004465396189639712,-0.015890859729883317,-0.0054348087016647395,0.036053315951544374,-0.005525723830586943
2022-07-08,0.007043917119188582,0.006052577457140059,-0.0007683534152012021,-0.005240756893890275,0.000561048803513843,-0.0014120532871872483,-0.010410615881461194,-0.00042286804333913075,-0.0070483163552756915
2022-07-11,0.005771743729774512,0.006134054537202836,0.01146987260308151,-0.0014036781264168902,0.00802590415000551,0.015015282420658936,0.01417602765869519,-0.001,-0.007608558639828565
2022-07-12,-0.01836927333995088,-0.016942487411768885,-0.0007279810620884367,0.0017186437231167457,-0.005711412649413659,0.009123835435260587,0.004882242644010604,-0.02049608756984589,0.004028159030667
2022-07-13,0.0004889997254393971,-5.63031608778889e-05,-0.0022034638620337596,-0.0006800060579906741,-0.0013796169777851375,0.004502066059126364,-0.007679172074437524,-0.001,0.007129133318119365
2022-07-14,0.001139496835020953,0.001945313159734507,0.00669620568458544,-0.0072084883038341105,-0.0019338516432590562,-0.00027606763813650117,-0.0005,0.0,-0.010219968925877537
2022-07-15,0.000608319171877671,-0.001242864094320832,-0.0054774603676501265,0.006486714831065584,-0.007143154735719857,-0.015176104186495454,0.0,0.015298662977239919,0.002955305922920437
2022-07-18,0.003632053012344848,0.0007543632518127799,-0.005979522743379858,0.0055512766647723855,0.006401148459868572,0.005688480767042053,0.0,0.02288982841852194,-0.006441626605101008
2022-07-19,-0.0021476589734030493,-0.0032134781114392555,-0.006374284406552606,0.004179427428999168,-0.0028103846107077777,-0.02459007147448125,0.0,-0.001,-0.002670651631979509
2022-07-20,0.001002387312047202,0.0016484055713100578,0.002070861136636752,-0.00793622068452981,-0.003839566407674422,-0.00865569270774827,0.0,0.0,-0.0015850183391951708
2022-07-21,-0.009211231864351126,-0.007219410005510574,-0.002601119520341551,0.002744868818259257,-0.010921164518776335,-0.006716586739314689,0.0,0.0,0.009827692844420978
2022-07-22,-0.0058784016918871605,-0.004399649484943036,-0.0009485119633462995,0.004551016383921858,0.005251221821060104,0.013080120046508225,0.0,0.0,-0.0012983160897368506
2022-07-25,0.006424971400893914,0.0038989639757484335,-0.0004616666594614014,0.007375037729754917,0.017758045670286438,-0.00024322526218237273,0.0,0.0,-0.00026042302161866093
2022-07-26,0.005295611996745583,0.005978048140732118,0.007443627168327107,-0.00018926983532368863,0.007888705699732133,0.01245298108293267,0.0,0.0,-0.001916727162979646
2022-07-27,0.003885766972344142,0.000856047793507439,-0.0070141251591492515,0.01257307717049008,-0.00878396210506936,-0.02809031370919663,0.0,0.0,0.009005006546146223
2022-07-28,-0.00014447630795964784,-0.00028938465501751517,0.007051458701256729,-0.006627285035118032,0.00539314982445358,-0.007949236867203181,0.0,0.0,0.0074396146131683345
2022-07-29,-0.0002717557685305602,-0.0009430401811518928,-0.00012380969309964629,-0.0062012532602634274,0.004857121035892268,-0.014094247785059605,0.0,0.0,0.0009500855519297708
2022-08-01,-0.010709327350787383,-0.0102045215023592,-0.0022177229427280272,-0.0031490748365390346,-0.00512219015103708,0.005307127870995754,0.0,0.0,0.00030793467608236647
2022-08-02,0.0016711471789669782,0.002283253011711108,0.0034918601521903587,0.000811807346223642,0.0013397053806086336,0.0016409060238971214,0.0,0.0,-0.004620406200919525
2022-08-03,-0.00182304146890951,-0.0007583740233707564,0.003536563356484448,-0.002974054412201334,-0.019790854353453773,-0.001,0.0,0.0,0.008768504155657997
2022-08-04,-0.008076411704631631,-0.007573911085588518,-0.0039123606541681885,-0.0019354304194831146,-0.009971792189637967,-0.0021292291117638077,0.0,0.0,0.0026843886410650164
2022-08-05,0.0033532206065033316,0.00543994389727116,0.005155930891588175,0.005825780432780844,0.004287871446249027,-0.00029135275818023554,0.0,0.018815640680194368,-0.005099513203481676
2022-08-08,0.0037267275694302195,0.0013939205674041444,-0.0007365888456447143,0.0033792764578141382,-0.000308627519391004,0.00435515714267678,0.0,0.0051995601916416945,0.0008968122881565233
2022-08-09,0.002787459065033588,0.001007047352498664,0.002202921487630863,0.0061854330566634055,0.00986466038670468,-0.001,0.0,0.017560777420611684,-0.007425377103323583
2022-08-10,6.844269154390219e-05,-0.004937176497441374,-0.006388001415590228,0.0016741928897076692,-0.010314239339896322,0.0,0.0,0.007223901938335775,0.0149619129391112
2022-08-11,0.008781885745866436,0.006488713378473889,0.0003334519646414422,-0.0014661951702424575,0.006806629154577066,0.0,0.0,-0.001,-0.005718515678383662
2022-08-12,-0.0003567018633459504,0.0008358601281399078,0.00795808830601221,-0.002937759935552846,-0.0037268526913094564,0.0,0.0,0.0,0.008946414152232629
2022-08-15,-0.0020258421850108356,0.002057150021473928,0.008506038626782907,0.0005714507101113069,-0.0043324991791142435,0.0,0.0,0.0,-0.001773115873854314
2022-08-16,-0.005388402138404721,-0.0033563796770993155,0.0009326449485274563,-0.0005521296286045937,-0.002759263958920191,0.0,0.0,0.0,-0.004695687430883888
2022-08-17,0.0025152317654025948,0.0019538751241299887,2.786205803358133e-05,-0.0017257870055687194,0.007291176878754771,0.0,0.0,0.0,-0.010327186025542057
2022-08-18,0.011174924262385652,0.009659796914551417,-0.001,-0.003010365131191081,0.006737503947868496,0.0,0.006854313158042858,0.0,0.0015457460062611172
2022-08-19,0.00306626189234982,0.004423128818904196,0.0025427964649576114,0.00495851340590358,0.008823677748356054,0.0,-0.001,0.0,-0.010162087096961647
2022-08-22,0.008558261099852481,0.008378507014724515,-0.00011479495337456248,-0.002242623646999998,0.008881889922252372,0.0,0.0,0.0,-0.011306215022102273
2022-08-23,0.005993907953884208,0.0009581038076725561,-0.004837434864303664,-0.003637176210999899,0.008734492397095448,0.0,0.0,0.0,0.002497201993560738
2022-08-24,0.005241256512120244,0.003165466385358565,0.0015470245125778512,0.0001268923614773941,0.0012491867074164384,0.0,0.0,0.0,0.0011803291527645587
2022-08-25,-0.007393915458808268,-0.004879686134247507,0.001243296892062624,0.002368557167248086,-0.005129453534493041,0.0,0.0,0.0,0.009429009663127985
2022-08-26,0.003908248711216048,0.0038456538329604043,-0.003973567307482859,-0.00037346085411451386,0.008991742744462294,0.0,0.0,0.0,-0.016476513497900025
2022-08-29,0.0066900198844303095,0.003985960196772506,0.0009768862387458694,-0.00406725562738773,0.008351022095735955,0.0,0.0,0.0,-0.0038252653708843454
2022-08-30,-0.012347794941102498,-0.007325440781154415,-0.004724673368045244,0.0052796836316131536,-0.009011664006220589,0.0,0.0,0.0,-0.007680223303766276
2022-08-31,-0.008965776500094086,-0.003696081420257626,-0.002522594820558245,0.0028519416760390136,-0.002532570338787273,0.003374321274386839,0.0,0.0,-0.005470763290312042
2022-09-01,-0.002839234096522715,0.008422551351988744,0.010338031812388397,0.0011221068206867888,-0.006842133483874697,-0.004495560967853774,0.0,-0.025596211856185325,-0.01697688566524362
2022-09-02,0.0025399861777336474,0.0003238903885878708,-0.002503349037159389,-0.004889332778408912,0.00765703878017075,0.011075351914489207,0.0,0.018339269858780538,-0.002672390096995379
2022-09-06,0.0017339934320660432,0.005786162233786696,0.0050421568871244745,-0.0028054696362180584,0.0018155140136603958,0.00023167361342824088,0.0,-0.009254533490237304,-0.002690924236596004
2022-09-07,-0.01263009842629749,-0.007106545700830691,-0.000684814603323918,-0.004760044234414854,-0.004468838666726665,-0.013025183753192955,0.0,-0.011613187152292537,0.014437616552511301
2022-09-08,0.0027093855461949585,0.002044963559924229,0.0010198071917997388,-0.00328866748420117,-0.002032687192534482,-0.006275755570223707,0.0,0.0043420309214068364,0.004389496406147497
2022-09-09,0.004607371995857126,-0.007142878643757622,-0.004087497480417029,0.007523770218828363,-0.005257664067497892,-0.015048111739129967,0.0,0.024923843718866134,0.003972835131071051
2022-09-12,0.0017641977263720464,-0.005138642619786804,-0.0007680433857534534,-0.0013274971537266,0.001079882101576676,-0.010443670769318725,0.0,-0.001,0.0030338353893193393
2022-09-13,0.006639986856291479,0.013774130498298565,-0.0005443060144165306,-0.0035802058226254087,0.010064574277766488,-0.001,0.0,0.0,-0.022751132154430587
2022-09-14,0.00012432093087637983,-0.001850296054101248,0.0007073325404310092,-0.004114554475760549,0.009618029188262364,0.0,0.0,0.0,0.001480380893183364
2022-09-15,-0.010028473267030937,-0.0029631298267661357,-0.006534562775846513,0.000679848798569014,-0.009334948791658066,0.0,0.0,0.0,-0.006315688396108521
2022-09-16,-0.001200220023095057,-0.0003286335871863616,-0.0009118367772513687,0.0032276530819162963,-0.003097711626861986,0.0,0.0,0.0,0.003380654345340073
2022-09-19,0.0005011915037152756,-0.0007977955644680062,0.001726300715206163,-0.0031734629896330428,-0.0011477089058858662,0.0,0.0,-0.00040701475645665754,0.0037738869600629776
2022-09-20,0.002797123931244266,0.004765185522493054,0.00025806416982290234,-0.001780118399296756,0.002260623293116275,0.0,0.0,-0.006955317754813728,-0.010203987618475407
2022-09-21,0.004627949310336927,0.009823784056024465,0.005631609362057543,-0.0004895301536201219,0.0034874859685160766,0.0,0.0,-0.014656197800139048,-0.002984777602131339
2022-09-22,0.0017718675917987156,0.001341863866723303,0.0006335572402683564,-0.0003830063596127656,0.0028261890239835727,0.0,0.0,-0.0035540496791509613,-0.005986460522520276
2022-09-23,0.000508219849894225,0.015745327039768275,0.012642325411828536,0.006831701040401053,-0.0009848606301707877,0.0,0.0,-0.06895649470050602,-0.012728799665498669
2022-09-26,0.002820701567602761,0.011213698464205724,0.009458386638305076,-0.00294449879318064,-0.0008083574660009312,0.0030331710030848677,0.0,-0.001,-0.011784154459836604
2022-09-27,0.0023495582680634407,0.0003261657213393665,0.00023434891293658812,0.003383669042891621,-0.0048018236949978095,-0.002739549975688676,0.0,0.0,-0.0021048624227448798
2022-09-28,-0.004868894179809599,-0.013042014192816254,-0.013042014192816254,0.0005379082223847946,-0.0025311143120412263,-0.011758876468384662,0.0,0.0,0.017854917559037675
2022-09-29,-0.004654340941225248,-0.00396434334857676,-0.00396434334857676,-0.007644995414100744,0.0024958865353142986,0.018988702332104666,0.0,-0.001,-0.0093917357640807
2022-09-30,-0.0033567096289105077,0.0,0.0,0.004133583147711088,-0.004814515773527906,0.012531290135718291,0.0,-0.00798896487964007,-0.004601851126618817
2022-10-03,0.0019770131327576657,-0.004643414420517633,-0.004643414420517633,-0.004410155528357486,0.0009673610851438328,-0.018859780368206742,0.0,-0.001,0.013105375786102158
2022-10-04,-0.002628419643248648,-0.013662072364933775,-0.013662072364933775,-0.00538297011115884,-0.0028297330404414554,-0.02700093118138645,0.0,0.0,0.0215371262954005
2022-10-05,0.01197947490906868,0.009459387441952405,0.009459387441952405,-0.0063237785467917945,0.0044891059216176105,0.00012740841065003207,0.0,0.0,-0.003944370028142741
2022-10-06,0.00883553606625679,0.010040106075813071,0.010040106075813071,-0.013855450085533662,0.005845018729269567,0.007770834165077612,0.0,0.0,-0.003004252074221392
2022-10-07,0.006127472412925471,0.003976239039409801,0.003976239039409801,-0.0034543149129439626,0.006527468292842869,0.02522561219661696,0.0,0.0,-0.012190413360117724
2022-10-10,-0.0007292398771143155,0.004290459093507559,0.004290459093507559,0.001737899269169094,0.00047348679691725063,0.005447751598186707,0.0,0.0,-0.012201835623188106
2022-10-11,-0.004098219229658538,0.000657189202001085,0.000657189202001085,0.001271108888590018,0.0028959301776709232,0.0078102090102255654,0.0,0.0,0.003088040725251595
2022-10-12,-4.991311599029253e-05,0.0,0.0,-0.0032114445036502863,0.0026966898451069453,0.0030468657963594772,0.0,0.0,0.0016792064018220643
2022-10-13,-0.0006494300921828638,-0.006568084487551418,-0.006568084487551418,-0.0024743724941632783,-0.0005469361719015325,-0.02267639670511297,0.0,0.0,0.002235407825743163
2022-10-14,-0.001174946136186481,0.006942022744347298,0.006942022744347298,-0.002420526116386342,0.00287803922848455,0.0204964839887804,0.0,0.0,-0.0032060756120777523
2022-10-17,-0.00828638701786732,-0.010177236564603787,-0.010177236564603787,0.008940096792891485,-0.011129364643287893,-0.025201913545087974,0.0,0.0,0.012305789221081165
2022-10-18,-0.0032228996847388663,-0.0006633658832687628,-0.0006633658832687628,0.0018991610286341945,-0.00076157264481183,-0.008849169402485459,0.0,0.0,0.007045772835545749
2022-10-19,0.005384983729924806,0.007301721666635341,0.007301721666635341,-0.008435998410398415,0.005202381147253189,0.002892270982870194,0.0,0.0,-0.00960238353217091
2022-10-20,0.0006703997699404561,0.0006589944357251465,0.0006589944357251465,-0.0028757895317982085,-0.0026069446029882088,0.003680184096255662,0.0,0.0,-0.005540201617942331
2022-10-21,-0.006447228977027903,-0.008561140125490696,-0.008561140125490696,-0.004665783042207376,0.0020690807153122665,-0.02320485480596368,0.0,0.0,0.009610056830911873
2022-10-24,0.0013881253477673367,0.0009963707416171808,0.0009963707416171808,-0.00047399290661073886,0.00277560279594613,-0.010721205933312368,0.0,0.0,0.0006898521699876259
2022-10-25,-0.006785700588064978,-0.010948875104309308,-0.010948875104309308,0.01056801826284839,-0.01360310510663644,-0.010538387186069753,-0.02030200777707214,0.0,0.009649389772842687
2022-10-26,-0.002459457616041227,-0.010399222312702405,-0.010399222312702405,-0.006446153664893889,0.01140429239972644,0.01295060197358504,-0.0005,0.0,0.00273083096001403
2022-10-27,0.005724072824500748,0.007796647871903817,0.0073305076693224265,-0.008816326367961983,0.009335297795687206,0.0101092677107129,0.0,0.0,0.007353054335782039
2022-10-28,-0.0028526849225102156,0.001681843318136922,0.0016198881016923421,-0.00031197869448642884,-0.010935482262993939,-0.022470993153625572,-0.012276580942943816,0.0,0.007704803765862245
2022-10-31,0.0036252391517995848,0.008394874473606873,0.00664663384214635,-0.004632940519332778,0.007658573160601292,0.006504267368238726,-0.0005,0.0,-0.01502376190803767
2022-11-01,0.004312769035457132,-0.0003330083309548426,-0.0002082107503654948,-0.004454545468510914,0.00667711869577433,0.006416141585989665,0.0,0.0,0.006015165762250918
2022-11-02,0.005755422919700245,0.00433040301387444,0.0008470578704949364,-0.007185813374859694,0.0034614169495682788,0.023298741728819173,0.0,0.0,-0.00910442559474689
2022-11-03,0.0054651017852630785,0.008291853397313975,0.007968011020838326,-0.011494169446016257,0.012799193916943867,0.011804286784944839,0.0,0.0,-0.007130656541254887
2022-11-04,-0.0015054625249561644,-0.018749942232685113,-0.017952688986160856,-0.0028404991094773927,-0.00041730854590258835,-0.01527207914539352,0.0,0.0,0.00690563979158032
2022-11-07,-0.0071067985360682255,-0.005699023558545124,-0.004115469280512091,-0.0005068402075855442,0.002249722781550403,-0.010220277291869397,0.0,0.0,-0.00013707033838417093
2022-11-08,-0.007518229635683217,-0.0039345587361025135,-0.0019516629802122046,-0.0045710369458173555,-9.218292057749412e-05,-0.003104133498076711,0.0,0.0,-0.0009605893210657968
2022-11-09,-0.004071096966420993,0.0012209452015264216,0.0014467765205488604,-0.0038062080654103357,-0.010315136768973915,0.019582379458227515,0.0,0.0,-0.01194685465119727
2022-11-10,-0.012715236613476441,-0.010177373878898062,-0.009013522107847637,0.010774367962863086,-0.020862246450986034,-0.04675840954815774,0.0,0.0,0.03113262021541674
2022-11-11,-0.0003080948406773581,-0.004426014585038395,-0.013763972215584008,0.005019257324470663,-0.0017780178993426696,-0.011097691919583564,0.0,0.0,0.0035040110157495974
2022-11-14,-0.004978558368844096,-0.003154101739671185,0.0026527273706932024,-0.0022557116475573477,0.003792214910008095,0.0069025505178481215,-0.0008636585582386109,0.0,-0.007387272806783085
2022-11-15,0.0032875024950158238,0.003298856401695483,-0.002829545011780067,0.00559075001047969,-0.0031650145199066176,-0.006440539129880546,0.005822438772162708,0.0,0.008795739275741177
2022-11-16,-0.006561436707236655,-0.006487466037396606,-0.0019689483943982383,0.0008311768900372733,-0.0025458751073469702,0.011887651489331274,-0.012949662242861981,0.0,-0.00214647329906148
2022-11-17,-0.00614469798594388,-0.001810257310607574,-0.001856250732925033,-0.002526700097579359,0.004005833749135367,0.0010570780699630635,-0.0005,0.0,-0.004301424354923533
2022-11-18,-0.0017995958296873741,0.0034936254545686217,0.011058025576006852,-0.0011562794012705282,-0.0029501483390935164,-0.003501138329868198,0.0,0.0,0.0021602566112257637
2022-11-21,0.0033769742341326456,0.004327876508809105,0.008073416540267985,-0.00779862025301061,-0.0011274614443068968,0.0057955169040808,0.0,0.0,-0.0004042855915888932
2022-11-22,0.0011162911228114563,-0.0035740796901230203,-0.0014882710088318766,-0.0004886452142529012,0.0025328319513409584,-0.009579622895796336,0.0,0.03030907860673604,0.007277491664441138
2022-11-23,-0.01207922508230096,-0.006936985616516807,-0.005728475905948769,0.004798199931523803,-0.005622532724893358,-0.002860873375549356,0.0,-0.001,0.005619934268078719
2022-11-25,-0.004033324224937461,0.0005851183777146756,0.0017421372819471502,-0.001980420301257002,0.00016143570424091987,0.002049156217279996,0.0,0.0,-0.0019958534982612575
2022-11-28,0.0012663037719507018,0.00258101696302915,0.00043364412624419214,0.004426436093357205,-0.0005943187233685783,0.013195596564796352,0.0,0.0,-0.010531770115402628
2022-11-29,0.007317208357338859,0.0014068692463516798,-0.0003168985464325495,-0.0018870141617818152,-8.27159968625107e-05,0.002239418979041119,0.0,0.014108994610747438,0.004311210937216092
2022-11-30,0.008004820442115588,-0.007975072738650169,0.00017852338404579862,0.010651764217145705,-0.010867074711532573,-0.02971083610663251,0.0,-0.001,0.015025188412751023
2022-12-01,-0.008138708616073822,-0.010683677184176172,-0.002115676563646085,-0.0002216549964661139,-0.0016814684632203496,0.00456808363486455,0.0,-0.004291250412301383,0.0037033596919799905
2022-12-02,-0.007198540448527161,-0.0014468481393855388,-0.001,-0.0052855136462900834,0.0007074174064270188,-0.001,0.0,-0.001,-0.0007931421221849533
2022-12-05,-0.0132397183044408,0.002872248849727201,0.0,-0.005174268254892432,0.002348535724729645,0.0,0.0,0.0,-0.009529093503944042
2022-12-06,-0.00884748227426236,0.000422939144721505,0.0,-0.0035416606236742957,0.004914819369956789,0.0,0.0,0.0,0.0073300559357385026
2022-12-07,-0.004200085813995657,-0.00316018821608699,0.0009663498261986757,-0.004819624051466323,0.0036765404205910592,0.0,0.0,-0.003986330957795578,0.01847934312079601
2022-12-08,-0.002455495057525721,-0.003170206665834896,0.006344336962045188,-0.0017579249376475955,0.001711289168805645,-0.008904311206648311,0.0,-0.0020636668133270394,-0.0014868362130094127
2022-12-09,0.0016594390721093358,0.0016078984826900032,-0.010674146033225612,0.004574318297075946,-0.005017899827716769,0.002071325657912493,0.0,-0.014613638033933616,-0.01566900558044284
2022-12-12,0.005499505393683612,0.0011289171327220232,0.010569526562757467,-0.004250146025461887,0.00035127763765762906,-0.010895454492774348,0.0,0.021146410493336522,-0.0008126790119488024
2022-12-13,0.003806352010203245,0.009852835999803184,0.0011740200031698708,0.0007942060939825724,-0.0056726542257960885,-0.006086710584672361,0.0,0.01820603615889072,0.012254714721060666
2022-12-14,0.002055097654462921,-0.0034722127340091765,0.0006305485151922406,-0.0018874476898837747,0.003374118871565376,-0.001,0.0,-0.001,-0.007650238362525872
2022-12-15,-0.004630381889288491,-0.02509754234098944,-0.001,0.003380787680380312,0.007075272030523871,0.0,-0.03357547020157636,0.0,-0.0037718311587512376
2022-12-16,-0.006484603825189984,-0.00911611760081327,-0.01635677424383201,-0.0007440038199366689,-0.0025526950477609556,0.0,-0.001,0.0,-0.006212850347602115
2022-12-19,-0.0009371678809941318,-0.00755783035297807,-0.003247343802426645,-0.008488249037440205,0.008781641569851827,0.0,0.0,0.0,-0.011909559252911877
2022-12-20,-0.0005991554467405082,0.004270320850641172,-0.0009342569559210181,-0.0011128143816671757,0.002143262118004296,-0.004273085247388785,0.0,0.002983885220016914,-0.005734103128959684
2022-12-21,0.008031320522510125,0.012848815566897076,0.010773653032558289,0.0005420588405549559,0.002138325118689193,-0.011585726876870612,0.0,0.010378535512296727,0.0010543717149855804
2022-12-22,-0.006680813516800656,-0.009897579022702427,-0.0018044134343113318,-0.006892618504804481,-0.0029247423992202317,-0.001,0.0,-0.008156994180457344,-0.008160557283454216
2022-12-23,0.008889540204880598,0.0005951632621992197,0.002436535433395786,0.0005033463614392444,0.004932211256907615,0.0,0.0,-0.001,0.0025602014341612467
2022-12-27,0.004461325142209732,0.0005836155608994083,0.0007964364808852242,-0.008224252098291876,0.007587233751129715,0.0,0.0,0.0,-0.010350711288905745
2022-12-28,-0.004128212015119377,-0.012481153453509388,-0.009526338814407759,-0.0018136154134559591,-0.0012993353539095356,0.0,0.0,0.0,-0.013447426280850383
2022-12-29,-0.0036945395009965395,0.008354580170408219,0.007729384929757835,0.009432722338434143,-0.006998104278786527,0.0,0.0,0.0,0.012941951789113393
2022-12-30,0.0028597140151858276,-0.008342802234930637,-0.004245204307032485,0.0018059213350714758,0.00220247064071805,0.0,0.0,0.0,-0.0075932955171824565
2023-01-03,-0.00788773839066073,0.0043844273519841655,-0.003322437517080709,-0.0028041916022629827,-0.01118778724167096,0.0,0.0,0.0,-9.825961596354564e-05
2023-01-04,-0.01031259877582962,0.01098322068985523,0.00458643214256881,0.00126967949785426,-0.006471503101404998,0.0,0.0,-0.0011186375096354775,0.011522141770679006
2023-01-05,0.0012037327179216042,-0.011321559113101766,-0.011738180998827953,0.005876196408888639,0.006942900827152024,0.0,0.0,0.01824867438580169,-0.002009842767932035
2023-01-06,-0.00539197027043523,0.022158150413042796,0.014583814790469605,0.0013302144295091595,-0.00029497029519047545,0.0,0.0,-0.001,0.014233642733489482
2023-01-09,0.0018090747682697177,0.0032643199248175297,-0.003951678756777028,0.007224027721412878,-0.0033403403001323506,0.0,0.0,0.0,0.0035746589046321553
2023-01-10,0.0007789017794000297,0.003221000763672096,0.001670618201318393,0.0009277726343653142,-0.0019195104878832637,0.0,0.0,0.0,-0.0011871452595819676
2023-01-11,0.006809694377810255,0.003517529342021062,0.000952860785967208,0.0018218670257159988,-0.007364477515270859,0.0,0.0,0.0,0.00660402460466103
2023-01-12,0.0007857139497953765,0.013248613921071656,0.0046203698205891765,-0.006723041633146107,0.001321545223669222,0.0,0.0,0.0,0.005642140175374788
2023-01-13,0.005702228969056156,0.008380177819453898,-0.001,0.0025107274021959687,-0.002156909418392878,0.0,0.011914501639492703,0.0,0.0
2023-01-17,0.0029642070483859215,-0.001969296795343055,0.0,0.0008472952854391425,0.00023354994364285038,0.0,-0.004564727001452162,0.0,-0.008492163002338859
2023-01-18,-0.005208097237143405,-0.0032368160100430788,0.0,0.0003274590145299585,-0.0025005973450705063,0.0,-0.016445301833087456,0.0,0.01474540179388642
2023-01-19,0.005208020468373822,0.007858738290330673,0.0,0.00012377779456686764,0.0016234580094978126,0.0,-0.003215446310068537,0.0,0.0014850520595270141
2023-01-20,0.0010094892031426784,0.0015954728545119065,-0.0021665507411847153,-0.006444783983359233,-0.007611127216436392,0.0,-0.001,0.014804568960782638,-0.011704688100863902
2023-01-23,0.0018039381545261884,0.0028055503661041457,0.0022166643692680243,-0.0029784657660046976,-0.007139617338697435,0.0,0.0,-0.001,-0.0023962482698267396
2023-01-24,-0.002286663736792109,0.0013341524269273317,-0.001,-0.0003730739266627663,-0.0008034526956075142,0.0,0.017284991685414863,0.0,0.010613613498159813
2023-01-25,-0.0016583805186223502,0.005378239141335015,0.0,-0.0005831134077044569,-0.0022371399966224998,0.0,-0.00030954556561513247,0.0,0.003187386849388274
2023-01-26,0.0010402617389893012,-0.00460999964203347,0.0,-0.006242765089757228,0.0018474335727161175,0.0,0.0065035329364662164,0.0,-0.006192954087581703
2023-01-27,-0.004351337521913552,-0.0016532863378813478,0.0,-0.0055362815907463786,-0.013398441114082449,0.0,0.009384624774639416,0.0,-0.0021280138177459215
2023-01-30,-0.004036664113633746,-0.004444818397468145,0.0,0.005558612489712002,-0.0022114974363304923,0.0,-0.013564995905639754,0.0,-0.003273968407643457
2023-01-31,0.005624024601387535,0.004486703656987142,0.0,-0.0021971477675824633,-0.0033676998215394533,0.0,0.010970319392477723,0.0,0.006469221996525909
2023-02-01,-0.006781475052583117,0.010905495824062006,0.0,-0.0037011728361615375,-0.009692059810938066,0.0,0.01665896886453777,0.0,0.012222602064573616
2023-02-02,-0.006576538024074391,-0.011706268765636848,0.0,-0.022690926324247258,-0.01466911621974813,0.0,-0.011425053295085474,-0.023799509976997202,-0.006422194274868586
2023-02-03,-0.007237253363933783,-0.016796913567408246,0.0,0.006248929522487994,0.007987610755601074,0.0,-0.005474461658407148,-0.007025861169533984,-0.01845640231724948
2023-02-06,0.004324968126266303,-0.012450507799571535,0.0,0.005562113897139902,-0.0033628505269351306,0.0,-0.010703433659091321,-0.005909596934011503,-0.004085889267514098
2023-02-07,0.0023355419019413966,0.004725627074375982,0.0,-0.002030227948662999,0.011464231131399306,0.0,0.014992291599010388,0.012138568850951435,-0.004894623267412529
2023-02-08,0.0014021192739258619,-0.0033915148635338143,0.0,0.004294533289342943,0.0006943872311154772,0.0,-0.01979588028948709,0.0004312407872398609,0.003958335107288868
2023-02-09,-0.0035582389930541654,-0.0014371798895976852,0.0,0.0003939059378479226,-0.0009626591416284466,0.0,-0.014447787481606578,-0.0027470048527406085,-0.008459941545854608
2023-02-10,0.00563972759687168,-0.00212235052213245,0.0,0.010674546191448144,0.010771413144142816,0.0,-0.009142465777312259,-0.0013433197666512246,-0.008605858295804802
2023-02-13,-0.002806963123641272,0.003794373782480569,0.0,-0.0036462785813362515,-0.004137745583831925,0.0,0.01893099633871609,0.012631049004541739,0.003692981761545905
2023-02-14,0.00032157879657527513,0.0012595241640892955,0.0,-0.0058516034731216915,-0.000553090463016187,0.0,0.020921097174777525,-0.001,-0.001232500684298199
2023-02-15,0.0027217700013715076,-0.006411840952170036,0.0,-0.003474867081307364,-0.009070502995101135,0.0,0.010093342533565641,0.0,-0.00954885845987109
2023-02-16,0.0005782701220251715,-0.0038133172363017187,0.0,0.004956173990776517,0.00147040254674441,0.0,-0.02679794384072831,-0.0018192368783922488,-0.01001373942736694
2023-02-17,-0.002172034107064241,0.0026295451229392496,0.0,0.00798067339186358,-0.013702720321793406,0.0,-0.0014000675108850613,-0.001,0.0039044597917354817
2023-02-21,0.0028036773445492664,-0.0086235783719321,0.0,0.007058283346362286,0.005506578274642881,0.0,-0.03723326239981595,-0.005971129261131413,-0.015423245137414776
2023-02-22,0.0007009091164822003,-0.0056075069981985585,0.0,-0.0017413124094738286,-0.001182196075021221,0.0,0.01472491680657484,-0.004561676287462181,0.006538265034525814
2023-02-23,0.0008949818436554256,0.0032824569435929304,0.0,0.0005057951366977423,0.0026392156841976164,0.0,0.0161059185293555,0.013170579587088076,0.00987957001307338
2023-02-24,0.0066745274171293245,-0.01415864662539845,0.0,0.0058630151966144965,0.0038190227430438045,0.0,-0.017419971580146743,-0.012146301018368702,-0.006030703181466035
2023-02-27,-0.005281534335178688,0.009784623860528625,0.0,-0.005496424663429426,-0.0007590732013291003,0.0,0.017888498977263856,0.005215147530912674,0.0067411320854480206
2023-02-28,0.002796216205594349,-0.004188220730028288,0.0,-0.0056583781594830825,0.0003494194647188961,0.0,0.01192528364964951,-0.003171712303131174,-0.0018746353989604891
2023-03-01,-0.0037844656907932614,0.005378795806861802,0.0,-0.003101325981004158,0.00837861373073512,0.0,-0.00620253588353159,-0.001,-0.0028347327359694585
2023-03-02,0.004604923761653225,0.0011894509592351593,0.0,0.002456617015702593,-0.002555501472295922,0.0,0.018567678411657296,0.0,0.0012182857863982655
2023-03-03,-0.003913843155236079,0.013314899088724172,0.0,-0.00019287206676654072,-0.0031129504998973754,0.0,0.015931386871550712,0.0,0.010275891425936656
2023-03-06,-0.0014580001655100224,-0.0034485898136405466,0.0,0.003773113394943406,-0.0029089878484627185,0.0,0.007690020183613866,0.0,0.0
2023-03-07,0.00884434957185944,-0.01696643406378991,0.0,-0.001427199133959031,0.00046672013948697053,0.0,-0.011072953357607052,0.0,-0.007093063779930353
2023-03-08,0.000524246808924179,0.0036913517092925646,0.0,-0.00029118075948349057,-0.003630020210265197,0.0,0.008322031808654984,0.0,-0.004717610949918183
2023-03-09,-0.004580157721468758,-0.002417789659959398,0.0,0.0023010006917762076,-0.0008768830752801385,0.0,-0.0522208819644272,0.0,-0.005552492729523295
2023-03-10,-0.007605223638288403,-0.0007600442719354502,0.0,0.0012838164062733064,0.0005261430978626036,0.0,-0.0555731211211683,-0.024198096456769146,0.00013621792313611714
2023-03-13,-0.009636499128890521,0.0052128101091056265,0.0,-0.007480051966819322,-0.012230016071469093,0.0,-0.015758632311156484,-0.0102459264742763,-0.005446973347673523
2023-03-14,0.0007207912194290564,0.0030532217451113308,-0.006806715888511948,-0.0009582755244071066,-0.0018791117400249451,-0.02012813773624722,-0.001,0.017560710032729993,-0.014713970972438083
2023-03-15,0.0014279589974246323,-0.011535146526614621,0.007795556152465041,-0.014830616499270687,-0.016757972352060183,0.005591773668939349,0.0,-0.001,0.015283087194750444
2023-03-16,-0.0014861045666718917,0.007776520634601208,-0.001,-0.006474036455137972,0.005677199365406126,-0.001,0.04196270938306068,0.014534103780633134,-0.004377825108097999
2023-03-17,-0.005641688952500612,0.01074902823341824,0.02135421674376578,-0.00857829829501267,0.00289012348102126,0.009569781925235554,-0.001,-0.011913547342053965,0.01994802547355551
2023-03-20,-0.005189295651200737,0.005832433728857193,-0.001,0.005976902643526375,-0.0003485471655175385,-0.001,0.023224457367966633,0.015629768815337508,-0.005584917585619486
2023-03-21,-0.0022629129144393217,-0.004538320629311924,0.0,0.0055575485766533785,0.0035775963956507653,0.0,0.04372978857931442,-0.001,-0.012191338160466313
2023-03-22,-0.0066573757701199575,0.006903462267002978,0.0,-0.007003086034746144,0.004720860348916941,0.0,-0.019889162335641974,0.0,0.014623794983016547
2023-03-23,0.0025183097177726307,0.0065902436753859425,0.0,-0.010762183369857436,0.008029554753835981,0.0,-0.01164339280399096,0.0,0.004388361629968717
2023-03-24,0.0021148413011720614,-0.0072710314472528015,0.0,0.0034873190602582975,-0.008380242704448874,0.0,0.019522108681511607,0.0,-0.0011891358879052788
2023-03-27,-0.003921016930566916,0.0002080823509090563,0.0,0.008371258791599267,-0.0013099215123022628,0.0,0.018652974897050978,0.0,-0.01850900969801695
2023-03-28,-0.003715149458671685,0.0037809532721173825,0.0,0.0027117862497911356,-0.0014965438773198495,0.0,0.012477725963172537,0.0,0.004049953906978176
2023-03-29,0.0020788568035441804,0.004351412536321041,0.0,0.00043370434223659327,-0.0010334778922144118,0.0,0.017765694918118635,0.0,-0.0030420343167510853
2023-03-30,-0.002931284972228507,0.010490894633262353,0.0,-0.0015218238898715908,-0.0021416152744366083,0.0,0.00015723103489873047,0.0,0.006154418533935035
2023-03-31,0.0018539236337433275,0.0007477598143216768,0.0,-0.0002820739398641416,-0.0030384835804508617,0.0,0.0023585146144293745,0.0,0.00791358506489634
2023-04-03,-0.003737302138675924,0.0038229929856970985,0.0,0.0038211603801294996,0.001436134865280326,0.0,0.0117647058823529,0.0,0.005578379945091139
2023-04-04,-0.0007424123517766071,-0.001014754460947356,0.0,-0.001984974463850688,-0.008737200617603245,0.0,-0.00852711995442712,0.0,0.009755937319120354
2023-04-05,0.0015478574362856518,-0.005316231933677292,0.0,-0.00031223323151826526,-0.007041914330217138,0.0,0.004065650014563937,0.0,0.006516270539883051
2023-04-06,-0.0014168606027216981,-0.00036637768979611094,0.0,-0.003534158236640211,0.0012555005634087434,0.0,0.008721345064294894,0.0,-0.0008154416413390707
2023-04-10,0.0020017344257154093,-0.0034318318015776066,0.0,0.003511202898660638,-0.0020315332625115996,0.0,0.005712563930194925,0.0,-0.013071160840491303
2023-04-11,-0.001259451689825723,0.004333301719287396,0.0,0.006325618391006407,-0.006522691534137469,0.0,0.005987095383829688,0.0,0.0035515875505766513
2023-04-12,-0.00201277999556577,0.005820168284626796,0.0,0.004490715184795359,-0.0005684536776664479,0.0,-0.004272833580234003,-0.006691497648544486,0.0010416368965444952
2023-04-13,0.00183816787082786,0.013047306181706452,0.0,-0.008648965731194799,0.002576559916489272,0.0,0.017931006420617734,0.018603194620926633,-0.00037758779597375
2023-04-14,-0.0029590745829474593,-0.009262439049114229,0.0,-0.00010719538832153566,-0.0012766318470151577,0.0,0.009334579398888154,-0.011146646232432665,-0.01214392961283744
2023-04-17,0.0014779675929181097,-0.0017259721895594793,0.0,0.009713070741916416,-0.006869924193153127,0.0,0.013872319398497757,-0.01189610974400701,-0.00929128567100377
2023-04-18,-0.0011663338338853523,0.004150879975722091,0.0,0.0031229181856842246,-0.0016913235329472991,0.0,0.0044136445045686035,-0.001,0.0036746976489961166
2023-04-19,-0.00045754427846493156,-0.0030151059309821548,0.0,0.0019326714357685941,-0.0030561424448301323,0.0,-0.00014639676764882648,0.0,-0.002296243737570575
2023-04-20,9.85237471856538e-06,0.0007526396338870471,0.0,-0.0059856210075466265,0.00012449029021003747,0.0,-0.009961914501828817,0.0,0.0069355475695773265
2023-04-21,-0.0006207350285873281,-0.0009896623962556241,0.0,-0.0035788681144664487,-0.0037812427686254057,0.0,0.009322243805096608,0.0,-0.007113635808338964
2023-04-24,-0.0011717232011090777,0.002723878408082675,0.0,-0.004330580193661305,-0.001582659116984526,0.0,0.0024922763704304796,0.01429759361059968,0.007352263714082296
2023-04-25,-0.003212446811761736,-0.006596059301231827,0.0,-0.0023489020086000564,-0.0013514907779671095,0.0,-0.0416788328253207,-0.02075649288180148,0.011338174685662195
2023-04-26,-0.0027821065960097996,-0.002674462788487403,0.0,0.0013071038758499494,0.003342011640597899,0.0,0.01342903859614486,0.004444095993924535,-0.008831024725674723
2023-04-27,0.0051624075439398705,0.0074513605801617795,0.0,0.004275410329121572,0.008937920171432655,0.0,0.020779960507746997,0.011676416165336491,-0.006430668520358036
2023-04-28,-0.00018855412915411875,-0.0001497001742424858,0.0,0.001048157626809613,-0.001006905068766484,0.0,0.022274702992142847,-0.001,0.010579615169715175
2023-05-01,-0.002704509371467707,-0.002765315174874935,0.0,0.0012089593024640123,0.0046906496354901985,0.0,0.006782014005938475,0.0,-0.020314369659717616
2023-05-02,-0.002130841235929439,0.0018311664261146767,0.0,0.0021440633317324678,0.0069689569157009995,0.0,-0.02207242884088423,-0.0444834448748328,0.022951807657492385
2023-05-03,0.0029846202803707543,0.0052431241666785625,0.0,-0.004544729784863246,0.0035670300037345896,0.0,-0.01568224596482426,-0.001,-0.00253565938828104
2023-05-04,0.0016603850120822455,0.0022583576179320665,0.0,0.0010624866418607964,-0.0003492260988794776,0.0,-0.023079257999390146,0.0,-0.005959630242357454
2023-05-05,-0.0008128219141498837,-0.0003106528221052719,0.0,0.007227658362219503,-0.00479471825976242,0.0,0.03871362432401182,0.0,-0.0076384193486891735
2023-05-08,0.0006379654995259445,0.0006288238291604801,0.0,-0.0008632923714732329,0.001419550614169258,0.0,0.00880408599687632,0.0,-0.008680156730256905
2023-05-09,-0.0014284990826816787,-0.005905560050103989,0.0,0.0015757209768355802,-0.0028834009115175966,0.0,-0.009890913529829515,0.0,0.00015444140966341382
2023-05-10,0.0002076558499623811,0.0036024934254253204,0.0,-0.006084892606055577,0.008256296523902166,0.0,0.01263406220371932,0.0,0.004051632987526867
2023-05-11,-0.0028114431531487626,-0.004126501552368111,0.0,-0.0065361609781691065,0.005802877293002299,0.0,0.006818529212567537,0.00957176143026317,-0.0016041752894641048
2023-05-12,-0.002229112599977879,-0.0036866208574294302,0.0,0.0008371293247250114,-0.0007322870250752298,0.0,-0.0005763820554446353,-0.001,-0.003615071804892178
2023-05-15,0.005579771560883263,0.006573140417104736,0.0,0.001222634660296147,-0.00011744633794064963,0.0,0.012831594316849104,0.017417586192713608,-0.007983016917441164
2023-05-16,-0.007206284585482456,-0.004699679019214693,0.0,-0.008454570575648884,0.008454989856094813,0.0,-0.01480428349505114,-0.001,-0.006327653614984696
2023-05-17,0.0040032016907574275,0.0032667607444059857,0.0,0.002052509539623188,-0.003777977693413364,0.0,0.016471599548167015,-0.0044618889303412726,0.0007072190596511003
2023-05-18,0.0019684957505099517,0.00734114805080168,0.0,-0.007934878515043892,0.005392819337053474,0.0,0.020895540193136997,-0.012972911279784505,0.000539686749205126
2023-05-19,0.004045657198992307,0.0016108591774215996,0.0,0.0028374225431301095,-0.0036529446180188258,0.0,-0.014062964919550947,0.0098988291245512,0.0010795289241156691
2023-05-22,0.0009323380353754164,0.0018733818804574504,0.0,-0.0007353717883083838,0.002670863274323804,0.0,0.00014125316445867675,-0.001,0.004447318391904043
2023-05-23,-0.01305661708602871,-0.01362573843754953,0.0,0.004320029087341652,-0.0077898876761114825,0.0,-0.009884170449853125,0.00020073114924146294,-0.0052327282768388494
2023-05-24,-0.008686546444724634,-0.0073479168419544015,0.0,-0.004279897813596679,0.00011941903424936442,0.0,-0.018682332240098742,-0.001,-0.007013630705211882
2023-05-25,0.013584436876506054,0.009921002940153273,0.0,-0.007174829322591799,0.009531636981632374,0.0,0.01017300686634437,-0.0023976622076320444,-0.000679581710371191
2023-05-26,0.01892450336336257,0.01717031382327474,0.0,-0.009977172206094695,0.010144124642968745,0.0,0.02086026332441171,0.009798505058399076,0.006116493165995829
2023-05-30,-2.2990715128045128e-05,0.005103434416727343,0.0,-0.005419245700220071,0.004423415383969563,0.0,0.013528735863283403,-0.010119155643637745,0.0043231504320935255
2023-05-31,-0.0036143353016717525,-0.003064763702909196,0.0,0.006230332839499385,0.0017922576601576516,0.0,0.003476084626875764,-0.01036274978424423,-0.0030936189764844135
2023-06-01,-0.00012033827814243736,0.010173216006517645,0.0,-0.004997308982364906,0.00209909911447235,0.0,0.02909794273799382,0.014857601768186735,0.006006389273535584
2023-06-02,0.0015711832631927695,-0.00045581877531728713,0.0,0.00397709395860938,-0.008515530015972501,0.0,0.018311574953848275,-0.001,0.005121270772792785
2023-06-05,-0.0022307512961762758,0.002421046051450516,0.0,0.00044719510260387803,0.0009514199719423278,0.0,0.012032311188114653,0.0,-0.0008042552324774022
2023-06-06,0.0018493948940676358,0.00015146389057772713,0.0,-0.00497124035818264,-0.0020021763577047023,0.0,0.029265715142095194,0.0,0.0016098051591773022
2023-06-07,-0.012584158946086,-0.015442549803866652,0.0,0.006402863618994173,-0.014510168357586244,0.0,-0.0016501301781198796,0.0,-0.005493069176768062
2023-06-08,0.0033423283488280536,0.012642284821200214,0.0,-0.002587095532340937,0.0028956957261213304,0.0,0.012587385181979771,0.0,0.006332068096640553
2023-06-09,0.00017567728797061172,0.0017763400535576776,0.0,-0.0024670662659077728,0.0016915358815503844,0.0,-0.004018077565000722,0.0,0.0002675734541639496
2023-06-12,0.010985673320647623,0.013652597230210275,0.0,-0.008374518943341689,0.008057219580435834,0.0,-0.0016388962924623884,0.0,-0.0010708571086651686
2023-06-13,0.007816987709355955,0.00732303883962849,0.0,-0.0021520153007362278,0.001303549840403827,0.0,0.0015152811401450972,0.0,0.0012062031464801226
2023-06-14,0.0044715507374525594,0.005132768040167028,0.0,-0.0022118790356687058,0.004241741314285995,0.0,0.01576093857620542,0.0,0.00040132038898099687
2023-06-15,0.0116023789561997,0.01077506838358969,0.0,0.000697769787117921,-0.0003177959343688427,0.0,-0.013778558142882535,0.0,0.004815004501670828
2023-06-16,-0.004183548827403642,-0.006012699044773955,0.0,0.0037305606098720127,-0.0044629682016982,0.0,0.017495273040148085,0.0,-0.0025291855334450553
2023-06-20,-0.006274696996153075,-0.0027309796238976494,0.0,-0.00315537468671833,0.0042961331754457965,0.0,-0.00012363319258656968,0.0,-0.0026687325844018117
2023-06-21,-0.0066141209449832525,-0.01067256255042311,0.0,0.00901770656344107,-0.009365669287459206,0.0,0.010515878446937243,0.0,-0.0025432329579302415
2023-06-22,0.0034266851748680875,0.008716340451637258,0.0,-0.004073018475859316,0.008146850262480231,0.0,0.011998082189912607,0.0,-0.0029507228194178836
2023-06-23,-0.01091543004514055,-0.009037722318742664,0.0,-0.00020347049509213035,0.0008900315216717159,0.0,-0.007258723408339995,-0.015591287779786245,-0.0017492183428392538
2023-06-26,-0.006183740545866185,-0.009993952080831862,0.0,0.013643462894683513,-0.011370365423237739,0.0,0.0013404900514775164,0.0008123188726179491,0.0005387645197496571
2023-06-27,0.012460159264126488,0.014929068599026969,0.0,-0.006310918777212182,0.008101942373246235,0.0,0.014360476225758756,0.011413129974473541,0.0033682902896907674
2023-06-28,0.0010867215830586742,0.0013979353194547872,0.0,-0.004429141077961802,0.002590000623668832,0.0,0.017276574298358938,-0.001,0.00577317059494753
2023-06-29,-4.4801348400187294e-05,0.0001221337478139875,0.0,0.0016736621463888561,-0.00335595657237494,0.0,-0.01085031441221318,0.0,-0.0026701710442128546
2023-06-30,0.013302414235144626,0.014086233105005442,0.0,-0.0011203601726100982,0.0018388540030519797,0.0,0.009657774318205359,0.0,0.004819018099950112
2023-07-03,0.0009110135096711888,0.00186774978508953,0.0,-0.0004433970508354964,-0.00036663857643351113,0.0,0.0009447547327157135,0.0,-0.001566904010654513
2023-07-05,-0.003769869946255425,-0.000586035795267095,0.0,0.003077434040529875,-0.0014574376526372554,0.0,-0.00589900881781924,0.0,-0.0030854883918799425
2023-07-06,-0.010436169283102066,-0.007698501286782096,0.0,0.0015026691072484743,0.003703527732432508,0.0,-0.025872302989634166,0.0,-0.007265772150774175
2023-07-07,0.00012787460533924313,-0.0030371812488524355,0.0,-0.0008540038501490877,-0.002356280369066199,0.0,0.00938105051034599,0.0,0.0009486576851358564
2023-07-10,0.001759661384396959,0.0010882458456477955,0.0,-0.004254520808397921,-0.0004505511697132124,0.0,0.005793643521713854,0.0,0.005010252880361055
2023-07-11,0.006667040248978108,0.005443964549262634,0.0,-0.003140917646087879,-0.0023595410259879585,0.0,0.004680179780136573,0.0,0.005389371944627408
2023-07-12,0.013251263460065447,0.010974125858716838,0.0,-0.00023643840816942253,0.0011408550544310435,0.0,0.02795026640912135,0.0,0.0077728504535437
2023-07-13,0.013878290230693995,0.013657227496199553,0.0,-0.0025271700009045503,0.005523840306002834,0.0,-0.0033697527742769795,0.0,0.005983714767086701
2023-07-14,-0.0020887723547892453,-0.00036894693648034985,0.0,0.004905968903376182,0.0010816851598243183,0.0,0.005946160151467206,0.0,-0.007270385053781525
2023-07-17,0.004207854453211337,0.0072557578355663425,0.0,-0.0040557310893890594,0.0036870711356899485,0.0,0.0015067789134426413,0.0,0.0018642078164727849
2023-07-18,0.007397010905808041,0.007913007407405553,0.0,-0.003625908553546127,0.0020418995707363256,0.0,0.004976190921859747,0.0,0.002791528116778297
2023-07-19,0.00042189617698927176,0.000626811395627341,0.0,0.003955944962026737,-0.0033575618597148664,0.0,-0.0074849599711551695,0.0,0.0007953762731713887
2023-07-20,-0.01236714348492165,-0.017112944210783403,0.0,0.015966907322338283,-0.019073809647323234,0.0,0.0004641015708815033,0.0,-0.004370794197638972
2023-07-21,-0.0004663711247805187,-0.001876828502039368,0.0,0.002366564382397591,-0.007083254881924613,0.0,0.005334559510204118,-0.002485782414836545,0.0025273381026948982
2023-07-24,0.0010965653433953869,0.0027422833580845966,0.0,-0.0037909669056291435,-0.004514060160070832,0.0,0.008766806845456276,-0.001,-0.0017249853782850266
2023-07-25,0.0035217514420725245,0.00514637671704102,0.0,0.002294780242479434,0.0012058064547804427,0.0,0.0010292049219673416,0.0,-0.0006645239575392425
2023-07-26,-0.0002918882639809774,-0.0019369282410117768,0.0,-0.0013674162178098181,-0.0012289828063691997,0.0,0.013136869018183006,0.0,0.003990334902015391
2023-07-27,-0.003803747006398696,-0.0041307950126244905,0.0,0.005099477604687292,0.002893368182091507,0.0,-0.02491824358594097,-0.0036239859430751958,-0.007948293643145421
2023-07-28,0.012020862684084872,0.014870070740955327,0.0,-0.00393983385360968,0.007239712835352792,0.0,0.020120233536392806,-0.001,0.005741818181599134
2023-07-31,0.0008913422707336239,0.0010638629825916637,0.0,0.0013503728294948553,-0.005367644255318132,0.0,0.00748125168422642,0.0,0.0023897086781712318
2023-08-01,-0.005689555530300783,-0.0025617160526436463,0.0,-0.0022058401563008995,-0.0003438853799777291,0.0,-0.008325808805547341,0.0,-0.004950576964972697
2023-08-02,-0.018400613131140664,-0.01867158933235446,0.0,0.006044472589069601,-0.009070066163496102,0.0,-0.04572270033133419,0.0,-0.004280260595337926
2023-08-03,-0.0023868307303711376,-0.002128191428394138,0.0,-0.010725782086399387,0.004581715799832821,0.0,0.001188901122285646,-0.0010075794064621302,-0.003223000176231894
2023-08-04,-0.0024209889336346555,-0.004631397208140753,0.0,-0.00437781258241981,0.002671491015635415,0.0,-0.01615010836168418,0.001513252607235457,0.005928876945378692
2023-08-07,0.004435777036788652,0.008567824984538595,0.0,-0.0012940629212380293,-0.00032608164821353887,0.0,0.026191891477501006,0.0021796391813209567,0.0018756318900594593
2023-08-08,-0.006966995553267867,-0.006842016256915342,0.0,0.0012569704023971094,-0.001860465500631533,0.0,-0.010468118381430469,-0.008954240942702172,0.00213937763832428
2023-08-09,-0.005998391765901507,-0.00920797213987745,0.0,0.0010076360096611383,-0.006110804452050155,0.0,0.004754564827501584,-0.008033106503813163,0.00013331336228095125
2023-08-10,0.002180812189831349,0.0012210785654412702,0.0,-0.0015151528694764818,0.0017440486891860017,0.0,-0.001892772211349314,-0.0010774715035112305,-0.0002665313031764427
2023-08-11,-0.0046778676414396345,-0.004011615867130104,0.0,-0.00345086711455544,-0.004135309729771169,0.0,0.01955664149307168,-0.007374705860979103,-0.001468259644225145
2023-08-14,0.003997232709661041,0.00873011822277665,0.0,0.0020795942088030596,0.00678420474879501,0.0,0.008951456667174895,0.004287732806482173,-0.00013370713745974872
2023-08-15,-0.011569908122668941,-0.011071643777582718,0.0,0.0017367980005163043,0.00171207053374521,0.0,-0.028805161581150873,-0.012405459481413349,-0.00320754062714812
2023-08-16,-0.008964692897929002,-0.009424874352645725,0.0,0.002381999846942971,-0.003801362409863441,0.0,-0.007830153694870723,-0.008175112274151785,-0.0030837669106279497
2023-08-17,-0.0071848070086513215,-0.009661344771445722,0.0,-0.005060309228569783,-0.0034104070958510782,0.0,-0.023556064283238753,-0.010398931729281148,-0.004169747676745383
2023-08-18,-0.00037848204309257007,-0.0006167594627373704,0.0,-0.003830908553526911,-0.0025206171300967825,0.0,0.012490773907957609,0.0009935324561164767,0.000675426415593039
2023-08-21,0.007267780002843667,0.012228712843475207,0.0,0.003823669763484261,0.00912217662480142,0.0,0.013304287252793312,-0.00016891700885069978,-0.0002699639753188654
2023-08-22,-0.0004838017318981106,-0.0019419743191194591,0.0,0.004059734916364497,0.00013687487802775049,0.0,-0.0019097163409649287,-0.005104741918008207,0.0005397101466839693
2023-08-23,0.012224327373047586,0.013809733624156016,0.0,0.0059529298174748465,0.0024482813113194564,0.0,0.016742332581920483,0.009332331011249431,0.00809637296736665
2023-08-24,-0.012072436441216075,-0.018178971191354264,0.0,0.0027370897921567437,-0.008176985929669697,0.0,-0.019171927990788706,-0.001,-0.005487673357954748
2023-08-25,0.004285940339883997,0.0074399744413218265,0.0,-0.0024010116983588605,0.0009126562848264479,0.0,0.021585358735249693,0.0,0.004171768303804058
2023-08-28,0.006977375291058952,0.007010245569075198,0.0,-0.001524443746540107,0.0019886482144914333,0.0,0.019368398276772503,0.0,0.0037530952673026086
2023-08-29,0.014743165823697701,0.018681144537700298,0.0,0.0015607746295062236,0.00688918364868179,0.0,0.013127672352809094,0.0,0.006275784233280346
2023-08-30,0.002449382133762409,0.004914783256280907,0.0,-0.0017484827192502058,0.0011819400725262815,0.0,0.016253696869893197,0.0,-0.000398002577427059
2023-08-31,-0.0006192212576309319,0.0010318557585920426,0.0,-0.004085133956045383,0.004275322236834102,0.0,0.010513306940060918,0.0,-0.0006640983034716941
2023-09-01,2.6468304400169948e-05,0.00017282128683000227,0.0,-0.004967163974239665,-0.0028602730752474706,0.0,0.006640824396836553,0.0,0.001881997678255365
2023-09-05,-0.003683078245312401,-0.0011458394981280296,0.0,-0.0036599282954495977,0.006757181729321652,0.0,-0.003958225645201874,0.0,-0.006526976941387264
2023-09-06,-0.006052854501194942,-0.00795901693833552,0.0,0.0013818641881072143,-0.003999684503539013,0.0,-0.008389386660324405,0.0,-0.0024137804199653168
2023-09-07,-0.004602863112789117,-0.005411913481968138,0.0,0.0059768929600670425,-0.007509688974348489,0.0,0.0007792462807232337,0.0,0.0033601941893910414
2023-09-08,0.0005306255097449041,0.0014434313241881585,0.0,-0.003114501331636107,-0.0009179893219311411,0.0,0.010233572339600983,-0.0032242200685104186,-0.0004017101408768653
2023-09-11,0.009695333302422775,0.00939687501446431,0.0,0.002568431987137105,0.004185216140991455,0.0,0.012332115727213155,0.0023922700326568513,0.0017423815189847591
2023-09-12,-0.007072965474396194,-0.008522224207867355,0.0,-0.0026092042141215737,-0.004810038496295146,0.0,-0.0029367442385376252,-0.0009764719448447368,-0.0016055868661165595
2023-09-13,0.0007213195708297462,0.002530939009568327,0.0,-0.001277210170579073,0.0013092601988377141,0.0,0.008836099096407368,0.0005215416243515864,0.0026799422967702657
2023-09-14,0.009868612635931756,0.008376035865990741,0.0,-0.0002876813981781021,-0.0018856403323503864,0.0,0.01600341342794831,0.00725281609683992,0.001202529820393039
2023-09-15,-0.010986763033232592,-0.014677795609554515,0.0,0.0043381304766403565,-0.005679015936479185,0.0,-0.01851849596342825,-0.001,-0.003737015175265701
2023-09-18,-0.0006404847351259883,0.0008140333699791869,0.0,-0.0018391571776066144,0.00035901102773331815,0.0,0.003144663974069095,0.0038060802709377626,0.0006699256305933154
2023-09-19,-0.0011968383913810092,-0.002136196559774495,0.0,-4.127528444398086e-06,-0.00026119385303012224,0.0,0.0034590821255520154,-0.0005315564831204211,-0.0030795230202750323
2023-09-20,-0.008867345614289679,-0.011860014660323276,0.0,0.004098082356426328,-0.0065131002299424505,0.0,-0.01939031580580719,-0.001,-0.0008060102092626309
2023-09-21,-0.01451135768361975,-0.012262629115040854,0.0,-0.0021262244468063006,0.002537579517085214,0.0,-0.03921783744587015,-0.01786683991685377,-0.007123388293089672
2023-09-22,0.001481660475762685,-0.001990472401572863,0.0,-0.0008441656405711407,0.0028878568512659885,0.0,-0.0003429999955510965,-0.000991088463670348,0.0017598297228509363
2023-09-25,0.0005939797622404302,-0.0011351524618739726,0.0,-0.0013516845113856744,0.0040445598645115445,0.0,-0.00045751933418414215,0.004055503916337758,-0.001351439221792261
2023-09-26,-0.014269985308167024,-0.015883161963282516,0.0,-0.005027885680417502,0.00270363920095737,0.0,-0.045199644991759436,-0.015969149570070118,-0.004330167667037532
2023-09-27,0.00022744771286770508,0.0014038591314956053,0.0,-0.005220370775676468,0.010668810695639894,0.0,0.020254012015381573,0.0004543572584831732,-0.0013589712840581525
2023-09-28,0.007492788001796247,0.007233072951283319,0.0,0.0014602475417948165,0.0065282698331389985,0.0,0.023141093436650273,0.006762862504461259,0.004763084909344073
2023-09-29,-0.0015610015376380003,-0.005598116773742088,0.0,0.006044119505694767,-0.004581098872907685,0.0,-0.00872562743449734,-0.001,-0.0014896189907298574
2023-10-02,-0.0024954877118218022,0.006863663100996948,0.0,-0.010616310645357369,0.012886805493710237,0.0,-0.0020846963564470355,0.0,-0.006068392825271385
2023-10-03,-0.014726842049334868,-0.00656832118021921,0.0,0.003195296317001827,-0.0054380462225886135,0.0,-0.04700560445239266,-0.001677145747049135,-0.010152324191459172
2023-10-04,0.007914581880864642,0.00263255912822065,0.0,0.003960678523143885,0.0036892885680622307,0.0,0.02630612613151695,-0.001,0.005128502703282356
2023-10-05,0.001472878625687857,-0.0032565379746279564,0.0,-0.0013125487354720535,0.0019113058459500802,0.0,0.005933309836450906,-0.007180988772860885,0.0009650035747910124
2023-10-06,0.013529339846887962,0.0054996256662768,0.0,-0.005695827004077344,0.004306566404441781,0.0,0.007549923845553419,0.005984757488814552,0.0013774748995640795
2023-10-09,0.003358713718887197,0.001934725547988164,0.0,-0.0005508567430743743,-0.0010326725360197252,0.0,0.0069078130499176105,0.03336050397189538,0.007429037298164687
2023-10-10,0.0080829059385421,0.0012010850837029987,0.0,0.003097748709154753,-0.0023780884178124656,0.0,0.016162783600563335,-0.001,-0.00027341497304145257
2023-10-11,0.005226601838350754,0.004922963187686929,0.0,0.0005152122660069889,-0.0012662380910679056,0.0,0.008696671719172544,0.0,-0.00013641098036154542
2023-10-12,-0.005864008641850696,-0.004455587293690864,0.0,-0.0033351828762093775,0.0030632753647191853,0.0,-0.009642637089138928,0.0,-0.005327918570174117
2023-10-13,-0.00922470783597006,-0.005616061838576644,0.0,0.00887457789697967,-0.010747911492853897,0.0,-0.05979382632562258,0.0,-0.000823694719472301
2023-10-16,0.009764433799015036,0.0015357374505134004,0.0,-0.0005931939137216499,0.0016236192852203263,0.0,0.04751463741321893,0.0,-0.00027503561809005816
2023-10-17,-0.0010807410693601705,-0.0013289280607515018,0.0,0.0011246361707626113,0.0004639519151377823,0.0,-0.01349155171922689,0.0,-0.0046745696894707756
2023-10-18,-0.014546934396988334,-0.0032356640060762507,0.0,-0.0028118376672197952,-0.004545727383429194,0.0,-0.032421598796207096,0.0,-0.004835400945407464
2023-10-19,-0.009088584467712582,-0.005501278180790874,0.0,-0.007906852991227077,0.004931974728349254,0.0,-0.024978714017067305,-0.010356745781827437,-0.003609037010412597
2023-10-20,-0.008336970998059804,-0.005671051188198735,0.0,0.0006456505262040347,-0.0033059596371824065,0.0,-0.00237434166436179,-0.016773505383801363,0.0020896522678444107
2023-10-23,0.0001432587212386422,-0.0022833180362996216,0.0,-0.0004630152907929214,0.0027890023424741225,0.0,0.01703620918398263,-6.306355112440179e-05,0.004031689262971927
2023-10-24,0.005299359615499995,0.007176336020705872,0.0,0.0043316718046936395,-0.005352446951958997,0.0,0.022047060742721003,0.007963227233782929,0.00512328569688747
2023-10-25,-0.010211353684271455,-0.008927239364785842,0.0,0.007844345531616725,-0.0131483687034858,0.0,-0.03157390504447488,-0.01012355110665256,-0.005372507222283773
2023-10-26,-0.008040013293959392,-0.004861189693544435,0.0,0.006883217919152316,-0.013382212377648636,0.0,-0.003608771942816391,-0.015258347857346028,0.0034623499757096
2023-10-27,0.005480841647206103,-0.00018568538661436663,-0.002332984399332271,0.014549273770504717,0.005379509543983047,-0.0003983347827542828,-0.001,-0.005468006382822097,-0.0012421722414225345
2023-10-30,0.004508198679595034,-0.0006038006387298792,-0.004151497192886697,-0.0027559116135881037,0.0025705068801924837,-0.009924253638607678,0.0,0.00532651024336009,0.00027651808088591245
2023-10-31,0.0005327239433816112,0.005574417898937991,0.005572897755747374,0.002777321390864472,-0.0022379723531933383,-0.00547321495075021,0.0,0.0026367623071927733,0.0026250288983444836
2023-11-01,0.007078517211921516,0.005290635833079189,0.00025373746429411983,-0.00393975212823193,0.0029902771156809314,-0.008028465431562553,0.0,0.006553879563825436,0.009531374544234028
2023-11-02,0.01313591207806782,0.01309834978105296,-0.004993407440612163,0.0017023558627554715,-0.0003693656835572245,-0.011586738228839561,0.0,0.029233333422830236,0.01125327258401465
2023-11-03,0.008530688542659676,0.0039008592696573143,-0.001,-0.0043831100908098015,-0.0012145335130796075,-0.001,0.010187253127899365,-0.001,0.009770229475373204
2023-11-06,-0.0024002144564561597,0.0010321651849908547,0.0,0.002815220775007346,0.0006475240718515666,0.0,-0.001,0.0,-0.00403159928798702
2023-11-07,0.0009282035654913317,0.005809849862634232,0.0,-0.007476461637980807,0.005960719888595019,0.0,0.0,0.0,0.00013504794112439988
2023-11-08,-0.00291463202000739,-0.0005195912574335003,0.0,-0.002698076241663484,0.0013479356727808865,0.0,0.0,0.0,0.0005395820436973064
2023-11-09,-0.00449908735135291,-0.0017370293750049056,0.0,-0.0027209271423111717,0.0020442969538215037,0.0,0.0,0.0,-0.006202532611401468
2023-11-10,0.015757111357388876,0.008479725836562504,0.0,-0.005146862051146304,0.0058471652550004674,0.0,0.0,0.0,0.004884571893071898
2023-11-13,-0.00118255452881409,-0.003492907761856009,0.0,0.003816556043061693,0.001455465164347154,0.0,0.0,0.0,-0.0009452573283408316
2023-11-14,0.017541383627870933,0.020701859588092935,0.0,-0.0017369659051660214,-0.005716993791289983,0.0,0.0,0.0,0.010136178687162545
2023-11-15,0.0001884192612781341,0.0012539535244040388,0.0,-0.0014991566819860611,-0.0005679993265455656,0.0,0.0,0.0,-0.0032107551662555744
2023-11-16,0.0006013643780614886,0.0009897993953647676,0.0,-0.005303796848723808,0.0019700541978166855,0.0,0.0,0.0,0.0013419854287535227
2023-11-17,0.003345450857353366,0.0006495351957049154,0.0,0.0030341831484269476,0.0001056819629968351,0.0,0.0,0.0,0.0022787207164476353
2023-11-20,0.009010833940467273,0.010271547911791742,0.0,-0.0034513483294886997,0.005755840788526484,0.0,0.0,0.0,0.0010702558965176578
2023-11-21,-0.004349991027263484,-0.004257797721376331,0.0,0.003307858480285671,-0.004087377357838687,0.0,0.0,0.0,0.0013359466386766439
2023-11-22,0.0013756132649525837,0.00396312255856477,0.0,-0.0009072889173429788,-0.00035813201880840236,0.0,0.0,0.0,0.0017346494728163186
2023-11-24,0.0007212365085631695,-0.0005095739638219367,0.0,0.002417517768391114,-0.002834548979053338,0.0,0.0,0.0,-0.0010654831733027947
2023-11-27,0.0008306684928464409,-0.0013692171210580876,0.0,-0.0007366152827687053,0.0005916261083088909,0.0,0.0,0.0,0.0014664841184721666
2023-11-28,0.005070428533596221,0.001787030921640482,0.0,-0.0009631547885236077,0.0013796811074036155,0.0,0.0055701608211454765,0.0,0.0043935986356713475
2023-11-29,-0.0002467723315947875,-0.0008480642670260642,0.0,-0.004715420365113408,-0.0003752441339605598,0.0,-0.007037250585724242,0.0,0.005434543756040799
2023-11-30,-0.001314839593310403,-0.010241510097877613,0.0,0.0007394916167394002,-0.0040376020890325595,0.0,0.0067789238761022386,0.0,-0.001845667507090032
2023-12-01,0.00733027177326575,0.0034057464815440567,0.0,-0.003177469792153735,-0.0010373566319804592,0.0,0.002142488482548277,0.0,0.008279638302424175
2023-12-04,-0.011888015420714134,-0.007283610297967542,0.0,-0.0020716207634751903,-0.0044414342633046595,0.0,-0.0012216506411588668,0.0,-0.0025000938143235896
2023-12-05,0.0002168719574386608,0.0010610729555531931,0.0,-0.002850723420171784,0.0019214375729705306,0.0,0.003567408744712175,0.0,0.0009231941053051695
2023-12-06,-0.0032221002305955013,-0.004929395228004196,0.0,-0.005026783969239045,-0.004916456660998671,0.0,-0.0017265708970752858,0.0,0.00013201180774857768
2023-12-07,0.009185843085630875,0.010911181682778388,0.0,6.835686427770642e-05,0.00655278880902518,0.0,-0.00010176148272766916,0.0,-0.005151483847994241
2023-12-08,0.0005012395135195901,0.004375112979124599,0.0,0.0006857203381608787,0.003820521526364299,0.0,0.013125772604293928,0.0,-0.009988039577896618
2023-12-11,0.005532919999760143,0.006291241531441129,0.0,-0.0006986737503214856,-0.002912959531160614,0.0,0.013257002097719628,-0.012042895165362277,-0.005239888574677165
2023-12-12,0.0057599052997187134,0.006315042562746764,0.0,-0.004035456774654241,0.002275760471443348,0.0,0.01407471679587502,-0.0005446421195114404,0.0017382689981284894
2023-12-13,0.013371474340531517,0.013211859045352567,0.0,-0.001353195594394226,-0.006958697470553277,0.0,0.007623876433485055,-0.001,0.023147637135632858
2023-12-14,0.001968109933051005,0.0011302802913051452,0.0,-0.0035663702054030124,-0.006467933802097931,0.0,0.0,0.0,0.0189602596176084
2023-12-15,5.719084896570897e-05,-0.0035154591298592473,0.0,0.0008771749008697151,0.001625216123381516,0.0,-0.014259323343949859,0.0,-0.0024863508244732544
2023-12-18,0.005384174831596292,0.005011219230653786,0.0,0.003397093180861939,0.001040237943005876,0.0,-0.0005904859906166182,0.0,-0.0035881252816062697
2023-12-19,0.006003085527287872,0.005560814377019409,0.0,-0.0006981454231194816,0.000802845577851544,0.0,-0.007581692217175973,0.0,0.005887323682237699
2023-12-20,-0.013644954289368691,-0.014397877771601925,0.0,0.0003684771019955473,0.001964215830040714,0.0,-0.031153877975257593,0.0,0.002497851045883942
2023-12-21,0.011799960521979238,0.009577197227539289,0.0,-0.0022292139333230437,0.0021221588877890366,0.0,0.009626162799010407,0.0,-0.0016384671701625336
2023-12-22,0.0015410916283638868,0.0024399537052800014,0.0,0.0024751697878038575,-0.0023602505867766584,0.0,0.014098864699001457,0.0,-0.0014045458971079618
2023-12-26,0.005222799455072665,0.007839267672386033,0.0,-0.0014499266260584876,-0.00011155561944920983,0.0,0.012902512930785592,0.0,0.0045152408723248775
2023-12-27,0.001766069420675652,0.002574163526899976,0.0,-0.0002422985882556336,-0.0009850510909995415,0.0,0.02073670557052809,0.0,0.013106067369852948
2023-12-28,-0.0006235075718564687,-0.0017416055021414645,0.0,-0.0017510352653393683,-0.0005558273803493747,0.0,0.0013543521904673117,0.0,-0.006756124555986226
2023-12-29,-0.005351330375418126,-0.00845851270692844,0.0,0.0020764670430781754,-0.00270848106207847,0.0,-0.001062705130725372,0.0,-0.006411423346413498
2024-01-02,-0.011812739341490656,-0.009371610601472444,0.0,0.005785078969817284,-0.012286837778427073,0.0,0.00019339112931637814,0.0,-0.004570863363134991
2024-01-03,-0.009621427344022378,-0.015694108489806038,0.0,0.010365991477584359,0.0026349663769619598,0.0,-0.017308073363173193,-0.011189839508603305,-0.00020702812107801756
2024-01-04,-0.0031313670050344905,-0.0051851590018978,0.0,-0.0012310344841652337,-0.0010398831202834506,0.0,0.0014759571970159868,-0.006193136451394611,-0.009524748267079863
2024-01-05,0.0011331501481661828,0.0012666559396566264,0.0,-0.0009090980660220217,0.0011604354754160262,0.0,0.015720165978686973,-0.0006512272303348249,-0.006162367245760164
2024-01-08,0.016907578448375468,0.017294768194132122,0.0,-0.004572158928170784,-0.0024858651773871612,0.0,0.011510954469162504,0.021593393298635147,0.0036769507752094036
2024-01-09,-0.0011140495178747348,0.00015768475096815813,0.0,-0.005249704346803627,0.0006262112076107702,0.0,0.011666837757134507,-0.001,-0.00403240423146351
2024-01-10,0.006316928174089724,0.0061886445632556965,0.0,-0.004211615087081762,0.004967329081888252,0.0,0.005009913741470529,-0.0004357621550580273,-0.0038282645569831294
2024-01-11,0.00090354589192536,0.0008039084859142898,0.0,0.00047276542288356,0.0056675579513039715,0.0,0.002633547593120511,0.00361527122631178,0.004340583849185953
2024-01-12,0.0011249738104052065,0.0005805407720872478,0.0,0.003500646799241454,-0.0038605661664920703,0.0,-0.0067542329362970666,-0.001,0.002150806146468675
2024-01-16,-0.003892322630474241,-0.0019547139509931435,0.0,-0.00791493153560115,0.002656050422019526,0.0,-0.016528145498639124,0.0,-0.01476916735212706
2024-01-17,-0.006147608662247415,-0.0027796724628981993,0.0,-0.00496080934400781,0.003382602855199998,0.0,-0.019398796661354023,-0.008126278887891747,-0.004883869842297384
2024-01-18,0.009947059427428195,0.004863690413364817,0.0,-0.0024352816038561396,0.0072048899729783645,0.0,0.017138380075796267,0.005910934101417187,-0.0031605712857525393
2024-01-19,0.015213452480102148,0.005962141812255272,0.0,-0.010317565183740208,0.008302979141970729,0.0,0.012613109482912721,0.009601248285359576,0.003125097058761484
2024-01-22,0.0017432558595739877,0.00037605076879886176,0.0,-0.002220406463327947,0.0032494475554655376,0.0,0.017305312603510536,-0.001,0.0025464776702226024
2024-01-23,0.0030206379002824754,0.0035948835447670037,0.0,-0.0013846336860185117,0.0008517597479931386,0.0,0.014020002149265798,0.0,-0.0037858578623533763
2024-01-24,0.0024118174106807473,0.0035735669615265505,0.0,-0.006653551479051756,0.006061394122850832,0.0,-0.01216701742847981,0.0,-0.00669369992751227
2024-01-25,0.002544584895773336,0.00305838086023056,0.0,0.0019420926351929756,-0.0029834618903222805,0.0,-0.00671830953629482,0.0,0.005637007587230947
2024-01-26,-0.0031855403621948784,-0.0038882661686559443,0.0,0.0016817577911287791,-0.0028198546330302156,0.0,0.004321340789618322,0.0,-0.0014883229920710562
2024-01-29,0.007450945096665758,0.00911882205022844,0.0,0.0006474060710926063,0.00044668089997979205,0.0,-0.0036479936926725465,0.0,0.00995600842261728
2024-01-30,-0.00435347031649483,-0.003885972549962679,0.0,0.0019998518447181166,-0.001998668734730849,0.0,0.007698082244331328,0.0,-0.0032857720018475405
2024-01-31,-0.016795520638329686,-0.0180208185788384,0.0,0.003974385568110531,-0.007485441216181427,0.0,-0.025433163971288364,0.0,0.004123427308484419
2024-02-01,0.01198575235551319,0.012400924498165268,0.0,0.0052876318963203245,-0.0031621911602628403,0.0,0.003919281429334731,0.011216278767980613,0.016390558163699685
2024-02-02,0.011492761642034182,0.013784483804133461,0.0,-0.007984541779258617,0.01553975503995358,0.0,0.0018092025088518593,-0.001,-0.017666347293295616
2024-02-05,-0.0011368444439091214,-0.002443482019423346,0.0,-0.007594447766978034,0.0033913964193809307,0.0,0.019865069722195372,0.0,-0.015055772344872292
2024-02-06,-0.0006133237677488841,0.00038395803589358145,0.0,0.005936828358922994,-0.004787264257103451,0.0,0.012395099383348596,0.008013058154245134,0.008181650464939827
2024-02-07,0.007886942476722239,0.009317195905042567,0.0,-2.186014815037593e-05,0.0033635645351972657,0.0,0.0016570036797098897,-0.002323622260130054,-0.0032385769861195514
2024-02-08,0.0005839146152573128,0.0011541933458508063,0.0,-0.002396994710129031,0.0009198573803236899,0.0,0.0041356914597336925,-0.001,-0.004095037136472024
2024-02-09,0.0075271881435674225,0.007867796612868615,0.0,-0.000887287202172547,0.004790360217374887,0.0,-0.0036610060228643437,0.0,-0.0026701118702188833
2024-02-12,-0.0019115152548425532,-0.0022362099649618577,0.0,0.004678722189551266,-0.0062983151778242714,0.0,-0.011023304625336183,0.0,-0.004197331300244243
2024-02-13,-0.014909082172949405,-0.014719263836861802,0.0,-0.0015108744391144424,-0.0011886925260791146,0.0,-0.03817574280650027,0.0,-0.008032061863980311
2024-02-14,0.010226293659492066,0.010023843358128,0.0,-0.004365218239329931,0.0050609567146584706,0.0,0.02926121380974145,-0.001596112345305544,0.00391749552522791
2024-02-15,0.0053657718774413245,0.004866352040646864,0.0,0.0043951726942012175,-0.008070738492908828,0.0,-0.001,0.0067238125229136525,0.003512792682653032
2024-02-16,-0.0062029139924056585,-0.007054017712733014,0.0,0.002748348046641466,-0.005358948657121861,0.0,0.0,-0.001,-0.0029815108370101484
2024-02-20,-0.00511742923896434,-0.006530579956014446,0.0,0.0027785772357763285,-0.0041947631315815016,0.0,0.0,-0.011169474171303762,0.0020801097184792727
2024-02-21,-0.00148995754578413,-0.0015571902388900466,0.0,0.0027354603438038087,-0.006937672899730228,0.0,0.0,-0.006429746681477366,-0.0018162895950114555
2024-02-22,0.023339985515465775,0.02476540348939676,0.0,-0.007389975455297553,0.007865124973105382,0.0,0.009871634894592085,-0.001,0.004809357176670748
2024-02-23,-0.0009324211249263,-0.0010638046314470867,0.0,-0.0009103165305373111,-0.0017498567998132624,0.0,0.017207484640786586,0.0,0.000646881648278752
2024-02-26,-0.0018548866055602873,-0.002199574279437647,0.0,-0.004201150388947735,-0.00014640755640869034,0.0,-0.001,0.005303360623928,-0.003232204651089421
2024-02-27,0.0022478850397384766,0.002095782293838604,0.0,0.00305139864332476,-0.0005697881506548531,0.0,0.0,-0.001,0.0012968934237083118
2024-02-28,-0.00400525630968053,-0.0032789204151046536,0.0,0.0011241088494330902,-0.0022590455579822527,0.0,0.0,0.0,-0.00012913756650190233
2024-02-29,0.005681549023763997,0.005978264349715994,0.0,0.0004479046770335239,0.0032172057444562344,0.0,0.0,0.0,0.0018138042857080983
2024-03-01,0.012007440528298335,0.012112291931639072,0.0,-0.0004804646476183705,0.0038627302475013263,0.0,0.0,0.0,0.003745002643769979
2024-03-04,-0.0024806304156592953,-0.0022867212543007803,0.0,0.0018170960834105322,-0.004000347809342006,0.0,0.0,0.0,-0.0002590119776479938
2024-03-05,-0.011564896253714376,-0.013777189125905712,0.0,0.00744767177008394,-0.0070098589302646655,0.0,0.0,0.0,-0.0007779110544563483
2024-03-06,0.006132072759544529,0.005614036963263539,0.0,-0.0035396853437935937,-0.0012560676162596757,0.0,-0.0021104490088705843,0.0,0.002464797042827982
2024-03-07,0.011371848490026303,0.012292863516880012,0.0,0.0013898546872380918,0.0005422709227207356,0.0,0.0025940223546767616,0.0,0.0011646234744726591
2024-03-08,-0.006628646501254986,-0.009904119996134294,0.0,-0.00119220896322552,-0.001699498293551829,0.0,-0.012382220958881307,0.0,0.0002582304228360144
2024-03-11,-0.001458453618952157,-0.002167045667162265,0.0,0.0009603339862691815,-0.00353298676849012,0.0,-0.001,0.0,-0.00012919383161025255
2024-03-12,0.007705995440680831,0.012357609840486465,0.0,0.002068027545673295,0.005484207908860396,0.0,0.0,0.0,-0.011264149678824279
2024-03-13,-0.00418383660554175,-0.004299447606270277,0.0,-0.0038049490621813076,-0.0017955807088984675,0.0,0.0,0.0,-0.0006986190300161182
2024-03-14,-0.004604978948086709,-0.0022223364515775385,0.0,-0.0004479876814228098,0.000649094376387369,0.0,0.0,0.0,-0.006774955575502338
2024-03-15,-0.007847484449896485,-0.009080060929389983,0.0,-0.004152189163607667,-0.0008877806688963685,0.0,0.0,0.000880894487369833,-0.000648089887640424
2024-03-18,0.005679669765432416,0.0074656867121588345,0.0,0.0003724146336262673,-0.001672730230656614,0.0,0.009930989703886284,-0.005730914959851563,0.0023355585957280933
2024-03-19,0.003499247940941099,0.004182652811288309,0.0,-0.0019678690250456168,-0.003623762438725928,0.0,0.013928381844739102,-0.001,0.004012673015887369
2024-03-20,0.010505032782148144,0.010372186076260115,0.0,0.0013569470351529442,0.0004648181912855508,0.0,0.011477601676936011,0.0,0.0033523342887065155
2024-03-21,0.002901328288660039,0.003924235122005792,0.0,-0.0034663730179487306,1.376528052189315e-05,0.0,0.0036633637313903122,0.0,-0.000513652260203612
2024-03-22,-0.0028009819531334764,-0.0005586705386341486,0.0,-6.621008946143921e-05,0.0002251860529540037,0.0,-0.001602424127496227,0.0,-0.001028835123573324
2024-03-25,-0.002405371569803487,-0.0031480432706526233,0.0,-0.0011773868328573305,-0.004271994869296054,0.0,0.0026749480007279836,0.0,-0.0015441171878555204
2024-03-26,-0.0024177587328477828,-0.0024672728087713467,0.0,0.001796934937825618,0.0012381049348100602,0.0,0.0028457065674398763,0.0,-0.00116038149957165
2024-03-27,0.008389458628356928,0.006209622564628315,0.0,0.0034620088151199237,-0.002741193910660223,0.0,0.008601589514747543,0.0,0.005291018899099997
2024-03-28,-0.0003616503781957259,-0.0009175421500393169,0.0,-0.0018307289122842254,-0.002559127789132659,0.0,-0.008791981877806387,0.0,-0.002182087086153417
2024-04-01,-0.0013664913111679834,-9.868316288821839e-05,0.0,-0.0036966361723606944,0.003134909523315481,0.0,-0.0033705628935450926,0.0,-0.0040731739944707135
2024-04-02,-0.009078641461489154,-0.007341373113564013,0.0,-0.008069867456958396,-0.0034324433197832583,0.0,-0.014417966694392992,0.0,-0.0016879598095426163
2024-04-03,0.0023309620902325487,0.004879061959804932,0.0,-0.0025998233008954798,0.0020280893957589424,0.0,0.003160542539938138,0.0,0.0007801513704450702
2024-04-04,-0.013224840047071088,-0.00955349756175798,0.0,-0.003036989239183197,-0.003979380710255915,0.0,-0.021964127216191898,0.0,-0.0007795432087424059
2024-04-05,0.010006663497929513,0.014997980800152997,0.0,-0.0026464891503535913,0.001196855896939224,0.0,-0.010032249903149215,0.007751839759603992,-0.0009103260960969806
2024-04-08,0.0011681426183030087,0.002666675754793983,0.0,0.002137251048716712,-0.0010108493861705698,0.0,0.01998885807623485,0.004172785608684991,0.0023428110792653722
2024-04-09,0.00264733499073515,0.003888749429987805,0.0,0.0029016501152558673,-0.003464466097194974,0.0,0.0038282578839685666,-0.001,0.002078253255122009
2024-04-10,-0.012125279006144683,-0.01059909298422664,0.0,-0.002316090130914535,-0.00024855234898515466,0.0,-0.008716962756873836,0.0,-0.00881308490261734
2024-04-11,0.013066298876470138,0.017225194709148944,0.0,0.00013054533169177401,-0.000763507938983542,0.0,0.009068475861215841,0.005768437271886141,-0.0009152063926247678
2024-04-12,-0.014548876056170465,-0.01426396063494416,0.0,0.0007448936250220526,-0.0015910033081097878,0.0,-0.04175749773597581,-0.001,-0.0005230673136634723
2024-04-15,-0.007757086333140118,0.005732020072874725,0.0,0.001075721486706251,0.0004475840379341682,0.0,-0.028609290573259782,-0.007366935175315579,-0.005761831504047854
2024-04-16,-0.00039775704207298723,-0.0008065129392780213,0.0,-0.0002975694620318051,0.0010138908841765752,0.0,0.015798739341894352,-0.008214769994842932,-0.0032926756020799086
2024-04-17,-0.008786678830465262,-0.00998634398212364,0.0,-0.001488969833351635,-0.0014327025330020875,0.0,-0.001,-0.002150913712436817,0.0013216490836001071
2024-04-18,-0.001994285671597287,0.0002682601441119803,0.0,-0.003266565743818478,0.0009584817781674,0.0,-0.006533312657349021,-0.0005382583177762118,0.0007914649655877959
2024-04-19,-0.010053581048176378,-0.00479049013560303,0.0,-0.007537417952105322,-0.000892349058628397,0.0,-0.012279343874984527,-0.01624782017964812,0.0018459731548965408
2024-04-22,-0.0005285936357981173,-0.010915703310554819,0.0,-0.0021776138816485967,0.0009271819287238431,0.0,0.03846152991147278,0.008843831980253883,0.005528055847887625
2024-04-23,0.009667874701232934,0.005030400523223441,0.0,0.0036876621424077657,0.0001903790366631448,0.0,0.01964083903932412,0.008488338626109036,0.004057799952493557
2024-04-24,0.0007130785952754293,0.0001879809002652004,0.0,0.001518886830115856,-0.0020765145414544206,0.0,0.006053968835370904,-0.00010951753212881177,-0.0022162520278650177
2024-04-25,-0.0020373865511173093,-0.005437876361609804,0.0,-0.0007904938733054889,-0.005185988649520076,0.0,-0.001,0.005222238703437478,-0.0020907426461602707
2024-04-26,0.010508899139917621,0.009497061561354735,0.0,0.008945984168754466,0.0022462148107706805,0.0,0.0,0.003241927353549112,0.003142458770536871
2024-04-29,0.004025683023664736,0.0029099031633032443,0.0,-0.001526126895397445,-0.0038140543818961387,0.0,0.0,-0.001,0.0030016436634792143
2024-04-30,-0.01841187383024353,-0.017169593494703938,0.0,-0.0010945011776440556,-0.0024418642024537293,0.0,0.0,0.0,-0.007287073426368251
2024-05-01,-0.0021543099443856665,-0.004957248061787601,0.0,-0.002273558348352033,0.0022701995343383033,0.0,0.0,-0.016932275263324637,0.005270882068999949
2024-05-02,0.007717006047439647,0.010757176419402964,0.0,0.0038112759545831446,-0.002381689132663692,0.0,0.0,0.005758903747370425,0.006160866905445372
2024-05-03,0.014644072390984383,0.014320585119591927,0.0,0.006733111671864744,0.001234934148016152,0.0,0.0,0.00010816736540508742,0.004168755904611077
2024-05-06,0.011008638831015376,0.011845879606941397,0.0,-0.001274406703161849,0.004770792166918676,0.0,0.0,0.007885874773310153,0.0011674526268239394
2024-05-07,0.0009047429902062658,0.0010852227877909354,0.0,-0.0013386747498899017,-0.0025827490138147723,0.0,0.0,-0.0009647388684547176,0.00012957804454516442
2024-05-08,-0.0012242469599642153,-0.0013538428434222208,0.0,-0.006286665544342977,0.0021874758832045836,0.0,0.0,-0.001,-0.0023321026125149302
2024-05-09,0.005057879580966375,0.004269371633906234,0.0,9.971053522171008e-05,-0.0032308621239400103,0.0,0.0,0.0,0.00025995097685438395
2024-05-10,0.0001362464312464501,-0.0028871194596928147,0.0,-0.002022512883284398,0.0016922310717008776,0.0,0.0,0.0,-0.0015580757046860239
2024-05-13,0.001326474172281567,-0.006937733311921013,0.0,-0.0005127864652277976,-0.0018044980085301723,0.0,0.0,0.0,-0.00026017744927298025
2024-05-14,0.006335811400650516,0.005695745864811903,0.0,0.0015965319160853146,-0.00036734603197967884,0.0,0.0,0.0,0.0015608016577159933
2024-05-15,0.013615548074859884,0.01147183475023741,0.0,-0.0071145435922058235,0.0011192137029146093,0.0,0.0,0.0,0.005844330573888001
2024-05-16,-0.0030663499012767662,-0.005478827255141492,0.0,-0.0015176759670681994,-0.002997155149563846,0.0,0.00017547767793513278,0.0,-0.002324193425156884
2024-05-17,0.0005461084057622412,0.0075736439350481966,0.0,0.0024092610886312644,-0.0025546734790115573,0.0,-0.001,0.0,0.00012963230152829297
2024-05-20,0.0034538291481902477,0.0025404620795972574,0.0,-0.0005941269295169521,0.0001607897955988695,0.0,0.0,0.0,0.0005173522749517545
2024-05-21,0.0012144168141367932,-0.0022508388006412935,0.0,-0.00029941231744955805,-0.0019945121185565374,0.0,0.0,0.0,-0.0007759598843380955
2024-05-22,-0.005747511712146955,-0.011402813664257164,0.0,-0.0003103908154138045,0.0033945490838759493,0.0,-0.011090994253974307,0.0,-0.0022002603193673753
2024-05-23,-0.009014394189973723,-0.013068719111833816,0.0,-0.0023092477139811302,0.0001842935282471589,0.0,-0.007185833958544663,0.0,-0.003502348174102221
2024-05-24,0.006626775540686129,0.00690632066636321,0.0,-0.00164422553060118,0.0021058794232547825,0.0,0.015653935491741766,0.004542026640996028,0.0035146577291824688
2024-05-28,0.0036779692419582574,0.0019941480954254525,0.0,-0.0032000391383842494,-0.005284752564820825,0.0,-0.01060655266871069,0.0032862719329745755,-0.004021531826503
2024-05-29,-0.007555382533162417,-0.009294944912121395,0.0,-0.0015483826201215874,-0.00023990971200278958,0.0,-0.019263006887477396,-0.01368906932555344,-0.0029953215483322637
2024-05-30,-0.00628830669470643,-0.009531085776838831,0.0,0.007803116693201744,-0.006829603345649769,0.0,0.0013663848351350705,0.002769669757462746,0.004049788570541946
2024-05-31,0.001982254312448169,0.004454070542737758,0.0,-0.001404814629744671,-0.00389413476268869,0.0,0.015521061416234438,0.0009703458719304097,0.0035126051432814442
2024-06-03,0.0005966527788623024,0.0026459699002500028,0.0,-0.001074361781574273,-0.004577810705014547,0.0,0.0036949513373032428,0.009266737567535994,0.0031001442664508883
2024-06-04,-0.0009023223875298424,0.001771634550905486,0.0,-0.0037824773806131202,0.0007704334450809758,0.0,-0.0026773736932059755,8.846985679733695e-05,-0.0005191950879976925
2024-06-05,0.01477951361890386,0.015485189042268983,0.0,0.0015738893415578846,0.0014113496069896557,0.0,0.009899331672702516,0.011090334453981068,0.0032477639669099556
2024-06-06,0.0014778731467442845,-0.00019345484730129328,0.0,0.0007947227796743959,-0.0035650954459973184,0.0,0.004153513967502631,-0.0010000000000000002,-0.001683679594369325
2024-06-07,-0.008799615941086273,-0.0010745750907974567,0.0,0.000580715140715748,0.0017587883718393003,0.0,0.0047981621792954066,0.0,-0.0025942785909066624
2024-06-10,0.004433817028282452,0.003508620098363709,0.0,-0.0005917090231000031,-0.005208925365028744,0.0,0.0008233037615252847,0.00500927786639093,0.0009104535970632099
2024-06-11,0.004217110996299039,0.004386066547797979,0.0,-0.006177054301900487,0.0015674414870825376,0.0,-0.0004935633415493745,-0.001,0.0012996075001228125
2024-06-12,0.009125020810178533,0.01041364313029648,0.0,-0.004615208418028471,0.0010917449057784416,0.0,0.010699613594714608,0.0,0.004022590488900857
2024-06-13,0.0014440085363370283,0.0035568808549783387,0.0,-0.0026612722112214016,-0.0019090061385632555,0.0,0.0,0.0,-0.00012908450401205585
2024-06-14,0.004656326880612718,0.0026806064671622,0.0,-0.00582104287680907,0.003835353605253224,0.0,-0.015309485635925602,-0.001521050097232103,-0.003877890155870367
2024-06-17,0.007023024577178232,0.009931891728230604,0.0,-0.0019570726918980152,0.00046897229358490065,0.0,0.003473355733585981,0.004014968364247508,0.0006486834252079632
2024-06-18,0.0019171950069625143,0.0014548554517488067,0.0,0.0008040492932232061,-0.0031627641835956883,0.0,0.0021427570799199547,0.0034359745670263894,0.005366392711893177
2024-06-20,-0.001849453293613836,-0.005051947097022818,0.0,0.008364174319527597,-0.001923283716717268,0.0,-0.013322328433517772,0.017360432669190625,-0.002646582548031849
2024-06-21,-0.004805908389216415,-0.0019651726627566155,0.0,-0.00023328403693033853,-0.000391635707330308,0.0,0.006167676638315189,-0.001,0.0011644690832630644
2024-06-24,-0.005090897298161448,-0.006941621578102911,0.0,0.010507009499712242,-0.005960133232382159,0.0,0.00182240903312203,0.0,-0.0010339532420180486
2024-06-25,0.0046627754637011114,0.007131791454881473,0.0,-0.01325672703192349,0.008942164717620323,0.0,0.012072094054901283,0.017343725149489786,0.001293613638371216
2024-06-26,-0.0005013097701035842,0.0015962837394157096,0.0,-0.0014556532258436132,-0.0009196157445296319,0.0,0.004248338534182716,-0.001,-0.0021958388781582183
2024-06-27,0.003641196660980929,0.0020207605109263858,0.0,-0.00225106872354045,-0.00044175311464216265,0.0,0.005369375788651043,-0.0005137169392123156,0.0011651522339968245
2024-06-28,-0.0036582964640713496,-0.004498948697845905,0.0,0.003784743002216136,-0.002947523884640674,0.0,-0.006473564006347021,-0.001,-0.0024570748721789437
2024-07-01,0.003557152585104911,0.0037387088490175462,0.0,-0.005609808897755738,0.005474061493201167,0.0,0.01889558330257457,-0.01825870287038367,-0.00019553193483556885
2024-07-02,0.006727848963781892,0.008408794549705577,0.0,-0.0036709783767780433,-0.001554279719387423,0.0,0.006554753835539495,-0.001,0.002737539733838723
2024-07-03,0.007317526927151368,0.006212965434834882,0.0,-0.0028085733175030464,-0.00041182461448946445,0.0,-0.0027000980212409376,0.012133189451902227,0.0035094384523193245
2024-07-05,0.009133104242388777,0.007935682112154757,0.0,-0.003391419376896204,0.0014166123521258613,0.0,-0.0007962929818684517,-0.001,0.0029793275125338248
2024-07-08,-0.0013064280525138916,0.0017317975896729012,0.0,0.0009044304828832117,-0.0012537102520104573,0.0,0.008925686063313343,0.0,-0.0002582594780680125
2024-07-09,0.0010441300069938774,0.000919804479011696,0.0,-0.0023934952581067025,0.00261753779719387,0.0,-0.0006319260033090801,0.0,-0.0011628517939300531
2024-07-10,0.008886955450728738,0.010148231650607313,0.0,0.0006672792121271592,-0.0008335241342581486,0.0,0.0012646511725793452,0.005759608480480628,0.002328191544271885
2024-07-11,-0.008708549833210205,-0.014928220179265409,0.0,0.012237697265605993,-0.01351089589680974,0.0,-0.001894520549347689,-0.001,0.0036129146771439746
2024-07-12,0.004595115312295701,0.002035356416477269,0.0,-0.002081458403199867,-0.0016132162311030878,0.0,0.008383403496729391,0.0,0.0025714100123854777
2024-07-15,0.0028134711928900196,0.002910659766009342,0.0,0.0002458825659310633,0.004402956659286637,0.0,-0.008313706341911753,0.0,0.00012805562666740045
2024-07-16,0.006975683729824475,0.008799459819454021,0.0,0.0013520370126785155,-0.00435905355009537,0.0,-0.003954444719595052,0.0,0.0038466207605378777
2024-07-17,-0.017085364702332663,-0.01857112701651532,0.0,0.004985096116189462,-0.01335428522196022,0.0,-0.01715105304301001,0.0,-0.001149672749990116
2024-07-18,-0.006543718310236827,-0.008373736539014714,0.0,0.003399206559740756,0.0036497866256987323,0.0,-0.014703503900249104,-0.003289131468674807,-0.002045949715590023
2024-07-19,-0.010149101099833698,-0.01472937027671482,0.0,0.003929832339428955,-0.005372270440204245,0.0,-0.020826508155088352,-0.012016547590512355,-0.0007686136653285436
2024-07-22,0.009365812769105608,0.005162621625064146,0.0,-0.005787957244450594,-0.004328875059597219,0.0,0.02863840413150065,0.015344759508350098,0.0037189488244635527
2024-07-23,-0.0012074293729216908,0.00041893925077954785,0.0,0.0007247024036827117,-0.0028355144087005525,0.0,0.002767860447910886,-0.005445882010848652,0.00012736418410663752
2024-07-24,-0.022765863851799822,-0.014713859421471328,0.0,0.005887943403276224,0.004539591879346654,0.0,-0.06819290067436345,-0.0287079014622908,-0.003193353260650289
2024-07-25,-0.010025924309130947,-0.010361792153688107,0.0,0.0008745236203869469,0.004241160706234598,0.0,-0.0040076589071686985,-0.008295946694035718,0.00012797357650340402
2024-07-26,0.010701019017966957,0.012078894588114088,0.0,0.0026700319821807007,-0.0023650275517547066,0.0,-0.001,0.010355928283389677,0.003203499934117282
2024-07-29,0.0004966609537494273,-0.005618240072102861,0.0,0.0031767197061474857,-0.003904487564991775,0.0,0.0,-0.001017811591393745,-0.0008941417123508044
2024-07-30,-0.0036851239110489396,0.00739288895695018,0.0,-0.003985443004198076,0.004884813061015963,0.0,0.0,-0.016000320780206814,0.0005114108893935487
2024-07-31,0.020426512732338014,0.013366648613929192,0.0,0.021983206616840074,-0.003977183633843534,0.0,0.0,0.03064768761985827,0.0035776123687976114
2024-08-01,-0.013905570530782086,-0.014797731644769002,0.0,0.002024285901809112,5.8455240212681786e-05,0.0,0.0,-0.001,-0.0021882370366685944
2024-08-02,-0.014557023863354328,-0.011361085143970053,0.0,-0.01565803429104048,0.005347129038662001,0.0,0.0,0.0,-0.003335169892563994
2024-08-05,-0.023676749019073268,-0.019960434831777635,0.0,-0.0024145880097107947,-7.93739308851836e-05,0.0,0.0,-0.03044798199184222,-0.003003145065969135
2024-08-06,0.002603971689864465,-0.00012106958804570069,0.0,-0.0002376341344332203,-0.001399535395011083,0.0,0.0,0.01108222016151935,-0.017339646814730013
2024-08-07,-0.005771552881440407,-0.0035053046721627524,0.0,-0.0030012416035399437,0.003910149202354372,0.0,0.0,-0.0028456477799560136,-0.004814032986743888
2024-08-08,0.022123384722505267,0.013361948360350566,0.0,0.010892576502859831,-0.010873404486495993,0.0,0.0,0.024534496891806642,0.0014925802739006889
2024-08-09,0.0038770393477887714,0.003285982352469746,0.0,-0.0004020973377904153,-0.0005771196632645512,0.0,0.0,0.000923777784691968,0.00726921791506171
2024-08-12,0.006960838125468189,0.00784137943426785,0.0,0.0032839274823463134,0.0005955621646724835,0.0,0.0,0.0016359626684925316,0.008364008754115993
2024-08-13,0.011873851498202019,0.0017620553232884197,0.0,0.009204364069963878,-0.007741348226132263,0.0,0.0,0.006934973055406468,0.003971406868631472
2024-08-14,-0.001723107463655864,-0.004446421110118023,0.0,-0.0016440258483712798,-0.0009809265980409284,0.0,0.0,-0.001,0.0012212748809490971
2024-08-15,0.014394021764892129,0.0015107973242788747,0.0,0.009818720207074435,-0.008377137772533487,0.0,0.0,0.0,-0.0041469968000879985
2024-08-16,0.008651901361825719,0.013835757518182409,0.0,-0.0016320501194544948,0.0002514115441911921,0.0,0.0,0.0,0.010111827403524742
2024-08-19,0.00672199003414743,0.001600469127462013,0.0,-1.2732864371196471e-05,-0.0016116262434512911,0.0,0.0,0.0,0.0024283318626840134
2024-08-20,-4.765474625028566e-05,0.00154993352024881,0.0,-0.009129750627777121,-0.0006813942532673199,0.0,0.0,0.0,0.006463925216099331
2024-08-21,0.0021959200507833585,0.0005472022602668256,0.0,0.0005317351646394481,-0.0003011343373731984,0.0,0.0,0.0,-7.146073490346124e-05
2024-08-22,-0.01157420719749205,-0.014019691886840779,0.0,0.0004817933556119507,-0.002471664871867081,0.0,0.0,0.0,-0.010643173837518106
2024-08-23,0.010986287387326932,0.014704226656936386,0.0,0.0026459803496590877,-0.0023972509201744307,0.0,0.0,0.0,0.008299264963816323
2024-08-26,-0.0024883849812720343,0.0016318604171504415,0.0,0.0026316801924206826,0.0006507357245031059,0.0,0.0,0.0,-0.0005352266930318096
2024-08-27,0.0022581437135818904,0.00215986530164445,0.0,-0.0073269613989544865,0.0003631960591315071,0.0,0.0,0.0,-0.00017860969029248077
2024-08-28,-0.007776224824545892,-0.005721571524899496,0.0,-0.0024532974895761887,0.0007248715752084803,0.0,0.0,0.0,-0.003255716414343829
2024-08-29,0.001467041360846717,0.001800810522621343,0.0,0.0016873106704215035,-0.0018721780278717585,0.0,0.0,-0.006034777581584592,-0.0003132888312668838
2024-08-30,0.003987053431855127,-0.0007009767726600694,0.0,-0.0016789992043252885,-0.00028396378375110365,0.0,0.0,-0.001,-0.009425388773944216
2024-09-03,-0.01745150774693306,-0.0027955378946886177,0.0,-0.00933161624384222,0.014873742811642025,0.0,0.0,0.0,0.009117736821659861
2024-09-04,-0.0012185164669929597,0.0015499051986566702,0.0,-0.005071865334945557,0.003125867205427163,0.0,0.0,-0.0033036964834631134,0.008591317327493598
2024-09-05,0.002602099909896334,0.0027731793179313438,0.0,0.003194537862430261,-0.003931663242968936,0.0,0.0,-0.001675925301573311,0.006592858781205756
2024-09-06,-0.01529871597797301,-0.00452564101558464,0.0,-0.005534930476126579,0.0043243889510662225,0.0,0.0,-0.024307792920117435,-0.002656345584015113
2024-09-09,0.007941858983469963,0.00746031130819471,0.0,-0.001326204397417434,-0.0023920123703685733,0.0,0.0,0.007756531255533754,0.0042794011045166665
2024-09-10,0.004793832473951086,0.008943224122960157,0.0,-0.002340011492264361,0.002147913354872687,0.0,0.0,0.0067882827401200595,0.00609197442144297
2024-09-11,0.0011547398617148493,-0.001830739134257492,0.0,0.0035499602637936406,-0.005307206934332829,0.0,0.0,-0.0027585763768532344,-0.0010732663290423826
2024-09-12,0.012056217575094171,0.011251909496993718,0.0,0.004338187390560649,-0.0030063949306388437,0.0,0.0,0.0014075286848314332,0.003112038443953485
2024-09-13,0.007067974122444142,0.01017058463536053,0.0,-0.0013219212928797716,0.002183605103195965,0.0,0.0,-0.001,0.00523292895190055
2024-09-16,-0.0005226764284372298,0.0015839546318543176,0.0,0.003018386920739598,0.0004654373867220751,0.0,0.0,0.0,0.005926210329523007
2024-09-17,-0.002968424364051676,-0.006254162281419769,0.0,0.00928253620374981,-0.004131816015642952,0.0,0.0,0.0,-0.005079120949158028
2024-09-18,-0.005349843567685709,-0.004485924687093049,0.0,0.0025522634498370135,-0.00010183964148419017,0.0,0.0,0.0,-0.010755866207932556
2024-09-19,0.01836010042148163,0.007724137316370552,0.0,0.003913328674795373,-0.012465651420971249,0.0,0.0,0.0,0.003285492504443904
2024-09-20,0.0041102799935379365,0.004440417511446106,0.0,0.001764024574116149,0.007970106321496152,0.0,0.0,0.0,0.0019602962946352435
2024-09-23,0.0022924956008612387,0.00541969529522959,0.0,0.0014770702665646293,0.0017959244651794375,0.0,0.0,0.0,-0.0007013500175725275
2024-09-24,0.007797746349885099,0.008009249449632383,0.0,-0.003045025943664641,-0.005976049719065642,0.0,0.0,-0.0012027281608200093,0.004757402411481975
2024-09-25,-0.001097770717058115,-0.003911524658008074,0.0,-0.0051969222055353,0.005041668643923671,0.0,0.0,-0.008312292938824184,-0.005886609117496905
2024-09-26,0.0052810498196211655,-0.00162438902693245,0.0,-0.004907554631957288,-0.0045128707824329106,0.0,0.0,-0.001,0.0033086235290310517
2024-09-27,-0.005147482883668323,-0.006816001887736246,0.0,0.005152007457057446,-0.0010892193784987863,0.0,0.0,0.0,0.0006030106228209491
2024-09-30,-0.0013112579455651161,-0.010986977445629117,0.0,0.003952788516174867,0.0012370740777047943,0.0,0.0,0.0,-0.005899081703293041
2024-10-01,-0.0021206216525330177,0.0007040353198598936,0.0,0.002997610093077646,-0.0025236996045311594,0.0,0.0,0.0,0.008365033941418742
2024-10-02,0.0005001195311393267,-0.0018138779922317475,0.0,-0.0007234470569890681,-0.00442153762014784,0.0,0.0,0.0,-0.005406542785226259
2024-10-03,-0.004406343399842795,-0.005245180081753235,0.0,-0.002132721008718972,-0.0026792179743267463,0.0,0.0,0.0,-0.006365507173162332
2024-10-04,-0.0005506992861537191,-0.0034971424604659713,0.0,-0.001184204233846044,-0.003074596086560233,0.0,0.019037982830563238,0.004848733997524391,-0.008694254569460264
2024-10-07,-0.0075974476764926295,-0.002900626606321995,0.0,0.0024711869336374124,-0.007685324153947735,0.0,-0.043837859907532195,-0.009535090132155586,-0.00608352548740781
2024-10-08,0.0029986382321449557,-0.009973674308114433,0.0,0.0008787091007632866,0.0026260139439967874,0.0,0.018598545943712352,0.0016869763597449072,0.0003973318086445427
2024-10-09,0.0016125016865781168,-0.003032336071179375,0.0,0.0010031253105386414,-0.005185510596937178,0.0,0.013375819289280555,-0.005684698793324672,-0.0006293569040146663
2024-10-10,0.0022397464584657328,-0.00708416139542819,0.0,0.00012871546101637878,-0.0024413455726899724,0.0,-0.005656829255251683,-0.0026304813217320026,-0.0005037393771943899
2024-10-11,0.007115009268384749,0.009227151000262121,0.0,-0.005470695448083363,0.002219392274555342,0.0,0.004846176710348482,-0.004703186472968784,0.002646254500466849
2024-10-14,0.00388037042771028,0.0016604840681288466,0.0,-0.0011974269565004157,0.0016628756832158234,0.0,0.018033143952952857,-0.001,0.0005025579463506791
2024-10-15,-0.00408715116401921,0.003427735273816018,0.0,0.0025654483048932314,0.006957898227575731,0.0,-0.016065886540765684,-0.022225993592526305,-0.0002511527543628267
2024-10-16,0.003560237771072112,0.008536464746556467,0.0,-0.004510655579587846,0.004647481112541419,0.0,0.005442711305039261,0.007745191277266361,0.0017589313803385576
2024-10-17,0.002731794602878561,-0.0071161329376254676,0.0,-0.0018772526424468937,-0.0017367074408561319,0.0,0.00770357601469529,-0.001,-0.0015050682207006227
2024-10-18,0.0074244879651323885,0.004602372030975113,0.0,0.0005984950694297153,0.00038747386764289963,0.0,0.011776852827565465,0.0,0.0023866867602881925
2024-10-21,-0.00024434230634641686,-0.013464277579175541,0.0,-0.002049262310506648,0.000305164050121389,0.0,-0.00040842265193197225,-0.003988691337631577,-0.004009924484473126
2024-10-22,0.004345529999901035,0.0012720539487856004,0.0,0.003744284359981623,0.0013955061228668893,0.0,0.001838613915937426,0.002331574960539262,-0.0013838098146187194
2024-10-23,-0.011875774778226343,-0.002614802073667501,0.0,0.00039148456315809757,0.003412366552549383,0.0,-0.024673716596313122,-0.001,-0.0030242101237889507
2024-10-24,0.002838218885748113,0.00458236097233381,0.0,-0.0021490362594466465,0.0004699059044776346,0.0,0.008781061109485844,0.002796890719136097,0.002906728419756366
2024-10-25,-0.0033165839725992578,-0.00450530438546262,0.0,0.00014598429657560223,-0.0023487939457257335,0.0,-0.024455964874109504,-0.0047075570832357016,-0.0010079865168889368
2024-10-28,0.001656120773174625,0.001728677162751904,0.0,-0.0023772532783061864,0.0008945895399056984,0.0,0.023794326304359847,0.010666743300956433,0.0025227199916932896
2024-10-29,0.0005936320120644409,0.0010798383262508456,0.0,-0.002721409735471028,-0.0027644879982349495,0.0,0.0029052336238937215,-0.001,0.0002515635093129909
2024-10-30,-0.001655916710247238,0.0048725355432572715,0.0,-0.000560131649028138,-0.003554821455752792,0.0,-0.012000865075117884,0.0,-0.0017610278383406452
2024-10-31,-0.020185655487910837,-0.01624623176620598,0.0,0.002631249596929247,0.0005194377952953163,0.0,-0.03853403460917049,0.0,-0.0027722264611113046
2024-11-01,0.0011153308404467494,-0.00753086999087541,0.0,0.0022590294406140982,-0.0051340097875374425,0.0,0.008494868023189994,0.006514414261610591,6.353105833656336e-05
2024-11-04,-0.0010412691230196423,0.0059583338010034,0.0,0.0028076221524935144,-0.0031216041343949097,0.0,0.023110144977448455,-0.0007592125178189635,0.0027937091546879067
2024-11-05,0.008357606118927661,0.007848417054036699,0.0,-0.0031879518315438425,0.0038288975208904267,0.0,0.025965792061870108,0.01407881424409596,0.002785820679751305
2024-11-06,0.0038860302532968166,-0.025800596247784816,0.0,-0.017563305108245636,-0.009119014485864663,0.0,0.05123460404618507,0.028471969939693587,0.0017679273445876387
2024-11-07,0.006335518145605318,0.00505730763559139,0.0,0.005101392928829444,-0.0017537995873022807,0.0,0.01565862663282891,0.014076503855530166,0.0042857357212882086
2024-11-08,0.004175872643115074,0.008149013982158945,0.0,0.00451908242727497,-0.0019327398957526753,0.0,-0.001,-0.001,0.0016318981496621365
2024-11-11,0.004395952196975204,0.0017023004871350978,0.0,-0.010021003489620338,0.008173000190632228,0.0,0.0,0.0,-0.0011277102964299957
2024-11-12,-0.006895495728848556,-0.015424323352614046,0.0,-0.00298266291174436,0.004091357145821295,0.0,0.0,-0.009631355179477885,-0.004014569536285539
2024-11-13,-0.0029640414682108275,-0.006398721425637717,0.0,-0.000717072239814307,0.0008688539673303239,0.0,0.0,-0.009468340835168825,0.00025174501972657914
2024-11-14,-0.008510813754350447,-0.009211228046039154,0.0,-0.0020993037975961326,-0.0012127701923591377,0.0,0.0,-0.004115366731308147,-0.0021408140544237897
2024-11-15,-0.01676382313693771,-0.01852325189166073,0.0,-0.0002447090568324722,-0.002049872274588663,0.0,0.0,-0.0009692638349494501,-0.0001262683827121247
2024-11-18,0.00914333279003622,0.0046772083252903255,0.0,-0.002012984545603302,0.00035047324411286546,0.0,0.0,0.01180694935720873,0.0018932143080774289
2024-11-19,0.005843933260526442,0.0042506514916569845,0.0,0.0005070757272408139,0.002454391598484555,0.0,0.0,0.005977215122825724,0.001511919183106336
2024-11-20,0.0013263415169252665,-0.0005259127718125272,0.0,0.003263896084684365,-0.005818606441740778,0.0,0.0,-0.00013914892835589174,-0.000251710827397833
2024-11-21,0.008156826491547794,0.009117586262168062,0.0,0.003582979301030974,-0.004075546113289037,0.0,0.0,-0.001,0.0003775565711705564
2024-11-22,0.010278003530382678,0.011375328539868538,0.0,9.832056330791322e-05,0.00015295512833954505,0.0,0.0,0.0,-0.0002516791785627248
2024-11-25,-0.005201520097052484,0.014374931485095072,0.0,0.004101004756137132,0.0009935424276987547,0.0,0.0,0.0,0.0037742531262832113
2024-11-26,0.0010014565371909865,-3.199365946348939e-05,0.0,-0.001038223126801409,0.002349560001492296,0.0,0.0,0.0,-0.0018802394997183836
2024-11-27,-0.003243039254418868,0.004654001840494826,0.0,0.002044298397185002,0.00013500415741199092,0.0,0.0,0.0,0.0030137576773265895
2024-11-29,0.006230441091279086,-0.0015856441857400717,0.0,-0.0012174603789171035,-0.0008242978376473913,0.0,0.0,0.0,0.002002961143741766
2024-12-02,0.0037307217421299757,-0.00941342821701261,0.0,-0.0015969166175144,-7.279552961687824e-05,0.0,0.0,0.0,-0.0003637871427141226
2024-12-03,-0.0007977245620293186,-0.005999370499901159,0.0,-0.00233015571338674,0.00014350813927879714,0.0,0.0,-9.380212820675384e-06,0.0
2024-12-04,0.007453769984776924,1.7999463533796838e-05,0.0,-0.004058624211744691,0.00907589254870958,0.0,0.0,-0.001,0.002385347921325609
2024-12-05,-0.004291528792214059,-0.006383988845090917,0.0,-0.0037080007185685657,0.004516560301119824,0.0,0.0,0.002903203062868288,-0.0008770160861356624
2024-12-06,0.004554220285992713,0.0006969679846544307,0.0,-0.008754405096045699,0.011188182863161695,0.0,0.0,-0.01695655600951118,0.0016298770486822267
2024-12-09,-0.006010235021118993,-0.0006287883480626997,0.0,0.003079398560545673,-0.005632600400812064,0.0,-0.011418630200763058,-0.0016478524463878763,-0.0012514800849559027
2024-12-10,0.0004832667955946209,-0.010262659247894124,0.0,-0.004433973730061249,0.006369004408750917,0.0,0.0013160311455444607,-0.0050269112177889754,0.0005012400681363438
2024-12-11,0.011278996163382526,0.0006555623324769515,0.0,-0.011169841210252818,0.008011770350885742,0.0,0.004506227676123631,-0.001,0.0002504425817568823
2024-12-12,-0.008379268567030253,-0.01502449171449709,0.0,0.00034416040196379345,0.001450525372514009,0.0,-0.0031775358681366273,0.0,-0.0027550087389113243
2024-12-13,-0.0013654197896177786,-0.009686806165521564,0.0,-0.0006609586612864656,0.0006282435151741175,0.0,-0.0007500640193874863,0.0,-0.002887895446843425
2024-12-16,0.006880867036600027,-0.0001713916944944766,0.0,-0.007953164010639792,0.011007521944338261,0.0,-0.00863199618258259,0.004877939951139943,0.001888960195344902
2024-12-17,-0.004159391133797119,-0.007906515747585824,0.0,-0.0017237742504459892,-0.0008842399308684312,0.0,-0.01173580778143335,-0.0043918917545825425,-0.0021366186057673042
2024-12-18,-0.028893292170143796,-0.032813824014767054,0.0,0.0033495435870031435,-0.009294554045202092,0.0,-0.08657346364727148,-0.046272342865698035,-0.010268627204159109
2024-12-19,-0.0011057393528539246,-0.001411744635992482,0.0,-0.005940420564457854,0.003840772438588146,0.0,-0.04382470565678265,-0.0014458287969980736,-0.0010231740161468217
2024-12-20,0.010531942430960468,0.009870121354963289,0.0,0.002881573863672418,-0.0024446380484991126,0.0,-0.001,0.011173859865883342,0.006274969501367966
2024-12-23,0.0038991631529489558,-0.0037198330044726645,0.0,-0.0018325260352975005,-0.0011445058049710892,0.0,0.0,0.002093936030778628,-0.00267236788601255
2024-12-24,0.009162462188715982,0.004835551061216218,0.0,-0.003546033273096648,0.004885031659380849,0.0,0.0,0.010217602198093086,0.003189914966807539
2024-12-26,0.0017236700655687536,0.008190250663385487,0.0,0.00037478326948015987,-0.0006207326258258206,0.0,0.0,0.009468006883030105,0.002543817412209881
2024-12-27,-0.010333444511600386,-0.010146018164099475,0.0,0.0039866619711662115,-0.00454505356486404,0.0,0.0,-0.001,-0.0034256489938195855
2024-12-30,-0.009585480462941477,-0.005011450334846727,0.0,0.0015242941568797915,-0.0028427988240719714,0.0,0.0,0.0,0.0014003466495529082
2024-12-31,-0.002033360217690431,0.004201925991013731,0.0,0.00501567269989556,-0.00564691278318883,0.0,0.0,0.0,-0.00012702141694276303
2025-01-02,0.002848834866379589,0.008631249649901732,0.0,-0.002236850392566395,-0.003698578638574361,0.0,0.0,-0.0031564426212450807,0.002415914660951257
2025-01-03,0.006971294996321028,0.0009199741411303858,0.0,-0.002059622951449563,0.002923521981594125,0.0,0.0,0.014287098810780385,0.0015219267770756328
2025-01-06,0.005359251733419822,-0.0006369277598421041,0.0,-0.005955457575231479,-0.0032163848425523665,0.0,0.0,0.011377431049700348,0.001773004847521742
2025-01-07,-0.008474183635665303,-0.0004862433142637592,0.0,0.00614670945544068,-0.007359202401051965,0.0,0.0,-0.001,-0.0032867913862449916
2025-01-08,0.002234679711998954,0.0010986817519156719,0.0,0.0028848845640397146,-0.0024205092035711607,0.0,0.0,0.0,0.0012684640146138904
2025-01-10,-0.006978355281000183,-0.002638186472055143,0.0,0.0023608038722545935,-0.0032385997649909157,0.0,0.0,0.0,-0.005194103470192002
2025-01-13,-0.004093439741907558,-0.0030959449264270572,0.0,0.005260073550314778,-0.005958924141631829,0.0,0.0,0.0,-0.0002544633704492094
2025-01-14,0.0021665913790353975,-0.002582350183156588,0.0,0.0027630118463676102,-0.00032573065533497193,0.0,0.0,0.003282980881276783,0.0012736907262609343
2025-01-15,0.015448224931340444,0.001625901223055155,0.0,-0.008270004048343826,0.0066023504720993074,0.0,0.0,0.019837828866072982,0.008777496202402979
2025-01-16,-0.00022747263496744694,0.0023079087519625634,0.0,0.002338489381398089,-0.004002322498644133,0.0,0.0,-0.001,0.0011350058122527873
2025-01-17,0.0061217010268041555,0.0004626655201717174,0.0,-0.0015595945000771868,0.0042428122849030745,0.0,0.0,0.0,0.0008814930284275491
2025-01-21,0.010503201829158433,0.009948166992044066,0.0,0.0028964113624481477,-0.00388806623272348,0.0,0.0,0.0,0.0026427725363717958
2025-01-22,0.007331648534398081,0.00820562371999665,0.0,-0.0008304736460051532,0.0011285889364899676,0.0,0.0,0.0,-0.0013805571772314007
2025-01-23,0.001964872547022588,-6.017034156416242e-05,0.0,-0.00014546212832794404,-0.003524250154240672,0.0,0.0,0.0,0.0012568812434772259
2025-01-24,-0.00016977888471899307,0.0012371261174318764,0.0,0.001999403694400447,-0.0003743560235081297,0.0,0.0,0.0,0.0011300835909999751
2025-01-27,-0.016458184082805128,-0.019139172260770363,0.0,0.004579744181525143,-0.007879325745655157,0.0,0.0,-0.011403989583669172,0.0007523318877287188
2025-01-28,0.00990855551929381,0.011019823225397565,0.0,0.011783991381365213,0.0037129713760141224,0.0,0.0,0.003155609702953555,-0.0003763996198817843
2025-01-29,-0.0036375562994398654,-0.0030467492347491846,0.0,-0.0024252807934602096,0.0006105731740592159,0.0,0.0,-0.001,-0.0006263978219294142
2025-01-30,0.009173697329133767,0.010649337501574232,0.0,0.0028257545778732065,-0.001938749508147885,0.0,0.0,0.002491083574461382,0.0018814052927087488
2025-01-31,-0.001345788707322073,0.0003903203292036179,0.0,-0.0014819752853200308,0.005438973607118036,0.0,0.0,-0.015496406939893513,-0.0020030568573401464
2025-02-03,-0.001872683243682342,-0.00016924265776400608,0.0,-0.001107373417677163,-0.0051454877240234426,0.0,0.0,-0.01430012020574503,-0.0012602529337047974
2025-02-04,0.009359800955970705,0.010845458625186854,0.0,0.005352561784914482,0.0003443173773607411,0.0,0.0,-0.001,0.0031542455478275055
2025-02-05,0.00506836029482392,0.005302738744272415,0.0,0.003573310261827551,-0.007260564473745656,0.0,0.0,0.0,0.0026411567128978852
2025-02-06,0.0011084636673436765,0.001259868957322733,0.0,0.0005008145207191143,0.0018877104229930034,0.0,0.0,0.0,-0.0015052273761144708
2025-02-07,-0.005187044551675359,-0.0052749057235114884,0.0,0.0013282938014403229,-0.0023527973984683974,0.0,0.0,0.0,-0.0031406692595771224
2025-02-10,0.01254271944126048,0.014598799060075615,0.0,0.0009941088690815674,-0.0021919254981392165,0.0,0.0,0.0,0.0020163279540454937
2025-02-11,-0.0020158199143380123,-0.0031562682865071824,0.0,-0.0012337155326499654,-0.004719412820165649,0.0,0.0,0.0,-0.0003771459075746497
2025-02-12,-0.0004075946844490729,0.0008364977347814518,0.0,0.0005393984813389704,0.0021460101382374335,0.0,0.0,0.0,-0.0021392055099358487
2025-02-13,0.010987180457935904,0.011916358614225695,0.0,-0.004704043025293125,0.00032962616349796144,0.0,0.0069813092454168455,0.010269108869142118,0.004539337301662005
2025-02-14,-0.006463906751881017,-0.007113314615212913,0.0,-0.004010817553445946,0.0026541722810905577,0.0,0.0023175502010635007,-0.001,0.0011297834633199333
2025-02-18,0.009086676500465792,0.01032068576560398,0.0,0.0038973310559302925,-0.0022469841513571053,0.0,0.002504763961387324,0.0,-0.000877660233955635
2025-02-19,0.000988022040954636,0.00033117520436380324,0.0,-0.0009778606050272751,-0.0037137501375074885,0.0,0.005573725203367408,0.0,0.0007529998734359111
2025-02-20,-0.0019065970546338238,-0.0014800080743791137,0.0,0.004855432911649486,-0.0055065894999722885,0.0,-0.0015290140830283017,0.0,0.0006267876336272238
2025-02-21,-0.010291837360412158,-0.008426435139724337,0.0,-0.006149243478683258,-0.008570347981979908,0.0,-0.03560491099904095,0.0,-0.0018795964086822936
2025-02-24,-0.0011852672713766196,-0.0002882596729908049,0.0,-0.004154836810435958,-0.0025987455985838443,0.0,-0.003572852349336353,-0.008208474867499427,0.0012555613402915888
2025-02-25,-0.010819041250189974,-0.01314507729638626,0.0,-0.0038903629185447117,-0.008012552184451046,0.0,-0.0023904169334865166,-0.012323866936920702,0.002507562150094511
2025-02-26,0.0013471784167558747,0.0010370279922333131,0.0,0.006599842271648108,0.0006945562377380201,0.0,0.009784302033824632,0.004734248138674071,0.001375976386376987
2025-02-27,-0.01781157187941179,-0.0045779436805405225,0.0,-0.0017268311499556372,-0.0008801299796560888,0.0,-0.03045285593871505,-0.026506867190716085,-0.0018735947782899665
2025-02-28,0.001741932399911428,-0.00023713929521294248,0.0,-0.0008967319376999938,0.003515942668799936,0.0,0.014888834599452894,0.015061220588109686,0.002753021884916773
2025-03-03,-0.001165302056558346,-0.00034433180516657406,0.0,-0.012468637826919959,-0.003164550953501934,0.0,-0.044815104852431564,-0.006833514057645863,-0.0020812963233606263
2025-03-04,-8.609615544326104e-05,-0.000347264099225128,0.0,0.001874178761154384,-0.004338971884123849,0.0,-0.001,-0.0020416942667366724,-0.00012561853530224099
2025-03-05,0.005183059441738083,-0.004455188565084617,0.0,0.003144789375022361,-0.00097705093347942,0.0,0.0,0.01694527215760205,0.0005027425540369279
2025-03-06,-0.011259875619730379,-0.010310592839066157,0.0,-0.00478661745739464,-0.009192466381627998,0.0,0.0,-0.028864659616703505,-0.0037681615280453773
2025-03-07,0.0019991849542695195,0.0018547345904771342,0.0,0.0016586635986866624,-0.001834173709829065,0.0,0.0,-0.002801976203677228,0.001638908881094192
2025-03-10,-0.015712505782315356,-0.008628748661708775,0.0,-0.015752500837246074,-0.006694365870561918,0.0,0.0,-0.02404620326677046,-0.00377591695552959
2025-03-11,0.003960727405673896,0.009624096684987272,0.0,0.0019687629614035507,-0.001509102869715309,0.0,0.0,-0.009279563777168796,-0.0035373884007469103
2025-03-12,0.004325061238929827,0.002691133769753164,0.002719274724226701,0.010899104685500139,0.005230308862222922,-0.007961402265546372,-0.02614559614190154,0.0014702281054210786,0.0011409911719990617
2025-03-13,0.008519927458609342,0.010015428917970227,0.013087536539520746,-0.008206356347496356,-0.005289846043181278,0.014294801504688892,0.021833624687739306,-0.005452935177282181,-0.005572143503178029
2025-03-14,0.006320758468422119,0.0022916357126928346,-7.638522760046625e-05,0.005149955784978578,0.0036214027709998496,-0.018802829169123327,-0.04374205847175805,0.023196997227388882,0.004584411627297058
2025-03-17,0.007629068248592597,0.005892362740297912,0.002493188111647862,-0.00332233581541574,-0.0019709731232835934,-0.005141461933850739,-0.018757436974774,-0.001,0.0024088570386529007
2025-03-18,0.0048305857908174975,0.006185690544728098,0.00756299613061694,-0.006692927501114826,-0.0017163672836612227,0.011181307753119119,0.013817283008911052,0.0,-0.0017705351708304784
2025-03-19,0.003075429766986754,0.004184673178987731,0.003570294119393457,0.004111061241547163,0.005468968997473896,-0.008649862791900947,-0.017058004219056566,0.0,0.006587922883042774
2025-03-20,-0.0032710638462050425,-0.0003519572001536439,9.019547520881315e-05,-0.0027776966708010766,0.001517722588407954,0.002314860609625158,-0.008310816739109994,0.0,-0.001384341814093304
2025-03-21,-0.008263900787626505,-0.007450312298896523,-0.004333934133315091,0.004150364902309725,0.003709615773996919,-0.001686515840133834,0.00031691081910323327,0.0,-0.0015125840880725328
2025-03-24,0.00011168017537811114,-0.002083004003761439,-0.0023430494258718454,0.011472851299934434,0.001281723416702943,-0.017096072768964778,-0.03220016044925794,0.0,0.0029032363501646508
2025-03-25,0.002821318948493125,0.001421479465958563,0.002107996154360688,0.0025664410418003514,0.007381937866421937,-0.002834720426428178,0.004062252138309463,0.0,-0.0005030512065621329
2025-03-26,-0.005239894494068857,0.0013383132072898425,-0.001,-0.010153582569886414,-0.002235580309769983,-0.001,-0.0005,0.0,-0.00402972674366997
2025-03-27,0.009149891558574952,0.006429509417466913,0.0,0.0007058318366251672,-0.002152689319649643,0.0,0.0,0.0011680981368519259,-0.0018968094747523478
2025-03-28,0.001963963867775516,0.0034066897859704372,0.0024354455529296158,-0.008969416343889095,-0.005671314518948129,0.02051178126967812,0.04428736830526009,-0.001,-0.001773450884599015
2025-03-31,0.011424646330564435,0.009159190539438164,0.009159190539438164,-0.005966817815600522,0.0010862560385605019,-0.0016355403140256633,-0.0021790929348072807,0.0,0.0011420047745067663
2025-04-01,-0.0010349498666476587,-0.002004065113585268,-0.0008046628057433292,0.0025723190252560516,-0.000126594993621998,-0.0027171911858707323,0.0006964137670045778,0.0012926384443242211,0.002940218698048837
2025-04-02,0.002463446277043191,-0.0011586573958813568,-0.0003930516383154124,0.005445108420662534,-0.0015778563678465226,-0.005797411406256947,-0.013709527298921553,0.0013711841108834469,0.00029182124315604846
2025-04-03,-0.016800938590265185,-0.01688118777324354,-0.010041143803396269,-0.01220838341930478,-0.00717037444020147,0.04317237778413294,0.12257405324787374,-0.001,0.0008726105295893743
2025-04-04,-0.019615552129306817,-0.015869001273223163,-0.01548511960322519,-0.005027157169195709,-0.004157428885576602,0.05342250129922751,0.09983594611406899,-0.07069121433042955,-0.0011106110063012148
2025-04-07,-0.01988686498831215,-0.013424871069086634,-0.013424871069086634,0.008334460784404762,-0.0007202577227355023,-0.003512825431157612,0.0027351879202649476,-0.001,-0.02712139157169856
2025-04-08,0.0009572620147627192,0.0015375724114575409,0.0015375724114575409,-0.0040168265232183665,0.005563540329577555,0.011280866015372225,0.06331614263523155,0.004443793790763651,-0.010365790761046267
2025-04-09,0.021350208246331645,0.026286182970280448,0.026286182970280448,0.03432896538508047,-0.017652053046042532,-0.0859165667081786,-0.10461186434839187,0.03699125081478161,0.016772685418295696
2025-04-10,0.012102916848609405,0.012566707197400195,0.012566707197400195,-0.015166014502693193,0.006868197832264856,0.02679172454256968,0.09473285238251428,-0.02994842063115699,-0.009371343165204543
2025-04-11,0.010688084041345981,0.016634244685977014,0.016634244685977014,0.0059483469210756075,-0.005901024037884896,-0.013866814921558186,-0.014247215481667297,-0.001,0.010215574547130579
2025-04-14,-0.0007756113556982218,-0.005853946235589971,-0.005853946235589971,-0.00618205815412025,0.0002710219664240107,-0.0058025317294949485,-0.05740521971929796,0.0,0.0026409432854060002
2025-04-15,0.0042944547714105176,0.005134177663312494,0.0041143305846291205,0.0010334527225599535,0.0008942412684762089,0.001611200934681745,-0.0037313432835821003,0.0,0.0007229986081445112
2025-04-16,0.02410946457508396,0.03105142387472831,0.03152435379835943,0.001769505283327278,-0.004825018242735254,0.022280563946487076,0.04172934625381819,0.0,0.013015934484395798
2025-04-17,-2.982891934137521e-05,-0.00433432799838054,-0.004436000791639083,-0.007482447310389104,0.00282438650721613,-0.000967678678479239,-0.014503843711039022,0.0,-0.007277845226080843
2025-04-21,0.016802767323080083,0.029499940233022787,0.029967790696040334,-0.0035599219752894527,0.001852660150212911,0.016963504951049847,0.029588332217169055,0.0,-0.0005343283019416788
2025-04-22,-0.005199995142930011,-0.013832235386817007,-0.014233611653637708,0.0033245299705356897,0.002819932872475258,-0.019944594730020852,-0.030499303212840057,0.0,-0.0013405304711887884
2025-04-23,-0.015509994960218446,-0.022219375692630255,-0.023118198892921632,0.011354188517654781,-0.006860546930974543,-0.013725819737746392,-0.017749361567282407,0.0,0.003025129312399068
2025-04-24,0.012129515872760815,0.014449382150805497,0.01376752656239444,0.01697763169375101,-0.00762969491501107,-0.018395378413633028,-0.016912563342390996,0.0,0.008974328110831653
2025-04-25,-0.007225327391580831,-0.008889234287506044,-0.00884842228601617,0.0003914198116623228,-0.0012521555154006573,-0.005723595730731096,-0.022594051942954163,0.0,0.000889409274624775
2025-04-28,0.011287708021262405,0.012780286678777801,0.011871041335440743,-0.003728895127715425,0.0008266710099382913,0.0005754773764942432,0.003472785545433621,0.0,0.0005079296675301048
2025-04-29,-0.005803373516063637,-0.007442227027381179,-0.00657115727931168,-0.004057454203823986,0.0007272882188682195,-0.003524152318450241,-0.004972721610259967,-0.010738925467677185,4.134924325447601e-05
2025-04-30,-0.004509229225424103,-0.006195313194696422,-0.005078177272711244,-0.0004956758975166684,0.0017589334837786537,-0.0011375300242945751,0.011503549423691473,-0.001,-0.007879392862153667
2025-05-01,-0.013413256519495204,-0.01689629408764235,-0.015736238701871838,-0.0029166315745055935,-0.002002885485764045,-0.00856643983320009,-0.007443764933446395,0.0,-0.010566154839542173
2025-05-02,0.005183651827669276,0.005563987679371305,-0.0010590533120929484,-0.0023604810309762595,0.00010237510326887141,-0.013603170123837306,-0.021141487426494243,0.0007481999132260561,-0.00642383117378444
2025-05-05,0.017705724389480922,0.021528935875210334,0.024607970122982846,-0.004633475116331569,0.0012907685219862256,0.004006864129581795,0.01024006401672961,0.029867754776654154,-0.002381812621440214
2025-05-06,0.015217837561938202,0.01960588684297415,0.02389330457510274,-0.0021060671913449344,0.0033830093166537963,0.00796758124055481,0.01941109207771663,-0.001,-0.0007643289531721331
2025-05-07,-0.010623710290627182,-0.01208626787001741,-0.013117918795263318,0.00034502829105898056,0.0006883132563363899,-0.0027732614647438484,-0.012668268013918238,0.0,0.0008924335612747747
2025-05-08,-0.014405868087254966,-0.015523190634707138,-0.017924597257981786,-0.0017938463081530489,-0.002569926816122345,-0.008133032997804074,-0.01949632608392099,0.0,-0.00025481252173864544
2025-05-09,0.005962644255264668,0.006574674712679427,0.005986040796115023,-0.0025637662460164935,-0.0009197378615348115,0.001547294684274547,-0.0036348291976598945,0.0,0.0006368846020115004
2025-05-12,-0.0143055494419797,-0.019622083653785306,-0.024570297451314317,-0.0010161081061869901,-0.005328069241002108,-0.0313892375353542,-0.06488421822354645,0.0,0.009929982135957305
2025-05-13,0.0020089806494125884,0.0032469991682056425,0.0031736164502945254,-0.013849874876689146,0.005009174574538944,-0.008905459407576621,-0.0058708267322645225,0.0032589925995972777,0.0017646600073093488
2025-05-14,-0.012967363536473906,-0.01639612185509167,-0.001,-0.009396197035688784,0.006545430354743745,-0.001,-0.0005,-0.021037827999516923,-0.003648986192021364
2025-05-15,0.01097895430640033,0.014187004370191351,0.0,0.004619184818541293,-0.001404371706476907,0.0,0.0,0.015963953531585195,0.0018943471708072757
2025-05-16,-0.005892286692864641,-0.007701900440571054,0.0,0.003916253192097736,-0.0013452059413467533,0.0,0.0,-0.012087047232674286,0.001134540798460204
2025-05-19,0.008400539035502485,0.011600060125400023,0.0,0.0027027388702226913,0.0008710914172239393,0.0,0.0,0.012880671121226372,-0.0005037481222730511
2025-05-20,0.01083972763615357,0.013731361039190785,0.0,0.0003559691099836377,0.0011006190649439347,0.0,0.0,-0.001,-0.0005039001320062964
2025-05-21,-0.00024195316801432692,0.0028682819468938267,0.0,-0.002299271098503581,0.0015139133841082487,0.0,0.0,0.0,-0.006679991857695966
2025-05-22,-0.005793046575096963,-0.006190231164299838,0.0,-0.0026323999769971734,-0.001312307555191379,0.0,0.0,-0.0007383658649177107,0.0020301782757994324
2025-05-23,0.012363447203911939,0.014779258667404392,0.0,0.0031002330585079376,-0.0018855660103730887,0.0,0.0,-0.007884712479998689,-0.0002532581253307242
2025-05-27,-0.005985152546699718,-0.0062868080819598994,0.0,-0.002638827504100978,-0.00035905073746948893,0.0,0.0,0.019857625248166626,0.006079837185375414
2025-05-28,-0.004665492074389043,-0.006019754362073048,0.0,7.178252123097098e-05,0.003222399331488999,0.0,0.0,-0.001,-0.0006296313001692422
2025-05-29,0.004996349407159213,0.005327824402955925,0.0,0.004659470030895212,-0.005080189405619866,0.0,0.0,0.0,0.001511802276352947
2025-05-30,-0.004946573417411233,-0.003425115288490019,0.0,-9.232777337758258e-06,0.004656721131232632,0.0,0.0,0.0,0.0008805449613011884
2025-06-02,0.01831700639667596,0.020806800938947732,0.0,0.0007030585728845493,-0.0021994312516654957,0.0,0.0,0.0,-0.0001767468257733995
2025-06-03,-0.007597696536943456,-0.008398865325037995,0.0,-0.0019154645867234506,-0.005376635578068484,0.0,0.0,0.0,0.0018942395457728356
2025-06-04,0.0038418839357079,0.005732626779465669,0.0,-0.0019772682129706415,0.004162736244452436,0.0,0.0,0.0,0.001890861111908615
2025-06-05,-0.005472482770763245,-0.003556671819679599,0.0,-0.0004042084037203771,0.0006807219386067882,0.0,0.0,0.0,-0.0021388504873631753
2025-06-06,-0.00573377359664579,-0.00772475145038621,0.0,0.0015049740075237454,-0.0011148220410889655,0.0,0.0,0.0,-0.00012584561402151362
2025-06-09,0.004578607409936172,0.002989577289776721,0.0,-0.0013214561131775575,-0.002755438548801473,0.0,0.0,0.0,0.0005041563207368593
2025-06-10,0.0024302722067429446,0.0006604057358009196,0.0,0.0009322147144779894,-0.005183362067307319,0.0,0.0,0.0,0.0023948292951150307
2025-06-11,0.0036933247681695857,0.0030015209691039574,0.0,-0.0005696119928964021,-0.0025719717139489344,0.0,0.0,0.0,-0.00025150101065962716
2025-06-12,0.00854372191737435,0.010853159989169012,0.0,0.0030037069884103957,-0.0012922776497591238,0.0,0.0,0.0,0.0011318874073198426
2025-06-13,0.003185036052723652,0.00426878870186523,0.0,-0.0017571721304686962,-0.0029249093403084982,0.0,-0.041192495778814786,0.0,-0.0030149538312442825
2025-06-16,-0.006327471525303346,-0.008249492204616765,0.0,-0.004659728147110258,-0.0017019915076713328,0.0,0.03560677359361031,0.010409221131144952,0.0020160137028482072
2025-06-17,-0.004584706238619388,-0.004119261255348948,0.0,0.0007898817151309175,0.003852657433762387,0.0,-0.02832925400868813,-0.001,-0.0011316438908993698
2025-06-18,-0.0031672657138843083,-0.0030708866974373367,0.0,-0.0006403289402402126,0.00013137325227407235,0.0,0.011711871255824402,0.0,0.0015107030595993276
2025-06-20,-0.003236201770847197,-0.0032761551219194418,0.0,0.0034433839697752874,0.0003847568146021969,0.0,-0.0054186555239919,0.0,0.0031426180348574917
2025-06-23,0.004743435386370385,0.004506653247213264,0.0,-0.0019373045541688906,-0.005980382090815722,0.0,0.007924707438328848,0.006830719570318893,0.0018797242748294085
2025-06-24,-0.007200334956498034,-0.0063746308403842275,0.0,-0.002034544257367422,5.2781436677422366e-05,0.0,0.03734644789362629,-0.001,0.0027515751763642626
2025-06-25,0.0002644932097173009,-0.00042375478133046716,0.0,-0.006215147155975049,0.0005258377018515818,0.0,0.0018947895320806651,0.0,-0.00024909170882037035
2025-06-26,0.0030556251635187963,0.0036597017572237043,0.0,-0.004072722523142092,0.0017111802134790412,0.0,0.002600487289257103,0.0,0.0028692351431143237
2025-06-27,-0.009278443049333361,-0.006703735885958258,0.0,-0.0015682626899949184,-0.0014317380563604798,0.0,0.00023575386864371772,0.0,-0.0004974826955030931
2025-06-30,0.007408598081705898,0.006864694821657804,0.0,-0.002444385227810832,0.0016574976104205886,0.0,0.004243288848313931,0.010984547297433589,0.0038586121319357236
2025-07-01,0.004984683581028811,0.004340244524204066,0.0,0.011581527555807006,-0.003990769880625345,0.0,-0.00023470239181522246,0.008923010663382636,-0.0012584054628509422
2025-07-02,0.004674667983253778,0.004412396652564275,0.0,-0.002597084620747612,-0.005863954154307838,0.0,0.002347933171233274,-0.001,0.001871150152280121
2025-07-03,-0.002783296872918983,-0.003950331231260422,0.0,-0.0015786273661408507,0.0005385901503887023,0.0,0.003045234769201821,0.0,0.0006224853352887472
2025-07-07,-0.005224408168333513,-0.004195092226115731,0.0,0.0032339711344102056,0.0009895465226642335,0.0,-0.004904229004421001,0.0,-0.0033595888431029453
2025-07-08,-0.0031576103712264818,-0.003044741407038986,0.0,-0.004312460173405786,-0.005256651918451451,0.0,0.011499597670751704,0.0,-0.0013732092770938342
2025-07-09,0.0038257097347616014,0.005829480588237424,0.0,-0.0028487626514130207,0.003287227586104343,0.0,0.01740139272743435,0.0,0.002750295300451233
2025-07-10,0.0011027472925492236,0.0007723376222222653,0.0,0.001367652591986179,-0.0034015025218735867,0.0,0.0041049101810577415,0.0,-0.0009972826171092963
2025-07-11,0.0021274704450391633,0.0003798389421081692,0.0,0.0018615317981097747,-0.0032674391780921942,0.0,-0.002044064389804423,0.0,-0.001248022689358419
2025-07-14,-0.0015285328183781777,-0.0017870471647213812,0.0,0.0025221575736112094,0.0038021101612815155,0.0,-0.007510196328427532,0.0,0.0007496692356026013
2025-07-15,-0.006109991711843243,-0.007810875228991053,0.0,-0.007383219900320707,0.003399078397494417,0.0,0.003210258832585522,0.0,-0.0029965306382929713
2025-07-16,0.0030440723539806682,0.0036677620867278703,0.0,0.0014697636271905376,-0.004603549898608824,0.0,-0.00342860630580355,0.0,0.0026298070956434216
2025-07-17,0.0022105940171446487,0.002423981763049935,0.0,-0.001396935461493944,0.005086965424469729,0.0,0.0018349044462047104,0.0,0.0009993512772272783
2025-07-18,-0.0003028307137834976,-0.00022393411818383098,0.0,-0.0007783664117563459,0.002213815302327251,0.0,0.007554899589099051,0.0,0.0013724237689520802
2025-07-21,0.010313426576121264,0.010358534075560819,0.0,0.0003868379774668925,0.002491208293914139,0.0,0.003408351092926809,0.0,0.0013709421166536728
2025-07-22,0.0028649560135392367,0.0044598073567018925,0.0,0.006245103696397516,-0.006993150373647094,0.0,0.002264458208030451,0.0,0.0017422109929565721
2025-07-23,-0.001176201233972079,-0.0006219613466359596,0.0,0.0031791545652612775,-0.003511752369827984,0.0,0.020560322682375176,0.0,0.0004967951142111904
2025-07-24,-0.0037767525711681817,-0.00806130633957796,0.0,-0.0012982955157003454,0.0004815971192490424,0.0,0.0013283457100572438,0.0,-0.001241669484950414
2025-07-25,-0.004321096736245646,-0.004556823679502041,0.0,-0.0029561989648062698,-0.0016995775654768258,0.0,0.00442186082165863,0.0,0.0006217559611338963
2025-07-28,-0.003903294573235074,-0.012083283674707325,0.0,-0.005843563564645695,-0.004163704660664847,0.0,0.013427264060178024,0.0,-0.000497055884448927
2025-07-29,0.0005373949270309519,0.0002794984627925751,0.0,0.005891907735064043,-0.002400591538940878,0.0,-0.011728951016272138,0.001750389076383808,0.0006215790497787754
2025-07-30,-0.008274871306583135,-0.011649311831179902,0.0,-0.0014974867791749179,0.001704631175971919,0.0,-0.00153845483130155,-0.017273497289540862,-0.0021117773084055047
2025-07-31,-0.0010366354584975587,-0.0005774652022756883,0.0,-0.0057109921983061,0.010150466730584834,0.0,-0.002201155039607161,-0.006476757850373291,0.0006222083399654021
2025-08-01,-0.0008122572608528532,0.0049404480395319585,0.0,0.003972528120946037,-0.0038397656467582158,0.0,-0.04125309223572393,-2.8018632609787893e-05,5.013242235185622e-05
2025-08-04,0.010992088262032303,0.007941846451463964,0.0,-0.002104284636832591,0.0026844683046215044,0.0,0.03451449681543872,0.010659294113137156,0.003375646431657442
2025-08-05,-0.0008970610443413762,0.0018271399304421842,0.0,0.005035793579500319,-0.003030288332314005,0.0,-0.0042259481890114525,-0.005347009362444382,0.00027439037580114954
2025-08-06,0.004388374974766451,0.0017223646164914942,0.0,-0.003332704500319446,0.003180980199933797,0.0,0.016082225002038486,0.004835546974957028,-0.004495357585109711
2025-08-07,0.006718893551131632,0.008360019019240501,0.0,-0.0028522917992391656,0.005403062316691719,0.0,-0.0046164627703086936,-0.001,0.0018430706605717547
2025-08-08,0.0026483371669784087,-0.000594398206506322,0.0,0.0027241622900591772,-0.002641717949362882,0.0,0.01766791239675558,0.0,-0.002895576581426207
2025-08-11,-0.007043312169416718,-0.008059376256191977,0.0,0.0008636221401200746,-0.002268479099955101,0.0,-0.0017361507785524921,0.0,-0.004286618946885479
2025-08-12,0.006614057542918126,0.006576074245589804,0.0,-0.003172963785887955,0.0019742411902095545,0.0,0.02065219049868383,0.0,0.0002437311457426112
2025-08-13,0.0022284685224871733,0.008203012249350373,0.0,0.0015329958122381228,-0.00618653801512624,0.0,0.00340787741878823,0.0,0.0044496502944406345
2025-08-14,-0.006781555638125751,-0.006673991762471278,0.0,-0.00019972639362987683,-0.004025598459649689,0.0,-0.002122740129966938,0.0,-0.00460517017409434
2025-08-15,-0.002776441838877656,0.003428492156419673,0.0,0.004123106252957042,-0.008988413001385594,0.0,0.001701804592876277,0.0,-0.00642608077584406
2025-08-18,-0.0016830749909955852,0.002436066705381197,0.0,-0.002299243277090521,0.002206125443790094,0.0,0.012741526272603387,0.0,-0.002427229818076404
2025-08-19,-0.009571321969735105,-0.003459907489986709,0.0,0.0074611961639628075,-0.0041567173555858644,0.0,-0.010694030954481404,0.0,-0.002248844484193489
2025-08-20,0.0018526263566422357,0.0063121313011071075,0.0,0.005945594276312,-0.004714668728277397,0.0,0.002543427959062594,-0.007765612054468795,-0.00037306213705901037
2025-08-21,-0.005224818990650551,-0.005091413521162589,0.0,0.0029774097323763305,-0.0031983195434339366,0.0,-0.007188164018436027,-0.0036697940079781655,-0.0018668996480181166
2025-08-22,0.01320282488336474,0.013105911469661297,0.0,-0.0007632081929620955,-0.0010714075010534454,0.0,0.04195062306452435,0.0139911369994718,0.00810483097501069
2025-08-25,-0.004125657813790609,-0.008614159246480967,0.0,-0.006432747345448856,0.0016012974334054624,0.0,-0.0018393654614052846,-0.001,-0.0019788866830056095
2025-08-26,0.0035361340359423106,-0.0028724027908965935,0.0,-0.0042459120066732445,-0.00036353671720998907,0.0,0.003276000141528179,0.0,0.002230661745203033
2025-08-27,-0.00029641567384713647,-0.0030252775314552204,0.0,0.0009061295419455454,0.0007214331078627668,0.0,-0.00081634521484375,0.0,0.0012363997505910884
2025-08-28,0.006130291420790845,0.004604966213846935,0.0,-0.0036715009397007494,0.004071143559898106,0.0,0.005106209245810289,0.0,0.0004939885589179127
2025-08-29,-0.0008642340495743194,-0.0019765168109253262,0.0,0.006381059724679882,-0.008738869010471354,0.0,-0.009550851752690992,0.0,-0.001851493257797654
2025-09-02,0.00784919161921804,0.010883216398812788,0.0,0.001362994311034816,-0.0037916150430005757,0.0,-0.015387771320724997,0.0,-0.0010810964271571466
2025-09-03,0.006801728003028183,0.005906018884742944,0.0,-0.002805665633364488,0.004235886682433801,0.0,0.0131276772532527,0.0,0.0027367022441906474
2025-09-04,-0.0002573261912497664,-0.0038618651711326605,0.0,-0.0033415858328328203,0.0017162840270432654,0.0,0.013986020570021962,0.0,0.002729233145715826
2025-09-05,0.009643105972927562,0.007095555377581924,0.0,0.0015143135706761762,-0.0020626981931831647,0.0,0.0,0.0,0.0004949538847844881
2025-09-08,0.008777684958267624,0.008210554228319851,0.0,-0.003582157102858451,0.0027695153804071075,0.0,0.009127804663355388,-0.003289413478839153,0.0
2025-09-09,0.001256734667804185,3.717262861124637e-05,0.0,0.0006293164386930404,-0.0014468445394030022,0.0,0.002814058083385751,0.004818746763799231,-0.006488421493030493
2025-09-10,0.003428477195673169,0.0018067670246921914,0.0,0.0066365346306924665,0.003600374118254183,0.0,0.0014030806911322635,0.017469759709757504,0.004972339306529927
2025-09-11,0.0051910141262513365,0.002342117586596067,0.0,-0.0018566837441144628,-0.0028093610750869564,0.0,0.012810236216504345,-0.001,0.0038239464158522918
2025-09-12,0.0020108172801576547,0.003263657480531135,0.0,-0.005557525335068479,0.004715211168774268,0.0,0.0003952659756285559,0.0,-0.0021160137366175945
2025-09-15,0.008933152398102755,0.0092514001084029,0.0,-0.007848626917613542,0.008900742586861765,0.0,-0.004346057104858692,0.0,0.0051593017841431105
2025-09-16,0.0027152081817811377,0.00039257095279483323,0.0,-9.724030318670958e-05,-0.0013132985576285081,0.0,-0.008531751828519063,0.0,0.0020718830180508465
2025-09-17,-0.002512869948574391,-0.004641508583589143,0.0,0.0009047370801143099,-0.0018446674184457116,0.0,0.018811258830218502,0.0,-0.004354879584567262
2025-09-18,0.0002033711463422436,0.0036066500081263385,0.0,0.0011306828765092025,0.0014593712849188646,0.0,-0.0013749694565708959,0.0,-0.00810996558428465
2025-09-19,0.005503447721027125,0.008307796201358323,0.0,-0.0047451686364104045,0.004820845843847331,0.0,0.0009834625670825936,0.0,0.00247359932734007
2025-09-22,0.010159826079734322,0.010528011487283157,0.0,-0.0032813742284166928,0.0026976937401883474,0.0,-0.00786004550951136,0.0,0.0037207135599554237
2025-09-23,-0.0002447844250032937,-0.002103836294553085,0.0,0.004859444951895987,-0.007185203036965981,0.0,-0.006734009532285201,0.0,0.005973582571249136
2025-09-24,-0.005837568235114575,-0.006265943326050297,0.0,0.001084486957136374,-0.002211735652658182,0.0,0.006580219467932302,0.0,-0.005646264420037378
2025-09-25,-0.0014406658168654887,-0.00032906538496261346,0.0,-0.002159808965745121,0.0024374337010058585,0.0,-0.007527754983382873,0.0,0.0014578161069733198
2025-09-26,0.0029803668150608672,0.004841576191694917,0.0,3.3723323613319995e-07,-0.0005930015428390836,0.0,0.022155701480209178,0.007567009891011557,0.0014359264571044746
2025-09-29,0.010941548139220447,0.009894429531189259,0.0,0.003213179087911448,0.0016623082098502604,0.0,-0.007420372197061598,-0.001,0.011111182208114023
2025-09-30,0.005582456672326248,0.005094169830245954,0.0,0.004089134295792549,-0.008002552737561022,0.0,0.002164013214477123,0.0,0.0011034923017802234
2025-10-01,0.0024510411280781776,0.005286090029827274,0.0,-0.004023153108898529,-0.0053460127364975555,0.0,0.0025520430235557168,0.0,0.0022300928741465385
2025-10-02,0.00021023000597865263,0.004344664946112947,0.0,-0.0003363782574652216,0.0029427638929629394,0.0,-0.007049160221319628,0.0,0.0006736319092531364
2025-10-03,0.003052045374428053,-0.0008477717381114825,0.0,0.0007486496127610283,-0.00409628234374065,0.0,0.004929994173014096,0.004314281340782934,0.0015775398782501115
2025-10-06,0.011668898556109501,0.0053458134490961115,0.0,-0.0024606930630956692,0.00419498586898694,0.0,0.0015698946721343088,0.004948822763278127,0.001432710723654279
2025-10-07,-0.000910074465163579,-0.007126059618445459,0.0,0.0014624995551919357,-0.003231407478950869,0.0,-0.011167705419276586,-0.001,0.005544287244442403
2025-10-08,0.012167512843906355,0.008767561607409359,0.0,-0.005598265736618847,0.005691103535943398,0.0,0.009708695302518278,0.0,0.0062822238006855595
2025-10-09,-0.011963536368593581,-0.005629183448181462,0.0,-0.00036765289903124506,-0.0017605730451484688,0.0,-0.0011773461474027247,0.0,-0.006968485273449187
2025-10-10,-0.014350171523751756,-0.035885187595495756,0.0,0.001850039292821111,-0.009140658261953344,0.0,-0.06345782436354885,0.0,0.014029979660381033
2025-10-13,0.019647588482942988,0.02287520422274652,0.0,0.0018049431137016994,0.007074353341086371,0.0,0.037759662699765384,0.020864659934148943,0.008146683326139957
2025-10-14,0.00017817787449152424,0.0021519510667295893,0.0,0.004866788158379416,-0.0062583244179557785,0.0,-0.022842147568865045,0.0008629115407836612,0.004580662278470593
2025-10-15,0.01467236633513919,0.008229302712229838,0.0,-0.0027986339251738516,-0.0006362283721178044,0.0,-0.0041373761338051596,0.005231062436421868,0.004635570666533306
2025-10-16,0.01352663240854707,-0.01137212065577576,0.0,-0.0055682477876483364,-0.0012938969606238536,0.0,-0.04923138682869177,-0.007548884531369712,0.013060954599601347
2025-10-17,-0.009412409338415296,0.0011742400651708303,0.0,0.002192298572792623,-0.0010258361387552085,0.0,0.04260434222059728,0.006114380985188463,-0.007582329227160406
2025-10-20,0.025201008768280072,0.015174942981085156,0.0,0.0022330271353146088,0.0003195848915142431,0.0,0.038977379773087906,-0.001,0.015235274904905127
2025-10-21,-0.03576009034855569,-0.0019721417561871274,0.0,-0.00017297432158897084,0.0022961260134958033,0.0,0.0028237068269074683,0.0,-0.019299155599246064
2025-10-22,-0.003460900764333459,-0.011586671922695255,0.0,0.0008114054341902172,-0.009443040059705515,0.0,-0.00784391351716307,0.0,0.00046100435423235275
2025-10-23,0.006612249243956958,0.010015888849509795,0.0,0.0010158800116615281,0.0027124063901079057,0.0,0.011352068473697408,0.0076947900080974576,-0.0030473128301056313
2025-10-24,0.003623937353082373,0.01125615336067715,0.0,-0.002020733407676596,0.002862139337676429,0.0,0.007616778367691923,-0.004437182831029288,-0.0008891769728233967
2025-10-27,-0.002407150714850998,0.01199373875762014,0.0,-0.0049204877393522525,0.005652863873710443,0.0,0.013725852803377458,-0.027839530498784404,-0.007540916772256346
2025-10-28,-9.018956577342846e-05,0.003051792118404663,0.0,-0.00483700139887139,0.00855180459713166,0.0,-0.013932478360051403,-0.007166030388359279,-0.0008083408660867705
2025-10-29,0.00201286551538399,0.0050708720519633795,0.0,-0.008324491964296687,0.00930697600329233,0.0,-0.001,-0.0037872684129753864,-0.007894855026595782
2025-10-30,-0.001972832196757112,-0.0130266075879143,0.0,0.005325244847507578,-0.008540005050981332,0.0,0.0,0.01964188672951095,0.003092761438608321
2025-10-31,-0.0011556858744457995,0.001424098121972339,0.0,-0.001203098946880369,0.005370922121167446,0.0,0.0,-0.005430550723012573,-0.003838701845116493
2025-11-03,0.004182172028486706,0.005400165982351321,0.0,-0.0036975069554160476,0.004107158245357904,0.0,0.0,0.0017929035935666526,-0.000998060621671959
2025-11-04,-0.018776911774812513,-0.020066844009539665,0.0,0.008309507912469491,-0.010740227296702374,0.0,0.0,0.0031772505545788494,-0.004682407185673986
2025-11-05,0.00894373170814277,0.009460918921187719,0.0,-0.0014311624905161788,0.002545251688283546,0.0,0.0,0.006169440348256122,-0.0030349780555352654
2025-11-06,-0.009146234895419032,-0.014569926491960178,0.0,0.001981879118916431,-0.006999571305819045,0.0,0.0,-0.02152135948182266,0.005425240409560583
2025-11-07,0.00027285801440763503,-0.003108398572680316,0.0,0.006622052738760383,-0.008215122184789288,0.0,0.0,-0.00418546250648273,0.0007656225137556538
2025-11-10,0.022790636534232217,0.020009487890554987,0.0,-0.0014465765207824178,0.008490927944977947,0.0,0.0,0.02385379194970428,0.009424295046130626
2025-11-11,0.0036899993946952593,-0.0006911546992467923,0.0,-0.0005291100834215168,-0.007713602748531797,0.0,0.0,-0.009473122619200136,0.00435425434831771
2025-11-12,0.008206732108746074,0.006266184070658807,0.0,-0.007551325326151567,0.0017251140851270736,0.0,-0.004968268985800716,-0.001,0.006794844266845046
2025-11-13,-0.010038739545403724,-0.00998521952208348,0.0,-0.007195656020790127,-0.0036082653531907195,0.0,-0.031474139582506444,0.0,-0.008166464208826118
2025-11-14,-0.007781293205554287,-0.00862667538549819,0.0,0.000839521697954351,0.0010847544098620183,0.0,0.0043192699256149325,0.0,-0.010025529870380589
2025-11-17,-0.012194253953860115,-0.011679149816516686,0.0,6.349409601170985e-05,-0.0007127945502955693,0.0,-0.02621344554568683,0.0,-0.002403418025892784
2025-11-18,-0.0034131072143523287,0.0007967498629699332,0.0,-0.008411185370932746,-0.0055015488972086175,0.0,-0.017244999116321935,-0.00896646729513768,0.0023238806866157087
2025-11-19,-0.0014405631915643787,-0.0011353565066565781,0.0,0.0037544094178059,0.002567252099998887,0.0,0.013909726776081266,0.004298117196426331,-0.0007433794906728908
2025-11-20,-0.008601478040308372,-0.00756718780982569,0.0,-0.003780041182104309,-0.010915725595162814,0.0,-0.03714651955579795,-0.02083566411642194,0.002456949330992175
2025-11-21,0.004340019943818406,-0.0009042752626338106,0.0,7.719499990955238e-05,-0.0019168377282813313,0.0,0.026961849430835017,0.00964081883579704,0.0014252397453468294
2025-11-24,0.00915916751078162,0.01601613632569066,0.0,0.0011486826414022092,0.00820518074840222,0.0,-0.001,0.018996090907952772,0.009249498432560599
2025-11-25,0.004966442922824498,0.0006421437716488672,0.0,-0.0035964476775993733,-0.0009740301926941756,0.0,0.0,-0.001,0.0015503829151048366
2025-11-26,0.008804160986029198,0.007380012983896203,0.0,0.0036989458329148013,-0.0035061337740210047,0.0,0.0,0.006561158770524656,0.005680644466900775
2025-11-28,0.006018174215346052,0.009201929319742008,0.0,0.005248575779892604,-0.0011565721170982424,0.0,0.0,-0.001,0.0012647900146685815
2025-12-01,-9.371867884893931e-05,-0.003597722459590128,0.0,0.0021005532395837203,-0.0010928735828418764,0.0,0.0,0.0,-0.0064043278917260815
2025-12-02,-0.001225803612971757,-0.004232562367481174,0.0,0.005262591875286995,0.005389369786867615,0.0,0.0,0.0,-0.0019611131190308546
2025-12-03,0.0016686448601522942,-0.0011078792494079097,0.0,0.0004777489057025147,-0.0005057516655179528,0.0,0.0,0.0,0.0015044345550999595
2025-12-04,0.0010913852722236389,0.0035522049279382295,0.0,0.0036920896104493486,0.0023604691304484945,0.0,0.0,0.0,-0.0032770715166292484
2025-12-05,0.0014241907892569223,-0.0029640110481715404,0.0,-0.0006124330487223309,0.001025519374645445,0.0,0.0,0.0,-0.0036324499175818094
2025-12-08,-0.0026862098836587705,-0.0013706546419782312,0.0,-0.0045240802231002394,0.003367254664775122,0.0,0.0,0.0,-0.004476684968402809
2025-12-09,0.0010496105290255212,0.0037675066967426834,0.0,-0.0014769431270706885,-0.0008040779180702013,0.0,0.0,0.0,-0.0011174501130021275
2025-12-10,0.008357478419585623,0.008306813106596056,0.0,-0.00028236149842599217,0.0005287964399005194,0.0,0.019320455438179507,0.0,0.00335571187274164
2025-12-11,0.004715461677335204,0.011158147053569534,0.0,0.0025123378139799792,-0.005320176887856376,0.0,0.0061279143497483535,0.0,-0.00012388430271592643
2025-12-12,-0.0026759417387942617,-0.004735442517354253,0.0,-0.0016585621715905787,-0.008006838741427595,0.0,0.0015226116285387281,0.0,-0.0018583010344991324
2025-12-15,0.001683149596023184,-0.0033543151893055075,0.0,0.0023587818392690886,-0.0016002672867627484,0.0,0.0,0.0,0.0004965212937855235
2025-12-16,-0.00320273455961676,-0.0021179573200241675,0.0,0.0019798480135951764,-3.3243845356971077e-05,0.0,0.0009501945662384603,0.0008934605319197055,0.0006202465989504358
2025-12-17,-0.001281928455730098,-0.00030650654787591164,0.0,0.0025189569842187995,-0.011306901610111211,0.0,-0.00550592578150233,-0.0027723353493075906,-0.0012398212074863357
2025-12-18,0.004374628435997581,0.0014398890021275388,0.0,0.0036350009466314384,0.010621872382917417,0.0,0.013745654664450546,0.013103127121470326,0.0027309149472627414
2025-12-19,0.005218900895267909,0.004293143457271582,0.0,-0.0003728405788653586,0.005345266073653612,0.0,0.01902075640779355,0.008535764062498417,-0.00048506646746449
2025-12-22,0.011424892681437574,0.01786725399913369,0.0,-0.003619530158007622,5.747739096091759e-05,0.0,0.01626318717776698,0.009101464418859999,0.0008710447074300465
2025-12-23,0.00875252555231519,0.005594366025904216,0.0,-0.0015120007681064466,0.00018169857501109039,0.0,-0.0012730225019960129,-0.001,0.0007459461614398588
2025-12-24,-0.0006647847078439756,-0.0015170754631353685,0.0,0.0010494416994984278,-0.00021571474895228527,0.0,0.00018212193306532676,0.0,0.0018636203876627455
2025-12-26,0.006788123948588534,0.005286503914650109,0.0,-0.00016876317567374296,0.00039348643739001545,0.0,0.0012743436088715754,0.0,-0.0004959702298188429
2025-12-29,-0.018653333695036724,-0.030673114170337676,0.0,0.005084588810642656,-0.006158732043058296,0.0,0.006727253306995751,0.0,0.0003720415551009548
2025-12-30,0.0018996073697256281,-0.0026342275350095903,0.0,0.0015909619602769575,-0.0017748338437070523,0.0,0.0057792974715038525,0.0,0.0009924496798958682
2025-12-31,-0.004715782086433162,-0.005851720894081535,0.0,-0.0005483903682187775,-0.0006979017875209399,0.0,-0.005566485297865964,-0.00804849391889359,-0.0009914657000792415
2026-01-02,0.013511285650499402,0.01531867100399956,0.0,0.0012807405006876203,-0.0006920872264099807,0.0,0.00794508158582019,0.007026314746286032,0.0004961283169291342
2026-01-05,0.01630756122199928,0.019178169046192062,0.0,-0.0062794565327039635,0.0001001389803007594,0.0,-0.002328933515334475,0.025494908031297076,0.002603285577166936
2026-01-06,0.006347810944427114,0.009130503822646267,0.0,-0.0045814310351978875,0.0006647311932119764,0.0,0.007003110324349304,-0.001,0.00024729736218387366
2026-01-07,-0.006794756891732083,-0.00865731870499178,0.0,0.00045278586484437324,0.006409195518439085,0.0,-0.00962911729486271,0.0,-0.0002472362213185031
2026-01-08,0.0019773014569716514,0.0031017674639272088,0.0,0.0024565013693019886,-0.012608696977191622,0.0,0.006121716726382731,0.0,0.0007417958618971543
2026-01-09,0.007104582157371699,0.006083476626605714,0.0,-0.001036532750670517,-0.0028737183788508165,0.0,0.008768751868351687,0.0,0.0007414383153321324
2026-01-12,0.012674320569058128,0.01646717432105288,0.0,-0.0016321275317505767,-0.0006768503358020907,0.0,-0.0005321763325403239,0.0,0.0004937658577484072
2026-01-13,-0.004951211394744106,-0.004467118893287122,0.0,-0.0012198435960776464,-0.005130227410390932,0.0,-0.014199489437236035,0.0,0.0
2026-01-14,0.006128436217720758,0.007906849113175303,0.0,-0.002168195399570574,-0.005656866831509023,0.0,-0.012423522326830638,-0.002475179142279237,0.0
2026-01-15,-1.9733640428960242e-05,-5.0623244619308336e-05,0.0,-0.001034980406209645,-0.004053253305894332,0.0,0.014585288496138604,0.004062735904534875,0.0
2026-01-16,-0.0017744784240678975,-0.005296741861982594,0.0,-0.002463494053175605,-0.003357591896610805,0.0,-0.0014375890181689277,0.0012874580946706793,0.0006169267253541832
2026-01-20,0.002855891286367378,0.01565325270716368,0.0,-0.002049318433514997,0.002393500966504734,0.0,-0.05884470893866567,-0.022777287298648696,-0.0025897058640046433
2026-01-21,0.013779058751284358,0.016629932630626402,0.0,-0.0022713689040878165,0.008174144945539315,0.0,0.050860418474484304,0.008719471066006068,0.0029673758968979946
2026-01-22,0.010139350572193288,0.014014699814711538,0.0,0.004205765035442708,0.0011596962024078123,0.0,0.011098992367412519,-0.001,0.000739697127125627
2026-01-23,0.008922679534151273,0.0030028476989238397,0.0,-0.0034847275811242025,0.0002853908561999979,0.0,-0.009537498330168925,0.0,-0.000492862788859405
2026-01-26,0.007740930502663236,0.008705675819328917,0.0,0.002855422425174242,-0.0008435617370297549,0.0,0.000363380403906044,0.0054066221438230375,0.0004931058223702767
2026-01-27,0.020616247438927034,0.02266617815575848,0.0,-0.002103143512467983,-0.0030874432645791113,0.0,-0.008354574785627622,-0.001,-0.00012328759900281927
2026-01-28,0.01474270004212421,0.026028973658222494,0.0,-0.0016026534078865079,0.0047341528996657604,0.0,-0.0023809021437900535,0.0,-0.0016014981961451902
2026-01-29,0.0011622012747215216,-0.00033100554805783354,0.0,0.005568646929801934,-0.004817243352753997,0.0,-0.004589682291121,0.0,-0.00012350058667576214
2026-01-30,-0.0529143784423263,-0.07264186954427272,0.0,-0.00014559656746275973,0.0006265729166139442,0.0,-0.0022132560656640266,-0.015124672191432764,0.0011107781497980973
2026-02-02,-0.009276428540381952,-0.018413128999082963,0.0,0.005073288372686488,0.0001464066277805153,0.0,0.0231053610953047,-0.04204945911975222,0.0006070121560732833
2026-02-03,0.019787461870407565,0.02944811255822632,0.0,-0.011840332411831734,0.00947271345118925,0.0,-0.021318885956744693,0.06358720612372104,-0.0006189167815330299
2026-02-04,-0.004081256354250698,-0.0077566960050250225,0.0,-0.009130084836829049,0.00615974314826811,0.0,-0.008676341552385392,-0.018242431572414956,-0.0012389839180577678
2026-02-05,-0.014282192767051819,-0.015135791747613838,0.0,-0.002920875537684923,-0.0029454054044271015,0.0,-0.030353836963819214,-0.019418467574966618,-0.0011162190567410857
2026-02-06,0.026228685562822814,0.028301122618379432,0.0,0.0017357509234699872,0.0023290666510822075,0.0,0.034568835175919244,0.031169585652943,0.003476743764474932
2026-02-09,0.014454024736813667,0.015673834662839583,0.0,0.0020295456956693396,0.0010652690053242287,0.0,0.016150042023986177,-0.0009999999999999998,0.0013612305739056918
2026-02-10,-0.001501515742420903,-0.003862576030511912,0.0,0.0020426621018839537,-0.002697942200110974,0.0,-0.001,0.0,-0.000988527000022943
2026-02-11,0.011364960245025675,0.013728860715360402,0.0,-0.007790954370712794,0.0095106555339789,0.0,0.0,0.0,-0.00012358037049398085
2026-02-12,-0.016409100319602143,-0.022364184951180942,0.0,-0.0016324960627023303,-0.005943292440587959,0.0,0.0,-0.0209090206524718,-0.0004949574414206959
2026-02-13,0.008458665853573211,0.013941205786889893,0.0,-0.003633479415104559,0.0037777045562772454,0.0,0.0,-0.001,0.0007426121023630383
2026-02-17,-0.010181538040312136,-0.016815445757634825,0.0,0.004656729645828722,-0.005258208178266159,0.0,0.0,0.0,-0.0004948350750901831
2026-02-18,0.008181585063372621,0.012864924061816229,0.0,0.005301495673189821,0.0024979149713688065,0.0,0.0,0.012007713493378591,0.003412381953112881
2026-02-19,-0.0011613750976554667,-5.728612878160874e-05,0.0,-0.004445891942617947,0.0005899512105824285,0.0,0.0,-0.001,0.001631007112276228
2026-02-20,0.01629856165821082,0.020561245779473027,0.0,0.004881387100999824,-0.007405272390289383,0.0,0.0,0.0,0.005376989596445097
2026-02-23,0.0015235269580090682,0.005864080769904901,0.0,-0.010524327567764337,0.002079260240305548,0.0,-0.023285180135477535,0.0,0.011854380777507766
2026-02-24,0.002193674086860687,0.00150900588968859,0.0,0.002990672687491298,-0.0023239515682305736,0.0,0.019123002801153532,0.0,-0.0027420690117477813
2026-02-25,0.006832872142048446,0.004727991409476823,0.0,0.008060050356120394,-0.007514642336298989,0.0,0.019711920936564598,0.0,-0.0028052053664649615
2026-02-26,-0.0017902631736476293,-0.0014967487108271628,0.0,0.0021395296589334653,-0.0036152536250498558,0.0,-0.007992570841517277,0.0,0.0056041059193578935
2026-02-27,0.0020551756065589817,0.004831975056930792,0.0,-0.011675841059902482,0.004825906362384254,0.0,-0.02042346213982582,0.0,0.008556368127623648
2026-03-02,-0.009853597608819955,-0.003409347138881253,0.0,-0.0013649782744431104,0.0006023733363479025,0.0,-0.007459820175108378,0.0,-0.002005411801601754
2026-03-03,-0.04198533378951413,-0.047441457171098274,0.0,0.001189755910658923,-0.002178617651978545,0.0,-0.020235098273483687,0.0,-0.0169198989357052
2026-03-04,0.010389897088080297,0.007290896889656635,0.0,0.006484582642483825,-0.006828509531420503,0.0,0.018686088908107523,0.011422425394714563,0.00070120834901845
2026-03-05,-0.019419791677507837,-0.018614208843467685,0.0,0.001799610820352368,-0.0019256720911127625,0.0,-0.001,-0.01966740676232832,-0.006830995882889557
2026-03-06,-0.0029973129007735046,0.025655092775247718,0.0,-0.004576048723181306,0.0030371998084008606,0.0,0.0,-0.01055214076417166,-0.0068701128413787265
2026-03-09,0.0010678804010588148,-0.008123646435381335,0.0,0.0012359736682535391,0.0004730624372282298,0.0,0.05009482953758149,0.012699051809105842,0.006023289524162534
2026-03-10,0.010216174456769252,0.014283703927819748,0.0,0.0011597170111636065,-0.003157054284347074,0.0,-0.001,0.0017246158356341546,-0.004972454614429455
2026-03-11,0.004636428931266158,0.0088039333563069,0.0,-0.002758312500736154,0.007744263471422067,0.0,0.0,-0.00343963867327546,-0.009580233654584453
2026-03-12,-0.011298064735516165,0.005815429839738309,0.0,-0.013838483974238567,0.0091373468251393,0.0,-0.03583608175240316,-0.013155567274487582,-0.008386146009085714
2026-03-13,-0.0073966323370011,-0.008402515926146254,0.0,-0.004245382691608475,0.0016237940862712833,0.0,-0.008917158865219044,-0.005280582304784833,-0.001890464551191684
2026-03-16,0.003720957317016305,-0.008836797686936538,0.0,0.0018334084105637984,-0.0026825242530071985,0.0,0.03963150090031098,0.009969007359556482,0.0031565797854731237
2026-03-17,0.006061147998364205,0.008253096757088192,0.0,-0.000982809787366108,-9.003872514222351e-05,0.0,0.003915154464980253,5.09235853091677e-05,0.00453111368611081
2026-03-18,-0.01214268149596613,-0.0017622434278647566,0.0,-0.0044981685101398395,0.005175206646665812,0.0,-0.039819425139543396,-0.03320855380992954,-0.005137069469884348
2026-03-19,-0.01916438056221497,-0.024114214155964687,0.0,-0.003814865101240517,0.0053594846041609325,0.0,0.013894859829850503,-0.015231580356879229,0.003274612320280035
2026-03-20,-0.019463888853297726,-0.007406559830650278,0.0,0.006805783733638736,-0.0018751420483508262,0.0,-0.001,-0.031811120845322415,-0.00928957841897704
2026-03-23,-0.014694159930220357,-0.0360201201865459,0.0,-0.0004043168733849908,-0.002798717572713115,0.0,0.022585892001832142,0.000748555291423813,0.00658896038850787
2026-03-24,0.0007995352819479035,0.012717084691690196,0.0025280474300101515,-0.00863711047818728,0.010277674347928941,0.002353176427543003,-0.001,-0.0020442248609748065,-0.0033987871078722254
2026-03-25,0.01357939606923046,0.005524291477707222,0.016405633441778835,0.005700254479831116,-0.002273656690090963,-0.003276514410100579,0.0,0.021643457677232705,0.003157775672161467
2026-03-26,-0.020529405305477484,-0.004156127321736354,-0.02073393353861986,-0.009642513790755092,0.010044260140658155,0.015758762167920017,0.0,-0.03866229337976961,-0.006295671027512162
2026-03-27,0.017958950927831983,0.026057063722463962,0.004956868508789449,-0.016802642037534177,0.015941864984221312,0.01474872114492708,0.0,0.01390307754748841,-0.002534223045610351
2026-03-30,-0.0003860441438064123,0.003881609772227446,0.0023907874766278423,0.002545153029514762,-0.005634111558086714,0.006428244849381248,0.0,-0.001,0.0011433564811051955
2026-03-31,0.018053980084516853,0.001999305559331549,0.019097769853478868,0.017486287368284233,-0.017789160655277934,-0.025743522715628728,0.0,0.03626029069456338,0.009516502530083848
2026-04-01,0.0045589072048286714,-0.001661784025954917,0.01128574156525459,0.010654536117050983,-0.012796608874461239,-0.008225613857184922,0.0,-0.001,0.0024502937911554667
2026-04-02,-0.0025002474381184353,0.009947448024848449,-0.009575839625245434,-0.009793972980184052,0.0035223218319028007,0.0009216244587615718,-0.0010957836742773726,0.0037481562404745325,0.002393768028388532
2026-04-06,0.003508445564710362,0.002637516050818498,-0.003929994929976329,-0.0005486810050224993,-0.002075447502642075,-0.004760232945785004,-0.012227851546038948,0.007257389116890778,0.001759733650262163
2026-04-07,0.0027203516262937428,-0.00038462359550656014,-0.0047168643282732734,-0.0037493698040610085,0.0031536363662083805,-1.731237525524065e-05,0.017578745919696548,0.008042887730928872,0.0002509626650695207
2026-04-08,0.009654112207901059,-0.01888203313979802,0.007222190138006781,0.014319570379146,-0.018783830642332498,-0.022057289069365233,-0.04946840403253827,-0.035073148532302145,0.005895661898033033
2026-04-09,0.0024405758697097664,0.005913376757631756,0.006883552560812568,0.003250282431920691,-0.008419536491874798,-0.005747918556326299,-0.01819076699482941,-0.012403056252689781,0.0011222398890575747
2026-04-10,0.0002505387530091231,-0.005764913898522508,-0.0009999999999999998,-0.006260374718042434,0.0006924799532232518,-0.001,-0.0005,-0.0068027767641626324,-0.003986010558858277
2026-04-13,0.00782973626896953,0.010756760763943916,0.0,-0.0011110009702981246,-0.0054056696733659915,0.0,0.0,0.002985633785435926,0.0037519117082147613
2026-04-14,0.010988547473444289,0.002838438357125599,0.0,-0.0021969285756981895,-0.012082023751416614,0.0,0.0,-0.020311676326647654,0.0029902526535590113
2026-04-15,-0.002373586208891105,0.00016509174143446842,0.0,-0.008256112707858672,-0.009453838018613799,0.0,0.0,-0.0033959327759670588,-0.0004969372526210103
2026-04-16,0.002107050729121546,0.006374423624888474,0.0,-0.006404174885555088,0.0019966968708773126,0.0,0.0,0.01470594573538242,-0.0013671615665080683
2026-04-17,0.01878948597633393,-0.012568650751715892,0.0,0.0005005949721103332,-0.00751215260125753,0.0,0.0,-0.001,0.0037337964801251733
2026-04-20,-0.0021766195782554074,0.005772280714676197,0.0,-0.004113124075201552,0.002928771423164233,0.0,0.0,-9.125342339955014e-05,-0.0008680227017225928
2026-04-21,-0.010014271329786887,0.0075627016709754755,0.0,-0.000585520034857167,0.004478398181960702,0.0,0.0,0.014526951906552066,-0.0026060449277919284
2026-04-22,0.013808475905745406,0.01253225569057832,0.0,-0.005058609059897462,0.0032750913453056265,0.0,0.0,0.011245809401008168,0.001617467503932657
2026-04-23,-0.007833186677938206,0.0040604752342387656,0.0,0.010019361260384094,0.0029140814215937155,0.0,0.0,-0.001,-0.0016148555275933285
2026-04-24,0.014752806115529522,0.0053881714935903125,0.0,-0.0193303337095829,0.0009699838273697076,0.0,0.0,0.004127114447075254,0.0013686924135047907
2026-04-27,0.0003477429087411737,0.004677979861419886,0.0,-0.0036270021359405477,-0.0021475940721435967,0.0,0.0,-0.006553667230021397,0.00037270023656121865
2026-04-28,-0.0056517078387988496,0.002543962398442339,0.0,0.010390783503574695,0.00236468094055159,0.0,0.0,-0.009483210423348959,-0.0013663124301089846
2026-04-29,0.004084487973383901,0.016143050152150805,0.0,-0.004796965511156947,0.004868300763177529,0.0,0.0,-0.001,-0.0033582123721866974
2026-04-30,0.013913821053926124,0.00541860774234966,0.0,0.00916305175853004,-1.0851193825622797e-05,0.0,0.0,0.01828539660755972,0.0031199120295259952
2026-05-01,-0.0010192512996225732,-0.006344184277089331,0.0,-0.006580671516718805,-0.0055237761864047755,0.0,0.0,-0.001,0.001238091385189266
